,MACD,PPO,RSI,STOCH,Lag_1,Lag_2,Lag_3,Lag_4,SMA,ADX,SAR,ATR,OBV,Target_Return
2010-08-01,0.35065134117047814,0.5385101308329325,0.4488807864711505,0.3803033759124081,0.5041276347907305,0.6183022380176973,0.545144362976769,0.3313502573981254,0.24674926119572632,0.5732236989956837,0.23428267173184356,0.19573774885561174,0.0821396336406744,-0.09472555540883693
2010-08-08,0.3390878492010107,0.5212262501317705,0.34707911869595676,0.0022239963503645206,0.37572214322898,0.5041276347907305,0.6183022380176973,0.545144362976769,0.2440327347124347,0.5383050974027492,0.233418247347486,0.19801358099143346,0.07892325873848723,0.013352883448293792
2010-08-15,0.3309440959070064,0.5089524071497756,0.3623441941297173,0.05337591240875877,0.5396173789491221,0.37572214322898,0.5041276347907305,0.6183022380176973,0.24100932030006827,0.5058806816378815,0.23257111145081563,0.18798936503540925,0.08200163735774228,-0.06800472911405742
2010-08-22,0.3186049368537399,0.4901844913713625,0.3012148445742402,0.10066052397868544,0.4162428629074815,0.5396173789491221,0.37572214322898,0.5041276347907305,0.23803137076608322,0.4671088088517992,0.23174091827207866,0.1909241965379846,0.07590326316201115,0.01774289433316918
2010-08-29,0.31039203643071395,0.47751157941414896,0.3219929994000018,0.14774367229129629,0.5462745982465044,0.4162428629074815,0.5396173789491221,0.37572214322898,0.234041827688111,0.43110635555043697,0.22943441003281564,0.1826728857409336,0.07959731750511721,-0.01589275504500752
2010-09-05,0.302708384701774,0.46548413459496774,0.30766180606877414,0.10553119449378331,0.49526791512144913,0.5462745982465044,0.4162428629074815,0.5396173789491221,0.2306660604682883,0.39831463172341053,0.2272201621231231,0.1700504154455036,0.07794136210993174,-0.11064590394430839
2010-09-12,0.2882034516193569,0.4422963893319505,0.22405049683052985,0.0,0.3515797767814306,0.49526791512144913,0.5462745982465044,0.4162428629074815,0.2256990225051148,0.38676928501483665,0.2250944841298183,0.1732111666942522,0.07250643158214351,0.02581665119445546
2010-09-19,0.27909789398115986,0.4272566364781166,0.25393445674821624,0.11536711165048541,0.5585180234654497,0.3515797767814306,0.49526791512144913,0.5462745982465044,0.2200272789270289,0.3810945106665333,0.22132959720493423,0.16875811342492156,0.07662508987273303,0.04971592759128245
2010-09-26,0.27625897300407753,0.42225457107729913,0.3117144708894668,0.21171766643550619,0.5947600119695272,0.5585180234654497,0.3515797767814306,0.49526791512144913,0.21624232780177316,0.36528552584462937,0.21613719590898642,0.16209009427880364,0.07947524387021572,0.020840665871851703
2010-10-03,0.2761752846340302,0.4217692592850318,0.336050084046699,0.26190902578796554,0.5509722049283575,0.5947600119695272,0.5585180234654497,0.3515797767814306,0.21072971129802232,0.32951058779365705,0.21136018671671442,0.17151878239480167,0.14795324550060995,0.06062462181643484
2010-10-10,0.28165866881821977,0.4305922964712192,0.40575692259909646,0.49857954545454536,0.6113024697468246,0.5509722049283575,0.5947600119695272,0.5585180234654497,0.2075358035917254,0.29629100246061135,0.20696533825982422,0.16908639455102203,0.1576554457006069,-0.011834457647002796
2010-10-17,0.28533831593202463,0.43646692266107806,0.39281364779825845,0.4653409090909091,0.5014221084619698,0.6113024697468246,0.5509722049283575,0.5947600119695272,0.20674016822005004,0.27278817432215974,0.20292207767948522,0.170943940500339,0.14500224806559994,-0.005371543801910877
2010-10-24,0.2881222792961596,0.4408933084326615,0.3867233962911034,0.45038352272727283,0.5112227754523629,0.5014221084619698,0.6113024697468246,0.5509722049283575,0.2055012502841555,0.24929700736233626,0.19920227794557333,0.16232555339569726,0.14157357118967104,-0.012646961700767421
2010-10-31,0.2895624785652685,0.44311704686935016,0.371917714634044,0.4154829545454544,0.5001899890418202,0.5112227754523629,0.5014221084619698,0.6113024697468246,0.20265969538531486,0.230718671522992,0.1957800621903744,0.1527396146760142,0.13877118513628023,0.030441025501235553
2010-11-07,0.2935952076156351,0.4496700033446058,0.4126038920457128,0.561495535714286,0.5655306424955022,0.5001899890418202,0.5112227754523629,0.5014221084619698,0.20061377585814966,0.20601359582698722,0.1564245810055866,0.15291511651016057,0.14499163296691284,0.0023487973217553287
2010-11-14,0.29722285560831674,0.45557169242570306,0.41582758538755316,0.7434374999999999,0.5229302643991253,0.5655306424955022,0.5001899890418202,0.5112227754523629,0.20054557854057747,0.18307316839498292,0.15716201117318437,0.1415738541230155,0.14803816629010663,-0.002348797321755378
2010-11-21,0.3000849306912368,0.4602229508940542,0.41239012811001197,0.8140024038461543,0.5158066106014088,0.5229302643991253,0.5655306424955022,0.5001899890418202,0.2001704932939305,0.1688823275670169,0.15788469273743017,0.1345256134330583,0.1392594796758862,0.03636764417087479
2010-11-28,0.3057220425137759,0.4694393605614176,0.4662665635928198,0.8338815789473687,0.5745180462196432,0.5158066106014088,0.5229302643991253,0.5655306424955022,0.20180722891566272,0.15297236905770292,0.15859292067039107,0.13283581396809865,0.14560730869076385,-0.09072885338976228
2010-12-05,0.3024838410223975,0.4640873951782571,0.3416940762304762,0.483376409774436,0.3817829304354394,0.5745180462196432,0.5158066106014088,0.5229302643991253,0.2013753125710389,0.1387801420929908,0.1602894273072626,0.13696605696312128,0.12245577845422848,-0.0131210879626971
2010-12-12,0.29904215544201623,0.4583394205819371,0.32686779603347116,0.43526785714285726,0.49947100164450225,0.3817829304354394,0.5745180462196432,0.5158066106014088,0.20100022732439193,0.12950999661668708,0.16191807367865924,0.13277998575203878,0.10784409511145407,-0.02483413203773838
2010-12-19,0.29456482925974936,0.4507819470964294,0.2993403290500408,0.3459234022556391,0.4817087898659163,0.49947100164450225,0.3817829304354394,0.5745180462196432,0.2021141168447375,0.12494322259952798,0.1634815741952,0.1258321616191699,0.09929894066834953,0.031103745051333856
2010-12-26,0.2938025983271263,0.44938836034632246,0.34679522129229634,0.32348315746753253,0.56653562163869,0.4817087898659163,0.49947100164450225,0.3817829304354394,0.203353034780632,0.12070264672645167,0.16498253469107918,0.11938061063864877,0.10737172321987873,0.009331327428884222
2011-01-02,0.2942305817286646,0.44999465874214917,0.3612013719314393,0.34967491610738227,0.5335189019658065,0.56653562163869,0.4817087898659163,0.49947100164450225,0.2038986133212094,0.10292128172549217,0.16642345676712317,0.11771716329161264,0.14695011867468027,-0.006211200092640524
2011-01-09,0.2943147513317699,0.4500236328882069,0.3527192501677642,0.1990297379032262,0.5099494811010729,0.5335189019658065,0.56653562163869,0.4817087898659163,0.20395544441918617,0.08641001422460123,0.16780674196012538,0.1115286249099853,0.13876057003759315,-0.003120127336243634
2011-01-16,0.2943828800725564,0.45002592678761794,0.34824885601778943,0.18060105846774208,0.5146369294339219,0.5099494811010729,0.5335189019658065,0.56653562163869,0.20281882245964994,0.07536390656063918,0.16913469574540752,0.1113759241027917,0.10493555807119241,0.000624804768842178
2011-01-23,0.29474281053490553,0.4505261309860744,0.3494187390941277,0.18428679435483944,0.5203159208831815,0.5146369294339219,0.5099494811010729,0.5335189019658065,0.20192089111161632,0.06510680658696014,0.17040953137927836,0.10817337248781961,0.11880949205521431,-0.03108401225355073
2011-01-30,0.2927843776026785,0.4470611506664153,0.30288965929264533,0.04235038610038584,0.4722311771059164,0.5203159208831815,0.5146369294339219,0.5099494811010729,0.20056831097976813,0.056503991384020874,0.17163337358779437,0.10836587594751984,0.10533893182130169,-0.006464146619889238
2011-02-06,0.2910153287576885,0.44387862239611287,0.2936166088581429,0.12839673913043478,0.5095659010721013,0.4722311771059164,0.5203159208831815,0.5146369294339219,0.19934075926346906,0.05535982239153264,0.20100558659217876,0.1085446291600986,0.09985092580007802,-0.006506203822738167
2011-02-13,0.28941481785962164,0.4409466986513668,0.2839723723945643,0.09782608695652185,0.5095021235485958,0.5095659010721013,0.4722311771059164,0.5203159208831815,0.1974198681518527,0.05429737975565074,0.20033743016759775,0.10258909826947998,0.09545096739428073,-0.0013063359140554128
2011-02-20,0.28837145279485515,0.43894902211799847,0.2819398288463716,0.09171195652173937,0.5173874481852121,0.5095021235485958,0.5095659010721013,0.4722311771059164,0.19543077972266432,0.053310825879474694,0.1996826368715084,0.0938926610545884,0.09090239760686421,0.04473589384139152
2011-02-27,0.2914382371342102,0.444126001419922,0.38229997732860965,0.5358952702702703,0.5872080542065956,0.5173874481852121,0.5095021235485958,0.5095659010721013,0.19428279154353267,0.08210379514194771,0.1990409394413408,0.10692607384573213,0.10658089836769079,-0.13926206733350766
2011-03-06,0.2835518553871583,0.43005972232599066,0.20120905659387706,0.15657552083333331,0.3081848786530563,0.5872080542065956,0.5173874481852121,0.5095021235485958,0.19005455785405775,0.10884012374281551,0.19696980465698327,0.12303917700502445,0.10276477038968324,-0.16522712343465445
2011-03-13,0.26697037605885354,0.39973287307590366,0.09336883414261193,0.010838685770751075,0.2688102444967507,0.3081848786530563,0.5872080542065956,0.5173874481852121,0.1851557172084565,0.15003881271921124,0.19498151526400004,0.13536275973446016,0.0925477379033626,0.09684982598991762
2011-03-20,0.26065019227156283,0.3873171427094479,0.21911643523954605,0.22761240118577064,0.6662360757445164,0.2688102444967507,0.3081848786530563,0.5872080542065956,0.18185951352580135,0.188294738197293,0.19115301540961255,0.1441675020647433,0.09889025936889671,0.00918842605440617
2011-03-27,0.2569488865306627,0.3794707613802232,0.23077418289172358,0.24928977272727246,0.5333021995901757,0.6662360757445164,0.2688102444967507,0.3081848786530563,0.17914298704250967,0.22381809756979756,0.1875542255464883,0.14294997344450816,0.10563084703519657,0.0627743897529276
2011-04-03,0.2590541950011941,0.38256117387003663,0.31029300867992826,0.402837821146245,0.6145624791105871,0.5333021995901757,0.6662360757445164,0.2688102444967507,0.17683564446465108,0.23349598980201294,0.18417136307515153,0.14044734721953803,0.10866676525970327,0.03723647615765832
2011-04-10,0.26405740899962493,0.39128893171374596,0.35583407818475166,0.4985795454545453,0.5758355839707512,0.6145624791105871,0.5333021995901757,0.6662360757445164,0.17496021823141625,0.23309390601451976,0.18099147235209495,0.13569598227992263,0.11296588022797326,-0.08563301701950837
2011-04-17,0.26252653377183305,0.38757618426978335,0.2801720322321727,0.28361227766798414,0.3895104967467744,0.5758355839707512,0.6145624791105871,0.5333021995901757,0.1718458740622869,0.23952608186357308,0.17800237507242175,0.13761660332605694,0.10467018060401524,-0.015903402199914412
2011-04-24,0.2608778509022451,0.38353896608205906,0.2678827550332208,0.2506300403225805,0.4952517692742139,0.3895104967467744,0.5758355839707512,0.6145624791105871,0.16854967037963178,0.25229965627916595,0.17519262362952898,0.13211754396246644,0.09982438805336032,0.015151805020602246
2011-05-01,0.26124081959535556,0.38337570150763955,0.2867867096383141,0.30599517167381984,0.54234534835961,0.4952517692742139,0.3895104967467744,0.5758355839707512,0.16546942486928848,0.26526696185740495,0.17255145727320975,0.12848888186776616,0.10272761754427844,0.12028616587450203
2011-05-08,0.270804375793306,0.40136861921370504,0.4261446428121637,0.6994938380281688,0.7017760455147949,0.54234534835961,0.4952517692742139,0.3895104967467744,0.16487838145032965,0.244647175395973,0.1700687608982697,0.13525157436393084,0.10921344284208821,-0.1232982163444936
2011-05-15,0.26997236040685035,0.3991253719931958,0.31666511491601823,0.3796106557377047,0.33239321427034174,0.7017760455147949,0.54234534835961,0.4952517692742139,0.16242327801773135,0.22705405770472123,0.16804469273743017,0.14227002105325778,0.10306199315292165,0.01793770068666725
2011-05-22,0.2710749576586192,0.4006792206497375,0.3346320239193864,0.4431818181818181,0.5465700117773062,0.33239321427034174,0.7017760455147949,0.54234534835961,0.16035462605137535,0.21175712166537722,0.16583240223463686,0.13675520484794182,0.10834300474974713,0.02919915469226235
2011-05-29,0.27449443383770733,0.406874358394251,0.36484711399186653,0.5982954545454546,0.5636474111024241,0.5465700117773062,0.33239321427034174,0.7017760455147949,0.15876335530802455,0.19017636294847903,0.16375284916201116,0.13237310774303673,0.11384693341900141,0.007168489478612497
2011-06-05,0.27816443143688285,0.4136506674280447,0.3725683968362401,0.6259943181818182,0.5302390726174863,0.5636474111024241,0.5465700117773062,0.33239321427034174,0.15649011138895202,0.17013708699707367,0.161798069273743,0.12239358831680425,0.1173711461831141,-0.05129329438755046
2011-06-12,0.2779202732389215,0.41272042212079946,0.32581703778080406,0.43210227272727286,0.4415848697192492,0.5302390726174863,0.5636474111024241,0.5465700117773062,0.15578540577403957,0.1631629480774728,0.15996057617877094,0.11840406068654555,0.11108170021101542,-0.0228146777661714
2011-06-19,0.2766465561550354,0.40970404962911205,0.3065308884094947,0.3026895491803278,0.48477118544975745,0.4415848697192492,0.5302390726174863,0.5636474111024241,0.1571493521254831,0.170930280840179,0.1582333326694972,0.11818243084226851,0.10372543682086456,-0.015504186535965199
2011-06-26,0.2750892961518374,0.40605005994021176,0.2934633790897183,0.2383199257425745,0.4958571587120889,0.48477118544975745,0.4415848697192492,0.5302390726174863,0.15692202773357583,0.17814280411983477,0.1566097237707799,0.10921653119466232,0.10178287376112775,-0.06453852113757118
2011-07-03,0.27027617624411027,0.39560475493695185,0.243550872674904,0.029110270700636844,0.4214991839588266,0.4958571587120889,0.48477118544975745,0.4415848697192492,0.15564901113889526,0.1957243492963148,0.1550835314059856,0.10827908952219664,0.09823212325029736,-0.07346715188187251
2011-07-10,0.26271273119557925,0.37902527945674286,0.19662888645886267,0.03393796410891097,0.40795938771482465,0.4214991839588266,0.4958571587120889,0.48477118544975745,0.152443737213003,0.22111252706674547,0.15364891058307897,0.10867512852434821,0.09458052930193964,0.04386668210558172
2011-07-17,0.25994644536294376,0.37213554097460305,0.24692588483490563,0.2868009868421053,0.5858899405861762,0.40795938771482465,0.4214991839588266,0.4958571587120889,0.14920436462832465,0.25233065093911644,0.15118939997106953,0.11495330828373818,0.10122558108005572,-0.07114110002524107
2011-07-24,0.254358651096414,0.35884186228941334,0.20263236434092768,0.13877467105263155,0.41148672231894334,0.5858899405861762,0.40795938771482465,0.4214991839588266,0.14640827460786546,0.2608249121669193,0.14735537617507988,0.12331608774205402,0.09489367471320868,-0.02519965355631517
2011-07-31,0.24931940594386187,0.3462281217524731,0.18843114733240574,0.08881578947368428,0.4811544958172475,0.41148672231894334,0.5858899405861762,0.40795938771482465,0.14354398726983406,0.27160238508069345,0.14390475475868922,0.11852186363853204,0.09120492791944618,0.11420596713942611
2011-08-07,0.2526502947699167,0.3521472495924363,0.3118128827556441,0.35934518129770976,0.6925557457450335,0.4811544958172475,0.41148672231894334,0.5858899405861762,0.1419072516481019,0.28875385105104046,0.14079919548393763,0.12916278739610204,0.10532300917327106,-0.022166295457260378
2011-08-14,0.25466894791317185,0.3552530207321155,0.29534174123174783,0.3270999005964212,0.4857544229250527,0.6925557457450335,0.4811544958172475,0.41148672231894334,0.13804273698567862,0.30468021230921993,0.13704295683033438,0.12637843961943407,0.09685746797031967,0.017094433359300255
2011-08-21,0.25797594229143367,0.36140554846344586,0.31399047681051906,0.4154829545454546,0.5452912414799613,0.4857544229250527,0.6925557457450335,0.4811544958172475,0.1363832689247556,0.3163211602234933,0.10949720670391062,0.12527058114116182,0.09937324635915915,-0.14473189929504482
2011-08-28,0.253151119567417,0.3489069970973013,0.2188408696937354,0.08517400568181821,0.2998901678100291,0.5452912414799613,0.4857544229250527,0.6925557457450335,0.13264378267788135,0.3347711293388205,0.10998659217877095,0.13046891480751854,0.09709100014143557,-0.07207583357007913
2011-09-04,0.24648566972426628,0.3314676087566555,0.18367052804952577,0.01562500000000001,0.41006924834090713,0.2998901678100291,0.5452912414799613,0.4857544229250527,0.12764264605592182,0.35861905320615173,0.13396648044692738,0.1268524685585754,0.09409223476233367,-0.02127739844728485
2011-09-11,0.2410478314786903,0.3161627888538717,0.17402275621351887,0.035515720858895934,0.4871023882224924,0.41006924834090713,0.2998901678100291,0.5452912414799613,0.12230052284610143,0.38320945401620843,0.13339217877094975,0.1198003216129725,0.09101916369242216,-0.08408311721054144
2011-09-18,0.23383659753206382,0.2955607354877331,0.1390738561317712,0.0,0.3918608378251557,0.4871023882224924,0.41006924834090713,0.2998901678100291,0.11690156853830416,0.4102689666207585,0.13212800000000002,0.11652374421668321,0.0857646898423144,-0.2000211338933556
2011-09-25,0.2212495203748257,0.25943018755803304,0.07878928454540673,0.03385416666666671,0.21604696806456464,0.3918608378251557,0.4871023882224924,0.41006924834090713,0.1100818367810866,0.44608490799331835,0.129932163575419,0.12435217616140357,0.08202817510445999,0.03371105734231166
2011-10-02,0.21369755743617552,0.2343499325800526,0.10407269586872975,0.07281514830508483,0.5704894728142303,0.21604696806456464,0.3918608378251557,0.4871023882224924,0.10376221868606503,0.4793425678392669,0.1255889871374302,0.1201172060197915,0.09078563152130627,-0.10781902949603359
2011-10-09,0.20519249964805664,0.20458443625707196,0.07675662171850256,0.0,0.35586658235477625,0.5704894728142303,0.21604696806456464,0.3918608378251557,0.09751079790861561,0.5129296348614895,0.12159326481448048,0.11734571092099658,0.08258016023618849,0.0
2011-10-16,0.1998011030454126,0.18173621260075584,0.07675662171850256,0.08100997045790244,0.5193684375002671,0.35586658235477625,0.5704894728142303,0.21604696806456464,0.092225505796772,0.5470315929800261,0.11669650816543466,0.11266131216590414,0.10011099571791164,-0.08004270767353637
2011-10-23,0.19436774379131483,0.15690574247349504,0.058133909394416705,0.0135016617429837,0.3979879051706484,0.5193684375002671,0.35586658235477625,0.5704894728142303,0.08580359172539215,0.5786976969472387,0.11060354171072218,0.10820596994229342,0.07869503411671487,-0.1783295355244173
2011-10-30,0.18652226048283888,0.12189003232927798,0.025058403048390188,0.0,0.24894112961443077,0.3979879051706484,0.5193684375002671,0.35586658235477625,0.07917708570129575,0.6122226806638188,0.10524173123057516,0.10818505825319583,0.07423669266813859,-0.003992021269537338
2011-11-06,0.18175867552247305,0.09413837621554033,0.02441120941568181,0.005200924608819349,0.5133147484028928,0.24894112961443077,0.3979879051706484,0.5193684375002671,0.07283473516708344,0.6436163703672843,0.0983604028247751,0.0994055397496848,0.06547923625129233,-0.026343975339601977
2011-11-13,0.1789045352883035,0.0707559205772823,0.019964962617705695,0.06775235695708715,0.4794191923617691,0.5133147484028928,0.24894112961443077,0.3979879051706484,0.064889747669925,0.6755909422581724,0.09148977747895634,0.09705801558850607,0.05978954335501403,-0.020747632194248657
2011-11-20,0.1777314974439496,0.05172015544084363,0.016389629982425435,0.05586597854356302,0.48790575072324727,0.4794191923617691,0.5133147484028928,0.24894112961443077,0.05712661968629234,0.7049885647164517,0.08366966222548163,0.09023426302231777,0.053723014455344165,-0.08074176397603415
2011-11-27,0.1765157747133147,0.030914199791841734,0.0030388661114988946,0.012947060906515647,0.3969278232644786,0.48790575072324727,0.4794191923617691,0.5133147484028928,0.04871561718572403,0.7338436139906079,0.07725716771763236,0.08526998528846605,0.03700423402318312,0.022472855852058576
2011-12-04,0.17767077213107627,0.01828106123232426,0.018576144213075962,0.04655666383701185,0.5534473346986873,0.3969278232644786,0.48790575072324727,0.4794191923617691,0.042225505796772,0.7614103222499919,0.07199892222119597,0.08044921206212549,0.048404850013113884,-0.11279549414534452
2011-12-11,0.1777202668125681,0.0,0.0,0.0032939189189188475,0.3483200369440867,0.5534473346986873,0.3969278232644786,0.48790575072324727,0.035996817458513304,0.7878786198640536,0.06698461263729197,0.07734484371527525,0.03590557130906968,0.1605268969665343
2011-12-18,0.18290426247428837,0.0037198280835527564,0.10615850128334864,0.12879158512720149,0.7627989856832571,0.3483200369440867,0.5534473346986873,0.3969278232644786,0.030791088883837255,0.802602466518423,0.06252623759586709,0.0768897136953432,0.04172264538959301,-0.004246290881450985
2011-12-25,0.18839018950491437,0.00982976109167738,0.10508756264719804,0.15492584745762708,0.5129291619860115,0.7627989856832571,0.3483200369440867,0.5534473346986873,0.02641509433962263,0.8145467543951553,0.0589595375627272,0.0698178600479831,0.037699522987187276,0.03962979477076776
2012-01-01,0.19511816487063632,0.023022495805704646,0.13426613532989384,0.22046493902439007,0.5794649250529951,0.5129291619860115,0.7627989856832571,0.3483200369440867,0.024016822005001125,0.8213084132184306,0.05610617753621528,0.06493983287754643,0.04045944864582973,-0.0396297947707676
2012-01-08,0.20080999322880957,0.032862165875212124,0.12229983349581885,0.19389204545454547,0.4592719499475393,0.5794649250529951,0.5129291619860115,0.7627989856832571,0.021129802227779042,0.827587096411472,0.05497206703910615,0.05967143256210981,0.03377724402230886,-0.012848142477849137
2012-01-15,0.20628631047100365,0.042997656839917686,0.11839867476929244,0.23399999999999982,0.49988490903482863,0.4592719499475393,0.5794649250529951,0.5129291619860115,0.01901568538304161,0.8259443406202748,0.0446927374301676,0.05572923697128523,0.03160645634079969,0.06669137449867235
2012-01-22,0.2134639615151208,0.06304455686352295,0.17313455435048514,0.39886363636363625,0.6205023792886852,0.49988490903482863,0.4592719499475393,0.5794649250529951,0.017265287565355773,0.8258074766318224,0.04489385474860335,0.05407395099213474,0.04183410392580742,-0.032789822822990956
2012-01-29,0.21945160384242607,0.07889067558443497,0.16058324805315033,0.36746231155778875,0.4696444056061736,0.6205023792886852,0.49988490903482863,0.4592719499475393,0.01590134121391224,0.819856506963611,0.04531486033519553,0.0507426622726438,0.029249904432266518,-0.08247622182423843
2012-02-05,0.22331980018743472,0.08526677683757128,0.13163467182771804,0.34586148648648624,0.3942976096817874,0.4696444056061736,0.6205023792886852,0.49988490903482863,0.015219368038190496,0.8195298344597337,0.04601496312849161,0.04912693006175025,0.020380989479205847,-0.20520585062754246
2012-02-12,0.22324564446059483,0.0713474759147989,0.07792782941848259,0.0,0.20818461938265032,0.3942976096817874,0.4696444056061736,0.6205023792886852,0.013628097294839735,0.826650199406746,0.05698324022346368,0.05163725571915085,0.00913429242023783,0.0408219945202552
2012-02-19,0.2250167859734052,0.06681280341461182,0.10503162479904554,0.09140624999999994,0.5812728329117127,0.20818461938265032,0.3942976096817874,0.4696444056061736,0.012355080700159123,0.8332619668575432,0.056648044692737425,0.04879664680080479,0.028612998511041335,-0.013423020332140661
2012-02-26,0.22719633675579393,0.06463869011427192,0.10162736320966698,0.06093750000000006,0.4990131371769473,0.5812728329117127,0.20818461938265032,0.3942976096817874,0.011138895203455339,0.839497407472096,0.05631955307262569,0.04605339513988716,0.0,0.026668247082161273
2012-03-04,0.23043389248669388,0.0689651528248234,0.12148073972750123,0.12187499999999983,0.5598094235840093,0.4990131371769473,0.5812728329117127,0.20818461938265032,0.010456922027733566,0.8415334280701875,0.055997631284916194,0.04340054664658164,0.013268873358857973,0.025975486403260736
2012-03-11,0.23446347425154535,0.0788522410310345,0.14198024346235205,0.18281249999999988,0.5587588886580178,0.5598094235840093,0.4990131371769473,0.5812728329117127,0.00977494885201182,0.8448048190442289,0.05568214793296088,0.04135936084975452,0.029467513955351788,0.0
2012-03-18,0.23855909183309756,0.09029226592186496,0.14198024346235205,0.18281249999999988,0.5193684375002671,0.5587588886580178,0.5598094235840093,0.4990131371769473,0.009638554216867469,0.8422769622893223,0.05537297424804468,0.0391473438996262,0.04746541377930674,-0.031252543504104426
2012-03-25,0.2420494816839608,0.09915089669644533,0.13068098521707555,0.10968749999999983,0.47197560837890856,0.5193684375002671,0.5587588886580178,0.5598094235840093,0.008570129574903392,0.8411713408047563,0.05506998403682681,0.03677669802143246,0.04020999382668321,0.005277057100843819
2012-04-01,0.24573792047932108,0.1102606426159371,0.13558070120362015,0.12187499999999983,0.527370815463875,0.47197560837890856,0.5193684375002671,0.5587588886580178,0.00754716981132076,0.8401446922833735,0.054773053629833285,0.03288668991814055,0.0577089840123451,-0.0540672212702757
2012-04-08,0.24842062460574016,0.1159456045150673,0.11533236708219957,0.0,0.4373783563283991,0.527370815463875,0.47197560837890856,0.5193684375002671,0.006080927483518968,0.8404078970877008,0.05448206183097963,0.030013343193686363,0.04845792550654932,0.024692612590371414
2012-04-15,0.25175965894674557,0.1266830541661194,0.1393376324614543,0.08256048387096782,0.5568134783783539,0.4373783563283991,0.527370815463875,0.47197560837890856,0.004932939304387367,0.8369110071894352,0.05419688986810306,0.027872952418960324,0.070723095002713,-0.01364277640378649
2012-04-22,0.25486285370594425,0.13683398193405938,0.13364161778560996,0.05307459677419372,0.49867988871828905,0.5568134783783539,0.4373783563283991,0.527370815463875,0.0037963173448511064,0.8336638951410459,0.05361560645214989,0.02430229600562757,0.057072078091119915,-0.1102564862700331
2012-04-29,0.2560676082256441,0.13492118973518513,0.09262550129066055,0.014664104278074769,0.35217030808622957,0.49867988871828905,0.5568134783783539,0.4373783563283991,0.0018640600136394653,0.8368408520885877,0.053057574372834836,0.0243640746260426,0.027047271454696094,0.14799681425288003
2012-05-06,0.2603484375647074,0.15461956584144343,0.22735119904296996,0.3557728293413172,0.7437977780264557,0.35217030808622957,0.49867988871828905,0.5568134783783539,0.0007047056149124889,0.8311914818010324,0.05203948303895637,0.02684893821857117,0.07510713076047967,0.005277057100843819
2012-05-13,0.2644476314476233,0.17432834899670857,0.2321437309354329,0.5103515624999998,0.527370815463875,0.7437977780264557,0.35217030808622957,0.49867988871828905,0.0,0.803844839486034,0.05067408975896835,0.026201096925794524,0.13732753171483647,0.025975486403260736
2012-05-20,0.26876466488187845,0.19672162738421706,0.2570516846120354,0.6900275735294112,0.5587588886580178,0.527370815463875,0.7437977780264557,0.35217030808622957,0.00034098658786087255,0.7807802509343774,0.04941792794137937,0.02475518297430305,0.1549751332821176,-0.012903404835907841
2012-05-27,0.2724403090054735,0.21574689715109663,0.24917470335411618,0.6452205882352937,0.49980110659193383,0.5587588886580178,0.527370815463875,0.7437977780264557,0.00045464878381450136,0.7593631329935533,0.04826225906919752,0.021407224378445812,0.13293818840772625,-0.07271034788708394
2012-06-03,0.2744526847237138,0.22398502218075694,0.20782083697231002,0.40326286764705865,0.40910704094179046,0.49980110659193383,0.5587588886580178,0.527370815463875,0.00031825414867014956,0.7453580518561014,0.04719904370679021,0.02040927327421839,0.12137303838814566,0.05171220104731048
2012-06-10,0.2774784475772384,0.23997609143312684,0.25946410705304257,0.5735294117647056,0.5977872550727522,0.40910704094179046,0.49980110659193383,0.5587588886580178,0.0002841554898840651,0.7331382636020786,0.04622088557337548,0.018638257354951206,0.1347109098884697,0.033901551675681416
2012-06-17,0.28095854733794223,0.2599318822963983,0.2937708061294064,0.6900275735294112,0.5707783473945919,0.5977872550727522,0.40910704094179046,0.49980110659193383,0.0002841554898840651,0.7130774596258278,0.045320980090633935,0.016993742572774535,0.14035814238999963,0.06933469340106417
2012-06-24,0.2855178141680318,0.28822038080195167,0.3632879678932316,0.8969772196261677,0.624510832585866,0.5707783473945919,0.5977872550727522,0.40910704094179046,0.0006024096385542216,0.6762547175731979,0.034972067039106144,0.016838757066933628,0.1533138703375886,-0.0465200156348927
2012-07-01,0.28848031647353134,0.30595017218416154,0.3261479915549622,0.677667025862069,0.4488232944651778,0.624510832585866,0.5707783473945919,0.5977872550727522,0.0008411002500568338,0.6370386762705182,0.03521117318435754,0.01701147209315594,0.1472101885925139,0.10008345855698243
2012-07-08,0.2932603468025891,0.3367754687561154,0.42133893174551473,1.0,0.6711397084895451,0.4488232944651778,0.624510832585866,0.5707783473945919,0.0015344396453739473,0.6000464770072683,0.03572004469273743,0.017171850331790944,0.15658862828255474,0.07426992858779523
2012-07-15,0.2990030320509348,0.3743062872004185,0.486674850834375,0.9140624999999998,0.6319948556973847,0.6711397084895451,0.4488232944651778,0.624510832585866,0.002841554898840644,0.5517899072765102,0.036459523575419,0.019220553814685182,0.16763894601581164,-0.04742267855160718
2012-07-22,0.3025864634598653,0.3973142813301754,0.43915094513471287,0.6843248663101603,0.44745445389831584,0.6319948556973847,0.6711397084895451,0.4488232944651778,0.0037963173448510926,0.5173976918996288,0.037788571745251395,0.021228464714111835,0.14512962924984496,0.08664339170488851
2012-07-29,0.30764136526879954,0.4298716484165482,0.5127752870637132,0.8847342914438502,0.6507585580203915,0.44745445389831584,0.6319948556973847,0.6711397084895451,0.005273925892248239,0.48546206333538167,0.039596306749497205,0.021931976230877427,0.1516101469983112,-0.09328793442355714
2012-08-05,0.30946862473452996,0.4413958768308905,0.42355832786472913,0.6696607620320852,0.3779022194102257,0.6507585580203915,0.44745445389831584,0.6319948556973847,0.006683337122073203,0.4579546298866142,0.04122326825331843,0.022901867063805773,0.14597883714481188,0.0
2012-08-12,0.31098401657764846,0.45093415532229225,0.42355832786472913,0.5988685344827585,0.5193684375002671,0.3779022194102257,0.6507585580203915,0.44745445389831584,0.007501704932939314,0.4294394959946457,0.04268753360675754,0.02116389549018921,0.15109000716264398,-0.022472855852058514
2012-08-19,0.31172922202701764,0.4555800647612164,0.4034169041901191,0.5358297413793105,0.48528954030184684,0.5193684375002671,0.3779022194102257,0.6507585580203915,0.008183678108661059,0.3993089245317534,0.04400537242485274,0.018178000808507816,0.1474437207636298,-0.05368850511350549
2012-08-26,0.3112013636049383,0.4521238689326248,0.3583621554772526,0.39084051724137925,0.4379526593479582,0.48528954030184684,0.5193684375002671,0.3779022194102257,0.008490566037735868,0.36969329248356264,0.0558659217877095,0.018677229085859975,0.133522018835516,0.17951987395271732
2012-09-02,0.315022156480581,0.4762511341667643,0.5097304845600865,0.9077586206896551,0.7916008306496948,0.4379526593479582,0.48528954030184684,0.5193684375002671,0.00978631507160719,0.3496494352323749,0.04502793296089386,0.02346807676399188,0.14813370217829042,-0.03881999184958209
2012-09-09,0.31706985050481834,0.4889897149156222,0.4720219020088452,0.7879849137931032,0.460499973243009,0.7916008306496948,0.4379526593479582,0.48528954030184684,0.01117299386224143,0.3310372820705576,0.04502793296089386,0.024117159371076627,0.12820385439328574,0.020619287202735825
2012-09-16,0.31917990007193553,0.5019483920624415,0.4886969169136933,0.8448153409090909,0.5506364958864632,0.460499973243009,0.7916008306496948,0.4379526593479582,0.012457376676517397,0.31501733420726763,0.045244692737430175,0.02197575106529471,0.14294822646964872,0.01820070464684637
2012-09-23,0.3212638999238446,0.5145434697804688,0.5040097339548537,0.9061141304347826,0.5469688433713291,0.5506364958864632,0.460499973243009,0.7916008306496948,0.013696294612411918,0.30014166833421274,0.04545711731843576,0.019670670356851216,0.1496569688398873,0.05079216684010513
2012-09-30,0.3241683207784777,0.5317460051896423,0.5469622101068717,0.7703419811320753,0.5963920718627149,0.5469688433713291,0.5506364958864632,0.460499973243009,0.014912480109115715,0.3057401379168274,0.04566529340782123,0.021013169797116857,0.16753810257828433,0.15333401992070234
2012-10-07,0.33078473787836377,0.5696189988172405,0.6599123058160166,0.6910438144329896,0.7518913681103294,0.5963920718627149,0.5469688433713291,0.5506364958864632,0.017333484882927942,0.3396899992738104,0.0462967822301676,0.034080634935004774,0.1988473361558456,-0.0519815256604149
2012-10-14,0.3342328137354712,0.588165971686418,0.5916453856663594,0.581082589285714,0.4405412033979286,0.7518913681103294,0.5963920718627149,0.5469688433713291,0.018924755626278718,0.3660556954089028,0.04809774624607822,0.039776563550527215,0.18368897523068625,-0.010380716054560741
2012-10-21,0.33643071724598506,0.5992223579747794,0.578687252405408,0.5614955357142856,0.5036266306912779,0.4405412033979286,0.7518913681103294,0.5963920718627149,0.020061377585814964,0.3905381275343458,0.04979065242103419,0.039471841003480564,0.17390716179053614,-0.053584246134106284
2012-10-28,0.3364035106857525,0.5980764342817612,0.5152512993684978,0.46356026785714277,0.4381107625754406,0.5036266306912779,0.4405412033979286,0.7518913681103294,0.021107069788588333,0.39738436873407124,0.05138198422549281,0.04129975194457728,0.15429045941680053,0.0
2012-11-04,0.3361590230390001,0.5958046146169429,0.5152512993684978,0.46356026785714277,0.5193684375002671,0.4381107625754406,0.5036266306912779,0.4405412033979286,0.02168674698795183,0.4006839182613744,0.05287783612168391,0.040991773606123334,0.21807127987815902,0.0
2012-11-11,0.33574708710676066,0.5927019174089567,0.5152512993684977,0.46356026785714277,0.5193684375002671,0.5193684375002671,0.4381107625754406,0.5036266306912779,0.022766537849511263,0.4071720920963806,0.05428393690410355,0.03901709964687552,0.23753937087027546,0.05358424613410626
2012-11-18,0.3367343826476433,0.5969446455990403,0.5646489824882189,0.5614955357142856,0.6006261124250935,0.5193684375002671,0.5193684375002671,0.4381107625754406,0.024187315298931568,0.4158611650969559,0.055605671639578004,0.0370779304479777,0.2526711940487171,0.0
2012-11-25,0.33728096220875176,0.5987884044602467,0.5646489824882189,0.5614955357142856,0.5193684375002671,0.6006261124250935,0.5193684375002671,0.5193684375002671,0.02572175494430553,0.42392959002606156,0.056848102290924,0.034432926297945136,0.26956512360921503,0.0
2012-12-02,0.3374760226454089,0.5987854092071339,0.5646489824882189,0.5387060361216728,0.5193684375002671,0.5193684375002671,0.6006261124250935,0.5193684375002671,0.02751761764037281,0.43142169888880233,0.058015987103189226,0.030921417219809184,0.27527073915352396,0.010380716054560818
2012-12-09,0.3376985991943123,0.598911404002195,0.5756702113476097,0.5104504870129868,0.5351102443092564,0.5193684375002671,0.5193684375002671,0.6006261124250935,0.02844964764719255,0.44375555860297344,0.05911379882671854,0.030193771328993833,0.2938206241092074,0.032178898364235195
2012-12-16,0.3386013465793183,0.6024037733344675,0.6099566494786345,0.5421645220588234,0.5681660347674935,0.5351102443092564,0.5193684375002671,0.5193684375002671,0.02981359399863607,0.46103789144615115,0.0601457418468361,0.029412556765068994,0.3093292832910406,-0.0033389012655145986
2012-12-23,0.3389586935173045,0.6031001642156792,0.6033965576680425,0.527518656716418,0.5143051703422248,0.5681660347674935,0.5351102443092564,0.5193684375002671,0.03104114571493522,0.47825116756342323,0.06111576828574661,0.02773725282505792,0.30262054092080204,0.09864908106983943
2012-12-30,0.3421395480258191,0.6173679297800319,0.7003771299945039,0.7704924738219889,0.6689645509016591,0.5143051703422248,0.5681660347674935,0.5351102443092564,0.032871107069788595,0.5068815065991852,0.062027593138322484,0.032830846366756546,0.3175135243787842,0.04445176257083401
2013-01-06,0.34586885931465366,0.6335012289769305,0.736794114899948,0.8683593749999999,0.5867771841639126,0.6689645509016591,0.5143051703422248,0.5681660347674935,0.03474653330302343,0.5350182210884372,0.06323298345261981,0.035449744206408125,0.32961473688206266,0.07265764557607532
2013-01-13,0.3511042416655574,0.6555147842146892,0.7889484457862369,0.7707425958188151,0.6295499137917867,0.5867771841639126,0.6689645509016591,0.5143051703422248,0.03622414185042055,0.5717238046036339,0.06473091415763717,0.04157559620052604,0.35288834075349956,-0.0026990569691649467
2013-01-20,0.35471362004307916,0.669052266232181,0.7824706589975142,0.7564655172413791,0.5152754603730887,0.6295499137917867,0.5867771841639126,0.6689645509016591,0.0380313707660832,0.6061010952931473,0.06751515976598327,0.042303348496895786,0.31651039755285454,0.026668247082161273
2013-01-27,0.35812679889685006,0.6809062948298958,0.8012581820213259,0.8195043103448271,0.5598094235840093,0.5152754603730887,0.6295499137917867,0.5867771841639126,0.040134121391225276,0.6256623729701779,0.07042057929818696,0.04287357510678568,0.33575557147254215,0.11074075303097063
2013-02-03,0.3648565396132958,0.7054054866001025,0.8660695874199597,0.733351293103448,0.6873009318419865,0.5598094235840093,0.5152754603730887,0.6295499137917867,0.0435894521482155,0.6595304593277084,0.07291924009588212,0.05617382017569127,0.3794844705139945,-0.009467526338399217
2013-02-10,0.36917484449327886,0.7185468738207107,0.8415925533346519,0.7019097222222223,0.5050114345926865,0.6873009318419865,0.5598094235840093,0.5152754603730887,0.04695385314844284,0.6909793966597011,0.07796724547942367,0.05670318922489095,0.35496359254682497,-0.022851264916768133
2013-02-17,0.3709952024751878,0.7212265994531154,0.7836159238991248,0.6512404580152672,0.484715702971154,0.5050114345926865,0.6873009318419865,0.5598094235840093,0.050102295976358284,0.7201819813251229,0.08220757000159856,0.05624485578278118,0.31164337480482546,-0.020898117637616575
2013-02-24,0.3709394499819545,0.7166818686620773,0.7332975892077767,0.6054180194805195,0.4876775475083041,0.484715702971154,0.5050114345926865,0.6873009318419865,0.05271652648329166,0.7364228140950708,0.08576944260022547,0.054236109749734966,0.2902327207529722,-0.002487563471801858
2013-03-03,0.3701773100819739,0.7097110255998815,0.7272701856398609,0.5957082783641158,0.5155961790748959,0.4876775475083041,0.484715702971154,0.5050114345926865,0.055308024551034334,0.7391342321283147,0.10446927374301676,0.05522051682529181,0.2671926490526512,0.033070986843882065
2013-03-10,0.37034528920914084,0.7063954202302374,0.7562228676653618,0.6608261873350925,0.569518839759877,0.5155961790748959,0.4876775475083041,0.484715702971154,0.0582064105478518,0.7416519774448985,0.10411173184357542,0.052862764342252545,0.27542996563383026,-0.012121360532344963
2013-03-17,0.3693583476858243,0.6990609302569458,0.7244227475147508,0.6093749999999997,0.5009870354120703,0.569518839759877,0.5155961790748959,0.4876775475083041,0.060922937031143466,0.7439898838102977,0.10376134078212292,0.04835146839974066,0.2699684973593243,0.03475484605304855
2013-03-24,0.3694612483380347,0.6958639104903803,0.7564642006186223,0.6828584558823528,0.5720723231828814,0.5009870354120703,0.569518839759877,0.5155961790748959,0.06375312571038874,0.7491156194398542,0.10341795754189943,0.046378818853215896,0.2770116153382061,0.052764531963508
2013-03-31,0.3712814208953934,0.6987101110062616,0.7996471270976383,0.8052455357142854,0.5993830592441446,0.5720723231828814,0.5009870354120703,0.569518839759877,0.06712889293021143,0.7607957763949933,0.10308144196648045,0.04581359340088407,0.2897975017068017,-0.04572224933809499
2013-04-07,0.3700525360236777,0.6909762599373983,0.6833843806166853,0.6758703175895766,0.45003306485644046,0.5993830592441446,0.5720723231828814,0.5009870354120703,0.06934530575130712,0.7618478794166562,0.10275165670256983,0.046660805129899084,0.26579676357529936,-0.16907633004393413
2013-04-14,0.3617190338379144,0.6591630875575746,0.4183903354325784,0.15055147058823523,0.2629731262774788,0.45003306485644046,0.5993830592441446,0.5720723231828814,0.06970902477835875,0.7173044192683884,0.10242846714393743,0.05842401321342686,0.2456811515632707,0.03671384462439323
2013-04-21,0.35605142457871664,0.6371139187670267,0.4571342351427782,0.15843750000000018,0.5750430408951384,0.2629731262774788,0.45003306485644046,0.5993830592441446,0.06978858831552626,0.6759426348449968,0.10155814410063801,0.057737220392539694,0.25516574224018235,0.02765153133050995
2013-04-28,0.3522319202638867,0.6219446594117086,0.4862616533215314,0.2437500000000002,0.5613005221358309,0.5750430408951384,0.2629731262774788,0.45003306485644046,0.07012957490338714,0.6360957375044826,0.10072263397907058,0.056466223924138144,0.26415673082814456,0.025642430613337652
2013-05-05,0.3498530309088828,0.6121452418917509,0.5134391629348349,0.30328341013824905,0.5582538271695784,0.5613005221358309,0.5750430408951384,0.2629731262774788,0.07047056149124803,0.6048814679843321,0.0994926837615554,0.05686916361170959,0.27289826459696015,0.0720262408502801
2013-05-12,0.35061338567858497,0.6135538671230641,0.5853864739745852,0.6579241071428572,0.6285924219232576,0.5582538271695784,0.5613005221358309,0.5750430408951384,0.07047056149124803,0.5889646850646804,0.09833653055709113,0.05639897485625563,0.2888421428249639,0.15364575681728834
2013-05-19,0.35799492236355956,0.6374003258619542,0.7072943904012704,0.8632812499999998,0.7523641006246856,0.6285924219232576,0.5582538271695784,0.5613005221358309,0.07216412821095708,0.5977147886552605,0.08022346368715083,0.06714996924911193,0.318957177800228,-0.041242958534049134
2013-05-26,0.36127464469760373,0.6464194003230539,0.6404175518200718,0.5778269754768391,0.45682567242878536,0.7523641006246856,0.6285924219232576,0.5582538271695784,0.07361900431916346,0.6136063182033997,0.08086703910614525,0.07554988477710564,0.3037404338322896,0.12361395596717663
2013-06-02,0.3696948270439274,0.6712594201788078,0.7243094819720579,0.889156164850136,0.7068224631669506,0.45682567242878536,0.7523641006246856,0.6285924219232576,0.07668788360991136,0.6210049883194843,0.08248151955307263,0.0846163268939695,0.3345242200248401,0.02298951822469878
2013-06-09,0.37696071642113077,0.6907969605881535,0.7383605202587548,0.5097399635036496,0.5542308258579511,0.7068224631669506,0.45682567242878536,0.7523641006246856,0.08006365082973405,0.6496795784363334,0.0840314207821229,0.11150525743183606,0.37780728492143484,-0.04652001563489282
2013-06-16,0.3794251212438283,0.6948121512837897,0.6610901740076339,0.44302007299270063,0.44882329446517766,0.5542308258579511,0.7068224631669506,0.45682567242878536,0.0825642191407138,0.672298009263772,0.0883951221273743,0.10829346772193224,0.36624213490185425,0.08311490671050659
2013-06-23,0.38527051980696925,0.7082256394431194,0.7169022667478937,0.5644502737226277,0.6454077971655491,0.44882329446517766,0.5542308258579511,0.7068224631669506,0.08621277563082519,0.6737775412099009,0.09249700139191061,0.11755412359590509,0.381209424050646,0.00785687149522016
2013-06-30,0.38952790568442364,0.7162224975314989,0.7219844290704688,0.5764598540145984,0.5312829675337198,0.6454077971655491,0.44882329446517766,0.5542308258579511,0.08963400772902935,0.6771213311990507,0.09635276790057475,0.11127168752723202,0.3930877194814957,0.07049898310803736
2013-07-07,0.3963069266688323,0.7303371166785723,0.7661542443495771,0.6885492700729926,0.6262764163414118,0.5312829675337198,0.6454077971655491,0.44882329446517766,0.09348715617185724,0.6843720142709125,0.09997718841871903,0.11018744897386851,0.4094562016569829,-0.009772064733792378
2013-07-14,0.400102001979646,0.7355493018384365,0.74728449181319,0.672536496350365,0.5045496182246246,0.6262764163414118,0.5312829675337198,0.6454077971655491,0.09765855876335533,0.6914527245816049,0.10338414370577466,0.10390348705164515,0.39991853548663575,-0.04605250744498472
2013-07-21,0.3993291015579026,0.7286990337835276,0.6635559093925778,0.5991446167883211,0.44953224590633767,0.5045496182246246,0.6262764163414118,0.5312829675337198,0.10271652648329169,0.6851866156835353,0.10658668167560695,0.10250120149548184,0.3827751511069913,0.006831794291703272
2013-07-28,0.3981901410709453,0.721217788203055,0.6689766734869886,0.6098197992700728,0.5297284921760231,0.44953224590633767,0.5045496182246246,0.6262764163414118,0.10755853603091614,0.671579684839325,0.1095970673672493,0.10088244905454133,0.3900252635102713,0.011844470112522468
2013-08-04,0.397082506738926,0.7141299731911067,0.678819078902771,0.6255530973451326,0.5373299499129157,0.5297284921760231,0.44953224590633767,0.5045496182246246,0.11232098204137306,0.6590518871414934,0.1124268299173931,0.09568530350208368,0.3969144625581903,-0.07055602938355275
2013-08-11,0.39118056401400314,0.6954706393627255,0.5585428257919618,0.4676246895695364,0.41237395099976465,0.5373299499129157,0.5297284921760231,0.44953224590633767,0.11593543987269836,0.6348914905286971,0.1150868067145283,0.09518666119539218,0.38496186143653105,-0.016378892084039743
2013-08-18,0.38479368569001327,0.6762007170064783,0.5342426093242943,0.40498498665480426,0.494530714015965,0.41237395099976465,0.5373299499129157,0.5297284921760231,0.11867469879518075,0.600956904571427,0.15675977653631284,0.09187396494722178,0.381697718590252,0.0
2013-08-25,0.37901509423969876,0.6589827472114326,0.5342426093242945,0.3301817602040816,0.5193684375002671,0.494530714015965,0.41237395099976465,0.5373299499129157,0.11981132075471704,0.5690077316934206,0.15597541899441342,0.08795354282286466,0.38547669372285476,-0.03834036682689218
2013-09-01,0.37169377112995217,0.6382986009986911,0.4765635229443119,0.2536989795918366,0.46122729922016303,0.5193684375002671,0.494530714015965,0.41237395099976465,0.12093657649465792,0.5391056806166746,0.15442913966480448,0.08336326043388076,0.3818304073238406,-0.0028639637714288615
2013-09-08,0.36517977872229435,0.6200215099124662,0.4723773185263306,0.16390086206896573,0.5150253879301973,0.46122729922016303,0.5193684375002671,0.494530714015965,0.12060695612639238,0.5062309941608376,0.1521957935195531,0.07815096494202914,0.37231927890021116,0.003816798526700811
2013-09-15,0.3597285472694395,0.6047409432986093,0.4773749969521016,0.2705888989169676,0.525156410576533,0.5150253879301973,0.46122729922016303,0.5193684375002671,0.12003864514662427,0.4757044995947034,0.14920895685363128,0.07151673881788717,0.3750738970095101,0.02817087696669644
2013-09-22,0.35649438381083504,0.5953777361707013,0.5149187687688328,0.36958483754512667,0.5620880823223315,0.525156410576533,0.5150253879301973,0.46122729922016303,0.12037963173448515,0.4557478497505203,0.14646106712098325,0.06926149103338938,0.3982254272460455,0.045256591588120856
2013-09-29,0.35605124848181435,0.5933153419286101,0.5717653925074391,0.42965149769585304,0.5879976647972146,0.5620880823223315,0.525156410576533,0.5150253879301973,0.12025460331893612,0.44271309431570194,0.14393300856694705,0.06843385293151116,0.41281057284210215,-0.009782203394461125
2013-10-06,0.35469755100805955,0.5889879131789097,0.552680417424283,0.3833165322580645,0.5045342434820047,0.5879976647972146,0.5620880823223315,0.525156410576533,0.1199022505114799,0.43725355704315727,0.14160719469723373,0.06829859211448766,0.4084265370843355,0.053079009147785385
2013-10-13,0.35630762583209175,0.5922065069383027,0.617064256835721,0.6402649769585258,0.5998599472598374,0.5045342434820047,0.5879976647972146,0.5620880823223315,0.11928847465333034,0.43474609406551945,0.13946744593709748,0.0690173398211647,0.41186052150960795,-0.03185805366489991
2013-10-20,0.3552373488856554,0.588660703062583,0.5531692636605741,0.5078125,0.4710573842485091,0.5998599472598374,0.5045342434820047,0.5879976647972146,0.11839054330529672,0.4338926081587775,0.13749887707777214,0.06725725067522167,0.4073066441728479,-0.0392557093911892
2013-10-27,0.35172327475539034,0.5790981895402707,0.4839170570992013,0.3773164970930235,0.4598392306384318,0.4710573842485091,0.5998599472598374,0.5045342434820047,0.117617640372812,0.4172022843751748,0.13568779372719283,0.06615059908054174,0.3943562237746025,-0.008222979180431992
2013-11-03,0.3481146079844464,0.5694227674598223,0.4702387203720584,0.32948764534883757,0.5068987245274487,0.4598392306384318,0.4710573842485091,0.5998599472598374,0.1166515117072062,0.4017041265761152,0.13402159704465988,0.060056911807717155,0.3900199559609277,-0.018519047767237642
2013-11-10,0.34391352071270537,0.5583577734064997,0.4394878095936491,0.22988398203592808,0.49128528112588415,0.5068987245274487,0.4598392306384318,0.4710573842485091,0.11529893157535809,0.37518644251623434,0.13248869609672956,0.05756478929941151,0.383603128804584,0.0321866864959015
2013-11-17,0.3420933312892604,0.5533806906251482,0.4872965002403069,0.4214539670658689,0.5681778450572124,0.49128528112588415,0.5068987245274487,0.4598392306384318,0.11526483291657194,0.353850449320401,0.13107842722463364,0.05778371665200999,0.3930771043828086,-0.004535155165391374
2013-11-24,0.3401249556080206,0.5480856735885349,0.4789453065355871,0.39408682634730563,0.5124911145788859,0.5681778450572124,0.49128528112588415,0.5068987245274487,0.1153784951125256,0.3395973174560202,0.12978097986230538,0.055665051985447446,0.3855828447097256,0.010850016024065623
2013-12-01,0.33892749082386714,0.5447825125806709,0.4960816902374935,0.45976796407185616,0.5358219128893986,0.5124911145788859,0.5681778450572124,0.49128528112588415,0.11562855194362356,0.3277567468246101,0.1285873282889634,0.05390880726854621,0.39237120032011735,0.04139736852922409
2013-12-08,0.34012767922486714,0.5475185689772691,0.5587758560954149,0.7170190868263474,0.5821453571619182,0.5358219128893986,0.5124911145788859,0.5681778450572124,0.11687883609911348,0.32233446841716873,0.11486033519553072,0.05248909536204476,0.4080072406861956,-0.01828522865347544
2013-12-15,0.33973437503364295,0.5462505345161569,0.5191355858125365,0.5032478932584272,0.49163985544404754,0.5821453571619182,0.5358219128893986,0.5124911145788859,0.11792452830188682,0.329141951946186,0.11515530726256984,0.055286983253120044,0.3999026128386051,-0.014159528603634616
2013-12-22,0.33835137820484296,0.542542060720579,0.48940256954748407,0.42108497191011257,0.4978962613408158,0.49163985544404754,0.5821453571619182,0.5358219128893986,0.11874289611275293,0.33059095612879075,0.11599267039106147,0.0525023096497079,0.39146360938237146,0.054629967486589937
2013-12-29,0.34022649411348616,0.5469254452828105,0.572769167328749,0.744601474719101,0.6022118935427265,0.4978962613408158,0.49163985544404754,0.5821453571619182,0.119936349170266,0.338011348458079,0.11679653899441342,0.05276621255278207,0.3979335120321506,0.022529113060028104
2014-01-05,0.3428020191416373,0.5529302763767271,0.6038038784859554,0.8832514044943814,0.5535326457788494,0.6022118935427265,0.4978962613408158,0.49163985544404754,0.12086837917708573,0.3498382263880382,0.1175682528536313,0.0507948542769718,0.4070996497484497,0.009034969057912675
2014-01-12,0.3450832250551663,0.5580923900424853,0.6162548926729623,0.8803865131578943,0.5330694901720978,0.5535326457788494,0.6022118935427265,0.4978962613408158,0.12205046601500344,0.36398812779071255,0.11830909815848045,0.047697786751421105,0.414206458319454,-0.027353549581597247
2014-01-19,0.3448701069604834,0.5571808418032701,0.5489472605611768,0.7216282894736838,0.47788822642519113,0.5330694901720978,0.5535326457788494,0.6022118935427265,0.12216412821095707,0.3667636247263937,0.11945636232483756,0.047249436065552895,0.40697226856420465,-0.025533302005164762
2014-01-26,0.3428577479777805,0.5519835963766367,0.4924752532743155,0.5773026315789468,0.4806485355928946,0.47788822642519113,0.5330694901720978,0.5535326457788494,0.1223573539440782,0.35700283338864436,0.12053479064121324,0.0466220236694827,0.4026253856518428,0.0034423441909729197
2014-02-02,0.3411878194162094,0.5476611165939069,0.49839228295117854,0.5965460526315789,0.5245885703831557,0.4806485355928946,0.47788822642519113,0.5330694901720978,0.12309615821777681,0.34936716519560584,0.12154851325860636,0.044878449269001246,0.4080709312783181,-0.04480327701583826
2014-02-09,0.3370080379961583,0.5373600703255766,0.407678251939776,0.3511924342105263,0.4514266377741216,0.5245885703831557,0.4806485355928946,0.47788822642519113,0.12335758126847013,0.32496858364132064,0.12250141251895588,0.04716452094218821,0.4016541041219744,-0.035669076206734894
2014-02-16,0.33151977196737925,0.5239028690577918,0.3479992894576337,0.1635690789473683,0.4652781701477717,0.4514266377741216,0.5245885703831557,0.4806485355928946,0.12340304614685157,0.2929951848661153,0.13743016759776538,0.04897067164278723,0.3950727429359808,0.0508276366375762
2014-02-23,0.32990035856697675,0.519859206705572,0.438266098880011,0.33918042452830177,0.5964458599344056,0.4652781701477717,0.4514266377741216,0.5245885703831557,0.12368720163673566,0.268643112972173,0.13708156424581006,0.05381411296694632,0.39785920634134103,-0.03603993648319693
2014-03-02,0.32644822045004546,0.5113490631322793,0.378761205226366,0.10922759433962234,0.46471578015516335,0.5964458599344056,0.4652781701477717,0.4514266377741216,0.12357353944078203,0.24603047478494097,0.1363848938547486,0.05366768549428604,0.39178206234298407,-0.14380680907768878
2014-03-09,0.31620861934992417,0.48590840877837,0.21933830566345147,0.0,0.30129301819202237,0.46471578015516335,0.5964458599344056,0.4652781701477717,0.12166401454876108,0.24812856066898456,0.1357160902793296,0.0636638815680593,0.38516885586092925,-0.06906854020932104
2014-03-16,0.30498907878293713,0.4572798046019333,0.16989231429012114,0.03525309917355385,0.4146296496517792,0.30129301819202237,0.46471578015516335,0.5964458599344056,0.11850420550125029,0.262568401720761,0.13390161648268156,0.06460813664845638,0.37417161362110773,0.09623844556124882
2014-03-23,0.30085999625079946,0.4464253116509122,0.2958981018887471,0.25936208677685924,0.6653089496633947,0.4146296496517792,0.30129301819202237,0.46471578015516335,0.1165946806092294,0.25036267575041393,0.1309392078344581,0.07160646095398115,0.38038675390239685,-0.010362787035546547
2014-03-30,0.2972982661677241,0.436860237813597,0.286923494534708,0.2341813016528924,0.5036538191002579,0.6653089496633947,0.4146296496517792,0.30129301819202237,0.11475335303478068,0.23902878734937735,0.1282137918780925,0.07314436611094297,0.37671392975666496,0.02570835671020703
2014-04-06,0.29600164934954304,0.43318277722825493,0.3206174039270486,0.2971332644628097,0.5583538006083213,0.5036538191002579,0.6653089496633947,0.4146296496517792,0.11248010911570813,0.23208766633827813,0.12570640919823617,0.07520568117712811,0.3809068937380641,-0.025708356710206923
2014-04-13,0.2939515889759268,0.42740748984575927,0.2957092776535829,0.2341813016528924,0.480383074392213,0.5583538006083213,0.5036538191002579,0.6653089496633947,0.10961582177767676,0.2248163011364203,0.12339961713276835,0.07142041695467197,0.37832211720775855,-0.026386755173194887
2014-04-20,0.2913345863337914,0.419965871043292,0.2712105969189538,0.17217797783933508,0.47935431900696385,0.480383074392213,0.5583538006083213,0.5036538191002579,0.10634235053421234,0.22512836128385985,0.12127736843253793,0.06801107212770183,0.3711356953966011,-0.009672294642507632
2014-04-27,0.28911694353128636,0.41346225197798836,0.26229497278267777,0.1619510135135134,0.5047009142907212,0.47935431900696385,0.480383074392213,0.5583538006083213,0.10334166856103663,0.21696317245982968,0.11932489962832596,0.0676949231803293,0.36591306684255454,-0.006500564603093428
2014-05-04,0.28739003464699475,0.40818428260424117,0.2560800823007038,0.1454814189189187,0.5095106751269006,0.5047009142907212,0.47935431900696385,0.480383074392213,0.10061377585814957,0.21791975670410904,0.11752862832845094,0.06518494532910424,0.36135388195645096,0.0010863662122210114
2014-05-11,0.2864232871458273,0.4049390447467544,0.2578745937882786,0.1532899844720499,0.5210158543977829,0.5095106751269006,0.5047009142907212,0.47935431900696385,0.0978517844964765,0.21880801350236836,0.11587605873256591,0.05937132008343204,0.36517531748380205,0.06718160491678185
2014-05-18,0.28926715506414724,0.4124620489215326,0.36519523443177004,0.35019277597402576,0.6212457877870209,0.5210158543977829,0.5095106751269006,0.5047009142907212,0.09639690838827009,0.2033840672524689,0.11435569470435171,0.059355666143289944,0.3684129225833634,0.014113137476464723
2014-05-25,0.2925212579272233,0.4212244339942678,0.38652537239159246,0.39174107142857145,0.5407702639692228,0.6212457877870209,0.5210158543977829,0.5095106751269006,0.09554444191861788,0.18496465698744588,0.11295695979839464,0.0577579796477851,0.3720273636863163,-0.04504343816782316
2014-06-01,0.2931099439435384,0.4225359295884806,0.32826406759693816,0.28423144876325107,0.4510624460904554,0.5407702639692228,0.6212457877870209,0.5210158543977829,0.09355535348942942,0.17036838270168495,0.111731843575419,0.05722430403261145,0.3678503223529478,-0.00524935588614379
2014-06-08,0.2935870790751673,0.4235506590836564,0.32185933657533294,0.32561024678111583,0.5114080669634966,0.4510624460904554,0.5407702639692228,0.6212457877870209,0.09196408274607867,0.14839574902363176,0.09687150837988827,0.058417442177776537,0.3574050652448548,0.010471299867295437
2014-06-15,0.29473424371422546,0.426491668639201,0.33956529379180533,0.5519987824675318,0.5352476098698395,0.5114080669634966,0.4510624460904554,0.5407702639692228,0.09214594225960446,0.12799258917972525,0.09721564245810055,0.0542481871899012,0.36380066220382434,-0.021053409197832267
2014-06-22,0.2948675584220613,0.4265713606246124,0.3113941319748663,0.37754755434782594,0.48744205607138075,0.5352476098698395,0.5114080669634966,0.4510624460904554,0.09281654921573088,0.1150521273828787,0.09755289385474859,0.05290977724004214,0.35691146315590533,-0.010695289116747919
2014-06-29,0.2947136032458454,0.4258273600675336,0.297313463928241,0.311311141304348,0.5031495972818064,0.48744205607138075,0.5352476098698395,0.5114080669634966,0.09236190043191639,0.10303598428580688,0.09788340022346369,0.049661643788557815,0.3528087275133464,-0.02173998663640599
2014-07-06,0.2938277573060264,0.4229532869446435,0.2692646668101263,0.17883831521739088,0.4864008977022825,0.5031495972818064,0.48744205607138075,0.5352476098698395,0.09179358945214822,0.09987461125150993,0.09820729646480449,0.046328889730533555,0.34552676981400515,0.02173998663640604
2014-07-13,0.2944128927514769,0.4243198166135387,0.3117668137709667,0.311311141304348,0.5523359772982517,0.4864008977022825,0.5031495972818064,0.48744205607138075,0.0911684473744033,0.09362710219494408,0.09852471478131844,0.043972993190970734,0.3505211737462793,-0.01081091610421573
2014-07-20,0.29461810955681744,0.4245962670525638,0.29637991971603606,0.24507472826086885,0.5029742550713985,0.5523359772982517,0.4864008977022825,0.5031495972818064,0.09071379859058881,0.08782584378527578,0.09883578473150213,0.04125765807768097,0.34622736632735285,-0.021978906718775115
2014-07-27,0.29401475441381947,0.42250001828949546,0.26594552802771565,0.1126019021739129,0.48603858803504235,0.5029742550713985,0.5523359772982517,0.4864008977022825,0.0903159809047511,0.08578436630601144,0.09914063328268215,0.03778638505611672,0.3450650130211169,-0.0022246950221110513
2014-08-03,0.2937002158061103,0.42122539721906793,0.262869258807087,0.1333007812500004,0.515994805174431,0.48603858803504235,0.5029742550713985,0.5523359772982517,0.08999772675608095,0.09133508138446997,0.1140782122905028,0.03593512404227311,0.33879148969704886,-0.004464293128685604
2014-08-10,0.2935138271970113,0.42031329220554214,0.25636663052479003,0.10791015624999982,0.5125985731093042,0.515994805174431,0.48603858803504235,0.5029742550713985,0.08970220504660154,0.09648931681446715,0.1137564245810056,0.03199968498646771,0.3305010976224344,-0.027212563524884815
2014-08-17,0.2924128126130511,0.41663962787984987,0.21802834478679095,0.05141601562499986,0.47810202432274107,0.5125985731093042,0.515994805174431,0.48603858803504235,0.08912252784723801,0.10983932593923279,0.11344107262569833,0.03056175969188473,0.3205759803500086,0.00458716400690614
2014-08-24,0.29203177137658864,0.41507791404632954,0.22961267619843873,0.15492584745762733,0.5263246290787988,0.47810202432274107,0.5125985731093042,0.515994805174431,0.08786087747215277,0.12722032065783964,0.11275147441340784,0.03007089038368512,0.3236437438705766,-0.0698922624146727
2014-08-31,0.28901512385417605,0.4054115481221007,0.1454326585646571,0.05425941780821946,0.41338051849813173,0.5263246290787988,0.47810202432274107,0.5125985731093042,0.08576949306660606,0.1542109645019145,0.11164448650726258,0.03352018821399095,0.31752413947747127,0.07673379423138943
2014-09-07,0.29027426577074594,0.40875809324596957,0.30685290526452724,0.3255565068493153,0.6357311776197752,0.41338051849813173,0.5263246290787988,0.47810202432274107,0.08491702659695385,0.17496096742836562,0.10988164267048046,0.03619539072986493,0.3242116516503357,-0.08288765980576787
2014-09-14,0.2880032567179358,0.40117237501838104,0.21411207637406537,0.051641949152542194,0.39367368574580114,0.6357311776197752,0.41338051849813173,0.5263246290787988,0.0833257558536031,0.20106680605458974,0.10825982634064092,0.03941831100892191,0.3142069211377568,0.014706147389695487
2014-09-21,0.2871626654904164,0.3979128788130094,0.23999906441594987,0.11361228813559356,0.5416695321353907,0.39367368574580114,0.6357311776197752,0.41338051849813173,0.08175721754944307,0.22530794192179784,0.10637239119261035,0.03871700441074762,0.31722160916488934,-0.006101300196177081
2014-09-28,0.2865877717666549,0.3954273205262968,0.23352851178530165,0.09711914062499996,0.5101161384809071,0.5416695321353907,0.39367368574580114,0.6357311776197752,0.08035917253921349,0.24781756808420544,0.10467369955938284,0.03574383678989607,0.3140370795587634,-0.008604847193518414
2014-10-05,0.2861258818500314,0.39325109616111736,0.22409010704885418,0.06575989208633065,0.5063196418845034,0.5101161384809071,0.5416695321353907,0.39367368574580114,0.07899522618776997,0.2687193638064409,0.10314487708947806,0.03266640814603077,0.3121582070911491,-0.1388364448542158
2014-10-12,0.28077374422001655,0.3749997155610809,0.11048025812142448,0.019122646443514565,0.3088303126296105,0.5063196418845034,0.5101161384809071,0.5416695321353907,0.07666515117072062,0.3103631074527877,0.10176893686656377,0.03930769999753594,0.3068188124515447,0.0881927120354609
2014-10-19,0.28029700505096256,0.37237646494031645,0.24432563484547504,0.26771705020920494,0.653108020350439,0.3088303126296105,0.5063196418845034,0.5101161384809071,0.07484655603546261,0.34903229798153834,0.0989421393029113,0.042836029369740715,0.31082070465657624,-0.0953101798043249
2014-10-26,0.276779676181436,0.35935730280480416,0.17625329907217407,0.09660823170731701,0.37483559125691734,0.653108020350439,0.3088303126296105,0.5063196418845034,0.07234598772448286,0.3907664456371829,0.09645455744689715,0.04727331239091858,0.3040482716942151,-0.342490308946776
2014-11-02,0.264156138427764,0.3134817832805692,0.04814924319353969,0.013089200477326882,0.0,0.37483559125691734,0.653108020350439,0.3088303126296105,0.06776540122755173,0.44458215959433545,0.09349393616410809,0.06332004851924986,0.29086431912485383,0.21951524658796742
2014-11-09,0.261070692348939,0.2996422674565641,0.21654927566816573,0.2860635696821516,0.852251697696677,0.0,0.37483559125691734,0.653108020350439,0.06459422596044556,0.49455389398312,0.08731256000913572,0.07758732893226544,0.3078272468268179,-0.061634824953158314
2014-11-16,0.25740690966360474,0.2828667435081045,0.19299404028852873,0.20847039473684206,0.42590248563154154,0.852251697696677,0.0,0.37483559125691734,0.06104796544669245,0.5409562187727057,0.08212020403895892,0.0748984675681692,0.302806305147826,0.18031496302908603
2014-11-23,0.2610621256258591,0.2935278522131631,0.3215156863547409,0.47429943324937,0.7928065411777884,0.42590248563154154,0.852251697696677,0.0,0.05908160945669471,0.5488873390411559,0.05486033519553073,0.08316709244890111,0.31691377130296383,-0.10106559137494546
2014-11-30,0.26115385731757135,0.29079660661581497,0.27399083664529855,0.32003699622166226,0.36610781404244236,0.7928065411777884,0.42590248563154154,0.852251697696677,0.056308251875426256,0.5562519507190025,0.055358659217877096,0.08271826103780949,0.3128588036044968,-0.1504538179459321
2014-12-07,0.25738462989686756,0.2725610331195501,0.21885823829510587,0.11742364609571779,0.2912131808367224,0.36610781404244236,0.7928065411777884,0.42590248563154154,0.053205273925892256,0.5728008009306864,0.05584701675977653,0.08610105067869075,0.30225432001609753,-0.031867738848022485
2014-12-14,0.2542442799808273,0.2558005607827405,0.20881690373053113,0.12957071520618552,0.4710426971806013,0.2912131808367224,0.36610781404244236,0.7928065411777884,0.04917026596953853,0.5951667174448109,0.07977653631284916,0.08565373758180672,0.2935127862472819,0.15984870094189604
2014-12-21,0.2571250512274415,0.2635257060450177,0.3047785653883661,0.355875,0.7617705372850573,0.4710426971806013,0.2912131808367224,0.36610781404244236,0.04696521936803819,0.5893660513114714,0.07923128491620111,0.08777141653072529,0.30408542453961995,0.030378035359171704
2014-12-28,0.26102864685671506,0.2759668901806899,0.32351770574716665,0.4154829545454543,0.5654351212769246,0.7617705372850573,0.4710426971806013,0.2912131808367224,0.04483973630370539,0.5797288608133626,0.07869693854748602,0.08456620709736024,0.3076945580932293,-0.10623578923668144
2015-01-04,0.26146793239939997,0.27417191154571807,0.27738676749455304,0.2564453124999998,0.35826748246262435,0.5654351212769246,0.7617705372850573,0.4710426971806013,0.0420436462832462,0.581954967232593,0.07817327910614524,0.090138954942249,0.3040588867929022,-0.08399094706438652
2015-01-11,0.26010344601366586,0.26445314001662884,0.24648183056566048,0.1478630514705882,0.3920006089764617,0.35826748246262435,0.5654351212769246,0.7617705372850573,0.038804273698567864,0.5840220660504497,0.07766009285363128,0.08760898265911685,0.29809320133075967,0.051959738930711166
2015-01-18,0.2611047618894155,0.2648369843353985,0.2773879492167419,0.23708496093749995,0.5981626331794184,0.3920006089764617,0.35826748246262435,0.5654351212769246,0.03707660832007275,0.5861911329538236,0.07715717032616759,0.0834654852287858,0.30538046657944445,0.2096716563211273
2015-01-25,0.2690848355731975,0.2964836657371057,0.402125935828925,0.6823283450704224,0.8373244137335092,0.5981626331794184,0.3920006089764617,0.35826748246262435,0.036076380995680855,0.5515744321705618,0.07666430624925318,0.08848359578670933,0.35307941252986713,0.011661939747842957
2015-02-01,0.27628788347073696,0.32525074405015986,0.4090911397784064,0.5648700842696629,0.537053152269819,0.8373244137335092,0.5981626331794184,0.3920006089764617,0.03596271879972721,0.512453219440112,0.052513966480446934,0.09694283154167607,0.412545195374925,-0.11669666944416268
2015-02-08,0.2785280240407117,0.3329163777538787,0.346536938067886,0.36973314606741553,0.3424041109560124,0.537053152269819,0.8373244137335092,0.5981626331794184,0.03729256649238464,0.4675651714858128,0.053309497206703915,0.10226479506097719,0.4071102648471368,0.008110344537453863
2015-02-15,0.28097378578910115,0.341721433607671,0.3514471396831652,0.38257110252808996,0.5316673459948161,0.3424041109560124,0.537053152269819,0.8373244137335092,0.03729256649238464,0.42685389989269473,0.05408911731843576,0.09686336712846355,0.41563418909286715,0.004834820054583311
2015-02-22,0.2834510595743779,0.3509059674624815,0.35458511254777536,0.3902738764044942,0.52670018637534,0.5316673459948161,0.3424041109560124,0.537053152269819,0.03774721527619913,0.38661366822307663,0.05485314502793297,0.09100340844007343,0.41896733008061227,0.06984995317644432
2015-03-01,0.28806081144964635,0.3696352218815529,0.40177777827670025,0.5058154845505616,0.6252921967805753,0.52670018637534,0.5316673459948161,0.3424041109560124,0.037406228688338254,0.3551058746865866,0.055601892183240235,0.08788397258054378,0.4233248280916612,-0.05707022653004541
2015-03-08,0.29011845030554545,0.3775038721041931,0.36635581814450546,0.4108146067415729,0.4328244576958569,0.6252921967805753,0.52670018637534,0.5316673459948161,0.037406228688338254,0.3239739921776824,0.05633566439544135,0.08456518004973826,0.42027829476846745,-0.032260862218221435
2015-03-15,0.2910177011480422,0.38046360816146796,0.3474563689602346,0.35946278089887623,0.4704465463839468,0.4328244576958569,0.6252921967805753,0.52670018637534,0.03817913162082292,0.2930793616441898,0.057054761163398436,0.07916148977715767,0.41690269338597397,0.09082921636928873
2015-03-22,0.2949660298416602,0.3968297410869959,0.4116200105603903,0.47105061349693234,0.6571061397148489,0.4704465463839468,0.4328244576958569,0.6252921967805753,0.03980450102295976,0.27309925832321325,0.05775947599599639,0.07804888242625257,0.42445002855249236,0.14469637648813055
2015-03-29,0.3035976927036948,0.43324190783353295,0.5083422965943523,0.7626533742331286,0.7387928387327977,0.6571061397148489,0.4704465463839468,0.4328244576958569,0.04157763127983633,0.27510926759563104,0.05845009653194238,0.08503704387830135,0.4345874477986599,-0.05594001588233933
2015-04-05,0.30837505482465605,0.45302896287956507,0.4635375987865874,0.6448907208588955,0.4345383623606353,0.7387928387327977,0.6571061397148489,0.4704465463839468,0.04265742214139578,0.27697570477716194,0.05912690465716946,0.08392692760998544,0.41993330406113716,-0.011019395249610538
2015-04-12,0.3118073819992155,0.46710921626063445,0.45499404968958057,0.6151238207547168,0.5026581074749072,0.4345383623606353,0.7387928387327977,0.6571061397148489,0.044373721300295536,0.27870882501715477,0.05979017661989199,0.07730230624223175,0.4163772460009632,0.0013840832659385552
2015-04-19,0.31460451064270656,0.4784948373657379,0.45600222580050187,0.6179982311320754,0.5214673265620083,0.5026581074749072,0.4345383623606353,0.7387928387327977,0.04662423278017732,0.2834244774123513,0.06044018314336007,0.07537260729888334,0.42799547151397926,-0.16831226298716936
2015-04-26,0.3111251889854272,0.46425308489842376,0.34126342363757034,0.1888837638376385,0.2641317935537521,0.5214673265620083,0.5026581074749072,0.4345383623606353,0.04728347351670834,0.2664670181843033,0.061077189536358795,0.0794911732517376,0.42469417582229535,0.04637121718212229
2015-05-03,0.309938995899637,0.4592984092961115,0.37335855167979604,0.1966969936708863,0.5896879355524209,0.2641317935537521,0.5214673265620083,0.5026581074749072,0.04680609229370313,0.2504967396845509,0.06170145580149754,0.07550534583211993,0.42728425990194446,0.030771658666753472
2015-05-10,0.3101052127709663,0.4599254901555731,0.39544938945688135,0.29102438340807174,0.566032030202176,0.5896879355524209,0.2641317935537521,0.5214673265620083,0.046465105705842245,0.23920298611178822,0.0623132367413335,0.0706432431954872,0.4288499869582897,-0.029210378099801093
2015-05-17,0.30934566854350054,0.4566940462492599,0.37549146392935395,0.2131446188340809,0.47507244419423944,0.566032030202176,0.5896879355524209,0.2641317935537521,0.04677199363491704,0.22871592922279435,0.06291278206237276,0.06507299980836537,0.42697111449067543,0.01548018528789908
2015-05-24,0.3093443397876175,0.45661183232425007,0.38765417783883316,0.22315140845070408,0.5428433196652984,0.47507244419423944,0.566032030202176,0.5896879355524209,0.047135712661968636,0.21959961202611014,0.06350033647699121,0.06011171770808766,0.4294285098367359,0.013730192811902037
2015-05-31,0.3098862120107865,0.4588089176508474,0.39904895520984807,0.2617737676056336,0.5401895486412633,0.5428433196652984,0.47507244419423944,0.566032030202176,0.04756762900659243,0.21287784471494656,0.0640761398033173,0.05529372614149441,0.435341119805443,0.007547205635383124
2015-06-07,0.31064406336814493,0.46192153144267956,0.4056889812063853,0.28323063380281704,0.530813375637046,0.5401895486412633,0.5428433196652984,0.47507244419423944,0.04754489656740169,0.21166871900072423,0.06464042706311689,0.05219194076440951,0.44211886031714764,0.045562619678565494
2015-06-14,0.31288479089095195,0.4712268085367618,0.4469116829187063,0.41626320422535207,0.5884617402090246,0.530813375637046,0.5401895486412633,0.5428433196652984,0.04829506706069562,0.2120852372628997,0.06519342857772047,0.050472688661246996,0.4498148068652853,-0.008658062743114541
2015-06-21,0.31438004853094,0.4774080405962366,0.43816317819725037,0.36472444581280816,0.5062389433183763,0.5884617402090246,0.530813375637046,0.5401895486412633,0.04920436462832461,0.21362195546651255,0.06573537006203198,0.04782080648377605,0.44157218273476273,-0.0384094481148713
2015-06-28,0.3142570561151853,0.47689079940734075,0.40008293270869166,0.24435334158415842,0.46112254110099593,0.5062389433183763,0.5884617402090246,0.530813375637046,0.049158899749943176,0.2116347169343614,0.06626647271665727,0.0457805179802239,0.4374641395428603,-0.052562330090855446
2015-07-05,0.31246074459926393,0.469409054070507,0.35309151649990334,0.11497641509433965,0.4396604442008034,0.46112254110099593,0.5062389433183763,0.5884617402090246,0.04754489656740169,0.19775379094583043,0.06678695331819005,0.044413681267764064,0.43306418113706296,-0.09833060972956816
2015-07-12,0.3081024582741679,0.4509797753095269,0.2813337573812338,0.0048620345744679805,0.3702552690408618,0.4396604442008034,0.46112254110099593,0.5062389433183763,0.04573766765173904,0.1805811106527264,0.09229050279329609,0.04493871320218821,0.43124899926157123,0.04954044556013611
2015-07-19,0.3062620647302451,0.4429707027467151,0.3287590015594196,0.14586103723404245,0.594493902751412,0.3702552690408618,0.4396604442008034,0.46112254110099593,0.0443509888611048,0.16463505038055834,0.09171843575418995,0.042154398088097185,0.43311725663049844,0.0
2015-07-26,0.30494048125245904,0.4370753457993763,0.3287590015594195,0.1757812499999999,0.5193684375002671,0.594493902751412,0.3702552690408618,0.4396604442008034,0.04295294385087522,0.15310491008299135,0.09115781005586591,0.03872461558824237,0.4360257936707601,0.0
2015-08-02,0.3040404336780883,0.43292785283654983,0.3287590015594196,0.2031249999999999,0.5193684375002671,0.5193684375002671,0.594493902751412,0.3702552690408618,0.042827915435326235,0.1380991623650958,0.09060839687150839,0.0361730778302406,0.4375702905297312,0.0
2015-08-09,0.3034809062283235,0.4302169507124604,0.3287590015594196,0.2031249999999999,0.5193684375002671,0.5193684375002671,0.5193684375002671,0.594493902751412,0.04237326665151172,0.12416525376990709,0.090069971950838,0.03200955531610212,0.43925278367163434,0.0016652793190612488
2015-08-16,0.3032454020552744,0.4289046510424343,0.33082248472865594,0.2098958333333331,0.5218937455027097,0.5193684375002671,0.5193684375002671,0.5193684375002671,0.041702659695385315,0.11122662436008898,0.08954231552858102,0.028143427267259234,0.44372704776824123,0.18895508028958855
2015-08-23,0.3095727914703123,0.45648821631908837,0.5331218753549403,0.9140624999999998,0.8059088219845238,0.5218937455027097,0.5193684375002671,0.5193684375002671,0.04266878836099113,0.12299995509067771,0.08902521223476917,0.03679648325507436,0.4565766247289593,-0.09228445888778788
2015-08-30,0.31135785112305653,0.46414787983165706,0.43182803037928863,0.3656249999999999,0.379423936981403,0.8059088219845238,0.5218937455027097,0.5193684375002671,0.04279381677654014,0.14845688562943146,0.06368715083798883,0.0505308063133879,0.43997991793169977,0.01944713493552151
2015-09-06,0.31347979990256986,0.47323866770424294,0.4497027774316318,0.4172894021739129,0.5488589889742017,0.379423936981403,0.8059088219845238,0.5218937455027097,0.04296431007047056,0.17209546398684564,0.06420111731843577,0.047980316254646056,0.44233116229088937,0.02342713289514015
2015-09-13,0.31599408427447073,0.48394685614211963,0.4719308759609161,0.48087635869565204,0.554894445358057,0.5488589889742017,0.379423936981403,0.8059088219845238,0.04325983177995,0.19678734416089574,0.06470480446927375,0.046561894473609484,0.4522775097606893,-0.0014482261763647637
2015-09-20,0.3179225216588302,0.49209282828447864,0.4702253322184847,0.47690217391304346,0.5171722791077024,0.554894445358057,0.5488589889742017,0.379423936981403,0.043191634462377816,0.21971551860822805,0.06519841787709497,0.04218403052578321,0.44959188979285647,-0.0384094481148713
2015-09-27,0.3180985450185473,0.4928309736285775,0.4255417362289482,0.3735733695652171,0.46112254110099593,0.5171722791077024,0.554894445358057,0.5488589889742017,0.042896112752898403,0.23031353816188024,0.06568215901675978,0.04022973873758456,0.44844545913465117,-0.01364691384118188
2015-10-04,0.3177641680729379,0.4914232351425407,0.41027248050038334,0.3378057065217389,0.4986736145133286,0.46112254110099593,0.5171722791077024,0.554894445358057,0.04279381677654014,0.23707743792618854,0.06615622533363129,0.037570692183201214,0.44194371118881076,0.0030487828493587312
2015-10-11,0.3175931492768855,0.4907025858462365,0.4138841741123801,0.3457540760869565,0.5239917554260164,0.4986736145133286,0.46112254110099593,0.5171722791077024,0.04310070470561491,0.2397361070871273,0.06662081032416536,0.034362773868385536,0.4445072575217421,-0.02777956410707582
2015-10-18,0.3165349140850547,0.4862394168483957,0.3809834524725053,0.24513494318181803,0.477242197931332,0.5239917554260164,0.4986736145133286,0.46112254110099593,0.04387360763809956,0.24220487130799903,0.06707610361488876,0.03243942637201958,0.44280353418246476,0.07968150124013484
2015-10-25,0.31840451730432584,0.4941095674946379,0.47611888428050053,0.465340909090909,0.6402012193796388,0.477242197931332,0.5239917554260164,0.4986736145133286,0.044919299840872916,0.25204948824148066,0.06752229103979769,0.03318650194999063,0.4493636651710841,-0.06261359272798676
2015-11-01,0.3177152307068755,0.4912135010553178,0.40071562532522254,0.2733644859813083,0.42441823607291457,0.6402012193796388,0.477242197931332,0.5239917554260164,0.04548761082064106,0.25858408466703076,0.06795955471620845,0.034407931884659466,0.44827031000631423,-0.031252543504104426
2015-11-08,0.316147838753713,0.48460410661636844,0.36782020809438065,0.1371093749999999,0.47197560837890856,0.42441823607291457,0.6402012193796388,0.477242197931332,0.04582859740850192,0.2630137888123175,0.06838807311909098,0.031637011778932196,0.4424426208271038,-0.016000341346441075
2015-11-15,0.3144189107766391,0.4772589124854849,0.3514498040771207,0.09140625000000006,0.4951047661861002,0.47197560837890856,0.42441823607291457,0.6402012193796388,0.04605592180040919,0.25888038718453177,0.0893854748603352,0.030436078472651472,0.43884940992152505,-0.02449102000829587
2015-11-22,0.31232883799906663,0.46828842412177857,0.32676462437265164,0.022851562499999912,0.4822291011096625,0.4951047661861002,0.47197560837890856,0.42441823607291457,0.04610138667879062,0.24711703289992362,0.08897206703910615,0.027737775422875068,0.43460867799603403,0.0016515280384729392
2015-11-29,0.3107933574948777,0.46161054304504934,0.3289827990155042,0.027421874999999814,0.5218728924130712,0.4822291011096625,0.4951047661861002,0.47197560837890856,0.04473744032734713,0.23619391820707322,0.08809474860335195,0.023965687750070103,0.43985784429679825,0.019608471388376337
2015-12-06,0.31026931882508774,0.45927215989368114,0.35651745275560354,0.1645312499999997,0.5491036471710679,0.5218728924130712,0.4822291011096625,0.4951047661861002,0.044237326665151185,0.2329276924872554,0.08725252290502793,0.021624012086596082,0.4426018473074101,-0.02955880224154439
2015-12-13,0.3090179635663891,0.4537184532041078,0.3226815643181534,0.04352678571428556,0.4745440774131732,0.5491036471710679,0.5218728924130712,0.4822291011096625,0.04338486019549898,0.2234871096139844,0.08644398623463687,0.019871772488898196,0.4414607241985483,0.009950330853168092
2015-12-20,0.30843161681071496,0.45103612775440255,0.33758416264117597,0.10156249999999943,0.5344575879165602,0.4745440774131732,0.5491036471710679,0.5218728924130712,0.042418731529893165,0.21472085408880423,0.08524617387620112,0.01771697596448301,0.44204455462633807,-0.004962789342128902
2015-12-27,0.3079152515103133,0.44863502969651475,0.33143788071923186,0.0753865979381444,0.511842629969564,0.5344575879165602,0.4745440774131732,0.5491036471710679,0.04142987042509661,0.20658075967256542,0.08412023025927151,0.014555116301966903,0.4414023411557693,0.0016570012076293867
2016-01-03,0.3076630299866856,0.4473869634872898,0.33424482167105296,0.22063577586206906,0.5218811921845938,0.511842629969564,0.5344575879165602,0.4745440774131732,0.04074789724937485,0.18256474437223472,0.08306184325935767,0.014152144868512836,0.44278761153443413,-0.05969376380848393
2016-01-10,0.3057897585670247,0.43882559659873943,0.26205615766990675,0.0,0.42884600218505275,0.5218811921845938,0.511842629969564,0.5344575879165602,0.03977040236417367,0.16268050515091995,0.08156549915056437,0.01420013062726206,0.4405849785568637,-0.03214562497341654
2016-01-17,0.3035323612422797,0.42833420363638147,0.22926736482819426,0.1647438226744184,0.47062129757022186,0.42884600218505275,0.5218811921845938,0.511842629969564,0.03856558308706525,0.1669777597727369,0.07976649113494927,0.015722296146162926,0.4386954909905623,0.09349364887792704
2016-01-24,0.3046614848344319,0.43324108130448974,0.37541321179813825,0.4517169331395347,0.6611466106790987,0.47062129757022186,0.42884600218505275,0.5218811921845938,0.03817913162082292,0.1465377237401899,0.07716657923786151,0.017768995834148586,0.4397251555632097,-0.03532747520261435
2016-01-31,0.3046166762418646,0.4327960880064597,0.3335251018606573,0.42391304347826064,0.4657961900015427,0.6611466106790987,0.47062129757022186,0.42884600218505275,0.03695157990452377,0.13500304510348224,0.07487865676842428,0.01988058944647071,0.4352561990159463,-0.024264621999631208
2016-02-07,0.30400863421910684,0.4297356552833423,0.3067567410559945,0.3462357954545455,0.48257242171448467,0.4657961900015427,0.6611466106790987,0.47062129757022186,0.036042282336894764,0.12429227208368235,0.07286528499531951,0.018463966796545793,0.43241666011715074,-0.04668711397265313
2016-02-14,0.3023559502078883,0.4217275065895084,0.25997613849984336,0.19099813432835833,0.44856989867462715,0.48257242171448467,0.4657961900015427,0.6611466106790987,0.03506478745169358,0.11955378949454568,0.07109351783498732,0.020209289487050676,0.41980061532754853,0.010969031370573937
2016-02-21,0.3015310924735562,0.4174702143590744,0.2767880513046874,0.28512041284403655,0.5360023933670642,0.44856989867462715,0.48257242171448467,0.4657961900015427,0.03426915208001819,0.11467633458101448,0.06921193371797736,0.018769188262798615,0.42157333680829195,0.07189773917958153
2016-02-28,0.3031442335119719,0.42474167996415335,0.38210084448913295,0.6289420871559632,0.6283975559367363,0.5360023933670642,0.44856989867462715,0.48257242171448467,0.034110025005683116,0.10015502749322192,0.0675937713773488,0.022920207150714314,0.42476317396376145,0.016778917129109287
2016-03-06,0.3050725178280078,0.433559835876173,0.405340307193095,0.7128010321100914,0.5448127778061009,0.6283975559367363,0.5360023933670642,0.44856989867462715,0.034053193907706315,0.08708480596153087,0.057653631284916206,0.023397336542412016,0.42802200926069695,-0.018472397635442315
2016-03-13,0.3061577244140987,0.4384522109273703,0.38052701603713524,0.5881793478260873,0.4913560235831941,0.5448127778061009,0.6283975559367363,0.5360023933670642,0.03373493975903614,0.08686806894006205,0.057843575418994424,0.025529079336814753,0.4270825730268898,-0.03448617607116932
2016-03-20,0.3061123143716055,0.43804244985953633,0.337012698612279,0.4292119565217392,0.4670719756338797,0.4913560235831941,0.5448127778061009,0.6283975559367363,0.033393953171175265,0.08666681313441243,0.05834994413407822,0.024236710021275268,0.42506039672699986,0.05129329438755048
2016-03-27,0.30772449227892934,0.44547683142394995,0.4116973954981735,0.6676630434782609,0.597152005281285,0.4670719756338797,0.4913560235831941,0.5448127778061009,0.033325755853603097,0.09194127986209427,0.05883605810055866,0.024514260114050897,0.4264775124017259,-0.11466290832013988
2016-04-03,0.30578550351595457,0.43611480876052516,0.28623845332028885,0.15101902173913007,0.3454882021248421,0.597152005281285,0.4670719756338797,0.4913560235831941,0.03255285292111843,0.08512634839915892,0.07050279329608938,0.028043829967684585,0.42519839300993195,-0.01886848430438269
2016-04-10,0.30388352772763466,0.4267332062177041,0.2699111130975793,0.07153532608695642,0.4907553791007418,0.3454882021248421,0.597152005281285,0.4670719756338797,0.0316549215730848,0.08062803331209636,0.07026592178770949,0.025410858431523797,0.4182455033698904,0.09444400391647582
2016-04-17,0.3051853983410187,0.43274996933248533,0.38817744876167515,0.4848505434782605,0.6625877738260486,0.4907553791007418,0.3454882021248421,0.597152005281285,0.0317458513298477,0.06903666168854511,0.06977930726256983,0.027293234854250843,0.4197475398341131,-0.003472225710749092
2016-04-24,0.30623625718999414,0.43759897426624883,0.3843499378989347,0.4689538043478261,0.5141029908732203,0.6625877738260486,0.4907553791007418,0.3454882021248421,0.03201864060013639,0.06594554783096399,0.06905847061452514,0.025136050773149052,0.4186435695706561,0.006932436775644896
2016-05-01,0.3073836245454108,0.4429495819585263,0.3932424832933509,0.5007472826086956,0.5298811111794386,0.5141029908732203,0.6625877738260486,0.4907553791007418,0.031723118890656966,0.060868032283501294,0.06838088416536313,0.023871754926442834,0.4202995249658416,0.04392598045784609
2016-05-08,0.309712396297418,0.4540027725814938,0.4496540857694804,0.7074048913043477,0.5859798634008,0.5298811111794386,0.5141029908732203,0.6625877738260486,0.03196180950215958,0.06249476409331467,0.05776536312849162,0.023542112962700194,0.4232717525982258,0.04049136135473699
2016-05-15,0.31288937345111417,0.46904500879264815,0.4990776994485945,0.9061141304347826,0.5807714452050385,0.5859798634008,0.5298811111794386,0.5141029908732203,0.03264378267788135,0.0686930390915953,0.05798882681564246,0.022391669816740324,0.4272577221552267,0.13074974966264577
2016-05-22,0.3198987244473346,0.5016309515475292,0.6322378506128828,0.9095374381188114,0.7176435168584757,0.5807714452050385,0.5859798634008,0.5298811111794386,0.03462150488747443,0.09903129044088216,0.05848491620111732,0.02997795830810166,0.43255465640008284,-0.05437677087807177
2016-05-29,0.32342270826109537,0.5175784546033878,0.5474367420111943,0.7375850866336631,0.4369089407217962,0.7176435168584757,0.5807714452050385,0.5859798634008,0.03609911343487155,0.12720252383664857,0.059795932960893854,0.03375052428259514,0.42947097023148423,-0.046660081466062334
2016-06-05,0.3245318352999254,0.5224620527174606,0.48534947212256374,0.5973081683168315,0.4486108920409882,0.4369089407217962,0.7176435168584757,0.5807714452050385,0.0367583541714026,0.1512348828866301,0.0610282887150838,0.03366514635263678,0.42858991704045607,0.07564761833931474
2016-06-12,0.3279066660874279,0.5372446520474096,0.5575957498496266,0.8280863242574253,0.6340840493326944,0.4486108920409882,0.4369089407217962,0.7176435168584757,0.03788360991134349,0.186498688081861,0.062186703124022344,0.03801868878929091,0.4316523730116805,-0.01583906402974618
2016-06-19,0.3298649885898026,0.5455388947345828,0.535481640541057,0.778310643564356,0.49534933470610787,0.6340840493326944,0.4486108920409882,0.4369089407217962,0.0390088656512844,0.22018818706086415,0.06327561266842459,0.037945072104786,0.42913128707349746,-0.03545423035780438
2016-06-26,0.33003004497474286,0.5459764172162611,0.48800274344088745,0.6697091584158416,0.46560397251340824,0.49534933470610787,0.6340840493326944,0.4486108920409882,0.04008865651284383,0.24586909195043463,0.06429918764016268,0.036188019681348,0.42831923202393535,-0.021277398447284965
2016-07-03,0.32929681603997096,0.5425607945416983,0.46100679005738654,0.6063582920792077,0.48710238822249224,0.46560397251340824,0.49534933470610787,0.6340840493326944,0.04066833371220733,0.2668456474417833,0.06526134811359649,0.03255114679011185,0.4277566317935198,0.03174869831458027
2016-07-10,0.3296481750395915,0.543815748937098,0.4956225560801153,0.701384591584158,0.5675136591476142,0.48710238822249224,0.46560397251340824,0.49534933470610787,0.042225505796772,0.2899077126302946,0.06616577895862429,0.030651657848311996,0.42918436256693293,0.011834457647002798
2016-07-17,0.33018412921630474,0.5458325487314892,0.5087305240614903,0.7375850866336631,0.5373147665385644,0.5675136591476142,0.48710238822249224,0.46560397251340824,0.043987269834053204,0.3076037028960992,0.0670159439529504,0.029415563586050707,0.44118473163268407,0.028987536873252406
2016-07-24,0.33146889299339405,0.5509585672021627,0.541268722532722,0.7975041946308721,0.5633265038734154,0.5373147665385644,0.5675136591476142,0.48710238822249224,0.0453853148442828,0.3290700404333129,0.06781509904761696,0.029850912465038106,0.4419543262874978,-0.05129329438755046
2016-07-31,0.33052852045028686,0.5467039416750017,0.46473895661061737,0.5827915268456374,0.4415848697192492,0.5633265038734154,0.5373147665385644,0.5675136591476142,0.04640827460786542,0.34900306814644,0.06856630483660352,0.030149621615930107,0.44072297483979583,0.003003005259769556
2016-08-07,0.3297372560735469,0.543116729729413,0.4683876406162335,0.5745535714285711,0.523922336132809,0.4415848697192492,0.5633265038734154,0.5373147665385644,0.04740850193225735,0.37203844914841633,0.06927243827825087,0.028843843704956955,0.44187471304734466,-0.025817683025940865
2016-08-14,0.32810553673409737,0.5360449116016819,0.4314839383828565,0.3840598739495796,0.4802172868172156,0.523922336132809,0.4415848697192492,0.5633265038734154,0.04791998181404867,0.38164907661190395,0.0699362037133994,0.02594264157122702,0.43890779296430404,0.0015372793188863979
2016-08-21,0.32674937361037487,0.5301678281711855,0.4335924044981796,0.3590959821428566,0.5216996402730019,0.4802172868172156,0.523922336132809,0.4415848697192492,0.048158672425551254,0.396918806506953,0.070560143222439,0.024620732096086652,0.47300879749656904,-0.0015372793188863669
2016-08-28,0.3255228417108596,0.5248648178202127,0.4312129434625682,0.2819980053191488,0.5170372347275324,0.5216996402730019,0.4802172868172156,0.523922336132809,0.0473857694930666,0.40762403004707326,0.07114664636093623,0.023709874865102308,0.4692032846172486,-0.015504186535965199
2016-09-04,0.3239541316908352,0.5181354861450055,0.4066008290616129,0.1847573138297875,0.4958571587120889,0.5170372347275324,0.5216996402730019,0.4802172868172156,0.046931120709252115,0.4139790209139693,0.08033519553072627,0.021069841411765683,0.4683328465249075,0.02773675497159962
2016-09-11,0.32355922391201564,0.5163905608609232,0.45077628201433007,0.35979055851063824,0.5614297592796408,0.4958571587120889,0.5170372347275324,0.5216996402730019,0.047033416685610376,0.4205411075311002,0.08015865921787711,0.01882946853571712,0.4691608242225002,0.0
2016-09-18,0.3231730249033929,0.5146917058300592,0.45077628201433007,0.2193749999999996,0.5193684375002671,0.5614297592796408,0.4958571587120889,0.5170372347275324,0.04655603546260514,0.42663447367557894,0.07998565363128493,0.016432492154883162,0.4701427208510557,-0.012232568435634408
2016-09-25,0.32239118914077125,0.5113278884382467,0.4279071378140967,0.15234374999999953,0.5008183945090715,0.5193684375002671,0.5614297592796408,0.4958571587120889,0.04611275289838599,0.4297183030673627,0.07981610815642459,0.014523358511469062,0.46872560517632966,-0.018634079544892983
2016-10-02,0.32110486087517154,0.5058310437520063,0.3939627215619489,0.09273097826086987,0.4911108415196732,0.5008183945090715,0.5193684375002671,0.5614297592796408,0.04580586496931121,0.42479214193119774,0.07964995359106147,0.012856134936466548,0.46750486882731473,0.01863407954489301
2016-10-09,0.32065851694068315,0.5039077643116323,0.42914331598447253,0.2516983695652177,0.5476260334808609,0.4911108415196732,0.5008183945090715,0.5193684375002671,0.04579449874971584,0.420217849447616,0.07928406717926259,0.011202455380082209,0.46836469182096874,-0.0472528848505455
2016-10-16,0.31873934671619314,0.4957007905723038,0.3469309330468443,0.0,0.44771193706474177,0.5476260334808609,0.4911108415196732,0.5008183945090715,0.04520345533075699,0.4053060809608279,0.07893281622393566,0.01093341634716647,0.4677702462944919,0.008032171697264253
2016-10-23,0.31746814048971156,0.4902381197871492,0.36255444042418494,0.0571289062499998,0.5315488010176193,0.44771193706474177,0.5476260334808609,0.4911108415196732,0.04457831325301206,0.39688589478823844,0.0783532718315051,0.010683594388030425,0.4685186107519315,-0.008032171697264267
2016-10-30,0.31621050880380835,0.4848088026841197,0.34884243936856507,0.0,0.5071880739829148,0.5315488010176193,0.44771193706474177,0.5476260334808609,0.043669015685383054,0.3872168862399733,0.07780850010262039,0.007813032364639788,0.46736687254438264,0.008032171697264253
2016-11-06,0.3154864206678137,0.4816678790772431,0.3660934497745,0.13817223837209283,0.5315488010176193,0.5071880739829148,0.5315488010176193,0.44771193706474177,0.04321436690156854,0.3707703731280967,0.07729641467746874,0.006519574420528786,0.467966625620203,0.03613904661587335
2016-11-13,0.3161040399331762,0.48434568971424624,0.4408151595995239,0.483915441176471,0.5741713901191462,0.5315488010176193,0.5071880739829148,0.5315488010176193,0.04299840872925665,0.36661900414796156,0.07658309256472377,0.005951766607146296,0.4695058149298305,-0.04417121831313754
2016-11-20,0.31517207723037294,0.4802962157652389,0.35763383344722377,0.2285156250000002,0.45238512136403575,0.5741713901191462,0.5315488010176193,0.5071880739829148,0.04265742214139578,0.34168479014510045,0.07592683622099838,0.007957557605030571,0.4660293701098097,-0.06669137449867228
2016-11-27,0.3124263837492999,0.4682564006064583,0.26269304059122023,0.0,0.41823449571184895,0.45238512136403575,0.5741713901191462,0.5315488010176193,0.04185042055012505,0.3099370142055645,0.07503806321342368,0.008975730780581385,0.465328773596462,0.04714677842570208
2016-12-04,0.3117492845191783,0.4652304829833481,0.34899808918325104,0.3281250000000001,0.5908640331550143,0.41823449571184895,0.45238512136403575,0.5741713901191462,0.04137303932711981,0.2817435464940711,0.073810031940662,0.00886574350477285,0.46581382522341913,0.0032840752011897975
2016-12-11,0.3113782967942774,0.4635419639730913,0.3548888440134652,0.35156249999999956,0.5243485638317843,0.5908640331550143,0.41823449571184895,0.45238512136403575,0.041032052739258924,0.26704535524684214,0.07272936442063171,0.007813722046584065,0.4662476483841123,-0.0032840752011898846
2016-12-18,0.3110479373046734,0.4620224067547247,0.34969680349801624,0.3281250000000001,0.5143883111687497,0.5243485638317843,0.5908640331550143,0.41823449571184895,0.040463741759490794,0.25678954382284136,0.07177837700300507,0.007470105255843622,0.4659682749093162,0.004922077205428455
2016-12-25,0.3110074619545925,0.4617890087537846,0.35970788825558586,0.39909771126760624,0.5268325072291316,0.5143883111687497,0.5243485638317843,0.5908640331550143,0.03992952943850874,0.24726629035769768,0.07094972067039106,0.005040164929658912,0.46680686770559604,-0.01983536105614604
2017-01-01,0.3104317007037889,0.45915131756890293,0.3257896102038915,0.24810267857142895,0.48928916164961767,0.5268325072291316,0.5143883111687497,0.5243485638317843,0.03934985223914527,0.22866357487985148,0.07021229050279329,0.003311508667611679,0.4661805768830579,0.01326719294404886
2017-01-08,0.3104602697764468,0.45921514275390013,0.35482159621521325,0.3525669642857147,0.539487433832032,0.48928916164961767,0.5268325072291316,0.5143883111687497,0.03899749943168903,0.22091830766709633,0.06956335195530726,0.002022957991642385,0.46741192833075995,0.06072152573627426
2017-01-15,0.31248772017248694,0.46826116952181107,0.47415145100632206,0.8487723214285714,0.6114494194155303,0.539487433832032,0.48928916164961767,0.5268325072291316,0.038940668333712215,0.22990021928526108,0.06480446927374302,0.0034650311395780786,0.46943410463064994,-0.01562531790308087
2017-01-22,0.31361697487448886,0.4732765236449343,0.4419543723821785,0.7181919642857137,0.495673469401099,0.6114494194155303,0.539487433832032,0.48928916164961767,0.039111161627642645,0.24052488262713087,0.06494972067039106,0.002165514572754053,0.46771445864334193,-0.05503006435748404
2017-01-29,0.31280906302337047,0.4696493061442006,0.34509444160863556,0.2742187499999998,0.43591825571621207,0.495673469401099,0.6114494194155303,0.539487433832032,0.038838372357353955,0.22438461306029897,0.0652567597765363,0.002964144830175465,0.4666264110279156,-0.0016652793190612089
2017-02-05,0.31217093665751383,0.46675775589244384,0.3424680317072172,0.2611607142857144,0.5168431294978245,0.43591825571621207,0.495673469401099,0.6114494194155303,0.0386110479654467,0.20871587483028345,0.06555151731843575,0.001172688958898764,0.46560736155395527,0.031175617468449796
2017-02-12,0.31269025768522113,0.4690600300123782,0.4036938685155277,0.5092633928571433,0.5666446123575564,0.5168431294978245,0.43591825571621207,0.495673469401099,0.03854285064787453,0.1999502286728658,0.06583448455865921,0.0005646280172475551,0.46650964494235764,-0.021225286615281818
2017-02-19,0.3124830485566617,0.4680995058143418,0.36609592122709844,0.3395089285714281,0.48718141305927076,0.5666446123575564,0.5168431294978245,0.43591825571621207,0.03806546942486929,0.19181070009812098,0.06610613310927374,0.0,0.46524644819859434,-0.04903771956121486
2017-02-26,0.3108952600165821,0.4608770691425896,0.2913164668683611,0.0694224683544299,0.44500532963480527,0.48718141305927076,0.5666446123575564,0.5168431294978245,0.037576721982268683,0.17250142131364352,0.07262569832402235,0.0024309171841090105,0.46115432765472253,0.03908738870804691
2017-03-05,0.31088851185026817,0.46078912893470103,0.3655576244831453,0.3355419303797468,0.5786423949494359,0.44500532963480527,0.48718141305927076,0.5666446123575564,0.03780404637417594,0.1545713767280573,0.07244916201117318,0.00247178645497393,0.4617381580825123,0.031175617468449796
2017-03-12,0.31191711693524954,0.4654174273667378,0.42077550195722224,0.5553797468354434,0.5666446123575564,0.5786423949494359,0.44500532963480527,0.48718141305927076,0.03792907478972495,0.14187762577934163,0.07227615642458102,0.0016653894554353454,0.4622061512458792,-0.004858309151076406
2017-03-19,0.3126263064943412,0.4686014449222928,0.4120940913701737,0.5206685126582278,0.5120010686528177,0.5666446123575564,0.5786423949494359,0.44500532963480527,0.03799727210729712,0.12612581088937683,0.07210661094972068,0.0010221356211743832,0.4531727022631687,0.05679759839313304
2017-03-26,0.3150606071319045,0.47957193280127874,0.5080093509671655,0.9140624999999998,0.605498991155709,0.5120010686528177,0.5666446123575564,0.5786423949494359,0.03849738576949308,0.12162574567711057,0.06379888268156425,0.002219065942497489,0.4635171159337344,0.07103577311675174
2017-04-02,0.3194290406947322,0.49900519714358543,0.6058356280351052,0.7913695469798654,0.6270904299961313,0.605498991155709,0.5120010686528177,0.5666446123575564,0.039508979313480345,0.14440206666517127,0.06397988826815643,0.006602346008353847,0.4696048750307784,-0.15415067982725836
2017-04-09,0.3177361094800391,0.49151544207955716,0.36896236753166056,0.1779047818791946,0.2856070853391207,0.6270904299961313,0.605498991155709,0.5120010686528177,0.0395203455330757,0.13180568749972346,0.06463856983240224,0.014049922788015909,0.45873501397520194,0.014888612493750559
2017-04-16,0.31685701943841477,0.48760840064814936,0.38757597566964863,0.23311661073825485,0.5419462308142025,0.2856070853391207,0.6270904299961313,0.605498991155709,0.03954307797226644,0.11289591080260122,0.08044692737430167,0.013471949846365773,0.45999821071896524,0.017901210329240302
2017-04-23,0.3167272876158317,0.48703066066491607,0.41064156850744304,0.3005977348993289,0.546514676080425,0.5419462308142025,0.2856070853391207,0.6270904299961313,0.039258922482382365,0.10530120621490238,0.08013407821229052,0.01388515110262864,0.4613463282522252,0.06252035698133393
2017-04-30,0.31866100933544506,0.49560622281852335,0.48789779390107135,0.545983640939597,0.6141772518495233,0.546514676080425,0.5419462308142025,0.2856070853391207,0.03954307797226642,0.10580725234444435,0.07982748603351957,0.014479924742636735,0.46856459535944395,0.03278982282299097
2017-05-07,0.32127392298701885,0.5070589579361592,0.5257952023850698,0.6809458892617448,0.5690924693943605,0.6141772518495233,0.546514676080425,0.5419462308142025,0.040463741759490794,0.12118089719143363,0.07952702569832402,0.017670799041122863,0.47975821692497655,-0.0044085302847659685
2017-05-14,0.32311774967319257,0.5150178893312609,0.5185882603641248,0.6625419463087245,0.512683134512534,0.5690924693943605,0.6141772518495233,0.546514676080425,0.04136167310752444,0.13545642454935222,0.06480446927374302,0.0203171236080711,0.4585917101429263,0.0014716706114562507
2017-05-21,0.32454143357308834,0.5210662945371438,0.5204588200829945,0.6686765939597312,0.5216001481385552,0.512683134512534,0.5690924693943605,0.6141772518495233,0.042055012502841556,0.14871227138170526,0.0650949720670391,0.01886931994660329,0.46251929665714825,0.09129142020940723
2017-05-28,0.32887460939922847,0.5392800087908652,0.6263122024324491,0.9140624999999998,0.6578070473901264,0.5216001481385552,0.512683134512534,0.5690924693943605,0.04363491702659696,0.17300033361798542,0.06537966480446927,0.021746666016234664,0.4730176292586767,0.27007836803353297
2017-06-04,0.34388028637245205,0.5995353628983312,0.8170378050890913,0.9095486111111111,0.9289279968336568,0.6578070473901264,0.5216001481385552,0.512683134512534,0.048170038645146636,0.2275525824644111,0.06609408715083799,0.0421497751387828,0.490139783440947,-0.07442328037011303
2017-06-11,0.35176845982155913,0.628509582894138,0.688613041539883,0.7357638888888889,0.40650946943680366,0.9289279968336568,0.6578070473901264,0.5216001481385552,0.0516481018413276,0.27877807628102236,0.06868486650279329,0.04484183886617791,0.4834469637187391,-0.003316752625994038
2017-06-18,0.35739780872136107,0.6474950886215115,0.683428426511905,0.7289930555555553,0.5143387575825059,0.40650946943680366,0.9289279968336568,0.6578070473901264,0.054876108206410555,0.32384306077506275,0.07199454645631284,0.04111455293114961,0.4769133704768374,-0.0033277900926745796
2017-06-25,0.3611932711634476,0.6588978556163282,0.6779087188361529,0.7222222222222221,0.5143220198481114,0.5143387575825059,0.40650946943680366,0.9289279968336568,0.058104114571493524,0.3528651104110029,0.07503945201355083,0.04356393096315824,0.47184466085375365,-0.03390155167568146
2017-07-02,0.36213551899213997,0.6598191929275736,0.6223577991785753,0.6545138888888886,0.4679585276059422,0.5143220198481114,0.5143387575825059,0.40650946943680366,0.060581950443282566,0.3670672671316151,0.07784076512620978,0.04457183286629653,0.4694084957050673,0.033901551675681416
2017-07-09,0.3638830618456002,0.6633996074200385,0.6501484974367429,0.7222222222222221,0.5707783473945919,0.4679585276059422,0.5143220198481114,0.5143387575825059,0.06285519436235507,0.3826841219817959,0.08041797318985601,0.04191926687007979,0.4713139059193993,0.011049836186584935
2017-07-16,0.36522446634910827,0.6654137422675189,0.6593204255322961,0.7447916666666665,0.5361249295963759,0.5707783473945919,0.4679585276059422,0.5143220198481114,0.0663787224369175,0.40159666702344876,0.08278900460841056,0.044100078575829406,0.4830011295738814,0.176811900982985
2017-07-23,0.37467475023142766,0.6934341715067955,0.7805374894635327,0.9121855749486651,0.7874943328792676,0.5361249295963759,0.5707783473945919,0.4679585276059422,0.07180040918390546,0.4359670171839649,0.08497035351348073,0.061112277919555306,0.4995872212724539,0.31694581427085766
2017-07-30,0.4020168451158376,0.7715195295518174,0.9055029605691746,0.9140624999999998,1.0,0.7874943328792676,0.5361249295963759,0.5707783473945919,0.08170038645146627,0.4870428788188488,0.0886185695587807,0.09685701891099899,0.5215074000612873,-0.13401057227814026
2017-08-06,0.41295743634672216,0.7950370382481954,0.7075362143864115,0.6050836267605633,0.3161484931268031,1.0,0.7874943328792676,0.5361249295963759,0.08902023187087976,0.5381556574617382,0.09731843575418996,0.12371596134156235,0.5065613411098697,-0.01779544058986386
2017-08-13,0.41926381790366823,0.8039852597021592,0.6862919885001914,0.5832677041330645,0.49238259313518545,0.3161484931268031,1.0,0.7874943328792676,0.09582859740850197,0.5775714817322639,0.10934748603351956,0.1187876314584792,0.4984036377688438,0.06351340572232593
2017-08-20,0.42730930658888394,0.8161380954404152,0.7179815956557821,0.6535783678756476,0.6156831577379459,0.49238259313518545,0.3161484931268031,1.0,0.10362582405092066,0.6155608417301895,0.11969246927374302,0.11769425666515088,0.5061791975571346,-0.011049836186585046
2017-08-27,0.431590752326641,0.8178812285123844,0.7032695529061613,0.632064494680851,0.5026119454041581,0.6156831577379459,0.49238259313518545,0.3161484931268031,0.11124119117981363,0.6518738718182494,0.1285891548603352,0.11488474261820913,0.5035413455333936,0.03636764417087479
2017-09-03,0.4361801157296324,0.8199033990888702,0.7228189219073483,0.6583806818181818,0.5745180462196432,0.5026119454041581,0.6156831577379459,0.49238259313518545,0.11868606501477608,0.6739120449673205,0.13624030446480448,0.11776416388505587,0.5125004888252945,-0.025317807984289897
2017-09-10,0.4366355266799099,0.8122249952621332,0.6863039810283363,0.6014167444029851,0.48097532087699973,0.5745180462196432,0.5026119454041581,0.6156831577379459,0.12310752443737213,0.6943760628914578,0.1418994413407821,0.11727161081638207,0.508567594761729,0.003656311203110479
2017-09-17,0.43588120108934353,0.8022517268934123,0.6885710215686167,0.607101212686567,0.5249130400392817,0.48097532087699973,0.5745180462196432,0.5026119454041581,0.12838145032962037,0.7133783652495855,0.1418994413407821,0.11037609395438294,0.5160140864907201,0.0
2017-09-24,0.43393338439713197,0.7902144585156343,0.6885710215686167,0.607101212686567,0.5193684375002671,0.5249130400392817,0.48097532087699973,0.5745180462196432,0.13368947488065472,0.7283603209493844,0.1452513966480447,0.10291768021513517,0.5187952423467367,0.020231903971585117
2017-10-01,0.43249670714520305,0.7799114612792639,0.7026834914855419,0.638934235074627,0.5500490497070508,0.5193684375002671,0.5249130400392817,0.48097532087699973,0.13934985223914528,0.7349244184243835,0.18324022346368715,0.10074146239623799,0.5289220464942171,-0.02096209750530669
2017-10-08,0.428577983082956,0.7648875694527397,0.6659594723661258,0.5981046715561223,0.48758052542316577,0.5500490497070508,0.5193684375002671,0.5249130400392817,0.1450215958172312,0.7390668623512503,0.1825340782122905,0.09956503574403233,0.5213110207355762,0.023819242306086556
2017-10-15,0.42591246597007143,0.753232356698532,0.684688694659311,0.6365792410714284,0.5554890585391383,0.48758052542316577,0.5500490497070508,0.5193684375002671,0.15072743805410324,0.747121251257725,0.18111874860335198,0.09889481308536935,0.5344312827128149,0.0808105462457867
2017-10-22,0.42858208046617874,0.7531189587229401,0.743357574082443,0.7714259590377113,0.6419133564098986,0.5554890585391383,0.48758052542316577,0.5500490497070508,0.15766083200727443,0.7625898351108633,0.17976003217877096,0.1087212580537861,0.5485493639666398,0.013072081567352921
2017-10-29,0.43041717125988876,0.7512105685947861,0.7522404398416843,0.7312500000000001,0.5391915577496846,0.6419133564098986,0.5554890585391383,0.48758052542316577,0.162821095703569,0.7769535201173489,0.1784556644111732,0.10760810627504758,0.5546795834584322,-0.00978800636616282
2017-11-05,0.429797503382694,0.7444842930736659,0.7313936856412001,0.6388866164921466,0.5045254435823672,0.5391915577496846,0.6419133564098986,0.5554890585391383,0.16320754716981134,0.7919843298523013,0.14715083798882683,0.10530794478249209,0.5492605755786746,-0.062224261213340126
2017-11-12,0.42334561621852584,0.7266789331329109,0.6128608132891344,0.47325721153846134,0.4250086367211941,0.5045254435823672,0.5391915577496846,0.6419133564098986,0.1646737894976131,0.7801448147519784,0.14777430167597766,0.10570512164971571,0.545550598587538,0.1848770233954665
2017-11-19,0.43187632229169165,0.7384544919567516,0.7493524429512662,0.9140624999999998,0.7997246644133195,0.4250086367211941,0.5045254435823672,0.5391915577496846,0.16970902477835875,0.7836563641629729,0.14838529608938547,0.12623271424359983,0.5787174744353393,0.04591341954334309
2017-11-26,0.44136821025389816,0.7509467218670336,0.7760048313767048,0.8431438577586206,0.5889937096484086,0.7997246644133195,0.4250086367211941,0.5045254435823672,0.17471016140031828,0.7933407791151292,0.15015491217877094,0.13041243370055866,0.5909248379254887,0.10408546489883705
2017-12-03,0.4574553333068059,0.7737602792273718,0.8292560091243667,0.837509765625,0.6772085394209284,0.5889937096484086,0.7997246644133195,0.4250086367211941,0.18213230279609005,0.8106994167041828,0.1535478520849162,0.1464310904213077,0.6163373841823734,0.08008111086868688
2017-12-10,0.47694974795465334,0.7997064108729232,0.8637098383289253,0.8662683823529409,0.6408072062439952,0.6772085394209284,0.5889937096484086,0.7997246644133195,0.19088429188451922,0.8310479649557444,0.1597668172142123,0.15729490895163,0.6566747591933016,-0.09974395762009403
2017-12-17,0.47992164069101073,0.7967504042580663,0.6924119998584508,0.6153989984391258,0.3681120017238856,0.6408072062439952,0.6772085394209284,0.5889937096484086,0.19769265742214143,0.8340023208353033,0.168572258397819,0.1833197907631115,0.6473440874473527,0.01816397062767112
2017-12-24,0.482222214938151,0.7927771221306028,0.7033470287907271,0.6496406737773152,0.546913138174295,0.3681120017238856,0.6408072062439952,0.6772085394209284,0.20485337576721985,0.8367456512948938,0.17888660414985724,0.1808888207869372,0.650629460491006,0.08846864798760819
2017-12-31,0.4915483960275827,0.7994670294545216,0.7542327035276918,0.8256048387096773,0.653526462626244,0.546913138174295,0.3681120017238856,0.6408072062439952,0.21411684473744036,0.8437080918685521,0.18796322841165092,0.18644170161347198,0.6551249547849871,-0.02690329232945343
2018-01-07,0.4939142860182142,0.7952432150724615,0.7105516690782441,0.7704376951092609,0.47857101773171956,0.653526462626244,0.546913138174295,0.3681120017238856,0.22240281882245966,0.8509382690257377,0.19595065776202933,0.18241567407037734,0.6387352424121256,-0.061565355658154845
2018-01-14,0.4872908187143212,0.7782533764455959,0.6212023768655152,0.6326567691029898,0.42600783214283744,0.47857101773171956,0.653526462626244,0.546913138174295,0.22957490338713343,0.8357305304925334,0.20297959559036233,0.18300449848666578,0.6307261504527191,0.09349034308733897
2018-01-21,0.4901269013565678,0.7755837668614971,0.6827906457232186,0.7658881578947367,0.6611415976225317,0.42600783214283744,0.47857101773171956,0.653526462626244,0.23859968174585133,0.8322218557244528,0.2091650608792954,0.210992542711111,0.6506825359844414,-0.06150729723428821
2018-01-28,0.483711549191121,0.7600939726379692,0.6008077809468922,0.6324324324324322,0.4260958746716321,0.6611415976225317,0.42600783214283744,0.47857101773171956,0.244794271425324,0.8289638005826636,0.21631284916201118,0.2085902718081233,0.6482835236811599,0.05189843812765144
2018-02-04,0.48237771872759583,0.7523778624319868,0.6361777762710387,0.706749355670103,0.5980696737540829,0.4260958746716321,0.6611415976225317,0.42600783214283744,0.2520118208683792,0.8338000415482104,0.21631284916201118,0.22588511690923346,0.6693651096737134,0.0068728792877620504
2018-02-11,0.4802088635177378,0.7438817429489848,0.6409377713680215,0.720884342783505,0.5297907953993563,0.5980696737540829,0.4260958746716321,0.6611415976225317,0.2595703568992953,0.835096670375347,0.22451843575418995,0.22083594001243567,0.6725814845759006,-0.00917437627604127
2018-02-18,0.4756304860954711,0.7325397755635561,0.6274621914119527,0.695270944148936,0.5054559811560861,0.5297907953993563,0.5980696737540829,0.4260958746716321,0.26794726074107755,0.8363006828576881,0.23128491620111732,0.20928709893450756,0.6712333670426407,-0.01392133851860812
2018-02-25,0.46870790537024565,0.7185734708204932,0.606535174140274,0.578687050359712,0.4982574640056991,0.5054559811560861,0.5297907953993563,0.5980696737540829,0.2726756080927484,0.823895034942451,0.2675977653631285,0.20436806095422722,0.6609685666122281,0.050124387182568814
2018-03-04,0.4671476553094106,0.7122781142111084,0.6473910377596801,0.6871120505136985,0.5953794193342516,0.4982574640056991,0.5054559811560861,0.5297907953993563,0.2777335758126847,0.8216937743538254,0.26682681564245814,0.21035472078930992,0.6737385303327931,-0.07376615023960914
2018-03-11,0.45607488358572157,0.6937624651755107,0.5407918970491704,0.35085227272727243,0.4075059725208287,0.5953794193342516,0.4982574640056991,0.5054559811560861,0.2787224369174813,0.8014159515122601,0.26607128491620113,0.22699581692235393,0.6672155521895784,0.004773278752657812
2018-03-18,0.44632126303032194,0.6775838111900423,0.5450791147611334,0.36931818181818177,0.5266068622461958,0.4075059725208287,0.5953794193342516,0.4982574640056991,0.2779268015458059,0.7818819311464265,0.26443402011173184,0.22239502120831456,0.6744868947902326,0.03738753207162041
2018-03-25,0.4412723515285072,0.668097290973359,0.5793763471631828,0.48590686274509814,0.5760646522741754,0.5266068622461958,0.4075059725208287,0.5953794193342516,0.28038190497840426,0.7670817247069764,0.2620428392402235,0.21495655237167516,0.6794123005810407,-0.01618532442101742
2018-04-01,0.4341183763191917,0.6561690354138636,0.5551157285764413,0.41620710784313714,0.49482424913818096,0.5760646522741754,0.5266068622461958,0.4075059725208287,0.28203000681973184,0.7465136198728811,0.2597951292210056,0.2127988548194858,0.6743170532112392,0.03661736323822331
2018-04-08,0.4312452882276835,0.6501698224949883,0.5904576360814882,0.5755208333333333,0.5748967319763925,0.49482424913818096,0.5760646522741754,0.5266068622461958,0.2824846556035463,0.7291458555270408,0.2576822818029408,0.20340724194928417,0.6801394348411062,-0.03895108658444347
2018-04-15,0.4233674052917617,0.6378730870959556,0.530480230569792,0.4062499999999998,0.4603011750118449,0.5748967319763925,0.49482424913818096,0.5760646522741754,0.28263241645828596,0.7036023891924487,0.25569620522995984,0.19732504305971835,0.6780641830477807,0.0
2018-04-22,0.41598106128677964,0.6265153818918133,0.530480230569792,0.4062499999999998,0.5193684375002671,0.4603011750118449,0.5748967319763925,0.49482424913818096,0.2842236872016367,0.6701837298415134,0.25382929325135783,0.18956641935605287,0.6890826554849764,-0.11895194286136523
2018-04-29,0.3968581712056198,0.600016827905723,0.3826739392733933,0.13395743534482776,0.3389841081114636,0.5193684375002671,0.4603011750118449,0.5748967319763925,0.2808592862014095,0.6143671896705903,0.25207439599147186,0.20769239416290092,0.6807763407623313,-0.026668247082161294
2018-05-06,0.378420854745731,0.5744789337637335,0.3568944358583578,0.055158943965517446,0.47892745141652476,0.3389841081114636,0.5193684375002671,0.4603011750118449,0.27841554898840654,0.5625375452261618,0.24813190799930498,0.19866552848245533,0.6737332227834495,0.016086137751624444
2018-05-13,0.3647993904129401,0.555442650183231,0.37548715135131017,0.10901662844036725,0.5437622145246954,0.47892745141652476,0.3389841081114636,0.5193684375002671,0.2750625142077745,0.5144100182420496,0.24450481904651142,0.18817257133011586,0.6762330785242583,-0.13049648892936863
2018-05-20,0.3418832776934988,0.5233807154212681,0.2661872048126743,0.04294253355704713,0.3214774146478522,0.5437622145246954,0.47892745141652476,0.3389841081114636,0.26892475562627866,0.49163291470488113,0.24116789720994133,0.20164865462841225,0.670601768670759,0.05597926774190128
2018-05-27,0.328474913163646,0.5042764860408027,0.32500631979175654,0.15950083892617445,0.6042580360086982,0.3214774146478522,0.5437622145246954,0.47892745141652476,0.26409411229824964,0.47048274713465343,0.23509580022637738,0.197275219812853,0.6732926961879354,0.13639262490555495
2018-06-03,0.3308056608278126,0.5075796019827061,0.4555195793649176,0.4723678691275166,0.726200638684583,0.6042580360086982,0.3214774146478522,0.5437622145246954,0.26250284155489895,0.43070840043341896,0.2296309129411698,0.21273969842371818,0.6973518173622166,-0.030459207484708574
2018-06-10,0.32942090892878056,0.5055754187765257,0.425974766669277,0.4097521551724137,0.4731786604888307,0.726200638684583,0.6042580360086982,0.3214774146478522,0.25897931348033654,0.40223328177744466,0.18044692737430165,0.21707295035787433,0.647073402430832,-0.020834086902841914
2018-06-17,0.3261580862290276,0.5008940425595891,0.40624602238654783,0.427061987704918,0.48777464673068555,0.4731786604888307,0.726200638684583,0.6042580360086982,0.25681973175721756,0.37579210016832587,0.1815530726256983,0.20737604494921638,0.6453219111474628,0.0
2018-06-24,0.3234953286662034,0.4970677170998457,0.40624602238654783,0.427061987704918,0.5193684375002671,0.48777464673068555,0.4731786604888307,0.726200638684583,0.25454648783814504,0.3455997924952905,0.18263709497206704,0.20312122772300978,0.6557565531568686,-0.026668247082161294
2018-07-01,0.318790171216856,0.4902923647397623,0.3796090013560175,0.3521388319672132,0.47892745141652476,0.5193684375002671,0.48777464673068555,0.4731786604888307,0.2507956353716754,0.31584541345932404,0.1836994368715084,0.1928377232371835,0.6539679090280947,-0.055569851154810765
2018-07-08,0.3099955817388106,0.4775139569794872,0.3289976732034047,0.2022925204918034,0.4350996975900771,0.47892745141652476,0.5193684375002671,0.48777464673068555,0.24630597863150722,0.29283143469950124,0.1847405319329609,0.1922599420517435,0.6395738352084055,0.011363758650315003
2018-07-15,0.3042001594328553,0.46898447295398776,0.34180805559260197,0.23226178278688522,0.5366009764077005,0.4350996975900771,0.47892745141652476,0.5193684375002671,0.24113434871561723,0.2633181104455633,0.18576080509318435,0.1970005999307921,0.6471370930229545,-0.07020425867324846
2018-07-22,0.2937004893005031,0.4532995625645143,0.2831868249039531,0.21423339843749997,0.41290739267503695,0.5366009764077005,0.4350996975900771,0.47892745141652476,0.23556490111388956,0.2554963940768239,0.2357541899441341,0.20879067596164874,0.6427689799132186,-0.03077165866675366
2018-07-29,0.2831948429646672,0.43723606251403635,0.26050067650735287,0.14984631147540975,0.4727048447983579,0.41290739267503695,0.5366009764077005,0.4350996975900771,0.2294271425323937,0.24823337173442303,0.23439106145251398,0.20496253056110691,0.6409909508831315,-0.0317486983145803
2018-08-05,0.27280423688349026,0.4209085041663482,0.23813645120284777,0.07492315573770487,0.47122321585291993,0.4727048447983579,0.41290739267503695,0.5366009764077005,0.22544896567401684,0.245527346792312,0.2330551955307263,0.19401978754600657,0.6383849441554519,-0.046212843155131564
2018-08-12,0.2616050210391378,0.402770550957801,0.2078973468892919,0.0071973425196851385,0.4492891052828539,0.47122321585291993,0.4727048447983579,0.41290739267503695,0.22124346442373272,0.24886825677912675,0.2317460469273743,0.18544181972592916,0.635524175059282,-0.006779686985378804
2018-08-19,0.25295136286485886,0.38812732649516046,0.203575043042582,0.02093272900763338,0.5090874007983373,0.4492891052828539,0.47122321585291993,0.4727048447983579,0.21658331438963402,0.25351684187153856,0.22906838382122904,0.17219939491318575,0.6344361274438557,0.06899287148695142
2018-08-26,0.2522393314399903,0.38614772684865184,0.28830370310105446,0.16746183206106854,0.6239924777337769,0.5090874007983373,0.4492891052828539,0.47122321585291993,0.21573084791998182,0.24231950439363856,0.2250784707360894,0.170984912444677,0.6378913420665023,0.015748356968139112
2018-09-02,0.25368887664436723,0.3877237924209887,0.30745648449473484,0.20234971374045788,0.5432499878334472,0.6239924777337769,0.5090874007983373,0.4492891052828539,0.21408274607865424,0.22653118681446235,0.22132795243605813,0.1714403294178632,0.6390908482181431,-0.14069988210313514
2018-09-09,0.24486390409309133,0.37200765075823805,0.20758189650815234,0.0,0.3060045086080976,0.5432499878334472,0.6239924777337769,0.5090874007983373,0.20714935212548308,0.22198707291426303,0.21780246523402874,0.17872353628100895,0.637907264714533,0.055958653648044414
2018-09-16,0.24283837617213933,0.36743308774677685,0.2674463995042806,0.12394067796610148,0.6042267758257464,0.3060045086080976,0.5432499878334472,0.6239924777337769,0.2018072289156626,0.21647883939416976,0.21280284902089303,0.17176587473498417,0.6388095481029353,-0.03460552917747561
2018-09-23,0.2395516402655016,0.36051410603035783,0.2446557801506165,0.04687499999999982,0.4668909829613462,0.6042267758257464,0.3060045086080976,0.5432499878334472,0.1963514435098886,0.21232305092198758,0.20820320210480817,0.16530518901367544,0.6362937697140958,0.020906684819313643
2018-09-30,0.23938284405255367,0.35889884248365034,0.26782634243863634,0.09793526785714278,0.5510723191701128,0.4668909829613462,0.6042267758257464,0.3060045086080976,0.1912366446919755,0.20846410448353273,0.20397152694201012,0.1571951132519631,0.6381726421817101,0.013698844358161927
2018-10-07,0.2411502254464469,0.360710892881311,0.2836851841886652,0.13058035714285693,0.5401420103693422,0.5510723191701128,0.4668909829613462,0.6042267758257464,0.18691748124573768,0.20177235513331712,0.2000783857922359,0.14544259343223584,0.6386868057168166,-0.006825965070399871
2018-10-14,0.24288868528609475,0.36253368171219247,0.2781455387294067,0.11425781249999986,0.5090172225302811,0.5401420103693422,0.5510723191701128,0.4668909829613462,0.18362127756308252,0.18640407794155747,0.19649669593444366,0.14033442519171346,0.6375350675092677,0.0
2018-10-21,0.2450932505212961,0.3652635949839099,0.2781455387294067,0.17773437499999978,0.5193684375002671,0.5090172225302811,0.5401420103693422,0.5510723191701128,0.18009774948852014,0.17343066035962132,0.19320154126527475,0.13031395713141405,0.6384585810950442,-0.11607217125275401
2018-10-28,0.2395006549388106,0.35374692085160864,0.19286681233429404,0.10365657216494853,0.3433511294304653,0.5193684375002671,0.5090172225302811,0.5401420103693422,0.17611957263014322,0.18332711401328752,0.19016999896963938,0.14845051548474203,0.6357676535778678,0.0
2018-11-04,0.23600012581589908,0.3457109449950022,0.19286681233429404,0.12568359375000013,0.5193684375002671,0.3433511294304653,0.5193684375002671,0.5090172225302811,0.17270970675153444,0.19251667812026332,0.18506361359781506,0.14312749566904062,0.6382303564732718,-0.011605546120308003
2018-11-11,0.23341570780965887,0.3391256870607914,0.18522810462430922,0.09140625000000006,0.5017692406839321,0.5193684375002671,0.3433511294304653,0.5193684375002671,0.1696976585587634,0.2035056449642411,0.18046786676317322,0.136073823962535,0.6366858596143007,0.015444322427473775
2018-11-18,0.23335850957909687,0.33721434805401285,0.20690809823047324,0.13710937500000028,0.5427889355344288,0.5017692406839321,0.5193684375002671,0.3433511294304653,0.1677085701295749,0.2127698092818481,0.17633169461199558,0.12635768456146265,0.6385753471806022,-0.0076923456231557255
2018-11-25,0.23375624995077976,0.33614945824328046,0.20103848890408488,0.11425781249999997,0.5077034022492075,0.5427889355344288,0.5017692406839321,0.5193684375002671,0.1657194817003865,0.21745289954583505,0.1726091396759357,0.11786327201559119,0.6360064932983273,0.04159389729883714
2018-12-02,0.237811636613431,0.3423241777838804,0.2633410505508246,0.2399414062500001,0.5824433826456514,0.5077034022492075,0.5427889355344288,0.5017692406839321,0.1631620822914299,0.2168355756191346,0.16925884023348178,0.11261418771290341,0.6366805520649572,-0.014925650216675593
2018-12-09,0.2408721635289342,0.34671011046481304,0.2495090714391388,0.2726151315789476,0.49673447843862545,0.5824433826456514,0.5077034022492075,0.5427889355344288,0.160093203000682,0.20753160478998403,0.16624357073527327,0.10985090559519048,0.6358419592686774,0.05129329438755048
2018-12-16,0.24769555029460794,0.35874482563914056,0.32625530928682744,0.4971217105263156,0.597152005281285,0.49673447843862545,0.5824433826456514,0.5077034022492075,0.1602068651966356,0.19791875798234967,0.1635298281868856,0.10675728387361849,0.6366221690221783,0.08552217343816193
2018-12-23,0.2601864565620432,0.38219217392628435,0.4400228988616174,0.7639925373134324,0.6490582898257167,0.597152005281285,0.49673447843862545,0.5824433826456514,0.16083200727438057,0.18777662821741345,0.13910614525139664,0.11549440688775028,0.6381454356837751,-0.043557974339129904
2018-12-30,0.26731243202100047,0.39529276599227775,0.3863570941685066,0.5866371268656713,0.4533150734130915,0.6490582898257167,0.597152005281285,0.49673447843862545,0.16128665605819503,0.17256578131073244,0.13985474860335195,0.11199767793099544,0.6360011857489837,-0.04196419909903208
2019-01-06,0.2704081945344889,0.40067133491471996,0.34069607382363476,0.42292444029850734,0.4557319492619929,0.4533150734130915,0.6490582898257167,0.597152005281285,0.16071834507842692,0.15769350922336126,0.14058837988826814,0.11297245051214597,0.6342178491695531,0.03509131981127019
2019-01-13,0.27590544210982976,0.4108254301091342,0.3855225495014575,0.5593516791044774,0.5725825678394523,0.4557319492619929,0.4533150734130915,0.6490582898257167,0.16049102068651966,0.1364747537396033,0.14130733854748603,0.10807271060256143,0.6348016795973429,0.0
2019-01-20,0.2806786671741496,0.41966251458288767,0.3855225495014575,0.5593516791044774,0.5193684375002671,0.5725825678394523,0.4557319492619929,0.4533150734130915,0.16037735849056606,0.11677162364754237,0.14201191803351956,0.09824578313527574,0.6379862092034688,-0.03509131981127006
2019-01-27,0.28228736120181863,0.4224263150370771,0.3438609734304502,0.42292444029850734,0.466154307161082,0.5193684375002671,0.5725825678394523,0.4557319492619929,0.1596953853148443,0.11283102309539308,0.14270240592983238,0.10495228599795345,0.6357251931831194,0.031637084943182445
2019-02-03,0.2862298633908995,0.4297710207415654,0.3879375665842394,0.5457089552238802,0.5673444033736762,0.466154307161082,0.5193684375002671,0.5725825678394523,0.1613434871561719,0.09804392504492462,0.143379084068219,0.10748573465599842,0.638877877493184,0.05715841383994862
2019-02-10,0.2939902239221256,0.44453184810167395,0.46309263780138876,0.7776352611940297,0.6060461486954796,0.5673444033736762,0.466154307161082,0.5193684375002671,0.16395771766310527,0.09505493484251137,0.14404222864383787,0.10614420440974157,0.6477043320514964,-0.019802627296179754
2019-02-17,0.2988047200798171,0.45362495810021697,0.434887798464905,0.6703124999999996,0.489338800665155,0.6060461486954796,0.5673444033736762,0.466154307161082,0.1664014548761082,0.09227944394027054,0.14469211032794432,0.10437078085452164,0.6448647931527008,-0.023609865639133736
2019-02-24,0.30100204866582636,0.4577330437616671,0.40246673027686275,0.5452302631578947,0.48356532510185546,0.489338800665155,0.6060461486954796,0.5673444033736762,0.16822005001136625,0.09691880879746304,0.1453289943783687,0.10589033179827745,0.6415794201090476,-0.006849341845574783
2019-03-03,0.30239528965919055,0.46032212505719233,0.3931003028799579,0.49857954545454536,0.5089817728872423,0.48356532510185546,0.489338800665155,0.6060461486954796,0.17003864514662426,0.09844136723343883,0.14595314074778457,0.09727472232726062,0.6400296157007329,-0.042111485350126966
2019-03-10,0.3005997889003402,0.4568246817824294,0.33851707527261765,0.2636718749999998,0.45550859745291056,0.5089817728872423,0.48356532510185546,0.489338800665155,0.17055012502841554,0.08273030912719415,0.1465648041898121,0.09877341769641079,0.6391485625097048,0.0035778213478841235
2019-03-17,0.2996321933129311,0.4548862660026226,0.34413498471771486,0.25593749999999965,0.5247940143255502,0.45550859745291056,0.5089817728872423,0.48356532510185546,0.17134576040009097,0.0689240243314892,0.1471642343629991,0.091721593028633,0.6410645878227239,0.014184634991956381
2019-03-24,0.30008713247030483,0.455678792676424,0.36739384589732926,0.3290624999999994,0.5408786861696063,0.5247940143255502,0.45550859745291056,0.5089817728872423,0.1715730847919982,0.058561554463616494,0.14775167593272237,0.08464575322485793,0.6423437072145177,-0.021353124470568946
2019-03-31,0.2991085274542009,0.45370142589759527,0.33747023345759997,0.2238520408163264,0.48698755371370844,0.5408786861696063,0.5247940143255502,0.45550859745291056,0.17003864514662426,0.06124657443438153,0.14832736867105117,0.08915738540753401,0.6412078916549996,-0.014493007302566864
2019-04-07,0.2975265037286196,0.4505282799648813,0.3177172146131131,0.1492346938775505,0.49739055853323366,0.48698755371370844,0.5408786861696063,0.5247940143255502,0.16901568538304165,0.05541781561913067,0.17653631284916202,0.08754187227079463,0.6368769313906683,0.039361073880580306
2019-04-14,0.2993040666252908,0.4538892506873881,0.3869047171340627,0.3544323979591834,0.5790574240370115,0.49739055853323366,0.48698755371370844,0.5408786861696063,0.1692998408729257,0.06406382738633307,0.17597765363128492,0.0923743557053138,0.6390158737761162,0.0
2019-04-21,0.3008963578300778,0.4569056587271565,0.3869047171340628,0.3544323979591834,0.5193684375002671,0.5790574240370115,0.49739055853323366,0.48698755371370844,0.16901568538304165,0.07209226688444956,0.17543016759776536,0.09000134207789443,0.6403056082665972,-0.014134510934904693
2019-04-28,0.30130819490005617,0.4576342467824549,0.3634760392836328,0.2798150510204082,0.49793419931213573,0.5193684375002671,0.5790574240370115,0.49739055853323366,0.1685042055012503,0.07257253077801937,0.17489363128491622,0.08463152803597354,0.6382993546147379,-0.003565066164496257
2019-05-05,0.30155334580356924,0.45804177635543636,0.35746025311123053,0.261160714285714,0.5139622032359065,0.49793419931213573,0.5193684375002671,0.5790574240370115,0.1685042055012503,0.07002857898613413,0.17436782569832404,0.07911755524192271,0.6372537673940598,-0.028987536873252298
2019-05-12,0.29988509154598375,0.4546957135770218,0.3101429044078885,0.11192602040816288,0.4754103711271188,0.5139622032359065,0.49793419931213573,0.5193684375002671,0.1675380768356445,0.05886324161477621,0.1738525362234637,0.0782191728312984,0.6340373924918726,-0.018553407895747834
2019-05-19,0.2974996064868349,0.4498922503155327,0.2822428360200302,0.01865433673469348,0.4912331758084767,0.4754103711271188,0.5139622032359065,0.49793419931213573,0.16532166401454879,0.04849542834137244,0.17334755253810055,0.07369094230699152,0.6241918884596,-0.011299555253933394
2019-05-26,0.2950879497194863,0.44497128480437403,0.2656489182926556,0.0,0.502233259647409,0.4912331758084767,0.4754103711271188,0.5139622032359065,0.16327574448738352,0.03577640222265163,0.17285266852644468,0.0689584399221537,0.6191231788365164,-0.1378697942231208
2019-06-02,0.28480033958398293,0.42397676821526625,0.12357534307994783,0.0,0.31029618718070184,0.502233259647409,0.4912331758084767,0.4754103711271188,0.1596953853148443,0.05051363187872274,0.171838003126169,0.07934004656542729,0.6181200520105866,-0.08149303425118291
2019-06-09,0.27252795836364097,0.3980496807185695,0.07289481881895327,0.0,0.3957885616306406,0.31029618718070184,0.502233259647409,0.4912331758084767,0.15520572857467607,0.0749360278876825,0.1692372201453028,0.08264750710126126,0.6151212866314848,0.15684247149296968
2019-06-16,0.272571971767696,0.3974925443378934,0.3011586940127112,0.3739346590909091,0.7572117493402024,0.3957885616306406,0.31029618718070184,0.502233259647409,0.1534439645373949,0.07330331450486949,0.1651731028688741,0.09943935980348151,0.6176582952176984,-0.08847872868357953
2019-06-23,0.2677706576519717,0.38647975968732573,0.23260352185931404,0.1558061079545454,0.3851951255320677,0.7572117493402024,0.3957885616306406,0.31029618718070184,0.1504319163446238,0.07178722350654307,0.1614341149745597,0.10711604098582164,0.6162040266975676,0.013129291441792802
2019-06-30,0.26533077748470035,0.3802999848377652,0.24855127145505734,0.18696732954545456,0.5392783134981577,0.3851951255320677,0.7572117493402024,0.3957885616306406,0.14736303705387588,0.07899930834146957,0.15799424611179047,0.10527320053231029,0.6179024424875014,-0.08149303425118291
2019-07-07,0.25942877800128405,0.36618535102923633,0.19462468930650162,0.010270365168539106,0.3957885616306406,0.5392783134981577,0.3851951255320677,0.7572117493402024,0.14361218458740627,0.08762050047771247,0.15482956675804277,0.10514514223370833,0.6167082438852042,0.059514127532407715
2019-07-14,0.2587644828641091,0.3634749174831904,0.26348864212896517,0.19243421052631576,0.6096184639046687,0.3957885616306406,0.5392783134981577,0.3851951255320677,0.14082746078654243,0.09951677951797477,0.15113431957944518,0.10555394785441649,0.6181678199546785,-0.05951412753240772
2019-07-21,0.2555998814242742,0.35491834258414967,0.2238926007161428,0.06880040322580636,0.4291184110958654,0.6096184639046687,0.3957885616306406,0.5392783134981577,0.13667879063423508,0.11056332434107549,0.1467412179896883,0.10223953478777548,0.6169046232109152,-0.05826890812397576
2019-07-28,0.2507667024996403,0.34209914566640837,0.1901597037222652,0.04108146067415715,0.4310067204628987,0.4291184110958654,0.6096184639046687,0.3957885616306406,0.13184814730620598,0.13103130656188458,0.14287528859070225,0.10549446828738601,0.6155777358750295,-0.01005033585350145
2019-08-04,0.24722419369026333,0.33183802111512856,0.1846077513447259,0.08125000000000004,0.5041276347907307,0.4310067204628987,0.4291184110958654,0.6096184639046687,0.12713116617413053,0.15352738784620765,0.1382023571265514,0.10165658686326576,0.6139164729305004,-0.030771658666753774
2019-08-11,0.24371611164926993,0.321217874888015,0.16759182967377173,0.020312499999999924,0.4727048447983577,0.5041276347907307,0.4310067204628987,0.4291184110958654,0.122130029552171,0.17441660618165047,0.1330732202097669,0.0959819722346569,0.6131362631769997,-0.010471299867295366
2019-08-18,0.24129213277266393,0.3128538901292772,0.16180456611637634,0.07948369565217397,0.5034892651306947,0.4727048447983577,0.5041276347907307,0.4310067204628987,0.1174698795180723,0.19864226289906364,0.12876474519966788,0.09176812101834014,0.6103020318275475,-0.05406722127027582
2019-08-25,0.2377108411987699,0.3011347641138554,0.13321227022633114,0.06596327319587621,0.43737835632839894,0.5034892651306947,0.4727048447983577,0.5041276347907307,0.1125255739940896,0.22621952280391375,0.12388876704138128,0.09260471125645034,0.6073934947872859,-0.028170876966696335
2019-09-01,0.23453507619490288,0.28990332132202556,0.11940434286201534,0.050781249999999986,0.47664879267820276,0.43737835632839894,0.5034892651306947,0.4727048447983577,0.10746760627415325,0.25347748570639916,0.11844062257165251,0.0886320929671483,0.6045008803950548,0.09270939810426754
2019-09-08,0.23730756114414425,0.2941480100292241,0.23165190641776384,0.2234374999999999,0.6599573358637718,0.47664879267820276,0.43737835632839894,0.5034892651306947,0.10530802455103436,0.25840906453979073,0.11374691146514324,0.09127583590285937,0.6079826327644192,0.14066732948997132
2019-09-15,0.24776021806204535,0.31917588876967107,0.38162298589053456,0.51796875,0.7326830020764434,0.6599573358637718,0.47664879267820276,0.43737835632839894,0.10581950443282567,0.2308371938423485,0.09497206703910614,0.10059105973120683,0.6118252984891445,-0.01366763872866387
2019-09-22,0.25597376527585886,0.33872950516493955,0.36944979253112076,0.4875,0.4986421863177046,0.7326830020764434,0.6599573358637718,0.47664879267820276,0.10411457149352127,0.20523474248043785,0.09497206703910614,0.09815885557134796,0.6108168641138713,-0.03263692931302243
2019-09-29,0.2613222701001855,0.3510990650779888,0.34083814503067866,0.624609375,0.469876260526742,0.4986421863177046,0.7326830020764434,0.6599573358637718,0.1032052739258923,0.18146103764437796,0.09559776536312849,0.09220636199418036,0.6099570411202172,-0.03373813963185023
2019-10-06,0.264365131971788,0.3576537573596861,0.31284448076165616,0.5179687499999998,0.4682063333267357,0.469876260526742,0.4986421863177046,0.7326830020764434,0.10172766537849515,0.16409265741420107,0.09621094972067039,0.08667904652966765,0.6090866030278762,0.0
2019-10-13,0.2673469187797664,0.3642162947784243,0.31284448076165616,0.8250829646017696,0.5193684375002671,0.4682063333267357,0.469876260526742,0.4986421863177046,0.1012730165946806,0.21864693512884045,0.12625698324022347,0.18550676821496245,0.609866812781377,0.014598799421152631
2019-10-20,0.2710097386395805,0.3727468116583776,0.33053581022215117,0.8372165376106192,0.541506744619264,0.5193684375002671,0.4682063333267357,0.469876260526742,0.100250056831098,0.19588243215082,0.123731843575419,0.17278742112241238,0.6113953869923174,0.0
2019-10-27,0.2744015255047869,0.38072557847996163,0.33053581022215106,0.8372165376106192,0.5193684375002671,0.541506744619264,0.5193684375002671,0.4682063333267357,0.09996590134121391,0.20502467667118793,0.12125720670391062,0.26704769531645545,0.6121225212523829,-0.03941396854087674
2019-11-03,0.2755080067761496,0.3827591733887792,0.291976077265671,0.8048603429203536,0.459599239009045,0.5193684375002671,0.541506744619264,0.5193684375002671,0.09990907024323711,0.18365770347346141,0.1188320625698324,0.24955943008404735,0.6111406246238273,0.16201629063320902
2019-11-10,0.2857457861667037,0.4091067426976812,0.4801868186895507,0.9140624999999998,0.7650575723973233,0.459599239009045,0.5193684375002671,0.541506744619264,0.10195498977040235,0.168816167006092,0.0,0.24756868289945289,0.6206729832448309,0.08594242980072483
2019-11-17,0.29946101296725314,0.4441943872308775,0.5604178731460556,0.8896409828244273,0.6496955863700921,0.7650575723973233,0.459599239009045,0.5193684375002671,0.10553534894294159,0.15900317674947897,0.0026145251396648044,0.24624784884031076,0.6376465260454821,0.079137320558724
2019-11-24,0.3157444367209267,0.4848111044266278,0.6258659592995158,0.8551906779661015,0.6393759981607047,0.6496955863700921,0.7650575723973233,0.459599239009045,0.11042282336894749,0.15453048308456976,0.008364692737430167,0.24713222766303317,0.6521308282040115,0.083381608939051
2019-12-01,0.33461727887351017,0.5299850934705632,0.686849373597329,0.9140624999999998,0.6458122369879281,0.6393759981607047,0.6496955863700921,0.7650575723973233,0.11724255512616502,0.15109568562346523,0.01775107932960894,0.24162083379406962,0.6594340161007268,0.09833590072086179
2019-12-08,0.35708380935442224,0.5807334454592321,0.7487658099587127,0.9113092996987948,0.6684896294681023,0.6458122369879281,0.6393759981607047,0.6496955863700921,0.12610820641054787,0.15259146700386025,0.029738814212290503,0.2391416954056535,0.667321034425232,-0.10502488887165852
2019-12-15,0.3658354390623364,0.5989806784784979,0.596415510269132,0.8204536897590359,0.3601037488156329,0.6684896294681023,0.6458122369879281,0.6393759981607047,0.13213230279609003,0.15376001482299248,0.04531241882458101,0.23683963833069566,0.6653731638161516,-0.07669262078825445
2019-12-22,0.3665392117958286,0.5994775109523339,0.5128864702245102,0.7598832831325298,0.4030681347294048,0.3601037488156329,0.6684896294681023,0.6458122369879281,0.13525801318481473,0.1491622972984871,0.05932866297564247,0.23048027872009758,0.6614880376966781,0.028573372444055948
2019-12-29,0.3685583068949313,0.6027074852401015,0.5340371676076072,0.7819088855421684,0.5626984454237576,0.4030681347294048,0.3601037488156329,0.6684896294681023,0.13900886565128442,0.14489298816858912,0.07194328271159778,0.2208811407958151,0.6637172084209662,0.05480823649499516
2020-01-05,0.37361922054847163,0.6120821687989683,0.5746395820593824,0.8259600903614455,0.6024822290644377,0.5626984454237576,0.4030681347294048,0.3601037488156329,0.14406683337122075,0.14335093919942163,0.08329644047395755,0.2124953724783914,0.6723207459068498,-0.023609865639133736
2020-01-12,0.37515702437517534,0.6139573639997052,0.5467901071797966,0.8066876882530117,0.48356532510185546,0.6024822290644377,0.5626984454237576,0.4030681347294048,0.14912480109115714,0.13952629384974055,0.09351428246008135,0.1999591355303793,0.6701287280279664,-0.05255149532643022
2020-01-19,0.3718827271758166,0.6060856697184603,0.48918750445844295,0.7653896837349395,0.4396768745479496,0.48356532510185546,0.6024822290644377,0.5626984454237576,0.15333030234144127,0.1326825521373279,0.10271034024759279,0.19095692856856097,0.6677403308233719,-0.00722024797348702
2020-01-26,0.3681813248500465,0.5975158665691968,0.48159374088306206,0.7598832831325298,0.5084193133633351,0.4396768745479496,0.48356532510185546,0.6024822290644377,0.15725164810184136,0.12575380458019528,0.11098679225635305,0.17573741671597104,0.6658349206090399,-0.02941388520629334
2020-02-02,0.36266174850061283,0.5854240403064666,0.45059177930766714,0.4742128759398495,0.474763836431748,0.5084193133633351,0.4396768745479496,0.48356532510185546,0.16071834507842694,0.11151302339608613,0.11843559906423731,0.17479793530238763,0.6643169614967865,-0.04191089561563695
2020-02-09,0.3550177136268696,0.5691403072528844,0.40923017636987824,0.3179347826086955,0.45581278117507495,0.474763836431748,0.5084193133633351,0.4396768745479496,0.16401454876108207,0.09828944086798483,0.12513952519133315,0.16600980623433867,0.6629582288648396,-0.06013835873853342
2020-02-16,0.34477917597272545,0.5475370110869077,0.3566429203247272,0.1379716981132073,0.42817179749047196,0.45581278117507495,0.474763836431748,0.5084193133633351,0.16446919754489658,0.08175168347709733,0.13117305870571938,0.15943255136509465,0.6618117982066342,0.0
2020-02-23,0.3364389085197805,0.5298044160254446,0.3566429203247272,0.666274472891566,0.5193684375002671,0.42817179749047196,0.45581278117507495,0.474763836431748,0.16373039327119804,0.11181629965581438,0.18547486033519556,0.27311683625686767,0.6625973155094785,-0.09531017980432477
2020-03-01,0.32408659693114744,0.5033017033089922,0.28417905520705344,0.60570406626506,0.3748355912569175,0.5193684375002671,0.42817179749047196,0.45581278117507495,0.16054785178449651,0.09431487308062883,0.18176536312849165,0.2636385313249902,0.6593968632553221,-0.0804215673105742
2020-03-08,0.3100031536062707,0.47234314395384064,0.23589383154408733,0.5588996611445781,0.3974133845708529,0.3748355912569175,0.5193684375002671,0.42817179749047196,0.15503523528074561,0.08161281872150103,0.17813005586592182,0.25536496507194256,0.6571464623336597,-0.014888612493750637
2020-03-15,0.29828393925615027,0.44576292662819766,0.22768915503692683,0.5993852459016391,0.49679064418633156,0.3974133845708529,0.3748355912569175,0.5193684375002671,0.14759036144578314,0.06981805395945381,0.17456745474860336,0.238183463673304,0.6554268163463517,-0.10536051565782628
2020-03-22,0.28422769530554165,0.41266113411458194,0.1760493949244576,0.5430074257425741,0.3595947885473811,0.49679064418633156,0.3974133845708529,0.3748355912569175,0.1408842918845192,0.06157592249831087,0.1710761056536313,0.22908953204832677,0.6542007724479932,-0.011173300598125189
2020-03-29,0.27307781654355306,0.38508258473039403,0.17114742205471922,0.53697400990099,0.5024247181547048,0.3595947885473811,0.49679064418633156,0.3974133845708529,0.13531484428279156,0.05427747435233232,0.16765458354055868,0.21114626280432494,0.6522316716415387,0.1841924647297662
2020-04-05,0.2739950172505356,0.386507395624926,0.3372708884240717,0.6455754950495047,0.7986865674065009,0.5024247181547048,0.3595947885473811,0.49679064418633156,0.13133666742441466,0.040585626143676,0.1643014918697475,0.21242703018054918,0.653064956888475,0.14341232160612577
2020-04-12,0.2835931657074219,0.4094206744029049,0.4508442369624085,0.7576289848993286,0.7368456374242928,0.7986865674065009,0.5024247181547048,0.3595947885473811,0.12832461923164357,0.035544927947553984,0.16101546203235256,0.21572718176468308,0.6568704697677955,-0.028749413285985823
2020-04-19,0.28971172107339743,0.42386725467616887,0.42723980648286375,0.789118705035971,0.47577147295166644,0.7368456374242928,0.7986865674065009,0.5024247181547048,0.12531257103887247,0.030864279622583535,0.1577951527917055,0.20137695060227734,0.6546359914941638,0.036813973122716184
2020-04-26,0.2971029823181704,0.441384726722289,0.45639116821946757,0.8187106564748199,0.5751948804665503,0.47577147295166644,0.7368456374242928,0.7986865674065009,0.1236644691975449,0.028357681399980655,0.1546392497358714,0.1891071697474348,0.6556338107707499,0.027724548014854983
2020-05-03,0.30489857066002296,0.4597571959353002,0.47887946752359356,0.8731343283582087,0.5614112480754242,0.5751948804665503,0.47577147295166644,0.7368456374242928,0.12252784723800866,0.027524168363809304,0.15154646474115396,0.17665836801483248,0.6567112432874892,0.0
2020-05-10,0.3111420840337159,0.47432794093558384,0.47887946752359356,0.8478260869565215,0.5193684375002671,0.5614112480754242,0.5751948804665503,0.47577147295166644,0.12184587406228689,0.031097793554566516,0.0,0.1814579902434119,0.6571770125876811,0.0
2020-05-17,0.31609843310615904,0.4857853422360524,0.47887946752359356,0.8478260869565215,0.5193684375002671,0.5193684375002671,0.5614112480754242,0.5751948804665503,0.12178904296431012,0.03441615980312682,0.0030837988826815646,0.16638925708749394,0.6592204190849453,0.007782140442054949
2020-05-24,0.3204984137497755,0.4958555967257595,0.4865172827472972,0.839245996441281,0.5311696418444922,0.5193684375002671,0.5193684375002671,0.5614112480754242,0.12269834053193912,0.042987429151023715,0.006105921787709499,0.16506206756569605,0.6618582711086862,0.14748398846906885
2020-05-31,0.33432958767400794,0.5268031717142783,0.6165693617484651,0.9065701844262292,0.7430201048512148,0.5311696418444922,0.5193684375002671,0.5193684375002671,0.12593771311661742,0.05517997287031215,0.012141014525139665,0.17385629835710237,0.6719903828055102,-0.010084119066625935
2020-06-07,0.3442035756236998,0.5480980419162368,0.6018930044247217,0.8840932377049179,0.5040764043349898,0.7430201048512148,0.5311696418444922,0.5193684375002671,0.13025687656285523,0.06650162060965142,0.021468419575418993,0.16460771217287812,0.6659556992019016,-0.03436764350420777
2020-06-14,0.3490846632686881,0.558160938454475,0.5530722115722788,0.809170081967213,0.4672517240018993,0.5040764043349898,0.7430201048512148,0.5311696418444922,0.13497385769493067,0.07550035131754362,0.03023618032268156,0.15813060687945274,0.6615663558947914,-0.18372113714837787
2020-06-21,0.34033536092489075,0.5392101377508607,0.36958336891718135,0.4495389344262294,0.2407650509403464,0.4672517240018993,0.5040764043349898,0.7430201048512148,0.1371334394180496,0.06714422030483566,0.038477875425108374,0.16953080959751643,0.6564339556795851,-0.01694955831377332
2020-06-28,0.3321953625582881,0.5214689484810405,0.357137602423529,0.41956967213114726,0.493665328863952,0.2407650509403464,0.4672517240018993,0.5040764043349898,0.1402023187087975,0.05804915536015526,0.04622506882138958,0.15795260240621253,0.6549106890179882,-0.008583743691391442
2020-07-05,0.32513407885781154,0.5059436754524411,0.3506411544606609,0.32209821428571417,0.5063516442292098,0.493665328863952,0.2407650509403464,0.4672517240018993,0.14327119799954538,0.04819690134316787,0.053507430613893917,0.1461459762183246,0.6534564204978573,0.033901551675681416
2020-07-12,0.32154129365039186,0.4979778421058331,0.3828524189911251,0.13058035714285712,0.5707783473945919,0.5063516442292098,0.493665328863952,0.2407650509403464,0.1447488065469425,0.04435484392001077,0.060352850698848,0.1415152832482059,0.6547090021429336,-0.00836824967051658
2020-07-19,0.3181640552331258,0.4904520846773061,0.3754331462623405,0.10446428571428579,0.5066784295133149,0.5707783473945919,0.5063516442292098,0.493665328863952,0.14423732666515118,0.038425542436506255,0.06678754557870482,0.13193818508185276,0.6538810244453408,0.004192878260035958
2020-07-26,0.315757043915245,0.48505877526906066,0.3798633426266732,0.1175223214285712,0.5257267155994063,0.5066784295133149,0.5707783473945919,0.5063516442292098,0.14418049556717438,0.03328619165874766,0.07283615876577024,0.12040658086604625,0.6543640485884487,-0.004192878260035927
2020-08-02,0.3136290361215443,0.48026431641410466,0.375636861193795,0.10446428571428579,0.5130101594011279,0.5257267155994063,0.5066784295133149,0.5707783473945919,0.14355535348942944,0.02460942025215257,0.07852185516161174,0.11444811474748737,0.6531380046900902,0.0
2020-08-09,0.31199815975414535,0.47656757202568273,0.375636861193795,0.10446428571428579,0.5193684375002671,0.5130101594011279,0.5257267155994063,0.5066784295133149,0.14253239372584683,0.016552418231742833,0.08386640977370274,0.10363808437186839,0.6546028883089081,0.04919024419077178
2020-08-16,0.31382681675254204,0.480701067673351,0.4359330763349597,0.26116071428571425,0.5939628408986649,0.5193684375002671,0.5130101594011279,0.5257267155994063,0.14219140713798595,0.015135550121360059,0.08889029110906829,0.1009882355948194,0.6566675250035464,0.0
2020-08-23,0.315293637522758,0.4840095350086929,0.4359330763349597,0.26116071428571425,0.5193684375002671,0.5939628408986649,0.5193684375002671,0.5130101594011279,0.14185042055012506,0.013819886876004661,0.0936127395643119,0.09113962515867668,0.6582067143131739,0.0
2020-08-30,0.31646025246439685,0.48663538647244065,0.4359330763349597,0.26116071428571425,0.5193684375002671,0.5193684375002671,0.5939628408986649,0.5193684375002671,0.14139577176631055,0.01715273286325647,0.0980518411122409,0.0920211079581914,0.6595813695931516,-0.03666398437159136
2020-09-06,0.31508977556730616,0.48354855604687424,0.38512352699782093,0.143638392857143,0.46376944454141283,0.5193684375002671,0.5193684375002671,0.5939628408986649,0.1380995680836554,0.020247518422847416,0.10222459656729417,0.08756245872078361,0.6564393003817741,-0.004158010148663788
2020-09-13,0.3137814715887309,0.48059029620796906,0.3795440740297823,0.22851562499999994,0.5130630350476757,0.46376944454141283,0.5193684375002671,0.5193684375002671,0.13491702659695384,0.010813895919964761,0.10614698669504422,0.08975488720468211,0.649725250462192,0.02469261259037163
2020-09-20,0.31431680487699176,0.4817982390268774,0.41725531724672493,0.5941406250000001,0.5568134783783543,0.5130630350476757,0.46376944454141283,0.5193684375002671,0.13264378267788138,0.007329656121308786,0.10983403341512929,0.08598582777622069,0.6533556142131755,0.047628048989254664
2020-09-27,0.3178162113762861,0.4896825444375767,0.48613471400879205,0.7236328124999999,0.5915938545078459,0.5568134783783543,0.5130630350476757,0.46376944454141283,0.1337804046374176,0.013058209600700282,0.11329985733200923,0.08881858965414083,0.658774622092933,0.0454623740767572
2020-10-04,0.3235980181805293,0.502568871073668,0.5459295230678027,0.8161272321428568,0.5883097230563713,0.5915938545078459,0.5568134783783543,0.5130630350476757,0.13582632416458287,0.022170714792218077,0.11655773181387638,0.08933814380599811,0.6762576896305643,0.021978906718775382
2020-10-11,0.3295764120924594,0.5156769838696725,0.5734023181636082,0.9140624999999998,0.5526982869654922,0.5883097230563713,0.5915938545078459,0.5568134783783543,0.13832689247556265,0.03063232675577035,0.11962013382683152,0.08348798417123127,0.6816130069181994,0.0
2020-10-18,0.3341149686742481,0.525434629535437,0.5734023181636082,0.9140624999999998,0.5193684375002671,0.5526982869654922,0.5883097230563713,0.5915938545078459,0.14037281200272791,0.02686008765924422,0.12249879171900935,0.08702688034748926,0.684383547675529,0.0
2020-10-25,0.3374737261331989,0.5324994841525246,0.5734023181636082,0.9140624999999998,0.5193684375002671,0.5193684375002671,0.5526982869654922,0.5883097230563713,0.14253239372584683,0.02335729421246993,0.12520473013765648,0.08134181095975873,0.7128320121569205,0.1786917887433759
2020-11-01,0.3536014216206296,0.5659441596701005,0.759136055700386,0.9140624999999998,0.7903450832312778,0.5193684375002671,0.5193684375002671,0.5526982869654922,0.14770402364173676,0.0459978587128802,0.12774831225118483,0.10139322905997492,0.7581213307053745,0.29673190797169885
2020-11-08,0.3948067666645864,0.6455739142221948,0.9052610921084964,0.8222891566265059,0.9693466803114641,0.7903450832312778,0.5193684375002671,0.5193684375002671,0.15941122982496025,0.10000499369224539,0.13227705062304534,0.16486833933859743,0.8204107298011973,-0.07966740273387127
2020-11-15,0.417555624421757,0.6844075796348543,0.7582798605446749,0.6974774096385541,0.3985570352599038,0.9693466803114641,0.7903450832312778,0.5193684375002671,0.16918617867697205,0.1501544761730845,0.14525046287917656,0.18686933031004663,0.8026410545990148,-0.02469261259037152
2020-11-22,0.43168793999228505,0.7054034909825153,0.7192262296127276,0.6607680722891565,0.48192339662218003,0.3985570352599038,0.9693466803114641,0.7903450832312778,0.177710843373494,0.19022741099165127,0.15692653390969466,0.2025493698445594,0.7778919520100729,-0.05129329438755058
2020-11-29,0.4363654701876414,0.7093336390252436,0.6446010268628971,0.5873493975903613,0.44158486971924904,0.48192339662218003,0.3985570352599038,0.9693466803114641,0.18509888611047967,0.22743799332317757,0.16743499783716093,0.19600073063592108,0.7543211253753975,-0.06805346324501564
2020-12-06,0.43231065921350537,0.6988508707984885,0.5605974085673269,0.4955760542168674,0.4161689601756742,0.44158486971924904,0.48192339662218003,0.3985570352599038,0.19106615139804506,0.2436222515711108,0.17689261537188058,0.19572473724855272,0.7366257558640246,0.01398624197473987
2020-12-13,0.42908912268813115,0.6901176162782389,0.5709192253390243,0.5139307228915662,0.540577833652992,0.4161689601756742,0.44158486971924904,0.48192339662218003,0.1978290520572858,0.2586504913727631,0.1854044711531283,0.189663571796772,0.7670592437999012,-0.005571045049455472
2020-12-20,0.42477713233756476,0.6799661531592054,0.5639689986589963,0.471001637554585,0.5109202423630758,0.540577833652992,0.4161689601756742,0.44158486971924904,0.2045351216185497,0.2726052854742973,0.19306514135625125,0.17981361155055273,0.7602655806401659,-0.016901810802603025
2020-12-27,0.41864278483099776,0.6672613929860929,0.5422979737526407,0.43448710762331844,0.49373773543903815,0.5109202423630758,0.540577833652992,0.4161689601756742,0.21055921800409189,0.28295169379219287,0.2620111731843575,0.1685563523014234,0.7523148717235383,0.08440381358254875
2021-01-03,0.4205592321777323,0.6677043766550553,0.6118398267482531,0.550130208333333,0.6473623562602998,0.49373773543903815,0.5109202423630758,0.540577833652992,0.21766310525119348,0.30079270399651126,0.26070391061452514,0.17235153924415914,0.7697873241624824,0.08265027108061739
2021-01-10,0.4292700187150261,0.6785352771402986,0.6723165513443203,0.6897786458333333,0.6447032018097137,0.6473623562602998,0.49373773543903815,0.5109202423630758,0.2259604455558082,0.324940540159842,0.25942279329608936,0.17482020760930805,0.7853649814857817,-0.029270382300113338
2021-01-17,0.4317617718261396,0.6793770319116991,0.6280177818694437,0.6389973958333331,0.47498145099838684,0.6447032018097137,0.6473623562602998,0.49373773543903815,0.2332348260968402,0.3473635308829348,0.25816729832402235,0.1681413552541191,0.7670698588985884,0.0506742909632668
2021-01-24,0.4377441747820057,0.6852582798385264,0.6656330865849475,0.711958228643216,0.5962133193305316,0.47498145099838684,0.6447032018097137,0.6473623562602998,0.24170265969538535,0.371506209572924,0.2569369132513966,0.16879988345520228,0.8023279091877458,-0.060624621816434854
2021-01-31,0.4346959882829772,0.6777271410685246,0.5775788351635528,0.5452302631578947,0.42743440525370946,0.5962133193305316,0.47498145099838684,0.6447032018097137,0.2487497158445101,0.382873574352425,0.25573113588022345,0.18102114568322816,0.7827271294620407,-0.040821994520255166
2021-02-07,0.4268958838884184,0.6635912953822539,0.5261420102643225,0.3164062499999999,0.45746404208882147,0.42743440525370946,0.5962133193305316,0.47498145099838684,0.251818595135258,0.38363471875617017,0.2545494740564737,0.18075968885366067,0.7642197049011056,-0.037139546949456655
2021-02-14,0.4159702332172862,0.6453098878427106,0.48320470575619734,0.19195312500000009,0.4630482790469524,0.45746404208882147,0.42743440525370946,0.5962133193305316,0.24761309388497393,0.3822439231532738,0.253391445469199,0.17523973853210517,0.725745279709761,-0.027398974188114388
2021-02-21,0.4037374540500211,0.625484040430906,0.45327950889017476,0.11557112068965526,0.4778193424121414,0.4630482790469524,0.45746404208882147,0.42743440525370946,0.24477153898613324,0.37523161350720935,0.25225657745366975,0.1653646182945421,0.6987086233537521,-0.06305813596713702
2021-02-28,0.38756851880452453,0.6000679021822617,0.39127762276796185,0.08463541666666662,0.4237441097648483,0.4778193424121414,0.4630482790469524,0.45746404208882147,0.24124801091157083,0.3482801448304572,0.2511444067984511,0.1730818045236394,0.6846648477907368,0.06027649300526008
2021-03-07,0.3794343511450592,0.5868903910794656,0.44863329433430876,0.2623697916666666,0.610774550818944,0.4237441097648483,0.4778193424121414,0.4630482790469524,0.24005455785405777,0.32325378105918734,0.24842823946506054,0.17233200969522253,0.6900520103744331,-0.05437677087807177
2021-03-14,0.3675164015610663,0.5681157462914314,0.39631316498008495,0.10156250000000018,0.4369089407217962,0.610774550818944,0.4237441097648483,0.4778193424121414,0.23920209138440557,0.2913807610279836,0.24582071882500559,0.16741403645641256,0.6832955000601026,-0.03593200922606344
2021-03-21,0.3545497844022709,0.5477429217415039,0.3649917698972198,0.0,0.4648794461317963,0.4369089407217962,0.610774550818944,0.4237441097648483,0.23738349624914756,0.2682749953702033,0.24331749901055286,0.1591533287345047,0.6215209332506034,0.03593200922606337
2021-03-28,0.3470122442034413,0.535766938670903,0.4005370066406455,0.10156250000000018,0.5738574288687377,0.4648794461317963,0.4369089407217962,0.610774550818944,0.23636053648556493,0.24619550384293973,0.24091440798867825,0.15148267156416168,0.6268762505382385,-0.002945510229756803
2021-04-04,0.34050840665642523,0.5254168803794437,0.397654218156983,0.09309895833333338,0.5149017270395411,0.5738574288687377,0.4648794461317963,0.4369089407217962,0.23562173221186639,0.2205633286310494,0.23860744060767858,0.1427767677834703,0.6232724245339727,-0.00295421189743152
2021-04-11,0.3348885679112229,0.516456491690133,0.3945781450951279,0.08463541666666662,0.5148885314207868,0.5149017270395411,0.5738574288687377,0.4648794461317963,0.23306433280290978,0.20225130551904288,0.23639275192191894,0.13469271427282825,0.6169882861112176,0.0574870909176816
2021-04-18,0.33536541509747414,0.5171405481234883,0.45833248616915623,0.25390624999999983,0.6065445700984947,0.5148885314207868,0.5149017270395411,0.5738574288687377,0.22976812912025463,0.18368283927303833,0.23426665078358966,0.1361572804214879,0.6221737618198593,-0.048650509117183376
2021-04-25,0.3312047734547283,0.5105035504875137,0.40287475477432666,0.11002604166666696,0.4455925137916909,0.6065445700984947,0.5148885314207868,0.5149017270395411,0.2261877699477154,0.16644069204460551,0.23222559369079357,0.13329549951853467,0.6183098658977598,0.03741443585025763
2021-05-02,0.3310868299539367,0.5102741849418195,0.4439805814683101,0.2200520833333333,0.5761054504314039,0.4455925137916909,0.6065445700984947,0.5148885314207868,0.2221527619913617,0.15484883918174977,0.2302661788817093,0.12905498084327666,0.6269611713277352,0.014025475354504458
2021-05-09,0.3321032816684712,0.5118348629659791,0.4595825939487319,0.39909771126760557,0.5406373289981561,0.5761054504314039,0.4455925137916909,0.6065445700984947,0.2198226869743124,0.14663421176677757,0.2283851406649884,0.12089562117525704,0.6311965957038826,-0.042680731114880556
2021-05-16,0.32891115865709053,0.5067541284115435,0.4075936241377218,0.2478813559322033,0.45464536636090425,0.5406373289981561,0.5761054504314039,0.4455925137916909,0.21754944305523982,0.1311619771937171,0.22657934397693638,0.11859624189191026,0.6175402712429461,-0.0029112102074584415
2021-05-23,0.32601813042270644,0.502146591822961,0.4041529452702276,0.3264508928571425,0.5149537412090576,0.45464536636090425,0.5406373289981561,0.5761054504314039,0.2160150034098659,0.11679490223301811,0.2248457791564064,0.10801763361824251,0.6156773214233624,-0.008784829555732803
2021-05-30,0.32288382844472213,0.49715066078560005,0.39327914096930106,0.26116071428571463,0.5060467081523685,0.5149537412090576,0.45464536636090425,0.5406373289981561,0.21487838145032961,0.10094185891296834,0.22318155692869762,0.09925007401722816,0.6117072745143921,0.04317217186520878
2021-06-06,0.3241733990421208,0.49919295895625554,0.449823541972711,0.6670185810810811,0.5848367525427548,0.5060467081523685,0.5149537412090576,0.45464536636090425,0.21584451011593547,0.09555454229928109,0.2215839035900972,0.09744137144920631,0.6136445300247854,0.0
2021-06-13,0.32509994890227184,0.5006505347041814,0.449823541972711,0.7712402343749999,0.5193684375002671,0.5848367525427548,0.5060467081523685,0.5149537412090576,0.21561718572402816,0.09131601074190446,0.22005015638504077,0.09101240983992456,0.622943356474673,0.01398624197473987
2021-06-20,0.3270029624357975,0.503642694532211,0.46926716145434233,0.9140624999999998,0.540577833652992,0.5193684375002671,0.5848367525427548,0.5060467081523685,0.21675380768356445,0.0905485760468916,0.21857775906818663,0.0860980935701258,0.6381070249491759,0.021978906718775167
2021-06-27,0.3304121892085447,0.50897637840506,0.5001007488746637,0.8309659090909078,0.5526982869654918,0.540577833652992,0.5193684375002671,0.5848367525427548,0.21902705160263697,0.0988790134760488,0.21716425764400663,0.08417338438093416,0.640755492071604,-0.030347156389291703
2021-07-04,0.33013117170166195,0.508499469388452,0.4480433323727695,0.5876116071428572,0.4733485800480901,0.5526982869654918,0.540577833652992,0.5193684375002671,0.21999318026824283,0.10011285099880093,0.21580729627679388,0.08344158821550476,0.6377142662977537,-0.02266385957721206
2021-07-11,0.32772500400689375,0.5046985703522489,0.41206107878897746,0.41350446428571364,0.4849998932557894,0.4733485800480901,0.5526982869654918,0.540577833652992,0.22056149124801094,0.09694586479886577,0.2145046133642696,0.0790680449188789,0.635108259570074,0.011396134730869582
2021-07-18,0.3267327107645537,0.5031195748425958,0.43014124356010053,0.45703124999999906,0.5366500730213295,0.4849998932557894,0.4733485800480901,0.5526982869654918,0.2214139577176631,0.09400509189892597,0.2132540377682463,0.07289602998008624,0.6373108925476444,0.047034948704973434
2021-07-25,0.33016520766861357,0.5084609782880488,0.5017905641791159,0.856933593749999,0.59069444929876,0.5366500730213295,0.4849998932557894,0.4733485800480901,0.22209593089338486,0.10527805769491616,0.21205348519606393,0.07402519292496601,0.6433827289966578,-0.04420609250449568
2021-08-01,0.3286337957478632,0.5060411802392277,0.42638460589290994,0.3999023437499991,0.45233223649751075,0.59069444929876,0.5366500730213295,0.4849998932557894,0.22283473516708352,0.11092200813635081,0.21090095472676887,0.07718456896570863,0.6387280082223704,-0.011363758650315095
2021-08-08,0.3262821909056081,0.5023459012369159,0.40860187801185155,0.28564453124999967,0.5021358985928334,0.45233223649751075,0.59069444929876,0.5366500730213295,0.2226074107751762,0.1161628192605402,0.20979452547624558,0.0743133894114596,0.6339724440105557,0.01980262729617973
2021-08-15,0.32611195301303775,0.5020622438266458,0.4403707572392689,0.4855957031250003,0.5493980743353791,0.5021358985928334,0.45233223649751075,0.59069444929876,0.2224937485792226,0.12102928673300176,0.20873235339574325,0.07111957721310405,0.635421404981343,0.0
2021-08-22,0.32587268648964113,0.5016718265222804,0.4403707572392689,0.4855957031250003,0.5193684375002671,0.5493980743353791,0.5021358985928334,0.45233223649751075,0.22323255285292115,0.11604409276933883,0.20771266819846104,0.06868161135546963,0.636827905557382,-0.005617992304223373
2021-08-29,0.32507348814858406,0.5004094013655416,0.42973793432685214,0.4284667968749995,0.5108490493344943,0.5193684375002671,0.5493980743353791,0.5021358985928334,0.22391452602864287,0.11141498408879472,0.2067337704090701,0.0637792014263305,0.6326614793227006,-0.008486613877318581
2021-09-05,0.3235904163408603,0.49808152986221005,0.4132375908042075,0.21093750000000033,0.5064989364545718,0.5108490493344943,0.5193684375002671,0.5493980743353791,0.22459649920436464,0.09511381344157616,0.20579402853125478,0.061337831226912755,0.6297317120850647,-0.022989518224698833
2021-09-12,0.3203170067335903,0.4929485963815728,0.3700194121216124,0.0,0.4845060491425829,0.5064989364545718,0.5108490493344943,0.5193684375002671,0.2239713571266197,0.07921234876991934,0.2048918763285521,0.058543127715186306,0.6264569541400986,0.0
2021-09-19,0.31771251959359964,0.4888513589748194,0.3700194121216124,0.06093749999999869,0.5193684375002671,0.4845060491425829,0.5064989364545718,0.5108490493344943,0.22334621504887475,0.06707666437542842,0.2040258102139575,0.052781744494980236,0.6287816607525705,0.011560822401076006
2021-09-26,0.3166789502550117,0.4872214978621261,0.395928670889639,0.18281249999999824,0.5368998131620468,0.5193684375002671,0.4845060491425829,0.5064989364545718,0.22266424187315303,0.0543659870582055,0.20319438674394666,0.048487322443608906,0.631913114865261,0.0
2021-10-03,0.31587078305747646,0.4859452295124687,0.395928670889639,0.195870535714284,0.5193684375002671,0.5368998131620468,0.5193684375002671,0.4845060491425829,0.22152761991361675,0.050598125546962414,0.2023962202127363,0.045555078620441274,0.6352515634023497,0.01426557715882244
2021-10-10,0.3165198634642654,0.4869703404995419,0.43030404027012914,0.35909598214285554,0.5410014306842246,0.5193684375002671,0.5368998131620468,0.5193684375002671,0.2213002955217095,0.049717170408292405,0.20162998034277432,0.04388771458060565,0.6380114890609921,0.019635974516858935
2021-10-17,0.3188118413929271,0.49058207175775487,0.4760676414065721,0.5876116071428567,0.5491453542106343,0.5410014306842246,0.5193684375002671,0.5368998131620468,0.22192543759945443,0.05412501609206949,0.18324022346368715,0.04233944797218681,0.6401026635023481,-0.05715841383994864
2021-10-24,0.3154990910836801,0.4853578732762338,0.3470034400142483,0.02948588709677459,0.43269072630505456,0.5491453542106343,0.5410014306842246,0.5193684375002671,0.22118663332575594,0.04243267632530537,0.1835977653631285,0.04881752530551942,0.6318388091744513,-0.017804624633506707
2021-10-31,0.3113929577548294,0.47884203680301485,0.3145885060414706,0.11425781249999947,0.49236866601879087,0.43269072630505456,0.5491453542106343,0.5410014306842246,0.21914071379859063,0.043078254632975044,0.18434324022346368,0.04797256315556963,0.6287020475124173,0.02366974408590492
2021-11-07,0.31027205527279145,0.47704843449152384,0.37007089275186333,0.34277343750000044,0.555262352395938,0.49236866601879087,0.43269072630505456,0.5491453542106343,0.21845874062286885,0.03224394820378543,0.18435754189944134,0.04613252164893913,0.6309896012794844,-0.017699577099400975
2021-11-14,0.3079427489972914,0.4733110397178206,0.3358513796287377,0.17138671875000022,0.49252796504777513,0.555262352395938,0.49236866601879087,0.43269072630505456,0.21766310525119348,0.02976211784656768,0.18435754189944134,0.043368477882533625,0.628288058663621,-0.02105340919783238
2021-11-21,0.30443894429327895,0.46765216782879937,0.29786957853651896,0.07617187499999922,0.4874420560713806,0.49252796504777513,0.555262352395938,0.49236866601879087,0.21607183450784267,0.038821673945213964,0.2022346368715084,0.042912733405654234,0.6246364647152632,-0.027736754971599636
2021-11-28,0.29954630167006435,0.4596723730775563,0.25274835824267183,0.17578124999999986,0.47730711572089335,0.4874420560713806,0.49252796504777513,0.555262352395938,0.21396908388270064,0.06204828807639934,0.2018324022346369,0.0472389941875277,0.619620830585615,-0.0031298930089277044
2021-12-05,0.295655599745349,0.45322780108639554,0.2478428781672738,0.2801159274193544,0.5146221203078515,0.47730711572089335,0.4874420560713806,0.49252796504777513,0.21192316435553532,0.09125847518817712,0.20068648044692738,0.051783953240105936,0.6148546512751132,0.06375451482536251
2021-12-12,0.2981885712296202,0.45730431070493277,0.39860759625290965,0.5897177419354834,0.6160487869392401,0.5146221203078515,0.47730711572089335,0.4874420560713806,0.21124119117981355,0.08089494643439649,0.19870115754189946,0.06180915823815291,0.6171740503382416,0.0
2021-12-19,0.30038541896766285,0.4608429716633331,0.39860759625290965,0.5897177419354834,0.5193684375002671,0.6160487869392401,0.5146221203078515,0.47730711572089335,0.21101386678790635,0.07127166973445731,0.1968349540111732,0.05475905332748638,0.6184690923780661,0.023256862164267183
2021-12-26,0.30432819155270274,0.4672490587840764,0.4491229986740467,0.7076612903225797,0.5546362388011548,0.5193684375002671,0.6160487869392401,0.5146221203078515,0.2112411911798136,0.07151849146624276,0.19508072269229051,0.057711431502676096,0.6193660682171249,-0.023256862164267235
2022-01-02,0.30552531216526974,0.4691731445523349,0.39754650283191983,0.5897177419354834,0.4841006361993793,0.5546362388011548,0.5193684375002671,0.6160487869392401,0.2107865423959991,0.07174768307432924,0.19441340782122904,0.05570347344066224,0.6174447353547623,0.0
2022-01-09,0.3065919435116846,0.47088914198973997,0.39754650283191983,0.5897177419354834,0.5193684375002671,0.4841006361993793,0.5546362388011548,0.5193684375002671,0.21033189361218463,0.07196050385326666,0.19280446927374303,0.04908948887267362,0.6188193906347399,0.04317217186520878
2022-01-16,0.3113585061431059,0.4786281455442004,0.492095871669355,0.7734374999999998,0.5848367525427548,0.5193684375002671,0.4841006361993793,0.5546362388011548,0.21044555580813823,0.06868036722562512,0.1675977653631285,0.056140854223362895,0.6211334821485248,-0.01704586727298872
2022-01-23,0.3136295050035603,0.4823002233037187,0.45039186269519926,0.6890624999999997,0.4935192814215621,0.5848367525427548,0.5193684375002671,0.4841006361993793,0.20982041373039328,0.06563452607138656,0.1683240223463687,0.05741138164061715,0.6181984073615454,0.002861232281032195
2022-01-30,0.3156994265981902,0.48563984323476,0.45669379758366413,0.7031249999999998,0.5237073449096324,0.4935192814215621,0.5848367525427548,0.5193684375002671,0.21038872471016146,0.06477521131612238,0.16903575418994415,0.05225855432371893,0.6222958354547607,0.005698021114637796
2022-02-06,0.31784250829489313,0.48908764333848387,0.46984832274842425,0.7312500000000001,0.528009185123911,0.5237073449096324,0.4935192814215621,0.5848367525427548,0.21141168447374403,0.06893049187043851,0.16973325139664805,0.04905693679482915,0.6240844795835347,0.039002157803269176
2022-02-13,0.3230699440228634,0.4974447486779035,0.5536150172532921,0.8871783088235298,0.5785131467906274,0.528009185123911,0.5237073449096324,0.4935192814215621,0.21277563082518758,0.08363704853697182,0.17041679865921788,0.05136117521210292,0.6300501650456773,-0.07368771579115926
2022-02-20,0.32048279970348587,0.49331301928789256,0.3808418018357279,0.5376838235294119,0.40762491421311453,0.5785131467906274,0.528009185123911,0.5237073449096324,0.21300295521709478,0.07723503189340333,0.1718235904,0.058777994150814396,0.625639591541193,-0.07955263170195377
2022-02-27,0.31180260428512535,0.47934928348240247,0.26228946269014486,0.18818933823529396,0.39873107945899544,0.40762491421311453,0.5785131467906274,0.528009185123911,0.21215048874744263,0.07810773884737096,0.17317411047115086,0.06672047410415219,0.621467857757168,0.01892800988551886
2022-03-06,0.30658479034624536,0.4708468709069983,0.29885372804436994,0.26884191176470595,0.548071763294981,0.39873107945899544,0.40762491421311453,0.5785131467906274,0.21215048874744263,0.07891810959034085,0.17430167597765364,0.062485862305231475,0.6241216324289396,-0.012578782206860073
2022-03-13,0.30159624951145697,0.46261870628499124,0.2818213709528663,0.06529017857142892,0.5002933796379778,0.548071763294981,0.39873107945899544,0.40762491421311453,0.21197999545351215,0.07854686067262168,0.17430167597765364,0.058026005879680785,0.6197588268685471,0.012578782206859965
2022-03-20,0.29887849303400627,0.4580594386025106,0.3076941443926575,0.1305803571428573,0.5384434953625562,0.5002933796379778,0.548071763294981,0.39873107945899544,0.21084337349397597,0.0782021295347396,0.17555307262569833,0.05335699372940227,0.623442266112966,-0.012578782206860073
2022-03-27,0.2959365077295371,0.45307234697227605,0.28892641691722254,0.06529017857142892,0.5002933796379778,0.5384434953625562,0.5002933796379778,0.548071763294981,0.20947942714253237,0.0788671892186858,0.20558659217877093,0.04954919934498223,0.6211812500926167,-0.01916991610772017
2022-04-03,0.2923437952261293,0.4469206201229214,0.2611431268318908,0.0,0.4902982737152093,0.5002933796379778,0.5384434953625562,0.5002933796379778,0.20731984541941356,0.08447878882110305,0.2049944134078212,0.04654110717171651,0.6199976665890066,0.022329476398088577
2022-04-10,0.2915879418802851,0.44550420877892144,0.31107015696299667,0.1103178879310344,0.553229907340795,0.4902982737152093,0.5002933796379778,0.5384434953625562,0.20601273016594684,0.07538777316741543,0.20372201117318436,0.0532467828887784,0.6224497543857235,0.006289328907563918
2022-04-17,0.2917918720961935,0.4457090831440034,0.32523127053676215,0.14183728448275842,0.5289058721146705,0.553229907340795,0.4902982737152093,0.5002933796379778,0.20481927710843378,0.06694611577470552,0.20250050502793296,0.049446860707260086,0.6246842326593551,0.015552413007484785
2022-04-24,0.29350830986065257,0.4484984435401478,0.3608899096413315,0.2206357758620688,0.5429528491815665,0.5289058721146705,0.553229907340795,0.4902982737152093,0.2030575130711526,0.07491495438143075,0.20132785912849163,0.05383411500842885,0.6303420802595722,0.0
2022-05-01,0.29511875951472805,0.4511259258525855,0.3608899096413314,0.2206357758620688,0.5193684375002671,0.5429528491815665,0.5289058721146705,0.553229907340795,0.20163673562173218,0.08231459023053275,0.20020211906502794,0.04840908983870546,0.6373002774489573,0.06569525926539495
2022-05-08,0.302222156000132,0.46309444700925223,0.5006194289771018,0.5673491379310348,0.6189918232269139,0.5193684375002671,0.5429528491815665,0.5289058721146705,0.20140941122982498,0.1065393812181196,0.1991214086041028,0.05445362132442958,0.6438444857895461,-0.01749315744751723
2022-05-15,0.30642812554553556,0.4701398538427397,0.4601791029145025,0.47279094827586216,0.4928409895312938,0.6189918232269139,0.5193684375002671,0.5429528491815665,0.20072743805410326,0.13097430631560877,0.19808392656161466,0.055316948479340496,0.6401238936997223,0.0
2022-05-22,0.3098418286953949,0.475842663486307,0.4601791029145025,0.5273437499999996,0.5193684375002671,0.4928409895312938,0.6189918232269139,0.5193684375002671,0.1992498295067061,0.15366387962042008,0.19708794380082606,0.05084144042908629,0.6492157257252118,-0.060624621816434854
2022-05-29,0.30751014529959375,0.4719199901227646,0.3377880103988735,0.22851562499999994,0.42743440525370946,0.5193684375002671,0.4928409895312938,0.6189918232269139,0.19811320754716982,0.15214606665040523,0.196131800350469,0.06040625087279609,0.6452881392109898,0.015504186535965254
2022-06-05,0.3070608655824753,0.4711439437294619,0.37076879877176416,0.3427734374999999,0.5428797162884453,0.42743440525370946,0.5193684375002671,0.4928409895312938,0.19873834962491477,0.1507366688925342,0.19553072625698326,0.05609493812099078,0.6471033210864816,-0.015504186535965199
2022-06-12,0.30554864235376045,0.46856823187040747,0.34248325184310024,0.22851562499999994,0.4958571587120889,0.5428797162884453,0.42743440525370946,0.5193684375002671,0.19873834962491477,0.14683300475215907,0.1946368715083799,0.052091576280028716,0.6415993924172273,0.0
2022-06-19,0.3044923025403282,0.46674838220225456,0.34248325184310013,0.22851562499999994,0.5193684375002671,0.4958571587120889,0.5428797162884453,0.42743440525370946,0.19896567401682208,0.14521965530654848,0.1937787709497207,0.047318735060315344,0.646784868125869,0.0
2022-06-26,0.3038051744034101,0.4655449133479728,0.34248325184310013,0.22851562499999994,0.5193684375002671,0.5193684375002671,0.4958571587120889,0.5428797162884453,0.19896567401682208,0.14680608001113607,0.19295499441340788,0.04446996176452583,0.6482444441953434,0.0
2022-07-03,0.3034151451940959,0.46484081913600883,0.3424832518431,0.22851562499999994,0.5193684375002671,0.5193684375002671,0.5193684375002671,0.4958571587120889,0.19919299840872928,0.14827918866539594,0.19216416893854754,0.03918608778567124,0.6559881586875729,0.0
2022-07-10,0.30326233057717034,0.4645381783685818,0.3424832518431,0.08309659090909108,0.5193684375002671,0.5193684375002671,0.5193684375002671,0.5193684375002671,0.1997613093884974,0.14964707527292295,0.19140497648268162,0.0337519164787534,0.6576122687866971,0.0
2022-07-17,0.3032971093259837,0.4645552523031086,0.34248325184310013,0.02948588709677459,0.5193684375002671,0.5193684375002671,0.5193684375002671,0.5193684375002671,0.19993180268242783,0.1533419118563021,0.19067615172505034,0.02976133406114973,0.6622935273077022,0.0
2022-07-24,0.30347846659497707,0.4648240030828084,0.34248325184310024,0.0,0.5193684375002671,0.5193684375002671,0.5193684375002671,0.5193684375002671,0.1999886337804046,0.15677283154086843,0.18997647995772432,0.025528076346822012,0.6686042034771751,0.030771658666753687
2022-07-31,0.3063154790407508,0.4696464858753325,0.440614542541397,0.30468749999999994,0.5660320302021763,0.5193684375002671,0.5193684375002671,0.5193684375002671,0.20032962036826552,0.18029797130422595,0.17318435754189945,0.031623815245164937,0.670881142145555,0.012048338516174355
2022-08-07,0.3096750736574237,0.475357331623173,0.47528377843482894,0.42656249999999946,0.5376391055634391,0.5660320302021763,0.5193684375002671,0.5193684375002671,0.2008979313480337,0.20214274394162937,0.1735195530726257,0.0288406738544947,0.6727706297118564,-0.02424361160999274
2022-08-14,0.31035435532491973,0.4765023530176559,0.3996040281163672,0.18281250000000038,0.4826042828590273,0.5376391055634391,0.5660320302021763,0.5193684375002671,0.1997613093884974,0.20333269041926413,0.17384804469273743,0.031533497257258104,0.6692888773424921,-0.01857638557293542
2022-08-21,0.3094345118440442,0.4749243996305605,0.34912129636402767,0.0,0.4911983313764255,0.4826042828590273,0.5376391055634391,0.5660320302021763,0.19862468742896117,0.20443764071992507,0.17416996648044694,0.02981224094740125,0.6668261744470881,0.024692612590371414
2022-08-28,0.31083230876894774,0.47729626532285924,0.42265097516962913,0.24374999999999908,0.5568134783783539,0.4911983313764255,0.4826042828590273,0.5376391055634391,0.1979427142532394,0.2079034428094366,0.17448544983240225,0.029269365312782715,0.669464026470829,0.009104766992919287
2022-09-04,0.3127585509142255,0.4805669658462442,0.4483201217163685,0.5027343750000005,0.5331753350485751,0.5568134783783539,0.4911983313764255,0.4826042828590273,0.19856785633098434,0.2159596411416819,0.17479462351731845,0.030876134101134135,0.6728820882480708,-0.030677252247047006
2022-09-11,0.311771120048171,0.47888270689282575,0.36265274248943424,0.045703125000000636,0.47284800714021746,0.5331753350485751,0.5568134783783539,0.4911983313764255,0.19834053193907708,0.22344039673590974,0.1750976137285363,0.03184041679233616,0.66847682229293,0.0
2022-09-18,0.3110550309155192,0.4776554180036642,0.36265274248943424,0.4798828125000002,0.5193684375002671,0.47284800714021746,0.5331753350485751,0.5568134783783539,0.1983973630370539,0.20184709538453313,0.18994413407821228,0.040651575618173806,0.6692358018490567,0.0
2022-09-25,0.3105596920199507,0.47680122924847007,0.36265274248943424,0.4798828125000002,0.5193684375002671,0.5193684375002671,0.47284800714021746,0.5331753350485751,0.19845419413503074,0.18179617270111195,0.18949720670391063,0.04619478146654445,0.6697930945301287,0.0
2022-10-02,0.31024295047703265,0.4762499526314652,0.36265274248943424,0.5101744186046514,0.5193684375002671,0.5193684375002671,0.5193684375002671,0.47284800714021746,0.1985110252330075,0.16763803209878927,0.18905921787709498,0.052925194733975785,0.6702101139896003,0.0
2022-10-09,0.3100697452251417,0.4759429665397603,0.36265274248943424,0.5735294117647061,0.5193684375002671,0.5193684375002671,0.5193684375002671,0.5193684375002671,0.19856785633098434,0.16554236354140353,0.18813372067039108,0.06339659938044206,0.6717652259472584,0.015456258236691672
2022-10-16,0.31128241163301773,0.4780105773808257,0.4213135284737741,0.6631433823529413,0.5428070355577633,0.5193684375002671,0.5193684375002671,0.5193684375002671,0.19890884291884525,0.14724106561477038,0.18653284826815641,0.06995374516427216,0.6734583341878487,0.0
2022-10-23,0.31229561476245,0.479737715241513,0.4213135284737741,0.6631433823529413,0.5193684375002671,0.5428070355577633,0.5193684375002671,0.5193684375002671,0.1992498295067061,0.13024700325432528,0.18502802821005584,0.07234850510624435,0.6751726726258132,0.0
2022-10-30,0.31314099676911933,0.4811784812437167,0.4213135284737741,0.6631433823529413,0.5193684375002671,0.5193684375002671,0.5428070355577633,0.5193684375002671,0.19959081609456697,0.12393115599846902,0.1836134973554413,0.08090481354242429,0.6764146391722022,0.0
2022-11-06,0.3138452610071662,0.482378512207764,0.4213135284737741,0.7515625000000004,0.5193684375002671,0.5193684375002671,0.5193684375002671,0.5428070355577633,0.1993634917026597,0.11806644068945962,0.18228383835210368,0.08884995709030566,0.6772532319684821,-0.027995607489427095
2022-11-13,0.3121423440027853,0.4794632691569242,0.3105988119511027,0.5952034883720924,0.47691457956960637,0.5193684375002671,0.5193684375002671,0.5193684375002671,0.1983973630370539,0.10305237774575521,0.18103395888896628,0.08461781862917542,0.6760006503234058,0.024923408452456934
2022-11-20,0.31289576329920166,0.4807489167800806,0.4157201607561527,0.765261627906976,0.5571634680952644,0.47691457956960637,0.5193684375002671,0.5193684375002671,0.19834053193907708,0.09507185688418962,0.16145251396648044,0.08068797577241163,0.677858292593646,-0.003081666537408112
2022-11-27,0.31327648354366583,0.48139725296741176,0.40372339164221416,0.7440043604651154,0.5146952532009729,0.5571634680952644,0.47691457956960637,0.5193684375002671,0.19856785633098434,0.08766137322702156,0.1618659217877095,0.07281710079299378,0.677184233827016,0.0
2022-12-04,0.313615152534691,0.4819741574308953,0.40372339164221416,0.7440043604651154,0.5193684375002671,0.5146952532009729,0.5571634680952644,0.47691457956960637,0.19834053193907708,0.08078020983107981,0.16227106145251396,0.0649807142712672,0.6781979757516328,-0.044171218313137424
2022-12-11,0.3103569822238164,0.4763760193448359,0.2557827689447967,0.4464026162790695,0.45238512136403597,0.5193684375002671,0.5146952532009729,0.5571634680952644,0.19714707888156408,0.08216040897518381,0.16266809832402238,0.06720297380761545,0.6767808600769067,0.0
2022-12-18,0.3078779392563268,0.4720825954198761,0.2557827689447967,0.5187922297297295,0.5193684375002671,0.45238512136403597,0.5193684375002671,0.5146952532009729,0.19652193680381908,0.07702415249914907,0.16305719445810057,0.06187846394819876,0.6777946020015235,0.034868825650824074
2022-12-25,0.3088347442224121,0.47372108740115926,0.39696900411385494,0.7905405405405405,0.5722451672139596,0.5193684375002671,0.45238512136403597,0.5193684375002671,0.19652193680381908,0.06168696847607408,0.16343850866949722,0.060628294507467574,0.6785588891069937,-0.003120127336243634
2023-01-01,0.30942109163344655,0.47472136746253163,0.3863208086998198,0.7658361486486481,0.5146369294339219,0.5722451672139596,0.5193684375002671,0.45238512136403597,0.1964651057058423,0.04744529759750443,0.16381219659666593,0.05419025390411716,0.6771099281362064,0.07232066157962608
2023-01-08,0.31606771551287927,0.4861568714336742,0.5937604351238749,0.8241547131147537,0.6290388953859326,0.5146369294339219,0.5722451672139596,0.5193684375002671,0.19777222095930896,0.06806515544967628,0.16417841076529127,0.06351586338532475,0.6804112238278903,-0.011696039763191187
2023-01-15,0.3202666068700267,0.49331967204015015,0.550866368631449,0.7478693181818179,0.5016320118611591,0.6290388953859326,0.5146369294339219,0.5722451672139596,0.19885201182086842,0.08721216631240725,0.16543250338495893,0.06162101994396028,0.673001884944304,-0.005899722127188383
2023-01-22,0.3230084846988502,0.49796307146939395,0.5295292848776161,0.7146306818181811,0.5104218209600608,0.5016320118611591,0.6290388953859326,0.5146369294339219,0.1995339849965902,0.10166287191672191,0.16663643229983993,0.055639787278841814,0.6682940886765811,0.01176484157958643
2023-01-29,0.326103309964259,0.503166736612488,0.5594754451299225,0.7811079545454549,0.5372091974546678,0.5104218209600608,0.5016320118611591,0.6290388953859326,0.20044328256421917,0.12171561012199719,0.16779220405812567,0.05377980380424472,0.6748011441717652,-0.0029282597790884456
2023-02-05,0.328167951732406,0.5066039532517609,0.5478190640170142,0.7644886363636363,0.5149278864355175,0.5372091974546678,0.5104218209600608,0.5016320118611591,0.20129574903387143,0.14033600988403852,0.16890174494607996,0.04783094110826736,0.6711707804207816,0.005847969882422899
2023-02-12,0.3301648053583974,0.5099008662114498,0.5638680569207147,0.7686434659090899,0.5282365744987203,0.5149278864355175,0.5372091974546678,0.5104218209600608,0.20226187769947718,0.1614904703202368,0.1699669041985161,0.044417864768214126,0.6742810043360979,0.0029112102074585343
2023-02-19,0.3318315043293903,0.5126227788180888,0.5721159241602345,0.7894176136363631,0.5237831337914767,0.5282365744987203,0.5149278864355175,0.5372091974546678,0.20379631734485115,0.18113389786813525,0.17098945708085478,0.03913771200338181,0.6750559065402552,0.11000089521432849
2023-02-26,0.3431377781037723,0.5310632119046487,0.7793356004247337,0.6309457964601768,0.6861789765978119,0.5237831337914767,0.5282365744987203,0.5149278864355175,0.20714935212548308,0.2383868713915064,0.17197110784789993,0.07328576345809215,0.6840097422828125,-0.0026075634070809417
2023-03-05,0.35144176593291493,0.5442154075018006,0.7681780528052943,0.6228567477876102,0.5154142055204392,0.6861789765978119,0.5237831337914767,0.5282365744987203,0.21050238690611506,0.2915503468060654,0.1756975341144561,0.06963763621556712,0.6750505989909117,-0.034531983542375806
2023-03-12,0.35424744564254496,0.5483889413860356,0.6340371949629915,0.5176991150442477,0.46700251102678025,0.5154142055204392,0.6861789765978119,0.5237831337914767,0.21311661741304844,0.3224761762821414,0.1792003748050189,0.07047182467421681,0.670969093545727,-0.010869672236903879
2023-03-19,0.3550019536173151,0.5492729505402096,0.5970634520237609,0.4696100917431193,0.5028851545040813,0.46700251102678025,0.5154142055204392,0.6861789765978119,0.21629915889975,0.34713222408916,0.18249304505414793,0.06491382546718572,0.6660436877549188,-0.07368771579115926
2023-03-26,0.34854648117683307,0.538844890180983,0.40527491907724433,0.18465909090909088,0.40762491421311453,0.5028851545040813,0.46700251102678025,0.5154142055204392,0.21800409183905434,0.33036110155290976,0.2340782122905028,0.07663976693891991,0.6622806352703468,0.0
2023-04-02,0.34312722145306357,0.530084561140768,0.4052749190772442,0.18465909090909088,0.5193684375002671,0.40762491421311453,0.5028851545040813,0.46700251102678025,0.2190838827006138,0.32109362856544954,0.23308379888268158,0.07380750181515577,0.6650405609289892,0.0
2023-04-09,0.33858156724493843,0.5227316431234584,0.4052749190772442,0.18465909090909088,0.5193684375002671,0.5193684375002671,0.40762491421311453,0.5028851545040813,0.22022050466015003,0.3124881179342365,0.2321092737430168,0.06853895685318193,0.6661869915871945,0.005865119452398058
2023-04-16,0.33528074037085864,0.5173779687308501,0.41967000315176084,0.12324438202247219,0.5282625809144615,0.5193684375002671,0.5193684375002671,0.40762491421311453,0.22010684246419643,0.3058471820469335,0.2311542391061453,0.06470217032731196,0.6725242055033851,0.13133600206108695
2023-04-23,0.3446900753728764,0.5321682531618147,0.6544849016703802,0.6162219101123595,0.7185325376109037,0.5282625809144615,0.5193684375002671,0.5193684375002671,0.22294839736303712,0.32352912732435124,0.23021830516201122,0.08383126659506288,0.6838505158025062,-0.025975486403260677
2023-04-30,0.3492015745289557,0.5390252478473317,0.5877884659948628,0.5135182584269663,0.47997798634251637,0.7185325376109037,0.5282625809144615,0.5193684375002671,0.22533530347806324,0.33994807651052483,0.22930108989675982,0.08365162431232001,0.6723809016711094,-0.005277057100843893
2023-05-07,0.3518586297767836,0.5429030630644592,0.5746913870805315,0.4929775280898873,0.511366059536659,0.47997798634251637,0.7185325376109037,0.5282625809144615,0.2273812230052285,0.3551942436119717,0.22840221893681342,0.07715221084542445,0.667529801571111,-0.010638398205055754
2023-05-14,0.3525239170577287,0.5436728258539505,0.547828909046979,0.4518960674157302,0.5032358693401441,0.511366059536659,0.47997798634251637,0.7185325376109037,0.22925664923846328,0.36466676712975554,0.22752132539606595,0.07111704119759282,0.6637349037904776,0.0672087496934501
2023-05-21,0.3592497643649213,0.5535961080806653,0.6468701484324558,0.7189255617977527,0.621286951405016,0.5032358693401441,0.511366059536659,0.47997798634251637,0.23249602182314166,0.3837997128530195,0.22665804972613346,0.07712272685162644,0.6735485625266889,0.027128667388252696
2023-05-28,0.3668329440464006,0.5645277496807828,0.6807433941380574,0.6730823863636363,0.5605076266242748,0.621286951405016,0.5032358693401441,0.511366059536659,0.2363037053875881,0.415133487128612,0.18435754189944134,0.09008747153068342,0.6871358888461595,0.02166149678117925
2023-06-04,0.3744928286383856,0.5752417784149664,0.7064896885463651,0.7478693181818179,0.5522169515845194,0.5605076266242748,0.621286951405016,0.5032358693401441,0.23834962491475337,0.4442291346702336,0.18558659217877094,0.08998867436480623,0.7021934063337916,0.09097177820572679
2023-06-11,0.390008449274696,0.5967294230706647,0.79464166678319,0.6751598011363634,0.657322327199002,0.5522169515845194,0.5605076266242748,0.621286951405016,0.24272561945896803,0.4874446099108004,0.18679106145251398,0.12630940010006772,0.7346172252734968,0.025752496102414764
2023-06-18,0.40438196529855674,0.6156137761297831,0.8148763427101625,0.7374822443181817,0.5584207356618521,0.657322327199002,0.5522169515845194,0.5605076266242748,0.24852239145260285,0.5275732654913265,0.19062668156424584,0.12995592509786882,0.7433375288449383,0.057629112836636215
2023-06-25,0.421765479192512,0.6374974136534386,0.8550002444961377,0.8829012784090906,0.606759938826343,0.5584207356618521,0.657322327199002,0.5522169515845194,0.2561377585814958,0.5667734310348252,0.1943088768715084,0.1338697009223799,0.7515430001300561,0.09531017980432493
2023-07-02,0.4469034894553223,0.6678438617472556,0.9057889938779017,0.8725142045454544,0.6639012837436169,0.606759938826343,0.5584207356618521,0.657322327199002,0.2680722891566265,0.6099737539465607,0.19784378436648048,0.15386314516827887,0.7663669854465722,0.05310982531394833
2023-07-09,0.472744724374062,0.6966875340272016,0.9279999710495409,0.6942246835443037,0.599906678345803,0.6639012837436169,0.606759938826343,0.5584207356618521,0.28171175267106163,0.6568243185753009,0.20474410702516205,0.22256159156199262,0.8086469235172373,0.0
2023-07-16,0.49121378815740724,0.7146681571070679,0.9279999710495409,0.6942246835443037,0.5193684375002671,0.599906678345803,0.6639012837436169,0.606759938826343,0.2953512161854967,0.7003284143019881,0.21768301421733902,0.224082412108632,0.8437351322274013,0.033901551675681416
2023-07-23,0.5087822231338743,0.7301790229119439,0.9416550031314658,0.7494724678456591,0.5707783473945919,0.5193684375002671,0.599906678345803,0.6639012837436169,0.3100136394635145,0.7418144734941571,0.22958680883414181,0.23077177159604,0.8541432364900895,0.22314355131420976
2023-07-30,0.5585022828345464,0.7777593461564616,0.9999999999999999,0.9092261904761901,0.8577538298949232,0.5707783473945919,0.5193684375002671,0.599906678345803,0.33047283473516714,0.785610115758592,0.24053829988160044,0.35097016965548,0.8822095574187458,-0.12783337150988489
2023-08-06,0.5718166026107739,0.784289806564966,0.7337811489414461,0.6915922619047618,0.32551589134896075,0.8577538298949232,0.5707783473945919,0.5193684375002671,0.34638554216867473,0.8262774978612815,0.25849564307779793,0.378148264176502,0.8682507026452273,0.058840500022933395
2023-08-13,0.5895136323062784,0.7942071361816639,0.7659058194393807,0.7883184523809521,0.6085969434180636,0.32551589134896075,0.8577538298949232,0.5707783473945919,0.3646851557172085,0.8640400669566359,0.27262569832402234,0.3748883537407393,0.8802245339642607,0.3053816495511819
2023-08-20,0.6638432388497132,0.8527118339411223,0.8868026880516559,0.8954081632653058,0.9824635558888555,0.6085969434180636,0.32551589134896075,0.8577538298949232,0.3974198681518527,0.9035562008094302,0.28737430167597766,0.48373727642245223,0.9139593175918213,0.2419136539962002
2023-08-27,0.784238918071449,0.9362878370519605,0.9451495115665823,0.8574675087616821,0.8862176977679843,0.9824635558888555,0.6085969434180636,0.32551589134896075,0.4434530575130712,0.9423994452665136,0.3173810055865922,0.6117248378525243,0.9586754208111726,0.05858072602484982
2023-09-03,0.891802340604059,0.993720752992147,0.9564593525882749,0.7823299632352941,0.6082030098907099,0.8862176977679843,0.9824635558888555,0.6085969434180636,0.493009774948852,0.979156735383345,0.3717297877094972,0.6867699280765608,0.9999999999999999,-0.11467019267589329
2023-09-10,0.9341771252310858,1.0,0.7804915758545484,0.6552289603960396,0.3454771557846479,0.6082030098907099,0.8862176977679843,0.9824635558888555,0.5341554898840646,0.9781477048982148,0.44007425072625694,0.7633149743869249,0.9623694751542787,-0.016747857301222763
2023-09-17,0.9555098616369536,0.9920997254283255,0.7588338180971829,0.6266510953608246,0.4939711977805141,0.3454771557846479,0.6082030098907099,0.8862176977679843,0.5719481700386452,0.9758164549364199,0.4974835996603352,0.7673724713457639,0.953442177158439,-0.04267556316957807
2023-09-24,0.9529934873446562,0.970890254133499,0.7053483032041558,0.5757344242902207,0.4546532032765971,0.4939711977805141,0.3454771557846479,0.6082030098907099,0.6063878154125938,0.9736517228290389,0.5457074527649608,0.7590026584396843,0.9465052101664281,0.04711016023744374
2023-10-01,0.9569951129259494,0.9549113917605007,0.7276751130479895,0.6229597929936304,0.5908085036094389,0.4546532032765971,0.4939711977805141,0.3454771557846479,0.642191407137986,0.9717816931644343,0.5770949720670391,0.7322328809852787,0.9532033374379796,0.07170305991305734
2023-10-08,0.9741950508512786,0.947065030706431,0.7607822279955972,0.7044685509554138,0.628102335126608,0.5908085036094389,0.4546532032765971,0.4939711977805141,0.6799272561945896,0.9744941338471629,0.5776536312849162,0.7300670571051038,0.9606073687722223,0.04509620783319327
2023-10-15,0.9944194688173329,0.9409804871717846,0.7809651407586592,0.7588077229299361,0.5877544513163622,0.628102335126608,0.5908085036094389,0.4546532032765971,0.7191407137985906,0.981043638746627,0.5994413407821229,0.7401934235842285,0.9729686511933344,-0.007905179507113261
2023-10-22,1.0,0.9277068192438465,0.7686221071740919,0.7491042993630571,0.5073806509220297,0.5877544513163622,0.628102335126608,0.5908085036094389,0.7577858604228234,0.987125321867558,0.6313519553072626,0.7216274825789711,0.9677937905833798,-0.012779726646398882
2023-10-29,0.9925180759917608,0.908948945684801,0.7480339237914134,0.7335788216560508,0.499988658024369,0.5073806509220297,0.5877544513163622,0.628102335126608,0.794385087519891,0.9927725990512797,0.6581568715083799,0.6943610591552992,0.9571150013041709,-0.00969312920565968
2023-11-05,0.9759044512421093,0.8871404200340476,0.7320032233205876,0.6826246803069053,0.5046693197777449,0.499988658024369,0.5073806509220297,0.5877544513163622,0.8217776767447147,0.9980164992933069,0.6806730011173185,0.6495167121794339,0.9513510027170831,-0.00978800636616282
2023-11-12,0.9523256891565899,0.86351390861764,0.7153059186895903,0.6647727272727272,0.5045254435823672,0.5046693197777449,0.499988658024369,0.5073806509220297,0.85360309161173,1.0,0.7988826815642458,0.6068200990487387,0.9457939985543933,-0.016529301951210582
2023-11-19,0.9215243095169878,0.8379858264584279,0.686719403097404,0.6256751543209876,0.4943026254083271,0.5045254435823672,0.5046693197777449,0.499988658024369,0.8820186406001366,0.9958959159632468,0.7965363128491622,0.5713949791826589,0.9437187467610679,-0.0390873887080468
2023-11-26,0.8788037056699418,0.8083030747067406,0.6227098565502119,0.38847656249999996,0.4600944800510983,0.4943026254083271,0.5045254435823672,0.5046693197777449,0.8936121845874063,0.9787712433060245,0.7914905027932962,0.5627752023284451,0.9377318311015512,-0.00521287018853321
2023-12-03,0.8374030476082143,0.780700906843955,0.6144131229916087,0.2647788098236775,0.5114633955940129,0.4600944800510983,0.4943026254083271,0.5045254435823672,0.8900886565128439,0.9588936104596508,0.7826826368715085,0.5283852789218891,0.932668429027811,0.0017406444777841182
2023-12-10,0.7995426424401353,0.756015501268986,0.6160008822042038,0.35179379111842113,0.5220080327794745,0.5114633955940129,0.4600944800510983,0.4943026254083271,0.8825301204819279,0.9404358085308753,0.7710177465921788,0.49328547722791294,0.9384005823188376,-0.0008699435085399963
2023-12-17,0.7641245329287591,0.7335149244857836,0.6144178312250075,0.3487870065789476,0.5180492141852093,0.5220080327794745,0.5114633955940129,0.4600944800510983,0.8828142759718117,0.9182873504582083,0.7602860475351956,0.4691362745940665,0.9279500176614011,-0.007863736460214576
2023-12-24,0.7289892231358372,0.7119996767844217,0.5993693262073343,0.31977103960396036,0.5074434971105224,0.5180492141852093,0.5220080327794745,0.5114633955940129,0.883666742441464,0.8977209251050178,0.7470507388710614,0.44301799671962483,0.9239481254563695,0.13133600206108695
2023-12-31,0.7374505748350471,0.7119886316142275,0.7198088827937106,0.6780790441176469,0.7185325376109037,0.5074434971105224,0.5180492141852093,0.5220080327794745,0.8962832461923165,0.8985729250376753,0.6279329608938548,0.5348630276778443,0.9289956048820791,0.048057294953779264
2024-01-07,0.7555607698220222,0.7163377193945593,0.7549289953006738,0.8602941176470587,0.5922447833080913,0.7185325376109037,0.5074434971105224,0.5180492141852093,0.9095817231188907,0.8993640678322858,0.630782122905028,0.5299081097270802,0.941627572319712,0.15958206982446507
2024-01-14,0.8247617726070089,0.7428668000954638,0.8457492643185681,0.6532939189189186,0.7613662052989204,0.5922447833080913,0.7185325376109037,0.5074434971105224,0.9315185269379406,0.9172676743597781,0.6335743016759777,0.714229763964438,0.9560110310407139,0.03258818959315164
2024-01-21,0.8866678445857702,0.7637692744737953,0.860593584009722,0.7260346283783784,0.5687867032666946,0.7613662052989204,0.5922447833080913,0.7185325376109037,0.9532848374630598,0.9338924518495921,0.6482313296089386,0.7413188726073391,0.9669551977871,-0.032588189593151594
2024-01-28,0.915198491857304,0.7692586939794964,0.7899351605034614,0.6532939189189186,0.4699501717338397,0.5687867032666946,0.7613662052989204,0.5922447833080913,0.9726074107751763,0.9207276998532772,0.662302076424581,0.844047428921875,0.9547159890008894,-0.10536051565782628
2024-02-04,0.8900463376288609,0.7530149977573248,0.6117271743738768,0.4336993243243242,0.3595947885473811,0.4699501717338397,0.5687867032666946,0.7613662052989204,0.9837463059786318,0.9085032872852705,0.6758099933675978,0.9083029342330394,0.9438620505933436,-0.03390155167568146
2024-02-11,0.851601912172146,0.732239089843051,0.5665293543451777,0.36782094594594567,0.4679585276059422,0.3595947885473811,0.4699501717338397,0.5687867032666946,0.9928392816549216,0.8971520470435501,0.6887775936328939,0.8772014541405999,0.9403802982239793,-0.06837729744473674
2024-02-18,0.7919927499077833,0.7037736314705372,0.4867752089428038,0.24155405405405395,0.41567788274100015,0.4679585276059422,0.3595947885473811,0.4699501717338397,0.9973857694930666,0.8658444622670707,0.7012264898875782,0.8704856180556976,0.9321376740934567,-0.09684982598991766
2024-02-25,0.7093607682084926,0.6665625707459673,0.39790205636106835,0.12874119718309857,0.37250079925601776,0.41567788274100015,0.4679585276059422,0.3595947885473811,0.9962491475335304,0.8068203599605077,1.0,0.9217706264282648,0.9131419549929156,-0.058455366184165664
2024-03-03,0.6231099104080534,0.6280780220235076,0.35409659728163023,0.21719277871621612,0.4307239666773157,0.37250079925601776,0.41567788274100015,0.4679585276059422,0.993919072516481,0.7460714224902271,0.9920670391061454,1.0,0.8982224337882156,0.0958817717032825
2024-03-10,0.5805242401530675,0.6083923245866156,0.43303480250237747,0.33247994087837823,0.6647680726240448,0.4307239666773157,0.37250079925601776,0.41567788274100015,0.9982950670606958,0.6874542102999389,0.9725407821229051,0.9850405561088362,0.9074151092512325,-0.03742640551911691
2024-03-17,0.532711258780473,0.5866360603941335,0.40240716647004215,0.286159206081081,0.4626132731994405,0.6647680726240448,0.4307239666773157,0.37250079925601776,1.0,0.6330239418375284,0.9537955754189945,0.9357926117594283,0.901831567341825,-0.12629372532429212
2024-03-24,0.45719031156435286,0.5526034115264129,0.3172104554137676,0.14205025337837832,0.32785068334986034,0.4626132731994405,0.6647680726240448,0.4307239666773157,0.9938054103205276,0.5885382777089272,0.9358001769832403,0.9454726520087428,0.8957491157941245,0.12629372532429206
2024-03-31,0.43202215542525324,0.5409671374010778,0.41145512345044843,0.286159206081081,0.7108861916506737,0.32785068334986034,0.4626132731994405,0.6647680726240448,0.9960786542396001,0.5381427218825439,0.9185245944849162,0.9491840918318635,0.899915542028806,-0.10536051565782628
2024-04-07,0.38098467322166973,0.5174996217676898,0.3448945187508906,0.16469594594594592,0.3595947885473811,0.7108861916506737,0.32785068334986034,0.4626132731994405,0.9825528529211185,0.49134684861518785,0.9019400352865251,0.9410206570548839,0.8978296751367935,-0.10097591734000222
2024-04-14,0.3143294341690922,0.4862611091796586,0.29395209533115385,0.05970228040540537,0.3662437999731276,0.3595947885473811,0.7108861916506737,0.32785068334986034,0.9595930893384861,0.4551135589366906,0.8860188584560698,0.9249968543942714,0.8922195954806683,0.0
2024-04-21,0.26213505299149,0.4611205975732053,0.29395209533115374,0.11051637279596967,0.5193684375002671,0.3662437999731276,0.3595947885473811,0.7108861916506737,0.9232211866333258,0.4303820016145702,0.8707345286988326,0.9069513076786712,0.8924993935594119,-0.02105340919783238
2024-04-28,0.2167794491192321,0.43862370925785615,0.2835633010329274,0.16827059659090907,0.4874420560713806,0.5193684375002671,0.3662437999731276,0.3595947885473811,0.8827006137758583,0.414730137985977,0.8474513508316512,0.9355783818120171,0.8719273323038385,-0.04348511193973878
2024-05-05,0.17221297222220427,0.41577280207104117,0.26248360661610903,0.14750744047619047,0.4534255653877131,0.4874420560713806,0.5193684375002671,0.3662437999731276,0.8429188451920893,0.39043410041516624,0.8144261924857896,0.9294422172609894,0.8674053002631397,-0.11778303565638351
2024-05-12,0.11351535004688065,0.38451023798189704,0.2132224289804674,0.029572610294117674,0.34075669405849696,0.4534255653877131,0.4874420560713806,0.5193684375002671,0.8065469424869289,0.3764907872957506,0.7840430468075968,0.9131900122182636,0.8655051975981513,-0.025317807984289897
2024-05-19,0.06475828616723,0.3570473336922153,0.2038283698657281,0.01498463114754098,0.48097532087699973,0.34075669405849696,0.4534255653877131,0.4874420560713806,0.7717663105251195,0.36602461567147837,0.7560905527836594,0.8611584961056036,0.8611317769390716,0.1865859555804121
2024-05-26,0.07011690673830284,0.35864919418666563,0.3344429315730587,0.29318985849056595,0.8023161696778583,0.48097532087699973,0.34075669405849696,0.4534255653877131,0.7513071152534668,0.3393721647582586,0.7234982572818299,0.8814467135957199,0.8630424947027472,0.0
2024-06-02,0.07712668939610531,0.3612372116874417,0.3344429315730587,0.3415178571428571,0.5193684375002671,0.8023161696778583,0.48097532087699973,0.34075669405849696,0.7376676517390316,0.31462346033884026,0.6941651913301832,0.8264054069762844,0.8651920521868822,0.0
2024-06-09,0.08535023400040209,0.3645931410484503,0.3344429315730587,0.3415178571428571,0.5193684375002671,0.5193684375002671,0.8023161696778583,0.48097532087699973,0.7278358717890431,0.2977011582018819,0.6677654319737012,0.8074863530351046,0.8662907149009956,0.0
2024-06-16,0.0944310160886554,0.36853274751761617,0.3344429315730588,0.3613735465116278,0.5193684375002671,0.5193684375002671,0.5193684375002671,0.8023161696778583,0.7116390088656515,0.2828881388914055,0.6440056485528673,0.7946681121715563,0.8670443869077787,-0.08894748601649617
2024-06-23,0.0837368886473463,0.36122169623043093,0.281300670697084,0.2006478658536585,0.3844842798316086,0.5193684375002671,0.5193684375002671,0.5193684375002671,0.6934530575130713,0.2691331923888203,0.622621843474117,0.7827654599411185,0.8652504352296612,-0.05989814158106896
2024-06-30,0.06530011248343037,0.3490997235276886,0.25066539241767166,0.08917682926829266,0.4285360741034855,0.3844842798316086,0.5193684375002671,0.5193684375002671,0.6803819049784043,0.2607609138767183,0.6033764189032416,0.7506043212364546,0.8620128301300999,0.026798193154724217
2024-07-07,0.059316008935151876,0.3439550084310192,0.27277404225824897,0.19276147959183673,0.5600064799295563,0.4285360741034855,0.3844842798316086,0.5193684375002671,0.6606046828824734,0.2537732897787104,0.5860555367894538,0.7138800870512223,0.8687374951483691,-0.02803352376271686
2024-07-14,0.051713502308952386,0.3376472328271073,0.25757692624744777,0.12552266725352124,0.4768570815467429,0.5600064799295563,0.4285360741034855,0.3844842798316086,0.6462264150943396,0.24728478168770304,0.5704667428870447,0.6745018434708352,0.8657387297692671,-0.07572571052813563
2024-07-21,0.03377528197620383,0.3246728090874107,0.21985021495650003,0.0,0.4045344029941776,0.4768570815467429,0.5600064799295563,0.4285360741034855,0.6342918845192089,0.24832364635735824,0.5564368283748765,0.6601004412899817,0.8619491395379774,-0.09798040836020379
2024-07-28,0.00514653508689189,0.30421228256924066,0.17910898038259365,0.0,0.37078633089360896,0.4045344029941776,0.4768570815467429,0.5600064799295563,0.6183791770857013,0.25692742794934076,0.5399437385788299,0.6472554275914562,0.8582073172507794,0.07641623044436335
2024-08-04,0.0,0.29808007791330643,0.23978948344756335,0.14517463235294129,0.6352496089342798,0.37078633089360896,0.4045344029941776,0.4768570815467429,0.6066719709024779,0.2649166537133245,0.5175359727196932,0.635327914871397,0.8621136735676271,0.10222208093329499
2024-08-11,0.019667062188619133,0.3081980714892312,0.32041109482093355,0.43573588709677397,0.6743828162008385,0.6352496089342798,0.37078633089360896,0.4045344029941776,0.6017276653784951,0.23701331978293513,0.37988826815642457,0.7060484865327499,0.8710887395075587,-0.054340594700081006
2024-08-18,0.027527700173473335,0.3108200541928984,0.29010386521637044,0.29485887096774177,0.43696379998218104,0.6743828162008385,0.6352496089342798,0.37078633089360896,0.6000227324391908,0.21246454301158943,0.3830055865921788,0.6756731133570996,0.8678352117599667,-0.01570712920535788
2024-08-25,0.0339316425217534,0.3125921626538166,0.28161569537055575,0.25554435483870946,0.49554940688860305,0.43696379998218104,0.6743828162008385,0.6352496089342798,0.5987724482837009,0.1885613547354877,0.38606055865921796,0.644301108306107,0.863997853584585,-0.057003218681726045
2024-09-01,0.03149267609886475,0.30841171572328524,0.25188854520931203,0.11794354838709654,0.43292607155345453,0.49554940688860305,0.43696379998218104,0.6743828162008385,0.5860422823368948,0.17030825973776006,0.38905443128491624,0.6193916959426081,0.857851711444762,-0.02259983191724092
2024-09-08,0.028764790421328235,0.3038777014894603,0.2406342012689307,0.06552419354838707,0.48509698781539395,0.43292607155345453,0.49554940688860305,0.43696379998218104,0.5724028188224598,0.15824351220013153,0.5357541899441342,0.5930952259314708,0.8499806157682874,0.014184634991956381
2024-09-15,0.03245312165456332,0.3037283269265626,0.25314480533988504,0.0982862903225806,0.5408786861696063,0.48509698781539395,0.43292607155345453,0.49554940688860305,0.5593316662877927,0.13866171012033837,0.5326368715083799,0.5950629201059148,0.8587858401292255,-0.018479559274837198
2024-09-22,0.03527774442185305,0.3029901528728207,0.24288532684969544,0.0556955645161291,0.4913451633358665,0.5408786861696063,0.48509698781539395,0.43292607155345453,0.5455217094794272,0.12047860818910197,0.5295818994413408,0.5636439001236396,0.8507130575776963,-0.13005312824819779
2024-09-29,0.019084738410356628,0.2883008548190732,0.18101501821414617,0.0,0.32214974766929405,0.4913451633358665,0.5408786861696063,0.48509698781539395,0.5314275971811775,0.11483077822327323,0.5265880268156425,0.5703538449171216,0.8455806573624901,0.012987195526811112
2024-10-06,0.011825211682308379,0.27956760929410496,0.19233620173194477,0.021073487031700207,0.5390628325592484,0.32214974766929405,0.4913451633358665,0.5408786861696063,0.5206296885655831,0.1095863646835751,0.519200483396648,0.5475600785506618,0.8498744647814166,0.12278840899545283
2024-10-13,0.030210612083372113,0.2900811720294635,0.2995233617146479,0.2344425432276654,0.7055705648516208,0.5390628325592484,0.32214974766929405,0.4913451633358665,0.5131848147306207,0.0950827216470223,0.5121084417144135,0.5490862649664364,0.8530483792888554,-0.10678806764901164
2024-10-20,0.029826877305347554,0.2865837605809898,0.24341656385004862,0.04741534582132556,0.35742998146308036,0.7055705648516208,0.5390628325592484,0.32214974766929405,0.5030120481927711,0.08489974319124019,0.5053000816994683,0.5499757211688171,0.8498426194853553,-0.02247285585205863
2024-10-27,0.029236775554099148,0.2828028673684275,0.2329475390988862,0.038298708100558645,0.4852895403018467,0.35742998146308036,0.7055705648516208,0.5390628325592484,0.49539668106387813,0.07877621295687606,0.49876405608512075,0.523360366090279,0.8468173163595357,0.0
2024-11-03,0.03205174877058681,0.2816170009386022,0.2329475390988862,0.038298708100558645,0.5193684375002671,0.4852895403018467,0.35742998146308036,0.7055705648516208,0.4917594907933621,0.07309007773925225,0.4889834641166616,0.4833423177616035,0.8495294740740863,-0.026317308317373417
2024-11-10,0.03343382636980696,0.27926064155186414,0.21973828660127726,0.06831910438144324,0.4794596314904272,0.5193684375002671,0.4852895403018467,0.35742998146308036,0.48414412366446924,0.07600964999534526,0.47978970766630996,0.46992996186556935,0.8459628009152252,0.15415067982725836
2024-11-17,0.06317493676259145,0.3001070690588913,0.3537877677737259,0.5264020647321427,0.7531297896614134,0.4794596314904272,0.5193684375002671,0.4852895403018467,0.4777222095930894,0.0633662092413573,0.4669260841256309,0.48650006077965924,0.8493967853404977,0.0
2024-11-24,0.08936692050550352,0.3186111044163674,0.3537877677737259,0.5264020647321427,0.5193684375002671,0.7531297896614134,0.4794596314904272,0.5193684375002671,0.47374403273471255,0.05162587139836852,0.4550915504682061,0.4596692293613709,0.853191683121131,0.0014275519911853237
2024-12-01,0.11273405344106868,0.3352658130072591,0.355098050736666,0.5971262562814067,0.5215332445845677,0.5193684375002671,0.7531297896614134,0.4794596314904272,0.4705046601500341,0.04092900471826369,0.44420377950337536,0.42578369863584736,0.8666463207070131,-0.001427551991185335
2024-12-08,0.13311311582285004,0.34986756253259316,0.3539273649499005,0.5925329773869346,0.5172036304159664,0.5215332445845677,0.5193684375002671,0.7531297896614134,0.4695953625824052,0.03898552589404916,0.4341870302157311,0.4143718050854414,0.8604948710178465,-0.07410797215372185
2024-12-15,0.1384587393530879,0.35265509276793316,0.29695471304543264,0.3628690326633165,0.4069876176687396,0.5172036304159664,0.5215332445845677,0.5193684375002671,0.46675380768356445,0.026300251856987367,0.4249716208710983,0.4085244988704688,0.8583028531389632,0.046589943259829576
2024-12-22,0.15256244657740936,0.36265238489146356,0.3434575223736662,0.5949519230769226,0.5900196220797529,0.4069876176687396,0.5172036304159664,0.5215332445845677,0.46510570584223687,0.020845370500261334,0.4164934442740361,0.39306823632348986,0.8595076668399474,-0.03892707051426041
2024-12-29,0.15887275140697305,0.36653116748531306,0.3133129795916699,0.4543269230769229,0.46033759411194797,0.5900196220797529,0.4069876176687396,0.5172036304159664,0.46271879972721086,0.00991810306783017,0.40869352180473895,0.37871599252986654,0.8553306255065789,0.0076045993852192125
2025-01-05,0.16688813362018456,0.37191023682810237,0.3213128049844105,0.4813701923076922,0.5309004102228312,0.46033759411194797,0.5900196220797529,0.4069876176687396,0.46544669243009784,0.0,0.4015175931329855,0.35483457104758764,0.8592582120208009,0.15415067982725836
2025-01-12,0.20284831194152256,0.40007651137287015,0.4717291247009221,0.6294063581314877,0.7531297896614134,0.5309004102228312,0.46033759411194797,0.5900196220797529,0.47397135712661975,0.02424796268772128,0.31899441340782125,0.4323974591039625,0.8694168614643426,-0.0953101798043249
2025-01-19,0.2145208969895679,0.4088387823081852,0.3855697461727432,0.40800713667820054,0.37483559125691734,0.7531297896614134,0.5309004102228312,0.46033759411194797,0.4739145260286429,0.04676392804060531,0.3222234636871509,0.4405663962148428,0.8619915999327257,0.028170876966696224
2025-01-26,0.22991765080496407,0.4206602532743945,0.4102280335032815,0.47126405709342545,0.5620880823223312,0.37483559125691734,0.7531297896614134,0.5309004102228312,0.47902932484655614,0.06767161015399764,0.3253879329608939,0.4312648970823973,0.8650699785519808,-0.005571045049455472
2025-02-02,0.24195382418838385,0.4298789802392118,0.40522852408590815,0.4586126730103803,0.5109202423630758,0.5620880823223312,0.37483559125691734,0.7531297896614134,0.4847124346442373,0.08597092368758766,0.32848911284916205,0.4104903020915534,0.8576234868229896,0.0055710450494554295
2025-02-09,0.25325420478016275,0.4385636399519472,0.41069957066086626,0.47126405709342545,0.5278166326374583,0.5109202423630758,0.5620880823223312,0.37483559125691734,0.4906228688338259,0.10207449833654023,0.3315282691396648,0.3822284194772283,0.8700219220895065,0.13976194237515863
2025-02-16,0.2902952948076281,0.4672696199280039,0.5384204504120195,0.7786458333333329,0.731310030407262,0.5278166326374583,0.5109202423630758,0.5620880823223312,0.5035803591725393,0.13288219073354082,0.33450664230435756,0.40928464946005116,0.8823832045106186,-0.034401426717332324
2025-02-23,0.3124983022506641,0.4841807803443047,0.4986237261129324,0.5975040584415583,0.4672004935461582,0.731310030407262,0.5278166326374583,0.5109202423630758,0.5092634689702206,0.16758945643968806,0.33742544800575647,0.42279851983136657,0.8747881014000083,-0.0779615414697118
2025-03-02,0.3146857857326311,0.4858335788896964,0.4205299003809194,0.360085227272727,0.40114388363550685,0.4672004935461582,0.731310030407262,0.5278166326374583,0.5115367128892931,0.17246035868575524,0.34359323455479995,0.4480123192991425,0.864555146265657,-0.05414229916362548
2025-03-09,0.30650671284205966,0.47963472822491854,0.37490679853464526,0.20576298701298656,0.4372645046743777,0.40114388363550685,0.4672004935461582,0.731310030407262,0.511536712889293,0.17902846862274288,0.3495143096418817,0.47300828378459303,0.8568698148162065,0.026743324975510893
2025-03-16,0.30504761387444346,0.4785190438102759,0.39926433638702186,0.28094561688311664,0.5599232752380304,0.4372645046743777,0.40114388363550685,0.4672004935461582,0.5126733348488294,0.18512742784994565,0.35519854172548015,0.4540014703968538,0.8595978951787877,-0.08398565607309272
2025-03-23,0.2892898943683505,0.4664252880128428,0.3331956184500704,0.05144074675324664,0.39200863248489193,0.5599232752380304,0.4372645046743777,0.40114388363550685,0.5133553080245511,0.1764687037492567,0.3606554045257347,0.4495452089863461,0.8533827548974986,-0.03379737958329073
2025-03-30,0.2716634994235633,0.45266262936799767,0.3099250101098382,0.0,0.46811649907387215,0.39200863248489193,0.5599232752380304,0.4372645046743777,0.5110252330075018,0.1633540289463368,0.4916201117318436,0.43590834779863735,0.8514295767390747,0.05176193455858958
2025-04-06,0.2670140478729827,0.44890047247864284,0.357990054990716,0.18422965116279075,0.597862673311954,0.46811649907387215,0.39200863248489193,0.5599232752380304,0.5121050238690612,0.14701786418318083,0.4889385474860335,0.42957815090011364,0.8546724893879796,-0.011940440371918087
2025-04-13,0.26190460135570054,0.4447244746133347,0.3485454533147684,0.15588662790697644,0.5012613912655897,0.597862673311954,0.46811649907387215,0.39200863248489193,0.512446010456922,0.13184856833167888,0.4832804469273743,0.4036468687996186,0.8525813149466236,0.1463987030229403
2025-04-20,0.2852275448526346,0.4630163853903166,0.4805181788265198,0.5278888081395345,0.7413743268783113,0.5012613912655897,0.597862673311954,0.46811649907387215,0.5125028415548989,0.1492364317360311,0.3474860335195531,0.47719544726143825,0.8578888642901668,-0.09660803851992471
2025-04-27,0.2858060796480778,0.4634219189376225,0.39585545803691247,0.27634447674418594,0.372867457164919,0.7413743268783113,0.5012613912655897,0.597862673311954,0.5125028415548989,0.16538230489721525,0.35013407821229053,0.501690053300669,0.8530006113447635,0.131028262406404
2025-05-04,0.31153302039765157,0.48338373443067356,0.4966054872790532,0.6235465116279068,0.7180658667024595,0.372867457164919,0.7413743268783113,0.5012613912655897,0.5169356671970903,0.18285010556784156,0.3527291620111732,0.5149361404591459,0.8577614831059217,-0.048790164169431945
2025-05-11,0.32208675930263325,0.4914733035222512,0.45344564852275526,0.48891715116279055,0.4453807342920069,0.7180658667024595,0.372867457164919,0.7413743268783113,0.51943623550807,0.19907020619056595,0.3552723441340782,0.49662849845195156,0.8549060215590955,0.025975486403260736
2025-05-18,0.3353811024667621,0.5015634814058354,0.4733697679755269,0.5597747093023254,0.5587588886580178,0.4453807342920069,0.7180658667024595,0.372867457164919,0.5228461013866789,0.22192416541251633,0.35776466261452516,0.49862635348688833,0.8606965578929011,-0.02466056182195161
2025-05-25,0.340753903512973,0.5055908325469735,0.4506305746677285,0.49246002906976705,0.48197199991716416,0.5587588886580178,0.4453807342920069,0.7180658667024595,0.5190384178222324,0.2394435718536215,0.36020713472536314,0.4814836962634266,0.8548211007695988,0.024660561821951622
2025-06-01,0.3495220882203754,0.5121164475144719,0.47128715207959837,0.6093749999999997,0.55676487508337,0.48197199991716416,0.5587588886580178,0.4453807342920069,0.5179017958626961,0.255711592120362,0.3626007573939844,0.45659432729024213,0.8565619769542809,0.052446475372542524
2025-06-08,0.3666991782413779,0.5247473043066601,0.5154073158711798,0.7713607594936706,0.5989007432475421,0.55676487508337,0.48197199991716416,0.5587588886580178,0.5225619458967948,0.27754900143208416,0.3649465076092332,0.44773112663206954,0.8644489952787862,-0.0271286673882527
2025-06-15,0.3739942519132839,0.5299529689315111,0.48541064203452144,0.6865110759493668,0.47822924837625935,0.5989007432475421,0.55676487508337,0.48197199991716416,0.5281882245964993,0.2989534093609454,0.36724534282017707,0.4331684089594177,0.8575916415269283,0.17500317598627474
2025-06-22,0.41796429143461344,0.5611252999558068,0.6206257221842904,0.7238150418660284,0.7847514970942263,0.47822924837625935,0.5989007432475421,0.55676487508337,0.5414298704250967,0.3395259633607286,0.369498201326902,0.5262446987984905,0.8752020902488047,-0.01373502839015252
2025-06-29,0.4479553674785588,0.581335622047025,0.6029182906997754,0.6953872607655499,0.49853999346063177,0.7847514970942263,0.47822924837625935,0.5989007432475421,0.5572289156626506,0.3772004777890988,0.37795849673751303,0.522960809563643,0.8660147223351314,0.0816780310142671
2025-07-06,0.49030128072522217,0.6087998098331678,0.6597297839326344,0.8499926985981305,0.6432288511757109,0.49853999346063177,0.7847514970942263,0.47822924837625935,0.5788247328938396,0.4185081831937676,0.38608038033169967,0.5410201597648278,0.8767465871077758,0.00488998529419177
2025-07-13,0.5227727261789734,0.6284477806345441,0.6630723719235975,0.8554687499999998,0.526783841543242,0.6432288511757109,0.49853999346063177,0.7847514970942263,0.5987724482837009,0.4568653382123887,0.3981110882380547,0.5250711087053647,0.8882533540845774,0.13401907856444947
2025-07-20,0.5832466333957418,0.663996165487682,0.7469784712367218,0.8253968253968251,0.7226012812069791,0.526783841543242,0.6432288511757109,0.49853999346063177,0.6275289838599682,0.5023052670854811,0.40941995367002837,0.603667166521434,0.9096640081364306,0.12119019397799784
2025-07-27,0.6659877824278759,0.7092673543698574,0.8076727950835635,0.710338664504717,0.7031469563151993,0.7226012812069791,0.526783841543242,0.6432288511757109,0.658899749943169,0.55304701687442,0.43150434620324174,0.7394475310675748,0.9274602210853309,-0.10594857800938066
2025-08-03,0.6930140308780351,0.7201630439223893,0.6522278470522647,0.5328084520725388,0.35870302309679425,0.7031469563151993,0.7226012812069791,0.526783841543242,0.6867469879518073,0.6001643559641492,0.47282318532593437,0.7541810326720516,0.9134642134664075,-0.06151787779364973
2025-08-10,0.6918468759812718,0.7152411605262377,0.5819475643909812,0.4376346982758621,0.42607982981301884,0.35870302309679425,0.7031469563151993,0.7226012812069791,0.7049897704023643,0.6090244377401215,0.5100101405363577,0.7842213651422045,0.9042237700592988,0.06988612746416649
2025-08-17,0.7072559675401917,0.7191924672062671,0.625556990779561,0.5358297413793103,0.6253470531744678,0.42607982981301884,0.35870302309679425,0.7031469563151993,0.729995453512162,0.6203982817333228,0.5434784002257387,0.7894241329655735,0.9192812875469308,-0.03390155167568134
2025-08-24,0.7047076820103719,0.7136216147185388,0.5866966542570341,0.4873383620689655,0.46795852760594236,0.6253470531744678,0.42607982981301884,0.35870302309679425,0.7515912707433509,0.6309597082984384,0.5731843575418994,0.7662862789228286,0.914631874321987,-0.05310982531394841
2025-08-31,0.6830335042770285,0.6985252799102373,0.5307267762863511,0.3995901639344262,0.43883019665473094,0.46795852760594236,0.6253470531744678,0.42607982981301884,0.7708570129574904,0.6287980669938549,0.6003351955307262,0.7405793935564283,0.91125096539015,0.08701137698962969
2025-09-07,0.6873077516268395,0.6971385808101203,0.5897442889548842,0.5135182584269663,0.6513165882401277,0.43883019665473094,0.46795852760594236,0.6253470531744678,0.7947260741077519,0.62969279675936,0.6145251396648045,0.7378173902068855,0.9253159711505394,0.002496880198587146
2025-09-14,0.6871973045852733,0.6935877372627761,0.5914405829915285,0.5173696453651684,0.5231548242490002,0.6513165882401277,0.43883019665473094,0.46795852760594236,0.8163787224369176,0.6333700482194744,0.6145251396648045,0.7035896589319954,0.9305226770565553,0.03832511432166798
2025-09-21,0.6948414916293884,0.6939388208459818,0.6183907816296413,0.577708040730337,0.5774864461629795,0.5231548242490002,0.6513165882401277,0.43883019665473094,0.8419527165264834,0.6139029156064801,0.8446927374301676,0.7404099623428981,0.9370244250023957,-0.011263192278710827
2025-09-28,0.6929625580940716,0.6896455688251926,0.6033301710293658,0.5084656350482314,0.5022884021759152,0.5774864461629795,0.5231548242490002,0.6513165882401277,0.8580359172539215,0.5958262924658426,0.8398659217877095,0.7059970473440071,0.9309048206092905,-0.013029500290333795
2025-10-05,0.683135326308562,0.6817259021629394,0.5854967450813404,0.4416620575221238,0.4996098895051132,0.5022884021759152,0.5774864461629795,0.5231548242490002,0.8739486246874291,0.5838627716649343,0.8351356424581005,0.7004280426012515,0.9237767818409119,-0.01903243216932908
2025-10-12,0.6654127697258603,0.6703567263637148,0.5593144418596028,0.3603515625,0.4905067608355694,0.4996098895051132,0.5022884021759152,0.5774864461629795,0.884007729029325,0.5658318947279644,0.8304999687150837,0.6783698831761439,0.914759255506232,0.07171819923959138
2025-10-19,0.6701866533185401,0.6699227091423485,0.6196025610524323,0.5090073529411764,0.6281252931145025,0.4905067608355694,0.4996098895051132,0.5022884021759152,0.8988406456012731,0.555845218074997,0.8259570084469272,0.6758296810984842,0.9238723177290957,-0.06091626620677791
2025-10-26,0.6505740098830098,0.6581844261380116,0.5361129948724817,0.3460648148148149,0.42699214196227797,0.6281252931145025,0.4905067608355694,0.4996098895051132,0.9010002273243919,0.5467710158411712,0.821504907384134,0.6676660361485759,0.9190796006718762,-0.08446016378025908
2025-11-02,0.6064842803341359,0.6353406625935039,0.44365168896842,0.2911458333333336,0.3912890666460491,0.42699214196227797,0.6281252931145025,0.4905067608355694,0.8890088656512845,0.5193563349484837,0.8171418483425965,0.6690566959607739,0.914143579782381,0.0422598092898826
2025-11-09,0.5808458592238412,0.6215690980434014,0.4809072722638279,0.4622051886792453,0.5834532029566714,0.3912890666460491,0.42699214196227797,0.6281252931145025,0.8873039327119802,0.49353364082108087,0.8128660504818898,0.6555719497857633,0.9208894749980244,-0.03687863038536588
2025-11-16,0.5470698363396524,0.6041976028454595,0.4427791358978298,0.16461789099526053,0.46344394521522003,0.5834532029566714,0.3912890666460491,0.42699214196227797,0.8872471016140032,0.4695554248456355,0.8086757685783973,0.6335514956024448,0.9162719070691419,0.0
2025-11-23,0.5179832125342007,0.5892766211427126,0.4427791358978296,0.16461789099526053,0.5193684375002671,0.46344394521522003,0.5834532029566714,0.3912890666460491,0.8825869515799046,0.4472899385827218,0.8045692923129747,0.5856626523086146,0.9203799502610442,-0.03550668845690976
2025-11-30,0.4829848541415024,0.5716505687854686,0.40593402320125493,0.03323863636363683,0.46552442258088494,0.5193684375002671,0.46344394521522003,0.5834532029566714,0.8779836326437828,0.41666419053464776,0.8005449455728604,0.5659971348837567,0.9165160543389449,0.10628687051795703
2025-12-07,0.48443973583797917,0.5717809693091449,0.5078625761121265,0.5359730113636364,0.680546854599021,0.46552442258088494,0.5193684375002671,0.46344394521522003,0.883666742441464,0.4100954249412373,0.7924561086438007,0.6173949278085092,0.9239519309692489,-0.01680711831638129
2025-12-14,0.4785836435297829,0.5684078007438553,0.4880415722964401,0.45287642045454557,0.49388133158563635,0.680546854599021,0.46552442258088494,0.5193684375002671,0.8825301204819278,0.40399585689021333,0.7846908251919034,0.5812144630310174,0.9195095121687032,0.010956704638205552
2025-12-21,0.4754578242076262,0.5663914158960206,0.49870956573964875,0.5068892045454545,0.5359837005294498,0.49388133158563635,0.680546854599021,0.46552442258088494,0.8819618095021596,0.3983319722714054,0.7772361530780819,0.5476183171662035,0.9214998431725319,0.009178203770850385
