,MACD,PPO,RSI,STOCH,Lag_1,Lag_2,Lag_3,Lag_4,SMA,ADX,SAR,ATR,OBV,Target_Return
2010-10-31,0.2640363621566937,0.28364779124524137,0.0,0.20046304786356126,0.2719244091857655,0.3493318534230299,0.3493318534230299,0.3493318534230299,0.049471374191764395,0.0,0.05375088673445261,0.0,0.17949794852273016,-0.014949511509049596
2010-11-07,0.2605067339512915,0.2705465807622766,0.0,0.14673035119558053,0.3267845275414216,0.2719244091857655,0.3493318534230299,0.3493318534230299,0.04854532297065936,0.023914838684039194,0.0533970796878695,0.014223455322592069,0.16952490288629107,-0.041961711601814965
2010-11-14,0.2552450374648359,0.25078059461987506,0.0,0.004526469066733103,0.2860438733801064,0.3267845275414216,0.2719244091857655,0.3493318534230299,0.04706387635392337,0.04822914998525406,0.05329274060061481,0.018355703768743105,0.16694627597439027,0.0
2010-11-21,0.2512609804515236,0.2355536399657694,0.0,0.004526469066733103,0.3493318534230299,0.2860438733801064,0.3267845275414216,0.2719244091857655,0.045582429737187374,0.07080672476495355,0.05219141641049896,0.01594552610162949,0.16776460734597531,0.016032046522890208
2010-11-28,0.24929429678263543,0.22784199445501724,0.1592552933291349,0.06207729005805379,0.3735118928364844,0.3493318534230299,0.2860438733801064,0.3267845275414216,0.04431043307897323,0.07100391754758474,0.05115617167179004,0.01704966248544198,0.1685535023372875,0.0030332791568274745
2010-12-05,0.24814508367358235,0.22318890867893199,0.18623582272653458,0.07307014350583424,0.3539067409434334,0.3735118928364844,0.3493318534230299,0.2860438733801064,0.04307844371620709,0.07118702513145651,0.05018304161740364,0.01554260419567643,0.17088486365489608,-0.008049412927943816
2010-12-12,0.24697302835619445,0.2183892902786545,0.17152014211645786,0.0899547397535829,0.3371914743656865,0.3539067409434334,0.3735118928364844,0.3493318534230299,0.041740552689019744,0.09067803194070768,0.049268299366280466,0.02150879608959555,0.1646620128652172,-0.02059496697644414
2010-12-19,0.2450491127946991,0.21058101096835963,0.14121214641889712,0.025741765149610164,0.3182698731263661,0.3371914743656865,0.3539067409434334,0.3735118928364844,0.04013555413045908,0.10877682397786949,0.04790664151771107,0.02179135900489587,0.16074108701287493,0.0
2010-12-26,0.24379631918037437,0.20530112605330716,0.14121214641889712,0.025741765149610164,0.3493318534230299,0.3182698731263661,0.3371914743656865,0.3539067409434334,0.038530555571898384,0.12558284515523405,0.046653916297027226,0.019135777392342776,0.16077636945826956,0.05275889875358473
2011-01-02,0.24630745344715904,0.21484793224951892,0.4593853528414617,0.19292180035202394,0.4289044924776072,0.3493318534230299,0.3182698731263661,0.3371914743656865,0.03762097794303665,0.11738281407890196,0.04550140909399808,0.024845314057928586,0.1625719886549133,0.027445976608747688
2011-01-09,0.25026064046572577,0.23011684201271887,0.5599612662821155,0.2834422931858183,0.3907267430394449,0.4289044924776072,0.3493318534230299,0.3182698731263661,0.037087939565450145,0.12395836143757964,0.03224757625916294,0.027164792934588587,0.16307399079681062,0.011356588932335975
2011-01-16,0.25428943466295345,0.2456909746000291,0.5952453078463997,0.3216306261000752,0.36646021988542843,0.3907267430394449,0.4289044924776072,0.3493318534230299,0.03671375368449539,0.13185626881977358,0.032568574131000255,0.02588645505488208,0.16482839906107127,-0.009581515561468312
2011-01-23,0.2569732840909257,0.25602604008167795,0.5590608384528816,0.28938270052803594,0.33488070873690756,0.36646021988542843,0.3907267430394449,0.4289044924776072,0.03620542569527385,0.14241053333723935,0.03322787893118945,0.025573530016890306,0.16437537316867257,-0.029221049979615346
2011-01-30,0.2573345554060842,0.25735652153358757,0.46751193597945084,0.1971216429158672,0.30525974203033884,0.33488070873690756,0.36646021988542843,0.3907267430394449,0.03529584806641212,0.1336495766068253,0.03425797067864747,0.027031162753655046,0.16220885558059095,0.011756705263750732
2011-02-06,0.2584740111136251,0.26171796974738104,0.5061642553195872,0.23643035763222786,0.3670636879860082,0.30525974203033884,0.33488070873690756,0.36646021988542843,0.035268784307726675,0.12568355347607302,0.035226256921258,0.031006987845857967,0.1629388778113574,0.0
2011-02-13,0.259468304410153,0.26552638449772825,0.5061642553195872,0.2741667990784143,0.3493318534230299,0.3670636879860082,0.30525974203033884,0.33488070873690756,0.03544528708176198,0.11828653199751736,0.03613644598931193,0.027693147030379,0.16309449617930838,-0.015677424727496402
2011-02-20,0.2593501994106812,0.26502423848500045,0.45955320120784654,0.21350152935568434,0.32568666581263434,0.3493318534230299,0.3670636879860082,0.30525974203033884,0.03596420523742566,0.12420465507170493,0.036282218018444085,0.02928217657909475,0.15618283409124523,-0.048838179289839134
2011-02-27,0.2563708663550261,0.25334100467743925,0.35373240027162306,0.030500218479383404,0.27567256741586976,0.32568666581263434,0.3493318534230299,0.3670636879860082,0.03584065329560096,0.12970005506916488,0.03712904942066683,0.027274146500312714,0.1556661961810759,0.040862327376321735
2011-03-06,0.2566441333101156,0.2543294835620441,0.47395515030775126,0.18300131087630087,0.4109617074204107,0.27567256741586976,0.32568666581263434,0.3493318534230299,0.036043043143161396,0.14803387652146854,0.05039607472215654,0.03124547006639334,0.15773851735228472,-0.0008803592434069777
2011-03-13,0.25692609304853264,0.25535742635029807,0.4720417295230533,0.17964963851592927,0.3480040677798691,0.4109617074204107,0.27567256741586976,0.32568666581263434,0.03619365884367148,0.16529183193344782,0.05006000236462521,0.03387906228935835,0.1560370945725138,0.0
2011-03-20,0.2572661991107337,0.256619508484963,0.4720417295230533,0.16305388839228735,0.3493318534230299,0.3480040677798691,0.4109617074204107,0.27567256741586976,0.03645017620860275,0.18131707624457144,0.04939598013714827,0.030360073299343655,0.15622352694333408,0.004832412865697889
2011-03-27,0.2579480048091719,0.259233129053681,0.4866950849788295,0.18280711275699163,0.3566202512821446,0.3493318534230299,0.3480040677798691,0.4109617074204107,0.037038518788720304,0.20097635439036027,0.04875851879877041,0.030601707094197475,0.1582899608384878,0.0
2011-04-03,0.2585897347801004,0.2616985779820251,0.4866950849788294,0.18280711275699163,0.3493318534230299,0.3566202512821446,0.3493318534230299,0.3480040677798691,0.03762686136883783,0.21923139838287853,0.04814655591392766,0.027316814903837118,0.15847600464908762,-0.02009717500977887
2011-04-10,0.25795449194963443,0.25913726116890873,0.4344832840793869,0.1012801685608477,0.31902065870801233,0.3493318534230299,0.3566202512821446,0.3493318534230299,0.03725267548788308,0.24810023089336636,0.04755907154447861,0.03068093130506299,0.15741040768321124,0.0001788428870009912
2011-04-17,0.25757518215596714,0.25757299734075173,0.435114991929913,0.1019984676286555,0.3496015899192611,0.31902065870801233,0.3493318534230299,0.3566202512821446,0.03650430372597355,0.2502034467747061,0.046995086549807524,0.033226303167447624,0.15882335393630775,0.0038374059851878283
2011-04-24,0.25762436303284153,0.2576994751573797,0.44939048196323167,0.11744189758651503,0.3551195504481593,0.3496015899192611,0.31902065870801233,0.3493318534230299,0.035647676929322414,0.2521564329502359,0.04645366095492329,0.03556415384238397,0.15938269225970014,-0.01824687720533964
2011-05-01,0.2566667912159726,0.2538223876665302,0.40233838146981576,0.05559540889526514,0.32181133635319564,0.3551195504481593,0.3496015899192611,0.31902065870801233,0.03468632515341033,0.2539699201132278,0.04593389238383444,0.031937655625792136,0.1590125886505298,0.04877288570099511
2011-05-08,0.25904435674603565,0.2631998203220334,0.5554479155849382,0.37747299178154825,0.4228926615752612,0.32181133635319564,0.3551195504481593,0.3496015899192611,0.034774576540427954,0.23859072648307184,0.04543491455558912,0.0356401436761048,0.15927626797046113,0.020776192951185223
2011-05-15,0.26232771904570695,0.2761465707017685,0.6055495468437826,0.41158536585365846,0.380667164464195,0.4228926615752612,0.32181133635319564,0.3551195504481593,0.03498873323959076,0.21468167405912686,0.03345944667770159,0.035118995913449434,0.1598767701280277,0.0076706238623758735
2011-05-22,0.2654541898297204,0.2884218126113842,0.6230257317427249,0.407946595428626,0.36090093083639785,0.380667164464195,0.4228926615752612,0.32181133635319564,0.035309968288334936,0.19638391945890565,0.03373078742019392,0.03279688581418241,0.1608540579530855,0.00761223300214151
2011-05-29,0.2684221106138994,0.3000096886708076,0.6403896621469576,0.41158536585365846,0.36081286389498546,0.36090093083639785,0.380667164464195,0.4228926615752612,0.03595126170066307,0.1825934366392834,0.034321730905651465,0.030524950619969425,0.16190788036685344,0.0
2011-06-05,0.2707355933636306,0.30898605877862656,0.6403896621469576,0.41158536585365846,0.3493318534230299,0.36081286389498546,0.36090093083639785,0.380667164464195,0.037235025210479555,0.16978798830677705,0.03524540174982266,0.02724554103491108,0.16282040815531218,-0.015282856864517453
2011-06-12,0.2715171843057496,0.3119982324978805,0.5858569407596146,0.34348669623059885,0.3262817655377063,0.3493318534230299,0.36081286389498546,0.36090093083639785,0.037769240273226284,0.15171162386707987,0.0361136523433436,0.026539885943935193,0.16153698197541555,0.0
2011-06-19,0.27208245907447265,0.3141654567396579,0.5858569407596146,0.3428619377936901,0.3493318534230299,0.3262817655377063,0.3493318534230299,0.36081286389498546,0.03831522218757538,0.13515724680896735,0.03692980790125325,0.023609396114645582,0.16335026300022282,-0.03917332893154138
2011-06-26,0.2699952909274129,0.30609646427016063,0.47005510075645635,0.17143096889684506,0.2902494002771712,0.3493318534230299,0.3262817655377063,0.3493318534230299,0.03832698903917775,0.1379336454886808,0.03769699412568836,0.026659877633488614,0.16200796405978135,-0.021075876816378104
2011-07-03,0.2670374957031499,0.2946163681743365,0.42304534665842786,0.08224162214124406,0.3175445497019787,0.2902494002771712,0.3493318534230299,0.3262817655377063,0.03799516382399143,0.15394007812599347,0.049716244975171436,0.02950532207105324,0.1577632380244376,-0.005677992813106355
2011-07-10,0.2643804441316406,0.2842388835592589,0.411270805865391,0.058474547852719494,0.3407681251545149,0.3175445497019787,0.2902494002771712,0.3493318534230299,0.037589207443710304,0.1688031941463552,0.04939376921257982,0.027108573810886882,0.15689780844441614,-0.01824202354611682
2011-07-17,0.26124197703629687,0.27188407343289134,0.3755366510280288,0.0,0.32181865679548227,0.3407681251545149,0.3175445497019787,0.2902494002771712,0.03721502156275555,0.1878506646842455,0.049077742965240034,0.026644082297128502,0.15166990730795948,0.004133565799279374
2011-07-24,0.25909854793925385,0.2633612590500753,0.38956158370754795,0.016303997767090447,0.3555662280427628,0.32181865679548227,0.3407681251545149,0.3175445497019787,0.036891433143690894,0.20553760161228657,0.04843172948687635,0.024220328102455314,0.15325947184269229,0.0
2011-07-31,0.2575136632626675,0.25699229590449063,0.38956158370754795,0.016303997767090447,0.3493318534230299,0.3555662280427628,0.32181865679548227,0.3407681251545149,0.03651724726273614,0.22196118590261038,0.04781155654764721,0.021391248697219402,0.1537723948816705,-0.0253436632348463
2011-08-07,0.25489525950725545,0.24640932196552678,0.3402060454104507,0.0,0.3111077393010466,0.3493318534230299,0.3555662280427628,0.32181865679548227,0.03606069342056489,0.24447296270865138,0.047216190525987245,0.022273512820796378,0.15352919739513293,-0.00047021207430523494
2011-08-14,0.25295886993346994,0.23845998637095756,0.33935801793075976,0.08531995424181221,0.3486226647069699,0.3111077393010466,0.3493318534230299,0.3555662280427628,0.03494990262930295,0.27321163962846606,0.04615668799960654,0.02424965909876803,0.1529815041037761,-0.051139832459421046
2011-08-21,0.2487150689378475,0.2209590457412171,0.2641843778770952,0.0,0.27220114133953377,0.3486226647069699,0.3111077393010466,0.3493318534230299,0.03292953420917932,0.3030796141183326,0.04439959869148952,0.028231346186735465,0.1523810019462104,-0.06609072673662636
2011-08-28,0.24207906149781,0.19311176395029317,0.2046720077083883,0.0,0.24965172992327728,0.27220114133953377,0.3486226647069699,0.3111077393010466,0.030041948825962395,0.34018404882542547,0.04212474877741268,0.033419743924825794,0.15155089602251604,-0.03925878897069962
2011-09-04,0.23518272278544772,0.16332557210502927,0.18005881006539048,0.0,0.29012050674432305,0.24965172992327728,0.27220114133953377,0.3486226647069699,0.026618971694838456,0.37856443798793543,0.038522249957464366,0.03461258529400575,0.1503086807750016,0.0
2011-09-11,0.23014659354020725,0.1406523146257721,0.18005881006539048,0.05566924538151441,0.3493318534230299,0.29012050674432305,0.24965172992327728,0.27220114133953377,0.023195994563714545,0.4182365642602069,0.03407055137391829,0.04271304765355841,0.1550950362073662,-0.05134540048716021
2011-09-18,0.22414330770077837,0.1129096704382325,0.15332808806207823,0.0,0.27189109714113513,0.3493318534230299,0.29012050674432305,0.24965172992327728,0.019451782383846455,0.45507496722731616,0.028619263154091384,0.04441183708968948,0.15190413258579039,0.05134540048716016
2011-09-25,0.22241464650509638,0.10353066721334095,0.27771230075194037,0.05887184579170528,0.4267726097049246,0.27189109714113513,0.3493318534230299,0.29012050674432305,0.01624296195188535,0.4790037641785933,0.024040181049436754,0.048328795375532356,0.15904539843998133,-0.010060335803501769
2011-10-02,0.22107637710375494,0.09566778104386248,0.2697052276755812,0.05884409786753014,0.3341585369101356,0.4267726097049246,0.27189109714113513,0.3493318534230299,0.01346127823308954,0.5012233613476362,0.020193752081526878,0.04494743806979438,0.15652564428862625,-0.0308029091550451
2011-10-09,0.21906643017263927,0.08445166496175013,0.24672289697564118,0.015035836327853387,0.30287393201202245,0.3341585369101356,0.4267726097049246,0.27189109714113513,0.01063723384852533,0.525215444070793,0.01696275174848258,0.04414711723818743,0.1562897058134638,0.040863244958546846
2011-10-16,0.22002791397097082,0.08687247491565367,0.33491800639928576,0.07888430558694799,0.41096309134693165,0.30287393201202245,0.3341585369101356,0.4267726097049246,0.008315634027381474,0.5277958533941554,0.014248711468725361,0.044573717656412985,0.16384896826752904,0.06762061074758204
2011-10-23,0.22479021628236712,0.1072648634746576,0.4576106840474093,0.19755373257648093,0.45131939635486223,0.41096309134693165,0.30287393201202245,0.3341585369101356,0.006977743000194159,0.5034700135579107,0.0,0.04846625858885092,0.1647202851236056,-0.038032974258638955
2011-10-30,0.22702665600540295,0.11613469871965276,0.41426781526381845,0.1318232056055712,0.29196931924676306,0.45131939635486223,0.41096309134693165,0.30287393201202245,0.005159764427630914,0.47760642635054634,0.00032247576259164523,0.054420271835550184,0.16382541916331128,0.00479412839596423
2011-11-06,0.22948425442738557,0.126229136157175,0.4222775783110483,0.1590777439024391,0.35656250943454193,0.29196931924676306,0.45131939635486223,0.41096309134693165,0.0033947366872782714,0.4535902382294222,0.0010083234807283237,0.0500125041024183,0.16407329703431284,-0.0038334622602798772
2011-11-13,0.23164527197959414,0.13510927615089033,0.4177830879097091,0.15166920731707323,0.3435501044484862,0.35656250943454193,0.29196931924676306,0.45131939635486223,0.0019085833299013477,0.43230734310851365,0.001666737290139525,0.045803886819616536,0.16366480249799054,0.019231361927887592
2011-11-20,0.2347384658397106,0.14854954978951873,0.4527252682250175,0.25818904520103203,0.37833720147555655,0.3435501044484862,0.35656250943454193,0.29196931924676306,0.0006424700974883846,0.4194761104507467,0.0022988145471742605,0.04701195845818223,0.16424588253185224,0.0
2011-11-27,0.2375339562104662,0.16076244636677692,0.4527252682250176,0.32000588089637205,0.3493318534230299,0.37833720147555655,0.3435501044484862,0.35656250943454193,0.0,0.40756139441139166,0.002905608713927643,0.042554905456108676,0.16448519441619425,0.0
2011-12-04,0.24006434566652873,0.17187361178721422,0.4527252682250176,0.32000588089637205,0.3493318534230299,0.3493318534230299,0.37833720147555655,0.3435501044484862,0.00011766851602348916,0.39649772951770496,0.0034881311140108895,0.03841621338275466,0.16461172964043502,0.0016731155215330758
2011-12-11,0.24244547695659158,0.18240538305877566,0.4563300947237917,0.3255772564070814,0.3518552991475773,0.3493318534230299,0.3493318534230299,0.37833720147555655,0.0006824773929363648,0.38538685203968864,0.004047352618090777,0.03477881346429232,0.16584217033584014,0.0020874655320447526
2011-12-18,0.24470435227076978,0.19246675086227222,0.4611152269522159,0.3325414757954683,0.35248023493296393,0.3518552991475773,0.3493318534230299,0.3493318534230299,0.0012708199730539216,0.37395985694305817,0.004584205262007479,0.031452645648847456,0.16656041801449728,0.0487355479846568
2011-12-25,0.2493454978517554,0.2137766747127855,0.5626439127075088,0.4115853658536585,0.4228363476510607,0.35248023493296393,0.3518552991475773,0.3493318534230299,0.0029581864928310553,0.34031063923678456,0.005099583800167534,0.03426425645265033,0.16661628826425545,0.019958387503655667
2012-01-01,0.25429465279197816,0.2365037850426075,0.598291408999431,0.4115853658536585,0.37943372443359324,0.4228363476510607,0.35248023493296393,0.3518552991475773,0.0043490283522289175,0.31659843031169255,0.006065185977170484,0.03332720811754003,0.16772309616251402,0.03057990496052585
2012-01-08,0.26006149285754643,0.26287067461492164,0.6481558053310827,0.41158536585365846,0.3954534328576626,0.37943372443359324,0.4228363476510607,0.35248023493296393,0.006222311127323216,0.30539480543643316,0.007515416830848359,0.03394820867705816,0.16840013290878986,0.01266492842063971
2012-01-15,0.26539954967117896,0.28704657943106954,0.6674458662802626,0.41158536585365846,0.3684334988643906,0.3954534328576626,0.37943372443359324,0.4228363476510607,0.008575681447793415,0.29911770683183897,0.009654629463204528,0.03217248664567915,0.1695481517394306,0.016824209000327595
2012-01-22,0.2705972127225354,0.3103074355895118,0.6924111196902303,0.41158536585365846,0.37470665732889946,0.3684334988643906,0.3954534328576626,0.37943372443359324,0.01071489506910081,0.2985824924284166,0.012204397408348278,0.03124345142603812,0.17013570777695275,-0.03422085818260456
2012-01-29,0.2726309104069775,0.31930625572878535,0.6075758163503179,0.3324592111819494,0.29771887323137547,0.37470665732889946,0.3684334988643906,0.3954534328576626,0.011673893474692443,0.2896004738969536,0.01519872572956213,0.032630305626762675,0.16915253267583985,0.00028453549772274625
2012-02-05,0.27418085313778023,0.3261062444538606,0.6080586557422407,0.32779505647405466,0.34976099885618717,0.29771887323137547,0.37470665732889946,0.3684334988643906,0.013063558648930107,0.2812600281177379,0.01777384808580601,0.029239076908564587,0.1699649767713698,-0.0512683389953128
2012-02-12,0.272443027799994,0.31842023259409047,0.5051053491116778,0.20648326239973824,0.27200732371941194,0.34976099885618717,0.29771887323137547,0.37470665732889946,0.013780159911513268,0.2569535311070381,0.019988453312175775,0.0328258136427725,0.16968079795621627,-0.04836601775771418
2012-02-19,0.26844368443285727,0.30068805458772685,0.43406785137608667,0.09760189883778046,0.2763846963658449,0.27200732371941194,0.34976099885618717,0.29771887323137547,0.013982549759073704,0.24929460946374538,0.03359245684558998,0.035462214283746886,0.16891545206912184,0.0488649948650182
2012-02-26,0.2679056786339891,0.2982907406010227,0.5165868084052917,0.1442359273299478,0.4230315835284403,0.2763846963658449,0.27200732371941194,0.34976099885618717,0.014533238414063732,0.24124223345050205,0.033189288247812726,0.03797457287213224,0.17012823093636342,0.002690182462355574
2012-03-04,0.26762552025034736,0.2970414231809434,0.5209052819925055,0.1523831449824761,0.353389271661947,0.4230315835284403,0.2763846963658449,0.27200732371941194,0.015115697568380104,0.21911409364279272,0.032794183021991025,0.042916931799343895,0.17562694677133006,0.007039838701679303
2012-03-11,0.26779058716227183,0.2977773874060604,0.5327677623922905,0.17380730992060625,0.3599495607149796,0.353389271661947,0.4230315835284403,0.2763846963658449,0.01578170136907317,0.1985665352499198,0.03240697990068575,0.045115336313477666,0.17591944430754936,0.022277423479271915
2012-03-18,0.26915901479974,0.3038658393564002,0.5700239143937031,0.24260603676417966,0.38293136780754167,0.3599495607149796,0.353389271661947,0.4230315835284403,0.01669716242373609,0.1794866595993948,0.0320275208418066,0.04449583958690647,0.17662003015804295,-0.00038658548852957747
2012-03-25,0.27018911605270896,0.30842980122389513,0.5692576932054231,0.2413990415563979,0.3487487929674625,0.38293136780754167,0.3599495607149796,0.353389271661947,0.01758438303455334,0.16161039674719824,0.031655650964105025,0.040269927184479914,0.17460658174738075,0.02350127266402574
2012-04-01,0.27230613160459805,0.3177633074738803,0.6090255411502984,0.31562924683499005,0.38477721583955804,0.3487487929674625,0.38293136780754167,0.3599495607149796,0.01819743600303586,0.15433437074258066,0.03129121848395747,0.03957233406917966,0.17557209502032922,-0.004352769930794208
2012-04-08,0.2736577631705634,0.3236714030529743,0.5991619751486704,0.3017488019454974,0.34276686820208324,0.38477721583955804,0.3487487929674625,0.38293136780754167,0.018517494366619813,0.14757806088115,0.030934074653412885,0.03623798777514178,0.17473021454452642,0.03393632268488174
2012-04-15,0.2766308388626431,0.336588486123421,0.6545320691198452,0.41158536585365846,0.400515688181527,0.34276686820208324,0.38477721583955804,0.3487487929674625,0.01889050356241434,0.1534891259680743,0.01343402695672738,0.03722952601215631,0.1765493828453879,0.016726142140902848
2012-04-22,0.2798585143682574,0.35043294585319273,0.6793784268026711,0.41158536585365846,0.3745587497911651,0.400515688181527,0.34276686820208324,0.38477721583955804,0.0193211703310604,0.1643068564851749,0.013837195554504633,0.03583643804865515,0.17729117962826368,-0.02141214327326328
2012-04-29,0.28096327882308086,0.3550214965427925,0.6260500988115534,0.34910309132161066,0.3170373820007562,0.3745587497911651,0.400515688181527,0.34276686820208324,0.019261159387888388,0.17171740268540853,0.014736178765665658,0.035198433613134426,0.17692724588439823,0.017075701388821144
2012-05-06,0.2826941698696318,0.3622171247380358,0.6531312424408263,0.39882302892796356,0.3750859661000707,0.3170373820007562,0.3745587497911651,0.400515688181527,0.01985303202348665,0.17859862415705402,0.015599202648380245,0.03398898704548032,0.17722069127206197,0.014917602299376009
2012-05-13,0.28478133787870874,0.3708148471149614,0.6760101450920504,0.41158536585365846,0.37183105282580986,0.3750859661000707,0.3170373820007562,0.3745587497911651,0.020636704340203205,0.19025288158354364,0.016427705575786267,0.032595985946954543,0.17777070415018414,0.001247994456861375
2012-05-20,0.2862947107545062,0.37688579112146847,0.6779599638171637,0.41158536585365846,0.35121411811778336,0.37183105282580986,0.3750859661000707,0.3170373820007562,0.02205696332860696,0.20151557687401445,0.017725384456656446,0.029348607648057128,0.17812837383232782,0.0
2012-05-27,0.28726491408723653,0.38061334083458676,0.6779599638171637,0.41158536585365846,0.3493318534230299,0.35121411811778336,0.37183105282580986,0.3750859661000707,0.024033794397801955,0.2119737939294516,0.019368361030462078,0.026153222560992513,0.17835801292211162,-0.09565767892793603
2012-06-03,0.28221268780172387,0.3592641079544762,0.4722501528391942,0.10191349617390381,0.2050579178793295,0.3493318534230299,0.35121411811778336,0.37183105282580986,0.0242432443563238,0.2044584789098317,0.020879899478363245,0.03636189644223421,0.17751613244630882,0.05706037942979205
2012-06-10,0.2813529043690424,0.3554849257517065,0.5658805476398517,0.2531399125132556,0.4353921216232938,0.2050579178793295,0.3493318534230299,0.35121411811778336,0.025125758226500122,0.19196363296178176,0.022270514850432327,0.040365381168900163,0.17815195826020247,0.0
2012-06-17,0.28052011408556227,0.3518418917880512,0.5658805476398517,0.24092801903628788,0.3493318534230299,0.4353921216232938,0.2050579178793295,0.3493318534230299,0.02592472745029975,0.18525855387892598,0.023114211397493506,0.041524866000220595,0.17871979781021707,0.018349138668196617
2012-06-24,0.28080894186732525,0.35290168185103254,0.5945383651389141,0.3212373587150505,0.377006604464106,0.3493318534230299,0.4353921216232938,0.2050579178793295,0.02669074948961281,0.1708226720786764,0.024326081816032158,0.04003063933008122,0.17944982004098353,-0.01834913866819654
2012-07-01,0.27979128055889646,0.3485151542646789,0.5592998079741922,0.24092801903628788,0.32165710238195394,0.377006604464106,0.3493318534230299,0.4353921216232938,0.027226141237519763,0.15741792469273042,0.025441002601087725,0.03864314313638038,0.17884931788341785,0.07145896398214505
2012-07-08,0.28321650946161125,0.3625685705379277,0.6602666725366013,0.41158536585365846,0.45710852205144625,0.32165710238195394,0.377006604464106,0.3493318534230299,0.028413416564196964,0.15962806627451442,0.026466729723338855,0.04506742728275463,0.18062138797584293,-0.008658062743114541
2012-07-15,0.28517419536045496,0.37038905532884747,0.6426707483725921,0.3821864111498257,0.33627348947219166,0.45710852205144625,0.32165710238195394,0.377006604464106,0.02953715089222153,0.16168034060045666,0.028200524946795924,0.04396288331009705,0.18004583609419633,0.0425596144187959
2012-07-22,0.28923272434063313,0.3865902473005793,0.6945047007952618,0.3951219512195121,0.41352160939701577,0.33627348947219166,0.45710852205144625,0.32165710238195394,0.03082091440203802,0.17521836859870604,0.029760940647907325,0.05225671577731134,0.18183556801478495,-0.012578782206860073
2012-07-29,0.29134527988577974,0.394676471001926,0.6674443879351476,0.36219512195121945,0.3303601364247746,0.41352160939701577,0.33627348947219166,0.45710852205144625,0.031711665068335976,0.1877893945970805,0.0322885873350674,0.05513771072153934,0.18039318538141558,-0.029980832211935784
2012-08-05,0.29081815856326126,0.39212721979041953,0.6079236719002792,0.2853658536585365,0.30411381444729946,0.3303601364247746,0.41352160939701577,0.33627348947219166,0.03246709694120689,0.19946249016699957,0.03451291641976828,0.05588475194533405,0.17997358744245417,-0.044269960915938024
2012-08-12,0.287421596886092,0.37816810934502715,0.5348396203849547,0.17604878048780476,0.28256249879003864,0.30411381444729946,0.3303601364247746,0.41352160939701577,0.032416499479316796,0.19262808762520822,0.05082466304090802,0.05722115587080625,0.17790715354730136,0.026725651265028523
2012-08-19,0.28615770224837944,0.37280999239861856,0.5722918514909809,0.24146341463414628,0.3896403255832098,0.28256249879003864,0.30411381444729946,0.3303601364247746,0.03252122445857775,0.19200802935632794,0.05050691652873021,0.05846210237303042,0.1787254849188864,0.00968743815568938
2012-08-26,0.2855535835949674,0.3701279371606809,0.5857254896233726,0.2656097560975608,0.36394275391446285,0.3896403255832098,0.28256249879003864,0.30411381444729946,0.032738911213221256,0.19143226096379629,0.05019552494679594,0.054601172084468734,0.17950849263414348,0.024927723146849753
2012-09-02,0.28644423938891017,0.3734117201483298,0.6198745514578137,0.328829268292683,0.38692863355449414,0.36394275391446285,0.3896403255832098,0.28256249879003864,0.03329548329401247,0.198938456262147,0.049890361196500366,0.05331697011575142,0.18207534499393585,-0.017070851651629675
2012-09-09,0.28584478563005516,0.3707620082859916,0.5882306229087867,0.27029486712777573,0.32358505527294407,0.38692863355449414,0.36394275391446285,0.3896403255832098,0.03482399731715785,0.20590849475347273,0.04959130072121068,0.05095474138293906,0.1811039444449314,0.010896933909954538
2012-09-16,0.285852084644045,0.37053197227539564,0.6040327339929011,0.3012559155442301,0.36576695364883743,0.32358505527294407,0.38692863355449414,0.36394275391446285,0.03579593925951205,0.2201312056924234,0.04929822145542684,0.05007239776364541,0.18165960322079044,0.056355293099212965
2012-09-23,0.28932395931362825,0.3838738730334674,0.6776514297290664,0.41158536585365846,0.4343286881284528,0.36576695364883743,0.32358505527294407,0.38692863355449414,0.03756096699986469,0.2437073993563889,0.034937337432017046,0.05406064515099047,0.1822954290346832,-0.037271394797231655
2012-09-30,0.28933937704991525,0.3835764305187367,0.6065682847288372,0.28810975609756095,0.29311795746753,0.4343286881284528,0.36576695364883743,0.32358505527294407,0.03856114938606453,0.265599579187214,0.03532158902813906,0.05488461962982439,0.18205687660895276,0.0
2012-10-07,0.2891012717543064,0.3822998594017307,0.6065682847288373,0.28810975609756095,0.3493318534230299,0.29311795746753,0.4343286881284528,0.36576695364883743,0.039796668804311375,0.28592803188726584,0.03569815559233863,0.04986523368691926,0.18216303008349222,0.012578782206860185
2012-10-14,0.28948548507753846,0.3834363239288473,0.6240723310513746,0.31660412757973727,0.3683035704212854,0.3493318534230299,0.29311795746753,0.4343286881284528,0.040267342868405415,0.30786689409008516,0.036067190825254225,0.04713254367863861,0.18467689695879308,0.0
2012-10-21,0.28953465714460597,0.3832712400536545,0.6240723310513746,0.31660412757973727,0.3493318534230299,0.3683035704212854,0.3493318534230299,0.29311795746753,0.04085568544852297,0.32823869470698885,0.036428845353511485,0.04266687744653247,0.1847568520548899,0.0
2012-10-28,0.28932077213556673,0.3821009786360913,0.6240723310513746,0.31660412757973727,0.3493318534230299,0.3493318534230299,0.3683035704212854,0.3493318534230299,0.04085568544852297,0.3473995905086661,0.03678326679120361,0.03866158638746258,0.18538090331667423,0.02061928720273561
2012-11-04,0.29026694958743016,0.3853584725887252,0.6564616819152578,0.39575515947467166,0.3804305142538621,0.3493318534230299,0.3493318534230299,0.3683035704212854,0.04132635951261701,0.3702950356576947,0.037130599800141884,0.03801460247875444,0.1876592791497922,-0.01190734660071421
2012-11-11,0.28995654151525385,0.3838133869393316,0.6270715230632244,0.34984756097560965,0.33137281683316927,0.3804305142538621,0.3493318534230299,0.3493318534230299,0.04203825403455924,0.3914125976845037,0.0374709861489014,0.03612838612819986,0.1866407803923522,0.0
2012-11-18,0.28945612637580237,0.3815670270790353,0.6270715230632244,0.34984756097560965,0.3493318534230299,0.33137281683316927,0.3804305142538621,0.3493318534230299,0.04333613776629855,0.41102176242368355,0.03780456477068575,0.03244873114969648,0.1867710893605441,0.0037105793965357746
2012-11-25,0.28905801833435024,0.37972917066595,0.6338692842443814,0.3498475609756097,0.35492826657757537,0.3493318534230299,0.33137281683316927,0.3804305142538621,0.04433632015249839,0.4302842696090267,0.038131471820034374,0.02961035917983986,0.18797798095173057,-0.004123717183862041
2012-12-02,0.288226387198428,0.37628069612025167,0.6220649405477374,0.30868902439024387,0.3431123327964301,0.35492826657757537,0.3493318534230299,0.33137281683316927,0.04514823291306061,0.4477350860731348,0.038451840728396025,0.02703900034388214,0.18518741210186462,0.004123717183862156
2012-12-09,0.2876100680437947,0.3736716589901107,0.6305909975595265,0.3344131097560975,0.35555137404962994,0.3431123327964301,0.35492826657757537,0.3493318534230299,0.04568009460548686,0.4648037231084718,0.03876580225859047,0.025075507037007415,0.1864885001099248,0.004106781952653502
2012-12-16,0.28716946419250344,0.3717442207576695,0.6394057436891629,0.36007280442015926,0.35552583179851954,0.35555137404962994,0.3431123327964301,0.35492826657757537,0.04650377421765145,0.48111823774689205,0.03907348455818099,0.022828066211252017,0.18678860989408186,0.04879016416943204
2012-12-23,0.28992629162977424,0.3817279650010085,0.7285361119304387,0.4115853658536585,0.42291872150761056,0.35552583179851954,0.35555137404962994,0.3431123327964301,0.04789696944736979,0.5088312142588034,0.03937501321177972,0.027939652110873937,0.18753629395301274,-0.02449747160038735
2012-12-30,0.29013830835883814,0.3821703480816522,0.6521258506068995,0.16720655487804875,0.3123839922761948,0.42291872150761056,0.35552583179851954,0.35555137404962994,0.0481323064794168,0.5420995543981558,0.04026749908671359,0.037056639697772766,0.18696627022358125,0.007968169649176881
2013-01-06,0.29059061853230633,0.3834883708254279,0.6663140383250454,0.1929306402439024,0.36134969879885875,0.3123839922761948,0.42291872150761056,0.35552583179851954,0.04901482034959315,0.5729915845275545,0.04212018879627549,0.041344715756513474,0.18753350338416297,0.10536051565782635
2013-01-13,0.2983174024117629,0.4111486628713494,0.8012102238885731,0.41158536585365846,0.5082399140745937,0.36134969879885875,0.3123839922761948,0.42291872150761056,0.051544693444098594,0.6081111402736452,0.0438617171232637,0.055288703899117546,0.18830473654731072,0.04879016416943204
2013-01-20,0.30783707891387657,0.44421715696276837,0.8412210512078935,0.3704268292682926,0.42291872150761056,0.5082399140745937,0.36134969879885875,0.3123839922761948,0.054721743376733384,0.6449333422750159,0.046694704558321004,0.06434179278678474,0.18931734802869649,-0.014595798225176036
2013-01-27,0.31367263743954293,0.46337034168077684,0.800008203937942,0.34120426829268297,0.3273180090986834,0.42291872150761056,0.5082399140745937,0.36134969879885875,0.057648159370238095,0.6791253869905741,0.05143053086295238,0.0682877363118959,0.1879691618122008,-0.006023488977559632
2013-02-03,0.3172425934880811,0.47420129298782854,0.7831317327583621,0.3264297729184188,0.3402470369165442,0.3273180090986834,0.42291872150761056,0.5082399140745937,0.060472203754802334,0.7108751427978783,0.0556927745371206,0.06873821278261368,0.18699187398714212,0.006920442844573757
2013-02-10,0.3200168870585249,0.48202220023308046,0.7900686380006515,0.3406223717409587,0.3597694841086341,0.3402470369165442,0.3273180090986834,0.42291872150761056,0.06311974536533133,0.7410899616660214,0.059528793843872024,0.0729999946413323,0.1950397803537376,0.09844007281325251
2013-02-17,0.32977303615715936,0.5123876310661466,0.8674600736074727,0.41158536585365846,0.49780228338898946,0.3597694841086341,0.3402470369165442,0.3273180090986834,0.06770293406444702,0.7725301984426068,0.06298121121994829,0.09207420350957152,0.19814826211054992,-0.07802911132007026
2013-02-24,0.33015444606805,0.5114591409421857,0.693303587934599,0.20197616407982266,0.2316458808666086,0.49780228338898946,0.3597694841086341,0.3402470369165442,0.0708729238861204,0.8039820921239788,0.06848329089128918,0.1305716238864372,0.1958404498971591,-0.037802704205051475
2013-03-03,0.32674322015987095,0.4984379863110848,0.630945077246564,0.16089246119733924,0.29231661982149215,0.2316458808666086,0.49780228338898946,0.3597694841086341,0.07334396272261412,0.8331874219709672,0.07744256797686574,0.1291312879452714,0.19443927819617102,-0.007042282625412923
2013-03-10,0.3228486783784045,0.4841392200607201,0.6200060042386748,0.15104050123070037,0.3387104601280414,0.29231661982149215,0.2316458808666086,0.49780228338898946,0.07575616730109605,0.860306656828885,0.13247812721683613,0.12009401412944563,0.18982954104544447,0.09112539983595432
2013-03-17,0.32652945102445513,0.4941483258703392,0.7077229990630497,0.252496599372399,0.4867700623537603,0.3387104601280414,0.29231661982149215,0.2316458808666086,0.07969806258788367,0.8866862470183797,0.13147345708205252,0.12777032959917747,0.19021755963564857,-0.042840158676492365
2013-03-24,0.3251935619600274,0.4881631093699873,0.6408288824903617,0.20198170731707316,0.28471897173027616,0.4867700623537603,0.3387104601280414,0.29231661982149215,0.0828162782625067,0.9050200885590349,0.13048888034996456,0.13271307933816068,0.1887751770022792,0.049271049006782835
2013-03-31,0.3275793174312942,0.4938551862516327,0.6844366139480919,0.25017934002869435,0.42364400722231166,0.28471897173027616,0.4867700623537603,0.3387104601280414,0.08609922985956261,0.9223516705302919,0.12952399515251836,0.1330736595721381,0.18902734081024875,0.0
2013-04-07,0.32876253155333207,0.49567544638201944,0.6844366139480919,0.2469512195121951,0.3493318534230299,0.42364400722231166,0.28471897173027616,0.4867700623537603,0.08974695385629144,0.9399843421783844,0.12857840765902104,0.13403835240842668,0.1906404544492002,0.0
2013-04-14,0.3289900997280021,0.49453021707052014,0.6844366139480919,0.23244048408928045,0.3493318534230299,0.3493318534230299,0.42364400722231166,0.28471897173027616,0.09327700933699673,0.9563575372801847,0.12765173191539372,0.13493413861355183,0.19267745196408104,0.018104353465988047
2013-04-21,0.3300209942918433,0.49580996423770296,0.7020779326220324,0.22075841196368162,0.37663741168333514,0.3493318534230299,0.3493318534230299,0.42364400722231166,0.09549506086403989,0.9644064343525156,0.12674358968663893,0.13631868168835803,0.19330150322586537,0.15239546436279966
2013-04-28,0.3443794340445511,0.5360727857186316,0.8150656407107542,0.41158536585365846,0.5791795107051451,0.37663741168333514,0.3493318534230299,0.3493318534230299,0.09996646447293328,0.976854714639595,0.0822446204776543,0.16260624532490384,0.19446129660861544,-0.027398974188114388
2013-05-05,0.35202405429651196,0.5551575075280512,0.7647537025712761,0.36683809842012305,0.30800785434337946,0.5791795107051451,0.37663741168333514,0.3493318534230299,0.10410015944083917,0.9884138320490261,0.08351531094821471,0.16917414121937704,0.19007527594796159,0.038151765964376326
2013-05-12,0.3608673159692798,0.5765674347353484,0.7895272648864342,0.41158536585365846,0.40687355300544875,0.30800785434337946,0.5791795107051451,0.37663741168333514,0.10915990562985012,0.9999999999999998,0.08476058760936392,0.16756022822372002,0.1913528148518031,-0.0134591533740048
2013-05-19,0.36536675553744524,0.5851267513169179,0.7644924359147971,0.389572170279555,0.32903233279785554,0.40687355300544875,0.30800785434337946,0.5791795107051451,0.11380781201277884,0.9917923967314379,0.08731956112556158,0.17468693455735892,0.17886001506400895,0.03462396456604808
2013-05-26,0.3713210459596674,0.597059070963849,0.7882404444567903,0.41158536585365846,0.4015528114062634,0.32903233279785554,0.40687355300544875,0.30800785434337946,0.11745553600950759,0.985934589885024,0.09100536972333881,0.16946563666353204,0.1797254446440304,0.09483410267083875
2013-06-02,0.38516594100162616,0.628491686876292,0.84287660654334,0.3155487804878048,0.49236364521869636,0.4015528114062634,0.32903233279785554,0.40687355300544875,0.1247521606881255,0.9913118567444232,0.09609665922799715,0.2083224382774775,0.18201559502925768,-0.053802705992976325
2013-06-09,0.38867047061400667,0.6321902583548271,0.7476592744411327,0.2635829868524553,0.2681849112903957,0.49236364521869636,0.4015528114062634,0.32903233279785554,0.13140043184345385,0.9765752092131468,0.10786320517561596,0.2410615955585803,0.027768962399563613,-0.03580945269671089
2013-06-16,0.38621559485854884,0.6209784138512962,0.6939361159794494,0.22876270903939105,0.29532290476233164,0.2681849112903957,0.49236364521869636,0.4015528114062634,0.1373426919026411,0.9628911793626758,0.11845309652847291,0.23431286439583734,0.026144074208502843,-0.053488684950986236
2013-06-23,0.3774831764571143,0.5947395268692532,0.6248601044910519,0.18188510472804043,0.2686585277535923,0.29532290476233164,0.2681849112903957,0.49236364521869636,0.14051974183527588,0.9280816554166664,0.12798399874604413,0.23741708372395676,0.023924571135930606,0.01634913800152941
2013-06-30,0.3710233342956989,0.5748165025820214,0.638284770448069,0.18347781369379956,0.373990140229306,0.2686585277535923,0.29532290476233164,0.2681849112903957,0.144814642670134,0.8957585260382293,0.13204953889808466,0.22585116480129364,0.025549459326991375,0.02139118998131756
2013-07-07,0.36696310656881065,0.561331165253814,0.6561608378035518,0.18687997958232538,0.38159472242796,0.373990140229306,0.2686585277535923,0.29532290476233164,0.14869770369890983,0.8688015058114615,0.13204953889808466,0.21512423740031683,0.026779900022396497,0.005277057100843819
2013-07-14,0.3631927203940544,0.548933743035086,0.6607150177680232,0.19223010782688094,0.35729087777486607,0.38159472242796,0.373990140229306,0.2686585277535923,0.15269843324370913,0.8437699870294632,0.1383896902340979,0.19994461005198785,0.027792511503782258,0.0
2013-07-21,0.35914689587077187,0.5362041233200214,0.6607150177680232,0.19223010782688094,0.3493318534230299,0.35729087777486607,0.38159472242796,0.373990140229306,0.15669916278850854,0.8205331397998893,0.14577914400567513,0.18461521404491263,0.030182745581936565,0.03109058707003118
2013-07-28,0.35820431563084215,0.5312866873487913,0.6897421777336726,0.21920438555347088,0.39622365976025764,0.3493318534230299,0.35729087777486607,0.38159472242796,0.16107054815878186,0.8029677056563095,0.1518532750059116,0.17804203054145482,0.033615027521750385,-0.01025650016718911
2013-08-04,0.35533987739643136,0.521902178601394,0.6720148392850286,0.16193522590963613,0.33386267561515354,0.39622365976025764,0.3493318534230299,0.35729087777486607,0.16212956480299345,0.7866569453801282,0.15312426105462287,0.16679657783265586,0.03298508898391095,-0.020834086902842025
2013-08-11,0.3499113740358649,0.5066343457711666,0.6367655018685289,0.12892204927074388,0.3179092248936787,0.33386267561515354,0.39622365976025764,0.3493318534230299,0.16330624996322857,0.7636620808587817,0.2137621187041854,0.15892526290227948,0.029334977830078657,-0.010582109330536972
2013-08-18,0.3436268301268244,0.4896350987177759,0.6192746843380624,0.11513359480328464,0.3333715815809707,0.3179092248936787,0.33386267561515354,0.39622365976025764,0.16342391847925208,0.7384193892588772,0.21255024828564675,0.14904529359627877,0.028239944483929413,0.010582109330537008
2013-08-25,0.3389251761103134,0.47671831812939514,0.631814327352178,0.10637646731866118,0.3652921252650892,0.3333715815809707,0.3179092248936787,0.33386267561515354,0.1640710953173814,0.7149797470589658,0.21005675100496576,0.13987103638356382,0.034427471617280325,0.015666116744399456
2013-09-01,0.3360627476447419,0.46841538207112,0.6506160568530918,0.12870882574805123,0.3729599859758207,0.3652921252650892,0.3333715815809707,0.3179092248936787,0.16430643234942838,0.7012117295280296,0.20766299361551196,0.14035020230475057,0.038654535824460545,-0.015666116744399463
2013-09-08,0.3314009908292056,0.4559939723461171,0.6209559070973423,0.142445020054463,0.32570372087023913,0.3729599859758207,0.3652921252650892,0.3333715815809707,0.1619530620289582,0.6884271418207316,0.2053649865216364,0.1330824686196132,0.03831745983395596,0.0
2013-09-15,0.3270190979071907,0.4444279919653074,0.6209559070973423,0.252535632376504,0.3493318534230299,0.32570372087023913,0.3729599859758207,0.3652921252650892,0.16089404538474655,0.6742419746728038,0.20315889971151582,0.12376296761276302,0.039942348025017615,0.0
2013-09-22,0.3229064076700941,0.4336658000347073,0.6209559070973423,0.252535632376504,0.3493318534230299,0.3493318534230299,0.32570372087023913,0.3729599859758207,0.16065870835269958,0.661070033749728,0.20104105637380001,0.11383655412685838,0.0404298262568874,0.0
2013-09-29,0.3190514994822882,0.4236574568166377,0.6209559070973423,0.21662387676508338,0.3493318534230299,0.3493318534230299,0.3493318534230299,0.32570372087023913,0.16160005648088765,0.6489457432435404,0.19900792676959286,0.10486340483551594,0.04273175119422401,-0.005277057100843781
2013-10-06,0.31489699831567364,0.4130587111197367,0.608518219987715,0.117595818815331,0.3413728290711938,0.3493318534230299,0.3493318534230299,0.3493318534230299,0.16207073054498167,0.6427522169476564,0.19705612234955402,0.10390965239803833,0.04099500475812601,-0.014925650216675706
2013-10-13,0.30957323685883525,0.39978544540600613,0.5738583985381072,0.0,0.32682051589694644,0.3413728290711938,0.3493318534230299,0.3493318534230299,0.16174125870011585,0.6293375976745313,0.19518239010631674,0.10027317159735522,0.038698967096844505,0.02020270731751947
2013-10-20,0.30699428895283726,0.39315689319634956,0.6108888354581368,0.12664165103189493,0.37980221530094943,0.32682051589694644,0.3413728290711938,0.3493318534230299,0.16174125870011585,0.616324693701484,0.19232460347458893,0.09715352854092886,0.03972335313033959,0.0
2013-10-27,0.3045223654257753,0.3868479176339007,0.6108888354581368,0.12664165103189493,0.3493318534230299,0.37980221530094943,0.32682051589694644,0.3413728290711938,0.16174125870011585,0.6042412828693687,0.18871919797742107,0.08911493481865913,0.04065354274696098,-0.026668247082161294
2013-11-03,0.2994350152291276,0.37436250099075374,0.5467685799974514,0.0,0.3091099600662638,0.3493318534230299,0.37980221530094943,0.32682051589694644,0.16044690502385722,0.5786218799052311,0.18540222492002664,0.08935034537558047,0.028013561057802505,0.010752791776261697
2013-11-10,0.29617494392059074,0.3663017791515262,0.5687851266769508,0.0587979094076655,0.36554955392579797,0.3091099600662638,0.3493318534230299,0.37980221530094943,0.15962322541169266,0.5548324342956745,0.18143991682859148,0.08829634977032076,0.03488401221348436,0.04189094170916013
2013-11-17,0.2976565904772188,0.3696004539724165,0.6452703545908417,0.29398954703832747,0.41251309607648556,0.36554955392579797,0.3091099600662638,0.3493318534230299,0.16021156799181024,0.5435466755358584,0.17787383954629984,0.09374486745635048,0.04274941302238755,0.0
2013-11-24,0.29847245689638074,0.3712823209838981,0.6452703545908417,0.29398954703832747,0.3493318534230299,0.41251309607648556,0.36554955392579797,0.3091099600662638,0.1610352476039748,0.5330670424017436,0.17466436999223736,0.0891633634712932,0.043673715362954724,0.0025608208616736505
2013-12-01,0.29903014785244936,0.3723351940775114,0.64989096449051,0.30868902439024387,0.35319416440607604,0.3493318534230299,0.41251309607648556,0.36554955392579797,0.16168242444210407,0.523335954491494,0.17177584739358118,0.08296808694782694,0.045799022018654156,0.022756987122616278
2013-12-08,0.3015611673307324,0.3780009061771325,0.6898150504310202,0.2469512195121951,0.3836546608556731,0.35319416440607604,0.3493318534230299,0.41251309607648556,0.16250610405426869,0.5317101898388014,0.14577914400567513,0.09908075946092532,0.04756520483502502,0.05354076692802976
2013-12-15,0.309155080463825,0.395303324166645,0.7650826996765925,0.3057491289198606,0.4300837307767984,0.3836546608556731,0.35319416440607604,0.3493318534230299,0.16497714289076237,0.547317471601785,0.1465180893828328,0.11661341795088216,0.04969639876677867,0.0084946239914228
2013-12-22,0.3156106039939381,0.4096045595513884,0.7752496740804551,0.3269163763066203,0.36214371388150685,0.4300837307767984,0.3836546608556731,0.35319416440607604,0.16765998505609842,0.5618099475245555,0.14855757862378813,0.11068124410055853,0.04997016299059176,0.033274788884872133
2013-12-29,0.3240463031854405,0.4279930513844544,0.8119790643230562,0.36013719512195114,0.3995179419901892,0.36214371388150685,0.4300837307767984,0.3836546608556731,0.1711900405368037,0.5827143953263921,0.15051548829510522,0.11735882103500185,0.05065897428897603,0.044451762570833796
2014-01-05,0.3354646594690984,0.45238340962488566,0.8519019568562376,0.3036285485805677,0.41637540705953174,0.3995179419901892,0.36214371388150685,0.4300837307767984,0.1758967811777441,0.610349559774805,0.15377824544809646,0.14257116828973634,0.05353785227966057,0.0
2014-01-12,0.34363483614172396,0.4689184826756124,0.8519019568562376,0.3036285485805677,0.3493318534230299,0.41637540705953174,0.3995179419901892,0.36214371388150685,0.18072119033470807,0.636010783905474,0.16035042421376214,0.14658525982292647,0.05492724942853844,0.016172859245600968
2014-01-19,0.35121262113281326,0.48362575947776265,0.8654554829145092,0.3289309276289484,0.37372427103662254,0.3493318534230299,0.41637540705953174,0.3995179419901892,0.18631632827162597,0.6571276673341253,0.16639682867817454,0.15041546617857188,0.05734103261091139,0.003160774885018932
2014-01-26,0.35659800151903204,0.4932446076834074,0.8681067798053548,0.33392393042782886,0.3540990340314253,0.37372427103662254,0.3493318534230299,0.41637540705953174,0.19155140054951192,0.6767362019464442,0.17195952078543394,0.14499967623024138,0.0594545647145015,0.023225980288176108
2014-02-02,0.3628062992845279,0.5042025646418601,0.8869634870064497,0.3711015593762494,0.38436201117502794,0.3540990340314253,0.37372427103662254,0.3493318534230299,0.19743482635068743,0.6977271515922766,0.17707719752411263,0.1461280127405727,0.0679381295091348,-0.022330820485013485
2014-02-09,0.3636918410265066,0.5040021859063939,0.8033258799311405,0.335340863654538,0.31565180398633075,0.38436201117502794,0.3540990340314253,0.37372427103662254,0.2032829515970559,0.6942925246605633,0.18178546012369698,0.15508124409170418,0.054473929172337066,0.0012774112871811244
2014-02-16,0.363451782156024,0.5015301147033664,0.8047683840717591,0.3348491112029764,0.35125848551127453,0.31565180398633075,0.38436201117502794,0.3540990340314253,0.20893104036618437,0.6948568278612961,0.18611706171531459,0.16347208565244584,0.055898649977542014,0.021053409197832263
2014-02-23,0.36489637905999994,0.5024576128250064,0.8281164262605443,0.3658536585365853,0.3810852707714843,0.35125848551127453,0.31565180398633075,0.38436201117502794,0.2142261235872423,0.695380823690548,0.19010213517960275,0.15840912560559278,0.05682883959416429,-0.01089244116642367
2014-03-02,0.3634986797479157,0.4977434862702572,0.7871072302310522,0.3460365853658537,0.3329035292950522,0.3810852707714843,0.35125848551127453,0.31565180398633075,0.21921526866663915,0.6958673912462819,0.19376840276674792,0.15242235998390366,0.054762405699010586,-0.011438379318589893
2014-03-09,0.35983548942342414,0.4886949117175875,0.7458034912493169,0.3254573170731706,0.33208012811430837,0.3329035292950522,0.3810852707714843,0.35125848551127453,0.22382787449476077,0.6839813443357762,0.19714136894692144,0.15329044836896316,0.05337300855013272,-0.028962473902537002
2014-03-16,0.3522571293137869,0.4721602201876598,0.654079725746317,0.25053022269353126,0.30564973464458206,0.33208012811430837,0.3329035292950522,0.3810852707714843,0.22712259294341908,0.667117852664459,0.20024449783268108,0.1534280987401491,0.052378058896910495,0.05025108480910675
2014-03-23,0.3517619737553999,0.46976435458650323,0.7297865497387366,0.3399704288663153,0.42512212820287104,0.30564973464458206,0.33208012811430837,0.3329035292950522,0.23050556277909495,0.65423389775402,0.20309937640758,0.1577593239826222,0.05350841589938771,-0.020436822098680512
2014-03-30,0.3477668537093145,0.4606156851291368,0.6733660621023214,0.26926145429678594,0.3185083922307051,0.42512212820287104,0.30564973464458206,0.33208012811430837,0.23310603698321447,0.6444449824485196,0.20572586469648693,0.16072711061938025,0.05173045853090752,0.0004256224792918316
2014-04-06,0.3437752979475996,0.4516338451022599,0.6740213095666034,0.24384031122638017,0.349973790702206,0.3185083922307051,0.42512212820287104,0.30564973464458206,0.23487106472356717,0.6353552753791263,0.20785055568692365,0.1495615368846507,0.05296678650236686,-0.0008514261902175128
2014-04-13,0.33966837566647834,0.4425756146191825,0.6715425907138818,0.20119029065690033,0.348047705525398,0.349973790702206,0.3185083922307051,0.42512212820287104,0.23543587360048002,0.6269148331004039,0.2100969496334831,0.139064959573155,0.052415655041794906,-0.029388458999500638
2014-04-20,0.33191763801771784,0.4265860775140218,0.5918482291757198,0.07345042357315397,0.3050072504539693,0.348047705525398,0.349973790702206,0.3185083922307051,0.23520053656843304,0.5969841857936636,0.235930480018917,0.13987164598078936,0.05145014176884555,-0.00881062968215492
2014-04-27,0.3240187366010397,0.4104565329744722,0.5704072394343592,0.12900015071211468,0.3360433831913797,0.3050072504539693,0.348047705525398,0.349973790702206,0.2342886055692508,0.551381728676341,0.23532720501300544,0.14308876744084637,0.0511404945974796,-0.00888894741724604
2014-05-04,0.31609376843076975,0.394388695196096,0.5489890458853938,0.10074162919796029,0.335925261907327,0.3360433831913797,0.3050072504539693,0.348047705525398,0.2330542628361642,0.5090365899245415,0.23362929770631355,0.13916039730027616,0.04854420585741526,-0.004474280394921077
2014-05-11,0.3087841801673702,0.3796098877526396,0.5381091957923123,0.0866123684408831,0.3425836022785756,0.335925261907327,0.3360433831913797,0.3050072504539693,0.23105389806376453,0.46785037289509485,0.2319993066918893,0.13607822108128992,0.04680157214526304,0.0027764112591034157
2014-05-18,0.30292372037995097,0.36774757766834054,0.5448689431516971,0.09537251011027104,0.3535193246592958,0.3425836022785756,0.335925261907327,0.3360433831913797,0.22975013090622404,0.4395097840052236,0.23043451531804207,0.14454097585030698,0.05005723580343879,0.049637331424936815
2014-05-25,0.30413487107955317,0.3698927861642404,0.6496846535782047,0.29776706635781425,0.424196445945264,0.3535193246592958,0.3425836022785756,0.335925261907327,0.22975013090622404,0.4181230937677854,0.22893231559914876,0.1485557658570564,0.060995794712827234,-0.02154968442704007
2014-06-01,0.30193208134273103,0.3653165566649609,0.5920879180456949,0.2154828411811652,0.3168299380843138,0.424196445945264,0.3535193246592958,0.3425836022785756,0.22857226906082873,0.39352507682131915,0.22749020386901117,0.15497036640743994,0.05998907050749569,-0.013085812235716244
2014-06-08,0.2981815438546389,0.35772954611676727,0.5601700905400453,0.16637509002783551,0.3295954177056739,0.3168299380843138,0.424196445945264,0.3535193246592958,0.2273485164941842,0.37072053062976157,0.22610577660807898,0.15021901953796246,0.05716906527735777,-0.008805171820163233
2014-06-15,0.2938066142019343,0.3489443994996768,0.5393314473013112,0.13369133591575313,0.33605161491138397,0.3295954177056739,0.3168299380843138,0.424196445945264,0.22620830857391633,0.3495448805947438,0.2247767264375842,0.14351896145856805,0.05399582348394549,0.06449407768075187
2014-06-22,0.2982547577072408,0.357545565662041,0.6590397062007236,0.379887051564051,0.4466038603392024,0.33605161491138397,0.3295954177056739,0.3168299380843138,0.22762033076619848,0.34823264147110256,0.19287952234570824,0.15143738031628343,0.055703133539769745,0.0408219945202552
2014-06-29,0.3068428814216933,0.3740492615254593,0.7156727735406165,0.41158536585365846,0.41090087613178183,0.4466038603392024,0.33605161491138397,0.3295954177056739,0.22882643305543943,0.35876674158403377,0.19356319460865454,0.15909870476578297,0.0573221344547763,-0.03666398437159147
2014-07-06,0.3082124075782101,0.3764018843431403,0.6286795789701228,0.299594415627414,0.29403407307455204,0.41090087613178183,0.4466038603392024,0.33605161491138397,0.2295442110031829,0.3634543809925279,0.1954943485457555,0.16883510073409683,0.054313736390891876,-0.003949698513705622
2014-07-13,0.30830192109506654,0.3762740398493433,0.6201110545961886,0.2877993598940515,0.3433747932563003,0.29403407307455204,0.41090087613178183,0.4466038603392024,0.23013843700910164,0.36780718901470105,0.1982769836840861,0.16210362260322883,0.05297143745045041,-0.03410986331063946
2014-07-20,0.30351457980782837,0.366815083793925,0.5515161472993743,0.18785178236397737,0.2978862792063379,0.3433747932563003,0.29403407307455204,0.41090087613178183,0.22980896516423577,0.3484684291379897,0.20089266071411685,0.16356563780794786,0.0013341391758299181,-0.008658062743114541
2014-07-27,0.2982611092522849,0.35650283772281477,0.5356623847541062,0.16302008608321367,0.33627348947219166,0.2978862792063379,0.3433747932563003,0.29403407307455204,0.2300443021962828,0.3192463804475048,0.20335139712234576,0.1635477965865314,0.0004981459760813323,0.0
2014-08-03,0.2937932854123373,0.3477349910139687,0.5356623847541062,0.16204148261955054,0.3493318534230299,0.33627348947219166,0.2978862792063379,0.3433747932563003,0.2305149762603768,0.29211162094919746,0.20343166233152046,0.15567715725537676,0.002623452631780765,-0.017544309650909508
2014-08-10,0.28780995392189573,0.3360521290452194,0.5021788067610123,0.11218256489045805,0.32287097095021855,0.3493318534230299,0.33627348947219166,0.2978862792063379,0.2307503132924239,0.27037271963993414,0.2418716008512651,0.15239215110758794,0.0019287540573413864,0.017413866360944677
2014-08-17,0.285054996710839,0.33063782243290357,0.5368459768527108,0.16166754073658232,0.3755959972019966,0.32287097095021855,0.3493318534230299,0.33627348947219166,0.23157046284910776,0.2501865969956182,0.24113206431780562,0.14554972380043069,0.0022752791259135208,-0.021848463428810493
2014-08-24,0.2799841115190838,0.32072343171256645,0.49504706452336755,0.057949862637362536,0.3163793101480484,0.3755959972019966,0.32287097095021855,0.3493318534230299,0.2317328454012202,0.2292188992452116,0.24040731851501537,0.14044292351176477,0.001713197331879357,0.0
2014-08-31,0.27586762376453394,0.3126573346004964,0.49504706452336755,0.06855185973578586,0.3493318534230299,0.3163793101480484,0.3755959972019966,0.32287097095021855,0.23055616024098508,0.21226356552265685,0.23969706762828089,0.13705061252938117,0.010832587940406313,-0.044997365930735805
2014-09-07,0.2671454482913403,0.2954966488570378,0.4195769406728501,0.0,0.2814654035500615,0.3493318534230299,0.3163793101480484,0.3755959972019966,0.22880407603739505,0.20553175236190263,0.2380093977394183,0.13888813831765975,0.009560936312619894,0.040543015581355465
2014-09-14,0.26516942956568257,0.2915868900635957,0.5013923535817483,0.10577579362315605,0.4104801112763101,0.2814654035500615,0.3493318534230299,0.3163793101480484,0.2284510704893245,0.19024759094167015,0.23514465321768738,0.14586473913446765,0.011221148160007743,-0.018018505502678365
2014-09-21,0.26146456482685376,0.28422913215984574,0.4720100529761202,0.05876432979064226,0.3221557737750422,0.4104801112763101,0.2814654035500615,0.3493318534230299,0.22786155122404672,0.17605515533716853,0.23154235029108342,0.1446303378524071,0.0,0.003629768050578731
2014-09-28,0.25906576162164346,0.2794392993984007,0.47928572420523713,0.06816662255714515,0.35480638435078005,0.3221557737750422,0.4104801112763101,0.2814654035500615,0.22560231571639533,0.16692639804112663,0.22822823159860786,0.14348410809049372,0.00909584150430831,-0.017313878974958563
2014-10-05,0.2552137657562954,0.2717105470248262,0.450628877261696,0.02362326057583808,0.32321851378067423,0.35480638435078005,0.3221557737750422,0.4104801112763101,0.2217204313727797,0.1584496948376592,0.22517924240153028,0.13959177161100073,0.008259848304559725,-0.023357160755969376
2014-10-12,0.2496016287714157,0.260364229777027,0.4152813125346351,0.07827697142002094,0.31410384514228074,0.32321851378067423,0.35480638435078005,0.3221557737750422,0.21830804440809792,0.16956728244500985,0.22237417234021892,0.14869051593398455,0.0072060258907917785,0.014051753455650287
2014-10-19,0.24704379111226626,0.25511222957567214,0.44611717734936257,0.12039571926331506,0.3705251522261896,0.31410384514228074,0.32321851378067423,0.35480638435078005,0.21536044808170896,0.17989075665183552,0.2175596092088218,0.14803839525465,0.008813252253689008,0.0
2014-10-26,0.24527160350898108,0.251420186961535,0.44611717734936257,0.14902467776782855,0.3493318534230299,0.3705251522261896,0.31410384514228074,0.32321851378067423,0.21336008330930933,0.1894768398438879,0.21322650239056437,0.143435118875691,0.011115177191025616,-0.131380882709171
2014-11-02,0.22969604119409603,0.2191551310642219,0.29886647393285337,0.0,0.15117905255968178,0.3493318534230299,0.3705251522261896,0.31410384514228074,0.20848036994981434,0.22268011623056855,0.20932670625413266,0.16611644172686407,0.009872961943511172,0.08813346861525195
2014-11-09,0.22739763019734502,0.2140627042421088,0.4420182721245542,0.2592005054146619,0.4822575370978215,0.15117905255968178,0.3493318534230299,0.3705251522261896,0.20564455871364773,0.26808901246541644,0.20232703330784577,0.2101100192034478,0.026386771276576404,-0.08564359897410144
2014-11-16,0.2168338115890719,0.19134326534522814,0.3689085856724489,0.16491090305582193,0.22016146985739302,0.4822575370978215,0.15117905255968178,0.3493318534230299,0.20129082362077783,0.29110250745726884,0.11118172144715063,0.2558073281185959,0.024084846339239796,-0.049345874103154976
2014-11-23,0.20416945015981644,0.16343920031709283,0.33662237680725365,0.11179540199941385,0.2749068460478301,0.22016146985739302,0.4822575370978215,0.15117905255968178,0.1953991610234807,0.3124721813782746,0.11118172144715063,0.2660915496294544,0.021158870140119745,-0.05660270390622568
2014-11-30,0.18956729586575327,0.13027519293176754,0.3053164229714952,0.05134895307564555,0.26396186591666293,0.2749068460478301,0.22016146985739302,0.4822575370978215,0.18892739264218766,0.3365000628250085,0.11278937100969497,0.2651390935157843,0.015783787102298774,-0.060624621816434854
2014-12-07,0.17355878515051432,0.09253043376537479,0.27726654842228615,0.05164379115274044,0.25789588217293535,0.26396186591666293,0.2749068460478301,0.22016146985739302,0.1812789391006595,0.3662558659504116,0.19156419957436746,0.2706818978725758,0.0092312488535633,0.0
2014-12-14,0.16208575690170904,0.06371599343304771,0.27726654842228615,0.05164379115274044,0.3493318534230299,0.25789588217293535,0.26396186591666293,0.2749068460478301,0.1747954038677641,0.39388625456685744,0.18961693071648142,0.26194597538807995,0.012657643517322903,0.20625168364399157
2014-12-21,0.17428910808090498,0.09008458050015364,0.4958842215377625,0.2557983815819467,0.6604071632708703,0.3493318534230299,0.25789588217293535,0.26396186591666293,0.1715771699545211,0.3688995712927738,0.18770860723575314,0.289248073045697,0.013917520592999999,0.01689186767021812
2014-12-28,0.1867384576554783,0.11739352091787897,0.5109442588918648,0.28172990063233966,0.3748087022738339,0.6604071632708703,0.3493318534230299,0.25789588217293535,0.16922379963405088,0.3387102069664291,0.18583845022463938,0.28403212502144143,0.019575192881440273,-0.2316168485188321
2015-01-04,0.17485528522415061,0.08769935307296728,0.3763624041626645,0.050344132733172876,0.0,0.3748087022738339,0.6604071632708703,0.3493318534230299,0.16191070136318975,0.3330876556115963,0.18400569635374794,0.3157982347798487,0.016101700009245157,-0.03626259663676914
2015-01-11,0.16351756873524997,0.05804622074093288,0.36231933255192306,0.01709045763138047,0.2946394587459461,0.0,0.3748087022738339,0.6604071632708703,0.15437873965252485,0.3321278730683286,0.1822095975602743,0.3122979487064187,0.012357392438539172,0.019418085857101516
2015-01-18,0.157454893117522,0.04026182286978636,0.3768046957572997,0.035763676856208945,0.37861882440880973,0.2946394587459461,0.0,0.3748087022738339,0.1477893027552083,0.33123664642100853,0.18044942074267015,0.2965917154142143,0.014918357522276438,0.0
2015-01-25,0.15395770595118793,0.028291374506010436,0.3768046957572997,0.03686025589764098,0.3493318534230299,0.37861882440880973,0.2946394587459461,0.0,0.1408468603098212,0.3312845862445933,0.17872444746141805,0.2839483787516519,0.018992352552038128,0.024067026082637378
2015-02-01,0.15458323113213945,0.026538611930697287,0.39701928853091273,0.06060075969612166,0.3856305030316077,0.3493318534230299,0.37861882440880973,0.2946394587459461,0.1343515582253234,0.32579466171181504,0.17703397364579102,0.27148828804120445,0.021935990579322606,-0.11880044916617735
2015-02-08,0.14659454988358395,0.002087970929274985,0.3449210758742849,0.014990101774066707,0.1701532601553002,0.3856305030316077,0.3493318534230299,0.37861882440880973,0.12886467532314716,0.3307360938236619,0.17537730930647658,0.27760593496586927,0.017031889625866548,0.07007286126158829
2015-02-15,0.14733069090157813,0.0,0.3983743515539102,0.07013226187152607,0.45501795810714224,0.1701532601553002,0.3856305030316077,0.3493318534230299,0.12254587601268463,0.3353245664989484,0.17147997526952138,0.277245012892742,0.023189980378945485,0.005242475964850044
2015-02-22,0.14971197908903833,0.002355534566484685,0.40248334633224236,0.0881787389852937,0.3572387214122896,0.45501795810714224,0.1701532601553002,0.3856305030316077,0.11830980943583824,0.33958529112600006,0.16773853459404434,0.25977488141051924,0.02470301032496991,6.535734128648889e-05
2015-03-01,0.15292412631261706,0.007131036838172067,0.40253830934101575,0.08824217692700967,0.34943042743140806,0.3572387214122896,0.45501795810714224,0.1701532601553002,0.11514570303996613,0.3441768467214927,0.16414675154558642,0.24269136792535856,0.026810655152504914,0.0
2015-03-08,0.15674517090861642,0.013810054969222663,0.40253830934101575,0.08824217692700967,0.3493318534230299,0.34943042743140806,0.3572387214122896,0.45501795810714224,0.11314651495272665,0.34729492410531954,0.16069863981906682,0.22657101628778709,0.028394332411184386,-0.006622757887445642
2015-03-15,0.1604487827377919,0.020430518010599252,0.3986097065264165,0.08183494481368984,0.3393432006009738,0.3493318534230299,0.34943042743140806,0.3572387214122896,0.11220516682453857,0.35365331288466234,0.15738845256160802,0.2156898352772347,0.0250739087164078,0.0065574005461590396
2015-03-22,0.16511461642982084,0.03001502885669388,0.4053773410853394,0.0881787389852937,0.35922193223670773,0.3393432006009738,0.3493318534230299,0.34943042743140806,0.11138148721237395,0.35955753103690924,0.15421067279444753,0.20169098137982802,0.026881302465159962,0.1735687656843599
2015-03-29,0.18575486314128564,0.08450442147723317,0.5636506747709469,0.27214876996180565,0.6111137531449542,0.35922193223670773,0.3393432006009738,0.3493318534230299,0.10965764345262952,0.32805343416670185,0.15116000421797346,0.22761533772532389,0.038520447225042,-0.011049836186584935
2015-04-05,0.20176528308804792,0.1264374316934548,0.5536434894240524,0.33039924363914874,0.3326661411496556,0.6111137531449542,0.35922193223670773,0.3393432006009738,0.10730427313215934,0.29879962993008075,0.1482313623845584,0.21861343960521376,0.03657764612703396,0.0
2015-04-12,0.21505687005377322,0.16111308952912143,0.5536434894240524,0.3649217746242063,0.3493318534230299,0.3326661411496556,0.6111137531449542,0.35922193223670773,0.1098164959492613,0.2716353831389326,0.14541986622447992,0.20434148454832804,0.03801414148434912,-0.028170876966696335
2015-04-19,0.22333939839559985,0.18247873445087126,0.5265389643098616,0.3203103107337165,0.30684364616928156,0.3493318534230299,0.3326661411496556,0.6111137531449542,0.11240520330177856,0.2512234055785092,0.14272082991080456,0.1989301728795632,0.03720169738881829,0.05286348955706781
2015-04-26,0.2355126612877039,0.21418844412899904,0.5747219596566489,0.4050720921256471,0.4290622396340227,0.30684364616928156,0.3493318534230299,0.3326661411496556,0.1157587560084486,0.22868423462517246,0.07794395838259635,0.19583355184012707,0.0398333097852106,-0.0358659131884967
2015-05-03,0.24186766104553137,0.230568241155244,0.5385876466717915,0.34707718906801033,0.29523774926364127,0.4290622396340227,0.30684364616928156,0.3493318534230299,0.1183474633609658,0.20775500445421685,0.07928588318751476,0.18910178128324534,0.038220196146259156,0.0028050509276086816
2015-05-10,0.24741019773247286,0.24483780364889735,0.5412671204003392,0.35153833545705937,0.3535625199127687,0.29523774926364127,0.4290622396340227,0.30684364616928156,0.1205478646106054,0.1877210671308686,0.0806009694963348,0.17770906916769555,0.039115062106553466,-0.0033670065479042954
2015-05-17,0.25165298796273,0.2557349224924098,0.5376669215776202,0.34488360304783683,0.3442536277007278,0.3535625199127687,0.29523774926364127,0.4290622396340227,0.12478393118745185,0.1672280927888406,0.08188975407897847,0.16713012220325646,0.03729589380569198,0.011735256218420932
2015-05-24,0.25630192921730177,0.2676732867754454,0.5503372693022487,0.35372000393391034,0.3670313378577376,0.3442536277007278,0.3535625199127687,0.29523774926364127,0.12805511593290542,0.1506905773832632,0.08315276296996923,0.16193441838916375,0.0425473440463664,-0.01680711831638129
2015-05-31,0.2584341038739853,0.2731244840170664,0.5303806029865095,0.32052763571990567,0.32398282622700425,0.3670313378577376,0.3442536277007278,0.3535625199127687,0.13087916031746966,0.1405535827359639,0.08439051168314021,0.16222590967724504,0.041252143314361334,-5.649877116673725e-05
2015-06-07,0.2602011683148273,0.27764001874616834,0.5303115704863417,0.32041699449252575,0.34924664019016705,0.32398282622700425,0.3670313378577376,0.3442536277007278,0.1337008513317134,0.13114065913490036,0.08560350542204775,0.15212303434310004,0.03991573164997497,-0.011307259879148391
2015-06-14,0.2605819709487783,0.27860194740441013,0.5159207123085459,0.2983993902439025,0.33227788659817,0.34924664019016705,0.32398282622700425,0.3670313378577376,0.1362883819990704,0.1251304357743772,0.08679223928617716,0.14401438408379488,0.03862053091796991,-0.028987536873252298
2015-06-21,0.2582304078523772,0.272537208496042,0.48062942068105097,0.22819024818393294,0.3056119338797921,0.33227788659817,0.34924664019016705,0.32398282622700425,0.13840641528749353,0.12618316318176914,0.08795719847302394,0.140791165815638,0.037772763166112,0.0
2015-06-28,0.2564923485618992,0.2680204687000967,0.48062942068105097,0.21086666198074086,0.3493318534230299,0.3056119338797921,0.33227788659817,0.34924664019016705,0.1404067800598932,0.12070894035787426,0.08909885847613383,0.14493240038269226,0.03935055314873637,-0.010050335853501338
2015-07-05,0.25432742935579455,0.26236560632324346,0.4680057951105406,0.00748337028824862,0.33417361915087124,0.3493318534230299,0.3056119338797921,0.33227788659817,0.13879472139037113,0.11577055132362164,0.09021768527918153,0.1386228124130275,0.035094052561283284,-0.0017841217935014426
2015-07-12,0.2526164325560788,0.25785216688448526,0.4656813482981005,0.13428203647083437,0.34664098452967473,0.33417361915087124,0.3493318534230299,0.3056119338797921,0.13738269919808904,0.12209483459311064,0.09131413554616827,0.14072081742729006,0.0286298234533664,0.012069724087330324
2015-07-19,0.2525570170541604,0.2576291734033731,0.48638883731317234,0.1685668117399834,0.3675357928717133,0.34664098452967473,0.33417361915087124,0.3493318534230299,0.1362107207784949,0.12736759855606988,0.09238865680781522,0.13278388844430855,0.02925387471515073,0.005629853012070464
2015-07-26,0.253203123889805,0.25925293903156676,0.4963378808942479,0.18470082363134785,0.35782297572169935,0.3675357928717133,0.34664098452967473,0.33417361915087124,0.13574004671440082,0.13042821599042304,0.09344168764422928,0.12394847500098306,0.029578087007475773,0.056833474763166004
2015-08-02,0.2593258528780826,0.27516864310507566,0.5880222354025828,0.3527634474997261,0.43504989683157547,0.35782297572169935,0.3675357928717133,0.34664098452967473,0.13532820690831854,0.11503322488239996,0.09447365786391504,0.1276216796603037,0.03152088810548381,-0.002766253492890185
2015-08-09,0.2639419677393136,0.2871063135439626,0.5828780275320928,0.2960120795486649,0.3451597024509011,0.43504989683157547,0.35782297572169935,0.3675357928717133,0.1356223781983773,0.11015607759480713,0.09548498867920707,0.12769035405496912,0.029996083607350066,-0.019581045199106507
2015-08-16,0.2656886129709523,0.29160676682551323,0.5468161123903901,0.24544876679023023,0.3197991020057347,0.3451597024509011,0.43504989683157547,0.35782297572169935,0.13544587542434205,0.10210484531680984,0.09770365959786997,0.1354025243259172,0.028471279109217207,-0.040998563780005916
2015-08-23,0.2631979761737927,0.2851782108538395,0.48162791219348017,0.142733008586667,0.2874965233745456,0.3197991020057347,0.3451597024509011,0.43504989683157547,0.13450335061099372,0.10078982930038315,0.09983358367978634,0.14102129059797827,0.026846390918156438,-0.03528474096962487
2015-08-30,0.2580814120950039,0.2718831454835636,0.4353285300487759,0.057642176544615675,0.2961142915777034,0.2874965233745456,0.3197991020057347,0.3451597024509011,0.13262065435461756,0.09625651587783456,0.10187831079842605,0.1448889985649431,0.02449148049632921,0.024097551579060524
2015-09-06,0.25636069764881425,0.2673578395361618,0.4760807445588221,0.15512639928830899,0.3856765425503661,0.2961142915777034,0.2874965233745456,0.3197991020057347,0.13156163771040597,0.10384360000136018,0.15095176164577914,0.1506656991600354,0.02552175380587851,-0.005910288539732837
2015-09-13,0.2545981655836154,0.26269332019873204,0.4678887914035594,0.14274130773222615,0.34041776939566737,0.3856765425503661,0.2961142915777034,0.2874965233745456,0.13038730592049141,0.10579313366647057,0.14997930952943964,0.14910122661764466,0.023926301995090604,0.01479923595697901
2015-09-20,0.2547212598942973,0.26296584759453334,0.49406609872722984,0.173891689524798,0.3716525289660955,0.34041776939566737,0.3856765425503661,0.2961142915777034,0.1297401290823621,0.10760341492693022,0.1490263064554269,0.14244244752235607,0.02418153896115971,0.008810629682154906
2015-09-27,0.2557802593690108,0.265704594218147,0.5098367184153342,0.19265697976128696,0.3626203236546801,0.3716525289660955,0.34041776939566737,0.3856765425503661,0.12985779759838556,0.09311664405379495,0.14809236344289436,0.14658142349810982,0.027166387920826374,-0.023669744085904734
2015-10-04,0.2545602569831419,0.26244352846264213,0.471792885156394,0.14261620579731635,0.31363239708185786,0.3626203236546801,0.3716525289660955,0.34041776939566737,0.12950479205031507,0.08257305108671424,0.14717709929061248,0.1414523481970227,0.023687007772576152,-0.03652733755990798
2015-10-11,0.25048309078663433,0.2515731788794276,0.4211163642169017,0.06768014678627023,0.294240168115975,0.31363239708185786,0.3626203236546801,0.3716525289660955,0.12864698856850365,0.08106328790821014,0.1462801404213763,0.13924767211802547,0.021597024773204687,0.01234507376135115
2015-10-18,0.24857233086786543,0.24637679507748267,0.44471508364839923,0.09270053376825554,0.36795108395515663,0.294240168115975,0.31363239708185786,0.3626203236546801,0.12805982267354632,0.07177034178889201,0.14540112072952474,0.13840879174530554,0.024658408321580616,0.0001226843333646865
2015-10-25,0.24730060353870995,0.2428482565496913,0.4449596751703691,0.09295073763807551,0.3495168898132335,0.36795108395515663,0.294240168115975,0.31363239708185786,0.1272349663762215,0.06859651273163468,0.14453968143151028,0.13680714622917153,0.026389267481623513,-0.0001840321448006506
2015-11-01,0.2465167609100303,0.24060384287566505,0.4446721260303232,0.09257543183334573,0.34905429032412866,0.3495168898132335,0.36795108395515663,0.294240168115975,0.12629361824803342,0.06564938574989575,0.1436954709194561,0.12726016018898412,0.024387593623069748,-0.0004909180265505673
2015-11-08,0.24609682233135677,0.23932501347793725,0.4438484062423125,0.09157461635406616,0.34859143533518194,0.34905429032412866,0.3495168898132335,0.36795108395515663,0.12416617147832837,0.06291276783828097,0.142868144617643,0.11835653835575032,0.023610473183866887,-0.005662947547827657
2015-11-15,0.24550856816663547,0.2375785784386112,0.433894215100721,0.09613672779063563,0.3407908168992591,0.34859143533518194,0.34905429032412866,0.3495168898132335,0.12198930393189344,0.06355100223168096,0.14205736484186612,0.11264692621118834,0.020537315083382524,-0.02500130220541727
2015-11-22,0.24311503875502571,0.2308879763949574,0.39266110936647874,0.040500405004050104,0.31162409902925753,0.3407908168992591,0.34859143533518194,0.34905429032412866,0.11975360212744673,0.0673266105094515,0.14126280066160488,0.10864344353948818,0.018270713802372995,0.01911984275024113
2015-11-29,0.24318009791726705,0.23086911554374323,0.44065728028261375,0.09196966969669718,0.37816900472618975,0.31162409902925753,0.3407908168992591,0.34859143533518194,0.11871341244579897,0.07276850568294847,0.14048412776494876,0.1052472853103123,0.02149105380422256,-0.006728578123703527
2015-12-06,0.24291778843433792,0.22994997631921182,0.4288203778127385,0.05437206918925298,0.3391835991751793,0.37816900472618975,0.31162409902925753,0.3407908168992591,0.11823920832622414,0.0855793847463872,0.10232915582880114,0.13353570865414177,0.016327912704365843,-0.06428433911270547
2015-12-13,0.2375580356281085,0.214885295679426,0.338511439690641,0.0,0.2523761808459976,0.3391835991751793,0.37816900472618975,0.31162409902925753,0.11612235172296126,0.08206868731104887,0.15121778198155597,0.13575284356275572,0.012683688826587769,0.015150301360317383
2015-12-20,0.2349478862056421,0.20726566184135925,0.37405707211756417,0.024373687297773103,0.3721820169062223,0.2523761808459976,0.3391835991751793,0.37816900472618975,0.11439144785225536,0.07880875397823463,0.15007478127216836,0.1299575392094864,0.013378387401027148,0.10994617714914552
2015-12-27,0.24292772369859292,0.2292522679148608,0.5731395921994934,0.23144444190458768,0.5151561537099106,0.3721820169062223,0.2523761808459976,0.3391835991751793,0.11445028211026709,0.09267437817147232,0.14895464057696853,0.15042649574441985,0.01611597076640159,-0.06068712376964114
2016-01-03,0.24399810575195457,0.23203042801881418,0.48658886979419447,0.1349128225935493,0.2578016147511319,0.5151561537099106,0.3721820169062223,0.2523761808459976,0.11315475174884826,0.10554960063662165,0.1465221111373847,0.16557704722088126,0.014720686341468614,-0.18476218505886682
2016-01-10,0.23038048615511691,0.19334229654566443,0.33826267479872557,0.0,0.07066768472437429,0.2578016147511319,0.5151561537099106,0.3721820169062223,0.10915402220404896,0.09503423629030257,0.1441868828753842,0.18734523546233864,0.012436423232296434,-0.0228146777661714
2016-01-17,0.21849665379787225,0.15835931077750975,0.3263544168477436,0.04386567541071268,0.314922035137907,0.07066768472437429,0.2578016147511319,0.5151561537099106,0.1055051215221599,0.08811149912439174,0.13967139938973747,0.18571883274179565,0.010540720342724796,-0.00841996400056904
2016-01-24,0.2091485150850293,0.129662774142779,0.32192004507279304,0.03703516309675883,0.33663259752310853,0.314922035137907,0.07066768472437429,0.2578016147511319,0.10149262512575824,0.08046940887096123,0.1328296808176079,0.17765282919541658,0.008915832151664027,-0.03641648793834803
2016-01-31,0.19997343921801608,0.10040450879730736,0.30315838341061796,0.008759797996277262,0.29440735501968435,0.33663259752310853,0.314922035137907,0.07066768472437429,0.0969353235001677,0.07796985433343016,0.1265352997312487,0.1729909490314952,0.007196747543730453,0.16432742994045663
2016-02-07,0.20566308799047206,0.11617348290520416,0.4778248577696401,0.14766516622296044,0.5971756784143513,0.29440735501968435,0.33663259752310853,0.314922035137907,0.09499379298577976,0.07700796646183956,0.11928198257439243,0.19294412727972599,0.011512120891728372,-0.04659802940436264
2016-02-14,0.20718576595020313,0.11937104237343124,0.4444479886417663,0.10593098576926786,0.27905123229471285,0.5971756784143513,0.29440735501968435,0.33663259752310853,0.09227682695079689,0.07797410583461732,0.11275399713322182,0.19463274143603204,0.010858633249672067,-0.035152620614329964
2016-02-21,0.20643007150337866,0.11555393349016099,0.42148818136714905,0.07570968268211106,0.2963135596744987,0.27905123229471285,0.5971756784143513,0.29440735501968435,0.08909977701816213,0.07151631460544543,0.10687881023616824,0.18841094009167167,0.00935149057970186,0.2186892009648295
2016-02-28,0.22453380900969633,0.1701187459534072,0.5961654761245302,0.2821906354515049,0.6791658201019863,0.2963135596744987,0.27905123229471285,0.5971756784143513,0.09027646217839724,0.09109447820959056,0.054002128162686236,0.21627366391009376,0.010205145607614874,-0.02409755157906053
2016-03-06,0.2370240310116576,0.20726530289212305,0.5754761639644851,0.25716264117642684,0.3129871642956937,0.6791658201019863,0.2963135596744987,0.27905123229471285,0.09062358430066658,0.10927420155629679,0.055335185623078764,0.2082747021849418,0.008839297562954762,0.0060790460763821925
2016-03-13,0.24770130859092487,0.23876354990830717,0.5799217332390845,0.36789265185645476,0.3585004629023784,0.3129871642956937,0.6791658201019863,0.2963135596744987,0.09121545693626484,0.12615537323538112,0.05664158193426344,0.1967979412974536,0.01114122250029137,-0.006079046076382226
2016-03-20,0.2557455306422888,0.26229029902427425,0.5741975829581031,0.359154109057014,0.34016324394368136,0.3585004629023784,0.3129871642956937,0.6791658201019863,0.09286163947543372,0.14388044668612415,0.05792185031922442,0.18742639462296873,0.008951155807991107,0.041797128678461457
2016-03-27,0.2659990618006774,0.29198856741721047,0.6075457457034971,0.41158536585365846,0.4123716042977192,0.34016324394368136,0.3585004629023784,0.3129871642956937,0.0950620407250734,0.16207598562765568,0.06046073416883427,0.18444447696243169,0.00997554184148619,-0.01176484157958637
2016-04-03,0.2729572778393671,0.31188157830697105,0.5948694286250606,0.38643758382594,0.3315877474112815,0.4123716042977192,0.34016324394368136,0.3585004629023784,0.09494437220904989,0.1796918849812561,0.06433841052541975,0.17659804338668264,0.009391376874972046,-0.048680702704935415
2016-04-10,0.2739650963902042,0.3147293490206623,0.5456435612252637,0.31912535393174696,0.27591007857978955,0.3315877474112815,0.4123716042977192,0.34016324394368136,0.09505968735475293,0.18541747009427634,0.06931666281935214,0.17445385166478947,0.006671455337761145,0.0004347691133978711
2016-04-17,0.27471790284636416,0.31684390838331267,0.5460395086115969,0.31971213551239364,0.3499875859449324,0.27591007857978955,0.3315877474112815,0.4123716042977192,0.09835911254405216,0.1910704056217734,0.07389665492976993,0.161446547889434,0.007295506599545476,0.01454840109436657
2016-04-24,0.27651150557921095,0.3218846886093527,0.560010528064207,0.339495057374199,0.3712742118962456,0.3499875859449324,0.27591007857978955,0.3315877474112815,0.10228924097923742,0.1987062620869468,0.0781102476713543,0.15268478683260106,0.008814423821624118,0.027762796977356476
2016-05-01,0.28032200366402854,0.3325413968554556,0.5869811873981494,0.3780549898167005,0.3912045815355475,0.3712742118962456,0.3499875859449324,0.27591007857978955,0.10688890327059641,0.21236759131794075,0.08198675299361191,0.1511817650346792,0.009538558776336359,-0.018018505502678365
2016-05-08,0.2815235453592613,0.3358295203955926,0.5653764215008164,0.35156249999999994,0.3221557737750422,0.3912045815355475,0.3712742118962456,0.3499875859449324,0.11167801187275322,0.2160157439931979,0.08555313789008892,0.1463282533312973,0.008702565576587773,0.01258711550547136
2016-05-15,0.28344388192711945,0.34108620825585256,0.5785531017845339,0.35976782363977483,0.36831613896570514,0.3221557737750422,0.3912045815355475,0.3712742118962456,0.1141008066176773,0.21940331433450816,0.08883421199484773,0.1383764268857701,0.009550333328444793,0.046995965878521014
2016-05-22,0.28915115551297027,0.3566994384287816,0.6263531719712697,0.38533536585365846,0.4202126549222973,0.36831613896570514,0.3221557737750422,0.3912045815355475,0.11825450523330727,0.23186883492308402,0.09185280017122585,0.14141755168255685,0.01273534967396639,-0.03267562846406811
2016-05-29,0.2903035202497283,0.3596732098288635,0.5823599139677074,0.319520218228498,0.3000494375447777,0.4202126549222973,0.36831613896570514,0.3221557737750422,0.1223140690361183,0.22823765852065725,0.09621091102664997,0.14902331083041293,0.011546119910944341,-0.02690745291992438
2016-06-05,0.28849049503652413,0.3545495943624796,0.5491587323258647,0.11432926829268292,0.30874918225933934,0.3000494375447777,0.4202126549222973,0.36831613896570514,0.1219610634880478,0.224865851861261,0.10013321079653167,0.1449924061279908,0.011244361689491278,0.10795714150509236
2016-06-12,0.2970901812633701,0.3776085619130158,0.6526121802051114,0.4115853658536584,0.5121562272688726,0.30874918225933934,0.3000494375447777,0.4202126549222973,0.12429207679047355,0.2336416248564923,0.10366328058942523,0.15925851574036765,0.01694324491031285,0.08541425147544715
2016-06-19,0.31242988791182724,0.41775553013687794,0.7174403781720816,0.3763815220044828,0.4781563278404542,0.5121562272688726,0.30874918225933934,0.3000494375447777,0.1284340085545011,0.2554638924895765,0.10850614139965897,0.1775959820128927,0.021211520049875254,-0.0418735795430558
2016-06-26,0.31945638295172407,0.4351674711678409,0.6601679815627836,0.2995135544508311,0.2861767969373917,0.4781563278404542,0.5121562272688726,0.30874918225933934,0.13172755031799915,0.27572742672029754,0.11444786001418777,0.17563759807619247,0.018992016977303017,-0.002555478717363698
2016-07-03,0.32410078331785325,0.4460504928498644,0.65679798884851,0.2949258194811247,0.3454775996309221,0.2861767969373917,0.4781563278404542,0.5121562272688726,0.1341397548964811,0.2945435656488243,0.12275715299125092,0.16331700833264642,0.018534063434846537,-0.007863736460214576
2016-07-10,0.32627499810866273,0.4504589915976402,0.6459277691169099,0.28088173283916634,0.33747151748441334,0.3454775996309221,0.2861767969373917,0.4781563278404542,0.13661079373297486,0.31021712664271783,0.1299031449515252,0.1531876152033858,0.01310010763647984,-0.056848864232152525
2016-07-17,0.3215796989986497,0.4376519139247791,0.5742784963462627,0.17993837899722753,0.2635905991308261,0.33747151748441334,0.3454775996309221,0.2861767969373917,0.13879119133489048,0.30715527784350166,0.1360486980373611,0.1546437652904308,0.01267910263854155,0.0027816429618767705
2016-07-24,0.3175561948295553,0.4266882058478285,0.5770016609018153,0.1846735994971546,0.3535272152788171,0.2635905991308261,0.33747151748441334,0.3454775996309221,0.14102218639869624,0.29756434385254876,0.1737999527074959,0.14900308071165844,0.017918778327107532,0.0
2016-07-31,0.3138321328527545,0.416606394170744,0.5770016609018153,0.1846735994971546,0.3493318534230299,0.3535272152788171,0.2635905991308261,0.33747151748441334,0.1429754837646865,0.291571160000252,0.17294395838259638,0.14111728428317055,0.02421227642944146,5.5554012402752426e-05
2016-08-07,0.3103905709303884,0.4073442497863573,0.5770644599143292,0.18476830390715304,0.3494156417408567,0.3493318534230299,0.3535272152788171,0.2635905991308261,0.14438868264212884,0.28284124997957344,0.1721050839441949,0.135067350150547,0.024544248151606496,0.016473747938807865
2016-08-14,0.30883511989584506,0.4028930250290942,0.5964636593481023,0.21308492249671684,0.37417808087620963,0.3494156417408567,0.3493318534230299,0.3535272152788171,0.14650671593055198,0.27639505965423805,0.17128298699456143,0.1288068313811623,0.02599251806103009,-0.053308553454507
2016-08-21,0.301961952531551,0.3851976966894868,0.5238227057573478,0.12311573299810306,0.2689302077713775,0.37417808087620963,0.3494156417408567,0.3493318534230299,0.1472609711182627,0.2549409172042429,0.1704773319839206,0.13264718881602894,0.02428520800520495,0.01436321221896425
2016-08-28,0.29755213938238784,0.3737627677884318,0.5416369020188553,0.14688653990773673,0.3709949041796813,0.2689302077713775,0.37417808087620963,0.3494156417408567,0.1473645194123634,0.24439898214284805,0.16872090127254677,0.14456863126373581,0.026104376306066435,-0.017249217108099194
2016-09-04,0.2921114565746665,0.35977237790350314,0.5191808188907463,0.09428748420950332,0.32331603885253424,0.3709949041796813,0.2689302077713775,0.37417808087620963,0.14777635921844567,0.22991954204426168,0.16703472778962783,0.13829788125834977,0.02561783415108909,0.01753325153498103
2016-09-11,0.2892362360021773,0.35231256302768577,0.5424772174431177,0.12564832134875123,0.3757760576957994,0.32331603885253424,0.3709949041796813,0.2689302077713775,0.14907777300566571,0.21776861049261304,0.1654160012460257,0.13125386866836058,0.026288983621309825,0.03334666262504739
2016-09-18,0.28999113359981554,0.3540729095801034,0.5853846592007316,0.1291677477944992,0.399626344237385,0.3757760576957994,0.32331603885253424,0.3709949041796813,0.1488683230471438,0.21464581171522434,0.16386202376416767,0.12970052867814827,0.02774902808284274,0.005314644183613519
2016-09-25,0.29085409030587067,0.35608848021790807,0.5921656411229244,0.1616942508710801,0.35734756780140203,0.399626344237385,0.3757760576957994,0.32331603885253424,0.1468444245715395,0.21174606999336332,0.1623702053815839,0.12546872463972314,0.029026566986684266,0.0
2016-10-02,0.2912627495791007,0.3569458301264128,0.5921656411229244,0.22580743263791725,0.3493318534230299,0.35734756780140203,0.399626344237385,0.3757760576957994,0.1457865846124881,0.20905345268020675,0.16093805973430356,0.11796565361098031,0.030987029912855846,0.0
2016-10-09,0.2913108207294823,0.356893837121928,0.5921656411229244,0.22580743263791725,0.3493318534230299,0.3493318534230299,0.35734756780140203,0.399626344237385,0.14478640222628825,0.20655316517513272,0.15956319991291437,0.10844047952656405,0.031028505772660253,0.0
2016-10-16,0.29107583199842535,0.35613612904094955,0.5921656411229244,0.23828626444159173,0.3493318534230299,0.3493318534230299,0.3493318534230299,0.35734756780140203,0.14396272261412368,0.2042314696347069,0.15824333448438074,0.09959567501960608,0.0311125230892344,-0.04470017891790694
2016-10-23,0.286257834243392,0.3439432289328478,0.5105165792829455,0.06498716302952502,0.2819136303982751,0.3493318534230299,0.3493318534230299,0.3493318534230299,0.14343321429201789,0.18472143689313797,0.15697626367298853,0.10273312671849877,0.03067750048701079,-0.014794616911473829
2016-10-30,0.28086607411362957,0.33030324103547126,0.48727273664301674,0.009314826700898735,0.32701814447042477,0.2819136303982751,0.3493318534230299,0.3493318534230299,0.14254246362571998,0.17668596931979924,0.15575987569405195,0.10595498166337723,0.030431624289867898,-0.05012492918784181
2016-11-06,0.27188966085771826,0.3075032771790188,0.4197609977536317,0.0,0.2737318505395471,0.32701814447042477,0.2819136303982751,0.3493318534230299,0.14065976736934382,0.15882507053182898,0.15459214323427287,0.10812401894215601,0.029389576428209274,-0.015361285161487206
2016-11-13,0.26344180702149445,0.2858126138232439,0.4019740152182539,0.0,0.32616347750073293,0.2737318505395471,0.32701814447042477,0.2819136303982751,0.13848172313774865,0.14602799230645652,0.1522012209301196,0.10251543270811263,0.028964038227708322,-0.009393829382090685
2016-11-20,0.2560443731833003,0.2665751904398541,0.3911917139007317,0.0,0.33516378296627886,0.32616347750073293,0.2737318505395471,0.32701814447042477,0.13577417058404767,0.13645500172046676,0.148909020158051,0.09603486865409998,0.027739484808358306,6.250195320632168e-05
2016-11-27,0.250383363331574,0.2516452960547845,0.39131881580324346,0.07043172035998438,0.34942612084483343,0.33516378296627886,0.32616347750073293,0.2737318505395471,0.13418564561773028,0.13679785954193974,0.1448998277662705,0.10144481322256144,0.029870678740111956,0.0
2016-12-04,0.2461418576603804,0.24028697434427468,0.39131881580324346,0.08959681433549034,0.3493318534230299,0.34942612084483343,0.33516378296627886,0.32616347750073293,0.1323017726761938,0.13711622751902175,0.13943665335273844,0.09673751015214656,0.030653686455369922,0.06062462181643484
2016-12-11,0.24851573088095819,0.24647435263543768,0.5119417469426828,0.22959183673469385,0.4407678246731245,0.3493318534230299,0.34942612084483343,0.33516378296627886,0.1319487671281233,0.12089023973357914,0.13462905986883025,0.10158308781090301,0.0309027241197537,0.023256862164267183
2016-12-18,0.2527726032785916,0.2576814198016421,0.5513842144874855,0.28558984569437523,0.3844085881968684,0.4407678246731245,0.3493318534230299,0.34942612084483343,0.13170636998511487,0.11082975932730647,0.13039837760299108,0.09836987931065182,0.03181525190821244,-5.747291590411711e-05
2016-12-25,0.2562688354719764,0.2668711472060458,0.5512765590597576,0.2854498506719762,0.3492451709542769,0.3844085881968684,0.4407678246731245,0.3493318534230299,0.13076031511628589,0.10150389427983615,0.09937337432017027,0.09027011230210837,0.03157896608376198,-0.04100401388186975
2017-01-01,0.255321764328094,0.2643255890697189,0.4806352015384678,0.18759333001493278,0.28748830335861153,0.3492451709542769,0.3844085881968684,0.4407678246731245,0.12887761885990973,0.09342968588031973,0.0999766493260818,0.0917084557598232,0.03140005176446348,0.005970166986503754
2017-01-08,0.2552627269547325,0.26412243381825434,0.49176888796534046,0.20159283225485314,0.3583362480168488,0.28748830335861153,0.3492451709542769,0.3844085881968684,0.12711259111955714,0.08238242694589802,0.10056785883187513,0.08662968696399792,0.031853619286259516,-0.005970166986503796
2017-01-15,0.2548091362270989,0.26286991973278095,0.4817252581116744,0.18759333001493278,0.34032745882921095,0.3583362480168488,0.28748830335861153,0.3492451709542769,0.12522989486318098,0.07385878639749692,0.10114724414755258,0.08062824178969172,0.030823345976710215,5.9878446770883715e-05
2017-01-22,0.2546025360711819,0.262268814176496,0.48185147783902516,0.197826514555468,0.3494221639894862,0.34032745882921095,0.3583362480168488,0.28748830335861153,0.12334837529196496,0.0675667814809398,0.10171504175691651,0.07493978116865664,0.03155336820747667,0.005910288539732783
2017-01-29,0.2551263812231747,0.2636127706916713,0.49499728813828536,0.2124311565696302,0.35824593745039235,0.3494221639894862,0.34032745882921095,0.3583362480168488,0.1225246956798004,0.0596306224619048,0.10227148341409315,0.07105877484362899,0.03180862283537511,-0.005311701187967552
2017-02-05,0.2551910224867212,0.2637366169913417,0.48425763081095463,0.27244087666256417,0.34132057776373287,0.35824593745039235,0.3494221639894862,0.34032745882921095,0.12189869917455531,0.05425794428067225,0.10281679623812623,0.06872757437850423,0.031172797021481458,0.011246436707782165
2017-02-12,0.2564116129189752,0.26694788325494845,0.5112723668437713,0.31055436718012464,0.3662940848179317,0.34132057776373287,0.35824593745039235,0.3494221639894862,0.12248704175467284,0.04492170522817175,0.10335120280567867,0.0651488980963159,0.03159967163364552,-5.917334834117921e-05
2017-02-19,0.25748752152534904,0.26978056869134,0.5111346868553077,0.31035270850013774,0.3492426063083167,0.3662940848179317,0.34132057776373287,0.35824593745039235,0.12336837893968894,0.03625234039370705,0.10387492124188005,0.05940920386158604,0.031118586983571284,-0.05123412103920935
2017-02-26,0.25383933745596754,0.25997874180741637,0.410628142581659,0.14015278259103056,0.27205893232259604,0.3492426063083167,0.3662940848179317,0.34132057776373287,0.12343427330866213,0.04541241814380227,0.1043881653093574,0.06491579401056029,0.03090598567068792,0.00279894444893999
2017-03-05,0.2513809180183576,0.2532912490944368,0.41783025356385434,0.19523281596452338,0.35355330992858636,0.27205893232259604,0.3492426063083167,0.3662940848179317,0.12355194182468565,0.07021704936072833,0.12953712461574843,0.07941280901248471,0.031300433166344455,0.030583423372080185
2017-03-12,0.2523646439838451,0.25586683593110787,0.4930045432391683,0.27838137472283825,0.3954587394372022,0.35355330992858636,0.27205893232259604,0.3492426063083167,0.1242579529208267,0.09070263357363016,0.12880556869236223,0.08035408301134317,0.03163647888353882,-0.006042314455962586
2017-03-19,0.25276105966665896,0.2568648881408567,0.4808005243135189,0.2617516629711753,0.3402186437348558,0.3954587394372022,0.35355330992858636,0.27205893232259604,0.12366961034070917,0.10972496177132475,0.12808864388744387,0.0748008952622266,0.030641529230317488,0.0
2017-03-26,0.25323830395745445,0.2580868438113305,0.48080052431351883,0.2617516629711753,0.3493318534230299,0.3402186437348558,0.3954587394372022,0.35355330992858636,0.12261059369649757,0.13151811512525552,0.12738605757862378,0.07221525493726952,0.03424454217571338,-0.0024271856576111883
2017-04-02,0.25355524100404625,0.25887980352773327,0.47534184779054944,0.31984394691971224,0.3456710952795818,0.3493318534230299,0.3402186437348558,0.3954587394372022,0.12150568633103681,0.1529818693878478,0.1266975229959801,0.07097120422731673,0.03412840388098459,-0.0036518604187709613
2017-04-09,0.25363387147879796,0.2590294050342655,0.46678110136214457,0.3073337534287197,0.34382400208712965,0.3456710952795818,0.3493318534230299,0.3402186437348558,0.12115268078296626,0.17291249834596922,0.12602275910498936,0.0655740438743575,0.03289796318557947,-0.030962225603966925
2017-04-16,0.2511247444339639,0.25212463626052084,0.4018345242042655,0.2030821410037809,0.30263364590702385,0.34382400208712965,0.3456710952795818,0.3493318534230299,0.12009366413875466,0.19830415469604473,0.1253614904918184,0.06621835551918515,0.032440515948863435,0.0
2017-04-23,0.24934421382683256,0.24715339730231423,0.4018345242042655,0.2030821410037809,0.3493318534230299,0.30263364590702385,0.34382400208712965,0.3456710952795818,0.11915231601056658,0.2011693808063585,0.12471344725091085,0.07060870935930705,0.03388289858223281,0.0031397200046678463
2017-04-30,0.24842755660639843,0.24451787904222713,0.4122184697287755,0.2135073022462748,0.354067278395237,0.3493318534230299,0.30263364590702385,0.34382400208712965,0.11826862545523004,0.20384669672782613,0.12407836487482146,0.06512175139488349,0.0359846561337136,0.033901551675681416
2017-05-07,0.2509256172479691,0.2512824393580004,0.5141073854907878,0.25217414007538297,0.40046324544617756,0.354067278395237,0.3493318534230299,0.30263364590702385,0.11791561990715954,0.1914133269745047,0.09295932844644123,0.07923127593739752,0.04415619529745474,-0.0122566246690391
2017-05-14,0.25197393219767683,0.25407765748595285,0.4839498844504884,0.2199714703452993,0.3308460246082158,0.40046324544617756,0.354067278395237,0.3493318534230299,0.11743082562114271,0.1798680550607062,0.09371866871600851,0.07631632539414646,0.0312512861858405,0.023106640693105075
2017-05-21,0.2550492090744807,0.2624565335213157,0.545094494233742,0.2810123517739657,0.3841820194248616,0.3308460246082158,0.40046324544617756,0.354067278395237,0.11717195488589094,0.17591489066120786,0.09446282218018445,0.07746592233853296,0.03280552706424711,0.14553193889023516
2017-05-28,0.27185284238928775,0.30796085392336137,0.7704280486738821,0.41158536585365846,0.5688277245994284,0.3841820194248616,0.3308460246082158,0.40046324544617756,0.11998893915949382,0.2001901325103333,0.09519209257507685,0.10596481385388307,0.04171297573480892,0.060682550323526575
2017-06-04,0.2915512330577329,0.3597761062484762,0.8217823375267613,0.3776422764227642,0.44085519427891,0.5688277245994284,0.3841820194248616,0.3308460246082158,0.1252193046967388,0.23372884800429528,0.09768436157956964,0.11925225308462072,0.051091406489736535,0.0
2017-06-11,0.3067090540650078,0.3982589301520734,0.8217823375267613,0.37116900593741337,0.3493318534230299,0.44085519427891,0.5688277245994284,0.3841820194248616,0.13039671940177328,0.26487194096297423,0.10278777139106174,0.12248963481962898,0.056584235048648956,-0.04693822153769126
2017-06-18,0.31300910823350614,0.41350694283193234,0.7068588397958406,0.2740658465606118,0.2785381437641694,0.3493318534230299,0.44085519427891,0.5688277245994284,0.13387970747606914,0.28360545283858585,0.10758497661386429,0.1373475832329816,0.05162126133464806,0.046889439860079755
2017-06-25,0.32254726973380843,0.4362729578775465,0.7524795951022382,0.34436025517039454,0.42005198901350077,0.2785381437641694,0.3493318534230299,0.44085519427891,0.1385852714318493,0.3010008567230824,0.11406566961741063,0.13852117403905448,0.05524193610820749,-0.00029274004892896146
2017-07-02,0.3293588366731186,0.45176824459966236,0.7518030707057649,0.3439110896201723,0.3488903336263594,0.42005198901350077,0.2785381437641694,0.3493318534230299,0.14328377527666808,0.31715373175868633,0.12002790718067324,0.13137123077425647,0.0512150392868822,0.01966579455294324
2017-07-09,0.3362094299474286,0.4668655800944887,0.7705334521543105,0.37437948611024846,0.37899242649510334,0.3488903336263594,0.42005198901350077,0.2785381437641694,0.14850825738811196,0.336184119670232,0.12551316573887486,0.1274057245452784,0.054235211902875946,0.014252022707201413
2017-07-16,0.3424288561531601,0.47999080579069536,0.7838346039715137,0.39683776362136114,0.37082720464282243,0.37899242649510334,0.3488903336263594,0.42005198901350077,0.15415634615724044,0.3553933901115851,0.13055960361242033,0.12428906481562775,0.05715530082594178,0.10516710072794952
2017-07-23,0.3592708922532837,0.5166538852691575,0.8606270262164974,0.3654503619763512,0.5079481995626071,0.37082720464282243,0.37899242649510334,0.3488903336263594,0.16315916431819916,0.39050354304599394,0.13520232645608218,0.1569504483306297,0.06251860931165432,0.027184350756724464
2017-07-30,0.3749593217954674,0.5488654876761736,0.8757394894352833,0.39644582524381755,0.3903321506582122,0.5079481995626071,0.37082720464282243,0.37899242649510334,0.1729256511481505,0.4231058279136594,0.1451524768797575,0.17006675958840745,0.3111971498566266,-0.008298802814695066
2017-08-06,0.38493393673889953,0.5672097926525481,0.8537905529961235,0.3867470754198612,0.33681533665411284,0.3903321506582122,0.5079481995626071,0.37082720464282243,0.1823979666880431,0.4533793781479201,0.15410761226106526,0.15939096909054046,0.3096958944627115,-0.06453852113757118
2017-08-13,0.38322688134411187,0.5602563496706134,0.710051620025729,0.3117576021539436,0.2519928154802179,0.33681533665411284,0.3903321506582122,0.5079481995626071,0.18945807764945366,0.43690407897536215,0.16216723410424225,0.1822565973004668,0.30619296521024353,-0.040821994520255166
2017-08-20,0.37565991104840385,0.54126063560315,0.640388556695201,0.26721373139056065,0.2877628307142781,0.2519928154802179,0.33681533665411284,0.3903321506582122,0.19569568568385992,0.4216055868865583,0.16942089376310152,0.18099366873434325,0.3034023963603776,-0.05226842854575683
2017-08-27,0.362497093515356,0.510927331116882,0.5671491541038071,0.2038012242633423,0.27049895704194543,0.2877628307142781,0.2519928154802179,0.33681533665411284,0.20019062299595808,0.3944556026865322,0.23470383069283515,0.18174911771878835,0.29669678893422446,0.047628048989254664
2017-09-03,0.356555349341547,0.49631103306363034,0.6163450808151956,0.16891328284007875,0.4211659826529957,0.27049895704194543,0.2877628307142781,0.2519928154802179,0.2027875671445969,0.37105813268762133,0.23350171435327502,0.18297763874854225,0.2982098188802489,-0.043733204727713526
2017-09-10,0.34586545410967307,0.4719324064946697,0.5604339874961903,0.09020266348042308,0.2833720514424809,0.4211659826529957,0.27049895704194543,0.2877628307142781,0.20288170195741567,0.3493319105457755,0.23232364034050604,0.18166320722184187,0.2971265600862081,0.03438734230947573
2017-09-17,0.34052334828690367,0.4592111088131586,0.5956114367017118,0.14897724963961262,0.4011959302381698,0.2833720514424809,0.4211659826529957,0.27049895704194543,0.2038230500856038,0.32915756141406155,0.2311691278079924,0.1776018289335505,0.297939004181738,-4.694945891611746e-05
2017-09-24,0.3354990050083686,0.4473618795096149,0.5955481697686776,0.11901154051301951,0.34926104276480163,0.4011959302381698,0.2833720514424809,0.4211659826529957,0.20586930557925265,0.3027256603767661,0.2300377055261291,0.1805277205567549,0.29294070681141005,0.021459253557692234
2017-10-01,0.3333064950754963,0.44167875744496565,0.6186472557558224,0.16046088759537155,0.3816973780656548,0.34926104276480163,0.4011959302381698,0.2833720514424809,0.20735428225146935,0.2837071706744663,0.22755409751790015,0.17632892271053582,0.2951719844360916,0.026706944245422113
2017-10-08,0.33405041558781245,0.4422606815626079,0.6468273323883793,0.2141300885003537,0.38961211106482346,0.3816973780656548,0.34926104276480163,0.4011959302381698,0.20953938659402593,0.27417282863232423,0.22516983383000042,0.17213438651320748,0.29683808355953367,-0.015783867701262
2017-10-15,0.33196433364752614,0.43692025787261013,0.6211969812430435,0.18223837319179037,0.32552612515444307,0.38961211106482346,0.3816973780656548,0.34926104276480163,0.2108337402702845,0.26009303619504004,0.2228809406896167,0.16390750844578392,0.2946892277996165,-0.004647144907082722
2017-10-22,0.32903760041472796,0.42991398219821675,0.6135666264350408,0.17294421615900898,0.3423228825562814,0.32552612515444307,0.38961211106482346,0.3816973780656548,0.21165506651212862,0.23517901475956476,0.2206836032748483,0.16395522908356625,0.29203995357506063,0.03596961603612379
2017-10-29,0.33041681586448707,0.4319417497079435,0.6552223746823875,0.2645905923344948,0.40358236549573956,0.3423228825562814,0.32552612515444307,0.38961211106482346,0.21065370744076856,0.21935615677101078,0.21857415935667066,0.1620970816486537,0.2939945292251771,0.008815653241682972
2017-11-05,0.3318755280845516,0.4340852706774192,0.6651536111263768,0.2842878919860626,0.36262790034597847,0.40358236549573956,0.3423228825562814,0.32552612515444307,0.2091251934176232,0.20854017531976504,0.21654909319522012,0.15456144501713462,0.29490705701363584,0.004313638200109781
2017-11-12,0.3328235012574602,0.43513768375758044,0.6702240672065324,0.31660412757973727,0.3558378189306221,0.36262790034597847,0.40358236549573956,0.3423228825562814,0.2079485082573881,0.20582281412612818,0.16794750532040673,0.15397844158014165,0.37218932978195607,0.0425596144187959
2017-11-19,0.3382753804829946,0.4452451386507901,0.7179277053008956,0.40650406504065034,0.41352160939701577,0.3558378189306221,0.36262790034597847,0.40358236549573956,0.20971353599774079,0.20580078928647105,0.16907070229368645,0.155378104068847,0.37588065186817055,0.02061928720273561
2017-11-26,0.3444663836066194,0.45653688657345826,0.739029599914004,0.41158536585365846,0.3804305142538621,0.41352160939701577,0.3558378189306221,0.36262790034597847,0.21312592296242255,0.21020974506899998,0.17141995743674623,0.1496078399854968,0.3795484248501664,0.0
2017-12-03,0.3484384719158284,0.46314712682757164,0.739029599914004,0.35617964352720444,0.3493318534230299,0.3804305142538621,0.41352160939701577,0.3558378189306221,0.21783266360336295,0.22069064550015688,0.17520191534641757,0.1468206287787514,0.38421114748538443,-0.020619287202735703
2017-12-10,0.3478993804913013,0.46081091594821455,0.6891038172644934,0.31660412757973727,0.3182331925921976,0.3493318534230299,0.3804305142538621,0.41352160939701577,0.2207743765039507,0.20826364614393733,0.18076958808228896,0.154554632079581,0.32606252189441154,0.0
2017-12-17,0.34655948022991057,0.45696864373152146,0.6891038172644934,0.31660412757973727,0.3493318534230299,0.3182331925921976,0.3493318534230299,0.3804305142538621,0.22479863975195474,0.1948156930502951,0.1858918469992906,0.1571985836822234,0.6521175316245778,-0.04255961441879589
2017-12-24,0.33915253966147596,0.4414805507303805,0.5957510442425094,0.23745309568480297,0.28514209744904406,0.3493318534230299,0.3182331925921976,0.3493318534230299,0.22679900452435442,0.18232830803477024,0.1906043252029321,0.1590109588098714,0.6488913043466749,-0.030414385539876743
2017-12-31,0.32877310201311627,0.42038559066364206,0.5413366380586604,0.12847343205574924,0.3034599156114597,0.28514209744904406,0.3493318534230299,0.3182331925921976,0.22798980990651235,0.16722873437216162,0.19493980515028234,0.1613108924487865,0.6476903000315426,0.12176416412810469
2018-01-07,0.33570068515636037,0.4330528995437424,0.6915398318644926,0.38414634146341453,0.5329804152931666,0.3034599156114597,0.28514209744904406,0.3493318534230299,0.23203643017256081,0.1686357412628468,0.1953180420903287,0.18968248936420318,0.6601948743714461,0.08004270767353636
2018-01-14,0.35180504061208023,0.46268085262964476,0.7592977306783293,0.41158536585365846,0.4700547956589043,0.5329804152931666,0.3034599156114597,0.28514209744904406,0.2378610217157246,0.1825061842656649,0.1953180420903287,0.20202904129639432,0.6674715475748929,-0.04855942156178589
2018-01-21,0.3564017342173914,0.4699349815489665,0.6758537112026444,0.3270470383275261,0.27609299863414927,0.4700547956589043,0.5329804152931666,0.3034599156114597,0.24257482246762635,0.19538588133971024,0.20497990068574132,0.20893036485945163,0.6668961369878712,0.0667087400674633
2018-01-28,0.3687747867537613,0.4911149583315162,0.7293969452238226,0.41158536585365846,0.4499440841666295,0.27609299863414927,0.4700547956589043,0.5329804152931666,0.2495196182833339,0.2129551386214582,0.21348233624970445,0.215968605072743,0.668862487190097,-0.0414966825026685
2018-02-04,0.3711493103216808,0.49362154041113937,0.665743661033933,0.33339245001394185,0.286745244969174,0.4499440841666295,0.27609299863414927,0.4700547956589043,0.2541910583694673,0.22377688024721237,0.22324602695672738,0.22759447833183147,0.6674495409370005,-0.0258274895405241
2018-02-11,0.36811787144746555,0.4864311338286983,0.6301078289308638,0.28633830596880255,0.31037801717082125,0.286745244969174,0.4499440841666295,0.27609299863414927,0.2578258388294335,0.23231910930798733,0.2316428009647671,0.23209124873931822,0.6663839439711241,0.000384689368083203
2018-02-18,0.3646494161168381,0.47861932079849007,0.6304683265017976,0.2870302786753489,0.3499120540897949,0.31037801717082125,0.286745244969174,0.4499440841666295,0.2613558943101388,0.22990913631456616,0.2832229841570111,0.23073940527437012,0.6673730063482912,0.01904819497069441
2018-02-25,0.3635509943245657,0.4751485285697716,0.6490173080851308,0.3216289140026571,0.37806094327995754,0.3499120540897949,0.31037801717082125,0.286745244969174,0.26429760721072654,0.23529909206508293,0.28231555923386153,0.23578280539001373,0.6743553157490094,0.0
2018-03-04,0.3615945062954743,0.47024492720422106,0.6490173080851308,0.2676341326927538,0.3493318534230299,0.37806094327995754,0.3499120540897949,0.31037801717082125,0.26665097753119676,0.2528632077351096,0.2378517379995271,0.2538345966533548,0.6788885183110276,-0.0037807228399060443
2018-03-11,0.3584425507596109,0.46335427063142043,0.6425166531595788,0.2618760833663176,0.3436296477096326,0.3493318534230299,0.37806094327995754,0.3499120540897949,0.2688866793356434,0.26917274371442007,0.23911385670371252,0.2428313497662813,0.6779642159704595,-0.034685557987889984
2018-03-18,0.35002597870761315,0.44741284541162607,0.5856609190185834,0.21005363942839197,0.2970179982937196,0.3436296477096326,0.3493318534230299,0.37806094327995754,0.27065170707599606,0.27428188675860854,0.24035073303381418,0.23724165316688528,0.6751559852924309,0.019418085857101516
2018-03-25,0.34521747614969966,0.437980134839121,0.6092956457358986,0.2388438860605729,0.37861882440880973,0.2970179982937196,0.3436296477096326,0.3493318534230299,0.2730050773964663,0.2764029879246648,0.24156287183731381,0.22819488387575498,0.6760508512527252,-0.019810319633457946
2018-04-01,0.33778116196568264,0.42409195789251997,0.5774050272686663,0.20947783449574842,0.31945330305541353,0.37861882440880973,0.2970179982937196,0.3436296477096326,0.2759350234454517,0.27553030683460805,0.2427507678647435,0.22249374810531777,0.6753384908501223,0.01981031963345803
2018-04-08,0.3339347587349749,0.41662857244408386,0.6029273143121917,0.2058269759918062,0.3792104037906464,0.31945330305541353,0.37861882440880973,0.2970179982937196,0.280275815001559,0.27867036328573724,0.24317214471506268,0.21578584618248223,0.6759203126807671,-0.04122271582395434
2018-04-15,0.32443516048415766,0.3993634670290349,0.5391431447926416,0.04115853658536585,0.2871584501753729,0.3792104037906464,0.31945330305541353,0.37861882440880973,0.27998164371150025,0.2718854602706493,0.3009576732087964,0.218555199158557,0.6750548831007457,-0.01820070464684639
2018-04-22,0.3138876156626315,0.3803296085800824,0.5140441534746936,0.0,0.32188097526564474,0.2871584501753729,0.3792104037906464,0.31945330305541353,0.27668692526284194,0.26558519318521057,0.2996275715299126,0.20762956263685045,0.6739539624785413,0.002038736689848309
2018-04-29,0.30536667776897314,0.3649235393088426,0.5170448483146751,0.043803261827799075,0.3524067405526177,0.32188097526564474,0.2871584501753729,0.3792104037906464,0.27497367166953973,0.25300034063813837,0.2983240718846063,0.20172629913184031,0.6826082582787567,-0.002038736689848317
2018-05-06,0.29798515248178226,0.3515696902801638,0.513978570328889,0.039670878636497285,0.3462569662934421,0.3524067405526177,0.32188097526564474,0.2871584501753729,0.27109061064076384,0.2509510178923606,0.29548545755497757,0.20421445989049247,0.6792701727558166,0.0
2018-05-13,0.2918531941001797,0.3404628523973186,0.513978570328889,0.039670878636497285,0.3493318534230299,0.3462569662934421,0.3524067405526177,0.32188097526564474,0.26853720384305363,0.24831260388902443,0.29276038779853397,0.19688405304429893,0.6802239114766566,-0.004089985251525166
2018-05-20,0.2862246314470531,0.3302630095350755,0.5070043706850473,0.031406112253893705,0.34316320836320396,0.3493318534230299,0.3462569662934421,0.3524067405526177,0.26666627443827984,0.2450804085370687,0.2901443208323481,0.1842927415852968,0.678911048916488,-0.08999645383308315
2018-05-27,0.27014481933119844,0.30103030251170076,0.38795340776087983,0.01763937282229965,0.213596356545069,0.34316320836320396,0.3493318534230299,0.3462569662934421,0.26231253934540993,0.22807434927925396,0.2876328965448097,0.20216605781442654,0.6766856585678616,0.05581221664315186
2018-06-03,0.2644974988488286,0.290660405875505,0.4771330451865788,0.09290069686411155,0.43350960304824626,0.213596356545069,0.34316320836320396,0.3493318534230299,0.2588766186775235,0.21228300853985455,0.282225241976524,0.2115642133607951,0.6831440003997225,0.013479563828240015
2018-06-10,0.2618514401761587,0.2857772221942252,0.4972144139756319,0.15992069429896758,0.36966215774055133,0.43350960304824626,0.213596356545069,0.34316320836320396,0.2558172372609122,0.19761962071041222,0.27714204668233555,0.20705098262714075,0.6868941952464827,-0.06036314972709058
2018-06-17,0.25220453171496343,0.26784337266944874,0.427334152570603,0.04573170731707316,0.25829024264443445,0.36966215774055133,0.43350960304824626,0.213596356545069,0.25122816513599533,0.18954510217510306,0.2723638431057983,0.20915880885041432,0.684833648627384,0.01762160134981941
2018-06-24,0.24700137515013632,0.2580429492130963,0.4533817901940044,0.09260670731707316,0.37590930967968766,0.25829024264443445,0.36966215774055133,0.43350960304824626,0.24816878371938406,0.18204733496374453,0.2678723317438533,0.19954706585409507,0.6899261424145857,-0.01762160134981956
2018-07-01,0.24097516941954322,0.2465760273428452,0.43400760224806206,0.05144817073170731,0.32275439716637194,0.37590930967968766,0.25829024264443445,0.36966215774055133,0.2440503856585612,0.17794502072115126,0.263650311063625,0.19242149973839734,0.6873475155026849,0.0088496152769826
2018-07-08,0.23764573660503296,0.24011592929556727,0.4479913728501002,0.07202743902439024,0.3626791229613154,0.32275439716637194,0.37590930967968766,0.25829024264443445,0.2407674340615053,0.1741357289244576,0.25968161162421055,0.1801489420869596,0.6905737427805878,0.03335808537557517
2018-07-15,0.2395763927501484,0.24366352647375475,0.49983170333433613,0.15921854942233618,0.39964357239085735,0.3626791229613154,0.32275439716637194,0.37590930967968766,0.2377904206061105,0.15792558741928558,0.25595103415116083,0.17608003549198054,0.6911801322142086,-0.002986987499276384
2018-07-22,0.24102408721898178,0.246306750860663,0.495692072951776,0.1516367137355584,0.3448267844440398,0.39964357239085735,0.3626791229613154,0.32275439716637194,0.23596655860774607,0.14086218814637513,0.25244429132649404,0.16497472528671545,0.6865291841310999,-0.021599111803461815
2018-07-29,0.23973128990466586,0.24371221629421555,0.46600386823343737,0.09748074454428754,0.31675539015256504,0.3448267844440398,0.39964357239085735,0.3626791229613154,0.2340838623513699,0.13237440783553134,0.24914795307130735,0.15851898825923183,0.6854989108215506,-0.06774598853238821
2018-08-05,0.23085122088154844,0.22641022712657186,0.39045194983363146,0.0,0.24715521175237742,0.31675539015256504,0.3448267844440398,0.39964357239085735,0.23037730409662932,0.14219230941976718,0.24604939511143184,0.16537883108696735,0.6846746921739104,0.02765153133050995
2018-08-12,0.2275831861188327,0.2197988329334094,0.4338808819674346,0.13095898004434586,0.39103676716934843,0.24715521175237742,0.31675539015256504,0.3448267844440398,0.22743559119604162,0.15866844371946504,0.24145648157298313,0.1756050218758414,0.6854164889567862,0.06595796779179737
2018-08-19,0.2336586928019117,0.23142411864897874,0.526834982325172,0.30605065666041276,0.44881174568506316,0.39103676716934843,0.24715521175237742,0.31675539015256504,0.2262589060358065,0.15022674251616347,0.23499231840031473,0.1940988895127894,0.6869530680070284,-0.030239885189718235
2018-08-26,0.23498463130768033,0.23382304537433737,0.4900223081823416,0.23217636022514068,0.3037231025563373,0.44881174568506316,0.39103676716934843,0.24715521175237742,0.22437620977943035,0.14745068524094124,0.2291745715449132,0.21127176660424107,0.671457757431404,-0.022173857494321967
2018-09-02,0.23366526685319988,0.2310554555784055,0.4650270500890503,0.20579268292682923,0.3158885405312226,0.3037231025563373,0.44881174568506316,0.39103676716934843,0.22437620977943035,0.14487291777109212,0.2239385993750518,0.22079078172681824,0.6709064140288943,-0.06006424074265002
2018-09-09,0.2259244906859136,0.21554937674049796,0.4069106316171535,0.048421807747489234,0.25874106662467233,0.3158885405312226,0.3037231025563373,0.44881174568506316,0.22134036206602375,0.14247927654908937,0.21922622442217657,0.22063174815050351,0.6564060531064921,-0.02409755157906053
2018-09-16,0.2176048243151855,0.1985736548639323,0.3868837885931885,0.0023385532150774725,0.3129871642956937,0.25874106662467233,0.3158885405312226,0.3037231025563373,0.2173396325212244,0.1460357011611077,0.21498508696458887,0.21045759860552873,0.6554523143856521,0.0
2018-09-23,0.211653870248949,0.1860469852432204,0.3868837885931885,0.0023385532150774725,0.3493318534230299,0.3129871642956937,0.25874106662467233,0.3158885405312226,0.21498626220075417,0.14933809544369614,0.2101918422417727,0.20075308491241559,0.655923225822705,-0.02469261259037152
2018-09-30,0.20489911430425112,0.17158896796308798,0.3659929650383047,0.0,0.31208967446578545,0.3493318534230299,0.3129871642956937,0.25874106662467233,0.2115738752360724,0.15798199349559294,0.20597378688569448,0.1917417507688105,0.6549694871018641,0.0
2018-10-07,0.20031902407619734,0.16132388674665932,0.3659929650383047,0.0010263974210813842,0.3493318534230299,0.31208967446578545,0.3493318534230299,0.3129871642956937,0.20863216233548465,0.166119905891443,0.20065010746655418,0.17720394457447147,0.6571536665181092,0.04879016416943204
2018-10-14,0.20294982202953915,0.16600021888766578,0.44276506289142614,0.10366613952922565,0.42291872150761056,0.3493318534230299,0.31208967446578545,0.3493318534230299,0.20663179756308497,0.15164428974991917,0.19539404487110154,0.1801582565090387,0.6602798101030851,0.004750602758597799
2018-10-21,0.2062907897015645,0.17224409567704085,0.4500255291157829,0.11393011374004008,0.35649686269221786,0.42291872150761056,0.3493318534230299,0.31208967446578545,0.20384305373332778,0.13384079479303318,0.16779971624497517,0.18675788289711362,0.6637003174907896,-0.029336078231212447
2018-10-28,0.20627710864335286,0.17150022340697146,0.41753596388302944,0.05131987105407214,0.30508625278470153,0.35649686269221786,0.42291872150761056,0.3493318534230299,0.20041889991704365,0.12466412067735001,0.16794750532040673,0.19609972134578288,0.6551637672116648,0.00048792389355408
2018-11-04,0.2070173326592138,0.1723497180018158,0.41834833561047113,0.052346268475153515,0.3500677556648341,0.30508625278470153,0.35649686269221786,0.42291872150761056,0.1975948555324794,0.11614292328421565,0.16794750532040673,0.1811220869809847,0.6575598885658742,-0.007343974255758506
2018-11-11,0.20746700416315933,0.17259661952079006,0.4099192080766884,0.03695030715893188,0.33825543927327717,0.3500677556648341,0.30508625278470153,0.35649686269221786,0.19635933611423256,0.11509520636887986,0.169218491369118,0.17711221459425067,0.6568946263717086,-0.04266644631890283
2018-11-18,0.20386548350223616,0.1641305563094511,0.36503519608024987,0.0,0.284980970199849,0.33825543927327717,0.3500677556648341,0.30508625278470153,0.1934176232136448,0.10231527343166093,0.19972215653818873,0.17428857356843985,0.6561881532451599,-0.04242584410222964
2018-11-25,0.1973491906762192,0.14910686601139414,0.3281603448642354,0.017378048780487855,0.2853438540695918,0.284980970199849,0.33825543927327717,0.3500677556648341,0.18775776759291396,0.09905997834777984,0.1989388744384015,0.17745112628915213,0.6532033042854941,-0.015637956852531602
2018-12-02,0.19146004984911158,0.135060367400451,0.315858076817136,0.0,0.32574619250941955,0.2853438540695918,0.284980970199849,0.33825543927327717,0.18258035288787955,0.09729634098902042,0.1968124852210925,0.17138966333967717,0.6491351965317875,0.005420067469339113
2018-12-09,0.18825678938466414,0.12665960735442577,0.3260166452047709,0.010553470919324577,0.35750657053385426,0.32574619250941955,0.2853438540695918,0.284980970199849,0.17810894927898613,0.09565867772731525,0.19366181130290852,0.16550407291381394,0.6515548669902147,0.010752791776261697
2018-12-16,0.18773984508391345,0.1241452357418627,0.34697637563916556,0.03292682926829268,0.36554955392579797,0.35750657053385426,0.32574619250941955,0.2853438540695918,0.1754025734104454,0.09376917865519331,0.1907001778198156,0.15901052534153756,0.6569770482364721,-0.021622464013165657
2018-12-23,0.1860605182504314,0.11891599468494318,0.3267609107758612,0.0,0.31672016961161764,0.36554955392579797,0.35750657053385426,0.32574619250941955,0.1728138660579282,0.0829246617687648,0.18791624234570822,0.16197892164313157,0.6510014630410854,0.016260520871780326
2018-12-30,0.18730805732552222,0.12033199516189447,0.3595223332181796,0.03207158694963572,0.37385648507261837,0.31672016961161764,0.36554955392579797,0.35750657053385426,0.1705781642534815,0.0728547532313669,0.1843088119578151,0.1579224280731003,0.6530678969362391,-0.04959694113937206
2019-01-06,0.18428863339816448,0.11183948107868108,0.3139386032254301,0.05594364196069144,0.27452817880640956,0.37385648507261837,0.31672016961161764,0.36554955392579797,0.16787178838494077,0.08254478549003107,0.18098997600095343,0.1694524864241602,0.6504303972637926,0.09633687393968592
2019-01-13,0.1926342255599423,0.12983901254251207,0.47236071514068484,0.19899952640303104,0.49463017235596796,0.27452817880640956,0.37385648507261837,0.31672016961161764,0.16727167895322087,0.08020334708417122,0.17525205666995244,0.1831154940085362,0.6523261001533633,-0.004628447450187061
2019-01-20,0.19953372261273428,0.14470605474530115,0.4669607124277469,0.19180677243665636,0.3423510826518851,0.49463017235596796,0.27452817880640956,0.37385648507261837,0.1653889826968447,0.07802915427872996,0.17008792927205155,0.18166267111973222,0.6513488123283047,-0.020834086902842025
2019-01-27,0.20353059481659952,0.15299671201601542,0.4427355463095379,0.15983897703054697,0.3179092248936787,0.3423510826518851,0.49463017235596796,0.27452817880640956,0.16291794386035102,0.07601026095939163,0.16544021461394073,0.1728580369409544,0.6506423392017568,-0.023969190112996277
2019-02-03,0.20493503756689146,0.15534115142492982,0.41655402024626664,0.15948932926829265,0.31318076311691534,0.3179092248936787,0.3423510826518851,0.49463017235596796,0.1606351746494949,0.08151936130253894,0.161257271421641,0.16583920622388226,0.6446667540063693,0.04480327701583832
2019-02-10,0.2113837337176124,0.1695913619153815,0.485185600581587,0.2469512195121951,0.4169055722584957,0.31318076311691534,0.3179092248936787,0.3423510826518851,0.15934082097323626,0.07330844527556023,0.12361078269094347,0.1683198396053088,0.6552226399722105,-0.008281620831721986
2019-02-17,0.21620154638869796,0.18016417310522073,0.47484961887463617,0.3062960862166762,0.33684125106403534,0.4169055722584957,0.31318076311691534,0.3179092248936787,0.15803470044537526,0.06568402325050858,0.12440884369827385,0.16406751243933002,0.6507247610665203,0.021594669481459928
2019-02-24,0.2228505368867082,0.19512351257958152,0.5078440454704589,0.26254606071240566,0.38190161664300903,0.33684125106403534,0.4169055722584957,0.31318076311691534,0.15822297007101294,0.07593689897178581,0.12519094348545753,0.17850079469607721,0.6548223052005007,-0.008171649149319336
2019-03-03,0.22769459950887072,0.20596918368039702,0.4962791356509467,0.24675381645902794,0.33700711383215187,0.38190161664300903,0.33684125106403534,0.4169055722584957,0.15917608505080338,0.08545742642725747,0.12759285883187518,0.16722257311909094,0.6523555365336362,-0.025975486403260677
2019-03-10,0.22921467738830406,0.20914351656976748,0.4609524632396622,0.19740305316722234,0.31015480362357206,0.33700711383215187,0.38190161664300903,0.33684125106403534,0.15988209614694443,0.08519661116399839,0.1298986975644361,0.16060627553215195,0.6497298114132981,-0.0015801952195176946
2019-03-17,0.23067697177489255,0.21221620454282641,0.45884200957867566,0.1944420073697139,0.3469485530356255,0.31015480362357206,0.33700711383215187,0.38190161664300903,0.1604351381722549,0.0816113630733686,0.1321123027476945,0.15047768933762776,0.6480990359461831,0.006829551105661417
2019-03-24,0.23295011314982927,0.2172196363460847,0.47132823134534907,0.20727320582558345,0.35963239831449545,0.3469485530356255,0.31015480362357206,0.33700711383215187,0.16090581223634892,0.08526688800113406,0.13423736372362263,0.14698562324521022,0.6505540300609383,-0.010526412986987504
2019-03-31,0.23403251324593824,0.2194724184884706,0.45553967112328436,0.18753290050886123,0.3334555845671327,0.35963239831449545,0.3469485530356255,0.31015480362357206,0.16161182333248997,0.0886613040054877,0.13627742226051362,0.14052937649965136,0.6484228361291846,0.0
2019-04-07,0.23526064044083336,0.2220896228818527,0.45553967112328436,0.18753290050886123,0.3493318534230299,0.3334555845671327,0.35963239831449545,0.3469485530356255,0.16196482888056052,0.08202514656965117,0.18523882714589737,0.1473887460177456,0.6499535279033726,0.0
2019-04-14,0.23658894553711496,0.22496635344824106,0.4555396711232843,0.16376075564469172,0.3493318534230299,0.3493318534230299,0.3334555845671327,0.35963239831449545,0.16337685107284267,0.07424073426145193,0.1841540553322298,0.1409037047884342,0.651431234193069,-0.011173300598125189
2019-04-21,0.23683507215924657,0.22531295532488524,0.43636988807882476,0.1334568352495515,0.33247992822088573,0.3493318534230299,0.3493318534230299,0.3334555845671327,0.16243550294465453,0.06531979871091319,0.18309097895483564,0.13501042534760618,0.6500065133878632,-0.037616863571306836
2019-04-28,0.23361218345418022,0.21742452707543422,0.37981415690705267,0.05607430052502161,0.29259691054059345,0.33247992822088573,0.3493318534230299,0.3493318534230299,0.1607881437203254,0.06864566314424943,0.1820491641049893,0.13442278763536034,0.6476045047575996,-0.00557104504945536
2019-05-05,0.2309265216661005,0.21070676754796816,0.37228352776668056,0.044859440420017285,0.34092942715277,0.29259691054059345,0.33247992822088573,0.3493318534230299,0.15949379004406683,0.07173396583234741,0.18102818555213998,0.1275784407123223,0.646462373203013,-0.016901810802603254
2019-05-12,0.22760139089109047,0.20234003380602633,0.3498718169172404,0.011214860105004321,0.3238400080256139,0.34092942715277,0.29259691054059345,0.33247992822088573,0.1583759391418435,0.07886883309243463,0.18002762657034757,0.12122297571235839,0.6455969436229916,0.127833371509885
2019-05-19,0.23854136271474635,0.2283185782717421,0.5909341579521923,0.25724085365853655,0.5421341857422697,0.3238400080256139,0.34092942715277,0.29259691054059345,0.15908195023798455,0.094128681624443,0.1310002364625207,0.161597513312685,0.6602739228270309,-0.002503130218118477
2019-05-26,0.24716853096738,0.24869334861518053,0.586440653502199,0.25209603658536583,0.34555655329246354,0.5421341857422697,0.3238400080256139,0.34092942715277,0.15991739670175142,0.10829854097559359,0.13218254906597307,0.16129605537155842,0.6553168363890842,-0.05406722127027582
2019-06-02,0.2484304628276429,0.25158648090862223,0.5003892376875113,0.14405487804878048,0.26778596098661317,0.34555655329246354,0.5421341857422697,0.3238400080256139,0.15902311597997276,0.10464161527429026,0.13334121541735636,0.17412767503797635,0.6542747885274256,-0.026811257450656815
2019-06-09,0.24690772186719712,0.24786998069698274,0.46537067229393875,0.09260670731707316,0.3088942673072753,0.26778596098661317,0.34555655329246354,0.5421341857422697,0.15772876230371413,0.1012458985516514,0.13447670844171197,0.16830360146358542,0.6528677295503833,0.0
2019-06-16,0.24594805810756937,0.24546863085808485,0.46537067229393875,0.09260670731707316,0.3493318534230299,0.3088942673072753,0.26778596098661317,0.34555655329246354,0.15702275120757309,0.09669980785850725,0.1355894916055805,0.15775375083177712,0.6581250670671128,0.0
2019-06-23,0.24544048803815097,0.24413262210055298,0.46537067229393875,0.09260670731707316,0.3493318534230299,0.3493318534230299,0.3088942673072753,0.26778596098661317,0.1563520406662391,0.08820855818718402,0.1366800191061717,0.1530992432721147,0.6604093301762859,-0.03878602503515642
2019-06-30,0.24147447985479764,0.2344420621426369,0.4146323962044757,0.020579268292682924,0.29083354425817837,0.3493318534230299,0.3493318534230299,0.3088942673072753,0.15470468144190996,0.07745849851449,0.19011586663513833,0.1500626461163252,0.659390831418845,-0.022858138076050208
2019-07-07,0.2364805344834258,0.22210791814751848,0.38856222355992864,0.0,0.3148564869245651,0.29083354425817837,0.3493318534230299,0.3493318534230299,0.1528219851855338,0.06783726607849659,0.1889926696618586,0.14338661202282954,0.6583311217290229,-0.01749315744751723
2019-07-14,0.23128362582615236,0.20906339315460853,0.369783167407664,0.017514270887389723,0.3229481203205341,0.3148564869245651,0.29083354425817837,0.3493318534230299,0.1505862833810871,0.06561040777493875,0.1865547410735399,0.14747100213290268,0.6528795041024926,0.0
2019-07-21,0.22762339302816717,0.19960700161020986,0.369783167407664,0.017514270887389723,0.3493318534230299,0.3229481203205341,0.3148564869245651,0.29083354425817837,0.14835058157664044,0.06354261077877792,0.18260075668006628,0.14470787764352433,0.6587491183288972,0.0
2019-07-28,0.22520882060766417,0.19311332921051105,0.369783167407664,0.025724085365853654,0.3493318534230299,0.3493318534230299,0.3229481203205341,0.3148564869245651,0.14636198365584308,0.06318704463406204,0.17888401135020102,0.13712888143418886,0.6650543909833404,-0.02985296314968116
2019-08-04,0.22107026167476618,0.18212996771708517,0.33598197909949085,0.0,0.30430667060952826,0.3493318534230299,0.3493318534230299,0.3229481203205341,0.14459695591549043,0.06576751113128955,0.1741074592764247,0.13266213325331425,0.6639534703611361,-0.006079046076382226
2019-08-11,0.21781012232105662,0.17317051273664438,0.32949491446075574,0.02286585365853658,0.34016324394368136,0.30430667060952826,0.3493318534230299,0.3493318534230299,0.1428319281751378,0.07382332808922666,0.16831884624071888,0.13622711198302717,0.6599736717482481,0.0151288815963
2019-08-18,0.21718456944378534,0.17084898832086665,0.36538050289939594,0.04192073170731707,0.37214971094095284,0.34016324394368136,0.30430667060952826,0.3493318534230299,0.1417140772729144,0.08130372955016828,0.16135775660008514,0.131824775905807,0.6630586044008417,-0.027398974188114388
2019-08-25,0.21481185323162333,0.16393233518483363,0.3334412372417733,0.010137570587528537,0.30800785434337946,0.37214971094095284,0.34016324394368136,0.30430667060952826,0.1372426736640211,0.09327350690878146,0.15523199771632748,0.12902233798371385,0.659155340376663,-0.039665256392431514
2019-09-01,0.2101154351687237,0.15072970719727916,0.29461327580893554,0.06781804323725044,0.2895074597285394,0.30800785434337946,0.37214971094095284,0.34016324394368136,0.13208879266219126,0.12032902406263209,0.14984132989862073,0.13798908440255778,0.6573538339039651,-0.0019286409064054857
2019-09-08,0.20692491070840846,0.14121663463948547,0.292864406877501,0.09098202824133508,0.34642301623467087,0.2895074597285394,0.30800785434337946,0.37214971094095284,0.12813513052380138,0.14545200427692195,0.14141024506065017,0.13050436832269366,0.6538803410317691,-0.002577321014300515
2019-09-15,0.20489602771637017,0.1346110597483101,0.2903892151070496,0.08664955070603336,0.3454446563881453,0.34642301623467087,0.2895074597285394,0.30800785434337946,0.12472274355911955,0.16215384566188618,0.13415951209999552,0.12458263128250892,0.652655787612419,-0.02813401128679693
2019-09-22,0.201672974614528,0.12457371934466341,0.2645085669031603,0.04007541720154031,0.30689924815320163,0.3454446563881453,0.34642301623467087,0.2895074597285394,0.12080438197553667,0.1820841613517477,0.12792388175383254,0.12011223192202643,0.6512605031874861,0.001988731182474702
2019-09-29,0.20006030002779776,0.11873174723556335,0.2697714850167192,0.13658400782226085,0.35233132066548994,0.30689924815320163,0.3454446563881453,0.34642301623467087,0.11692132094676083,0.213385581969597,0.12256123965613233,0.13022959271940687,0.6548281924765549,-0.04607861196407571
2019-10-06,0.1958547202665365,0.10545558671047078,0.23208742801550822,0.07594171898438795,0.27983463409935716,0.35233132066548994,0.30689924815320163,0.3454446563881453,0.11306179362118973,0.2424511868290285,0.11471308709029515,0.12998344305203238,0.5787351494712576,0.005532517569725698
2019-10-13,0.19381130950312797,0.09793590044579395,0.24641070047891106,0.08344213567420415,0.3576761713303285,0.27983463409935716,0.35233132066548994,0.30689924815320163,0.10976707517253143,0.2694406770556434,0.10812063893499194,0.12062821189865859,0.580754485157974,0.0068728792877620504
2019-10-20,0.19359429043156148,0.09547266212901609,0.26492333719900196,0.10474794657972289,0.3596977472485452,0.3576761713303285,0.27983463409935716,0.35233132066548994,0.10694303078796719,0.2982480327496732,0.10258298248453723,0.11849698399068632,0.5842986253428242,0.023689771122404665
2019-10-27,0.1961744020472116,0.10108099475733326,0.32769355965599206,0.15362796385624022,0.385061515173799,0.3596977472485452,0.3576761713303285,0.27983463409935716,0.10453082620948523,0.3151690854641651,0.09793135106615528,0.11536108562720478,0.5884727040655138,-0.025060573256183258
2019-11-03,0.19698907008187033,0.10168304916381124,0.30053527744743624,0.11120830219444272,0.31153470455665844,0.385061515173799,0.3596977472485452,0.3576761713303285,0.10168324812171625,0.33088149155619334,0.09405296760463469,0.11077810075233431,0.5865534520717244,-0.006191970247921107
2019-11-10,0.19793864259607136,0.10271311051402318,0.2941492957064676,0.10089000611454592,0.3399929281381076,0.31153470455665844,0.385061515173799,0.3596977472485452,0.09931811094964371,0.3465017167654098,0.09076613856703716,0.10485139268831704,0.582220416895562,-0.003456622867910871
2019-11-17,0.1992012839836751,0.10471329386995426,0.29045675011001637,0.10383460597523919,0.3441184655337048,0.3399929281381076,0.31153470455665844,0.385061515173799,0.09701180803558296,0.3618627749614982,0.08800520217545524,0.09754839710513089,0.5770984867280875,-0.011142176553241848
2019-11-24,0.20009477967207823,0.1056734550193372,0.2784124553348172,0.0892434288420556,0.33252687048935475,0.3441184655337048,0.3399929281381076,0.31153470455665844,0.09422306420582574,0.37745339501285974,0.08568601560652639,0.09153831141051053,0.5716115454452293,-0.0007005254226933873
2019-12-01,0.20150711068175858,0.10823489156898763,0.2776375603991834,0.11365955709766287,0.34827529883365366,0.33252687048935475,0.3441184655337048,0.3399929281381076,0.09195206184657198,0.39498474743595685,0.08373789888862618,0.08775714136067606,0.5615737397721903,-0.0191021018734864
2019-12-08,0.2018915688323379,0.10775191605514184,0.25685094513639445,0.07263271162123397,0.32052145947106325,0.34827529883365366,0.33252687048935475,0.3441184655337048,0.0901046661450029,0.41126386040026136,0.07351028611965005,0.08386042121237491,0.5422104888287143,0.0
2019-12-15,0.20293915398345477,0.10930062404073898,0.25685094513639445,0.07263271162123397,0.3493318534230299,0.32052145947106325,0.34827529883365366,0.33252687048935475,0.08829257099824084,0.4039990069498047,0.07368467722865926,0.08834034536007516,0.5456780944248552,0.0
2019-12-22,0.20449434478854128,0.11246410917293767,0.25685094513639445,0.08493031358885025,0.3493318534230299,0.3493318534230299,0.32052145947106325,0.34827529883365366,0.08652754325788817,0.3975718430682782,0.07444029321352566,0.08118835383778866,0.5476091209707539,0.014184634991956381
2019-12-29,0.20752048845789406,0.12026497467774075,0.30860157853940623,0.13566221556070315,0.37072556836025045,0.3493318534230299,0.3493318534230299,0.32052145947106325,0.08550382716848365,0.365416945784477,0.07516568455899739,0.09254345694736676,0.5661187168863169,0.19166741921219227
2020-01-05,0.22693830949277702,0.17832083719142539,0.6906389001744391,0.32642977291841874,0.6384107145783315,0.37072556836025045,0.3493318534230299,0.3493318534230299,0.08797486600497736,0.3683403516506909,0.07665361532277135,0.134195264255426,0.5764920972944667,0.017291497110061043
2020-01-12,0.2442491092482981,0.22932210228601485,0.7096939576128729,0.3568424846810043,0.37541143602915217,0.6384107145783315,0.37072556836025045,0.3493318534230299,0.09159905629850146,0.37105494281217516,0.07897848191061721,0.12993806015874876,0.5817494348111962,0.02761516703297339
2020-01-19,0.2607482649288982,0.2770637458069336,0.7387906118128845,0.4065165805598942,0.39098192138615906,0.37541143602915217,0.6384107145783315,0.37072556836025045,0.09570568750772199,0.3779071667576531,0.0837077323244266,0.1286843777831608,0.5885610132063324,0.0
2020-01-26,0.27375059377337524,0.3139178070128387,0.7387906118128845,0.4065165805598942,0.3493318534230299,0.39098192138615906,0.37541143602915217,0.6384107145783315,0.099694650200919,0.38426994613559695,0.08812958146133837,0.11839358054358877,0.5913986802646338,-0.05660270390622568
2020-02-02,0.2784647222451874,0.32705910134737737,0.6171841433072649,0.3061546317433617,0.26396186591666293,0.3493318534230299,0.39098192138615906,0.37541143602915217,0.10210685477940096,0.37085090095349676,0.09219768266729725,0.12156375147370964,0.5835038430754578,0.0
2020-02-09,0.2820318707145027,0.33688583785568843,0.6171841433072649,0.3061546317433617,0.3493318534230299,0.26396186591666293,0.3493318534230299,0.39098192138615906,0.10495443286716988,0.35839035899868943,0.09594033577677938,0.11178157039909843,0.5838224860046353,0.0
2020-02-16,0.28465973686312296,0.3440290598664011,0.6171841433072649,0.3061546317433617,0.3493318534230299,0.3493318534230299,0.26396186591666293,0.3493318534230299,0.10790791261935995,0.34681985575493984,0.09938357663750294,0.10269811654410228,0.5857829489308068,0.0
2020-02-23,0.2865217508670548,0.3490080406736838,0.6171841433072649,0.3061546317433617,0.3493318534230299,0.3493318534230299,0.3493318534230299,0.26396186591666293,0.1109202266295618,0.3360758170286009,0.10255135822936864,0.09426348082160586,0.5907753590250806,0.0
2020-03-01,0.2877625187290923,0.35224988290813425,0.6171841433072649,0.3061546317433617,0.3493318534230299,0.3493318534230299,0.3493318534230299,0.3493318534230299,0.11412081026540133,0.32609920963985756,0.1054657172938851,0.08643131907928778,0.5934835060101822,-0.10536051565782628
2020-03-08,0.27922909313749433,0.32882939105098413,0.4378983840401832,0.13381593175537654,0.1904237927714662,0.3493318534230299,0.3493318534230299,0.3493318534230299,0.11533279598044344,0.30540737806117724,0.13898084653582407,0.10101117229052763,0.5925356545653964,-0.16521383007003743
2020-03-15,0.25969848652552013,0.274323179531912,0.3064866215630868,0.041596393357550505,0.10015113173303986,0.1904237927714662,0.3493318534230299,0.3493318534230299,0.11412081026540133,0.3148804275710141,0.1381709624024592,0.1299749543534433,0.5800722911578751,0.0
2020-03-22,0.24448433241602452,0.23056653480746375,0.3064866215630868,0.041596393357550505,0.3493318534230299,0.10015113173303986,0.1904237927714662,0.3493318534230299,0.11290882455035911,0.32367683068729114,0.1348692362260582,0.11959197307313678,0.5827804381429766,-0.03691035402009699
2020-03-29,0.2302615941037932,0.18830022551944212,0.28638104764488936,0.05751969398575972,0.2936624905817844,0.3493318534230299,0.10015113173303986,0.1904237927714662,0.11114379681000652,0.34094473613185683,0.13169957909671318,0.12756123773395578,0.5774406787614828,-0.06613980250454495
2020-04-05,0.2151775730346733,0.1417444012729014,0.2556405111667819,0.0063910771095288576,0.24957771229858894,0.2936624905817844,0.3493318534230299,0.10015113173303986,0.10820208390941871,0.35697921975895364,0.12642588526838497,0.12763422940907468,0.56411188577394,0.15048095093829597
2020-04-12,0.21431887329481078,0.1379551050746067,0.42798340219182746,0.12882171075231877,0.5762919810316258,0.24957771229858894,0.2936624905817844,0.3493318534230299,0.10396601733257238,0.3459188214846761,0.12146861306975645,0.14184190875312383,0.5676383641306266,-0.045120435280469544
2020-04-19,0.21097791534356405,0.12625184688205546,0.39877109360858704,0.09017519752662312,0.28127978646599794,0.5762919810316258,0.24957771229858894,0.2936624905817844,0.0986709341115144,0.3356484516585612,0.11680877720304567,0.13858105045757318,0.5634407363037193,0.0
2020-04-26,0.2090031790871393,0.11859426505969003,0.39877109360858704,0.09017519752662312,0.3493318534230299,0.28127978646599794,0.5762919810316258,0.24957771229858894,0.09279927516194125,0.3261116796771688,0.11242853148833751,0.12925442727860928,0.5688511429978673,0.14310084364067324
2020-05-03,0.21903113954998155,0.1492018917408866,0.5359278821926166,0.2591463414634146,0.5651610698857997,0.3493318534230299,0.28127978646599794,0.5762919810316258,0.08928098653283831,0.2977962421636249,0.10831110051651185,0.1446318237815887,0.5731841781740297,-0.04430025889657995
2020-05-10,0.22389317041579757,0.1636470876921609,0.4994331104810811,0.20960365853658533,0.2825168024177742,0.5651610698857997,0.3493318534230299,0.28127978646599794,0.0861627708582153,0.27150333590104836,0.10444071540299571,0.1457992899226056,0.5682212044600288,0.04430025889658002
2020-05-17,0.23174377692730921,0.18764758620665067,0.5374409506449502,0.2591463414634146,0.4161469044282857,0.2825168024177742,0.5651610698857997,0.3493318534230299,0.08380940053774513,0.25158692937759314,0.10080255339629055,0.14264139521697536,0.5764045181758792,-0.07616136096556403
2020-05-24,0.23230032736710945,0.18885495523376658,0.47792935835771777,0.17530487804878048,0.23446288099955934,0.4161469044282857,0.2825168024177742,0.5651610698857997,0.0801616765410163,0.23134779593312932,0.09738268110998768,0.14767882700362317,0.5717182464364425,0.0
2020-05-31,0.23313620410055333,0.1909654904906808,0.4779293583577177,0.17530487804878048,0.3493318534230299,0.23446288099955934,0.4161469044282857,0.2825168024177742,0.07651395254428747,0.20779566850051967,0.09416800116086299,0.14117306570389196,0.5981815523017273,0.0
2020-06-07,0.2341814005599745,0.1937704906139065,0.47792935835771777,0.25585036255767957,0.3493318534230299,0.3493318534230299,0.23446288099955934,0.4161469044282857,0.0728662285475587,0.185925835884525,0.09114620200868581,0.12999021932712485,0.6001008042955167,-0.06693948267510938
2020-06-14,0.23046927693960567,0.18140600151392255,0.42934654480275614,0.16947632711621233,0.24837160938373037,0.3493318534230299,0.3493318534230299,0.23446288099955934,0.07015985267901792,0.17619183560184526,0.08830571080563923,0.1311751578952001,0.5980755813327452,-0.015504186535965199
2020-06-21,0.22689063849193075,0.16920080699037965,0.41914982668783923,0.14526542324246772,0.3259479491299675,0.24837160938373037,0.3493318534230299,0.3493318534230299,0.06995981620177796,0.16935819032844351,0.0856356490747755,0.12327733894684788,0.5937366588805286,-0.007843177461025893
2020-06-28,0.224002854198528,0.15898032958227648,0.4138573638633163,0.13315997130559537,0.3375025252169554,0.3259479491299675,0.24837160938373037,0.3493318534230299,0.06964211120851446,0.16415524765580974,0.08312579104776355,0.11465820434519526,0.5893624127719841,-0.007905179507113261
2020-07-05,0.22168924662762815,0.15042782442567051,0.4083052524140186,0.11225055432372504,0.33740901177087307,0.3375025252169554,0.3259479491299675,0.24837160938373037,0.069759779724538,0.16052117344226474,0.08076652450237232,0.10665472221508925,0.587454935330304,0.0
2020-07-12,0.22039734806197,0.14510615093374993,0.4083052524140186,0.07096299411269974,0.3493318534230299,0.33740901177087307,0.3375025252169554,0.3259479491299675,0.07081879636874958,0.1571466759582587,0.07854881394970453,0.09793747180180805,0.588267379425834,0.06304931758610341
2020-07-19,0.22439367055620418,0.15750334399384444,0.48155825959309606,0.1793336236933796,0.4444248274888606,0.3493318534230299,0.33740901177087307,0.3375025252169554,0.07060699303990725,0.14053386881931418,0.07646416603019685,0.10552531818616212,0.6016550451739233,0.05508638956044594
2020-07-26,0.2321603503221553,0.18264511779469267,0.5398211427967567,0.2910496515679444,0.43241488769533587,0.4444248274888606,0.3493318534230299,0.33740901177087307,0.07199548152898469,0.13230151326784084,0.04380468195790968,0.10665812588342173,0.6028972604214369,0.0
2020-08-02,0.23864678395836608,0.20360885346733465,0.5398211427967567,0.2910496515679444,0.3493318534230299,0.43241488769533587,0.4444248274888606,0.3493318534230299,0.0733839700180621,0.12465718311290126,0.04456727358713647,0.09794063235097393,0.6034548619983937,-0.041762728361975164
2020-08-09,0.24089241689640548,0.2106458979004012,0.49533356622237656,0.20579268292682923,0.28634398619321944,0.3493318534230299,0.43241488769533587,0.4444248274888606,0.07173661079373295,0.1089560113564828,0.04531461338377868,0.09730140128144663,0.6009409951230928,-0.007380107297622534
2020-08-16,0.24240824376383896,0.21532715043408227,0.4878682517780934,0.19109320557491286,0.33820094227720415,0.28634398619321944,0.3493318534230299,0.43241488769533587,0.07073642840753311,0.09591772008885498,0.04604700638448808,0.09053769079875122,0.5987214920505206,-0.005943553900848106
2020-08-23,0.24344410877795983,0.21845961340814413,0.48161472841854863,0.23911149825783945,0.3403675975263604,0.33820094227720415,0.28634398619321944,0.3493318534230299,0.06887726585436169,0.08510076029635046,0.04676475152518328,0.08400001337775467,0.5974262913185155,-0.0014914245866699094
2020-08-30,0.24441942430320174,0.22141995500395764,0.47995838458842205,0.235191637630662,0.3470824397105395,0.3403675975263604,0.33820094227720415,0.28634398619321944,0.06828892327424413,0.07379445758991952,0.047468141763064575,0.07805785747321899,0.5945297514996675,0.0
2020-09-06,0.245445283973261,0.22457462593428018,0.47995838458842205,0.2494456762749444,0.3493318534230299,0.3470824397105395,0.3403675975263604,0.33820094227720415,0.06770058069412657,0.06329574793394797,0.04815746419618824,0.07138324025578567,0.5955600248092168,0.0074349784875179905
2020-09-13,0.2470445425977718,0.2296631303617711,0.4912162854348409,0.2702328159645231,0.3605455230321898,0.3493318534230299,0.3470824397105395,0.3403675975263604,0.06722990663003253,0.051818568225932324,0.048833000180649455,0.0664708269892089,0.5973085457974241,0.02919915469226235
2020-09-20,0.25071128889630073,0.24164474414279488,0.5350698999668954,0.35338137472283787,0.3933709416511232,0.3605455230321898,0.3493318534230299,0.3470824397105395,0.06828892327424413,0.04902846224012887,0.04949502544542142,0.06615127079253356,0.6058509833526031,0.03533936644530886
2020-09-27,0.25650156498693477,0.2606220696627659,0.5843627140632834,0.41158536585365846,0.40263180313774866,0.3933709416511232,0.3605455230321898,0.3493318534230299,0.07017161953062029,0.055249452468903434,0.05014381020489794,0.06932524309957129,0.615882901749587,0.0408219945202552
2020-10-04,0.2644350787423392,0.2864468638706435,0.6357464479289665,0.31835332165476354,0.41090087613178183,0.40263180313774866,0.3933709416511232,0.3605455230321898,0.07287799539916101,0.07983554732359203,0.05154548271985171,0.08152771126187919,0.6210990283339353,0.0
2020-10-11,0.2706844195962677,0.306559827128819,0.6357464479289665,0.31835332165476354,0.3493318534230299,0.41090087613178183,0.40263180313774866,0.3933709416511232,0.07570203978372528,0.10266549254580286,0.05482305406406188,0.07460524734525585,0.6232714331980711,0.006644542718668511
2020-10-18,0.2760885237565963,0.3237471431738885,0.6444132617069419,0.3297230831424337,0.3593533628162563,0.3493318534230299,0.41090087613178183,0.40263180313774866,0.078643752684313,0.1250295887503065,0.05790397112761944,0.06946269071514549,0.6249139832172954,0.05789397841890267
2020-10-25,0.28513273659944094,0.35205152089126657,0.712968972254966,0.41158536585365846,0.4366493819726155,0.3593533628162563,0.3493318534230299,0.41090087613178183,0.08167960039771954,0.15521418841027468,0.06080003316736357,0.0749710241840764,0.6313016777365021,0.0867509264086549
2020-11-01,0.2999260110137808,0.39710748983625815,0.7898552904233056,0.41158536585365846,0.480172343233236,0.4366493819726155,0.3593533628162563,0.3493318534230299,0.08552736087168833,0.19425484634201473,0.06464258052579758,0.08715585594237449,0.6340981338624223,0.13639262490555476
2020-11-08,0.3250553366675859,0.4702822871162751,0.869127638705996,0.40006824957793014,0.5550435223114683,0.480172343233236,0.4366493819726155,0.3593533628162563,0.0923756685042566,0.24301532841494955,0.07120445158175409,0.11505259053363727,0.6482511454976052,-0.03459144476961909
2020-11-15,0.340377021634496,0.5118288017577897,0.8005762778646608,0.358849096591113,0.2971599428248728,0.5550435223114683,0.480172343233236,0.4366493819726155,0.09910630762080141,0.2882929189112463,0.08315057712237633,0.12231774034187433,0.64293493522033,0.059284057359990545
2020-11-22,0.3579861571540608,0.5571804647684652,0.8333527637972418,0.41158536585365846,0.4387459429784314,0.2971599428248728,0.5550435223114683,0.480172343233236,0.10734310374244715,0.3336471999362681,0.0936631675981239,0.12764996074209348,0.6522309441104932,-0.02970515441391581
2020-11-29,0.3674770668977013,0.5787776434516994,0.7785836656372582,0.3768035039505324,0.30452960041773186,0.4387459429784314,0.2971599428248728,0.5550435223114683,0.11496802358077063,0.3659979506741147,0.10509749840726429,0.13671473410676743,0.647597657855548,-0.08381867188307147
2020-12-06,0.3650444893307031,0.5688866366187302,0.6549663967634604,0.2840518722088629,0.22291388259052614,0.30452960041773186,0.4387459429784314,0.2971599428248728,0.12073378086592262,0.38324210825501337,0.11493102290312504,0.14641746923786172,0.6454723511998486,0.13523758652077153
2020-12-13,0.3764811757358828,0.5941912175973529,0.7434107641205852,0.41158536585365846,0.5533014569033973,0.22291388259052614,0.30452960041773186,0.4387459429784314,0.12961775382569762,0.41113996038866957,0.12338785396956528,0.16892433043051097,0.6545976290844298,0.15653447118253463
2020-12-20,0.40356316793462527,0.6552195727946266,0.8188332935023368,0.38245885302155463,0.5854220916439451,0.5533014569033973,0.22291388259052614,0.30452960041773186,0.14256129058828376,0.448249662768816,0.1327637921322594,0.21219031174120787,0.6700929396600541,-0.00040824658660493365
2020-12-27,0.4231748236944286,0.6940982921674695,0.8182338488147595,0.3815297334674377,0.3487161230145371,0.5854220916439451,0.5533014569033973,0.22291388259052614,0.15502238643517346,0.48270867212180896,0.15021281626862146,0.20493292398048313,0.6430644552935298,-0.08474956175370199
2021-01-03,0.4259094640276367,0.6929112358952618,0.7072710803922877,0.29853870830777934,0.22150988505787841,0.3487161230145371,0.5854220916439451,0.5533014569033973,0.16455353623307784,0.49843652990181436,0.16761054622842278,0.21477616901836755,0.6411039923673592,0.05195973893071096
2021-01-10,0.43279132411282284,0.7005810503367271,0.7354741932467055,0.346304901637024,0.4276991743675863,0.22150988505787841,0.3487161230145371,0.5854220916439451,0.17479069712712314,0.5168617081711011,0.1818766847954599,0.21478966151987702,0.64613172611796,-0.012739025777429714
2021-01-17,0.4346616614442551,0.6970664816090492,0.7197891017627007,0.3343633533047129,0.33011845200559614,0.4276991743675863,0.22150988505787841,0.3487161230145371,0.184674852473098,0.5339708022782961,0.19357491842043037,0.2104316753054574,0.6435236628257863,0.00851068966790861
2021-01-24,0.4353117254216484,0.6910804243971305,0.7248550951087417,0.34151114505274205,0.3621679446426936,0.33011845200559614,0.4276991743675863,0.22150988505787841,0.1946766763350964,0.550293524580536,0.20316746999290616,0.19687267654208682,0.6461493879461244,-0.02575249610241474
2021-01-31,0.4306344102445837,0.6743894252392371,0.691179846401095,0.2988090478094476,0.3104911246450695,0.3621679446426936,0.33011845200559614,0.4276991743675863,0.20291347245674213,0.5587039910696202,0.2087372901395129,0.18942396000311654,0.644294895988935,-0.04445176257083381
2021-02-07,0.4196545670497414,0.6454810396142325,0.6379811606654541,0.23397617697107198,0.2822882997865281,0.3104911246450695,0.3621679446426936,0.33011845200559614,0.20826738993581184,0.5439337788616511,0.24686687160085127,0.19921808716187697,0.6427053314542013,0.0
2021-02-14,0.409316867691284,0.618824940089105,0.637981160665454,0.21631617239467846,0.3493318534230299,0.2822882997865281,0.3104911246450695,0.3621679446426936,0.210620760256282,0.5302185818113938,0.2456136202411918,0.18388916782382522,0.6432236119143893,0.0
2021-02-21,0.39960008101783995,0.5942402377674341,0.6379811606654539,0.21631617239467846,0.3493318534230299,0.3493318534230299,0.2822882997865281,0.3104911246450695,0.21377427648571207,0.5174830416932978,0.24438543390872544,0.16965517129563432,0.644713092756195,0.0
2021-02-28,0.39048049700841986,0.5715612586903132,0.6379811606654539,0.21631617239467846,0.3493318534230299,0.3493318534230299,0.3493318534230299,0.2822882997865281,0.2155393042260647,0.4827378116695597,0.24318181130290847,0.18458914696737347,0.6469973558653681,0.0
2021-03-07,0.381932733707388,0.5506361694967965,0.6379811606654539,0.21631617239467846,0.3493318534230299,0.3493318534230299,0.3493318534230299,0.3493318534230299,0.2180103430625584,0.45624980211653327,0.24006011936628044,0.18701594444530478,0.6504531869093997,0.0
2021-03-14,0.3739303884918574,0.5313257422039269,0.6379811606654539,0.2013873349742671,0.3493318534230299,0.3493318534230299,0.3493318534230299,0.3493318534230299,0.2223640781554283,0.4316537932458659,0.23706329510711752,0.18284217135532727,0.6536028795985933,0.022472855852058576
2021-03-21,0.36917400770286596,0.5190881915518548,0.6616389532334886,0.20021060291977238,0.3832261250907057,0.3493318534230299,0.3493318534230299,0.3493318534230299,0.22418794015379268,0.4088146421516749,0.23418634381832112,0.17742399022081462,0.6566289394906422,-0.04546237407675729
2021-03-28,0.35883262196354243,0.49571736232643904,0.589707327143125,0.1483111446253055,0.2807640635631594,0.3832261250907057,0.3493318534230299,0.3493318534230299,0.2206578846730874,0.382150043398892,0.2314244705810766,0.1765062478746662,0.653526345009884,0.0
2021-04-04,0.34968826613959325,0.47516174484020923,0.589707327143125,0.17520888370092763,0.3493318534230299,0.2807640635631594,0.3832261250907057,0.3493318534230299,0.21713959604398447,0.35739005884273645,0.2287730722733218,0.16279960277141525,0.6539080112292259,0.02298951822469878
2021-04-11,0.3443134111970232,0.46266130452634374,0.6173439911080273,0.22704583154143876,0.3840053716152247,0.3493318534230299,0.2807640635631594,0.3832261250907057,0.2165512534638669,0.33910080358302275,0.22622772989787718,0.15649923163788165,0.6557742777385238,0.0
2021-04-18,0.3392256730715735,0.4509530879854423,0.6173439911080273,0.2378290108758607,0.3493318534230299,0.3840053716152247,0.3493318534230299,0.2807640635631594,0.2145508886914672,0.32211792369900294,0.22378420121745038,0.14422165912297244,0.656833987428346,-0.01373019281190202
2021-04-25,0.3327843952925791,0.43663486615369806,0.5928774366666815,0.20524969431752363,0.32862354254880044,0.3493318534230299,0.3840053716152247,0.3493318534230299,0.21255052391906754,0.2981416278039357,0.2214384136842407,0.14104790777378343,0.6549500590908846,-0.025199653556315284
2021-05-02,0.32404688192927644,0.4177370433520856,0.5505791716105217,0.17418189464026296,0.3113249392510235,0.32862354254880044,0.3493318534230299,0.3840053716152247,0.20967941212809388,0.2733760185781536,0.21918645765235936,0.13681540737135378,0.6543709748436051,0.015940328143518524
2021-05-09,0.3184102044298123,0.405405087970518,0.5738881671258439,0.23263520678685046,0.373373560277071,0.3113249392510235,0.32862354254880044,0.3493318534230299,0.20791438438774124,0.25436316268041315,0.2170245798617533,0.130314337269875,0.6549891388293343,-0.02353049741019416
2021-05-16,0.31068508016357277,0.3888292914114247,0.5348056711997583,0.16380822253038585,0.3138424133204003,0.373373560277071,0.3113249392510235,0.32862354254880044,0.20673769922750612,0.23009386917856306,0.21494917718277143,0.12633434224359427,0.6545361129369356,0.011834457647002798
2021-05-23,0.30550291565577214,0.37763765559075546,0.55323188375121,0.19822171465861815,0.3671809565885438,0.3138424133204003,0.373373560277071,0.3113249392510235,0.20585518535732983,0.21297843992181886,0.21295679061094888,0.1271376920999732,0.6553426697564113,0.03468555798789011
2021-05-30,0.30509960229025684,0.37648921503870825,0.604767406489909,0.30146219104331506,0.4016457085523404,0.3671809565885438,0.3138424133204003,0.373373560277071,0.20585518535732983,0.1938217383561479,0.21104409950199918,0.12659821424557088,0.6573090199586371,0.044451762570833796
2021-06-06,0.30980872310497154,0.3859336685377307,0.6626530654379401,0.41158536585365846,0.41637540705953174,0.4016457085523404,0.3671809565885438,0.3138424133204003,0.20703187051756494,0.18710920107072326,0.16513951288720738,0.12931088446908273,0.6596403812762466,0.0
2021-06-13,0.31301475160522424,0.3921333354921179,0.6626530654379401,0.41158536585365846,0.3493318534230299,0.41637540705953174,0.4016457085523404,0.3671809565885438,0.20820855567780006,0.18087613073425757,0.16608240718846065,0.11897533675194484,0.6598739118555033,-0.039916607405442554
2021-06-20,0.31009720179410794,0.3857504046632775,0.5843586465215703,0.2691135084427767,0.2891283641843404,0.3493318534230299,0.41637540705953174,0.4016457085523404,0.20832622419382352,0.16290205426042736,0.1670064436036888,0.12094705264681864,0.6592086496613367,0.03948173025138312
2021-06-27,0.3121794880344336,0.38961324861686153,0.6370402966105093,0.41000234521575984,0.4088794471894755,0.2891283641843404,0.3493318534230299,0.41637540705953174,0.20890279992233873,0.15619147778452863,0.16791199929061243,0.12264938713424035,0.6606628068468154,0.0004348771540594625
2021-07-04,0.31335498694925035,0.391583972235604,0.6376057478015834,0.41158536585365846,0.3499877488952739,0.4088794471894755,0.2891283641843404,0.3493318534230299,0.21066782766269138,0.1500684779719731,0.16879944386379755,0.11291820521312378,0.6620522039956933,0.0
2021-07-11,0.31375209499979057,0.39195982683061875,0.6376057478015834,0.41158536585365846,0.3493318534230299,0.3499877488952739,0.4088794471894755,0.2891283641843404,0.21243285540304407,0.1443828352888858,0.16966913954551902,0.10375356315712583,0.662622480877995,0.07534943724178679
2021-07-18,0.32335363910089115,0.4106380496255044,0.7295623393948353,0.4033353251127165,0.4629762568176107,0.3493318534230299,0.3499877488952739,0.4088794471894755,0.21572757385170233,0.15774281562906733,0.17052144131360605,0.11953845981849591,0.6631556973575332,0.00040314453277322503
2021-07-25,0.3302929537064411,0.42362774964240435,0.7299909439360517,0.4042519963061544,0.3499398887526341,0.4629762568176107,0.3493318534230299,0.3499877488952739,0.21903405915196295,0.1701485116592359,0.17330923818931906,0.11002948699136104,0.664032901489664,0.0
2021-08-01,0.3350128465088982,0.43200608223889253,0.7299909439360517,0.4042519963061544,0.3493318534230299,0.3499398887526341,0.4629762568176107,0.3493318534230299,0.22269355000029412,0.18166808654439237,0.17598552319000357,0.1010711819512033,0.6652103567005776,-0.026548424637095443
2021-08-08,0.33439440605151893,0.4299659575623819,0.6641939653018042,0.34466836873268497,0.3092906800660575,0.3493318534230299,0.3499398887526341,0.4629762568176107,0.2262236054809994,0.1755634366621266,0.1785547567906607,0.10624993441340422,0.6644273489853205,0.03257617043461267
2021-08-15,0.337510156982918,0.4350693406674079,0.7059769713647609,0.4115853658536584,0.39846426355692605,0.3092906800660575,0.3493318534230299,0.3499398887526341,0.23029493613541285,0.17807710702276847,0.18102122104729154,0.10784516203999105,0.6652810040132326,0.0
2021-08-22,0.3391521329093142,0.43727474612993544,0.7059769713647609,0.4115853658536584,0.3493318534230299,0.39846426355692605,0.3092906800660575,0.3493318534230299,0.2349546093699439,0.18041122950050736,0.18463500098852123,0.09904288021064545,0.6656968929682794,-0.01860142595054555
2021-08-29,0.33711147790501417,0.4325264328335822,0.6590730587846535,0.356063586295687,0.3212765947267396,0.3493318534230299,0.39846426355692605,0.3092906800660575,0.23877883614070794,0.1723749342689574,0.18803195413327708,0.09935327361368777,0.6650080816698951,0.0
2021-09-05,0.33471807800233466,0.4271926365914684,0.6590730587846535,0.34538632099607713,0.3493318534230299,0.3212765947267396,0.3493318534230299,0.39846426355692605,0.24172054904129575,0.1649126601253752,0.1912250900893476,0.09115755524336382,0.6654346265946005,0.0
2021-09-12,0.3320755862265965,0.42147315072891056,0.6590730587846535,0.34538632099607713,0.3493318534230299,0.3493318534230299,0.3212765947267396,0.3493318534230299,0.2434855767816484,0.1579834055634775,0.19422663788805392,0.08354724532806303,0.6656628409635799,0.0
2021-09-19,0.3292680508668461,0.41552620022674297,0.6590730587846535,0.34538632099607713,0.3493318534230299,0.3493318534230299,0.3493318534230299,0.3212765947267396,0.24525060452200104,0.15154909775600106,0.19704809281883787,0.07648052897814084,0.6667990852421113,0.13353139262452257
2021-09-26,0.34545533679261536,0.44457190750654174,0.8196117820824035,0.41158536585365846,0.5507281213283419,0.3493318534230299,0.3493318534230299,0.3493318534230299,0.25219304696738803,0.17833451104422354,0.19970026045377473,0.11490917331818058,0.6702843526664166,0.0
2021-10-03,0.35724800048030253,0.46471091191238006,0.8196117820824035,0.41158536585365846,0.3493318534230299,0.5507281213283419,0.3493318534230299,0.3493318534230299,0.25808823962016597,0.20320668052614443,0.20661854087072415,0.10560231925467857,0.670578104192435,0.0
2021-10-10,0.3654631947371536,0.4778649180160518,0.8196117820824035,0.41158536585365846,0.3493318534230299,0.3493318534230299,0.5507281213283419,0.3493318534230299,0.2639716654213415,0.22630226647364243,0.21298335885431754,0.09696024048142671,0.6710806361891768,0.0
2021-10-17,0.3707819078814488,0.4855631409674821,0.8196117820824035,0.4115853658536585,0.3493318534230299,0.3493318534230299,0.3493318534230299,0.5507281213283419,0.26985509122251694,0.24774816771060482,0.2188389913992235,0.08893545304912141,0.6711831866507714,0.0
2021-10-24,0.3737706861011562,0.48902456561953694,0.8196117820824035,0.4115853658536585,0.3493318534230299,0.3493318534230299,0.3493318534230299,0.3493318534230299,0.27362048373526926,0.2676622188592127,0.224226173340537,0.08148386471912362,0.6717272651546304,0.0
2021-10-31,0.3748999565797231,0.4892218920907465,0.8196117820824035,0.4115853658536585,0.3493318534230299,0.3493318534230299,0.3493318534230299,0.3493318534230299,0.2773741093964192,0.2861538377829201,0.22918238072654537,0.0745645326984114,0.6722090739396602,0.0
2021-11-07,0.37455947859467753,0.4869315662943767,0.8196117820824035,0.4115853658536585,0.3493318534230299,0.3493318534230299,0.3493318534230299,0.3493318534230299,0.2811277350575693,0.3033246267835055,0.2337420915216731,0.06813943867917861,0.6726414001694518,0.0
2021-11-14,0.3730713683715887,0.4827731493984633,0.8196117820824035,0.41158536585365846,0.3493318534230299,0.3493318534230299,0.3493318534230299,0.3493318534230299,0.28564620607287206,0.31926893085547764,0.2379370254531906,0.0621732799470339,0.6732227274689073,0.0
2021-11-21,0.37070107460271756,0.47724045746890975,0.8196117820824035,0.41158536585365846,0.3493318534230299,0.3493318534230299,0.3493318534230299,0.3493318534230299,0.28922332895998687,0.3340743560651661,0.2417963646701867,0.05663327541004238,0.6740528333926017,0.0
2021-11-28,0.36766662328394756,0.4707263044675234,0.8196117820824035,0.41158536585365846,0.3493318534230299,0.3493318534230299,0.3493318534230299,0.3493318534230299,0.29280045184710146,0.347822250902734,0.24534695674982313,0.05148898548283596,0.6745664334683266,-0.10536051565782628
2021-12-05,0.34887269386474234,0.4382268553665444,0.48804470717241105,0.0823170731707317,0.1904237927714662,0.3493318534230299,0.3493318534230299,0.3493318534230299,0.293624131459266,0.3267973832778503,0.28617876566564204,0.08270462102526113,0.6739423822065422,0.011834457647002798
2021-12-12,0.33485594686139686,0.41384913604811396,0.5133609099561474,0.117595818815331,0.3671809565885438,0.1904237927714662,0.3493318534230299,0.3493318534230299,0.29480081661950114,0.29714308326697747,0.2853511468432254,0.0872671023291838,0.677916293543376,0.007812539736793625
2021-12-19,0.3241962520532277,0.3952401427683043,0.5301873311716685,0.1411149825783972,0.3611149728448162,0.3671809565885438,0.1904237927714662,0.3493318534230299,0.29621283881178323,0.2696069475425955,0.2836698983211161,0.08379101864230122,0.6800710365793474,0.0
2021-12-26,0.3151972252483922,0.37952696782078865,0.5301873311716685,0.1411149825783972,0.3493318534230299,0.3611149728448162,0.3671809565885438,0.1904237927714662,0.29762486100406543,0.2440376786556695,0.2820558997398912,0.07670688991279058,0.6801835895229589,-0.02761516703297338
2022-01-02,0.30378341777421086,0.3597166079122184,0.47088684286793264,0.0,0.30768178545990077,0.3493318534230299,0.3611149728448162,0.3671809565885438,0.2940948055233601,0.22912999540382467,0.28050646110191524,0.07912688942552422,0.6791709780415731,0.0769610411361284
2022-01-09,0.3053359778392429,0.36218535081106135,0.6206244439981371,0.274390243902439,0.4654069287613589,0.30768178545990077,0.3493318534230299,0.3611149728448162,0.2929181203631249,0.22884107455775943,0.24184204303617876,0.10695439883604205,0.6837512788120277,0.05371628250548768
2022-01-16,0.3142476831763451,0.3771038880181632,0.6947702925340365,0.41158536585365846,0.43034844891958496,0.4654069287613589,0.30768178545990077,0.3493318534230299,0.2934946960916401,0.23527452735373972,0.24184204303617876,0.13022333784658596,0.7591908341752678,-0.08915157681311765
2022-01-23,0.3074403523859355,0.3653037299134495,0.5347267573407107,0.12500873576071037,0.21487062677707708,0.43034844891958496,0.4654069287613589,0.30768178545990077,0.29121192688078407,0.24124844780714993,0.2439051785292031,0.15105894243803847,0.7588892407975445,0.05305689565744938
2022-01-30,0.3093964615243455,0.3683825177210538,0.6006903071984211,0.29247326857222755,0.4293539408290854,0.21487062677707708,0.43034844891958496,0.4654069287613589,0.2906000505974618,0.25745199733485746,0.2458857886025065,0.15742328921902732,0.7598841904507667,0.0
2022-02-06,0.31045027018225835,0.36990974851863057,0.6006903071984211,0.29247326857222755,0.3493318534230299,0.4293539408290854,0.21487062677707708,0.43034844891958496,0.2899881743141396,0.2724981504677287,0.24778717427287775,0.1450797125911791,0.7600579534035177,-0.004741938486158455
2022-02-13,0.31007600263448204,0.36903049335023336,0.5927223488695064,0.2771420085261026,0.342179911883453,0.3493318534230299,0.4293539408290854,0.21487062677707708,0.28922332895998687,0.2842292702853374,0.2496125045164341,0.1352888992598148,0.7592396220319326,0.0
2022-02-20,0.30929627353415634,0.36748228349322515,0.5927223488695064,0.2771420085261026,0.3493318534230299,0.342179911883453,0.3493318534230299,0.4293539408290854,0.28845848360583404,0.2951224529731169,0.2513648215502482,0.12452635048619605,0.7596483167356407,0.0
2022-02-27,0.3082077609279908,0.3654332646289983,0.5927223488695064,0.2771420085261026,0.3493318534230299,0.3493318534230299,0.342179911883453,0.3493318534230299,0.2876936382516812,0.3052375511831978,0.25304704590270977,0.11453255519640722,0.7607551246338993,0.0
2022-03-06,0.30688972862472763,0.36301965352192617,0.5927223488695064,0.2771420085261026,0.3493318534230299,0.3493318534230299,0.3493318534230299,0.342179911883453,0.2869287928975284,0.31463014237827297,0.25466198128107287,0.1052526024273176,0.7610900694304714,0.0
2022-03-13,0.3054068935081059,0.3603513720480275,0.5927223488695064,0.2771420085261026,0.3493318534230299,0.3493318534230299,0.3493318534230299,0.3493318534230299,0.2894586659920338,0.32335183420227137,0.25621231924430143,0.09663550342744867,0.7622498628132215,0.0
2022-03-20,0.30381183778405624,0.35751669903190186,0.5927223488695064,0.2771420085261026,0.3493318534230299,0.3493318534230299,0.3493318534230299,0.3493318534230299,0.2916355335384687,0.3314505480388413,0.2577006436890009,0.08863391149899894,0.762434352382944,0.0
2022-03-27,0.30214703720488856,0.35458611389913036,0.5927223488695064,0.2771420085261026,0.3493318534230299,0.3493318534230299,0.3493318534230299,0.3493318534230299,0.29357706405285666,0.3389707823156562,0.25912943515591236,0.08120386185115278,0.7627709515040877,0.0
2022-04-03,0.30044656530708636,0.3516154742872639,0.5927223488695064,0.2771420085261026,0.3493318534230299,0.3493318534230299,0.3493318534230299,0.3493318534230299,0.2955185945672446,0.34595385700127007,0.2605010749641473,0.07430453003529562,0.7630783556232767,0.02348798130721376
2022-04-10,0.3022832064637256,0.35450084900717554,0.6423255025249793,0.33661256686916335,0.38475716939501253,0.3493318534230299,0.3493318534230299,0.3493318534230299,0.29904865004794984,0.36017138833045115,0.2618178491800529,0.07625340389304466,0.7637612796456068,0.01910210187348628
2022-04-17,0.3062701211539546,0.36088021711390306,0.6784838848584159,0.41158536585365846,0.37814224737499635,0.38475716939501253,0.3493318534230299,0.3493318534230299,0.30086074519471195,0.37880293705292556,0.26308195242732224,0.07664908233923916,0.7644736400482097,0.024231022832887483
2022-04-24,0.3127690714395259,0.37125534111540825,0.7195338878549477,0.41158536585365846,0.38587784811503567,0.37814224737499635,0.38475716939501253,0.3493318534230299,0.30174325906488825,0.40206689887270636,0.2649465978260197,0.07907321096436931,0.7652036622789762,0.0
2022-05-01,0.31734365182338936,0.3783670962738036,0.7195338878549477,0.30151020986954,0.3493318534230299,0.38587784811503567,0.37814224737499635,0.38475716939501253,0.30548511787443583,0.42856677773321766,0.26811123888147037,0.08119564298702911,0.766222161036417,0.025659746780577742
2022-05-08,0.32450412359668873,0.3894857456508394,0.7600470919243675,0.41158536585365846,0.3880326947415579,0.3493318534230299,0.38587784811503567,0.37814224737499635,0.3084503644782283,0.4536405922239192,0.2727703207157163,0.08406628462708396,0.7699546940550128,0.0
2022-05-15,0.32946325725832026,0.3969191142099624,0.7600470919243674,0.41158536585365846,0.3493318534230299,0.3880326947415579,0.3493318534230299,0.38587784811503567,0.3114156110820208,0.4769234199652849,0.27792627192006447,0.07696249404151742,0.7705728580407429,-0.01005033585350145
2022-05-22,0.3310047128260505,0.39886559154070267,0.720308581388117,0.3649907961343764,0.334173619150871,0.3493318534230299,0.3880326947415579,0.3493318534230299,0.3141808212085732,0.4890016276297828,0.2824635089798908,0.07422245380375388,0.7689244207454635,-0.06971463261536115
2022-05-29,0.32057761158508924,0.3820281836074818,0.5237182299459733,0.05436033133916244,0.2441860405084327,0.334173619150871,0.3493318534230299,0.3880326947415579,0.3145926610146555,0.4548834506101043,0.3157365807519509,0.09353070555493724,0.7680177802330599,0.0
2022-06-05,0.3118020542755659,0.3678513862307007,0.5237182299459733,0.05436033133916244,0.3493318534230299,0.2441860405084327,0.334173619150871,0.3493318534230299,0.3150045008207378,0.42320228623468853,0.3150567510049658,0.08575088490309549,0.7685027858089875,0.0
2022-06-12,0.3044204479927766,0.3559216164446629,0.5237182299459733,0.05436033133916244,0.3493318534230299,0.3493318534230299,0.2441860405084327,0.334173619150871,0.31541634062682006,0.3937840621718025,0.3143905178529204,0.07852676572638527,0.7688330031228885,-0.007246408520767198
2022-06-19,0.29712411035314046,0.3441482499567179,0.5064543669579865,0.2086340020204935,0.33840259099929815,0.3493318534230299,0.3493318534230299,0.2441860405084327,0.31559284340085536,0.38706847066009425,0.3137376093639158,0.10742549757795923,0.7672022276557726,0.0
2022-06-26,0.29106870687635816,0.33436615127050756,0.5064543669579865,0.2086340020204935,0.3493318534230299,0.33840259099929815,0.3493318534230299,0.3493318534230299,0.3157693461748906,0.3808325642563652,0.3108204057696855,0.0986531917816159,0.7673988509014436,0.0
2022-07-03,0.28605455271208935,0.32625753787518275,0.5064543669579865,0.2086340020204935,0.3493318534230299,0.3493318534230299,0.33840259099929815,0.3493318534230299,0.3159458489489259,0.37504207973861664,0.3080198903192244,0.09050747925643995,0.7680700003716643,-0.0370412716803491
2022-07-10,0.27645843803191655,0.31073853636262816,0.41999559226918126,0.1274534564872275,0.2934650364276754,0.3493318534230299,0.3493318534230299,0.33840259099929815,0.31494566656272605,0.3790778458070023,0.3053313954867817,0.09579805912203258,0.7663391412116205,0.0
2022-07-17,0.2688367211737594,0.29834035070317416,0.41999559226918126,0.1274534564872275,0.3493318534230299,0.2934650364276754,0.3493318534230299,0.3493318534230299,0.3131806388223734,0.3828253428705033,0.30275044044763677,0.08785628464396972,0.7668950060421409,0.0
2022-07-24,0.26284875436827115,0.2885430773601085,0.41999559226918126,0.1274534564872275,0.3493318534230299,0.3493318534230299,0.2934650364276754,0.3493318534230299,0.3107802010954938,0.3863051615723256,0.30027272361005763,0.08048177977148277,0.767583817340526,0.0
2022-07-31,0.2582090301032562,0.28090677830903926,0.41999559226918126,0.1274534564872275,0.3493318534230299,0.3493318534230299,0.3493318534230299,0.2934650364276754,0.30755608375644966,0.38953642179544634,0.29789411544598166,0.07363402524703061,0.7678451829609685,-0.023674263359476682
2022-08-07,0.25129646036276615,0.26944958995900226,0.36765489207008106,0.12417321207110382,0.3136255809705814,0.3493318534230299,0.3493318534230299,0.3493318534230299,0.3036024216180597,0.4109872956101888,0.29561065160846867,0.09812608992213946,0.7668266842035276,0.0
2022-08-14,0.24606398216298347,0.26068898074463553,0.36765489207008106,0.12417321207110382,0.3493318534230299,0.3136255809705814,0.3493318534230299,0.3493318534230299,0.2987544787578911,0.4309059641524498,0.29158647408680094,0.09001802752978326,0.7672056246140562,-0.05479735208201855
2022-08-21,0.23467968859771496,0.2414513572535182,0.2781681087912375,0.02939895470383275,0.2666847546135085,0.3493318534230299,0.3136255809705814,0.3493318534230299,0.292282710376598,0.45658044611062304,0.2878037472164333,0.10022826143008866,0.7650037833696475,0.0
2022-08-28,0.22613308799122572,0.22673138032636436,0.2781681087912375,0.04573170731707316,0.3493318534230299,0.2666847546135085,0.3493318534230299,0.3136255809705814,0.28616394754337554,0.48042103650035556,0.28424798395828765,0.0919700439300218,0.765572088014471,0.0
2022-09-04,0.21990714825678886,0.21577070406835186,0.2781681087912375,0.04573170731707316,0.3493318534230299,0.3493318534230299,0.2666847546135085,0.3493318534230299,0.2823985550306231,0.5025587275765355,0.2809055664956308,0.08430169910853114,0.7661137880588038,0.0
2022-09-11,0.21557034099742928,0.20792238628367807,0.2781681087912375,0.04573170731707316,0.3493318534230299,0.3493318534230299,0.3493318534230299,0.2666847546135085,0.2786331625178708,0.5231151550044171,0.2777636940807333,0.07718109320286125,0.7663206846011894,0.0
2022-09-18,0.21276304558902012,0.20263599894839981,0.2781681087912375,0.048421807747489234,0.3493318534230299,0.3493318534230299,0.3493318534230299,0.3493318534230299,0.2748677700051185,0.5422032661874499,0.27481033401072974,0.0705691020047392,0.7663646331169369,0.0
2022-09-25,0.2111860776468363,0.19944452793962592,0.2781681087912375,0.048421807747489234,0.3493318534230299,0.3493318534230299,0.3493318534230299,0.3493318534230299,0.27133771452441324,0.5599279408574089,0.27203417554492637,0.06442939589219729,0.766453377916184,0.0
2022-10-02,0.21059101262482546,0.19795288082223364,0.2781681087912375,0.048421807747489234,0.3493318534230299,0.3493318534230299,0.3493318534230299,0.3493318534230299,0.2678076590437079,0.5763865673366566,0.26942458658707114,0.05872824021626554,0.7666184571367536,0.0
2022-10-09,0.21077202613026652,0.19782783359392975,0.2781681087912375,0.06859756097560975,0.3493318534230299,0.3493318534230299,0.3493318534230299,0.3493318534230299,0.2642776035630026,0.5916695776388152,0.2669715729666873,0.053434309945757465,0.7716108672310282,0.0
2022-10-16,0.21155901553607045,0.19878925983527873,0.2781681087912375,0.06859756097560975,0.3493318534230299,0.3493318534230299,0.3493318534230299,0.3493318534230299,0.2619242332425324,0.6058609443479624,0.2646657401635264,0.04851851755171426,0.7717002419688122,-0.10536051565782628
2022-10-23,0.1994473098826421,0.1764049653472975,0.15102123067283713,0.0,0.1904237927714662,0.3493318534230299,0.3493318534230299,0.3493318534230299,0.2566879842794862,0.632164597966358,0.26249825732855525,0.07544726985129423,0.7702284229551699,0.08474122845509072
2022-10-30,0.20136935432470943,0.17925877952010977,0.40569409841885096,0.18035763222800766,0.47714125324376155,0.1904237927714662,0.3493318534230299,0.3493318534230299,0.25374627137889844,0.6145573553720738,0.25735793800498075,0.09402531195284762,0.7707201812367321,-0.006269613013595374
2022-11-06,0.20280931793846912,0.18127104779521558,0.3964490940239967,0.16920731707317072,0.33987582486426837,0.47714125324376155,0.1904237927714662,0.3493318534230299,0.25062805570427543,0.6117253327524528,0.25262884422729215,0.11191907383623857,0.7693896568484,0.0
2022-11-13,0.20467340738004192,0.1840979841378662,0.3964490940239967,0.1962455996982649,0.3493318534230299,0.33987582486426837,0.47714125324376155,0.1904237927714662,0.24823938482899816,0.6090955974628046,0.24711649184523446,0.10282579830716101,0.7695518454164274,0.09511957654443212
2022-11-20,0.21983119722999636,0.21138911498084245,0.5912281365914862,0.41158536585365846,0.4927942059400081,0.3493318534230299,0.33987582486426837,0.47714125324376155,0.2486512246350805,0.5736549126635425,0.19750532040671556,0.12497564721948116,0.7707881733878867,0.0
2022-11-27,0.2322488897991687,0.23364639043887048,0.5912281365914862,0.41158536585365846,0.3493318534230299,0.4927942059400081,0.3493318534230299,0.33987582486426837,0.2506868899622872,0.540745705349942,0.19875561598486643,0.11494975930588626,0.7708989601486813,0.0
2022-12-04,0.24237827033844997,0.25172558079477453,0.5912281365914862,0.41158536585365846,0.3493318534230299,0.3493318534230299,0.4927942059400081,0.3493318534230299,0.25272255528949394,0.5101871557015987,0.1999809056514543,0.10564000624326242,0.7711527429575655,0.0
2022-12-11,0.2505993792812151,0.2663404446883141,0.5912281365914862,0.41158536585365846,0.3493318534230299,0.3493318534230299,0.3493318534230299,0.4927942059400081,0.25475822061670067,0.48181135959956584,0.20118168952471036,0.09699523554225459,0.7712334751741023,-0.004968479550134669
2022-12-18,0.25652257937428974,0.2768300430904361,0.5786674872759148,0.3989361702127658,0.3418382354887463,0.3493318534230299,0.3493318534230299,0.3493318534230299,0.25664091687307683,0.4578421995610947,0.20235845772050134,0.09192447329256763,0.7699912599265879,0.0
2022-12-25,0.2612870590895615,0.28524292639165044,0.5786674872759148,0.3989361702127658,0.3493318534230299,0.3418382354887463,0.3493318534230299,0.3493318534230299,0.258523613129453,0.4355851223825143,0.20351169055237647,0.08425938351660942,0.7705035412524763,0.0038240964384034758
2023-01-01,0.2656349029333553,0.2928970117907823,0.5875409995755305,0.40866632070576003,0.35509947656892243,0.3493318534230299,0.3418382354887463,0.3493318534230299,0.26052397790185267,0.4132753704156274,0.20464185872761412,0.07842724573140238,0.7716221237028442,0.030077455237277954
2023-01-08,0.27342520142969773,0.30653446252990824,0.6522051620904222,0.41158536585365846,0.3946956223002851,0.35509947656892243,0.3493318534230299,0.3418382354887463,0.2634656908024404,0.38011263428948155,0.20574942353934703,0.08200980826384648,0.7743184961358365,-0.01869213301215252
2023-01-15,0.2767324373083224,0.31228234559792684,0.5967305720051792,0.3704268292682926,0.32113978746875144,0.3946956223002851,0.35509947656892243,0.3493318534230299,0.26581906112291065,0.35581768062434344,0.20837544092267266,0.08148013673799634,0.772705382496885,0.007144230424256089
2023-01-22,0.28025349078382017,0.3183684303368033,0.6121696624941974,0.3860670731707315,0.3601070076112783,0.32113978746875144,0.3946956223002851,0.35509947656892243,0.2683960016238255,0.3303083768187991,0.21089641761066522,0.07700341760019752,0.7730508655175949,0.0
2023-01-29,0.2828655090590017,0.3228499476376994,0.6121696624941974,0.3860670731707315,0.3493318534230299,0.3601070076112783,0.32113978746875144,0.3946956223002851,0.27385582076731635,0.30662116614222223,0.2133165552311381,0.07040411751655144,0.7732988258104614,0.011547902587896392
2023-02-05,0.28642657128177057,0.32893059887404685,0.63871210183635,0.41158536585365846,0.36674876518905997,0.3493318534230299,0.3601070076112783,0.32113978746875144,0.2773858762480217,0.2794584223741223,0.2156398873467921,0.07070342390122238,0.7742290154270837,0.0
2023-02-12,0.2889995869458631,0.33327717388335915,0.6387121018363499,0.41158536585365846,0.3493318534230299,0.36674876518905997,0.3493318534230299,0.3601070076112783,0.2810924345027622,0.25423587458945807,0.21787028617781992,0.0645541233675031,0.7808875246448004,0.00738010729762246
2023-02-19,0.2918601490414189,0.338078842331199,0.6565834438424342,0.41158536585365846,0.36046276456885556,0.3493318534230299,0.36674876518905997,0.3493318534230299,0.2850343297895498,0.23067966859163463,0.22001146905560662,0.06141494974255784,0.7816116595995117,0.021819047394639673
2023-02-26,0.2970953560023378,0.3468480519859561,0.7051260777467533,0.41158536585365846,0.3822400305052972,0.36046276456885556,0.3493318534230299,0.36674876518905997,0.2868817254911189,0.21874742561682325,0.22327211929013732,0.06364178511783963,0.785773963770092,0.03533936644530886
2023-03-05,0.3063133374293634,0.362161765901625,0.7679447773594494,0.41158536585365846,0.40263180313774866,0.3822400305052972,0.36046276456885556,0.3493318534230299,0.2899058063529231,0.221221846588748,0.22806818847948726,0.07085134313618943,0.7914787342669687,0.0
2023-03-12,0.3130917824854218,0.373181549333328,0.7679447773594494,0.41158536585365846,0.3493318534230299,0.40263180313774866,0.3822400305052972,0.36046276456885556,0.2929298872147273,0.2235195232055352,0.23506155880155508,0.06469147694282966,0.7920968982526988,0.0
2023-03-19,0.3178816626348136,0.3807619024180372,0.7679447773594494,0.41158536585365846,0.3493318534230299,0.3493318534230299,0.40263180313774866,0.3822400305052972,0.2959539680765315,0.2256530800639805,0.24135559209141613,0.05897160119185272,0.7927386113426467,-0.06453852113757118
2023-03-26,0.3112401529165247,0.3695677382009403,0.5474295696106317,0.12773338940285953,0.2519928154802179,0.3493318534230299,0.3493318534230299,0.40263180313774866,0.29701298472074306,0.20421220115984773,0.2470202220522911,0.0716565260890754,0.7921786136443361,0.0
2023-04-02,0.3055369246765429,0.3599627750248342,0.5474295696106317,0.117595818815331,0.3493318534230299,0.2519928154802179,0.3493318534230299,0.3493318534230299,0.2980720013649547,0.19004195532517004,0.2534927161910717,0.06543914682765234,0.7929557340835389,0.0
2023-04-09,0.30063381130691597,0.3517114678401273,0.5474295696106317,0.0823170731707317,0.3493318534230299,0.3493318534230299,0.2519928154802179,0.3493318534230299,0.29901334949314273,0.17688386990725508,0.25918851103319873,0.05966586608490234,0.7932514696215884,0.0
2023-04-16,0.2964134444980466,0.3446140448581593,0.5474295696106317,0.1371951219512195,0.3493318534230299,0.3493318534230299,0.3493318534230299,0.2519928154802179,0.29901334949314273,0.17853015083618312,0.3009576732087964,0.0671594183198905,0.7937598300216244,0.0
2023-04-23,0.2927760884340316,0.33850099483668694,0.5474295696106317,0.1371951219512195,0.3493318534230299,0.3493318534230299,0.3493318534230299,0.3493318534230299,0.2996016920732604,0.18005884027018776,0.30007093875620716,0.06126326104198066,0.7951315653423388,0.0
2023-04-30,0.2896369585212733,0.3332284127162738,0.5474295696106317,0.1371951219512195,0.3493318534230299,0.3493318534230299,0.3493318534230299,0.3493318534230299,0.2999664644729332,0.18147833760176346,0.29920193899266956,0.05578825785535008,0.796126514995561,0.0
2023-05-07,0.2869239502929784,0.32867406869007615,0.5474295696106317,0.1371951219512195,0.3493318534230299,0.3493318534230299,0.3493318534230299,0.3493318534230299,0.3003312368726061,0.1827964422667981,0.2983503192244029,0.050704326324907394,0.7969742827474189,0.0
2023-05-14,0.28457571555796146,0.3247340872228277,0.5474295696106317,0.1371951219512195,0.3493318534230299,0.3493318534230299,0.3493318534230299,0.3493318534230299,0.3003312368726061,0.18402039659861597,0.2975157318515015,0.04598353276092491,0.7972478526911218,0.0
2023-05-21,0.2825400325311823,0.3213201405175655,0.5474295696106317,0.1371951219512195,0.3493318534230299,0.3493318534230299,0.3493318534230299,0.3493318534230299,0.3003312368726061,0.18515692562101826,0.29669783622605816,0.04159993873722688,0.7981486059274712,0.07145896398214505
2023-05-28,0.29168221585549603,0.3363782805393548,0.7422750649840464,0.41158536585365846,0.45710852205144625,0.3493318534230299,0.3493318534230299,0.3493318534230299,0.30244927016102924,0.1821068260394224,0.2566209505793332,0.06323837013601931,0.8007213455633178,-0.024434025337282134
2023-06-04,0.2947495845154673,0.3413246156270411,0.6485654020846497,0.3155487804878048,0.31247968393604186,0.45710852205144625,0.3493318534230299,0.3493318534230299,0.3030376127411469,0.17927459071365476,0.25750768503192245,0.07960340711531094,0.798890402710347,0.0035273405179684406
2023-06-11,0.2973864436244713,0.34552525265014944,0.6563227266610293,0.3292682926829268,0.35465189990788604,0.31247968393604186,0.45710852205144625,0.3493318534230299,0.3025669386770528,0.17784655491600226,0.25837668479545994,0.07770308669196549,0.8013453968251021,0.01224862207619902
2023-06-18,0.30101968312298527,0.35129894645087256,0.6830830484370496,0.37728658536585363,0.3678056124743234,0.35465189990788604,0.31247968393604186,0.45710852205144625,0.3025081044190411,0.17762134151265796,0.2592283045637267,0.07568141432607962,0.8062789341588301,-0.008733679968754553
2023-06-25,0.3021192207921915,0.3529302437393594,0.6496026988893211,0.3429878048780487,0.3361594411818688,0.3678056124743234,0.35465189990788604,0.31247968393604186,0.30215509887097053,0.17741221478098113,0.2600628919366281,0.07239015699318455,0.8054900391675179,0.051626572177670936
2023-07-02,0.31082175016265406,0.36670956961826684,0.7477789797849789,0.41158536585365846,0.4271966817376992,0.3361594411818688,0.3678056124743234,0.35465189990788604,0.30569692120327824,0.1974891146641986,0.26088078756207145,0.0855306037548846,0.8099761435210988,0.11001477937874486
2023-07-09,0.33618255836887534,0.40627381300069293,0.8634626381919063,0.30654322183738225,0.5152596217614283,0.4271966817376992,0.3361594411818688,0.3678056124743234,0.3133453747448064,0.24730918614702846,0.2630809308526839,0.15622022098377805,0.8165404563219427,0.04950064377303063
2023-07-16,0.3645414496422492,0.44886053359268574,0.8951129571363174,0.37602635212052216,0.423990289307326,0.5152596217614283,0.4271966817376992,0.3361594411818688,0.3229941930587343,0.2935706810953705,0.27162274797385677,0.17288510331041654,0.8916267751219094,0.0
2023-07-23,0.38565276580626856,0.47894855116378876,0.8951129571363174,0.37210584343991177,0.3493318534230299,0.423990289307326,0.5152596217614283,0.4271966817376992,0.33264301137266206,0.33652778354740237,0.2796520560677592,0.15943711139032626,0.8923803464568945,0.0
2023-07-30,0.40084519758359727,0.49928369572041875,0.8951129571363174,0.37210584343991177,0.3493318534230299,0.3493318534230299,0.423990289307326,0.5152596217614283,0.34229182968658983,0.3764165215385748,0.28719960567602765,0.14694969032167096,0.8931339177918787,-0.005983776224454763
2023-08-06,0.41008166559918174,0.5104192065825032,0.8729410547298229,0.36257630354693837,0.34030693294628195,0.3493318534230299,0.3493318534230299,0.423990289307326,0.3516935441168683,0.3672733738824629,0.29429430230779985,0.1764884864026246,0.8920094480654566,0.028456632076513312
2023-08-13,0.42120149384909156,0.5237138552245725,0.8937244601910748,0.40840885255600073,0.39225104556745366,0.34030693294628195,0.3493318534230299,0.3493318534230299,0.3622837105589843,0.3650736160998774,0.3009633171416657,0.1757661103155938,0.8942937111746287,0.0
2023-08-20,0.42816072309493464,0.5308040541487566,0.8937244601910748,0.40840885255600073,0.3493318534230299,0.39225104556745366,0.34030693294628195,0.3493318534230299,0.37287387700110003,0.3630309838731908,0.3072321910854997,0.162112332180848,0.8944621755789308,0.02685828750286882
2023-08-27,0.43712671390546476,0.5402704213362066,0.9121014951843566,0.37342017738359207,0.38984037175036956,0.3493318534230299,0.39225104556745366,0.34030693294628195,0.38461719490024654,0.33261061279900267,0.3131249325927036,0.22141877629110343,0.8972056462203595,-0.013064965370533045
2023-09-03,0.4395986298492517,0.5407880024493443,0.8606053751674255,0.353940356630457,0.32962685960680965,0.38984037175036956,0.3493318534230299,0.39225104556745366,0.3934423336020097,0.3043631253729707,0.3227923652730622,0.2302130050074761,0.8950921141167694,0.0
2023-09-10,0.43957277525411387,0.5380024893646433,0.8606053751674256,0.34734207253623,0.3493318534230299,0.32962685960680965,0.38984037175036956,0.3493318534230299,0.40309115191593753,0.27813331562022686,0.33168640333899213,0.21267016296616728,0.8968465223810309,-0.08875636060579108
2023-09-17,0.42068009653437877,0.5107540673155853,0.6048317558662603,0.21457259968021114,0.21546670435559134,0.3493318534230299,0.32962685960680965,0.38984037175036956,0.40897457771711304,0.27484052542191073,0.3398689183596477,0.2362291939943313,0.8955101107166437,0.017804624633506686
2023-09-24,0.40740413251473706,0.4913014758840265,0.6311339702107004,0.23828626444159173,0.3761853511823629,0.21546670435559134,0.3493318534230299,0.32962685960680965,0.4151521748083474,0.2673002956503333,0.3473968321786507,0.2259692976373436,0.8960494205268983,-0.09205079150380377
2023-10-01,0.37909694665618127,0.4522572961019782,0.48065894822753913,0.09192073170731715,0.21049793952290993,0.3761853511823629,0.21546670435559134,0.3493318534230299,0.41810565456053744,0.2755415759097086,0.4339678410971861,0.2471644003387083,0.8951015690821125,0.0
2023-10-08,0.35564588903291766,0.4197763752437044,0.48065894822753913,0.0,0.3493318534230299,0.21049793952290993,0.3761853511823629,0.21546670435559134,0.4192823397207725,0.2831941932934143,0.43190174982265306,0.22841074434516861,0.8956529065973475,0.0
2023-10-15,0.33626673880338154,0.39283057969223134,0.48065894822753913,0.0,0.3493318534230299,0.3493318534230299,0.21049793952290993,0.3761853511823629,0.41635239367178717,0.2903001951497124,0.4298769803736108,0.21099663520831033,0.8965477725576418,0.0
2023-10-22,0.32029867442624804,0.37054658761517034,0.48065894822753913,0.0,0.3493318534230299,0.3493318534230299,0.3493318534230299,0.21049793952290993,0.411422082850402,0.2968986254448464,0.42789270631354925,0.19482639100979907,0.8973013438926261,0.05611878227774041
2023-10-29,0.3169493483891636,0.3656839835441682,0.5732795763275748,0.10539882759342603,0.4339719750302997,0.3493318534230299,0.3493318534230299,0.3493318534230299,0.4085980384658377,0.2852655541473916,0.425948117734689,0.20282064010350967,0.8981903225768662,0.0
2023-11-05,0.31376040428149177,0.36107603309713204,0.5732795763275748,0.10539882759342603,0.3493318534230299,0.4339719750302997,0.3493318534230299,0.3493318534230299,0.4057739940812734,0.27446341651404066,0.42404242092740596,0.18723439555534133,0.8984593475434561,0.0
2023-11-12,0.310733456775014,0.35672081474660566,0.5732795763275748,0.10539882759342603,0.3493318534230299,0.3493318534230299,0.4339719750302997,0.3493318534230299,0.40319705358035857,0.2644328601402149,0.42217483805626854,0.17276145418918498,0.8988295983345278,0.0
2023-11-19,0.30786792481085606,0.3526138046714611,0.5732795763275748,0.10539882759342603,0.3493318534230299,0.3493318534230299,0.3493318534230299,0.4339719750302997,0.39943166106760636,0.2551187720788052,0.4203446068425539,0.15932229434918269,0.8989807188235721,-0.02469261259037152
2023-11-26,0.30079759725424876,0.3427376862746405,0.5226738429330744,0.05829320632262104,0.31208967446578545,0.3493318534230299,0.3493318534230299,0.3493318534230299,0.3947249204266659,0.252582972617726,0.41855098025311355,0.15712663912321395,0.8888075058012781,0.0
2023-12-03,0.2948774041057533,0.33446392763536437,0.5226738429330744,0.06802496029968633,0.3493318534230299,0.31208967446578545,0.3493318534230299,0.3493318534230299,0.38886502832869513,0.250228301689581,0.416793226195462,0.14480425178792383,0.8890336419618103,0.0
2023-12-10,0.2899257800023426,0.32754053366305647,0.5226738429330744,0.07422031187524976,0.3493318534230299,0.3493318534230299,0.31208967446578545,0.3493318534230299,0.38356994510763714,0.24804182154201776,0.4150706272189635,0.13336203497658303,0.8894031391815469,0.0
2023-12-17,0.28578943505509075,0.32175454038338863,0.5226738429330744,0.13627742882779975,0.3493318534230299,0.3493318534230299,0.3493318534230299,0.31208967446578545,0.37827486188657916,0.24601151854785186,0.413382480221995,0.12273711936605226,0.8913223911753363,-0.00031254883829995967
2023-12-24,0.28228443046267065,0.31685006138219757,0.5218992586514442,0.13490088914267015,0.34886045738398197,0.3493318534230299,0.3493318534230299,0.3493318534230299,0.3766157358106477,0.25025660113170106,0.41172809616496575,0.12186924534641007,0.8904687361474233,0.01581673537426524
2023-12-31,0.2821505544789756,0.31664357952970296,0.5620787811757081,0.3426045782804195,0.3731871537551404,0.34886045738398197,0.3493318534230299,0.3493318534230299,0.37485070807029514,0.24661948790561455,0.41010679978907716,0.1186210157296237,0.8914872349048641,0.07410797215372183
2024-01-07,0.29551464381011905,0.33509608337303853,0.7024483360438664,0.41158536585365846,0.46110383992329973,0.3731871537551404,0.34886045738398197,0.3493318534230299,0.37954568185963317,0.229259990055865,0.4085179293407064,0.14118516951987295,0.8941718327857471,0.43141129005274953
2024-01-14,0.4086529529824091,0.48322656588996593,0.9490768439941882,0.41158536585365846,1.0,0.46110383992329973,0.3731871537551404,0.34886045738398197,0.4064564714742099,0.2738290053150405,0.3306632773705368,0.3726935837457236,0.897674762038216,0.2532715978093291
2024-01-21,0.5803987218471387,0.6810721781638012,0.9898271262468789,0.41158536585365846,0.7313240843334312,1.0,0.46110383992329973,0.3731871537551404,0.4516411816272377,0.32679003080302405,0.3374231496807757,0.544603255800606,0.9027142703409261,0.094641988938919
2024-01-28,0.7489745022975166,0.8443380818313411,1.0,0.41158536585365846,0.4920738932146055,0.7313240843334312,1.0,0.46110383992329973,0.5049332525342856,0.37893731014666115,0.35985315677465124,0.6823810907367471,0.9108563731243944,0.0
2024-02-04,0.8755613521169637,0.9437976514080255,1.0,0.41158536585365846,0.3493318534230299,0.4920738932146055,0.7313240843334312,1.0,0.5561190570045125,0.4273597838228958,0.3982619673681722,0.6325405282862047,0.9110827800996253,0.0
2024-02-11,0.9678083064299042,1.0,1.0,0.41158536585365846,0.3493318534230299,0.3493318534230299,0.4920738932146055,0.7313240843334312,0.6073048614747394,0.4723235093793992,0.4343662493260818,0.5862600060107009,0.9112620829791425,-0.10536051565782628
2024-02-18,0.9904786842383632,0.9951219830998377,0.8240418208021412,0.34179878048780493,0.1904237927714662,0.3493318534230299,0.3493318534230299,0.4920738932146055,0.6495125581723724,0.4828416071621899,0.4683042743665169,0.641364732941648,0.910960677994253,0.0
2024-02-25,1.0,0.9802126845621797,0.8240418208021412,0.34179878048780493,0.3493318534230299,0.1904237927714662,0.3493318534230299,0.3493318534230299,0.6917202548700057,0.4926084122462097,0.5002060179045259,0.5944539103336126,0.9111009011353213,0.0
2024-03-03,0.999110839049608,0.9584978736972778,0.8240418208021412,0.34179878048780493,0.3493318534230299,0.3493318534230299,0.1904237927714662,0.3493318534230299,0.7348692996958268,0.5016775883956568,0.5301936568302543,0.5508938607690083,0.915445710863592,0.0
2024-03-10,0.9900754545892253,0.9323114727751902,0.8240418208021412,0.34179878048780493,0.3493318534230299,0.3493318534230299,0.3493318534230299,0.1904237927714662,0.778018344521648,0.5100989662487146,0.5583820374204391,0.5104452433161614,0.9155773032579644,0.0
2024-03-17,0.9747606686262624,0.9033514197462578,0.8240418208021412,0.34179878048780493,0.3493318534230299,0.3493318534230299,0.3493318534230299,0.3493318534230299,0.8211673893474691,0.5179188171122684,0.5848791151752127,0.4728858128242322,0.9156071576348372,0.0
2024-03-24,0.954700651126668,0.8728558286141592,0.8240418208021412,0.34179878048780493,0.3493318534230299,0.3493318534230299,0.3493318534230299,0.3493318534230299,0.8643164341732903,0.49763648103899333,0.6097863682647,0.5261907654593486,0.9156487335783341,0.0
2024-03-31,0.9311514638191661,0.8417265701014265,0.8240418208021411,0.33988681924490477,0.3493318534230299,0.3493318534230299,0.3493318534230299,0.3493318534230299,0.9074772458507139,0.4788028832566665,0.633199186168818,0.5756882214776708,0.9157356238856238,0.0
2024-04-07,0.9051369632696569,0.810617382358396,0.8240418208021412,0.33784983306513033,0.3493318534230299,0.3493318534230299,0.3493318534230299,0.3493318534230299,0.9500379480964176,0.4613145424587914,0.6552072349986888,0.6216501449232559,0.9157864781761829,-0.04467022242970374
2024-04-14,0.8611227245566282,0.7688677128258041,0.7323740649170746,0.2988237050540608,0.2819588117208472,0.3493318534230299,0.3493318534230299,0.3493318534230299,0.986126881960828,0.4349200773988167,0.6758948008987675,0.6990361044479474,0.9152291415266491,0.0
2024-04-21,0.8198724001339863,0.7307767252790649,0.7323740649170746,0.15706806282722516,0.3493318534230299,0.2819588117208472,0.3493318534230299,0.3493318534230299,0.9999999999999998,0.4104109312716973,0.6953411128448415,0.7323311280896787,0.9152505888733158,0.0
2024-04-28,0.781257624792674,0.6959797947584637,0.7323740649170746,0.15706806282722516,0.3493318534230299,0.3493318534230299,0.2819588117208472,0.3493318534230299,0.9955991975007203,0.3876524384393722,0.713620646074151,0.7632479357570006,0.9152745324250295,0.0
2024-05-05,0.7451477927525899,0.664155992356346,0.7323740649170746,0.15706806282722516,0.3493318534230299,0.3493318534230299,0.3493318534230299,0.2819588117208472,0.9830910342474213,0.3665195522379275,0.7308034073097018,0.7919564000195137,0.915297015932282,0.0
2024-05-12,0.7114120311854356,0.6350215976250313,0.7323740649170746,0.15706806282722516,0.3493318534230299,0.3493318534230299,0.3493318534230299,0.3493318534230299,0.9705828709941222,0.3468961579080145,1.0,0.8186142596918474,0.9153122227663308,0.0
2024-05-19,0.6799207494653573,0.6083247882117699,0.7323740649170746,0.2824267782426778,0.3493318534230299,0.3493318534230299,0.3493318534230299,0.3493318534230299,0.9580747077408229,0.32867443460166673,0.9949190115866635,0.8433679865304431,0.9153476288445237,0.0
2024-05-26,0.6505468383573207,0.5838412555393604,0.7323740649170746,0.2824267782426778,0.3493318534230299,0.3493318534230299,0.3493318534230299,0.3493318534230299,0.9545446522601178,0.31191729328163,0.9899396429415939,0.8663535900234247,0.915377165308489,0.0
2024-06-02,0.6231665812741949,0.5613705560519076,0.7323740649170746,0.2824267782426778,0.3493318534230299,0.3493318534230299,0.3493318534230299,0.3493318534230299,0.9510145967794126,0.29635709062731014,0.9850598616694255,0.887697364695479,0.9154100280834259,0.0
2024-06-09,0.5976603295619596,0.5407330520705567,0.7323740649170746,0.2824267782426778,0.3493318534230299,0.3493318534230299,0.3493318534230299,0.3493318534230299,0.9474845412987074,0.28190833101972734,0.9802776760227006,0.9075165840338152,0.9154429556183992,0.0
2024-06-16,0.5739129852111041,0.5217673293239525,0.7323740649170746,0.2824267782426778,0.3493318534230299,0.3493318534230299,0.3493318534230299,0.3493318534230299,0.9439544858180018,0.2684916256698291,0.9755911340889101,0.9259201448479846,0.9154863566174729,0.0
2024-06-23,0.551814327190113,0.5043280029592034,0.7323740649170746,0.9342560553633227,0.3493318534230299,0.3493318534230299,0.3493318534230299,0.3493318534230299,0.9404244303372964,0.25603325641635216,0.9709983229937953,0.943009165603999,0.9156213047591963,0.0
2024-06-30,0.5312592115417636,0.48828384255795027,0.7323740649170746,1.0,0.3493318534230299,0.3493318534230299,0.3493318534230299,0.3493318534230299,0.9368943748565914,0.24446477068098071,0.9664973681205828,0.958877542020298,0.9156480153306559,0.0
2024-07-07,0.5121476702953214,0.47351616097512156,0.7323740649170746,1.0,0.3493318534230299,0.3493318534230299,0.3493318534230299,0.3493318534230299,0.933364319375886,0.23372260535527867,0.9620864323448346,0.9736124629782898,0.9157806968710975,0.0
2024-07-14,0.49438492997625927,0.4599174228269879,0.7323740649170746,1.0,0.3493318534230299,0.3493318534230299,0.3493318534230299,0.3493318534230299,0.9298342638951806,0.22374773755284105,0.9577637152846015,0.9872948895821396,0.9158483475602406,-0.10524208536660322
2024-07-21,0.4420972524656351,0.42263305168041865,0.43425883593215947,0.0,0.1906024130808217,0.3493318534230299,0.3493318534230299,0.3493318534230299,0.9221152092440383,0.21448536030772036,0.953527452565573,1.0,0.9153787077748152,0.0
2024-07-28,0.3991401081541754,0.39182739147219015,0.43425883593215947,0.0,0.3493318534230299,0.1906024130808217,0.3493318534230299,0.3493318534230299,0.914396154592896,0.20588458143725114,0.9493759151009249,0.9274723726020825,0.9155002034907538,0.0
2024-08-04,0.36398275075729214,0.3664796554990749,0.43425883593215947,0.0,0.3493318534230299,0.3493318534230299,0.1906024130808217,0.3493318534230299,0.9066770999417539,0.19789814391467264,0.9453074083855699,0.8601252900183016,0.9155704504686364,0.0
2024-08-11,0.3353369911697992,0.34572157006633036,0.43425883593215947,0.0,0.3493318534230299,0.3493318534230299,0.3493318534230299,0.1906024130808217,0.8989580452906116,0.19048216621513542,0.9413202718045222,0.7975887133333625,0.9156044141641955,-0.10534171848867946
2024-08-18,0.27988092580604046,0.305211547789039,0.2908131213138825,0.0,0.19045214325623946,0.3493318534230299,0.3493318534230299,0.3493318534230299,0.8842847813424799,0.20192816686368803,0.9374128779550952,0.815488868653662,0.9153903999050597,0.0
2024-08-25,0.2362900454462236,0.27276023041839265,0.2908131213138825,0.0,0.3493318534230299,0.19045214325623946,0.3493318534230299,0.3493318534230299,0.8696115173943482,0.212556596037344,0.9262606522670167,0.7561406077804829,0.9154895357465422,0.0
2024-09-01,0.20249201237279757,0.24710721086594564,0.2908131213138825,0.0,0.3493318534230299,0.3493318534230299,0.19045214325623946,0.3493318534230299,0.8549382534462167,0.22242585169859602,0.9155545156064613,0.701031508398245,0.9155444993557884,0.0
2024-09-08,0.176751600769603,0.2271663713290104,0.2908131213138825,0.0,0.3493318534230299,0.3493318534230299,0.3493318534230299,0.19045214325623946,0.8402649894980847,0.23159016052690146,0.905276624412328,0.6498587732575957,0.9157293362747971,0.0
2024-09-15,0.15761747848471724,0.21200427664326793,0.2908131213138825,0.0,0.3493318534230299,0.3493318534230299,0.3493318534230299,0.3493318534230299,0.8255917255499532,0.24009987586747078,0.8954098488659603,0.6023412334841354,0.91579547982127,0.0
2024-09-22,0.1438772765749725,0.20082087793327819,0.2908131213138825,0.0,0.3493318534230299,0.3493318534230299,0.3493318534230299,0.3493318534230299,0.8109184616018215,0.24800175439799943,0.8859377443414471,0.5582178036944938,0.9159527407392396,-0.10536051565782628
2024-09-29,0.10549962012227168,0.16956836902570638,0.19866412417114912,0.0,0.1904237927714662,0.3493318534230299,0.3493318534230299,0.3493318534230299,0.7899852326012389,0.27977130348389334,0.8768445239979146,0.5856317522205771,0.9155519467599973,0.0
2024-10-06,0.07727651091138907,0.14564918236838464,0.19866412417114912,0.0,0.3493318534230299,0.1904237927714662,0.3493318534230299,0.3493318534230299,0.7690520036006565,0.3092715990636519,0.8590328594154527,0.5427018568069039,0.9156046437679617,0.0
2024-10-13,0.05733087443082982,0.12790468628286328,0.19866412417114912,0.0,0.3493318534230299,0.3493318534230299,0.1904237927714662,0.3493318534230299,0.7481187746000741,0.3366647306734278,0.8422898947079386,0.5028383824942073,0.9156273274425999,0.0
2024-10-20,0.04409773808349343,0.11532968795449086,0.19866412417114912,0.0,0.3493318534230299,0.3493318534230299,0.3493318534230299,0.1904237927714662,0.7271855455994913,0.3621012100253625,0.8265515078828755,0.46582229920384627,0.9156795534684798,0.0
2024-10-27,0.03627448800973446,0.10705507586771204,0.19866412417114912,0.0,0.3493318534230299,0.3493318534230299,0.3493318534230299,0.3493318534230299,0.7139713712500513,0.3857207979950162,0.811757424267316,0.4314502218627967,0.9157390267311829,0.0
2024-11-03,0.03277890666967559,0.1023320174481771,0.19866412417114912,0.0,0.3493318534230299,0.3493318534230299,0.3493318534230299,0.3493318534230299,0.700757196900611,0.40765327253826594,0.7978509856686902,0.39953329290325074,0.9157833343707695,0.0
2024-11-10,0.032713784666162954,0.10051763582056028,0.19866412417114912,0.0,0.3493318534230299,0.3493318534230299,0.3493318534230299,0.3493318534230299,0.687543022551171,0.4280191417569979,0.7847789333859818,0.36989614458367226,0.9159161159949045,0.0
2024-11-17,0.035337086610127744,0.10106208306671477,0.19866412417114912,0.0,0.3493318534230299,0.3493318534230299,0.3493318534230299,0.3493318534230299,0.6743288482017309,0.44693030603153466,0.772491204240236,0.34237593542977796,0.9160936703534341,0.0
2024-11-24,0.04003680843380811,0.10349692268968486,0.1986641241711493,0.0,0.3493318534230299,0.3493318534230299,0.3493318534230299,0.3493318534230299,0.66806888314928,0.4644906728578903,0.760940738843235,0.31682145550116186,0.9162116690273958,0.0
2024-12-01,0.04630979686611339,0.10742473114069698,0.19866412417114912,0.0,0.3493318534230299,0.3493318534230299,0.3493318534230299,0.3493318534230299,0.6618089180968292,0.48079672776807764,0.750083301370054,0.2930922955674469,0.9162581255227424,0.0
2024-12-08,0.05374391453956384,0.11250982714150118,0.19866412417114912,0.0,0.3493318534230299,0.3493318534230299,0.3493318534230299,0.3493318534230299,0.6555489530443785,0.4959380644703944,0.7398773101452638,0.2710580756289973,0.9163191883499806,0.0
2024-12-15,0.06200302956521317,0.11847003796235153,0.19866412417114912,0.0,0.3493318534230299,0.3493318534230299,0.3493318534230299,0.3493318534230299,0.6492889879919279,0.5099978771225457,0.730283678393961,0.25059772854329415,0.9197161466334665,0.0
2024-12-22,0.07081438906878823,0.12506941358620713,0.19866412417114912,0.0,0.3493318534230299,0.3493318534230299,0.3493318534230299,0.3493318534230299,0.6430290229394771,0.5230534174424006,0.7212656645477364,0.23159883482085541,0.9197931757533642,0.0
2025-01-12,0.05558921728058491,0.10678314496552505,0.0818738515338455,0.16133130081300812,0.07812401756370357,0.3493318534230299,0.3493318534230299,0.3493318534230299,0.6274967788243737,0.5881289896941395,0.6973301964853088,0.348957474880066,0.9152785593218509,0.0
2025-01-19,0.03162438502872841,0.08211597018350167,0.0818738515338455,0.16133130081300812,0.3493318534230299,0.07812401756370357,0.3493318534230299,0.3493318534230299,0.618224499761721,0.6268462373683135,0.6726196852356258,0.32293288499071504,0.9171389385550945,-0.015113637810048184
2025-01-26,0.012262320274820548,0.060973585215792575,0.0778332432270731,0.14227642276422764,0.32653698706545903,0.3493318534230299,0.07812401756370357,0.3493318534230299,0.6082462096029275,0.6638337707240346,0.6498860148859174,0.318048878051916,0.9145191007108115,0.0
2025-02-02,0.0,0.04610009507713694,0.0778332432270731,0.14227642276422764,0.3493318534230299,0.32653698706545903,0.3493318534230299,0.07812401756370357,0.5982679194441338,0.6981793374114899,0.6289710381641856,0.29423204507886147,0.9159320469639081,0.19743519460400288
2025-02-09,0.040352000390423914,0.08376199277903923,0.5185337345616495,0.3850884538888307,0.6471098557704935,0.3493318534230299,0.32653698706545903,0.3493318534230299,0.598409121663362,0.6555698298167573,0.6097292595801924,0.3942337443883859,0.9211305117200919,0.0
2025-02-16,0.07455409377437494,0.1156938993736275,0.5185337345616495,0.3850884538888307,0.3493318534230299,0.6471098557704935,0.3493318534230299,0.32653698706545903,0.5985503238825902,0.6160038584787912,0.5950579333175692,0.3649751352484406,0.9224139378999885,0.0
2025-02-23,0.10354811650215573,0.14277121990617792,0.5185337345616496,0.3850884538888307,0.3493318534230299,0.3493318534230299,0.6471098557704935,0.3493318534230299,0.5986915261018184,0.5792640279506798,0.38844880586427055,0.33780642676134864,0.9231027491983728,0.0
2025-03-02,0.1281313257787745,0.16573543424222156,0.5185337345616496,0.3850884538888307,0.3493318534230299,0.3493318534230299,0.3493318534230299,0.6471098557704935,0.5988327283210466,0.5451484710317193,0.3923149680775597,0.3125783403090489,0.9237974477728113,0.0
2025-03-09,0.14897861899791146,0.18521458080511438,0.5185337345616496,0.3850884538888307,0.3493318534230299,0.3493318534230299,0.3493318534230299,0.3493318534230299,0.5989739305402748,0.5134697396069703,0.3961038070465831,0.2891522600319134,0.9243279207817086,0.0
2025-03-16,0.16666133646581194,0.201740611753985,0.5185337345616496,0.3850884538888307,0.3493318534230299,0.3493318534230299,0.3493318534230299,0.3493318534230299,0.599115132759503,0.48405377471256067,0.39981686923622595,0.2673994712031448,0.9244949957888613,0.0
2025-03-23,0.1816631730178674,0.21576409624085258,0.5185337345616496,0.3850884538888307,0.3493318534230299,0.3493318534230299,0.3493318534230299,0.3493318534230299,0.5992563349787312,0.4567389501677516,0.40345567018207606,0.24720045300500249,0.9246658739763447,0.0
2025-03-30,0.19439364319366742,0.22766667604613766,0.5185337345616496,0.3850884538888307,0.3493318534230299,0.3493318534230299,0.3493318534230299,0.3493318534230299,0.5993975371979594,0.4313751845190003,0.4070216951090091,0.2284442218210132,0.9248006572743384,0.0
2025-04-06,0.2051994762350701,0.2377716164701188,0.5185337345616496,0.3850884538888307,0.3493318534230299,0.3493318534230299,0.3493318534230299,0.3493318534230299,0.5995387394171876,0.40782311641658836,0.4105163995374036,0.21102772143588033,0.924941062920964,0.0
2025-04-13,0.2143742592932113,0.2463527432196274,0.5185337345616496,0.3850884538888307,0.3493318534230299,0.3493318534230299,0.3493318534230299,0.3493318534230299,0.5996799416364158,0.3859533388929201,0.41394120987723015,0.19485525679254262,0.9250263754382706,-0.10536051565782628
2025-04-20,0.19598309988042367,0.22863364017554014,0.33940573602373975,0.18600492495309565,0.1904237927714662,0.3493318534230299,0.3493318534230299,0.3493318534230299,0.6034453341491681,0.3907878760119464,0.4172975240102601,0.2415393559479293,0.9240608621653212,0.0
2025-04-27,0.18238777633034908,0.2152474883236501,0.33940573602373975,0.18600492495309565,0.3493318534230299,0.1904237927714662,0.3493318534230299,0.3493318534230299,0.6072107266619204,0.39527708905104225,0.42058671186062957,0.22318748883944525,0.9250911354748705,0.018349138668196617
2025-05-04,0.17706872289819614,0.2097411959752627,0.38424271356255724,0.19929396662387672,0.377006604464106,0.3493318534230299,0.1904237927714662,0.3493318534230299,0.6126234783990021,0.39193781549729895,0.42381011595399154,0.21643003400702918,0.9273400749277156,0.0
2025-05-11,0.17393062627861589,0.2063049768518767,0.38424271356255724,0.19929396662387672,0.3493318534230299,0.377006604464106,0.3493318534230299,0.1904237927714662,0.6180362301360836,0.38883706148310865,0.4269690519654864,0.1998716898943237,0.9284115591696471,0.0
2025-05-18,0.1725370182913312,0.2045503227615592,0.38424271356255724,0.06859756097560975,0.3493318534230299,0.3493318534230299,0.377006604464106,0.3493318534230299,0.6133294894951431,0.38595778989850343,0.4300648092567513,0.1844960846468115,0.9292181159891229,0.0
2025-05-25,0.17252605647450298,0.2041496666380404,0.38424271356255724,0.06859756097560975,0.3493318534230299,0.3493318534230299,0.3493318534230299,0.377006604464106,0.6086227488542026,0.3832841805699414,0.43309865140219084,0.17021873691697872,0.9303425857155458,0.022472855852058576
2025-06-01,0.17905338486514927,0.2102659675326343,0.44818029632061707,0.15434451219512194,0.3832261250907057,0.3493318534230299,0.3493318534230299,0.3493318534230299,0.6050926933734975,0.3698549185630581,0.4360718167047216,0.16981565552110428,0.931808517453133,-0.024975986070177186
2025-06-08,0.17911909029590103,0.2099891857870535,0.4023799792969327,0.12964939024390226,0.31166228162478754,0.3832261250907057,0.3493318534230299,0.3493318534230299,0.6002565173649312,0.3693084160599051,0.4389855187012017,0.1951502772171615,0.9309372005970573,0.0025031302181184748
2025-06-15,0.1807764943394619,0.21130692001274812,0.40942851644115885,0.1371951219512195,0.3531071535535963,0.31166228162478754,0.3832261250907057,0.3493318534230299,0.5955497767239908,0.36761867983626534,0.4418409466577523,0.18152590586830478,0.9345990863029989,0.0
2025-06-22,0.18306202940095298,0.21327177630335,0.40942851644115885,0.1371951219512195,0.3493318534230299,0.3531071535535963,0.31166228162478754,0.3832261250907057,0.5908430360830503,0.36604963905717125,0.4446392660551718,0.1674607137655082,0.9361827635616775,-0.034685557987889984
2025-06-29,0.17763130067801156,0.20746347606926144,0.3497538811405053,0.034298780487804874,0.2970179982937196,0.3493318534230299,0.3531071535535963,0.31166228162478754,0.5843712677017574,0.3729636623353046,0.447381619064643,0.173681861914224,0.9351524902521282,0.0
2025-07-06,0.17439929802969656,0.20380892636963374,0.3497538811405053,0.034298780487804874,0.3493318534230299,0.2970179982937196,0.3493318534230299,0.3531071535535963,0.5778994993204642,0.3793838268078569,0.4500691250139248,0.16017695866529033,0.9403568422843671,0.15246859364427354
2025-07-13,0.21111104441807232,0.2405667277762399,0.661069624170736,0.41158536585365846,0.5792898065994211,0.3493318534230299,0.2970179982937196,0.3493318534230299,0.579664527060817,0.3610115189352976,0.45270288084422095,0.23761788183550114,0.9472272934400481,-0.0040485885260002205
2025-07-20,0.2394241358350436,0.26860194119571223,0.6522199448967314,0.4006097560975609,0.3432256442133839,0.5792898065994211,0.3493318534230299,0.2970179982937196,0.5811942177691225,0.343951518767921,0.45875177672419054,0.23111513022440666,0.9413871155939164,0.06915513012758004
2025-07-27,0.2811811883513719,0.3093268811765496,0.7340662736998138,0.4115853658536585,0.4536338069970771,0.3432256442133839,0.5792898065994211,0.3493318534230299,0.5925256958621865,0.3439979686674721,0.4645587167689613,0.25888407957745363,0.9504123097855697,0.08817796233782951
2025-08-03,0.3403049549397504,0.3653239926052884,0.8085538691560129,0.41158536585365846,0.4823246439368667,0.4536338069970771,0.3432256442133839,0.5792898065994211,0.6095876306855956,0.35895222572689467,0.4758735361605536,0.30189450329578893,0.9654484128289376,0.0
2025-08-10,0.38579600526455676,0.40678600720669666,0.8085538691560129,0.41158536585365846,0.3493318534230299,0.4823246439368667,0.4536338069970771,0.3432256442133839,0.6257082173808164,0.37283832156778707,0.4958126388434956,0.27923155423388635,0.9696048297234627,-0.10401345493262658
2025-08-17,0.3889948316854875,0.40909532049852904,0.6151752044694487,0.26215628398322194,0.19245547234407345,0.3493318534230299,0.4823246439368667,0.4536338069970771,0.6351216986626973,0.3521231295657187,0.5141566133118022,0.3314577852042504,0.9668436972538705,0.0003845414390781728
2025-08-24,0.3902242732163989,0.4096028540804687,0.6155729797954951,0.2626805965511885,0.34991183097859285,0.19245547234407345,0.3493318534230299,0.4823246439368667,0.6445587136477828,0.3328875941352267,0.5310330698226442,0.30694026226452287,0.9678563087352563,0.0
2025-08-31,0.38978764073804295,0.40861829767732744,0.6155729797954951,0.2626805965511885,0.3493318534230299,0.34991183097859285,0.19245547234407345,0.3493318534230299,0.6539957286328681,0.31502602552119846,0.546559409812619,0.2839169018477107,0.9693693386812798,-0.017452449951226277
2025-09-07,0.38314124954331236,0.4021422533926279,0.5878709865118813,0.23908653099269836,0.32300951665339356,0.3493318534230299,0.34991183097859285,0.19245547234407345,0.6611970418135071,0.2935586780181904,0.5608436426033957,0.2841335528884267,0.9673617775466727,0.009733384221188638
2025-09-14,0.3793422588156145,0.3982611033317259,0.6001372297377561,0.24695121951219517,0.3640120512230179,0.32300951665339356,0.3493318534230299,0.34991183097859285,0.6702928181021244,0.2736247124796829,0.5739851367709102,0.26916647103224944,0.970022826323337,0.01709443335930004
2025-09-21,0.37994483998429895,0.3983085621560146,0.6219384911763025,0.2710506258023107,0.3751142182501518,0.3640120512230179,0.32300951665339356,0.3493318534230299,0.6803064088157251,0.25944447612307525,0.5860753114050237,0.26028170420642605,0.9710884232892143,0.0
2025-09-28,0.3791342221307752,0.3971134250171264,0.6219384911763025,0.2710506258023107,0.3493318534230299,0.3751142182501518,0.3640120512230179,0.32300951665339356,0.6903199995293259,0.2462771137919395,0.597198272068408,0.2405910979366208,0.9715232457240521,0.09078132015353683
2025-10-05,0.4044455633955491,0.4185985357322463,0.7248839697199256,0.4061697689345314,0.48625111049877756,0.3493318534230299,0.3751142182501518,0.3640120512230179,0.7079702769328524,0.25454969273878286,0.6074313958787216,0.28645069789454913,0.987342356482678,0.0425596144187959
2025-10-12,0.4363516889308589,0.4450120585685329,0.7624371999533296,0.41158536585365846,0.41352160939701577,0.48625111049877756,0.3493318534230299,0.3751142182501518,0.7285622672369667,0.26973146932614617,0.6168458697842101,0.2970270172444466,0.9942893422270691,0.10285738543970782
2025-10-19,0.4948806476484432,0.4922227051992578,0.833169963092637,0.41158536585365846,0.5044646139440273,0.41352160939701577,0.48625111049877756,0.3493318534230299,0.7485659149609634,0.29798783413793184,0.6310716635104474,0.3582657083395182,1.0,-0.007547205635382966
2025-10-26,0.5354166863075989,0.5227317833610228,0.816850091325377,0.39951541377583855,0.33794891928143744,0.5044646139440273,0.41352160939701577,0.48625111049877756,0.7682165571368895,0.32422588717744716,0.6579630686184441,0.33800347252254864,0.9932531816414647,0.0
2025-11-02,0.5641212064158603,0.5426115965579039,0.8168500913253771,0.3982048273018491,0.3493318534230299,0.33794891928143744,0.5044646139440273,0.41352160939701577,0.7837135006971858,0.3485897935712827,0.6816275051134812,0.3127613113730204,0.9960437504913306,-0.10536051565782628
2025-11-09,0.5472265909536917,0.5269031178958749,0.6284112628852372,0.22158171841796442,0.1904237927714662,0.3493318534230299,0.33794891928143744,0.5044646139440273,0.7857138654695854,0.335255016865596,0.702452209229114,0.37416156989423377,0.989420564929941,-0.10536051565782628
2025-11-16,0.49839891928158053,0.4868839112700305,0.5135793110524947,0.06262092042246829,0.1904237927714662,0.1904237927714662,0.3493318534230299,0.33794891928143744,0.7807247203901886,0.3073258250391991,0.8551667060770868,0.4226921548479258,0.9885845717301924,0.0
2025-11-23,0.45751099131863254,0.4533034081444776,0.5135793110524947,0.06262092042246829,0.3493318534230299,0.1904237927714662,0.1904237927714662,0.3493318534230299,0.782442680724132,0.2813915754861162,0.8513123669898323,0.39140080210372774,0.989620732315796,0.13994084925460534
2025-11-30,0.4671124303952163,0.4596603471831166,0.6343111008469473,0.27751236956452774,0.5603950664505976,0.3493318534230299,0.1904237927714662,0.1904237927714662,0.7935858891915584,0.27407796942072427,0.8475351146843226,0.46556582591218953,0.9905862455887453,0.0
2025-12-07,0.4723588369377857,0.4624784131729054,0.6343111008469473,0.27751236956452774,0.3493318534230299,0.5603950664505976,0.3493318534230299,0.1904237927714662,0.8047290976589847,0.2672867637885745,0.8438334074249234,0.4312120680919726,0.9924054138896068,-0.008000695792066997
2025-12-14,0.47146049405249796,0.46051269677453954,0.6244693998079105,0.26439944178375463,0.3372649510901914,0.3493318534230299,0.5603950664505976,0.3493318534230299,0.8163547470421075,0.2591155486031224,0.8402057343107119,0.40561083344915233,0.990374303650781,-0.0016406894574598886
2025-12-21,0.46788553556369405,0.45654312401456065,0.6223471857365347,0.2566876475216364,0.34685731371345657,0.3372649510901914,0.3493318534230299,0.5603950664505976,0.8272743853290891,0.25112586780082513,0.8366506146587848,0.37682502066876367,0.9892321720961945,0.0
