,MACD,PPO,RSI,STOCH,Lag_1,Lag_2,Lag_3,Lag_4,SMA,ADX,SAR,ATR,OBV,Target_Return
2010-08-01,0.5306545236841345,2.8902289551102767,52.48774349023103,41.60583941605833,-0.010050335853501562,0.06524052186840094,0.016997576368571077,-0.12398597978099113,19.220714285714283,43.41293349326144,20.968299119999998,1.5743699771101707,102590000.0,-0.09472555540883693
2010-08-08,0.34927684039069007,1.9119934958498639,44.83440496683404,0.24330900243304165,-0.09472555540883693,-0.010050335853501562,0.06524052186840094,0.016997576368571077,19.05,41.287567938935695,20.890933137599998,1.5897721216023013,96530000.0,0.013352883448293792
2010-08-15,0.22153903336146286,1.217316841111398,45.98201671458803,5.839416058394123,0.013352883448293792,-0.09472555540883693,-0.010050335853501562,0.06524052186840094,18.860000000000003,39.31401420991893,20.815114474848,1.5219312557735656,102330000.0,-0.06800472911405742
2010-08-22,0.027994722630740654,0.15508776025327742,41.386378783623464,11.012433392539949,-0.06800472911405742,0.013352883448293792,-0.09472555540883693,-0.010050335853501562,18.672857142857143,36.95411435319291,20.74081218535104,1.5417933089325966,90840000.0,0.01774289433316918
2010-08-29,-0.10082768290051902,-0.5621754552813049,42.94845783643695,16.163410301953785,0.01774289433316918,-0.06800472911405742,0.013352883448293792,-0.09472555540883693,18.42214285714286,34.76277877194731,20.534379697937,1.4859509297231255,97800000.0,-0.01589275504500752
2010-09-05,-0.22134862532073285,-1.2429064328811423,41.871054328172804,11.54529307282416,-0.01589275504500752,0.01774289433316918,-0.06800472911405742,0.013352883448293792,18.21,32.766868365757766,20.336204510019517,1.4005258633143307,94680000.0,-0.11064590394430839
2010-09-12,-0.448863909264535,-2.555289631352084,35.58524715065384,0.0,-0.11064590394430839,-0.01589275504500752,0.01774289433316918,-0.06800472911405742,17.89785714285714,32.064146003241504,20.145956329618738,1.421916873077593,84440000.0,0.02581665119445546
2010-09-19,-0.5916879760664919,-3.4065116337779693,37.831890714242014,12.62135922330097,0.02581665119445546,-0.11064590394430839,-0.01589275504500752,0.01774289433316918,17.541428571428572,31.71874357077709,19.808998949841612,1.3917799535720508,92200000.0,0.04971592759128245
2010-09-26,-0.6362175101584384,-3.6896192199284763,42.17572925612306,23.162274618585297,0.04971592759128245,0.02581665119445546,-0.11064590394430839,-0.01589275504500752,17.303571428571427,30.756509395966038,19.344279033854285,1.34665281403119,97570000.0,0.020840665871851703
2010-10-03,-0.6375301934480433,-3.717086963556284,44.00525415229687,28.653295128939828,0.020840665871851703,0.04971592759128245,0.02581665119445546,-0.11064590394430839,16.95714285714286,28.579021822779286,18.91673671114594,1.4104633273146763,226590000.0,0.06062462181643484
2010-10-10,-0.5515212678949055,-3.217719490294247,49.24573836533916,54.54545454545455,0.06062462181643484,0.020840665871851703,0.04971592759128245,0.02581665119445546,16.75642857142857,26.55706907624873,18.523397774254267,1.3940016610779136,244870000.0,-0.011834457647002796
2010-10-17,-0.49380463086159665,-2.885226588486991,48.272677060774704,50.90909090909092,-0.011834457647002796,0.06062462181643484,0.020840665871851703,0.04971592759128245,16.70642857142857,25.126539241834905,18.161525952313927,1.4065729710009198,221030000.0,-0.005371543801910877
2010-10-24,-0.45013712742112233,-2.634701397241161,47.81481858462659,49.272727272727295,-0.005371543801910877,-0.011834457647002796,0.06062462181643484,0.020840665871851703,16.628571428571426,23.696719180042216,17.828603876128813,1.34824633021514,214570000.0,-0.012646961700767421
2010-10-31,-0.4275470648689428,-2.5088419430768614,46.701743560734535,45.45454545454545,-0.012646961700767421,-0.005371543801910877,-0.011834457647002796,0.06062462181643484,16.45,22.5659248970997,17.522315566038507,1.28337159234263,209290000.0,0.030441025501235553
2010-11-07,-0.3642922060047695,-2.137956810396317,49.760486072125545,61.42857142857148,0.030441025501235553,-0.012646961700767421,-0.005371543801910877,-0.011834457647002796,16.321428571428573,21.062218720277226,14.0,1.284559335746728,221010000.0,0.0023487973217553287
2010-11-14,-0.3073911945755192,-1.8039321993452089,50.00283982702873,81.33333333333334,0.0023487973217553287,0.030441025501235553,-0.012646961700767421,-0.005371543801910877,16.31714285714286,19.665920127513505,14.066,1.2078050974791046,226750000.0,-0.002348797321755378
2010-11-21,-0.2624984796998895,-1.5406796322512677,49.744415532224124,89.0532544378699,-0.002348797321755378,0.0023487973217553287,0.030441025501235553,-0.012646961700767421,16.29357142857143,18.802176366114388,14.13068,1.1601047333734544,210210000.0,0.03636764417087479
2010-11-28,-0.174078278817845,-1.0190480091471332,53.79478728148107,91.22807017543865,0.03636764417087479,-0.002348797321755378,0.0023487973217553287,0.030441025501235553,16.396428571428572,17.83379629807381,14.1940664,1.1486686809896365,222170000.0,-0.09072885338976228
2010-12-05,-0.22487067665877447,-1.3219592826662716,44.42956333848075,52.88220551378447,-0.09072885338976228,0.03636764417087479,-0.002348797321755378,0.0023487973217553287,16.369285714285716,16.969968167680538,14.345903744000001,1.1766209180618052,178550000.0,-0.0131210879626971
2010-12-12,-0.27885479831011395,-1.6472839401472885,43.31493973878696,47.61904761904764,-0.0131210879626971,-0.09072885338976228,0.03636764417087479,-0.002348797321755378,16.345714285714287,16.40572885166763,14.49166759424,1.1482908524859619,151020000.0,-0.02483413203773838
2010-12-19,-0.3490833289678861,-2.075022864858046,41.245454747823366,37.844611528822064,-0.02483413203773838,-0.0131210879626971,-0.09072885338976228,0.03636764417087479,16.415714285714287,16.127766283074283,14.6316008904704,1.1012700773083932,134920000.0,0.031103745051333856
2010-12-26,-0.3610392053639444,-2.1538972795847324,44.81306186918534,35.389610389610404,0.031103745051333856,-0.02483413203773838,-0.0131210879626971,-0.09072885338976228,16.49357142857143,15.869658183666177,14.765936854851585,1.0576079289292222,150130000.0,0.009331327428884222
2011-01-02,-0.3543261261259403,-2.1195819195133963,45.896100586231576,38.25503355704696,0.009331327428884222,0.031103745051333856,-0.02483413203773838,-0.0131210879626971,16.527857142857144,14.787372554863115,14.894899380657522,1.046350219719992,224700000.0,-0.006211200092640524
2011-01-09,-0.3530058945163823,-2.117942036806179,45.25842390889627,21.774193548387146,-0.006211200092640524,0.009331327428884222,0.031103745051333856,-0.02483413203773838,16.53142857142857,13.78239304240313,15.018703405431221,1.0044680611685641,209270000.0,-0.003120127336243634
2011-01-16,-0.35193726981355056,-2.1178122063715317,44.92234454486931,19.758064516129053,-0.003120127336243634,-0.006211200092640524,0.009331327428884222,0.031103745051333856,16.46,13.110057505830298,15.137555269213973,1.0034346282279525,145540000.0,0.000624804768842178
2011-01-23,-0.3462916263020581,-2.0895015802881107,45.01029508056959,20.16129032258073,0.000624804768842178,-0.003120127336243634,-0.006211200092640524,0.009331327428884222,16.40357142857143,12.485745936155524,15.251653058445413,0.9817607262116701,171680000.0,-0.03108401225355073
2011-01-30,-0.37701037709730656,-2.285613013416791,41.51228953031406,4.633204633204606,-0.03108401225355073,0.000624804768842178,-0.003120127336243634,-0.006211200092640524,16.318571428571428,11.962124534711526,15.361186936107597,0.983063531482265,146300000.0,-0.006464146619889238
2011-02-06,-0.4047585678674004,-2.4657381865730263,40.81515169681115,14.046822742474921,-0.006464146619889238,-0.03108401225355073,0.000624804768842178,-0.003120127336243634,16.241428571428575,11.892483218793133,17.99,0.9842732792335317,135960000.0,-0.006506203822738167
2011-02-13,-0.4298631780961948,-2.6316796102930664,40.09010850185633,10.702341137123762,-0.006506203822738167,-0.006464146619889238,-0.03108401225355073,0.000624804768842178,16.120714285714286,11.827816282583198,17.9302,0.9439680450025651,127670000.0,-0.0013063359140554128
2011-02-20,-0.44622874818318436,-2.744744381733082,39.93730409130171,10.03344481605354,-0.0013063359140554128,-0.006506203822738167,-0.006464146619889238,-0.03108401225355073,15.995714285714287,11.7677684132454,17.871596,0.885113184645239,119100000.0,0.04473589384139152
2011-02-27,-0.3981250922891384,-2.451736994528753,47.482270764039434,58.62785862785864,0.04473589384139152,-0.0013063359140554128,-0.006506203822738167,-0.006464146619889238,15.92357142857143,13.5202894846964,17.81416408,0.9733193857420078,148640000.0,-0.13926206733350766
2011-03-06,-0.5218259306366608,-3.247862195081191,33.86805254752532,17.129629629629633,-0.13926206733350766,0.04473589384139152,-0.0013063359140554128,-0.006506203822738167,15.657857142857143,15.147630479615186,17.628797516800002,1.08236800104615,141450000.0,-0.16522712343465445
2011-03-13,-0.7819126167421366,-4.964305383796653,25.760742059444297,1.185770750988152,-0.16522712343465445,-0.13926206733350766,0.04473589384139152,-0.0013063359140554128,15.35,17.65524162208227,17.450845616128003,1.1657702866857107,122200000.0,0.09684982598991762
2011-03-20,-0.8810470560926724,-5.667012600253358,35.214309773336225,24.90118577075098,0.09684982598991762,-0.16522712343465445,-0.13926206733350766,0.04473589384139152,15.142857142857142,19.98373768294456,17.108194879160322,1.2253581233510171,134150000.0,0.00918842605440617
2011-03-27,-0.9391034167679599,-6.111103170874482,36.090726546777255,27.27272727272725,0.00918842605440617,0.09684982598991762,-0.16522712343465445,-0.13926206733350766,14.972142857142856,22.145912596602404,16.786103186410703,1.2171182573973731,146850000.0,0.0627743897529276
2011-04-03,-0.9060808683879973,-5.936191579343214,42.06886527515334,44.071146245059296,0.0627743897529276,0.00918842605440617,0.09684982598991762,-0.16522712343465445,14.827142857142857,22.73496994284474,16.48333699522606,1.2001812390118463,152570000.0,0.03723647615765832
2011-04-10,-0.8276035912425783,-5.442216739423112,45.492593287229134,54.54545454545454,0.03723647615765832,0.0627743897529276,0.00918842605440617,0.09684982598991762,14.709285714285715,22.71049659646469,16.198736775512497,1.1680254362252858,160670000.0,-0.08563301701950837
2011-04-17,-0.8516159400176182,-5.6523513303612765,39.80440306694073,31.027667984189726,-0.08563301701950837,0.03723647615765832,0.0627743897529276,0.00918842605440617,14.513571428571428,23.101999244489118,15.931212568981747,1.181023619352051,145040000.0,-0.015903402199914412
2011-04-24,-0.8774761455819089,-5.880850361122199,38.88050858989602,27.419354838709673,-0.015903402199914412,-0.08563301701950837,0.03723647615765832,0.0627743897529276,14.306428571428572,23.879479264594245,15.679739814842844,1.14380764654119,135910000.0,0.015151805020602246
2011-05-01,-0.8717828462880401,-5.890090831980547,40.301687311085516,33.47639484978543,0.015151805020602246,-0.015903402199914412,-0.08563301701950837,0.03723647615765832,14.112857142857141,24.668750980847104,15.443355425952273,1.1192499575025334,141380000.0,0.12028616587450203
2011-05-08,-0.7217749012995327,-4.871725198709054,50.77846496914562,76.52582159624413,0.12028616587450203,0.015151805020602246,-0.015903402199914412,-0.08563301701950837,14.075714285714286,23.413701182645926,15.221154100395136,1.1650178176809238,153600000.0,-0.1232982163444936
2011-05-15,-0.7348253728749263,-4.9986888137056535,42.547913282888715,41.53005464480873,-0.1232982163444936,0.12028616587450203,0.015151805020602246,-0.015903402199914412,13.921428571428573,22.34287346823507,15.04,1.2125165449894293,142010000.0,0.01793770068666725
2011-05-22,-0.7175307238485242,-4.910743873536573,43.898645936164094,48.48484848484849,0.01793770068666725,-0.1232982163444936,0.12028616587450203,0.015151805020602246,13.791428571428572,21.411805800527425,14.841999999999999,1.1751939346330416,151960000.0,0.02919915469226235
2011-05-29,-0.6638949649378283,-4.560110614636661,46.17018350419567,65.45454545454548,0.02919915469226235,0.01793770068666725,-0.1232982163444936,0.12028616587450203,13.69142857142857,20.098265191203847,14.655879999999998,1.1455372250163958,162330000.0,0.007168489478612497
2011-06-05,-0.6063296841395562,-4.176584143100788,46.75066114011597,68.4848484848485,0.007168489478612497,0.02919915469226235,0.01793770068666725,-0.1232982163444936,13.548571428571426,18.87854891111767,14.480927199999998,1.077998851800939,168970000.0,-0.05129329438755046
2011-06-12,-0.6101593965153906,-4.229234295059816,43.23594487760578,47.2727272727273,-0.05129329438755046,0.007168489478612497,0.02919915469226235,0.01793770068666725,13.504285714285714,18.454058984413347,14.316471567999999,1.0509989338151575,157120000.0,-0.0228146777661714
2011-06-19,-0.630138123915085,-4.399955360584638,41.78603317009447,33.114754098360656,-0.0228146777661714,-0.05129329438755046,0.007168489478612497,0.02919915469226235,13.59,18.926827673586224,14.16188327392,1.0494990099712178,143260000.0,-0.015504186535965199
2011-06-26,-0.6545643277306272,-4.606764372013066,40.803632049685085,26.072607260726105,-0.015504186535965199,-0.0228146777661714,-0.05129329438755046,0.007168489478612497,13.575714285714286,19.365827170675324,14.0165702774848,0.988820509258988,139600000.0,-0.06453852113757118
2011-07-03,-0.7300599081817722,-5.197949182510635,37.0512641711219,3.1847133757961683,-0.06453852113757118,-0.015504186535965199,-0.0228146777661714,-0.05129329438755046,13.495714285714287,20.435950509104593,13.87997606083571,0.9824761871690603,132910000.0,-0.07346715188187251
2011-07-10,-0.8486953639975479,-6.136316618105616,33.523720344486904,3.7128712871287224,-0.07346715188187251,-0.06453852113757118,-0.015504186535965199,-0.0228146777661714,13.294285714285715,21.98123457143343,13.751577497185568,0.9851564595141273,126030000.0,0.04386668210558172
2011-07-17,-0.8920855887649211,-6.526262985173924,37.304993909991346,31.376518218623495,0.04386668210558172,-0.07346715188187251,-0.06453852113757118,-0.015504186535965199,13.090714285714286,23.881365794398466,13.531451297410722,1.027645283834547,138550000.0,-0.07114110002524107
2011-07-24,-0.9797322253916114,-7.27866044143458,33.97505527399545,15.182186234817815,-0.07114110002524107,0.04386668210558172,-0.07346715188187251,-0.06453852113757118,12.915000000000001,24.398379918660247,13.18830616766965,1.0842420492749365,126620000.0,-0.02519965355631517
2011-07-31,-1.0587746646245861,-7.992574664778869,32.907423244130754,9.71659919028341,-0.02519965355631517,-0.07114110002524107,0.04386668210558172,-0.07346715188187251,12.735,25.054364655982862,12.879475550902685,1.051796188612441,119670000.0,0.11420596713942611
2011-08-07,-1.006528431378344,-7.65756305245281,42.18312775305375,39.31297709923663,0.11420596713942611,-0.02519965355631517,-0.07114110002524107,0.04386668210558172,12.632142857142858,26.098310670904088,12.601527995812416,1.123810746568695,146270000.0,-0.022166295457260378
2011-08-14,-0.9748651041184289,-7.481782189942137,40.944845270024764,35.78528827037771,-0.022166295457260378,0.11420596713942611,-0.02519965355631517,-0.07114110002524107,12.389285714285716,27.067689113330943,12.265344636314927,1.1049671218137882,130320000.0,0.017094433359300255
2011-08-21,-0.9229936641954932,-7.133560578434156,42.346836902743696,45.45454545454547,0.017094433359300255,-0.022166295457260378,0.11420596713942611,-0.02519965355631517,12.284999999999998,27.776230366074092,9.8,1.0974694702556604,135060000.0,-0.14473189929504482
2011-08-28,-0.9986728076838443,-7.840955309232564,35.193593055687444,9.318181818181824,-0.14473189929504482,0.017094433359300255,-0.022166295457260378,0.11420596713942611,12.049999999999999,28.899211443415535,9.8438,1.1326502223802561,130760000.0,-0.07207583357007913
2011-09-04,-1.1032228738620802,-8.827992211279996,32.54952507066125,1.709401709401711,-0.07207583357007913,-0.14473189929504482,0.017094433359300255,-0.022166295457260378,11.735714285714286,30.350745972795558,11.99,1.1081752064959522,125110000.0,-0.02127739844728485
2011-09-11,-1.1885173943850607,-9.694216515032046,31.82421609025721,3.885480572597163,-0.02127739844728485,-0.07207583357007913,-0.14473189929504482,0.017094433359300255,11.400000000000002,31.84747231533424,11.938600000000001,1.060448406031956,119320000.0,-0.08408311721054144
2011-09-18,-1.3016282877362837,-10.86025436757156,29.196795840751548,0.0,-0.08408311721054144,-0.02127739844728485,-0.07207583357007913,-0.14473189929504482,11.060714285714285,33.494484319909795,11.825456,1.0382735198868163,109420000.0,-0.2000211338933556
2011-09-25,-1.4990612863705906,-12.905176093105355,24.664667397558873,3.70370370370371,-0.2000211338933556,-0.08408311721054144,-0.02127739844728485,-0.07207583357007913,10.632142857142856,35.67446761295186,11.628928640000002,1.0912539827520438,102380000.0,0.03371105734231166
2011-10-02,-1.6175166410114787,-14.324671816950724,26.565446727726496,7.966101694915265,0.03371105734231166,-0.2000211338933556,-0.08408311721054144,-0.02127739844728485,10.235,37.69873781363378,11.240214348800002,1.0625929839840407,118880000.0,-0.10781902949603359
2011-10-09,-1.7509216437527844,-16.009343475420774,24.51185401976062,0.0,-0.10781902949603359,0.03371105734231166,-0.2000211338933556,-0.08408311721054144,9.842142857142857,39.74305780536868,10.882597200896003,1.043836342270895,103420000.0,0.0
2011-10-16,-1.8354877097893887,-17.302510383256372,24.51185401976062,8.862629246676509,0.0,-0.10781902949603359,0.03371105734231166,-0.2000211338933556,9.51,41.81871730528584,10.444337480806402,1.0121337463944025,136450000.0,-0.08004270767353637
2011-10-23,-1.9207119756609234,-18.70786874973479,23.111818786990142,1.4771048744460804,-0.08004270767353637,0.0,-0.10781902949603359,0.03371105734231166,9.106428571428571,43.74611541235178,9.899016983109634,0.9819813359376593,96100000.0,-0.1783295355244173
2011-10-30,-2.043771306749324,-20.689692732814862,20.62523823844839,0.0,-0.1783295355244173,-0.08004270767353637,0.0,-0.10781902949603359,8.69,45.786656623915306,9.419134945136477,0.9818398119421123,87700000.0,-0.003992021269537338
2011-11-06,-2.1184899130806985,-22.26038478589262,20.576582925922054,0.5689900426742537,-0.003992021269537338,-0.1783295355244173,-0.08004270767353637,0.0,8.291428571428572,47.69747388678179,8.803256052817371,0.9224226825176757,71200000.0,-0.026343975339601977
2011-11-13,-2.163258166894959,-23.583788228985682,20.242318933522384,7.412223667100133,-0.026343975339601977,-0.003992021269537338,-0.1783295355244173,-0.08004270767353637,7.792142857142857,49.64364729038558,8.188335084366592,0.9065353480521274,60480000.0,-0.020747632194248657
2011-11-20,-2.1816577028816866,-24.66117708468205,19.973529319466408,6.111833550065016,-0.020747632194248657,-0.026343975339601977,-0.003992021269537338,-0.1783295355244173,7.304285714285714,51.43297135554351,7.488434769180605,0.8603542517626898,49050000.0,-0.08074176397603415
2011-11-27,-2.2007267672259143,-25.838755426696686,18.969833430359998,1.4164305949008575,-0.08074176397603415,-0.020747632194248657,-0.026343975339601977,-0.003992021269537338,6.775714285714286,53.189271006674815,6.914516510728096,0.8267575194939261,17550000.0,0.022472855852058576
2011-12-04,-2.182610202057136,-26.553767541993174,20.137909078257266,5.093378607809845,0.022472855852058576,-0.08074176397603415,-0.020747632194248657,-0.026343975339601977,6.367857142857143,54.86715412649875,6.443903538797039,0.794131982387217,39030000.0,-0.11279549414534452
2011-12-11,-2.1818338595225413,-27.588441562230315,18.74137478536079,0.3603603603603526,-0.11279549414534452,0.022472855852058576,-0.08074176397603415,-0.020747632194248657,5.976428571428571,56.47818107100135,5.995122831037631,0.7731225550738444,15480000.0,0.1605268969665343
2011-12-18,-2.1005209545792267,-27.377906220277893,26.722255307397944,14.09001956947162,0.1605268969665343,-0.11279549414534452,0.022472855852058576,-0.08074176397603415,5.649285714285715,57.37436691690599,5.596098264830105,0.7700423725685699,26440000.0,-0.004246290881450985
2011-12-25,-2.0144721435315676,-27.032095390777588,26.641743306962496,16.949152542372882,-0.004246290881450985,0.1605268969665343,-0.11279549414534452,0.022472855852058576,5.374285714285714,58.10137134623841,5.276878611864084,0.7221822030993863,18860000.0,0.03962979477076776
2012-01-01,-1.9089413412175142,-26.28541117529295,28.83535662637641,24.119241192411913,0.03962979477076776,-0.004246290881450985,0.1605268969665343,-0.11279549414534452,5.223571428571428,58.512928398855315,5.021502889491267,0.6891691885922873,24060000.0,-0.0396297947707676
2012-01-08,-1.8196628910715464,-25.728504174148902,27.935743085549547,21.212121212121218,-0.0396297947707676,0.03962979477076776,-0.004246290881450985,0.1605268969665343,5.042142857142857,58.89508851914244,4.92,0.653514246549981,11470000.0,-0.012848142477849137
2012-01-15,-1.7337648131387047,-25.1548542612551,27.64245822077166,25.599999999999987,-0.012848142477849137,-0.0396297947707676,0.03962979477076776,-0.004246290881450985,4.909285714285715,58.79510007706559,4.0,0.6268346575106966,7380000.0,0.06669137449867235
2012-01-22,-1.62118068013561,-24.020237054019884,31.757442041428064,43.63636363636363,0.06669137449867235,-0.012848142477849137,-0.0396297947707676,0.03962979477076776,4.799285714285714,58.78676967454618,4.018,0.6156321819742183,26650000.0,-0.032789822822990956
2012-01-29,-1.527262277581782,-23.123376245243055,30.81384850211127,40.20100502512562,-0.032789822822990956,0.06669137449867235,-0.012848142477849137,-0.0396297947707676,4.713571428571428,58.42455625904064,4.05568,0.5930870261189168,2940000.0,-0.08247622182423843
2012-02-05,-1.4665881755514976,-22.762500788770286,28.63752606589297,37.83783783783782,-0.08247622182423843,-0.032789822822990956,0.06669137449867235,-0.012848142477849137,4.670714285714285,58.40467291733698,4.118339199999999,0.5821522385389942,-13770000.0,-0.20520585062754246
2012-02-12,-1.467751335777896,-23.550307298558142,24.599904139223796,0.0,-0.20520585062754246,-0.08247622182423843,-0.032789822822990956,0.06669137449867235,4.570714285714286,58.83806307909165,5.1,0.5991413643576375,-34960000.0,0.0408219945202552
2012-02-19,-1.4399703207327335,-23.806961316976462,26.63753796045357,9.999999999999996,0.0408219945202552,-0.20520585062754246,-0.08247622182423843,-0.032789822822990956,4.490714285714286,59.240496800720976,5.069999999999999,0.5799169811892348,1740000.0,-0.013423020332140661
2012-02-26,-1.405783254008088,-23.930012080842193,26.3816092813356,6.666666666666675,-0.013423020332140661,0.0408219945202552,-0.20520585062754246,-0.08247622182423843,4.414285714285715,59.620024905904195,5.0405999999999995,0.5613514825328609,-52170000.0,0.026668247082161273
2012-03-04,-1.355000985161051,-23.685142348760277,27.874164508023853,13.333333333333318,0.026668247082161273,-0.013423020332140661,0.0408219945202552,-0.20520585062754246,4.371428571428571,59.74394991577507,5.011787999999999,0.5433978052090851,-27170000.0,0.025975486403260736
2012-03-11,-1.2917954926437307,-23.125551569387397,29.41529487526803,19.999999999999993,0.025975486403260736,0.026668247082161273,-0.013423020332140661,0.0408219945202552,4.328571428571428,59.9430673309572,4.983552239999999,0.529583676265579,3350000.0,0.0
2012-03-18,-1.2275542037182667,-22.47806746575784,29.41529487526803,19.999999999999993,0.0,0.025975486403260736,0.026668247082161273,-0.013423020332140661,4.319999999999999,59.78920608142092,4.955881195199999,0.5146134136751805,37260000.0,-0.031252543504104426
2012-03-25,-1.1728061374237493,-21.97668546168005,28.565828945050157,11.999999999999984,-0.031252543504104426,0.0,0.025975486403260736,0.026668247082161273,4.252857142857143,59.72191100910352,4.928763571295999,0.4985695984126676,23590000.0,0.005277057100843819
2012-04-01,-1.1149515995870338,-21.34789453273723,28.9341842572277,13.333333333333318,0.005277057100843819,-0.031252543504104426,0.0,0.025975486403260736,4.188571428571429,59.659422727665934,4.902188299870079,0.4722431985260485,56560000.0,-0.0540672212702757
2012-04-08,-1.0728723850473045,-21.026136276566223,27.411936548002615,0.0,-0.0540672212702757,0.005277057100843819,-0.031252543504104426,0.0,4.096428571428571,59.67544302628418,4.876144533872677,0.45279725577418795,39130000.0,0.024692612590371414
2012-04-15,-1.0204983863617927,-20.418416623075654,29.216626257970077,9.032258064516139,0.024692612590371414,-0.0540672212702757,0.005277057100843819,-0.031252543504104426,4.024285714285715,59.46260032932614,4.850621643195224,0.4383117375046031,81080000.0,-0.01364277640378649
2012-04-22,-0.9718236194559151,-19.843893015867327,28.788406077484026,5.8064516129032455,-0.01364277640378649,0.024692612590371414,-0.0540672212702757,0.005277057100843819,3.9528571428571433,59.26496068215083,4.798596777467415,0.4141466133971315,55360000.0,-0.1102564862700331
2012-04-29,-0.9529265955899886,-19.952153492058283,25.704859105108923,1.6042780748663,-0.1102564862700331,-0.01364277640378649,0.024692612590371414,-0.0540672212702757,3.8314285714285714,59.45833024896783,4.748652906368718,0.4145647124401935,-1210000.0,0.14799681425288003
2012-05-06,-0.8857801911868854,-18.83726208947562,35.83339034858763,38.922155688622745,0.14799681425288003,-0.1102564862700331,-0.01364277640378649,0.024692612590371414,3.758571428571429,59.11447406730359,4.657533731986595,0.43138151869446545,89340000.0,0.005277057100843819
2012-05-13,-0.8214828066410131,-17.72178166730061,36.193687677293404,55.83333333333333,0.005277057100843819,0.14799681425288003,-0.1102564862700331,-0.01364277640378649,3.7142857142857144,57.44998554395663,4.535331033427667,0.4269971245020037,206570000.0,0.025975486403260736
2012-05-20,-0.7537685275051755,-16.45436381441773,38.06624051044631,75.49019607843134,0.025975486403260736,0.005277057100843819,0.14799681425288003,-0.1102564862700331,3.7357142857142853,56.04612972510545,4.4229045507534535,0.41721161560900344,239820000.0,-0.012903404835907841
2012-05-27,-0.6961146788659272,-15.377568977092487,37.47405763734805,70.58823529411762,-0.012903404835907841,0.025975486403260736,0.005277057100843819,0.14799681425288003,3.742857142857143,54.7425493218865,4.319472186693178,0.3945536430655032,198300000.0,-0.07271034788708394
2012-06-03,-0.6645498153580727,-14.91130644258583,34.365118996281794,44.11764705882352,-0.07271034788708394,-0.012903404835907841,0.025975486403260736,0.005277057100843819,3.734285714285714,53.89011206274092,4.224314411757724,0.38779981141796727,176510000.0,0.05171220104731048
2012-06-10,-0.6170895967652177,-14.006241703675348,38.24760380248234,62.74509803921567,0.05171220104731048,-0.07271034788708394,-0.012903404835907841,0.025975486403260736,3.732142857142857,53.146338948942756,4.136769258817106,0.37581411060239817,201640000.0,0.033901551675681416
2012-06-17,-0.5625029343717816,-12.876781105238988,40.82674407974706,75.49019607843134,0.033901551675681416,0.05171220104731048,-0.07271034788708394,-0.012903404835907841,3.732142857142857,51.925312337962104,4.056227718111737,0.3646845312736554,212280000.0,0.06933469340106417
2012-06-24,-0.4909891340991823,-11.275704772566371,46.052968598378634,98.1308411214953,0.06933469340106417,0.033901551675681416,0.05171220104731048,-0.07271034788708394,3.7521428571428572,49.68404882784727,3.13,0.36363563618267997,236690000.0,-0.0465200156348927
2012-07-01,-0.44452118079046077,-10.27223159919499,43.260825621945074,74.13793103448278,-0.0465200156348927,0.06933469340106417,0.033901551675681416,0.05171220104731048,3.7671428571428573,47.29711408362785,3.1513999999999998,0.36480451931248853,225190000.0,0.10008345855698243
2012-07-08,-0.36954462271906463,-8.52757722033918,50.417176844476394,109.40170940170944,0.10008345855698243,-0.0465200156348927,0.06933469340106417,0.033901551675681416,3.8107142857142855,45.04553634264597,3.196944,0.3658899107901679,242860000.0,0.07426992858779523
2012-07-15,-0.2794684632874116,-6.403402791455647,55.32906009209219,100.0,0.07426992858779523,0.10008345855698243,-0.0465200156348927,0.06933469340106417,3.892857142857143,42.10833821909842,3.26312736,0.37975491716229876,263680000.0,-0.04742267855160718
2012-07-22,-0.22326100546161598,-5.1011931723699036,51.756264614156635,74.86631016042782,-0.04742267855160718,0.07426992858779523,0.10008345855698243,-0.0465200156348927,3.9528571428571424,40.01501183818841,3.3820771711999997,0.393343851650706,221270000.0,0.08664339170488851
2012-07-29,-0.1439729857352905,-3.258506828098473,57.291262464970565,96.7914438502674,0.08664339170488851,-0.04742267855160718,0.07426992858779523,0.10008345855698243,4.045714285714285,38.071208770200535,3.5438694540799998,0.398105005104227,233480000.0,-0.09328793442355714
2012-08-05,-0.11531173967352082,-2.606256961853555,50.584028627841775,73.26203208556149,-0.09328793442355714,0.08664339170488851,-0.04742267855160718,0.07426992858779523,4.134285714285714,36.39693348788946,3.6894825086719996,0.40466893331106796,222870000.0,0.0
2012-08-12,-0.09154225356047174,-2.0664081627373476,50.584028627841775,65.51724137931035,0.0,-0.09328793442355714,0.08664339170488851,-0.04742267855160718,4.185714285714286,34.661323223266514,3.8205342578047996,0.3929068666459917,232500000.0,-0.022472855852058514
2012-08-19,-0.07985342821764974,-1.8034583407472728,49.069818329584606,58.62068965517245,-0.022472855852058514,0.0,-0.09328793442355714,0.08664339170488851,4.228571428571429,32.82738727514597,3.93848083202432,0.3726992333141352,225630000.0,-0.05368850511350549
2012-08-26,-0.08813308439387058,-1.9990725880412206,45.68265138505469,42.758620689655174,-0.05368850511350549,-0.022472855852058514,0.0,-0.09328793442355714,4.247857142857144,31.02479377616844,5.0,0.37607785950598266,199400000.0,0.17951987395271732
2012-09-02,-0.028202523456221762,-0.6335143089083747,57.0623575284758,99.31034482758622,0.17951987395271732,-0.05368850511350549,-0.022472855852058514,0.0,4.329285714285715,29.804798649384306,4.03,0.40850086954126963,226930000.0,-0.03881999184958209
2012-09-09,0.003916320850555266,0.08746563793580402,54.227467356151585,86.20689655172413,-0.03881999184958209,0.17951987395271732,-0.05368850511350549,-0.022472855852058514,4.416428571428572,28.67194603165618,4.03,0.41289366457403615,189380000.0,0.020619287202735825
2012-09-16,0.03701323509830878,0.8209026310107344,55.48107681794658,92.42424242424245,0.020619287202735825,-0.03881999184958209,0.17951987395271732,-0.05368850511350549,4.497142857142857,27.69687132025593,4.0494,0.39840125996160497,217160000.0,0.01820070464684637
2012-09-23,0.06970154984970112,1.5337605735610322,56.632277727755245,99.13043478260872,0.01820070464684637,0.020619287202735825,-0.03881999184958209,0.17951987395271732,4.575,26.79144480252713,4.068412,0.3828011699643475,229800000.0,0.05079216684010513
2012-09-30,0.11525847394438493,2.5073920407873103,59.86139811049256,84.27672955974843,0.05079216684010513,0.01820070464684637,0.020619287202735825,-0.03881999184958209,4.651428571428572,27.132202847380718,4.08704376,0.3918868006811798,263490000.0,0.15333401992070234
2012-10-07,0.2190394432613676,4.6509329477995545,68.35286330555311,75.60137457044674,0.15333401992070234,0.05079216684010513,0.01820070464684637,0.020619287202735825,4.803571428571429,29.198604782470426,4.1435620096,0.48032345777538127,322480000.0,-0.0519815256604149
2012-10-14,0.27312379878593873,5.700657071465278,63.22063058998704,63.571428571428555,-0.0519815256604149,0.15333401992070234,0.05079216684010513,0.01820070464684637,4.903571428571429,30.803386756118634,4.304748289024,0.518871782219997,293920000.0,-0.010380716054560741
2012-10-21,0.3075987348945244,6.326427944659782,62.24645224257183,61.42857142857142,-0.010380716054560741,-0.0519815256604149,0.15333401992070234,0.05079216684010513,4.9750000000000005,32.29354144593483,4.45626339168256,0.5168095120614257,275490000.0,-0.053584246134106284
2012-10-28,0.30717198985259486,6.261570797732023,57.47740637371731,50.714285714285715,-0.053584246134106284,-0.010380716054560741,-0.0519815256604149,0.15333401992070234,5.040714285714286,32.7102467135778,4.5986875881816065,0.5291802611998954,238530000.0,0.0
2012-11-04,0.3033371099496289,6.132990035599073,57.47740637371731,50.714285714285715,0.0,-0.053584246134106284,-0.010380716054560741,-0.0519815256604149,5.077142857142858,32.911078035286316,4.73256633289071,0.5270959568284742,358700000.0,0.0
2012-11-11,0.2968757412512977,5.957383151897528,57.4774063737173,50.714285714285715,0.0,0.0,-0.053584246134106284,-0.010380716054560741,5.1450000000000005,33.30598907267992,4.858412352917267,0.5137319599121546,395380000.0,0.05358424613410626
2012-11-18,0.31236183994917255,6.197513666062929,61.191070397587474,61.42857142857142,0.05358424613410626,0.0,0.0,-0.053584246134106284,5.234285714285714,33.83486066581329,4.976707611742231,0.5006082484898579,423890000.0,0.0
2012-11-25,0.32093514417173363,6.3018669839052865,61.191070397587474,61.42857142857142,0.0,0.05358424613410626,0.0,0.0,5.3307142857142855,34.32595571657998,5.0879051550376975,0.4827076593120109,455720000.0,0.0
2012-12-02,0.3239947398541192,6.301697458157272,61.191070397587474,58.93536121673003,0.0,0.0,0.05358424613410626,0.0,5.4435714285714285,34.78197254943477,5.192430845735435,0.45894282650401014,466470000.0,0.010380716054560818
2012-12-09,0.3274859360171938,6.308828528912859,62.01963438134279,55.844155844155836,0.010380716054560818,0.0,0.0,0.05358424613410626,5.502142857142857,35.53268876923005,5.2906849949913095,0.4540183388965809,501420000.0,0.032178898364235195
2012-12-16,0.34164586536413655,6.506490129147862,64.59725146280067,59.31372549019608,0.032178898364235195,0.010380716054560818,0.0,0.0,5.5878571428571435,36.58460016452243,5.383043895291831,0.4487313146896823,530640000.0,-0.0033389012655145986
2012-12-23,0.3472509853326624,6.545904556109343,64.10407090428669,57.71144278606967,-0.0033389012655145986,0.032178898364235195,0.010380716054560818,0.0,5.665,37.63230833345869,5.469861261574321,0.4373933636404193,518000000.0,0.09864908106983943
2012-12-30,0.3971438743640414,7.353433515651746,71.3949647219227,84.29319371727745,0.09864908106983943,-0.0033389012655145986,0.032178898364235195,0.010380716054560818,5.78,39.374930707190536,5.551469585879862,0.4718652662375322,546060000.0,0.04445176257083401
2013-01-06,0.4556395125012864,8.266548204542348,74.1327539897594,95.00000000000001,0.04445176257083401,0.09864908106983943,-0.0033389012655145986,0.032178898364235195,5.897857142857143,41.08750798862023,5.659352019009473,0.48958917579199424,568860000.0,0.07265764557607532
2013-01-13,0.5377584368253236,9.51247443432219,78.05365979078687,84.3205574912892,0.07265764557607532,0.04445176257083401,0.09864908106983943,-0.0033389012655145986,5.990714285714286,43.32164049381229,5.793416817108526,0.5310470918068518,612710000.0,-0.0026990569691649467
2013-01-20,0.594372882528484,10.278670705146963,77.56666683418852,82.75862068965517,-0.0026990569691649467,0.07265764557607532,0.04445176257083401,0.09864908106983943,6.104285714285714,45.41405846444828,6.042606799055503,0.5359722995349339,544170000.0,0.026668247082161273
2013-01-27,0.6479098655434559,10.949586647571401,78.97909235588891,89.65517241379307,0.026668247082161273,-0.0026990569691649467,0.07265764557607532,0.04445176257083401,6.236428571428571,46.60468076536466,6.302641847187733,0.5398314209967243,580430000.0,0.11074075303097063
2013-02-03,0.7534683580418697,12.33619527599278,83.8515432354582,80.22988505747126,0.11074075303097063,0.026668247082161273,-0.0026990569691649467,0.07265764557607532,6.453571428571428,48.66610536003658,6.52627198858145,0.6298434623541012,662820000.0,-0.009467526338399217
2013-02-10,0.821202580278042,13.079973318976284,82.01138646791618,76.79012345679014,-0.009467526338399217,0.11074075303097063,0.026668247082161273,-0.0026990569691649467,6.665,50.580285340803364,6.978068470408418,0.6334260721859513,616620000.0,-0.022851264916768133
2013-02-17,0.8497555739926721,13.231640799215894,77.65276660232148,71.24681933842241,-0.022851264916768133,-0.009467526338399217,0.11074075303097063,0.026668247082161273,6.862857142857144,52.357738180086805,7.357577515143071,0.6303242098869547,535000000.0,-0.020898117637616575
2013-02-24,0.8488810753475224,12.974417500267347,73.8698889958672,66.23376623376626,-0.020898117637616575,-0.022851264916768133,-0.009467526338399217,0.11074075303097063,7.027142857142858,53.346257335155045,7.6763651127201795,0.616729623466458,494660000.0,-0.002487563471801858
2013-03-03,0.8369266268324047,12.579880765011994,73.41675535935097,65.17150395778363,-0.002487563471801858,-0.020898117637616575,-0.022851264916768133,-0.009467526338399217,7.19,53.511291277762886,9.35,0.623391793218854,451250000.0,0.033070986843882065
2013-03-10,0.8395614420774571,12.39222367586754,75.59338646514729,72.29551451187338,0.033070986843882065,-0.002487563471801858,-0.020898117637616575,-0.022851264916768133,7.372142857142857,53.66453708161303,9.318,0.6074352365603645,466770000.0,-0.012121360532344963
2013-03-17,0.8240808962771133,11.977105202677581,73.2026880619073,66.66666666666664,-0.012121360532344963,0.033070986843882065,-0.002487563471801858,-0.020898117637616575,7.542857142857144,53.80683675661673,9.28664,0.5769041482346243,456480000.0,0.03475484605304855
2013-03-24,0.8256949313762494,11.796159837820921,75.61152961376675,74.70588235294119,0.03475484605304855,-0.012121360532344963,0.033070986843882065,-0.002487563471801858,7.720714285714286,54.1188212419818,9.2559072,0.5635538519321511,469750000.0,0.052764531963508
2013-03-31,0.8542450166376678,11.957249486432824,78.85797500113206,88.09523809523807,0.052764531963508,0.03475484605304855,-0.012121360532344963,0.033070986843882065,7.932857142857143,54.82974900337858,9.225789056,0.5597285767941403,493840000.0,-0.04572224933809499
2013-04-07,0.834969499202737,11.519527918978795,70.11746832845616,73.94136807817593,-0.04572224933809499,0.052764531963508,0.03475484605304855,-0.012121360532344963,8.072142857142858,54.893786605683275,9.19627327488,0.5654622498802732,448620000.0,-0.16907633004393413
2013-04-14,0.7042554100534009,9.718961609156068,50.19550458463115,16.470588235294116,-0.16907633004393413,-0.04572224933809499,0.052764531963508,0.03475484605304855,8.095,52.18259166800381,9.167347809382399,0.6450720891745395,410720000.0,0.03671384462439323
2013-04-21,0.615356845505592,8.471019718612826,53.10822877352656,17.333333333333357,0.03671384462439323,-0.16907633004393413,-0.04572224933809499,0.052764531963508,8.1,49.66505351158717,9.089453897007102,0.6404240828049296,428590000.0,0.02765153133050995
2013-04-28,0.555446496124766,7.612467889387793,55.297996353040276,26.666666666666693,0.02765153133050995,0.03671384462439323,-0.16907633004393413,-0.04572224933809499,8.121428571428572,47.23972090401163,9.014675741126817,0.6318223626045774,445530000.0,0.025642430613337652
2013-05-05,0.5181327295600182,7.05783910758442,57.34117193001419,33.17972350230418,0.025642430613337652,0.02765153133050995,0.03671384462439323,-0.16907633004393413,8.142857142857142,45.3398242811471,8.904595196659209,0.6345493367042504,462000000.0,0.0720262408502801
2013-05-12,0.5300591776410863,7.137564672340652,62.750092424826775,71.978021978022,0.0720262408502801,0.025642430613337652,0.02765153133050995,0.03671384462439323,8.142857142857142,44.37102883660235,8.801119484859656,0.6313672412253754,492040000.0,0.15364575681728834
2013-05-19,0.6458413329451576,8.487229826798945,71.91499682654776,94.44444444444444,0.15364575681728834,0.0720262408502801,0.025642430613337652,0.02765153133050995,8.249285714285715,44.90361513501712,7.18,0.7041267239949914,548780000.0,-0.041242958534049134
2013-05-26,0.6972850006854401,8.997692644733378,66.88726892952789,63.21525885558584,-0.041242958534049134,0.15364575681728834,0.0720262408502801,0.025642430613337652,8.340714285714286,45.870873500655655,7.2376,0.7609748151382064,520110000.0,0.12361395596717663
2013-06-02,0.8293587004741454,10.403591508059687,73.19417288175151,97.27520435967303,0.12361395596717663,-0.041242958534049134,0.15364575681728834,0.0720262408502801,8.53357142857143,46.32120306413184,7.382096,0.8223337569140489,578110000.0,0.02298951822469878
2013-06-09,0.9433268846336826,11.509379909727507,74.25051463885097,55.76642335766424,0.02298951822469878,0.12361395596717663,-0.041242958534049134,0.15364575681728834,8.745714285714286,48.06651883677414,7.52081216,1.0043099171344738,659660000.0,-0.04652001563489282
2013-06-16,0.9819819931958982,11.736632225458877,68.44141415352445,48.46715328467153,-0.04652001563489282,0.02298951822469878,0.12361395596717663,-0.041242958534049134,8.902857142857142,49.44321869245406,7.9113634304,0.9825734944820114,637870000.0,0.08311490671050659
2013-06-23,1.0736692492694768,12.49581067483014,72.63730650750531,61.75182481751826,0.08311490671050659,-0.04652001563489282,0.02298951822469878,0.12361395596717663,9.132142857142856,49.53327230546767,8.278481624576,1.0452468163047248,666070000.0,0.00785687149522016
2013-06-30,1.140447934235734,12.948417949780852,73.01937793654528,63.065693430656935,0.00785687149522016,0.08311490671050659,-0.04652001563489282,0.02298951822469878,9.347142857142858,49.7367963797329,8.62357272710144,1.0027291865686732,688450000.0,0.07049898310803736
2013-07-07,1.2467794061125907,13.747279107315624,76.34001654919973,75.32846715328468,0.07049898310803736,0.00785687149522016,0.08311490671050659,-0.04652001563489282,9.589285714285714,50.178118521607736,8.947958363475353,0.9953913875280537,719290000.0,-0.009772064733792378
2013-07-14,1.306306577456425,14.04227908051419,74.92140910229021,73.57664233576645,-0.009772064733792378,0.07049898310803736,0.00785687149522016,0.08311490671050659,9.851428571428572,50.60909505296888,9.252880861666831,0.9528634312760497,701320000.0,-0.04605250744498472
2013-07-21,1.2941833461451129,13.654566666119885,68.62678545462893,65.54744525547446,-0.04605250744498472,-0.009772064733792378,0.07049898310803736,0.00785687149522016,10.169285714285715,50.227700283302454,9.539508009966822,0.9433731861849033,669020000.0,0.006831794291703272
2013-07-28,1.276318326215792,13.231142098872006,69.03431259614509,66.71532846715328,0.006831794291703272,-0.04605250744498472,-0.009772064733792378,0.07049898310803736,10.473571428571429,49.39949695335498,9.808937529368812,0.9324179586002674,682680000.0,0.011844470112522468
2013-08-04,1.2589446687074535,12.829984969101952,69.77425391712464,68.43657817109145,0.011844470112522468,0.006831794291703272,-0.04605250744498472,-0.009772064733792378,10.772857142857143,48.63697644898519,10.062201277606682,0.8972452472716769,695660000.0,-0.07055602938355275
2013-08-11,1.1663704963723465,11.77390142439936,60.732016186643094,51.158940397351,-0.07055602938355275,0.011844470112522468,0.006831794291703272,-0.04605250744498472,11.0,47.16642286444313,10.300269200950282,0.8938705867522715,673140000.0,-0.016378892084039743
2013-08-18,1.0661899283448708,10.683259706141694,58.90515237504449,44.30604982206407,-0.016378892084039743,-0.07055602938355275,0.011844470112522468,0.006831794291703272,11.172142857142857,45.10095068618495,14.03,0.8714512591271093,666990000.0,0.0
2013-08-25,0.9755505667467652,9.708754681419082,58.905152375044494,36.12244897959184,0.0,-0.016378892084039743,-0.07055602938355275,0.011844470112522468,11.24357142857143,43.15632322613646,13.9598,0.8449190263323157,674110000.0,-0.03834036682689218
2013-09-01,0.8607128838223606,8.538070526646461,54.56890147234731,27.755102040816322,-0.03834036682689218,0.0,-0.016378892084039743,-0.07055602938355275,11.314285714285715,41.336296464954124,13.821408,0.8138533815942932,667240000.0,-0.0028639637714288615
2013-09-08,0.7585384839947213,7.5036212092847885,54.254187182894796,17.931034482758648,-0.0028639637714288615,-0.03834036682689218,0.0,-0.016378892084039743,11.293571428571429,39.33533643175987,13.62152352,0.7785781400518437,649320000.0,0.003816798526700811
2013-09-15,0.6730338860215621,6.638769596518182,54.62990720457427,29.602888086642615,0.003816798526700811,-0.0028639637714288615,-0.03834036682689218,0.0,11.257857142857144,37.47730211522236,13.3542016384,0.733679701476712,654510000.0,0.02817087696669644
2013-09-22,0.6223048262303781,6.108829510533697,57.45240708535355,40.43321299638993,0.02817087696669644,0.003816798526700811,-0.0028639637714288615,-0.03834036682689218,11.279285714285717,36.262614979322,13.108265507328,0.7184168656569468,698130000.0,0.045256591588120856
2013-09-29,0.6153540833600175,5.992101837306204,61.726074353206926,47.00460829493094,0.045256591588120856,0.02817087696669644,0.003816798526700811,-0.0028639637714288615,11.27142857142857,35.4692378408793,12.88200426674176,0.7128156609671649,725610000.0,-0.009782203394461125
2013-10-06,0.5941208337224388,5.747177429207549,60.29128670960427,41.93548387096775,-0.009782203394461125,0.045256591588120856,0.02817087696669644,0.003816798526700811,11.249285714285714,35.13693608959806,12.67384392540242,0.7119002566123672,717350000.0,0.053079009147785385
2013-10-13,0.6193754576961616,5.9293438418801845,65.13159364386684,70.04608294930883,0.053079009147785385,-0.009782203394461125,0.045256591588120856,0.02817087696669644,11.210714285714287,34.984316133520075,12.482336411370225,0.716764523997198,723820000.0,-0.03185805366489991
2013-10-20,0.6025877647103766,5.728657945999249,60.328037637305044,55.555555555555564,-0.03185805366489991,0.053079009147785385,-0.009782203394461125,0.045256591588120856,11.154285714285717,34.93236761712648,12.306149498460607,0.7048527722831125,715240000.0,-0.0392557093911892
2013-10-27,0.5474682016621344,5.18743748926732,55.12173216226302,41.2790697674419,-0.0392557093911892,-0.03185805366489991,0.053079009147785385,-0.009782203394461125,11.105714285714285,33.91648961394234,12.144057538583759,0.6973632885486045,690840000.0,-0.008222979180431992
2013-11-03,0.4908649177734876,4.639826618418769,54.093409702546424,36.04651162790702,-0.008222979180431992,-0.0392557093911892,-0.03185805366489991,0.053079009147785385,11.045,32.97317432527135,11.994932935497058,0.6561230536522755,682670000.0,-0.018519047767237642
2013-11-10,0.42496929743026257,4.01356856175803,51.78158971734092,25.149700598802394,-0.018519047767237642,-0.008222979180431992,-0.0392557093911892,-0.03185805366489991,10.960000000000003,31.359141411285254,11.857738300657294,0.6392571212485416,670580000.0,0.0321866864959015
2013-11-17,0.3964189476179918,3.7318749453432156,55.375795017466615,46.10778443113781,0.0321866864959015,-0.018519047767237642,-0.008222979180431992,-0.0392557093911892,10.957857142857142,30.06049876991074,11.73151923660471,0.6407387554450743,688430000.0,-0.004535155165391374
2013-11-24,0.3655442410970622,3.432186842181589,54.747961369025575,43.11377245508986,-0.004535155165391374,0.0321866864959015,-0.018519047767237642,-0.008222979180431992,10.965,29.192963584539882,11.615397697676332,0.6264002729132834,674310000.0,0.010850016024065623
2013-12-01,0.3467615594513518,3.245234080738282,56.036256034562186,50.29940119760479,0.010850016024065623,-0.004535155165391374,0.0321866864959015,-0.018519047767237642,10.980714285714285,28.472272038614626,11.508565881862225,0.6145145391337631,687100000.0,0.04139736852922409
2013-12-08,0.36558696204287244,3.4000897773243324,60.74953515109145,78.44311377245512,0.04139736852922409,0.010850016024065623,-0.004535155165391374,0.0321866864959015,11.059285714285716,28.142238096033374,10.28,0.6049063577670657,716560000.0,-0.01828522865347544
2013-12-15,0.3594178391497014,3.328321388333965,57.76942279867134,55.056179775280945,-0.01828522865347544,0.04139736852922409,0.010850016024065623,-0.004535155165391374,11.125,28.556584328247347,10.3064,0.623841617926561,701290000.0,-0.014159528603634616
2013-12-22,0.3377250182032032,3.1184286779353956,55.53412701451363,46.06741573033711,-0.014159528603634616,-0.01828522865347544,0.04139736852922409,0.010850016024065623,11.176428571428572,28.644779829707666,10.381344,0.6049957880746638,685390000.0,0.054629967486589937
2013-12-29,0.367136910416594,3.3665200808146847,61.80153705118268,81.46067415730337,0.054629967486589937,-0.014159528603634616,-0.01828522865347544,0.04139736852922409,11.251428571428571,29.096431543602282,10.453290240000001,0.6067818032121878,697580000.0,0.022529113060028104
2014-01-05,0.40753498083544315,3.706382337706087,64.13469283981331,96.62921348314603,0.022529113060028104,0.054629967486589937,-0.014159528603634616,-0.01828522865347544,11.31,29.816289665659408,10.522358630400001,0.5934402458398887,714850000.0,0.009034969057912675
2014-01-12,0.44331654619681515,3.9985483575883,65.07074652749172,96.31578947368419,0.009034969057912675,0.022529113060028104,0.054629967486589937,-0.014159528603634616,11.384285714285715,30.677541596333366,10.588664285184,0.5724802282798968,728240000.0,-0.027353549581597247
2014-01-19,0.4399737094150229,3.9469564248595135,60.01063204196772,78.94736842105262,-0.027353549581597247,0.009034969057912675,0.022529113060028104,0.054629967486589937,11.391428571428571,30.846475783675707,10.691344428072961,0.5694459262599041,714610000.0,-0.025533302005164762
2014-01-26,0.4084091084103125,3.6528020127389795,55.76512803100684,63.15789473684205,-0.025533302005164762,-0.027353549581597247,0.009034969057912675,0.022529113060028104,11.403571428571428,30.252372676854524,10.787863762388584,0.5651997886699109,706420000.0,0.0034423441909729197
2014-02-02,0.38221565624525056,3.4081577069542117,56.20996387858864,65.26315789473685,0.0034423441909729197,-0.025533302005164762,-0.027353549581597247,0.009034969057912675,11.450000000000001,29.78761792089578,10.878591936645268,0.5533998037649174,716680000.0,-0.04480327701583826
2014-02-09,0.316654226130229,2.825137672195154,49.390181812882936,38.42105263157896,-0.04480327701583826,0.0034423441909729197,-0.025533302005164762,-0.027353549581597247,11.46642857142857,28.302566903836208,10.963876420446551,0.5688712463531377,704590000.0,-0.035669076206734894
2014-02-16,0.23056872702438191,2.0634851422939158,44.903582402649704,17.894736842105253,-0.035669076206734894,-0.04480327701583826,0.0034423441909729197,-0.025533302005164762,11.469285714285714,26.35646490342584,12.3,0.5810947287564849,692190000.0,0.0508276366375762
2014-02-23,0.20516762399815747,1.8346213838237528,51.68974283630769,37.10691823899371,0.0508276366375762,-0.035669076206734894,-0.04480327701583826,0.0034423441909729197,11.487142857142858,24.874244756605254,12.2688,0.6138736767024502,697440000.0,-0.03603993648319693
2014-03-02,0.15101955041352788,1.3529631063379408,47.21622973104348,11.949685534591165,-0.03603993648319693,0.0508276366375762,-0.035669076206734894,-0.04480327701583826,11.48,23.49789747741471,12.206448,0.6128826997951323,685990000.0,-0.14380680907768878
2014-03-09,-0.009592410946664742,-0.08693055099960138,35.23098975019306,0.0,-0.14380680907768878,-0.03603993648319693,0.0508276366375762,-0.035669076206734894,11.36,23.625600170665336,12.14659008,0.6805339355240515,673530000.0,-0.06906854020932104
2014-03-16,-0.18557508824087066,-1.7072562312525499,31.51369396442327,3.856749311294781,-0.06906854020932104,-0.14380680907768878,-0.03603993648319693,0.0508276366375762,11.161428571428571,24.504499650637477,11.9841946752,0.6869243687009049,652810000.0,0.09623844556124882
2014-03-23,-0.25034128739455497,-2.3216003175471958,40.98667185835255,28.374655647382898,0.09623844556124882,-0.06906854020932104,-0.14380680907768878,-0.03603993648319693,11.041428571428572,23.76158245580445,11.719059101184,0.7342869137936974,664520000.0,-0.010362787035546547
2014-03-30,-0.306208351832403,-2.862965683340115,40.31197065064045,25.61983471074379,-0.010362787035546547,0.09623844556124882,-0.06906854020932104,-0.14380680907768878,10.925714285714287,23.07173077488807,11.47513437308928,0.7446949913798617,657600000.0,0.02570835671020703
2014-04-06,-0.3265462701032824,-3.071103103796408,42.845042066775775,32.50688705234158,0.02570835671020703,-0.010362787035546547,0.09623844556124882,-0.06906854020932104,10.782857142857143,22.649250525610793,11.250723623242138,0.7586453491384432,665500000.0,-0.025708356710206923
2014-04-13,-0.35870223148242353,-3.3979736141093335,40.97247625797865,25.61983471074379,-0.025708356710206923,0.02570835671020703,-0.010362787035546547,0.09623844556124882,10.602857142857143,22.206669539318415,11.044265733382767,0.7330278241999829,660630000.0,-0.026386755173194887
2014-04-20,-0.3997508937426364,-3.8191553795205597,39.13069211891341,18.836565096952903,-0.026386755173194887,-0.025708356710206923,0.02570835671020703,-0.010362787035546547,10.397142857142857,22.22566348117146,10.854324474712145,0.7099544081856984,647090000.0,-0.009672294642507632
2014-04-27,-0.4345354480064181,-4.187248106680752,38.46042520528121,17.71771771771771,-0.009672294642507632,-0.026386755173194887,-0.025708356710206923,0.02570835671020703,10.20857142857143,21.728678771604205,10.679578516735173,0.7078148076010057,637250000.0,-0.006500564603093428
2014-05-04,-0.46162265777996403,-4.485971343872666,37.99319650673552,15.915915915915896,-0.006500564603093428,-0.009672294642507632,-0.026386755173194887,-0.025708356710206923,10.037142857142856,21.786902500787374,10.518812235396359,0.6908280356295053,628660000.0,0.0010863662122210114
2014-05-11,-0.4767864528130268,-4.669645762877097,38.12810592618495,16.770186335403753,0.0010863662122210114,-0.006500564603093428,-0.009672294642507632,-0.026386755173194887,9.86357142857143,21.840967392171745,10.37090725656465,0.6514831759416835,635860000.0,0.06718160491678185
2014-05-18,-0.4321793241031706,-4.2438577369601305,46.19635481977156,38.3116883116883,0.06718160491678185,0.0010863662122210114,-0.006500564603093428,-0.009672294642507632,9.772142857142857,20.90216908479791,10.234834676039478,0.6513772348029919,641960000.0,0.014113137476464723
2014-05-25,-0.3811375073179182,-3.7479230603647604,47.79993136350535,42.85714285714287,0.014113137476464723,0.06718160491678185,0.0010863662122210114,-0.006500564603093428,9.718571428571428,19.781048011146574,10.10964790195632,0.6405645751742067,648770000.0,-0.04504343816782316
2014-06-01,-0.3719037476449394,-3.673694852180214,43.41990991441713,31.095406360424057,-0.04504343816782316,0.014113137476464723,0.06718160491678185,0.0010863662122210114,9.593571428571428,18.89262702138036,10.0,0.6369528198046205,640900000.0,-0.00524935588614379
2014-06-08,-0.3644197051929474,-3.6162630525224158,42.938409210834436,35.622317596566525,-0.00524935588614379,-0.04504343816782316,0.014113137476464723,0.06718160491678185,9.493571428571428,17.555234439009553,8.67,0.6450276183900048,621220000.0,0.010471299867295437
2014-06-15,-0.34642600007878954,-3.4498073888320255,44.269523792942174,60.38961038961033,0.010471299867295437,-0.00524935588614379,-0.04504343816782316,0.014113137476464723,9.504999999999999,16.31336989823666,8.7008,0.6168113599335758,633270000.0,-0.021053409197832267
2014-06-22,-0.3443349091764869,-3.4452969708711456,42.15164652536595,41.30434782608695,-0.021053409197832267,0.010471299867295437,-0.00524935588614379,-0.04504343816782316,9.547142857142857,15.525732063230949,8.730984,0.6077534056526062,620290000.0,-0.010695289116747919
2014-06-29,-0.3467497535216726,-3.4874060168214003,41.093077235181276,34.05797101449278,-0.010695289116747919,-0.021053409197832267,0.010471299867295437,-0.00524935588614379,9.51857142857143,14.794354073582786,8.76056432,0.5857710195345628,612560000.0,-0.02173998663640599
2014-07-06,-0.36064457739870903,-3.650073203081794,38.98439921241,19.565217391304305,-0.02173998663640599,-0.010695289116747919,-0.021053409197832267,0.010471299867295437,9.482857142857142,14.601933041669856,8.7895530336,0.5632159467106655,598840000.0,0.02173998663640604
2014-07-13,-0.35146650975366533,-3.5727301687622655,42.17966433695389,34.05797101449278,0.02173998663640604,-0.02173998663640599,-0.010695289116747919,-0.021053409197832267,9.44357142857143,14.221670375256263,8.817961972928,0.5472719505170466,608250000.0,-0.01081091610421573
2014-07-20,-0.3482476076414116,-3.5570835887575614,41.022894397918336,26.81159420289848,-0.01081091610421573,0.02173998663640604,-0.02173998663640599,-0.010695289116747919,9.415000000000001,13.86856932787221,8.84580273346944,0.5288953826229719,600160000.0,-0.021978906718775115
2014-07-27,-0.35771145803618154,-3.6757273648238007,38.73486997322288,12.318840579710132,-0.021978906718775115,-0.01081091610421573,0.02173998663640604,-0.02173998663640599,9.39,13.744312177916981,8.873086678800052,0.5054028552927595,597970000.0,-0.0022246950221110513
2014-08-03,-0.3626451133820989,-3.7478685436349233,38.50359940321052,14.58333333333338,-0.0022246950221110513,-0.021978906718775115,-0.01081091610421573,0.02173998663640604,9.370000000000001,14.082163583513344,10.21,0.4928740799147053,586150000.0,-0.004464293128685604
2014-08-10,-0.3655686882157152,-3.7994919887527887,38.01473889017715,11.80555555555554,-0.004464293128685604,-0.0022246950221110513,-0.021978906718775115,-0.01081091610421573,9.351428571428572,14.395882745852822,10.1812,0.46624021706365487,570530000.0,-0.027212563524884815
2014-08-17,-0.38283851250739964,-4.007414547982821,35.13250831800643,5.624999999999986,-0.027212563524884815,-0.004464293128685604,-0.0022246950221110513,-0.021978906718775115,9.315,15.208448205216822,10.152976,0.45650877298767956,551830000.0,0.00458716400690614
2014-08-24,-0.3888152863825667,-4.0958046425212755,36.00340573843322,16.949152542372907,0.00458716400690614,-0.027212563524884815,-0.004464293128685604,-0.0022246950221110513,9.235714285714286,16.266364782331966,10.09125696,0.4531867177742739,557610000.0,-0.0698922624146727
2014-08-31,-0.43613252760803967,-4.64290295179342,29.674843683049616,5.936073059360763,-0.0698922624146727,0.00458716400690614,-0.027212563524884815,-0.004464293128685604,9.104285714285714,17.909185001308842,9.992181542400001,0.47653052364754017,546080000.0,0.07673379423138943
2014-09-07,-0.41638241714243485,-4.453494730180118,41.81024204658602,35.616438356164416,0.07673379423138943,-0.0698922624146727,0.00458716400690614,-0.027212563524884815,9.050714285714285,19.172160591974,9.834407019008001,0.4946354862441445,558680000.0,-0.08288765980576787
2014-09-14,-0.45200404094126334,-4.882832254691397,34.83808752347423,5.6497175141242755,-0.08288765980576787,0.07673379423138943,-0.0698922624146727,0.00458716400690614,8.950714285714286,20.761126004443156,9.689254457487362,0.5164472372267056,539830000.0,0.014706147389695487
2014-09-21,-0.4651890277814701,-5.06731366963225,36.78424309406056,12.429378531073485,0.014706147389695487,-0.08288765980576787,0.07673379423138943,-0.0698922624146727,8.852142857142857,22.23659388745023,9.520329011738626,0.5117010059962266,545510000.0,-0.006101300196177081
2014-09-28,-0.4742064502029262,-5.207991639710891,36.29779399358841,10.624999999999998,-0.006101300196177081,0.014706147389695487,-0.08288765980576787,0.07673379423138943,8.764285714285714,23.60667120738537,9.368296110564764,0.4915795055679247,539510000.0,-0.008604847193518414
2014-10-05,-0.481451365772978,-5.331161885915023,35.588225003732745,7.194244604316518,-0.008604847193518414,-0.006101300196177081,0.014706147389695487,-0.08288765980576787,8.678571428571429,24.878885861610858,9.231466499508286,0.4707523980273587,535970000.0,-0.1388364448542158
2014-10-12,-0.5654016401851525,-6.36415603764004,27.04716028017934,2.092050209205013,-0.1388364448542158,-0.008604847193518414,-0.006101300196177081,0.014706147389695487,8.532142857142857,27.41358582843387,9.108319849557457,0.5156986553111188,525910000.0,0.0881927120354609
2014-10-19,-0.5728794718165116,-6.512627137396369,37.109509947405215,29.288702928870293,0.0881927120354609,-0.1388364448542158,-0.008604847193518414,-0.006101300196177081,8.417857142857143,29.76723579762667,8.855321467610562,0.5395773227888961,533450000.0,-0.0953101798043249
2014-10-26,-0.628050086663686,-7.249487468187844,31.99190587335518,10.569105691056906,-0.0953101798043249,0.0881927120354609,-0.1388364448542158,-0.008604847193518414,8.260714285714286,32.307438320639484,8.632682891497295,0.5696075140182607,520690000.0,-0.342490308946776
2014-11-02,-0.8260549833483521,-9.845956437542792,22.361182455106274,1.431980906921232,-0.342490308946776,-0.0953101798043249,0.0881927120354609,-0.1388364448542158,7.972857142857143,35.58300090070349,8.367707286687674,0.6782069773026708,495850000.0,0.21951524658796742
2014-11-09,-0.8744513555845055,-10.62924725932723,35.02131351234432,31.295843520782405,0.21951524658796742,-0.342490308946776,-0.0953101798043249,0.0881927120354609,7.773571428571429,38.62459472504863,7.814474120817646,0.7747636217810514,527810000.0,-0.061634824953158314
2014-11-16,-0.9319191531417834,-11.578710673116715,33.25045656767462,22.80701754385965,-0.061634824953158314,0.21951524658796742,-0.342490308946776,-0.0953101798043249,7.550714285714286,41.44893184765484,7.349758261486823,0.756566220225262,518350000.0,0.18031496302908603
2014-11-23,-0.8745857278303415,-10.975311774996742,42.91257396147842,51.88916876574306,0.18031496302908603,-0.061634824953158314,0.21951524658796742,-0.342490308946776,7.427142857142857,41.93166967382224,4.91,0.8125257759234576,544930000.0,-0.10106559137494546
2014-11-30,-0.8731468820412589,-11.12989518930457,39.33970751391559,35.01259445843827,-0.10106559137494546,0.18031496302908603,-0.061634824953158314,0.21951524658796742,7.252857142857144,42.37992622669197,4.9546,0.8094882205003534,537290000.0,-0.1504538179459321
2014-12-07,-0.9322686195906531,-12.161994688394284,35.19489880822442,12.84634760705289,-0.1504538179459321,-0.10106559137494546,0.18031496302908603,-0.061634824953158314,7.057857142857143,43.38719325913597,4.998308,0.8323819190360425,517310000.0,-0.031867738848022485
2014-12-14,-0.9815261789858685,-13.110606208995563,34.44000221046845,14.17525773195876,-0.031867738848022485,-0.1504538179459321,-0.10106559137494546,0.18031496302908603,6.804285714285714,44.74852350666982,7.14,0.8293546391048966,500840000.0,0.15984870094189604
2014-12-21,-0.9363402078113401,-12.673377373981154,41.65429543361009,38.933333333333344,0.15984870094189604,-0.031867738848022485,-0.1504538179459321,-0.10106559137494546,6.6657142857142855,44.39545850894556,7.0912,0.8436864505974039,520760000.0,0.030378035359171704
2014-12-28,-0.8751108548078061,-11.969229521590313,43.06308359924266,45.45454545454544,0.030378035359171704,0.15984870094189604,-0.031867738848022485,-0.1504538179459321,6.5321428571428575,43.80887852604899,7.043375999999999,0.8219945612690179,527560000.0,-0.10623578923668144
2015-01-04,-0.8682204972716159,-12.070821969473053,39.595009897063036,28.055555555555543,-0.10623578923668144,0.030378035359171704,0.15984870094189604,-0.031867738848022485,6.356428571428571,43.9443733536727,6.996508479999999,0.8597092354640881,520710000.0,-0.08399094706438652
2015-01-11,-0.8896229750165201,-12.620886338383356,37.271610393595545,16.176470588235293,-0.08399094706438652,-0.10623578923668144,0.030378035359171704,0.15984870094189604,6.152857142857143,44.07018997932329,6.950578310399999,0.8425871472166533,509470000.0,0.051959738930711166
2015-01-18,-0.8739169621384066,-12.599161464788802,39.59509873765033,25.9375,0.051959738930711166,-0.08399094706438652,-0.10623578923668144,0.030378035359171704,6.0442857142857145,44.202213023521935,6.905566744191999,0.8145452081297496,523200000.0,0.2096716563211273
2015-01-25,-0.7487465308277663,-10.808018234265013,48.972764734028274,74.64788732394366,0.2096716563211273,0.051959738930711166,-0.08399094706438652,-0.10623578923668144,5.981428571428572,42.09522304990189,6.861455409308159,0.8485062646919105,613070000.0,0.011661939747842957
2015-02-01,-0.6357640387088574,-9.17985517576515,49.4964011819851,61.797752808988776,0.011661939747842957,0.2096716563211273,0.051959738930711166,-0.08399094706438652,5.974285714285714,39.71406016858044,4.7,0.9057558172139168,725110000.0,-0.11669666944416268
2015-02-08,-0.6006265985734283,-8.745994584134511,44.79364441763934,40.44943820224718,-0.11669666944416268,0.011661939747842957,0.2096716563211273,0.051959738930711166,6.057857142857143,36.98189145131158,4.7712,0.9417732588414942,714870000.0,0.008110344537453863
2015-02-15,-0.5622639135832959,-8.247644820798723,45.16278802796651,41.85393258426968,0.008110344537453863,-0.11669666944416268,0.011661939747842957,0.2096716563211273,6.057857142857143,34.50394759418068,4.840976,0.9052180260671019,730930000.0,0.004834820054583311
2015-02-22,-0.5234069505444943,-7.727817309321552,45.398697410739395,42.696629213483135,0.004834820054583311,0.008110344537453863,-0.11669666944416268,0.011661939747842957,6.086428571428571,32.0546741872525,4.9093564800000005,0.8655595956337374,737210000.0,0.06984995317644432
2015-03-01,-0.4511012735135864,-6.66777638940166,48.9465906283885,55.33707865168539,0.06984995317644432,0.004834820054583311,0.008110344537453863,-0.11669666944416268,6.0649999999999995,30.136911847972193,4.976369350400001,0.8444481959456134,745420000.0,-0.05707022653004541
2015-03-08,-0.41882644081400233,-6.222425440885421,46.28360623944298,44.9438202247191,-0.05707022653004541,0.06984995317644432,0.004834820054583311,0.008110344537453863,6.0649999999999995,28.242029816409694,5.042041963392,0.8219876105209268,739680000.0,-0.032260862218221435
2015-03-15,-0.4047213560400946,-6.054909892072176,44.862766230884596,39.3258426966292,-0.032260862218221435,-0.05707022653004541,0.06984995317644432,0.004834820054583311,6.113571428571428,26.361588431185613,5.10640112412416,0.7854170669122892,733320000.0,0.09082921636928873
2015-03-22,-0.34279034824241705,-5.128617247756222,49.68651893348589,51.53374233128834,0.09082921636928873,-0.032260862218221435,-0.05707022653004541,0.06984995317644432,6.215714285714285,25.145473769283875,5.169473101641676,0.7778872764185543,747540000.0,0.14469637648813055
2015-03-29,-0.20739949770870947,-3.0677564216588395,56.957995068920305,83.43558282208589,0.14469637648813055,0.09082921636928873,-0.032260862218221435,-0.05707022653004541,6.327142857142857,25.267815566394574,5.231283639608843,0.8251810423886575,766640000.0,-0.05594001588233933
2015-04-05,-0.13246479147621848,-1.9478459562351242,53.58962667913559,70.5521472392638,-0.05594001588233933,0.14469637648813055,0.09082921636928873,-0.032260862218221435,6.3950000000000005,25.381418663711653,5.291857966816666,0.8176681107894677,739030000.0,-0.011019395249610538
2015-04-12,-0.07862745990972364,-1.1509298370555137,52.947331961773514,67.29559748427673,-0.011019395249610538,-0.05594001588233933,0.14469637648813055,0.09082921636928873,6.502857142857144,25.48690725407751,5.351220807480333,0.7728346743045057,732330000.0,0.0013840832659385552
2015-04-19,-0.0347534541535266,-0.5065248863798777,53.02312554390934,67.61006289308177,0.0013840832659385552,-0.011019395249610538,-0.05594001588233933,0.14469637648813055,6.644285714285714,25.773931496450164,5.409396391330726,0.7597750547113267,754220000.0,-0.16831226298716936
2015-04-26,-0.08932791170461396,-1.3125815530750775,44.397187345517985,20.66420664206644,-0.16831226298716936,0.0013840832659385552,-0.011019395249610538,-0.05594001588233933,6.685714285714285,24.741793951186345,5.466408463504112,0.787648265089089,748000000.0,0.04637121718212229
2015-05-03,-0.10793379255854685,-1.5930069648860055,46.810064120791985,21.51898734177218,0.04637121718212229,-0.16831226298716936,0.0013840832659385552,-0.011019395249610538,6.655714285714287,23.769742429420056,5.522280294234029,0.7606733890112969,752880000.0,0.030771658666753472
2015-05-10,-0.10532661895341189,-1.5575153560769015,48.470829248401,31.83856502242153,0.030771658666753472,0.04637121718212229,-0.16831226298716936,0.0013840832659385552,6.634285714285714,23.082333606397487,5.5770346883493485,0.7277681469390613,755830000.0,-0.029210378099801093
2015-05-17,-0.11724035337726946,-1.7404090631339082,46.970414141015766,23.31838565022424,-0.029210378099801093,0.030771658666753472,0.04637121718212229,-0.16831226298716936,6.653571428571429,22.444025413590815,5.630693994582361,0.6900704221576998,752290000.0,0.01548018528789908
2015-05-24,-0.11726119540875679,-1.74506221817936,47.88479372778277,24.413145539906093,0.01548018528789908,-0.029210378099801093,0.030771658666753472,0.04637121718212229,6.676428571428572,21.889149053477343,5.683280114690714,0.6564939634321496,756920000.0,0.013730192811902037
2015-05-31,-0.10876172753703006,-1.6207112804091288,48.74144068185528,28.638497652582146,0.013730192811902037,0.01548018528789908,-0.029210378099801093,0.030771658666753472,6.703571428571429,21.48002004900339,5.734814512396899,0.6238872517584247,768060000.0,0.007547205635383124
2015-06-07,-0.09687454641203619,-1.444543136529931,49.24063060542192,30.98591549295777,0.007547205635383124,0.013730192811902037,0.01548018528789908,-0.029210378099801093,6.702142857142857,21.40642505875104,5.785318222148962,0.6028953052042515,780830000.0,0.045562619678565494
2015-06-14,-0.06172789970257231,-0.9178817825746838,52.33970842947193,45.53990610328639,0.045562619678565494,0.007547205635383124,0.013730192811902037,0.01548018528789908,6.7492857142857146,21.43177697798009,5.834811857705982,0.5912599262610908,795330000.0,-0.008658062743114541
2015-06-21,-0.03827422607319164,-0.5680355595508825,51.68200537145627,39.901477832512356,-0.008658062743114541,0.045562619678565494,0.007547205635383124,0.013730192811902037,6.806428571428571,21.525311306036482,5.883315620551862,0.5733127886710128,779800000.0,-0.0384094481148713
2015-06-28,-0.04020340797526423,-0.5973104475645411,48.819173984237906,26.73267326732674,-0.0384094481148713,-0.008658062743114541,0.045562619678565494,0.007547205635383124,6.803571428571429,21.40435547929119,5.930849308140825,0.559504732337369,772060000.0,-0.052562330090855446
2015-07-05,-0.06837922390452089,-1.020763300091749,45.28641048635604,12.578616352201264,-0.052562330090855446,-0.0384094481148713,-0.008658062743114541,0.045562619678565494,6.702142857142857,20.559475082816828,5.977432321978009,0.5502543943132712,763770000.0,-0.09833060972956816
2015-07-12,-0.13674057001542472,-2.0638261564196965,39.89174029855213,0.5319148936170099,-0.09833060972956816,-0.052562330090855446,-0.0384094481148713,-0.008658062743114541,6.588571428571429,19.51423783088183,8.26,0.5538076518623232,760350000.0,0.04954044556013611
2015-07-19,-0.16560782899102833,-2.5171247478758056,43.457118510743484,15.95744680851063,0.04954044556013611,-0.09833060972956816,-0.052562330090855446,-0.0384094481148713,6.501428571428571,18.543660382656473,8.2088,0.5349642481578715,763870000.0,0.0
2015-07-26,-0.18633735862728784,-2.850790971948755,43.45711851074348,19.230769230769223,0.0,0.04954044556013611,-0.09833060972956816,-0.052562330090855446,6.413571428571429,17.841863577885498,8.158624,0.5117525161465949,769350000.0,0.0
2015-08-02,-0.20045494043772116,-3.085531349611573,43.457118510743484,22.222222222222214,0.0,0.0,0.04954044556013611,-0.09833060972956816,6.405714285714287,16.92851946152287,8.10945152,0.4944844792789809,772260000.0,0.0
2015-08-09,-0.2092313371218193,-3.2389633612193784,43.457118510743484,22.222222222222214,0.0,0.0,0.0,0.04954044556013611,6.377142857142857,16.080414210614716,8.0612624896,0.46630701647333944,775430000.0,0.0016652793190612488
2015-08-16,-0.21292530789002395,-3.3132370785975014,43.612248928315545,22.96296296296294,0.0016652793190612488,0.0,0.0,0.0,6.335,15.292887906200002,8.014037239808001,0.44014222958238663,783860000.0,0.18895508028958855
2015-08-23,-0.11367784558146621,-1.7520586538567449,58.82089681568491,100.0,0.18895508028958855,0.0016652793190612488,0.0,0.0,6.395714285714285,16.009486809162407,7.967756495011841,0.4987034988979304,808070000.0,-0.09228445888778788
2015-08-30,-0.08567851932169557,-1.3185359639266951,51.205735857348806,40.0,-0.09228445888778788,0.18895508028958855,0.0016652793190612488,0.0,6.403571428571429,17.558955597078533,5.7,0.5916532489766497,776800000.0,0.01944713493552151
2015-09-06,-0.05239496149057388,-0.8040143004567435,52.549539875508614,45.65217391304348,0.01944713493552151,-0.09228445888778788,0.18895508028958855,0.0016652793190612488,6.414285714285714,18.99774804300065,5.746,0.5743923026211747,781230000.0,0.02342713289514015
2015-09-13,-0.01295747360020183,-0.1979507771376388,54.22062411699379,52.608695652173914,0.02342713289514015,0.01944713493552151,-0.09228445888778788,0.18895508028958855,6.432857142857143,20.500651057423877,5.79108,0.564792852433948,799970000.0,-0.0014482261763647637
2015-09-20,0.017290785842114964,0.2630960755675742,54.09240319574018,52.17391304347827,-0.0014482261763647637,0.02342713289514015,0.01944713493552151,-0.09228445888778788,6.428571428571429,21.896203856531162,5.8352584,0.5351647915458088,794910000.0,-0.0384094481148713
2015-09-27,0.020051777874219745,0.3048737273675491,50.73313910877247,40.86956521739128,-0.0384094481148713,-0.0014482261763647637,0.02342713289514015,0.01944713493552151,6.410000000000001,22.54126593450283,5.878553232,0.5219387350068224,792750000.0,-0.01364691384118188
2015-10-04,0.01480695080109129,0.2251983507425444,49.58521309100735,36.95652173913042,-0.01364691384118188,-0.0384094481148713,-0.0014482261763647637,0.02342713289514015,6.403571428571429,22.95295938487519,5.92098216736,0.5039431110777637,780500000.0,0.0030487828493587312
2015-10-11,0.012124457216149409,0.18441094266419183,49.856736283696506,37.82608695652175,0.0030487828493587312,-0.01364691384118188,-0.0384094481148713,-0.0014482261763647637,6.422857142857143,23.11478269959094,5.9625625240128,0.48223288885792337,785330000.0,-0.02777956410707582
2015-10-18,-0.004474356358562304,-0.06819611068500504,47.383295859026255,26.81818181818181,-0.02777956410707582,0.0030487828493587312,-0.01364691384118188,-0.0384094481148713,6.471428571428571,23.265047206112712,6.003311273532544,0.46921625393950034,782120000.0,0.07968150124013484
2015-10-25,0.02485106726647679,0.3772397590128089,54.53547402180442,50.909090909090914,0.07968150124013484,-0.02777956410707582,0.0030487828493587312,-0.01364691384118188,6.5371428571428565,23.864252465529155,6.043245048061894,0.4742722358009646,794480000.0,-0.06261359272798676
2015-11-01,0.01403934996681766,0.21332779200145738,48.86673912615933,29.90654205607476,-0.06261359272798676,0.07968150124013484,-0.02777956410707582,0.0030487828493587312,6.572857142857143,24.261989073546545,6.082380147100656,0.4825385046723243,792420000.0,-0.031252543504104426
2015-11-08,-0.010545777261881994,-0.16075162431759574,46.393697481183786,14.999999999999991,-0.031252543504104426,-0.06261359272798676,0.07968150124013484,-0.02777956410707582,6.594285714285713,24.53160870826157,6.120732544158643,0.4637857543385868,781440000.0,-0.016000341346441075
2015-11-15,-0.03766465725859014,-0.5764759328925007,45.162988334202616,10.000000000000009,-0.016000341346441075,-0.031252543504104426,-0.06261359272798676,0.07968150124013484,6.6085714285714285,24.280023907005738,8.0,0.4556582004572592,774670000.0,-0.02449102000829587
2015-11-22,-0.07044822811346307,-1.0841888681982006,43.30718340567839,2.499999999999991,-0.02449102000829587,-0.016000341346441075,-0.031252543504104426,-0.06261359272798676,6.61142857142857,23.5640322332471,7.963,0.43739690042459783,766680000.0,0.0016515280384729392
2015-11-29,-0.09453281236598876,-1.4621445006703366,43.47394335978105,2.9999999999999805,0.0016515280384729392,-0.02449102000829587,-0.016000341346441075,-0.031252543504104426,6.525714285714286,22.899182821899792,7.88448,0.4118685503942694,776570000.0,0.019608471388376337
2015-12-06,-0.10275255430325547,-1.5944926321783075,45.5439686432848,17.99999999999997,0.019608471388376337,0.0016515280384729392,-0.02449102000829587,-0.016000341346441075,6.494285714285715,22.70037979655303,7.8091007999999995,0.3960207967946787,781740000.0,-0.02955880224154439
2015-12-13,-0.12238052813668876,-1.90882208792994,43.00022339715043,4.761904761904746,-0.02955880224154439,0.019608471388376337,0.0016515280384729392,-0.02449102000829587,6.440714285714286,22.12576658937157,7.736736767999999,0.3841621684522016,779590000.0,0.009950330853168092
2015-12-20,-0.1315775956342593,-2.060636712987026,44.12058451044931,11.111111111111052,0.009950330853168092,-0.02955880224154439,0.019608471388376337,0.0016515280384729392,6.38,21.59219718270307,7.62953256192,0.3695791564199014,780690000.0,-0.004962789342128902
2015-12-27,-0.13967697791145284,-2.1965343914076603,43.65851372873335,8.247422680412381,-0.004962789342128902,0.009950330853168092,-0.02955880224154439,0.019608471388376337,6.317857142857142,21.09673987651089,7.5287606082047995,0.3481806452470512,779480000.0,0.0016570012076293867
2016-01-03,-0.1436331665569872,-2.267172614528844,43.86953649278975,24.137931034482776,0.0016570012076293867,-0.004962789342128902,0.009950330853168092,-0.02955880224154439,6.2749999999999995,19.634974246073643,7.434034971712512,0.3454534563008333,782090000.0,-0.05969376380848393
2016-01-10,-0.17301612727292426,-2.751730036263124,38.44247134516788,0.0,-0.05969376380848393,0.0016570012076293867,-0.004962789342128902,0.009950330853168092,6.213571428571428,18.42469447577761,7.300112173975511,0.34577820942220233,777940000.0,-0.03214562497341654
2016-01-17,-0.2084242460415595,-3.3455233394142927,35.97744560565529,18.02325581395347,-0.03214562497341654,-0.05969376380848393,0.0016570012076293867,-0.004962789342128902,6.137857142857143,18.686252400056713,7.13910095657796,0.35607976589204504,774380000.0,0.09349364887792704
2016-01-24,-0.19071352147520138,-3.0678032016634083,46.96453123100594,49.41860465116278,0.09349364887792704,-0.03214562497341654,-0.05969376380848393,0.0016570012076293867,6.113571428571428,17.44214334267846,6.906408841788605,0.36993121118547034,776320000.0,-0.03532747520261435
2016-01-31,-0.19141636095768266,-3.0929889936040427,43.815428741204414,46.376811594202884,-0.03532747520261435,0.09349364887792704,-0.03214562497341654,-0.05969376380848393,6.036428571428572,16.740070306064187,6.701639780773973,0.38422183895793677,767900000.0,-0.024264621999631208
2016-02-07,-0.20095372680911083,-3.266203786172766,41.80301252610939,37.8787878787879,-0.024264621999631208,-0.03532747520261435,0.09349364887792704,-0.03214562497341654,5.979285714285715,16.088145343493792,6.521443007081096,0.3746345647466556,762550000.0,-0.04668711397265313
2016-02-14,-0.2268766917718077,-3.7194500883652823,38.28609776906101,20.89552238805972,-0.04668711397265313,-0.024264621999631208,-0.03532747520261435,0.09349364887792704,5.917857142857144,15.799731512031505,6.362869846231365,0.38644638155046585,738780000.0,0.010969031370573937
2016-02-21,-0.23981489290472524,-3.960404900091355,39.549999065898675,31.192660550458708,0.010969031370573937,-0.04668711397265313,-0.024264621999631208,-0.03532747520261435,5.867857142857143,15.502858951473593,6.194468067758974,0.37670021143971827,742120000.0,0.07189773917958153
2016-02-28,-0.21451217421507796,-3.5488534887695633,47.467300174019186,68.80733944954129,0.07189773917958153,0.010969031370573937,-0.04668711397265313,-0.024264621999631208,5.857857142857143,14.619000936540214,6.0496425382727175,0.4047930534797383,748130000.0,0.016778917129109287
2016-03-06,-0.184266315706493,-3.0497622865348397,49.21441767280165,77.98165137614677,0.016778917129109287,0.07189773917958153,0.010969031370573937,-0.04668711397265313,5.854285714285715,13.82346510853948,5.16,0.40802212108832847,754270000.0,-0.018472397635442315
2016-03-13,-0.16724444575581732,-2.7728629698923473,47.34898146486511,64.34782608695657,-0.018472397635442315,0.016778917129109287,0.07189773917958153,0.010969031370573937,5.834285714285714,13.810273131233316,5.1770000000000005,0.4224491124391621,752500000.0,-0.03448617607116932
2016-03-20,-0.1679567192046525,-2.7960546832181996,44.077622467069524,46.95652173913046,-0.03448617607116932,-0.018472397635442315,0.016778917129109287,0.07189773917958153,5.812857142857142,13.798023438020449,5.222320000000001,0.4137027472649363,748690000.0,0.05129329438755048
2016-03-27,-0.14266910758531104,-2.375282532002623,49.692336648837816,73.04347826086959,0.05129329438755048,-0.03448617607116932,-0.018472397635442315,0.016778917129109287,5.808571428571429,14.119060632783727,5.2658272,0.41558112246029794,751360000.0,-0.11466290832013988
2016-04-03,-0.17308286933556705,-2.9051555795032358,40.260469998136344,16.521739130434746,-0.11466290832013988,0.05129329438755048,-0.03448617607116932,-0.018472397635442315,5.76,13.704261072501671,6.31,0.4394681851417052,748950000.0,-0.01886848430438269
2016-04-10,-0.20291606877710056,-3.4361368117133266,39.03299834033388,7.82608695652173,-0.01886848430438269,-0.11466290832013988,0.05129329438755048,-0.03448617607116932,5.703571428571428,13.430465344654394,6.288799999999999,0.4216490290601548,735850000.0,0.09444400391647582
2016-04-17,-0.18249574276944625,-3.0955992246624398,47.92413266593066,53.04347826086954,0.09444400391647582,-0.01886848430438269,-0.11466290832013988,0.05129329438755048,5.7092857142857145,12.724941616548694,6.245247999999999,0.4343883841272866,738680000.0,-0.003472225710749092
2016-04-24,-0.1660126298828848,-2.8211545758968866,47.63638456735118,51.30434782608697,-0.003472225710749092,0.09444400391647582,-0.01886848430438269,-0.11466290832013988,5.726428571428571,12.536796999705526,6.180733119999999,0.4197892138324804,736600000.0,0.006932436775644896
2016-05-01,-0.14801574508705606,-2.5183201451532478,48.304916446302634,54.782608695652186,0.006932436775644896,-0.003472225710749092,0.09444400391647582,-0.01886848430438269,5.707857142857143,12.227747491597096,6.1200891327999996,0.4112328414158747,739720000.0,0.04392598045784609
2016-05-08,-0.11148809181297903,-1.8927301406686339,52.5458792893723,77.3913043478261,0.04392598045784609,0.006932436775644896,-0.003472225710749092,0.09444400391647582,5.722857142857142,12.326760613457134,5.17,0.4090019241718836,745320000.0,0.04049136135473699
2016-05-15,-0.061656020537699696,-1.041367584843255,56.261492744459765,99.13043478260872,0.04049136135473699,0.04392598045784609,0.006932436775644896,-0.003472225710749092,5.765714285714286,12.704026585650297,5.1899999999999995,0.4012160724453205,752830000.0,0.13074974966264577
2016-05-22,0.04828826345903181,0.8029360890481918,66.27232790029939,99.50495049504947,0.13074974966264577,0.04049136135473699,0.04392598045784609,0.006932436775644896,5.89,14.550603236912812,5.2344,0.45255778155636905,762810000.0,-0.05437677087807177
2016-05-29,0.10356326358799084,1.7055350623711096,59.897072902303954,80.69306930693068,-0.05437677087807177,0.13074974966264577,0.04049136135473699,0.04392598045784609,5.982857142857142,16.26528155594229,5.351736,0.4780893685880569,757000000.0,-0.046660081466062334
2016-06-05,0.12096033475924983,1.9819376207179835,55.22941956384864,65.34653465346534,-0.046660081466062334,-0.05437677087807177,0.13074974966264577,0.04049136135473699,6.024285714285715,17.728041969702804,5.46203184,0.47751155654605276,755340000.0,0.07564761833931474
2016-06-12,0.17389581405571608,2.818605212598724,60.66081604864473,90.59405940594057,0.07564761833931474,-0.046660081466062334,-0.05437677087807177,0.13074974966264577,6.095,19.87441878484887,5.5657099296,0.5069750167927632,761110000.0,-0.01583906402974618
2016-06-19,0.20461283271755448,3.2880439020105796,58.998301392640954,85.14851485148512,-0.01583906402974618,0.07564761833931474,-0.046660081466062334,-0.05437677087807177,6.165714285714286,21.924973429252326,5.663167333824,0.5064768013075659,756360000.0,-0.03545423035780438
2016-06-26,0.20720180366095953,3.3128068596588847,55.4288896122018,73.26732673267328,-0.03545423035780438,-0.01583906402974618,0.07564761833931474,-0.046660081466062334,6.2335714285714285,23.488074703824925,5.75477729379456,0.49458560121416834,754830000.0,-0.021277398447284965
2016-07-03,0.19570083441535413,3.1194889773220416,53.39936323487342,66.33663366336633,-0.021277398447284965,-0.03545423035780438,-0.01583906402974618,0.07564761833931474,6.2700000000000005,24.764839707459437,5.840890656166886,0.46997234398458493,753770000.0,0.03174869831458027
2016-07-10,0.20121203133785404,3.190517058952591,56.001738828598235,76.7326732673267,0.03174869831458027,-0.021277398447284965,-0.03545423035780438,-0.01583906402974618,6.367857142857143,26.168541938570396,5.921837216796873,0.4571171765571146,756460000.0,0.011834457647002798
2016-07-17,0.20961867244422283,3.3046641713525204,56.98718158712794,80.69306930693068,0.011834457647002798,0.03174869831458027,-0.021277398447284965,-0.03545423035780438,6.478571428571429,27.245631124416686,5.9979269837890605,0.4487516639458921,779070000.0,0.028987536873252406
2016-07-24,0.22977067134586004,3.594787270414386,59.43336791475995,87.24832214765098,0.028987536873252406,0.011834457647002798,0.03174869831458027,-0.021277398447284965,6.566428571428571,28.552207341614213,6.069451364761717,0.4516979736640427,780520000.0,-0.05129329438755046
2016-07-31,0.2150205773645686,3.3539833891272623,53.679943452091976,63.758389261744966,-0.05129329438755046,0.028987536873252406,0.011834457647002798,0.03174869831458027,6.630714285714285,29.765456686154774,6.136684282876014,0.45371954697375394,778200000.0,0.003003005259769556
2016-08-07,0.20260930057165272,3.1509538736075546,53.954247542291654,62.85714285714283,0.003003005259769556,-0.05129329438755046,0.028987536873252406,0.011834457647002798,6.693571428571429,31.167534749964656,6.199883225903453,0.4448824364756287,780370000.0,-0.025817683025940865
2016-08-14,0.17701517430288227,2.750702137692592,51.179867395766216,42.01680672268906,-0.025817683025940865,0.003003005259769556,-0.05129329438755046,0.028987536873252406,6.725714285714287,31.752497939627055,6.259290232349246,0.42524797672736947,774780000.0,0.0015372793188863979
2016-08-21,0.15574325002617773,2.418070160641457,51.33837958223956,39.285714285714235,0.0015372793188863979,-0.025817683025940865,0.003003005259769556,-0.05129329438755046,6.740714285714285,32.68190967040387,6.315132818408291,0.4163016926754145,839030000.0,-0.0015372793188863669
2016-08-28,0.136504639837578,2.117929650773333,51.15949429276689,30.851063829787226,-0.0015372793188863669,0.0015372793188863979,-0.025817683025940865,0.003003005259769556,6.692142857142857,33.33349685676281,6.367624849303793,0.410137286055742,831860000.0,-0.015504186535965199
2016-09-04,0.11189883823867408,1.7370620102457415,49.30918233419419,20.21276595744684,-0.015504186535965199,-0.0015372793188863669,0.0015372793188863979,-0.025817683025940865,6.663571428571429,33.72030154167002,7.19,0.39227033705176034,830220000.0,0.02773675497159962
2016-09-11,0.10570456247612903,1.6383024888070978,52.63024478101125,39.361702127659576,0.02773675497159962,-0.015504186535965199,-0.0015372793188863669,0.0015372793188863979,6.67,34.11971137552127,7.174200000000001,0.3771081701194917,831780000.0,0.0
2016-09-18,0.09964688702141533,1.5421504579022385,52.63024478101125,23.99999999999996,0.0,0.02773675497159962,-0.015504186535965199,-0.0015372793188863669,6.64,34.490591935526005,7.158716000000001,0.3608861579680995,833630000.0,-0.012232568435634408
2016-09-25,0.0873835015566522,1.3517646580901252,50.9109674240698,16.666666666666618,-0.012232568435634408,0.0,0.02773675497159962,-0.015504186535965199,6.612142857142857,34.6782931739983,7.143541680000001,0.34796571811323523,830960000.0,-0.018634079544892983
2016-10-02,0.0672069630693688,1.040653485830873,48.35906317501103,10.14492753623192,-0.018634079544892983,-0.012232568435634408,0.0,0.02773675497159962,6.5928571428571425,34.37845604661512,7.128670846400001,0.3366824525337185,828660000.0,0.01863407954489301
2016-10-09,0.06020589202583437,0.9317994513018244,51.003901952745814,27.53623188405801,0.01863407954489301,-0.018634079544892983,-0.012232568435634408,0.0,6.592142857142856,34.10003585690217,7.0959240125440015,0.32549084878131,830280000.0,-0.0472528848505455
2016-10-16,0.030102991441574467,0.46730002181371905,44.823264531104925,0.0,-0.0472528848505455,0.01863407954489301,-0.018634079544892983,-0.012232568435634408,6.555,33.19241190719874,7.064487052042241,0.3236700738683593,829160000.0,0.008032171697264253
2016-10-23,0.010163647776510132,0.15812302871257763,45.99782280205218,6.24999999999998,0.008032171697264253,-0.0472528848505455,0.01863407954489301,-0.018634079544892983,6.515714285714286,32.679906456354665,7.012617828919707,0.32197935430633357,830570000.0,-0.008032171697264267
2016-10-30,-0.00956277415795892,-0.14916620809611147,44.96696949478045,0.0,-0.008032171697264267,0.008032171697264253,-0.0472528848505455,0.01863407954489301,6.458571428571429,32.09138982695098,6.9638607591845245,0.30255225757016685,828400000.0,0.008032171697264253
2016-11-06,-0.02092036656635532,-0.32693663478438323,46.26388167109978,15.116279069767424,0.008032171697264253,-0.008032171697264267,0.008032171697264253,-0.0472528848505455,6.43,31.090351673583978,6.918029113633453,0.2937985248865835,829530000.0,0.03613904661587335
2016-11-13,-0.011232778093544837,-0.1753775397181334,51.88137844532548,52.941176470588296,0.03613904661587335,0.008032171697264253,-0.008032171697264267,0.008032171697264253,6.416428571428571,30.837673266340403,6.854186784542777,0.2899557731089704,832430000.0,-0.04417121831313754
2016-11-20,-0.0258509605938384,-0.40457022374330864,45.627896927964976,25.00000000000003,-0.04417121831313754,0.03613904661587335,0.008032171697264253,-0.008032171697264267,6.3950000000000005,29.320020292041725,6.795451841779355,0.30353036074404394,825880000.0,-0.06669137449867228
2016-11-27,-0.06891818664855442,-1.086001339526722,38.4903515096397,0.0,-0.06669137449867228,-0.04417121831313754,0.03613904661587335,0.008032171697264253,6.344285714285715,27.387651115436597,6.715906657601419,0.3104210492623265,824560000.0,0.04714677842570208
2016-12-04,-0.07953874054728072,-1.2572626417138124,44.978671078349066,35.89743589743592,0.04714677842570208,-0.06669137449867228,-0.04417121831313754,0.03613904661587335,6.314285714285715,25.671619476210584,6.605997858689249,0.3096766886007317,825473890.0,0.0032840752011897975
2016-12-11,-0.08535782134488912,-1.3528296731014764,45.421531611572576,38.461538461538424,0.0032840752011897975,0.04714677842570208,-0.06669137449867228,-0.04417121831313754,6.292857142857143,24.776995179627257,6.509278115646539,0.3025569251292509,826291260.0,-0.0032840752011898846
2016-12-18,-0.0905396331225603,-1.4388337817320862,45.031199659647456,35.89743589743592,-0.0032840752011898846,0.0032840752011897975,0.04714677842570208,-0.06669137449867228,6.257142857142857,24.15276203918436,6.424164741768954,0.30023143047716155,825764890.0,0.004922077205428455
2016-12-25,-0.09117450408087802,-1.4520436739193665,45.78382210985421,43.66197183098599,0.004922077205428455,-0.0032840752011898846,0.0032840752011897975,0.04714677842570208,6.223571428571428,23.573116980201668,6.35,0.28378632830022144,827344890.0,-0.01983536105614604
2017-01-01,-0.10020553398747012,-1.6013320827115163,43.23388290224157,27.142857142857192,-0.01983536105614604,0.004922077205428455,-0.0032840752011898846,0.0032840752011897975,6.187142857142858,22.440838799235312,6.284,0.2720873048502056,826164890.0,0.01326719294404886
2017-01-08,-0.09975741743009969,-1.5977196961047337,45.416475995331474,38.571428571428626,0.01326719294404886,-0.01983536105614604,0.004922077205428455,-0.0032840752011898846,6.165,21.969413158113156,6.2259199999999995,0.26336678307519085,828484890.0,0.06072152573627426
2017-01-15,-0.06795610197996549,-1.085731427799087,54.38756453074643,92.85714285714288,0.06072152573627426,0.01326719294404886,-0.01983536105614604,0.004922077205428455,6.161428571428572,22.516108749986692,5.8,0.27312629856982007,832294890.0,-0.01562531790308087
2017-01-22,-0.05024332090672612,-0.8018717247141659,51.96702322174594,78.57142857142853,-0.01562531790308087,0.06072152573627426,0.01326719294404886,-0.01983536105614604,6.172142857142857,23.16279253636394,5.813,0.26433156295769006,829054890.0,-0.05503006435748404
2017-01-29,-0.06291571954271635,-1.0071654801512226,44.68519910468215,29.999999999999986,-0.05503006435748404,-0.01562531790308087,0.06072152573627426,0.01326719294404886,6.155,22.180394289871224,5.8404799999999994,0.269736451317855,827004890.0,-0.0016652793190612089
2017-02-05,-0.07292496953339,-1.1708218393571528,44.48774846840038,28.57142857142859,-0.0016652793190612089,-0.05503006435748404,-0.01562531790308087,0.06072152573627426,6.140714285714286,21.226696404084173,5.8668607999999995,0.25761241908086535,825084890.0,0.031175617468449796
2017-02-12,-0.06477922557128668,-1.0405174117811202,49.09064020596032,55.71428571428578,0.031175617468449796,-0.0016652793190612089,-0.05503006435748404,-0.01562531790308087,6.136428571428572,20.693164087367546,5.892186368,0.253497246289375,826784890.0,-0.021225286615281818
2017-02-19,-0.06802937801611897,-1.0948812925694038,46.264067472214776,37.1428571428571,-0.021225286615281818,0.031175617468449796,-0.0016652793190612089,-0.05503006435748404,6.106428571428571,20.197741221844968,5.91649891328,0.24967601441156248,824404890.0,-0.04903771956121486
2017-02-26,-0.09293443331601736,-1.5036577575733432,40.64222952682712,7.594936708860709,-0.04903771956121486,-0.021225286615281818,0.031175617468449796,-0.0016652793190612089,6.075714285714285,19.022457157327754,6.5,0.26612772766787945,816694890.0,0.03908738870804691
2017-03-05,-0.09304028082088323,-1.508635009565456,46.223598909198564,36.708860759493675,0.03908738870804691,-0.04903771956121486,-0.021225286615281818,0.031175617468449796,6.089999999999999,17.93112195456177,6.4842,0.2664043185487452,817794890.0,0.031175617468449796
2017-03-12,-0.07690622652047008,-1.2466819377675606,50.37481880655612,60.75949367088613,0.031175617468449796,0.03908738870804691,-0.04903771956121486,-0.021225286615281818,6.097857142857143,17.158500492336632,6.468716000000001,0.2609468672238348,818676640.0,-0.004858309151076406
2017-03-19,-0.06578232384612281,-1.0664724738395823,49.72215981250106,56.96202531645571,-0.004858309151076406,0.031175617468449796,0.03908738870804691,-0.04903771956121486,6.102142857142858,16.199746038893093,6.453541680000001,0.2565935195649895,801656640.0,0.05679759839313304
2017-03-26,-0.02759941065287652,-0.4455632906438697,56.93296457923941,100.0,0.05679759839313304,-0.004858309151076406,0.031175617468449796,0.03908738870804691,6.133571428571429,15.925843787426484,5.71,0.26469398245320447,821146640.0,0.07103577311675174
2017-04-02,0.040921098665513966,0.6543232798268063,64.28743755838453,86.57718120805367,0.07103577311675174,0.05679759839313304,-0.004858309151076406,0.031175617468449796,6.1971428571428575,17.312153830612342,5.7262,0.29435869799226133,832616640.0,-0.15415067982725836
2017-04-09,0.01436684130908894,0.23041709165720464,46.47956378389013,19.463087248322147,-0.15415067982725836,0.07103577311675174,0.05679759839313304,-0.004858309151076406,6.197857142857143,16.545459027092882,5.785152,0.3447616481356712,812136640.0,0.014888612493750559
2017-04-16,0.0005779862143500125,0.009285822870693225,47.87891457386405,25.503355704697974,0.014888612493750559,-0.15415067982725836,0.07103577311675174,0.05679759839313304,6.199285714285715,15.394491170459485,7.2,0.3408501018402661,814516640.0,0.017901210329240302
2017-04-23,-0.0014569057967905863,-0.02341318423326843,49.61296072544878,32.885906040268466,0.017901210329240302,0.014888612493750559,-0.15415067982725836,0.07103577311675174,6.1814285714285715,14.932229716975593,7.172000000000001,0.3436465231373899,817056640.0,0.06252035698133393
2017-04-30,0.02887424041438713,0.46194766306685486,55.42099962008634,59.73154362416105,0.06252035698133393,0.017901210329240302,0.014888612493750559,-0.15415067982725836,6.199285714285714,14.963030864890005,7.14456,0.34767177148471917,830656640.0,0.03278982282299097
2017-05-07,0.06985876533295254,1.1101511418628596,58.27008552040763,74.49664429530202,0.03278982282299097,0.06252035698133393,0.017901210329240302,0.014888612493750559,6.257142857142857,15.898767512741331,7.117668800000001,0.3692666449500964,851746640.0,-0.0044085302847659685
2017-05-14,0.0987798744248991,1.560611836606371,57.728275467486014,72.48322147651005,-0.0044085302847659685,0.03278982282299097,0.06252035698133393,0.017901210329240302,6.313571428571429,16.767665828603278,5.8,0.38717617031080376,811866640.0,0.0014716706114562507
2017-05-21,0.12111088725277952,1.9029403070853494,57.868902110149214,73.15436241610736,0.0014716706114562507,-0.0044085302847659685,0.03278982282299097,0.06252035698133393,6.357142857142857,17.574499979046514,5.826,0.3773778724314606,819266640.0,0.09129142020940723
2017-05-28,0.18907836582444926,2.933802613756398,65.82684412300452,100.0,0.09129142020940723,0.0014716706114562507,-0.0044085302847659685,0.03278982282299097,6.456428571428572,19.052824095804812,5.85148,0.3968508815434992,839046640.0,0.27007836803353297
2017-06-04,0.424448004411091,6.34414344041189,80.16538723443549,99.50617283950619,0.27007836803353297,0.09129142020940723,0.0014716706114562507,-0.0044085302847659685,6.741428571428572,22.373216818308908,5.9154208,0.5349329614332492,871306640.0,-0.07442328037011303
2017-06-11,0.5481769462734336,7.984030332387769,70.51055336275695,80.49382716049385,-0.07442328037011303,0.27007836803353297,0.09129142020940723,0.0014716706114562507,6.960000000000001,25.491122321236656,6.147295551999999,0.5531520356165884,858696640.0,-0.003316752625994038
2017-06-18,0.6364753828177365,9.05857459913104,70.1207796508937,79.75308641975307,-0.003316752625994038,-0.07442328037011303,0.27007836803353297,0.09129142020940723,7.162857142857143,28.234060508350012,6.44351190784,0.5279268902154035,846386640.0,-0.0033277900926745796
2017-06-25,0.6960086264599372,9.703949975233005,69.70581403867985,79.01234567901236,-0.0033277900926745796,-0.003316752625994038,-0.07442328037011303,0.27007836803353297,7.365714285714286,30.000524851087047,6.7160309552127995,0.5445035409143032,836836640.0,-0.03390155167568146
2017-07-02,0.710788134994881,9.756095951208142,65.52955639264286,71.60493827160492,-0.03390155167568146,-0.0033277900926745796,-0.003316752625994038,-0.07442328037011303,7.521428571428571,30.864957368832336,6.966748478795775,0.5513247165632815,832246640.0,0.033901551675681416
2017-07-09,0.7381989962687552,9.958740743540199,67.61883082418771,79.01234567901236,0.033901551675681416,-0.03390155167568146,-0.0033277900926745796,-0.003316752625994038,7.664285714285714,31.815497306038623,7.197408600492113,0.5333729510944758,835836640.0,0.011049836186584935
2017-07-16,0.7592394260842559,10.072737024908017,68.30836639036858,81.48148148148148,0.011049836186584935,0.033901551675681416,-0.03390155167568146,-0.0033277900926745796,7.885714285714286,32.96663366151903,7.409615912452744,0.548132026016299,857856640.0,0.176811900982985
2017-07-23,0.9074706525655252,11.658641136344915,77.42133325380604,99.7946611909651,0.176811900982985,0.011049836186584935,0.033901551675681416,-0.03390155167568146,8.226428571428572,35.05862918793944,7.604846639456524,0.6632654527294203,889106640.0,0.31694581427085766
2017-07-30,1.3363416060472542,16.078126980374734,86.81610128667624,100.0,0.31694581427085766,0.176811900982985,0.011049836186584935,0.033901551675681416,8.848571428571429,38.1674271358577,7.931361975510872,0.9051750632487474,930406640.0,-0.13401057227814026
2017-08-06,1.5079488589910905,17.409174175042963,71.93317689040927,66.19718309859155,-0.13401057227814026,0.31694581427085766,0.176811900982985,0.011049836186584935,9.308571428571428,41.27847208490443,8.71,1.086948273016694,902246640.0,-0.01779544058986386
2017-08-13,1.606866805212146,17.91562684472574,70.3360591228124,63.81048387096775,-0.01779544058986386,-0.13401057227814026,0.31694581427085766,0.176811900982985,9.736428571428572,43.6775668761713,9.7866,1.053594824944073,886876640.0,0.06351340572232593
2017-08-20,1.7330632952119789,18.60345471482496,72.71844927943317,71.50259067357514,0.06351340572232593,-0.01779544058986386,-0.13401057227814026,0.31694581427085766,10.22642857142857,45.98983808656275,10.712476,1.046195194590925,901526640.0,-0.011049836186585046
2017-08-27,1.8002193680584355,18.70211280039571,71.61241392663149,69.14893617021278,-0.011049836186585046,0.06351340572232593,-0.01779544058986386,-0.13401057227814026,10.705,48.2000773230038,11.50872936,1.0271812521201444,896556640.0,0.03636764417087479
2017-09-03,1.8722052442992982,18.816563889059978,73.08211419927619,72.02797202797204,0.03636764417087479,-0.011049836186585046,0.06351340572232593,-0.01779544058986386,11.172857142857142,49.54145904949252,12.1935072496,1.0466683055401342,913436640.0,-0.025317807984289897
2017-09-10,1.8793485348663612,18.381980532248797,70.33696070801872,65.79601990049753,-0.025317807984289897,0.03636764417087479,-0.011049836186585046,0.06351340572232593,11.450714285714286,50.78702779551776,12.7,1.0433348551444104,906026640.0,0.003656311203110479
2017-09-17,1.867516656708176,17.817512116174445,70.50739434707604,66.4179104477612,0.003656311203110479,-0.025317807984289897,0.03636764417087479,-0.011049836186585046,11.782142857142857,51.94362734539834,12.7,0.9966680797769526,920056640.0,0.0
2017-09-24,1.8369644255961148,17.136225143452812,70.50739434707604,66.4179104477612,0.0,0.003656311203110479,-0.025317807984289897,0.03636764417087479,12.115714285714287,52.855523330008154,13.0,0.9461917883643132,925296640.0,0.020231903971585117
2017-10-01,1.814429607196681,16.553094687536053,71.56835446723827,69.90049751243784,0.020231903971585117,0.0,0.003656311203110479,-0.025317807984289897,12.471428571428572,53.25505555730739,16.4,0.931463803481148,944376640.0,-0.02096209750530669
2017-10-08,1.7529629590809233,15.702770389717301,68.80748270154916,65.43367346938776,-0.02096209750530669,0.020231903971585117,0.0,0.003656311203110479,12.827857142857143,53.50719072971561,16.3368,0.9235021032324946,930036640.0,0.023819242306086556
2017-10-15,1.7111533292571135,15.043107053773094,70.21552523780935,69.64285714285714,0.023819242306086556,-0.02096209750530669,0.020231903971585117,0.0,13.186428571428573,53.99743145992941,16.210128,0.9189662387158879,954756640.0,0.0808105462457867
2017-10-22,1.7530272280645889,15.036688939539935,74.62618770362604,84.39531859557869,0.0808105462457867,0.023819242306086556,-0.02096209750530669,0.020231903971585117,13.622142857142858,54.938946692381094,16.08852288,0.9854686502361816,981356640.0,0.013072081567352921
2017-10-29,1.7818113114258356,14.928677612353598,75.29399187814599,80.00000000000003,0.013072081567352921,0.0808105462457867,0.023819242306086556,-0.02096209750530669,13.946428571428571,55.813210836800515,15.9717819648,0.9779351752193115,992906640.0,-0.00978800636616282
2017-11-05,1.7720915897125575,14.54798294445574,73.72675559904417,69.8952879581152,-0.00978800636616282,0.013072081567352921,0.0808105462457867,0.023819242306086556,13.970714285714285,56.728080385034545,13.17,0.9623683769893608,982696640.0,-0.062224261213340126
2017-11-12,1.6708913337866278,13.540232731404894,64.81558333549884,51.77514792899407,-0.062224261213340126,-0.00978800636616282,0.013072081567352921,0.0808105462457867,14.062857142857142,56.007453085365206,13.2258,0.9650563500615493,975706640.0,0.1848770233954665
2017-11-19,1.8046986394425328,14.206707430765286,75.07687541689413,100.0,0.1848770233954665,-0.062224261213340126,-0.00978800636616282,0.013072081567352921,14.379285714285714,56.22118805240211,13.280484,1.1039808964857243,1038196640.0,0.04591341954334309
2017-11-26,1.953582441430008,14.913744378934563,77.08057295481062,92.24137931034484,0.04591341954334309,0.1848770233954665,-0.062224261213340126,-0.00978800636616282,14.69357142857143,56.81064241237497,13.43886464,1.1322679753081726,1061196640.0,0.10408546489883705
2017-12-03,2.2059149650221315,16.20494923897816,81.08393850843223,91.62500000000003,0.10408546489883705,0.04591341954334309,0.1848770233954665,-0.062224261213340126,15.16,57.86719819407224,13.7425327616,1.2406774056433032,1109076640.0,0.08008111086868688
2017-12-10,2.5116921277792397,17.673451969653144,83.67413986851292,94.77124183006535,0.08008111086868688,0.10408546489883705,0.04591341954334309,0.1848770233954665,15.709999999999999,59.10573873010434,14.299130140672,1.3142004480973528,1185076640.0,-0.09974395762009403
2017-12-17,2.5583073734974366,17.506147500335274,70.79615491215867,67.32570239334028,-0.09974395762009403,0.08008111086868688,0.10408546489883705,0.04591341954334309,16.137857142857143,59.28555939688914,15.0872171266048,1.4903289875189707,1167496640.0,0.01816397062767112
2017-12-24,2.594392738393493,17.281267131514568,71.61823847926348,71.07180020811654,0.01816397062767112,-0.09974395762009403,0.08008111086868688,0.10408546489883705,16.587857142857143,59.452535730332166,16.010351071412224,1.4738769169819013,1173686640.0,0.08846864798760819
2017-12-31,2.740677366293328,17.659903427180698,75.44376809252546,90.3225806451613,0.08846864798760819,0.01816397062767112,-0.09974395762009403,0.08008111086868688,17.17,59.876313622179005,16.822708942842755,1.5114571371974799,1182156640.0,-0.02690329232945343
2018-01-07,2.7777872329807387,17.42084339932552,72.15987549037253,84.28720083246617,-0.02690329232945343,0.08846864798760819,0.01816397062767112,-0.09974395762009403,17.690714285714286,60.31638764520817,17.537583869701624,1.4842101988262313,1151276640.0,-0.061565355658154845
2018-01-14,2.6738956785850547,16.4592501738646,65.44269300137836,69.21373200442967,-0.061565355658154845,-0.02690329232945343,0.08846864798760819,0.01816397062767112,18.14142857142857,59.39074909832533,18.166673805337428,1.4881951846243575,1136186640.0,0.09349034308733897
2018-01-21,2.718380692336755,16.308155243119597,70.07283198573053,83.78947368421053,0.09349034308733897,-0.061565355658154845,-0.02690329232945343,0.08846864798760819,18.708571428571428,59.17718910012313,18.720272948696937,1.6776098142940463,1173786640.0,-0.06150729723428821
2018-01-28,2.6177535014888065,15.431461737298106,63.90944948951572,69.18918918918918,-0.06150729723428821,0.09349034308733897,-0.061565355658154845,-0.02690329232945343,19.097857142857144,58.9788833875068,19.36,1.6613519704159,1169266640.0,0.05189843812765144
2018-02-04,2.596831873314617,14.994744269643656,66.56852722078078,77.31958762886599,0.05189843812765144,-0.06150729723428821,0.09349034308733897,-0.061565355658154845,19.55142857142857,59.273247408163115,19.36,1.7783982582433357,1208986640.0,0.0068728792877620504
2018-02-11,2.562812570633241,14.513879729550702,66.92637846863427,78.8659793814433,0.0068728792877620504,0.05189843812765144,-0.06150729723428821,0.09349034308733897,20.02642857142857,59.3521683878194,20.0944,1.7442269540830977,1215046640.0,-0.00917437627604127
2018-02-18,2.4909990135964577,13.87194549811068,65.91329904216903,76.06382978723404,-0.00917437627604127,0.0068728792877620504,0.05189843812765144,-0.06150729723428821,20.552857142857142,59.42545215464309,20.7,1.666067885934305,1212506640.0,-0.01392133851860812
2018-02-25,2.382415753654861,13.081478659631369,64.34002867277967,63.3093525179856,-0.01392133851860812,-0.00917437627604127,0.0068728792877620504,0.05189843812765144,20.849999999999998,58.67036645374626,23.95,1.6327773226532831,1193166640.0,0.050124387182568814
2018-03-04,2.3579426496703597,12.725173199621134,67.41152800848354,75.17123287671234,0.050124387182568814,-0.01392133851860812,-0.00917437627604127,0.0068728792877620504,21.16785714285714,58.53638389952776,23.881,1.6732932281780488,1217226640.0,-0.07376615023960914
2018-03-11,2.1842620964099098,11.677221946600461,59.39752069415977,38.38383838383836,-0.07376615023960914,0.050124387182568814,-0.01392133851860812,-0.00917437627604127,21.23,57.30214815645312,23.81338,1.7859151404510454,1204936640.0,0.004773278752657812
2018-03-18,2.031272921104314,10.761540261142756,59.71982905305241,40.40404040404041,0.004773278752657812,-0.07376615023960914,0.050124387182568814,-0.01392133851860812,21.18,56.11318490680681,23.6668448,1.754778344704542,1218636640.0,0.03738753207162041
2018-03-25,1.9520788615788014,10.224620883984215,62.29825763605118,53.15904139433554,0.03738753207162041,0.004773278752657812,-0.07376615023960914,0.050124387182568814,21.334285714285716,55.21235132446535,23.452834112,1.7044370343685034,1227916640.0,-0.01618532442101742
2018-04-01,1.8398660928727288,9.549503833758683,60.474370750019304,45.53376906318083,-0.01618532442101742,0.03738753207162041,0.004773278752657812,-0.07376615023960914,21.437857142857144,53.9604471949199,23.25166406528,1.6898343890564675,1218316640.0,0.03661736323822331
2018-04-08,1.7948006348509047,9.209959555111674,63.13133686963152,62.962962962962976,0.03661736323822331,-0.01618532442101742,0.03738753207162041,0.004773278752657812,21.466428571428573,52.90333590144345,23.0625642213632,1.6262747898381487,1229286640.0,-0.03895108658444347
2018-04-15,1.671233103524962,8.51398723220228,58.622300837434814,44.44444444444443,-0.03895108658444347,0.03661736323822331,-0.01618532442101742,0.03738753207162041,21.475714285714282,51.348600001120154,22.884810368081407,1.5851123048497093,1225376640.0,0.0
2018-04-22,1.555375543614037,7.871162269532206,58.622300837434814,44.44444444444443,0.0,-0.03895108658444347,0.03661736323822331,-0.01618532442101742,21.57571428571428,49.31453035869222,22.717721745996524,1.5326042830747297,1246136640.0,-0.11895194286136523
2018-04-29,1.2554258822181374,6.371393463179757,47.510384815811335,14.655172413793126,-0.11895194286136523,0.0,-0.03895108658444347,0.03661736323822331,21.364285714285717,45.91718492018178,22.560658441236733,1.655275405712249,1230486640.0,-0.026668247082161294
2018-05-06,0.9662296987060444,4.925996214930219,45.572309822422945,6.0344827586207135,-0.026668247082161294,-0.11895194286136523,0.0,-0.03895108658444347,21.21071428571429,42.762507012993524,22.207805765937795,1.5941843053042313,1217216640.0,0.016086137751624444
2018-05-13,0.7525719515247076,3.8485780162653596,46.970089926094744,11.926605504587188,0.016086137751624444,-0.026668247082161294,-0.11895194286136523,0.0,21.0,39.833163242032995,21.88318130466277,1.5231711406396435,1221926640.0,-0.13049648892936863
2018-05-20,0.3931241786444595,2.033932218893153,38.75303897073498,4.697986577181226,-0.13049648892936863,0.016086137751624444,-0.026668247082161294,-0.11895194286136523,20.61428571428571,38.44680556799017,21.584526800289748,1.614373202022526,1211316640.0,0.05597926774190128
2018-05-27,0.18280898133207657,0.9526684144884288,43.17499598204456,17.449664429530202,0.05597926774190128,-0.13049648892936863,0.016086137751624444,-0.026668247082161294,20.310714285714287,37.15947344209326,21.041074120260774,1.5847751161637742,1216386640.0,0.13639262490555495
2018-06-03,0.21936762752514483,1.1396186252822995,52.98684071047425,51.677852348993284,0.13639262490555495,0.05597926774190128,-0.13049648892936863,0.016086137751624444,20.21071428571429,34.73855672240084,20.551966708234698,1.6894340364377902,1261716640.0,-0.030459207484708574
2018-06-10,0.1976472776476328,1.026185588278742,50.76569386571506,44.827586206896555,-0.030459207484708574,0.13639262490555495,0.05597926774190128,-0.13049648892936863,19.989285714285717,33.00538203653392,16.15,1.7187601766922338,1166986640.0,-0.020834086902841914
2018-06-17,0.1464686869726819,0.7612284127042911,49.282508354740045,46.72131147540984,-0.020834086902841914,-0.030459207484708574,0.13639262490555495,0.05597926774190128,19.853571428571428,31.39600554251465,16.249,1.653134449785646,1163686640.0,0.0
2018-06-24,0.1047023417205395,0.544665517593569,49.282508354740045,46.72131147540984,0.0,-0.020834086902841914,-0.030459207484708574,0.13639262490555495,19.710714285714285,29.558311940636322,16.34602,1.6243391319438143,1183346640.0,-0.026668247082161294
2018-07-01,0.030900192685724193,0.16119319200804677,47.27996612083796,38.52459016393444,-0.026668247082161294,0.0,-0.020834086902841914,-0.030459207484708574,19.474999999999998,27.74727342796601,16.4410996,1.5547434796621131,1179976640.0,-0.055569851154810765
2018-07-08,-0.10704622257159002,-0.5620408895109907,43.47506158502972,22.131147540983626,-0.055569851154810765,-0.026668247082161294,0.0,-0.020834086902841914,19.192857142857143,26.34649803912544,16.534277608,1.5508332311148192,1152856640.0,0.011363758650315003
2018-07-15,-0.19794958241624983,-1.0447938005732496,44.438132182804154,25.409836065573774,0.011363758650315003,-0.055569851154810765,-0.026668247082161294,0.0,18.867857142857144,24.55013163550467,16.62559205584,1.582916571749475,1167106640.0,-0.07020425867324846
2018-07-22,-0.36264082352056803,-1.9325305180150354,40.031051896957386,23.437500000000004,-0.07020425867324846,0.011363758650315003,-0.055569851154810765,-0.026668247082161294,18.517857142857142,24.07405281827081,21.1,1.662708245195941,1158876640.0,-0.03077165866675366
2018-07-29,-0.5274258036049133,-2.8416947052078174,38.32553196525438,16.393442622950815,-0.03077165866675366,-0.07020425867324846,0.011363758650315003,-0.055569851154810765,18.132142857142856,23.63197963083937,20.978,1.636800513396231,1155526640.0,-0.0317486983145803
2018-08-05,-0.690406334399146,-3.7658041002569322,36.64421386104738,8.196721311475407,-0.0317486983145803,-0.03077165866675366,-0.07020425867324846,0.011363758650315003,17.882142857142856,23.467273945653144,20.85844,1.5627433338679286,1150616640.0,-0.046212843155131564
2018-08-12,-0.8660702108402205,-4.792378472863781,34.37087092852275,0.7874015748031606,-0.046212843155131564,-0.0317486983145803,-0.03077165866675366,-0.07020425867324846,17.617857142857144,23.67062272487561,20.7412712,1.504690238591648,1145226640.0,-0.006779686985378804
2018-08-19,-1.0018060660480117,-5.621157706817963,34.045924832227925,2.2900763358778407,-0.006779686985378804,-0.046212843155131564,-0.0317486983145803,-0.03077165866675366,17.325,23.953564829686684,20.501620352,1.4150695072636732,1143176640.0,0.06899287148695142
2018-08-26,-1.0129745444467346,-5.733199360126983,40.415733227639365,18.32061068702289,0.06899287148695142,-0.006779686985378804,-0.046212843155131564,-0.0317486983145803,17.27142857142857,23.272024496167006,20.14452313088,1.4068502567448393,1149686640.0,0.015748356968139112
2018-09-02,-0.9902378874149989,-5.643996983899301,41.85561847582754,22.137404580152662,0.015748356968139112,0.06899287148695142,-0.006779686985378804,-0.046212843155131564,17.16785714285714,22.311048259640785,19.8088517430272,1.409932381263065,1151946640.0,-0.14069988210313514
2018-09-09,-1.128660872505062,-6.533501333245392,34.34715571238772,0.0,-0.14069988210313514,0.015748356968139112,0.06899287148695142,-0.006779686985378804,16.732142857142858,22.034464928183127,19.49332063844557,1.4592229254585602,1149716640.0,0.055958653648044414
2018-09-16,-1.160432033216594,-6.792413080312216,38.84770385641257,13.559322033898285,0.055958653648044414,-0.14069988210313514,0.015748356968139112,0.06899287148695142,16.39642857142857,21.699199217222997,19.045854987369925,1.4121355736400913,1151416640.0,-0.03460552917747561
2018-09-23,-1.211985711458201,-7.184014559979947,37.13432991192424,5.12820512820511,-0.03460552917747561,0.055958653648044414,-0.14069988210313514,0.015748356968139112,16.053571428571427,21.44625181191719,18.63418658838033,1.3684116040943703,1146676640.0,0.020906684819313643
2018-09-30,-1.2146333429984004,-7.275435468557137,38.87626755246732,10.714285714285708,0.020906684819313643,-0.03460552917747561,0.055958653648044414,-0.14069988210313514,15.732142857142858,21.21137207841894,18.255451661309905,1.3135250609447726,1150216640.0,0.013698844358161927
2018-10-07,-1.1869113068205124,-7.172876790699602,40.06851800527893,14.285714285714267,0.013698844358161927,0.020906684819313643,-0.03460552917747561,0.055958653648044414,15.460714285714285,20.80407015570942,17.907015528405115,1.2339875565915743,1151185380.0,-0.006825965070399871
2018-10-14,-1.1596429160051258,-7.0697103375203545,39.65205349221292,12.499999999999988,-0.006825965070399871,0.013698844358161927,0.020906684819313643,-0.03460552917747561,15.253571428571428,19.86866021709077,17.586454286132707,1.1994170168350333,1149015380.0,0.0
2018-10-21,-1.1250634882608175,-6.915202330361982,39.65205349221292,19.444444444444425,0.0,-0.006825965070399871,0.013698844358161927,0.020906684819313643,15.032142857142857,19.07901648587931,17.29153794324209,1.131601515632531,1150755380.0,-0.11607217125275401
2018-10-28,-1.2127854353185707,-7.567024638312005,33.240891708623906,11.340206185567022,-0.11607217125275401,0.0,-0.006825965070399871,0.013698844358161927,14.782142857142857,19.681376853876962,17.020214907782723,1.2543442645159217,1145685380.0,0.0
2018-11-04,-1.2676925398758598,-8.021845906093866,33.240891708623906,13.750000000000018,0.0,-0.11607217125275401,0.0,-0.006825965070399871,14.567857142857141,20.240711481303354,16.56319341700445,1.218319674193356,1150325380.0,-0.011605546120308003
2018-11-11,-1.3082300999720164,-8.394559241195045,32.66662198138431,10.000000000000009,-0.011605546120308003,0.0,-0.11607217125275401,0.0,14.37857142857143,20.90956906844521,16.151874075304004,1.170582554608116,1147415380.0,0.015444322427473775
2018-11-18,-1.3091272755462473,-8.50273746941972,34.2965002916244,15.000000000000036,0.015444322427473775,-0.011605546120308003,0.0,-0.11607217125275401,14.253571428571428,21.473444333548603,15.781686667773604,1.1048266578503936,1150975380.0,-0.0076923456231557255
2018-11-25,-1.3028885695084345,-8.563008249522563,33.85522945435149,12.5,-0.0076923456231557255,0.015444322427473775,-0.011605546120308003,0.0,14.12857142857143,21.758486639964737,15.448518000996243,1.0473390394325084,1146135380.0,0.04159389729883714
2018-12-02,-1.2392783175470896,-8.213530622938567,38.53906819273311,26.250000000000018,0.04159389729883714,-0.0076923456231557255,0.015444322427473775,-0.011605546120308003,13.967857142857143,21.72091242594078,15.148666200896619,1.0118148223301864,1147405380.0,-0.014925650216675593
2018-12-09,-1.1912728116794042,-7.965295001286254,37.499195065860015,29.824561403508806,-0.014925650216675593,0.04159389729883714,-0.0076923456231557255,0.015444322427473775,13.775,21.154614286363238,14.878799580806957,0.993113763592316,1145825380.0,0.05129329438755048
2018-12-16,-1.0842454459804554,-7.2841525351249885,43.268893652159875,54.38596491228069,0.05129329438755048,-0.014925650216675593,0.04159389729883714,-0.0076923456231557255,13.782142857142857,20.569516013467616,14.635919622726261,0.9721770661928648,1147295380.0,0.08552217343816193
2018-12-23,-0.8883209236125538,-5.957076288957031,51.82181714580547,83.58208955223878,0.08552217343816193,0.05129329438755048,-0.014925650216675593,0.04159389729883714,13.821428571428571,19.952202253278006,12.45,1.0313072757505173,1150165380.0,-0.043557974339129904
2018-12-30,-0.7765473414312929,-5.215607175750367,47.787280389945316,64.17910447761192,-0.043557974339129904,0.08552217343816193,0.05129329438755048,-0.014925650216675593,13.849999999999998,19.026374511249426,12.517,1.007642470339766,1146125380.0,-0.04196419909903208
2019-01-06,-0.7279891520706894,-4.91119019145266,44.35453460433869,46.26865671641791,-0.04196419909903208,-0.043557974339129904,0.08552217343816193,0.05129329438755048,13.814285714285713,18.121154560647085,12.582659999999999,1.0142394367440684,1142765380.0,0.03509131981127019
2019-01-13,-0.6417627740580141,-4.336487313804707,47.7245402306787,61.19402985074626,0.03509131981127019,-0.04196419909903208,-0.043557974339129904,0.08552217343816193,13.799999999999999,16.82964774326168,12.6470068,0.981079476976635,1143865380.0,0.0
2019-01-20,-0.5668929591015548,-3.8363247902272275,47.7245402306787,61.19402985074626,0.0,0.03509131981127019,-0.04196419909903208,-0.043557974339129904,13.792857142857143,15.630391412832378,12.710066664,0.9145738000497327,1149865380.0,-0.03509131981127006
2019-01-27,-0.5416599934336546,-3.679898831650321,44.59246831026788,46.26865671641791,-0.03509131981127006,0.0,0.03509131981127019,-0.04196419909903208,13.75,15.390541696783334,12.771865330719999,0.9599613857604661,1145605380.0,0.031637084943182445
2019-02-03,-0.4798203765322082,-3.26420216709977,47.90609858505784,59.701492537313406,0.031637084943182445,-0.03509131981127006,0.0,0.03509131981127019,13.85357142857143,14.490505973380758,12.8324280241056,0.9771070010632898,1151545380.0,0.05715841383994862
2019-02-10,-0.3580962279452393,-2.4287668281652293,53.55617499682181,85.07462686567165,0.05715841383994862,0.031637084943182445,-0.03509131981127006,0.0,14.017857142857142,14.308577244032339,12.891779463623488,0.9680279295587692,1168175380.0,-0.019802627296179754
2019-02-17,-0.28257906050023074,-1.914113736690691,51.43576589000034,73.33333333333331,-0.019802627296179754,0.05715841383994862,0.031637084943182445,-0.03509131981127006,14.171428571428569,14.139643423923095,12.949943874351018,0.9560259345902856,1162825380.0,-0.023609865639133736
2019-02-24,-0.24811314229687653,-1.6816037388960603,48.998385289506025,59.649122807017555,-0.023609865639133736,-0.019802627296179754,0.05715841383994862,0.031637084943182445,14.285714285714286,14.42202432727008,13.006944996863997,0.9663097964052652,1156635380.0,-0.006849341845574783
2019-03-03,-0.22625963780938285,-1.5350665593134456,48.29422747765532,54.54545454545455,-0.006849341845574783,-0.023609865639133736,-0.019802627296179754,0.05715841383994862,14.4,14.514696802874768,13.062806096926717,0.9080019538048891,1153715380.0,-0.042111485350126966
2019-03-10,-0.2544227367116676,-1.7330153352440134,44.190719866158254,28.84615384615383,-0.042111485350126966,-0.006849341845574783,-0.023609865639133736,-0.019802627296179754,14.432142857142855,13.55842306344245,13.117549974988183,0.9181446713902542,1152055380.0,0.0035778213478841235
2019-03-17,-0.26959983429366297,-1.8427260583959864,44.613068180451734,27.99999999999997,0.0035778213478841235,-0.042111485350126966,-0.006849341845574783,-0.023609865639133736,14.482142857142858,12.718085799079034,13.17119897548842,0.8704200520052361,1155665380.0,0.014184634991956381
2019-03-24,-0.26246394397421646,-1.7978705246112539,46.3616440355092,35.99999999999994,0.014184634991956381,0.0035778213478841235,-0.042111485350126966,-0.006849341845574783,14.496428571428572,12.087360755399981,13.223774995978651,0.8225329054334335,1158075380.0,-0.021353124470568946
2019-03-31,-0.27781372855044495,-1.9097858017679523,44.112019438494634,24.48979591836734,-0.021353124470568946,0.014184634991956381,0.0035778213478841235,-0.042111485350126966,14.4,12.250787946015066,13.275299496059079,0.8530662693310455,1155935380.0,-0.014493007302566864
2019-04-07,-0.30262836058537523,-2.0893799520897622,42.62700899240117,16.326530612244845,-0.014493007302566864,-0.021353124470568946,0.014184634991956381,0.0035778213478841235,14.335714285714287,11.896013051108811,15.8,0.8421329643788279,1147775380.0,0.039361073880580306
2019-04-14,-0.2747466237399738,-1.8991552684588922,47.828450088145566,38.77551020408161,0.039361073880580306,-0.014493007302566864,-0.021353124470568946,0.014184634991956381,14.35357142857143,12.422263666941756,15.75,0.8748377526374831,1151805380.0,0.0
2019-04-21,-0.2497709424652026,-1.7284321909788907,47.82845008814557,38.77551020408161,0.0,0.039361073880580306,-0.014493007302566864,-0.021353124470568946,14.335714285714287,12.910924953072348,15.701,0.8587779131633771,1154235380.0,-0.014134510934904693
2019-04-28,-0.24331112445829994,-1.6871954639261166,46.06710760070309,30.612244897959194,-0.014134510934904693,0.0,0.039361073880580306,-0.014493007302566864,14.303571428571429,12.94015683206564,15.652980000000001,0.8224366336517074,1150455380.0,-0.003565066164496257
2019-05-05,-0.23946584112573,-1.6641300490531186,45.61484734733045,28.57142857142855,-0.003565066164496257,-0.014134510934904693,0.0,0.039361073880580306,14.303571428571429,12.785315937422476,15.6059204,0.785119731248014,1148485380.0,-0.028987536873252298
2019-05-12,-0.2656330312084698,-1.8535109708119946,42.057580599441884,12.244897959183634,-0.028987536873252298,-0.003565066164496257,-0.014134510934904693,0.0,14.242857142857144,12.105723331505756,15.559801992,0.7790397504445844,1142425380.0,-0.018553407895747834
2019-05-19,-0.30305025385211337,-2.1253780457408,39.96008384064873,2.040816326530569,-0.018553407895747834,-0.028987536873252298,-0.003565066164496257,-0.014134510934904693,14.10357142857143,11.474673054583088,15.51460595216,0.748394053984257,1123875380.0,-0.011299555253933394
2019-05-26,-0.3408779894976792,-2.403895529172012,38.71257117634302,0.0,-0.011299555253933394,-0.018553407895747834,-0.028987536873252298,-0.003565066164496257,13.975,10.700513186658466,15.4703138331168,0.7163659072710958,1114325380.0,-0.1378697942231208
2019-06-02,-0.5022429904792727,-3.5921460692324665,28.031634507080412,0.0,-0.1378697942231208,-0.011299555253933394,-0.018553407895747834,-0.028987536873252298,13.75,11.597513606158058,15.379501279792127,0.7866254853231603,1112435380.0,-0.08149303425118291
2019-06-09,-0.6947398660007007,-5.059570936548918,24.221527883197183,0.0,-0.08149303425118291,-0.1378697942231208,-0.011299555253933394,-0.018553407895747834,13.467857142857142,13.084014120601584,15.146731203004599,0.8090093792286489,1106785380.0,0.15684247149296968
2019-06-16,-0.6940494993465407,-5.091103818119012,41.38215744555453,40.90909090909092,0.15684247149296968,-0.08149303425118291,-0.1378697942231208,-0.011299555253933394,13.357142857142858,12.98463692261495,14.782992706764231,0.9226515664266026,1111565380.0,-0.08847872868357953
2019-06-23,-0.7693599015480217,-5.714406919815369,36.228254258247844,17.045454545454543,-0.08847872868357953,0.15684247149296968,-0.08149303425118291,-0.1378697942231208,13.167857142857143,12.892358095913073,14.448353290223093,0.9746050259675595,1108825380.0,0.013129291441792802
2019-06-30,-0.807630331745214,-6.064170667471838,37.42718870608144,20.45454545454546,0.013129291441792802,-0.08847872868357953,0.15684247149296968,-0.08149303425118291,12.974999999999998,13.331330906500352,14.140485027005246,0.9621332383984481,1112025380.0,-0.08149303425118291
2019-07-07,-0.9002053943584549,-6.863032654817686,33.37304698510226,1.1235955056179538,-0.08149303425118291,0.013129291441792802,-0.08847872868357953,0.15684247149296968,12.739285714285716,13.856070843603165,13.857246224844827,0.9612665785128447,1109775380.0,0.059514127532407715
2019-07-14,-0.9106251112849719,-7.016438145780884,38.5501639668535,21.05263157894737,0.059514127532407715,-0.08149303425118291,0.013129291441792802,-0.08847872868357953,12.564285714285715,14.580153153415276,13.526521602360344,0.9640332514762129,1112525380.0,-0.05951412753240772
2019-07-21,-0.9602630648737254,-7.500724349833221,35.573376692719876,7.526881720430099,-0.05951412753240772,0.059514127532407715,-0.08149303425118291,0.013129291441792802,12.303571428571429,15.252515298240807,13.133339010077103,0.9416023049421977,1110145380.0,-0.05826890812397576
2019-07-28,-1.0360732784845865,-8.226267021701654,33.0373742311577,4.4943820224718944,-0.05826890812397576,-0.05951412753240772,0.059514127532407715,-0.08149303425118291,12.0,16.49832533627686,12.78733832886785,0.9636307117320406,1107645380.0,-0.01005033585350145
2019-08-04,-1.0916388500773166,-8.807027561623377,32.61998449737732,8.888888888888896,-0.01005033585350145,-0.05826890812397576,-0.05951412753240772,0.059514127532407715,11.703571428571431,17.86757822980301,12.369110962826351,0.9376570894654662,1104515380.0,-0.030771658666753774
2019-08-11,-1.146664424971025,-9.40810805977763,31.340746036146996,2.2222222222222143,-0.030771658666753774,-0.01005033585350145,-0.05826890812397576,-0.05951412753240772,11.389285714285716,19.139027345220146,11.910053208774135,0.8992530116465043,1103045380.0,-0.010471299867295366
2019-08-18,-1.1846854374949167,-9.881494020556731,30.905665864114113,8.695652173913052,-0.010471299867295366,-0.030771658666753774,-0.01005033585350145,-0.05826890812397576,11.096428571428572,20.613553069885143,11.524444695370274,0.8707349393860397,1097705380.0,-0.05406722127027582
2019-08-25,-1.240859331210272,-10.544774728057568,28.75612819552819,7.216494845360818,-0.05406722127027582,-0.010471299867295366,-0.030771658666753774,-0.01005033585350145,10.785714285714286,22.29207842916862,11.088044650203624,0.876396729429894,1092225380.0,-0.028170876966696335
2019-09-01,-1.2906723894634986,-11.180453473334033,27.718063252830504,5.555555555555555,-0.028170876966696335,-0.05406722127027582,-0.010471299867295366,-0.030771658666753774,10.467857142857143,23.951169366125093,10.6004357201629,0.8495112487563301,1086775380.0,0.09270939810426754
2019-09-08,-1.2471849292406585,-10.940211997551069,36.15671284564193,24.44444444444444,0.09270939810426754,-0.028170876966696335,-0.05406722127027582,-0.010471299867295366,10.332142857142857,24.2513362486114,10.180348576130319,0.8674033024165922,1093335380.0,0.14066732948997132
2019-09-15,-1.08323110793512,-9.523680671207845,47.43137528495483,56.66666666666668,0.14066732948997132,0.09270939810426754,-0.028170876966696335,-0.05406722127027582,10.364285714285716,22.573138910361617,8.5,0.93044592367255,1100575380.0,-0.01366763872866387
2019-09-22,-0.9543985572491849,-8.416982398675716,46.51620786455365,53.33333333333334,-0.01366763872866387,0.14066732948997132,0.09270939810426754,-0.028170876966696335,10.257142857142856,21.014812810558254,8.5,0.9139855005530821,1098675380.0,-0.03263692931302243
2019-09-29,-0.8705052647488181,-7.716888343896837,44.365215362971604,68.33333333333336,-0.03263692931302243,-0.01366763872866387,0.14066732948997132,0.09270939810426754,10.200000000000001,19.5677957178837,8.556,0.8737008219421477,1097055380.0,-0.03373813963185023
2019-10-06,-0.8227768416815913,-7.345904967804352,42.26068216775653,56.66666666666665,-0.03373813963185023,-0.03263692931302243,-0.01366763872866387,0.14066732948997132,10.107142857142858,18.51064693781573,8.61088,0.8362936203748516,1095415380.0,0.0
2019-10-13,-0.7760064037607535,-6.974477571565646,42.26068216775653,90.2654867256637,0.0,-0.03373813963185023,-0.03263692931302243,-0.01366763872866387,10.078571428571427,21.831163149990626,11.3,1.5051297903480765,1096885380.0,0.014598799421152631
2019-10-20,-0.7185537084807745,-6.49166620286482,43.59069705109921,91.5929203539823,0.014598799421152631,0.0,-0.03373813963185023,-0.03263692931302243,10.014285714285714,20.445572425171324,11.074,1.4190490910374993,1099765380.0,0.0
2019-10-27,-0.6653522667830032,-6.0400828599226735,43.590697051099205,91.5929203539823,0.0,0.014598799421152631,0.0,-0.03373813963185023,9.99642857142857,21.00202688515591,10.85252,2.0569741559633923,1101135380.0,-0.03941396854087674
2019-11-03,-0.6479966954610124,-5.924985175324385,40.69181831819459,88.05309734513273,-0.03941396854087674,0.0,0.014598799421152631,0.0,9.992857142857142,19.701498606158673,10.6354696,1.9386188591088644,1099285380.0,0.16201629063320902
2019-11-10,-0.4874133082946539,-4.433761820516311,54.84129690077911,100.0,0.16201629063320902,-0.03941396854087674,0.0,0.014598799421152631,10.12142857142857,18.798149418561223,0.0,1.9251460834582315,1117245380.0,0.08594242980072483
2019-11-17,-0.2722848618447191,-2.4478664849861533,60.8729802048355,97.32824427480917,0.08594242980072483,0.16201629063320902,-0.03941396854087674,0.0,10.346428571428572,18.200869157470823,0.23399999999999999,1.916207077496929,1149225380.0,0.079137320558724
2019-11-24,-0.01687328856520054,-0.1490359337567767,65.79329605022028,93.55932203389831,0.079137320558724,0.08594242980072483,0.16201629063320902,-0.03941396854087674,10.653571428571427,17.928632910404946,0.74864,1.9221922862471483,1176515380.0,0.083381608939051
2019-12-01,0.27915427783402613,2.4077277168999918,70.3779627274342,100.0,0.083381608939051,0.079137320558724,0.08594242980072483,0.16201629063320902,11.082142857142856,17.71956954941989,1.5887216,1.884892837229495,1190275380.0,0.09833590072086179
2019-12-08,0.6315501856643717,5.27998992888153,75.03277298734533,99.69879518072288,0.09833590072086179,0.083381608939051,0.079137320558724,0.08594242980072483,11.639285714285714,17.810612205129694,2.661623872,1.8681147774273885,1205135380.0,-0.10502488887165852
2019-12-15,0.7688227609084972,6.31274933525912,63.579243363054985,89.7590361445783,-0.10502488887165852,0.09833590072086179,0.083381608939051,0.079137320558724,12.017857142857142,17.88173736965715,4.0554614848,1.8525351504682892,1201465380.0,-0.07669262078825445
2019-12-22,0.7798616986535105,6.340869128008316,57.29962109392308,83.13253012048192,-0.07669262078825445,-0.10502488887165852,0.09833590072086179,0.083381608939051,12.214285714285714,17.601891384728564,5.3099153363200005,1.8094969254348399,1194145380.0,0.028573372444055948
2019-12-29,0.8115319581556886,6.523679657392566,58.8897074905058,85.54216867469879,0.028573372444055948,-0.07669262078825445,-0.10502488887165852,0.09833590072086179,12.450000000000001,17.342034398723445,6.4389238026880005,1.7445328593323512,1198345380.0,0.05480823649499516
2020-01-05,0.8909142759063347,7.054269287996329,61.94215279378816,90.36144578313252,0.05480823649499516,0.028573372444055948,-0.07669262078825445,-0.10502488887165852,12.767857142857142,17.24817560677184,7.455031422419201,1.6877805122371836,1214555380.0,-0.023609865639133736
2020-01-12,0.9150353023388167,7.1604018441110275,59.84845959985163,88.25301204819276,-0.023609865639133736,0.05480823649499516,0.028573372444055948,-0.07669262078825445,13.085714285714287,17.015383653116714,8.369528280177281,1.6029390470773848,1210425380.0,-0.05255149532643022
2020-01-19,0.8636767298589803,6.714878607546834,55.51795865532102,83.73493975903614,-0.05255149532643022,-0.023609865639133736,0.05480823649499516,0.028573372444055948,13.35,16.598830519980726,9.192575452159554,1.5420148294290001,1205925380.0,-0.00722024797348702
2020-01-26,0.8056188542139928,6.2298437091673495,54.947067779177694,83.13253012048192,-0.00722024797348702,-0.05255149532643022,-0.023609865639133736,0.05480823649499516,13.596428571428572,16.17710339687829,9.933317906943598,1.4390137701840717,1202335380.0,-0.02941388520629334
2020-02-02,0.7190422410538009,5.545468861762635,52.61637406844402,51.8796992481203,-0.02941388520629334,-0.00722024797348702,-0.05255149532643022,-0.023609865639133736,13.814285714285715,15.31031995153207,10.599986116249239,1.4326556437423523,1199475380.0,-0.04191089561563695
2020-02-09,0.5991427037795347,4.62383989674242,49.50685380152394,34.782608695652165,-0.04191089561563695,-0.02941388520629334,-0.00722024797348702,-0.05255149532643022,14.02142857142857,14.505449609424868,11.199987504624316,1.3731802406178986,1196915380.0,-0.06013835873853342
2020-02-16,0.43854742296602645,3.4011335663844364,45.55340115849989,15.094339622641487,-0.06013835873853342,-0.04191089561563695,-0.02941388520629334,-0.00722024797348702,14.049999999999999,13.498857755772274,11.739988754161885,1.3286673662880486,1194755380.0,0.0
2020-02-23,0.30772721807833747,2.3975017099887204,45.55340115849989,72.89156626506023,0.0,-0.06013835873853342,-0.04191089561563695,-0.02941388520629334,14.00357142857143,15.328779250772783,16.6,2.098048268696045,1196235380.0,-0.09531017980432477
2020-03-01,0.1139766049261226,0.8974975272427355,40.10564669062589,66.26506024096385,-0.09531017980432477,0.0,-0.06013835873853342,-0.04191089561563695,13.803571428571429,14.263532433959044,16.268,2.0339019637891846,1190205380.0,-0.0804215673105742
2020-03-08,-0.10692745500710821,-0.854699276961732,36.47561615726889,61.14457831325301,-0.0804215673105742,-0.09531017980432477,0.0,-0.06013835873853342,13.457142857142856,13.490405573989774,15.94264,1.9779089663756715,1185965380.0,-0.014888612493750637
2020-03-15,-0.29074770190628385,-2.359090076248134,35.858797512186115,65.57377049180327,-0.014888612493750637,-0.0804215673105742,-0.09531017980432477,0.0,12.989285714285714,12.772502061161166,15.6237872,1.861629754491695,1182725380.0,-0.10536051565782628
2020-03-22,-0.5112251295121162,-4.23258988579743,31.97657658157732,59.4059405940594,-0.10536051565782628,-0.014888612493750637,-0.0804215673105742,-0.09531017980432477,12.567857142857141,12.270834139119229,15.311311456,1.8000847720280027,1180415380.0,-0.011173300598125189
2020-03-29,-0.6861151354196835,-5.793484420365887,31.608051599378967,58.745874587458744,-0.011173300598125189,-0.10536051565782628,-0.014888612493750637,-0.0804215673105742,12.217857142857142,11.826604714632936,15.00508522688,1.6786501454545737,1176705380.0,0.1841924647297662
2020-04-05,-0.6717285003282374,-5.712842777214648,44.09703289595666,70.62706270627062,0.1841924647297662,-0.011173300598125189,-0.10536051565782628,-0.014888612493750637,11.967857142857143,10.993232780184593,14.7049835223424,1.6873179922078185,1178275380.0,0.14341232160612577
2020-04-12,-0.5211779628596869,-4.415993870647551,52.63535356000623,82.88590604026845,0.14341232160612577,0.1841924647297662,-0.011173300598125189,-0.10536051565782628,11.778571428571428,10.686424207473667,14.410883851895553,1.7096524213358315,1185445380.0,-0.028749413285985823
2020-04-19,-0.42520614047994343,-3.5983443315941672,50.86079818129793,86.33093525179856,-0.028749413285985823,0.14341232160612577,0.1841924647297662,-0.011173300598125189,11.589285714285714,10.401530532813522,14.122666174857642,1.612534391240415,1181235380.0,0.036813973122716184
2020-04-26,-0.30927145182937643,-2.60688803723513,53.05236581141681,89.568345323741,0.036813973122716184,-0.028749413285985823,0.14341232160612577,0.1841924647297662,11.485714285714284,10.248963211161895,13.840212851360489,1.5294962204375282,1183115380.0,0.027724548014854983
2020-05-03,-0.18699474189711474,-1.5670404955236517,54.74301166380124,95.52238805970148,0.027724548014854983,0.036813973122716184,-0.028749413285985823,0.14341232160612577,11.414285714285715,10.19823036919956,13.563408594333279,1.4452464904062763,1185145380.0,0.0
2020-05-10,-0.0890629065724422,-0.7423634641576253,54.74301166380124,92.7536231884058,0.0,0.027724548014854983,0.036813973122716184,-0.028749413285985823,11.37142857142857,10.415743658335487,0.0,1.4777288839486853,1186022940.0,0.0
2020-05-17,-0.01132072326596223,-0.09389588810329777,54.74301166380124,92.7536231884058,0.0,0.0,0.027724548014854983,0.036813973122716184,11.367857142857144,10.617720283961704,0.276,1.3757482493809217,1189872940.0,0.007782140442054949
2020-05-24,0.057694613777758974,0.4760617617979539,55.31721429489412,91.81494661921708,0.007782140442054949,0.0,0.0,0.027724548014854983,11.425,11.13942160640396,0.5464800000000001,1.3667662315679987,1194842940.0,0.14748398846906885
2020-05-31,0.27464173409659765,2.2276368713076082,65.0943879701376,99.18032786885244,0.14748398846906885,0.007782140442054949,0.0,0.0,11.628571428571428,11.881536446587875,1.0866208,1.4262829293131418,1213932940.0,-0.010084119066625935
2020-06-07,0.4295189168638185,3.4328868664955094,63.99103540879268,96.72131147540985,-0.010084119066625935,0.14748398846906885,0.007782140442054949,0.0,11.9,12.57064308390151,1.9214235519999998,1.3636912915050605,1202562940.0,-0.03436764350420777
2020-06-14,0.5060805966174655,4.002428070046615,60.32074136699475,88.52459016393443,-0.03436764350420777,-0.010084119066625935,0.14748398846906885,0.007782140442054949,12.196428571428571,13.118362391282862,2.7061381388799997,1.319856199254699,1194292940.0,-0.18372113714837787
2020-06-21,0.3688445269473313,2.929848043015626,46.52624999179572,49.18032786885246,-0.18372113714837787,-0.03436764350420777,-0.010084119066625935,0.14748398846906885,12.332142857142857,12.609755740052126,3.4437698505471994,1.3970093278793634,1184622940.0,-0.01694955831377332
2020-06-28,0.2411656173545218,1.92572977043222,45.59059081998908,45.90163934426228,-0.01694955831377332,-0.18372113714837787,-0.03436764350420777,-0.010084119066625935,12.525000000000002,12.056172925564772,4.137143659514368,1.318651518745123,1181752940.0,-0.008583743691391442
2020-07-05,0.13040674952705622,1.047028230317206,45.10219493664013,35.238095238095234,-0.008583743691391442,-0.01694955831377332,-0.18372113714837787,-0.03436764350420777,12.717857142857143,11.45650282524754,4.788915039943506,1.238747838834757,1179012940.0,0.033901551675681416
2020-07-12,0.07405257388414732,0.596176897972205,47.52380272662963,14.285714285714286,0.033901551675681416,-0.008583743691391442,-0.01694955831377332,-0.18372113714837787,12.810714285714285,11.222651063366792,5.401580137546896,1.2074087074894173,1181372940.0,-0.00836824967051658
2020-07-19,0.02107933001709128,0.1702330430205409,46.96602988231644,11.42857142857144,-0.00836824967051658,0.033901551675681416,-0.008583743691391442,-0.01694955831377332,12.778571428571428,10.861756509765797,5.9774853292940815,1.1425937998116018,1179812940.0,0.004192878260035958
2020-07-26,-0.016675540021394042,-0.1350182253218614,47.2990872205934,12.857142857142836,0.004192878260035958,-0.00836824967051658,0.033901551675681416,-0.008583743691391442,12.775,10.548943320910734,6.5188362095364365,1.0645513855393445,1180723010.0,-0.004192878260035927
2020-08-02,-0.05005413574930806,-0.4063756676101385,46.98134494902179,11.42857142857144,-0.004192878260035927,0.004192878260035958,-0.00836824967051658,0.033901551675681416,12.735714285714286,10.020820480101804,7.027706036964251,1.0242262865722485,1178413010.0,0.0
2020-08-09,-0.0756350396871408,-0.6156045154077946,46.98134494902179,11.42857142857144,0.0,-0.004192878260035927,0.004192878260035958,-0.00836824967051658,12.671428571428573,9.530420699350655,7.506043674746396,0.9510672661028021,1181173010.0,0.04919024419077178
2020-08-16,-0.04695187280439406,-0.3816563597151973,51.51434874198475,28.571428571428573,0.04919024419077178,0.0,-0.004192878260035927,0.004192878260035958,12.650000000000002,9.444181201219108,7.955681054261612,0.9331338899526019,1185063010.0,0.0
2020-08-23,-0.02394424208082313,-0.19440327001881738,51.51434874198475,28.571428571428573,0.0,0.04919024419077178,0.0,-0.004192878260035927,12.62857142857143,9.364101667239813,8.378340191005915,0.8664814692417018,1187963010.0,0.0
2020-08-30,-0.005645451718130801,-0.045784967393285456,51.51434874198475,28.571428571428573,0.0,0.0,0.04919024419077178,0.0,12.6,9.566959620767113,8.77563977954556,0.8724470785815802,1190553010.0,-0.03666398437159136
2020-09-06,-0.02714189286738211,-0.22049382075918122,47.69454215338268,15.714285714285735,-0.03666398437159136,0.0,0.0,0.04919024419077178,12.392857142857142,9.755327720471033,9.149101392772828,0.8422722872543245,1184633010.0,-0.004158010148663788
2020-09-13,-0.04766312860691002,-0.3879258183619249,47.27508495515614,25.0,-0.004158010148663788,-0.03666398437159136,0.0,0.0,12.192857142857141,9.181138165176929,9.500155309206457,0.8571099810218727,1171983010.0,0.02469261259037163
2020-09-20,-0.039266226367431045,-0.31955850440935263,50.11017515343036,65.00000000000003,0.02469261259037163,-0.004158010148663788,-0.03666398437159136,0.0,12.05,8.969065432786275,9.83014599065407,0.8316021252345961,1178823010.0,0.047628048989254664
2020-09-27,0.01562326941982306,0.126678498595778,55.28845319374286,79.16666666666667,0.047628048989254664,0.02469261259037163,-0.004158010148663788,-0.03666398437159136,12.121428571428572,9.317741201167422,10.140337231214826,0.8507734020035534,1189033010.0,0.0454623740767572
2020-10-04,0.10631306504322957,0.8560205875046025,59.78376182347049,89.28571428571426,0.0454623740767572,0.047628048989254664,0.02469261259037163,-0.004158010148663788,12.25,9.872385538688238,10.431916997341936,0.8542895875747282,1221973010.0,0.021978906718775382
2020-10-11,0.2000864027533833,1.597915360023761,61.84913664145903,100.0,0.021978906718775382,0.0454623740767572,0.047628048989254664,0.02469261259037163,12.407142857142857,10.387412423528998,10.70600197750142,0.8146974741765334,1232063010.0,0.0
2020-10-18,0.27127535505902145,2.1501799326730984,61.84913664145903,100.0,0.0,0.021978906718775382,0.0454623740767572,0.047628048989254664,12.535714285714286,10.15781024381113,10.963641858851336,0.8386476545924954,1237283010.0,0.0
2020-10-25,0.32395871820379085,2.5500375468540466,61.84913664145903,100.0,0.0,0.0,0.021978906718775382,0.0454623740767572,12.671428571428573,9.944608219787398,11.205823347320255,0.8001728221216029,1290883010.0,0.1786917887433759
2020-11-01,0.5769276355599064,4.442943895863488,75.812396769218,100.0,0.1786917887433759,0.0,0.0,0.021978906718775382,12.99642857142857,11.322655269913222,11.43347394648104,0.9358747633986313,1376213010.0,0.29673190797169885
2020-11-08,1.22324883707185,8.949839706005525,86.79791787919228,89.95983935742973,0.29673190797169885,0.1786917887433759,0.0,0.0,13.732142857142858,14.60986893645907,11.838796030762557,1.365455137441586,1493573010.0,-0.07966740273387127
2020-11-15,1.5800731535034664,11.147752846956811,75.74802894979071,76.30522088353415,-0.07966740273387127,0.29673190797169885,0.1786917887433759,0.0,14.346428571428572,17.662281626823074,12.999916427686301,1.5143511990529013,1460093010.0,-0.02469261259037152
2020-11-22,1.801743792833042,12.336082327753859,72.81201950493532,72.28915662650603,-0.02469261259037152,-0.07966740273387127,0.29673190797169885,0.1786917887433759,14.882142857142856,20.10137229594529,14.04492478491767,1.6204689705491226,1413463010.0,-0.05129329438755058
2020-11-29,1.8751125980874583,12.558521387708794,67.20177802752842,64.2570281124498,-0.05129329438755058,-0.02469261259037152,-0.07966740273387127,0.29673190797169885,15.346428571428572,22.366242202987348,14.985432306425903,1.5761497583670425,1369053010.0,-0.06805346324501564
2020-12-06,1.811511376015135,11.965216228530577,60.88647748229626,54.216867469879524,-0.06805346324501564,-0.05129329438755058,-0.02469261259037152,-0.07966740273387127,15.721428571428572,23.351317877078195,15.831889075783312,1.5742819184836825,1335713010.0,0.01398624197473987
2020-12-13,1.760980374379951,11.470930286954964,61.66246042694431,56.22489959839358,0.01398624197473987,-0.06805346324501564,-0.05129329438755058,-0.02469261259037152,16.146428571428572,24.266031003019695,16.593700168204983,1.5332617814491338,1393053010.0,-0.005571045049455472
2020-12-20,1.6933451978922172,10.896376379871748,61.13994995379505,51.52838427947598,-0.005571045049455472,0.01398624197473987,-0.06805346324501564,-0.05129329438755058,16.567857142857143,25.11540747710823,17.279330151384485,1.4666002256313384,1380253010.0,-0.016901810802603025
2020-12-27,1.597125669898782,10.177310614629418,59.510745900639826,47.533632286995534,-0.016901810802603025,-0.005571045049455472,0.01398624197473987,-0.06805346324501564,16.946428571428573,25.74515491390977,23.45,1.3904144952291,1365273010.0,0.08440381358254875
2021-01-03,1.6271858611301493,10.20238266530744,64.73882667918892,60.18518518518517,0.08440381358254875,-0.016901810802603025,-0.005571045049455472,0.01398624197473987,17.392857142857142,26.831070924655883,23.333,1.4160991741413071,1398193010.0,0.08265027108061739
2021-01-10,1.7638177960136439,10.815391461976201,69.28540097640034,75.46296296296298,0.08265027108061739,0.08440381358254875,-0.016901810802603025,-0.005571045049455472,17.914285714285715,28.30086000130177,23.218339999999998,1.4328063759883567,1427543010.0,-0.029270382300113338
2021-01-17,1.802901872677193,10.86303321440569,65.95506772773652,69.9074074074074,-0.029270382300113338,0.08265027108061739,0.08440381358254875,-0.016901810802603025,18.37142857142857,29.665664143901523,23.105973199999998,1.387605920560617,1393073010.0,0.0506742909632668
2021-01-24,1.89673809373636,11.195900894193453,68.78294537394764,77.88944723618091,0.0506742909632668,-0.029270382300113338,0.08265027108061739,0.08440381358254875,18.90357142857143,31.13513930430542,22.995853735999997,1.392062640520573,1459503010.0,-0.060624621816434854
2021-01-31,1.8489261519025284,10.769652465336197,62.163122641372944,59.64912280701755,-0.060624621816434854,0.0506742909632668,-0.029270382300113338,0.08265027108061739,19.346428571428568,31.827028568012235,22.887936661279998,1.4747724519119605,1422573010.0,-0.040821994520255166
2021-02-07,1.7265786059996415,9.969589925213846,58.296158159103136,34.61538461538461,-0.040821994520255166,-0.060624621816434854,0.0506742909632668,-0.029270382300113338,19.53928571428571,31.873356600172468,22.7821779280544,1.4730029910611062,1387703010.0,-0.037139546949456655
2021-02-14,1.5552057013065017,8.934896304633044,55.068178364032086,21.000000000000014,-0.037139546949456655,-0.040821994520255166,-0.060624621816434854,0.0506742909632668,19.275000000000002,31.788704038710733,22.67853436949331,1.4356456345567419,1315213010.0,-0.027398974188114388
2021-02-21,1.3633299987542529,7.812790263551101,52.81843465157419,12.643678160919553,-0.027398974188114388,-0.037139546949456655,-0.040821994520255166,-0.060624621816434854,19.09642857142857,31.361890801693043,22.576963682103443,1.3688138035169746,1264273010.0,-0.06305813596713702
2021-02-28,1.109714220415544,6.374284172114289,48.157200371696966,9.259259259259256,-0.06305813596713702,-0.027398974188114388,-0.037139546949456655,-0.040821994520255166,18.875,29.721455029613075,22.477424408461374,1.4210413889800477,1237813010.0,0.06027649300526008
2021-03-07,0.9821267676383165,5.628461584673829,52.46913730089717,28.703703703703702,0.06027649300526008,-0.06305813596713702,-0.027398974188114388,-0.037139546949456655,18.8,28.198193241253104,22.234327432122917,1.4159670040529015,1247963010.0,-0.05437677087807177
2021-03-14,0.7951892844921886,4.565851654402843,48.53576695160151,11.111111111111134,-0.05437677087807177,0.06027649300526008,-0.06305813596713702,-0.027398974188114388,18.74642857142857,26.258200922077236,22.000954334838,1.3826836466205514,1235233010.0,-0.03593200922606344
2021-03-21,0.5918030594119763,3.4127877259593693,46.1810585776328,0.0,-0.03593200922606344,-0.05437677087807177,0.06027649300526008,-0.06305813596713702,18.632142857142856,24.85183880575166,21.77691616144448,1.3267776718619406,1118843010.0,0.03593200922606337
2021-03-28,0.473573930823072,2.7349693874900143,48.85331076796494,11.111111111111134,0.03593200922606337,-0.03593200922606344,-0.05437677087807177,0.06027649300526008,18.567857142857143,23.507942183082545,21.5618395149867,1.2748649810146593,1128933010.0,-0.002945510229756803
2021-04-04,0.3715588137711059,2.149175363498806,48.636585869061115,10.185185185185194,-0.002945510229756803,0.03593200922606337,-0.03593200922606344,-0.05437677087807177,18.521428571428572,21.947806902956746,21.355365934387233,1.2159460537993265,1122143010.0,-0.00295421189743152
2021-04-11,0.28340954754780867,1.6420340509548987,48.40533004605174,9.259259259259256,-0.00295421189743152,-0.002945510229756803,0.03593200922606337,-0.03593200922606344,18.360714285714284,20.833222086360003,21.157151297011744,1.1612356213850887,1110303010.0,0.0574870909176816
2021-04-18,0.29088907346918447,1.6807503711386125,53.19831198081871,27.777777777777768,0.0574870909176816,-0.00295421189743152,-0.002945510229756803,0.03593200922606337,18.15357142857143,19.70302852889796,20.966865245131274,1.1711473627147253,1120073010.0,-0.048650509117183376
2021-04-25,0.22562785789796536,1.3051086652744162,49.029060126895,12.037037037037072,-0.048650509117183376,0.0574870909176816,-0.00295421189743152,-0.002945510229756803,17.928571428571427,18.653563082683206,20.784190635326024,1.1517796939493878,1112793010.0,0.03741443585025763
2021-05-02,0.22377787010971062,1.2921270025442595,52.119351414340905,24.074074074074076,0.03741443585025763,-0.048650509117183376,0.0574870909176816,-0.00295421189743152,17.675,17.948010063328876,20.60882300991298,1.1230811443815745,1129093010.0,0.014025475354504458
2021-05-09,0.23972129426296007,1.3804584722019235,53.292293722345306,43.66197183098592,0.014025475354504458,0.03741443585025763,-0.048650509117183376,0.0574870909176816,17.52857142857143,17.44801621039822,20.440470089516463,1.0678610626400333,1137073010.0,-0.042680731114880556
2021-05-16,0.18965165456236832,1.092898358465177,49.38381958688245,27.11864406779661,-0.042680731114880556,0.014025475354504458,0.03741443585025763,-0.048650509117183376,17.385714285714283,16.506278772187507,20.278851285935804,1.052299558165745,1111343010.0,-0.0029112102074584415
2021-05-23,0.14427342796432896,0.832120368341219,49.125153096453424,35.71428571428569,-0.0029112102074584415,-0.042680731114880556,0.014025475354504458,0.03741443585025763,17.289285714285715,15.631808293848989,20.123697234498373,0.9807067325824776,1107833010.0,-0.008784829555732803
2021-05-30,0.09511073273265325,0.5493599757380998,48.3076723304611,28.57142857142862,-0.008784829555732803,-0.0029112102074584415,-0.042680731114880556,0.014025475354504458,17.21785714285714,14.666892441935683,19.974749345118436,0.9213705373980148,1100353010.0,0.04317217186520878
2021-06-06,0.11533812840319158,0.664950248748,52.55861882219682,72.972972972973,0.04317217186520878,-0.008784829555732803,-0.0029112102074584415,-0.042680731114880556,17.27857142857143,14.338986493855147,19.831759371313698,0.909129784726728,1104003010.0,0.0
2021-06-13,0.1298714084481638,0.7474463215821116,52.55861882219682,84.37500000000001,0.0,0.04317217186520878,-0.008784829555732803,-0.0029112102074584415,17.264285714285712,14.081002824348928,19.69448899646115,0.8656205143891046,1121523010.0,0.01398624197473987
2021-06-20,0.15972088531020034,0.9167969954360597,54.0203689611204,100.0,0.01398624197473987,0.0,0.04317217186520878,-0.008784829555732803,17.335714285714285,14.034291925528029,19.562709436602702,0.8323619062184541,1150093010.0,0.021978906718775167
2021-06-27,0.21319587846067733,1.2186735695179205,56.338404486231674,90.90909090909079,0.021978906718775167,0.01398624197473987,0.0,0.04317217186520878,17.478571428571428,14.541334703781187,19.436201059138593,0.8193360557742789,1155083010.0,-0.030347156389291703
2021-07-04,0.20878801408044723,1.1916814073436228,52.4247846030852,64.2857142857143,-0.030347156389291703,0.021978906718775167,0.01398624197473987,0.0,17.539285714285715,14.61643381001294,19.31475301677305,0.8143834803618305,1149353010.0,-0.02266385957721206
2021-07-11,0.17104637658504984,0.976557600452689,49.71967796259676,45.23809523809518,-0.02266385957721206,-0.030347156389291703,0.021978906718775167,0.01398624197473987,17.575,14.423671125560846,19.19816289610213,0.7847846603359857,1144443010.0,0.011396134730869582
2021-07-18,0.15548188707629151,0.8871893952294464,51.07892506115873,49.99999999999991,0.011396134730869582,-0.02266385957721206,-0.030347156389291703,0.021978906718775167,17.628571428571426,14.244677204283901,19.086236380258043,0.7430143274548439,1148593010.0,0.047034948704973434
2021-07-25,0.20932188091328996,1.189502882744233,56.46544296064595,93.74999999999991,0.047034948704973434,0.011396134730869582,-0.02266385957721206,-0.030347156389291703,17.67142857142857,14.93082075256213,18.97878692504772,0.7506561612080694,1160033010.0,-0.04420609250449568
2021-08-01,0.18530111390907678,1.0525468196624745,50.79650513224122,43.749999999999915,-0.04420609250449568,0.047034948704973434,0.011396134730869582,-0.02266385957721206,17.717857142857145,15.274347048328053,18.875635448045813,0.7720378639789216,1151263010.0,-0.011363758650315095
2021-08-08,0.14841531510054295,0.8434009099896059,49.4596190151716,31.24999999999997,-0.011363758650315095,-0.04420609250449568,0.047034948704973434,0.011396134730869582,17.70357142857143,15.59333575153927,18.77661003012398,0.7526065879804272,1142303010.0,0.01980262729617973
2021-08-15,0.14574507027789707,0.8273464288342475,51.84796875982663,53.12500000000004,0.01980262729617973,-0.011363758650315095,-0.04420609250449568,0.047034948704973434,17.696428571428573,15.889539547378254,18.68154562891902,0.7309918316961109,1145033010.0,0.0
2021-08-22,0.1419920856416006,0.805249536496094,51.84796875982663,53.12500000000004,0.0,0.01980262729617973,-0.011363758650315095,-0.04420609250449568,17.742857142857144,15.586109311095663,18.59028380376226,0.7144924151463886,1147683010.0,-0.005617992304223373
2021-08-29,0.1294563616599831,0.733798623686841,51.04860471219865,46.87499999999996,-0.005617992304223373,0.0,0.01980262729617973,-0.011363758650315095,17.785714285714285,15.304352663118973,18.502672451611772,0.6813143854930751,1139833010.0,-0.008486613877318581
2021-09-05,0.10619382735347571,0.602045431881504,49.80812685470414,23.07692307692312,-0.008486613877318581,-0.005617992304223373,0.0,0.01980262729617973,17.82857142857143,14.312160965619992,18.418565553547303,0.6647919293864268,1134313010.0,-0.022989518224698833
2021-09-12,0.05484917708651338,0.31153095613377757,46.559031245062684,0.0,-0.022989518224698833,-0.008486613877318581,-0.005617992304223373,0.0,17.789285714285715,13.344297885922504,18.337822931405412,0.6458782201445394,1128143010.0,0.0
2021-09-19,0.013996825144175773,0.0796349493518694,46.559031245062684,6.666666666666525,0.0,-0.022989518224698833,-0.008486613877318581,-0.005617992304223373,17.75,12.605643861603316,18.260310014149194,0.6068869187056436,1132523010.0,0.011560822401076006
2021-09-26,-0.0022150953251092176,-0.01261215427451729,48.50686110458801,19.99999999999981,0.011560822401076006,0.0,-0.022989518224698833,-0.008486613877318581,17.70714285714286,11.831992154209585,18.185897613583226,0.5778235673695261,1138423010.0,0.0
2021-10-03,-0.014891499164860988,-0.08484656602226229,48.50686110458801,21.428571428571246,0.0,0.011560822401076006,0.0,-0.022989518224698833,17.635714285714286,11.602656421844914,18.114461709039897,0.5579790268431315,1144713010.0,0.01426557715882244
2021-10-10,-0.004710430957661771,-0.02682719325691977,51.091163940536376,39.28571428571412,0.01426557715882244,0.0,0.011560822401076006,0.0,17.62142857142857,11.549035955353657,18.0458832406783,0.5466948106400509,1149913010.0,0.019635974516858935
2021-10-17,0.031240097477695628,0.17759006969408012,54.53162163834492,64.28571428571425,0.019635974516858935,0.01426557715882244,0.0,0.011560822401076006,17.660714285714285,11.817325146722043,16.4,0.5362166098800472,1153853010.0,-0.05715841383994864
2021-10-24,-0.02072162636899222,-0.11808983513740161,44.828715525955744,3.2258064516129474,-0.05715841383994864,0.019635974516858935,0.01426557715882244,0.0,17.614285714285717,11.105655862841502,16.432,0.5800582806029011,1138283010.0,-0.017804624633506707
2021-10-31,-0.08512785871190687,-0.486874044832659,42.391796089084984,12.499999999999945,-0.017804624633506707,-0.05715841383994864,0.019635974516858935,0.01426557715882244,17.485714285714288,11.144949816068388,16.49872,0.5743398319884082,1132373010.0,0.02366974408590492
2021-11-07,-0.10270963210066597,-0.588388595369561,46.562901502783596,37.50000000000006,0.02366974408590492,-0.017804624633506707,-0.05715841383994864,0.019635974516858935,17.442857142857143,10.485505833802247,16.5,0.5618869868463793,1136683010.0,-0.017699577099400975
2021-11-14,-0.1392456695750397,-0.7999181792693877,43.9903157705396,18.75000000000003,-0.017699577099400975,0.02366974408590492,-0.017804624633506707,-0.05715841383994864,17.392857142857142,10.33444604010255,16.5,0.5431807735002094,1131593010.0,-0.02105340919783238
2021-11-21,-0.19420415284328385,-1.1201997894566402,41.134885325834134,8.33333333333325,-0.02105340919783238,-0.017699577099400975,0.02366974408590492,-0.017804624633506707,17.29285714285714,10.885867563049237,18.1,0.5400964325359088,1124713010.0,-0.027736754971599636
2021-11-28,-0.2709470767389881,-1.5718413113031366,37.7427211202323,19.23076923076922,-0.027736754971599636,-0.02105340919783238,-0.017699577099400975,0.02366974408590492,17.160714285714285,12.299585276991873,18.064,0.5693752587833438,1115263010.0,-0.0031298930089277044
2021-12-05,-0.33197418717876914,-1.9365920840324395,37.37393247013173,30.645161290322545,-0.0031298930089277044,-0.027736754971599636,-0.02105340919783238,-0.017699577099400975,17.032142857142855,14.077500848941474,17.96144,0.600134168870248,1106283010.0,0.06375451482536251
2021-12-12,-0.29224358496288616,-1.7058692314614228,48.70825979610356,64.51612903225804,0.06375451482536251,-0.0031298930089277044,-0.027736754971599636,-0.02105340919783238,16.98928571428571,13.446711354811026,17.7837536,0.6679817282366588,1110653010.0,0.0
2021-12-19,-0.25778520903918434,-1.5055876113982327,48.70825979610356,64.51612903225804,0.0,0.06375451482536251,-0.0031298930089277044,-0.027736754971599636,16.974999999999998,12.860978253118466,17.616728384,0.620268747648326,1113093010.0,0.023256862164267183
2021-12-26,-0.19594135087629638,-1.1430150106627264,52.50595273988062,77.4193548387096,0.023256862164267183,0.0,0.06375451482536251,-0.0031298930089277044,16.989285714285714,12.876001374975155,17.45972468096,0.6402495513877311,1114783010.0,-0.023256862164267235
2022-01-02,-0.17716406769025284,-1.0341153394770646,48.62848794822266,64.51612903225804,-0.023256862164267235,0.023256862164267183,0.0,0.06375451482536251,16.960714285714285,12.889951416699223,17.4,0.6266602977171789,1111163010.0,0.0
2022-01-09,-0.16043355730016273,-0.9369930802869284,48.62848794822266,64.51612903225804,0.0,-0.023256862164267235,0.023256862164267183,0.0,16.932142857142857,12.90290502687157,17.256,0.5818988478802376,1113753010.0,0.04317217186520878
2022-01-16,-0.08566824508798021,-0.4989798917437668,55.736606535084746,84.61538461538461,0.04317217186520878,0.0,-0.023256862164267235,0.023256862164267183,16.939285714285713,12.70325529624541,15.0,0.629620358745935,1118113010.0,-0.01704586727298872
2022-01-23,-0.050046781160052234,-0.29114712920445845,52.601344555223804,75.38461538461537,-0.01704586727298872,0.04317217186520878,0.0,-0.023256862164267235,16.9,12.517866260663977,15.065,0.6382189045497968,1112583010.0,0.002861232281032195
2022-01-30,-0.017579289123531794,-0.1021308606081475,53.07511715745989,76.92307692307692,0.002861232281032195,-0.01704586727298872,0.04317217186520878,0.0,16.935714285714287,12.46556296391535,15.1287,0.6033461256533829,1120303010.0,0.005698021114637796
2022-02-06,0.016035746393672667,0.0930082042939619,54.06406003433667,80.00000000000003,0.005698021114637796,0.002861232281032195,-0.01704586727298872,0.04317217186520878,17.0,12.718479454147596,15.191126,0.5816785452495699,1123673010.0,0.039002157803269176
2022-02-13,0.09803002497389102,0.5660048027514593,60.36154890698901,97.05882352941182,0.039002157803269176,0.005698021114637796,0.002861232281032195,-0.01704586727298872,17.085714285714285,13.613612922725965,15.25230348,0.5972729348746003,1134913010.0,-0.07368771579115926
2022-02-20,0.05744970163959806,0.33215661395290225,47.37264671840799,58.82352941176473,-0.07368771579115926,0.039002157803269176,0.005698021114637796,0.002861232281032195,17.099999999999998,13.223945953496195,15.3782113408,0.6474677252407004,1126603010.0,-0.07955263170195377
2022-02-27,-0.07870240013672358,-0.45816482744401377,38.46001096252497,20.588235294117634,-0.07955263170195377,-0.07368771579115926,0.039002157803269176,0.005698021114637796,17.04642857142857,13.277064383627103,15.499082887168,0.7012200305806504,1118743010.0,0.01892800988551886
2022-03-06,-0.16054575736732346,-0.9393855448470677,41.20887261411561,29.411764705882366,0.01892800988551886,-0.07955263170195377,-0.07368771579115926,0.039002157803269176,17.04642857142857,13.32638864017723,15.6,0.6725614569677469,1123743010.0,-0.012578782206860073
2022-03-13,-0.23879288046973457,-1.405084338830191,39.92839855586622,7.142857142857183,-0.012578782206860073,0.01892800988551886,-0.07955263170195377,-0.07368771579115926,17.035714285714285,13.303792097766989,15.6,0.642378495755765,1115523010.0,0.012578782206859965
2022-03-20,-0.28142190420558677,-1.66313039876179,41.873485488146585,14.285714285714304,0.012578782206859965,-0.012578782206860073,0.01892800988551886,-0.07955263170195377,16.964285714285715,13.282809594100337,15.712,0.6107800317732103,1122463010.0,-0.012578782206860073
2022-03-27,-0.3275680407028432,-1.94539049738352,40.462548174216224,7.142857142857183,-0.012578782206860073,0.012578782206859965,-0.012578782206860073,0.01892800988551886,16.878571428571426,13.32328930632673,18.4,0.5850100295036952,1118203010.0,-0.01916991610772017
2022-04-03,-0.3839210759562164,-2.2935667804631925,38.373830681037816,0.0,-0.01916991610772017,-0.012578782206860073,0.012578782206859965,-0.012578782206860073,16.742857142857144,13.664846526706912,18.346999999999998,0.5646521702534313,1115973010.0,0.022329476398088577
2022-04-10,-0.3957769175255983,-2.373733024697124,42.12729043677577,12.068965517241374,0.022329476398088577,-0.01916991610772017,-0.012578782206860073,0.012578782206859965,16.660714285714285,13.111510177518936,18.23312,0.6100341580924719,1120593010.0,0.006289328907563918
2022-04-17,-0.39257819604832633,-2.362137517178768,43.191907534087306,15.517241379310327,0.006289328907563918,0.022329476398088577,-0.01916991610772017,-0.012578782206860073,16.585714285714285,12.597697853272958,18.1237952,0.5843174325144382,1124803010.0,0.015552413007484785
2022-04-24,-0.36565522969378605,-2.2042649134884607,45.87268519043736,24.137931034482747,0.015552413007484785,0.006289328907563918,0.022329476398088577,-0.01916991610772017,16.475,13.082731454565343,18.018843392,0.6140090444776927,1135463010.0,0.0
2022-05-01,-0.3403947263710698,-2.0555543078642677,45.87268519043735,24.137931034482747,0.0,0.015552413007484785,0.006289328907563918,0.022329476398088577,16.385714285714283,13.533119798622556,17.91808965632,0.5772941127292859,1148573010.0,0.06569525926539495
2022-05-08,-0.22897530380915754,-1.3781582998269803,56.3773982915009,62.06896551724143,0.06569525926539495,0.0,0.015552413007484785,0.006289328907563918,16.37142857142857,15.007592829529262,17.8213660700672,0.6182016761057655,1160903010.0,-0.01749315744751723
2022-05-15,-0.16300310318305122,-0.9794013939794591,53.33713861680583,51.724137931034505,-0.01749315744751723,0.06569525926539495,0.0,0.015552413007484785,16.32857142857143,16.49485594304528,17.72851142726451,0.6240444135267822,1153893010.0,0.0
2022-05-22,-0.1094578963884345,-0.6566329887118458,53.33713861680583,57.69230769230766,0.0,-0.01749315744751723,0.06569525926539495,0.0,16.235714285714288,17.87588597702444,17.639370970173932,0.5937555268462977,1171023010.0,-0.060624621816434854
2022-05-29,-0.14603121988110246,-0.878648995745236,44.13590956288696,25.0,-0.060624621816434854,0.0,-0.01749315744751723,0.06569525926539495,16.164285714285715,17.78350234030311,17.553796131366976,0.658487274928705,1163623010.0,0.015504186535965254
2022-06-05,-0.1530783397698734,-0.9225717763455935,46.6153693173543,37.5,0.015504186535965254,-0.060624621816434854,0.0,-0.01749315744751723,16.20357142857143,17.697717534776157,17.5,0.6293096124337975,1167043010.0,-0.015504186535965199
2022-06-12,-0.17679812498450076,-1.0683522707223658,44.48889270164165,25.0,-0.015504186535965199,0.015504186535965254,-0.060624621816434854,0.0,16.20357142857143,17.460116000890885,17.42,0.6022160686885262,1156673010.0,0.0
2022-06-19,-0.19336720884228953,-1.1713523727648878,44.488892701641646,25.0,0.0,-0.015504186535965199,0.015504186535965254,-0.060624621816434854,16.217857142857145,17.361917413823612,17.343200000000003,0.5699149209250599,1166443010.0,0.0
2022-06-26,-0.204145069883662,-1.2394664686516284,44.488892701641646,25.0,0.0,0.0,-0.015504186535965199,0.015504186535965254,16.217857142857145,17.458477191931795,17.269472000000004,0.5506352837161271,1169193010.0,0.0
2022-07-03,-0.2102628234644115,-1.2793168897874834,44.48889270164164,25.0,0.0,0.0,0.0,-0.015504186535965199,16.232142857142858,17.54813984303225,17.198693120000005,0.5148756205935466,1183783010.0,0.0
2022-07-10,-0.21265977771184197,-1.2964457936044933,44.48889270164164,9.090909090909111,0.0,0.0,0.0,0.0,16.267857142857142,17.6313980190541,17.130745395200005,0.47809879055115045,1186843010.0,0.0
2022-07-17,-0.21211426006853173,-1.2954794407077104,44.488892701641646,3.2258064516129474,0.0,0.0,0.0,0.0,16.27857142857143,17.856288995351548,17.065515579392006,0.4510917340832113,1195663010.0,0.0
2022-07-24,-0.20926960368053926,-1.2802686470814533,44.48889270164165,0.0,0.0,0.0,0.0,0.0,16.282142857142855,18.065116330484894,17.002894956216327,0.42244232450583913,1207553010.0,0.030771658666753687
2022-07-31,-0.16477000561381416,-1.0073251021168654,51.86629627336339,33.333333333333336,0.030771658666753687,0.0,0.0,0.0,16.303571428571427,19.49700419061776,15.5,0.46369644418399353,1211843010.0,0.012048338516174355
2022-08-07,-0.1120735113380178,-0.6841018683133251,54.47269167374007,46.66666666666662,0.012048338516174355,0.030771658666753687,0.0,0.0,16.339285714285715,20.82661434645542,15.53,0.4448609838851368,1215403010.0,-0.02424361160999274
2022-08-14,-0.10141872509529293,-0.6192957898022858,48.7831704585043,20.000000000000046,-0.02424361160999274,0.012048338516174355,0.030771658666753687,0.0,16.267857142857142,20.899041967828662,15.5594,0.46308519932191267,1208843010.0,-0.01857638557293542
2022-08-21,-0.11584681308067957,-0.7086050128295557,44.98793366002974,0.0,-0.01857638557293542,-0.02424361160999274,0.012048338516174355,0.030771658666753687,16.196428571428573,20.966296187675248,15.588212,0.4514362565132047,1204203010.0,0.024692612590371414
2022-08-28,-0.09392184710819151,-0.5743618318607189,50.51581484031276,26.666666666666572,0.024692612590371414,-0.01857638557293542,-0.02424361160999274,0.012048338516174355,16.15357142857143,21.177246685207443,15.61644776,0.44776223819083283,1209173010.0,0.009104766992919287
2022-09-04,-0.06370802080942539,-0.3892462733865344,52.445593324519024,55.00000000000007,0.009104766992919287,0.024692612590371414,-0.01857638557293542,-0.02424361160999274,16.192857142857143,21.667597548445773,15.6441188048,0.4586363640343449,1215613010.0,-0.030677252247047006
2022-09-11,-0.07919624213307941,-0.4845721934908083,46.00521304426867,5.000000000000071,-0.030677252247047006,0.009104766992919287,0.024692612590371414,-0.01857638557293542,16.178571428571427,22.122923350024223,15.671236428703999,0.4651623380318917,1207313010.0,0.0
2022-09-18,-0.09042836719140368,-0.5540344589907943,46.00521304426867,52.500000000000036,0.0,-0.030677252247047006,0.009104766992919287,0.024692612590371414,16.182142857142857,20.808619317136557,17.0,0.5247935996010423,1208743010.0,0.0
2022-09-25,-0.0981979424685413,-0.6023799517467242,46.00521304426867,52.500000000000036,0.0,0.0,-0.030677252247047006,0.009104766992919287,16.185714285714287,19.588194143740868,16.96,0.5623083424866822,1209793010.0,0.0
2022-10-02,-0.10316615167463183,-0.6335811816058866,46.00521304426867,55.813953488372135,0.0,0.0,0.0,-0.030677252247047006,16.189285714285713,18.72644072359342,16.9208,0.6078577465947763,1210578720.0,0.0
2022-10-09,-0.10588294063467885,-0.6509560226845619,46.00521304426867,62.745098039215726,0.0,0.0,0.0,0.0,16.192857142857143,18.59888516403595,16.837968,0.6787250504094352,1213508720.0,0.015456258236691672
2022-10-16,-0.08686181585255426,-0.5339330996702059,50.41526705417058,72.54901960784318,0.015456258236691672,0.0,0.0,0.0,16.214285714285715,17.484953149628193,16.69468992,0.7231018325230469,1216698720.0,0.0
2022-10-23,-0.07096934696795287,-0.43618031326952855,50.41526705417058,72.54901960784318,0.0,0.015456258236691672,0.0,0.0,16.235714285714288,16.450587707678135,16.560008524799997,0.7393088444856865,1219928720.0,0.0
2022-10-30,-0.05770921497041215,-0.35463564073786813,50.41526705417058,72.54901960784318,0.0,0.0,0.015456258236691672,0.0,16.257142857142856,16.06616554895412,16.433408013311997,0.7972153555938517,1222268720.0,0.0
2022-11-06,-0.046662567793188,-0.2867161230358851,50.41526705417058,82.22222222222229,0.0,0.0,0.0,0.015456258236691672,16.242857142857144,15.70920211585325,16.31440353251328,0.8509856873371481,1223848720.0,-0.027995607489427095
2022-11-13,-0.07337345598433131,-0.45171345054591866,42.0918552320667,65.11627906976739,-0.027995607489427095,0.0,0.0,0.0,16.182142857142857,14.795351882587184,16.202539320562483,0.8223438525273519,1221488720.0,0.024923408452456934
2022-11-20,-0.06155579338782502,-0.3789481893855083,49.994763760223286,83.72093023255809,0.024923408452456934,-0.027995607489427095,0.0,0.0,16.178571428571427,14.309607225842925,14.45,0.7957478630611126,1224988720.0,-0.003081666537408112
2022-11-27,-0.05558405439184,-0.3422535686035903,49.09285972247452,81.39534883720923,-0.003081666537408112,0.024923408452456934,-0.027995607489427095,0.0,16.192857142857143,13.858558616008969,14.487,0.7424801585567474,1223718720.0,0.0
2022-12-04,-0.050271904985962124,-0.3096018503614459,49.09285972247452,81.39534883720923,0.0,-0.003081666537408112,0.024923408452456934,-0.027995607489427095,16.178571428571427,13.439727764020295,14.52326,0.6894458615169797,1225628720.0,-0.044171218313137424
2022-12-11,-0.10137752120659016,-0.6264460404079161,37.97084481240661,48.83720930232557,-0.044171218313137424,0.0,-0.003081666537408112,0.024923408452456934,16.10357142857143,13.523735358401797,14.558794800000001,0.7044854428371954,1222958720.0,0.0
2022-12-18,-0.1402622345280875,-0.8694458387547239,37.97084481240661,56.75675675675675,0.0,-0.044171218313137424,0.0,-0.003081666537408112,16.064285714285713,13.211110508197153,14.593618904000001,0.6684507683488243,1224868720.0,0.034868825650824074
2022-12-25,-0.12525439186512344,-0.7767102440397456,48.585072223482875,86.4864864864865,0.034868825650824074,0.0,-0.044171218313137424,0.0,16.064285714285713,12.277593095243407,14.627746525920001,0.6599899991810512,1226308720.0,-0.003120127336243634
2023-01-01,-0.11605731408798192,-0.7200962554254963,47.78455248792357,83.78378378378375,-0.003120127336243634,0.034868825650824074,0.0,-0.044171218313137424,16.060714285714287,11.410755497500643,14.6611915954016,0.6164192849538332,1223578720.0,0.07232066157962608
2023-01-08,-0.011802540170418041,-0.07286802743079407,63.37963770495729,90.16393442622949,0.07232066157962608,-0.003120127336243634,0.034868825650824074,0.0,16.142857142857142,12.66580964099094,14.693967763493568,0.6795321931714166,1229798720.0,-0.011696039763191187
2023-01-15,0.0540586364336022,0.33253314734100814,60.154908496821186,81.81818181818181,-0.011696039763191187,0.07232066157962608,-0.003120127336243634,0.034868825650824074,16.210714285714285,13.831217059946214,14.806209052953825,0.666708465087744,1215838720.0,-0.005899722127188383
2023-01-22,0.0970660125600169,0.5953409074576632,58.55080977585751,78.18181818181813,-0.005899722127188383,-0.011696039763191187,0.07232066157962608,-0.003120127336243634,16.25357142857143,14.710777824868911,14.913960690835673,0.626229289010048,1206968720.0,0.01176484157958643
2023-01-29,0.14560950083501467,0.8898586635741933,60.80212949286753,85.45454545454551,0.01176484157958643,-0.005899722127188383,-0.011696039763191187,0.07232066157962608,16.310714285714287,15.931313502335092,15.017402263202246,0.6136414826521877,1219228720.0,-0.0029282597790884456
2023-02-05,0.17799417682442709,1.084398724098365,59.92581545436062,83.63636363636365,-0.0029282597790884456,0.01176484157958643,-0.005899722127188383,-0.011696039763191187,16.364285714285717,17.06466805998226,15.116706172674157,0.57338137674846,1212388720.0,0.005847969882422899
2023-02-12,0.20931557052753647,1.2709978576509404,61.13236126383454,84.09090909090901,0.005847969882422899,-0.0029282597790884456,0.01176484157958643,-0.005899722127188383,16.425,18.35226147668255,15.21203792576719,0.5502827069807129,1218248720.0,0.0029112102074585343
2023-02-19,0.23545836536014164,1.4250530420658156,61.752426941142254,86.36363636363633,0.0029112102074585343,0.005847969882422899,-0.0029282597790884456,0.01176484157958643,16.521428571428572,19.547883935047103,15.303556408736503,0.514548227910662,1219708720.0,0.11000089521432849
2023-02-26,0.41280148535309635,2.46874721244845,77.33097654470181,69.02654867256636,0.11000089521432849,0.0029112102074585343,0.005847969882422899,-0.0029282597790884456,16.732142857142858,23.03265973528759,15.391414152387043,0.7456519259170433,1236578720.0,-0.0026075634070809417
2023-03-05,0.5430526308136336,3.2131369894154824,76.49216426501438,68.14159292035396,-0.0026075634070809417,0.11000089521432849,0.0029112102074585343,0.005847969882422899,16.942857142857143,26.268522978368047,15.72492930324382,0.7209625026372545,1219698720.0,-0.034531983542375806
2023-03-12,0.5870607632307099,3.4493512347330277,66.40760064909122,56.63716814159292,-0.034531983542375806,-0.0026075634070809417,0.11000089521432849,0.0029112102074585343,17.107142857142858,28.150863327321296,16.03843354504919,0.7266080381631649,1212008720.0,-0.010869672236903879
2023-03-19,0.5988955021531375,3.4993845065355673,63.62795491857261,51.376146788990845,-0.010869672236903879,-0.034531983542375806,-0.0026075634070809417,0.11000089521432849,17.307142857142857,29.651585358682645,16.33312753234624,0.6889931782943673,1202728720.0,-0.07368771579115926
2023-03-26,0.4976390098313601,2.90917571077493,49.20950186545833,20.202020202020204,-0.07368771579115926,-0.010869672236903879,-0.034531983542375806,-0.0026075634070809417,17.414285714285715,28.63078943559691,20.95,0.7683508084161984,1195638720.0,0.0
2023-04-02,0.41263590035040565,2.4133574017911728,49.20950186545832,20.202020202020204,0.0,-0.07368771579115926,-0.010869672236903879,-0.034531983542375806,17.482142857142858,28.066712784051454,20.861,0.7491828935293271,1200838720.0,0.0
2023-04-09,0.34133561912914345,1.9971959356290383,49.20950186545832,20.202020202020204,0.0,0.0,-0.07368771579115926,-0.010869672236903879,17.553571428571427,27.542927321902106,20.773780000000002,0.7135269725629466,1202998720.0,0.005865119452398058
2023-04-16,0.2895609188090198,1.6941879353579048,50.29170861022721,13.483146067415765,0.005865119452398058,0.0,0.0,-0.07368771579115926,17.54642857142857,27.138718225905105,20.688304400000003,0.687560760237022,1214938720.0,0.13133600206108695
2023-04-23,0.4371498468338899,2.5312904896438857,67.9448369722167,67.41573033707866,0.13133600206108695,0.005865119452398058,0.0,0.0,17.725,28.214952545486234,20.604538312000003,0.8170207059343776,1236278720.0,-0.025975486403260677
2023-04-30,0.5079143933282033,2.919383618803353,62.93067156919087,56.17977528089889,-0.025975486403260677,0.13133600206108695,0.005865119452398058,0.0,17.875,29.214312985097283,20.522447545760002,0.8158049412247792,1214668720.0,-0.005277057100843893
2023-05-07,0.5495912956433706,3.1388607382906852,61.94604743886353,53.9325842696629,-0.005277057100843893,-0.025975486403260677,0.13133600206108695,0.005865119452398058,18.00357142857143,30.142290536164687,20.4419985948448,0.771818873994438,1205528720.0,-0.010638398205055754
2023-05-14,0.5600265747148683,3.1824278786175086,59.92655559299234,49.43820224719101,-0.010638398205055754,-0.005277057100843893,-0.025975486403260677,0.13133600206108695,18.12142857142857,30.718847851716287,20.363158622947903,0.730974668709121,1198378720.0,0.0672087496934501
2023-05-21,0.6655239976373863,3.7440671721454017,67.37236811610069,78.65168539325843,0.0672087496934501,-0.010638398205055754,-0.005277057100843893,-0.025975486403260677,18.325,31.88339917788502,20.285895450488944,0.7716193352298981,1216868720.0,0.027128667388252696
2023-05-28,0.7844689985295332,4.3627777283020555,69.91892184097338,73.63636363636364,0.027128667388252696,0.0672087496934501,-0.010638398205055754,-0.005277057100843893,18.564285714285713,33.79056961124618,16.5,0.8593608112849054,1242468720.0,0.02166149678117925
2023-06-04,0.9046171445444067,4.969171801515522,71.8545002173999,81.81818181818181,0.02166149678117925,0.027128667388252696,0.0672087496934501,-0.010638398205055754,18.692857142857143,35.561513585081535,16.61,0.8586921819074123,1270838720.0,0.09097177820572679
2023-06-11,1.1479854396324818,6.185332471773933,78.48166994553614,73.86363636363636,0.09097177820572679,0.02166149678117925,0.027128667388252696,0.0672087496934501,18.967857142857145,38.19187901497042,16.7178,1.10449988319974,1331928720.0,0.025752496102414764
2023-06-18,1.3734393980105182,7.2541516858744135,80.00289084657611,80.68181818181819,0.025752496102414764,0.09097177820572679,0.02166149678117925,0.027128667388252696,19.332142857142856,40.63436119986723,17.061088,1.129178462971187,1348358720.0,0.057629112836636215
2023-06-25,1.646106295337919,8.492724814986692,83.01936208873417,96.59090909090908,0.057629112836636215,0.025752496102414764,0.09097177820572679,0.02166149678117925,19.810714285714283,43.02032964560468,17.390644480000002,1.1556657156161023,1363818720.0,0.09531017980432493
2023-07-02,2.0404053596788927,10.210277261757609,86.8376049593419,95.45454545454545,0.09531017980432493,0.057629112836636215,0.025752496102414764,0.09097177820572679,20.560714285714283,45.64977280952939,17.707018700800003,1.2909753073578094,1391748720.0,0.05310982531394833
2023-07-09,2.445734764963941,11.842775396139709,88.50740203580412,75.9493670886076,0.05310982531394833,0.09531017980432493,0.057629112836636215,0.025752496102414764,21.41785714285714,48.50139262590785,18.324597578752,1.7559056425465371,1471408720.0,0.0
2023-07-16,2.735428917082274,12.860445176465078,88.50740203580412,75.9493670886076,0.0,0.05310982531394833,0.09531017980432493,0.057629112836636215,22.275,51.14932531254499,19.48262977245184,1.7661980966503559,1537518720.0,0.033901551675681416
2023-07-23,3.010996370541566,13.738331294548466,89.53397247767151,81.99356913183281,0.033901551675681416,0.0,0.05310982531394833,0.09531017980432493,23.196428571428573,53.67442761244912,20.548019390655693,1.8114696611753303,1557128720.0,0.22314355131420976
2023-07-30,3.7908740463795674,16.431288979550907,93.92028580573506,99.47089947089945,0.22314355131420976,0.033901551675681416,0.0,0.05310982531394833,24.482142857142858,56.34010565372661,21.528177839403238,2.624936113948521,1610008720.0,-0.12783337150988489
2023-08-06,3.9997141166642756,16.80090087674861,73.90624249005776,75.66137566137566,-0.12783337150988489,0.22314355131420976,0.033901551675681416,0.0,25.482142857142858,58.81537812062714,23.135360055462915,2.808869248666484,1583708720.0,0.058840500022933395
2023-08-13,4.2772986262415955,17.36220326363532,76.32134023498084,86.24338624338624,0.058840500022933395,-0.12783337150988489,0.22314355131420976,0.033901551675681416,26.632142857142856,61.11384541132048,24.4,2.7868071594760204,1606268720.0,0.3053816495511819
2023-08-20,5.443186220625627,20.673460201307172,85.41023516302495,97.95918367346938,0.3053816495511819,0.058840500022933395,-0.12783337150988489,0.22314355131420976,28.689285714285713,63.5190456742041,25.72,3.5234637909420194,1669828720.0,0.2419136539962002
2023-08-27,7.3316373419165295,25.40370633062603,89.79668581637509,93.80841121495328,0.2419136539962002,0.3053816495511819,0.058840500022933395,-0.12783337150988489,31.582142857142856,65.88328965939405,28.4056,4.389644948731875,1754078720.0,0.05858072602484982
2023-09-03,9.018809732193827,28.654302413346954,90.64694734819949,85.58823529411767,0.05858072602484982,0.2419136539962002,0.3053816495511819,0.058840500022933395,34.69642857142857,68.12056935333457,33.269816,4.897527452393883,1831938720.0,-0.11467019267589329
2023-09-10,9.683474029622552,29.009696099912013,77.41788151868158,71.6831683168317,-0.11467019267589329,0.05858072602484982,0.2419136539962002,0.3053816495511819,37.28214285714286,68.05915341631164,39.386645439999995,5.4155612057943205,1761038720.0,-0.016747857301222763
2023-09-17,10.018085954620865,28.562555272135654,75.78967487533977,68.55670103092784,-0.016747857301222763,-0.11467019267589329,0.05858072602484982,0.2419136539962002,39.65714285714286,67.91725889186641,44.524782169599995,5.443021119666156,1744218720.0,-0.04267556316957807
2023-09-24,9.97861568554979,27.362138696049815,71.76869211031799,62.986330178759204,-0.04267556316957807,-0.016747857301222763,-0.11467019267589329,0.05858072602484982,41.82142857142857,67.78549969059584,48.840817022463995,5.386376753975717,1731148720.0,0.04711016023744374
2023-10-01,10.0413826749038,26.457764843778424,73.44719736093639,68.15286624203821,0.04711016023744374,-0.04267556316957807,-0.016747857301222763,-0.11467019267589329,44.07142857142857,67.67167793218034,51.65,5.205206985834595,1743768720.0,0.07170305991305734
2023-10-08,10.31117011471217,26.013675420693318,75.93615420972388,77.07006369426752,0.07170305991305734,0.04711016023744374,-0.04267556316957807,-0.016747857301222763,46.442857142857136,67.8367741196631,51.7,5.190549343989267,1757718720.0,0.04509620783319327
2023-10-15,10.628397651716305,25.6693015881081,77.4534836124701,83.01486199575372,0.04509620783319327,0.07170305991305734,0.04711016023744374,-0.04267556316957807,48.90714285714285,68.2354181511018,53.65,5.259081533704319,1781008720.0,-0.007905179507113261
2023-10-22,10.715930364164379,24.9180367034411,76.52554778889441,81.95329087048832,-0.007905179507113261,0.04509620783319327,0.07170305991305734,0.04711016023744374,51.33571428571428,68.60558760886629,56.506,5.13343285272544,1771258720.0,-0.012779726646398882
2023-10-29,10.598573596262845,23.856375993497185,74.97775058229689,80.2547770700637,-0.012779726646398882,-0.007905179507113261,0.04509620783319327,0.07170305991305734,53.635714285714286,68.94931639107618,58.90504,4.948901934673622,1751138720.0,-0.00969312920565968
2023-11-05,10.33798269723728,22.62205405650748,73.7725799780064,74.68030690537086,-0.00969312920565968,-0.012779726646398882,-0.007905179507113261,0.04509620783319327,55.357142857142854,69.26849311741394,60.9202336,4.645408939339792,1740278720.0,-0.00978800636616282
2023-11-12,9.968141021963838,21.284837510885463,72.51729479887257,72.72727272727273,-0.00978800636616282,-0.00969312920565968,-0.012779726646398882,-0.007905179507113261,57.357142857142854,69.38922143660984,71.5,4.356451157958379,1729808720.0,-0.016529301951210582
2023-11-19,9.485009897211548,19.839995602587894,70.36819168678505,68.44993141289439,-0.016529301951210582,-0.00978800636616282,-0.00969312920565968,-0.012779726646398882,59.142857142857146,69.1394210882036,71.29,4.116704646675637,1725898720.0,-0.0390873887080468
2023-11-26,8.814921296369022,18.1600071327547,65.5560236824592,42.50000000000001,-0.0390873887080468,-0.016529301951210582,-0.00978800636616282,-0.00969312920565968,59.871428571428574,68.09710588271358,70.83840000000001,4.05836860048452,1714618720.0,-0.00521287018853321
2023-12-03,8.165536537345744,16.5977758362832,64.93228428849721,28.96725440806045,-0.00521287018853321,-0.0390873887080468,-0.016529301951210582,-0.00978800636616282,59.65,66.88722821791714,70.05009600000001,3.8256279861641964,1705078720.0,0.0017406444777841182
2023-12-10,7.571681965035822,15.200627853305296,65.05165029706268,38.48684210526318,0.0017406444777841182,-0.00521287018853321,-0.0390873887080468,-0.016529301951210582,59.175000000000004,65.76377038632045,69.00608832,3.5880831300096108,1715878720.0,-0.0008699435085399963
2023-12-17,7.016135710775501,13.927137111052001,64.93263824835697,38.157894736842145,-0.0008699435085399963,0.0017406444777841182,-0.00521287018853321,-0.0390873887080468,59.192857142857136,64.41567602624735,68.0456012544,3.42464862072321,1696188720.0,-0.007863736460214576
2023-12-24,6.465025275548456,12.709414159815225,63.80130802864366,34.98349834983499,-0.007863736460214576,-0.0008699435085399963,0.0017406444777841182,-0.00521287018853321,59.24642857142857,63.1638741204652,66.86104112896,3.2478880049572667,1688648720.0,0.13133600206108695
2023-12-31,6.597744731988257,12.708789023752079,72.85582273658417,74.18300653594771,0.13133600206108695,-0.007863736460214576,-0.0008699435085399963,0.0017406444777841182,60.03928571428571,63.21573219113676,56.2,3.8694674331746053,1698158720.0,0.048057294953779264
2024-01-07,6.881809893221849,12.954939292648035,75.4961145497707,94.11764705882354,0.048057294953779264,0.13133600206108695,-0.007863736460214576,-0.0008699435085399963,60.875,63.263886113903204,56.455000000000005,3.8359340450907053,1721958720.0,0.15958206982446507
2024-01-14,7.9672534253197185,14.45643585420791,82.32388347311343,71.47147147147146,0.15958206982446507,0.048057294953779264,0.13133600206108695,-0.007863736460214576,62.25357142857143,64.35361213029192,56.7049,5.083367327584226,1749058720.0,0.03258818959315164
2024-01-21,8.93827324761498,15.63947697655212,83.43986326233266,79.42942942942945,0.03258818959315164,0.15958206982446507,0.048057294953779264,0.13133600206108695,63.621428571428574,65.36550057408145,58.016704000000004,5.266698232756782,1769678720.0,-0.032588189593151594
2024-01-28,9.385787088471787,15.950167897421041,78.12783992871559,71.47147147147146,-0.032588189593151594,0.03258818959315164,0.15958206982446507,0.048057294953779264,64.83571428571429,64.56421102788524,59.276035840000006,5.961934073274155,1746618720.0,-0.10536051565782628
2024-02-04,8.991266170755914,15.030804942496548,64.73035759635945,47.447447447447445,-0.10536051565782628,-0.032588189593151594,0.03258818959315164,0.15958206982446507,65.53571428571429,63.82015644927447,60.484994406400006,6.396795925183143,1726168720.0,-0.03390155167568146
2024-02-11,8.3882510224514,13.854927246308488,61.332434706106994,40.24024024024022,-0.03390155167568146,-0.10536051565782628,-0.032588189593151594,0.03258818959315164,66.10714285714286,63.12924862627876,61.645594630144004,6.186310501955776,1719608720.0,-0.06837729744473674
2024-02-18,7.4532590854897265,12.243835314724969,55.33660490539593,26.42642642642642,-0.06837729744473674,-0.03390155167568146,-0.10536051565782628,-0.032588189593151594,66.39285714285714,61.223672250433104,62.759770844938245,6.140859751816078,1704078720.0,-0.09684982598991766
2024-02-25,6.157145641026986,10.137758577281424,48.655218075353496,14.084507042253522,-0.09684982598991766,-0.06837729744473674,-0.03390155167568146,-0.10536051565782628,66.32142857142857,57.63109442100619,89.5,6.48794119811493,1668288720.0,-0.058455366184165664
2024-03-03,4.804268775524527,7.9596047908222305,45.36197136501377,23.761261261261257,-0.058455366184165664,-0.09684982598991766,-0.06837729744473674,-0.03390155167568146,66.175,53.93353228302675,88.79,7.0173739696781485,1640178720.0,0.0958817717032825
2024-03-10,4.136296658387003,6.845430977313733,51.29645967141237,36.37387387387387,0.0958817717032825,-0.058455366184165664,-0.09684982598991766,-0.06837729744473674,66.45,50.36572034335703,87.0424,6.916132971843995,1657498720.0,-0.03742640551911691
2024-03-17,3.3863322172292527,5.614066941533696,48.993907347373025,31.3063063063063,-0.03742640551911691,0.0958817717032825,-0.058455366184165664,-0.09684982598991766,66.55714285714285,47.052752113663715,85.364704,6.582837759569424,1646978720.0,-0.12629372532429212
2024-03-24,2.2017580001714236,3.68788239591109,42.58891138764482,15.540540540540539,-0.12629372532429212,-0.03742640551911691,0.0958817717032825,-0.058455366184165664,66.16785714285714,44.34507500498579,83.75411584,6.648349348171608,1635518720.0,0.12629372532429206
2024-03-31,1.806986086520169,3.029290951090954,49.674122900119166,31.3063063063063,0.12629372532429206,-0.12629372532429212,-0.03742640551911691,0.0958817717032825,66.31071428571428,41.277684744255296,82.2079512064,6.673467251873636,1643368720.0,-0.10536051565782628
2024-04-07,1.0064441474883452,1.701073270683983,44.6701691219488,18.01801801801802,-0.10536051565782628,0.12629372532429206,-0.12629372532429212,-0.03742640551911691,65.46071428571429,38.4293937878627,80.723633158144,6.61821959102552,1639438720.0,-0.10097591734000222
2024-04-14,-0.039068131211671187,-0.06696836513397648,40.84037320451418,6.531531531531529,-0.10097591734000222,-0.10536051565782628,0.12629372532429206,-0.12629372532429212,64.01785714285714,36.22400805391146,79.29868783181824,6.509775334523697,1628868720.0,0.0
2024-04-21,-0.8577564620312117,-1.4898745019327075,40.84037320451417,12.090680100755659,0.0,-0.10097591734000222,-0.10536051565782628,0.12629372532429206,61.732142857142854,34.71869003888811,77.93074031854552,6.387648524914861,1629395890.0,-0.02105340919783238
2024-04-28,-1.5691760207983023,-2.7631564837746803,40.05935496235884,18.40909090909091,-0.02105340919783238,0.0,-0.10097591734000222,-0.10536051565782628,59.18571428571429,33.76601924739951,75.84689589943278,6.581387915992372,1590635890.0,-0.04348511193973878
2024-05-05,-2.268217828712146,-4.056475274438871,38.47460649146017,16.13756613756614,-0.04348511193973878,-0.02105340919783238,0.0,-0.10097591734000222,56.68571428571429,32.28720970165717,72.89114422747816,6.5398602077072026,1582115890.0,-0.11778303565638351
2024-05-12,-3.188911919485527,-5.825878180427798,34.77120480123142,3.2352941176470624,-0.11778303565638351,-0.04348511193973878,-0.02105340919783238,0.0,54.4,31.438532032297672,70.17185268927992,6.429870192870974,1578535890.0,-0.025317807984289897
2024-05-19,-3.9536846467924676,-7.380227418017446,34.0649696669243,1.639344262295082,-0.025317807984289897,-0.11778303565638351,-0.04348511193973878,-0.02105340919783238,52.214285714285715,30.80149504796464,67.67010447413752,6.077736607665904,1570295890.0,0.1865859555804121
2024-05-26,-3.869632685032464,-7.289565097236999,43.884430179484895,32.075471698113205,0.1865859555804121,-0.025317807984289897,-0.11778303565638351,-0.04348511193973878,50.92857142857143,29.1792593762825,64.75309402672377,6.215041135689768,1573895890.0,0.0
2024-06-02,-3.759681630262861,-7.14308812645604,43.884430179484895,37.362637362637365,0.0,0.1865859555804121,-0.025317807984289897,-0.11778303565638351,50.07142857142857,27.672897681149085,62.127784624051394,5.842538197426213,1577945890.0,0.0
2024-06-09,-3.6306922667794055,-6.95314877449725,43.884430179484895,37.362637362637365,0.0,0.0,0.1865859555804121,-0.025317807984289897,49.45357142857143,26.642900017409264,59.765006161646255,5.714499754752913,1580015890.0,0.0
2024-06-16,-3.488256813716532,-6.730174385220734,43.8844301794849,39.53488372093023,0.0,0.0,0.0,0.1865859555804121,48.43571428571429,25.741286563208995,57.63850554548163,5.627749772270562,1581435890.0,-0.08894748601649617
2024-06-23,-3.655998190220366,-7.143966272427827,39.88925287766847,21.951219512195124,-0.08894748601649617,0.0,0.0,0.0,47.292857142857144,24.90407407002303,55.724654990933466,5.547196217108379,1578055890.0,-0.05989814158106896
2024-06-30,-3.9451858989886617,-7.830047352194369,37.58612601781613,9.75609756097561,-0.05989814158106896,-0.08894748601649617,0.0,0.0,46.471428571428575,24.394484580493078,54.00218949184012,5.32953934445778,1571955890.0,0.026798193154724217
2024-07-07,-4.039048794473928,-8.121228645468165,39.248230236961504,21.088435374149665,0.026798193154724217,-0.05989814158106896,-0.08894748601649617,0.0,45.228571428571435,23.96917386107734,52.451970542656106,5.081000819853652,1584625890.0,-0.02803352376271686
2024-07-14,-4.15829694570057,-8.478236997440273,38.10572760461917,13.7323943661972,-0.02803352376271686,0.026798193154724217,-0.05989814158106896,-0.08894748601649617,44.324999999999996,23.574242478762727,51.0567734883905,4.814500761292677,1578975890.0,-0.07572571052813563
2024-07-21,-4.439664620357341,-9.212565218346588,35.26947453338566,0.0,-0.07572571052813563,-0.02803352376271686,0.026798193154724217,-0.05989814158106896,43.574999999999996,23.63747431176196,49.80109613955145,4.717036421200342,1571835890.0,-0.09798040836020379
2024-07-28,-4.888717190298024,-10.370592914861891,32.20659288449376,0.0,-0.09798040836020379,-0.07572571052813563,-0.02803352376271686,0.026798193154724217,42.574999999999996,24.16115453371683,48.324964602805274,4.63010524825746,1564785890.0,0.07641623044436335
2024-08-04,-4.969442512156995,-10.717664278150886,36.768487025086664,15.882352941176487,0.07641623044436335,-0.09798040836020379,-0.07572571052813563,-0.02803352376271686,41.839285714285715,24.647429025532062,46.319469558412536,4.549383444810499,1572145890.0,0.10222208093329499
2024-08-11,-4.660957308346703,-10.145004684876028,42.82953197284446,47.67025089605733,0.10222208093329499,0.07641623044436335,-0.09798040836020379,-0.07572571052813563,41.528571428571425,22.949056751697984,34.0,5.027998913038322,1589055890.0,-0.054340594700081006
2024-08-18,-4.537660270508489,-9.996605346866113,40.55106745512895,32.258064516129025,-0.054340594700081006,0.10222208093329499,0.07641623044436335,-0.09798040836020379,41.42142857142857,21.45486390975991,34.279,4.822427562107014,1582925890.0,-0.01570712920535788
2024-08-25,-4.437212046897251,-9.896307308242818,39.91293608956463,27.956989247311814,-0.01570712920535788,-0.054340594700081006,0.10222208093329499,0.07641623044436335,41.34285714285714,19.999965641128522,34.552420000000005,4.610111307670798,1575695890.0,-0.057003218681726045
2024-09-01,-4.475468144673087,-10.132912819106311,37.678081312703185,12.90322580645159,-0.057003218681726045,-0.01570712920535788,-0.054340594700081006,0.10222208093329499,40.542857142857144,18.888967559926563,34.8203716,4.441531928551455,1564115890.0,-0.02259983191724092
2024-09-08,-4.518256048689224,-10.389529580874449,36.831991991016565,7.1684587813620055,-0.02259983191724092,-0.057003218681726045,-0.01570712920535788,-0.054340594700081006,39.68571428571429,18.154631198550035,47.95,4.263565362226351,1549285890.0,0.014184634991956381
2024-09-15,-4.460403198004549,-10.397983902948553,37.772525581277975,10.752688172043008,0.014184634991956381,-0.02259983191724092,-0.057003218681726045,-0.01570712920535788,38.864285714285714,16.962759653486852,47.671,4.276882122067326,1565875890.0,-0.018479559274837198
2024-09-22,-4.416097936664663,-10.43976317966086,37.001229160748565,6.093189964157715,-0.018479559274837198,0.014184634991956381,-0.02259983191724092,-0.057003218681726045,37.996428571428574,15.8560217902139,47.39758,4.064247684776802,1550665890.0,-0.13005312824819779
2024-09-29,-4.670091273943498,-11.271150093067101,32.349886733033514,0.0,-0.13005312824819779,-0.018479559274837198,0.014184634991956381,-0.02259983191724092,37.11071428571428,15.512259362210768,47.1296284,4.109658564435602,1540995890.0,0.012987195526811112
2024-10-06,-4.783959657578556,-11.765435525526541,33.20100098136342,2.305475504322758,0.012987195526811112,-0.13005312824819779,-0.018479559274837198,0.014184634991956381,36.43214285714286,15.193051393350718,46.468443264,3.9553972384044873,1549085890.0,0.12278840899545283
2024-10-13,-4.495577796807403,-11.17038745451115,41.25921494422968,25.64841498559075,0.12278840899545283,0.012987195526811112,-0.13005312824819779,-0.018479559274837198,35.964285714285715,14.310268523593324,45.83370553344,3.965726007089881,1555065890.0,-0.10678806764901164
2024-10-20,-4.5015968198863305,-11.368334429133018,37.041166979928846,5.187319884726216,-0.10678806764901164,0.12278840899545283,0.012987195526811112,-0.13005312824819779,35.324999999999996,13.690468455347187,45.224357312102406,3.9717455780120323,1549025890.0,-0.02247285585205863
2024-10-27,-4.510852785889632,-11.582325943663475,36.254117099691115,4.189944134078212,-0.02247285585205863,-0.10678806764901164,0.12278840899545283,0.012987195526811112,34.84642857142857,13.317751919252476,44.63938301961831,3.791620893868316,1543325890.0,0.0
2024-11-03,-4.4666988813521655,-11.64944377510764,36.254117099691115,4.189944134078212,0.0,-0.02247285585205863,-0.10678806764901164,0.12278840899545283,34.61785714285714,12.971657992878818,43.76402003844121,3.5207908300205792,1548435890.0,-0.026317308317373417
2024-11-10,-4.445020478864386,-11.782809328059724,35.261059881527714,7.474226804123708,-0.026317308317373417,0.0,-0.02247285585205863,-0.10678806764901164,34.13928571428571,13.149361509726432,42.94117883613474,3.4300200564476806,1541715890.0,0.15415067982725836
2024-11-17,-3.9785200725977248,-10.60294035425313,45.33875389891856,57.58928571428571,0.15415067982725836,-0.026317308317373417,0.0,-0.02247285585205863,33.73571428571429,12.379802242149072,41.78988452924396,3.542161480987132,1548185890.0,0.0
2024-11-24,-3.5676890412196016,-9.555646413785547,45.33875389891856,57.58928571428571,0.0,0.15415067982725836,-0.026317308317373417,0.0,33.48571428571429,11.665211493684382,40.730693766904444,3.3605785180594796,1555335890.0,0.0014275519911853237
2024-12-01,-3.201166848074692,-8.613020924235396,45.43725954520095,65.32663316582912,0.0014275519911853237,0.0,0.15415067982725836,-0.026317308317373417,33.28214285714286,11.014132958348366,39.75623826555209,3.131251481055231,1580685890.0,-0.001427551991185335
2024-12-08,-2.8815136557466374,-7.7865890944924185,45.34924866260489,64.82412060301507,-0.001427551991185335,0.0014275519911853237,0.0,0.15415067982725836,33.225,10.895840622455314,38.85973920430793,3.0540192324084288,1569095890.0,-0.07410797215372185
2024-12-15,-2.7976655574184193,-7.628820074495262,41.066106734484144,39.698492462311556,-0.07410797215372185,-0.001427551991185335,0.0014275519911853237,0.0,33.04642857142857,10.123735118350329,38.0349600679633,3.014446430093541,1564965890.0,0.046589943259829576
2024-12-22,-2.5764436506664694,-7.062991958639037,44.562137299168846,65.08875739644967,0.046589943259829576,-0.07410797215372185,-0.001427551991185335,0.0014275519911853237,32.94285714285714,9.791716755367972,37.27616326252623,2.909843113658288,1567235890.0,-0.03892707051426041
2024-12-29,-2.4774641664515116,-6.843460087430819,42.295903399611284,49.704142011834314,-0.03892707051426041,0.046589943259829576,-0.07410797215372185,-0.001427551991185335,32.792857142857144,9.12661458219005,36.578070201524135,2.812711462682696,1559365890.0,0.0076045993852192125
2025-01-05,-2.351739907691055,-6.539014780273423,42.897321560990655,52.662721893491124,0.0076045993852192125,-0.03892707051426041,0.046589943259829576,-0.07410797215372185,32.964285714285715,8.522936494781074,35.9358245854022,2.6510892153482177,1566765890.0,0.15415067982725836
2025-01-12,-1.78769110202186,-4.944856096158958,54.20545667697045,68.85813148788927,0.15415067982725836,0.0076045993852192125,-0.03892707051426041,0.046589943259829576,33.5,9.99881990099075,28.55,3.1760114142519167,1585905890.0,-0.0953101798043249
2025-01-19,-1.604602253112695,-4.448927879529008,47.728088425029746,44.63667820069204,-0.0953101798043249,0.15415067982725836,0.0076045993852192125,-0.03892707051426041,33.496428571428574,11.369283063899733,28.839000000000002,3.2312963132339227,1571915890.0,0.028170876966696224
2025-01-26,-1.3630984284332825,-3.779854638414478,49.581871614167106,51.55709342560553,0.028170876966696224,-0.0953101798043249,0.15415067982725836,0.0076045993852192125,33.81785714285714,12.641856000886648,29.122220000000002,3.1683465765743573,1577715890.0,-0.005571045049455472
2025-02-02,-1.1743065609102885,-3.258091860590045,49.20601394053287,50.17301038062281,-0.005571045049455472,0.028170876966696224,-0.0953101798043249,0.15415067982725836,34.175,13.755667232662,29.3997756,3.027750392533332,1563685890.0,0.0055710450494554295
2025-02-09,-0.9970558776838914,-2.7665562946197846,49.61732126417997,51.55709342560553,0.0055710450494554295,-0.005571045049455472,0.028170876966696224,-0.0953101798043249,34.54642857142857,14.735831995827159,29.671780088000002,2.8364825073523794,1587045890.0,0.13976194237515863
2025-02-16,-0.41605256885770814,-1.1418512882082255,59.21923791843584,85.18518518518516,0.13976194237515863,0.0055710450494554295,-0.005571045049455472,0.028170876966696224,35.36071428571429,16.61098177966321,29.938344486240002,3.0195908996843523,1610335890.0,-0.034401426717332324
2025-02-23,-0.06779011813794966,-0.18471110293986226,56.227363523452404,65.36796536796537,-0.034401426717332324,0.13976194237515863,0.0055710450494554295,-0.005571045049455472,35.71785714285714,18.72348410368533,30.1995775965152,3.111048692564041,1596025890.0,-0.0779615414697118
2025-03-02,-0.03347862406250357,-0.09116578333999253,50.35635474750479,39.39393939393938,-0.0779615414697118,-0.034401426717332324,0.13976194237515863,0.0055710450494554295,35.86071428571429,19.019957827718248,30.751594492654593,3.28168807166661,1576745890.0,-0.05414229916362548
2025-03-09,-0.16177043213372855,-0.4420091866121544,46.92645963333027,22.510822510822468,-0.05414229916362548,-0.0779615414697118,-0.034401426717332324,0.13976194237515863,35.86071428571428,19.419734278672195,31.28153071294841,3.4508532094047095,1562265890.0,0.026743324975510893
2025-03-16,-0.184656943504244,-0.5051548466996039,48.757632804209486,30.73593073593072,0.026743324975510893,-0.05414229916362548,-0.0779615414697118,-0.034401426717332324,35.93214285714286,19.790955268843714,31.790269484430475,3.3222208373043736,1567405890.0,-0.08398565607309272
2025-03-23,-0.4318226496377946,-1.1896389021750573,43.79065853719721,5.627705627705617,-0.08398565607309272,0.026743324975510893,-0.05414229916362548,-0.0779615414697118,35.975,19.263930900498497,32.27865870505325,3.292062206068347,1555695890.0,-0.03379737958329073
2025-03-30,-0.7082992268120876,-1.9685797507530731,42.041199543396914,0.0,-0.03379737958329073,-0.08398565607309272,0.026743324975510893,-0.05414229916362548,35.82857142857143,18.465689367024556,44.0,3.1997720484920364,1552015890.0,0.05176193455858958
2025-04-06,-0.7812276080533351,-2.1815108242833556,45.65467727568672,20.155038759689933,0.05176193455858958,-0.03379737958329073,-0.08398565607309272,0.026743324975510893,35.89642857142857,17.47136770769364,43.76,3.1569311878854625,1558125890.0,-0.011940440371918087
2025-04-13,-0.8613711818685275,-2.417864526340878,44.944642406667775,17.054263565891443,-0.011940440371918087,0.05176193455858958,-0.03379737958329073,-0.08398565607309272,35.91785714285714,16.54806902402922,43.2536,2.981436103036501,1554185890.0,0.1463987030229403
2025-04-20,-0.4955421165457423,-1.382576442081632,54.866208195032016,57.751937984496095,0.1463987030229403,-0.011940440371918087,0.05176193455858958,-0.03379737958329073,35.92142857142857,17.60640367252812,31.1,3.4791906671053225,1564185890.0,-0.09660803851992471
2025-04-27,-0.48646758255728884,-1.3596239985445937,48.50135704204733,30.232558139534877,-0.09660803851992471,0.1463987030229403,-0.011940440371918087,0.05176193455858958,35.92142857142857,18.58914298899138,31.337,3.6449627623120846,1554975890.0,0.131028262406404
2025-05-04,-0.08293092393319768,-0.22982241728260341,56.07563452574234,68.21705426356588,0.131028262406404,-0.09660803851992471,0.1463987030229403,-0.011940440371918087,36.199999999999996,19.65234312191679,31.56926,3.7346082792897923,1563945890.0,-0.048790164169431945
2025-05-11,0.08260840603077924,0.22803212778991963,52.83092484822891,53.48837209302325,-0.048790164169431945,0.131028262406404,-0.09660803851992471,0.1463987030229403,36.357142857142854,20.639600388204666,31.7968748,3.61070768791195,1558565890.0,0.025975486403260736
2025-05-18,0.29113513570591465,0.7991174046805237,54.32879845172814,61.240310077519375,0.025975486403260736,-0.048790164169431945,0.131028262406404,-0.09660803851992471,36.57142857142857,22.030635982256833,32.019937304,3.624228567346811,1569475890.0,-0.02466056182195161
2025-05-25,0.37540952350602197,1.0270579789804386,52.61929066136607,53.87596899224803,-0.02466056182195161,0.025975486403260736,-0.048790164169431945,0.131028262406404,36.332142857142856,23.09697716671285,32.23853855792,3.5082122411077528,1558405890.0,0.024660561821951622
2025-06-01,0.5129417700900873,1.3963956332410532,54.17222965659851,66.66666666666664,0.024660561821951622,-0.02466056182195161,0.025975486403260736,-0.048790164169431945,36.260714285714286,24.08715112370772,32.452767786761605,3.3397685096000567,1561685890.0,0.052446475372542524
2025-06-08,0.7823708319996499,2.1112786047561234,57.48913552449015,84.38818565400842,0.052446475372542524,0.024660561821951622,-0.02466056182195161,0.025975486403260736,36.55357142857143,25.41631310126635,32.66271243102637,3.2797850446286243,1576545890.0,-0.0271286673882527
2025-06-15,0.8967967827037313,2.4059095278163865,55.234018251216824,75.1054852320675,-0.0271286673882527,0.052446475372542524,0.024660561821951622,-0.02466056182195161,36.90714285714286,26.719119893275554,32.868458182405845,3.181228970012294,1563625890.0,0.17500317598627474
2025-06-22,1.5864832479823718,4.1702054103793476,65.39934073040908,79.18660287081339,0.17500317598627474,-0.0271286673882527,0.052446475372542524,0.024660561821951622,37.739285714285714,29.188620525844097,33.07008901875773,3.811141186439987,1596805890.0,-0.01373502839015252
2025-06-29,2.056904458693765,5.3140720022943535,64.06811531443536,76.07655502392343,-0.01373502839015252,0.17500317598627474,-0.0271286673882527,0.052446475372542524,38.732142857142854,31.481728256086313,33.82728545800742,3.788916815979988,1579495890.0,0.0816780310142671
2025-07-06,2.721115897756036,6.868493883393391,68.33914150912305,92.99065420560747,0.0816780310142671,-0.01373502839015252,0.17500317598627474,-0.0271286673882527,40.089285714285715,33.99597482354,34.55419403968712,3.911137043409989,1599715890.0,0.00488998529419177
2025-07-13,3.2304426275312537,7.980532439591435,68.59043363427344,93.58974358974359,0.00488998529419177,0.0816780310142671,-0.01373502839015252,0.17500317598627474,41.34285714285714,36.33063235046129,35.630942397305894,3.803198683166418,1621395890.0,0.13401907856444947
2025-07-20,4.178998411514328,9.992504819176148,74.8984028086015,90.29982363315696,0.13401907856444947,0.00488998529419177,0.0816780310142671,-0.01373502839015252,43.15,39.096392008987365,36.64308585346754,4.335113062940246,1661735890.0,0.12119019397799784
2025-07-27,5.476824186298629,12.554769799658363,79.46133598052499,77.71226415094343,0.12119019397799784,0.13401907856444947,0.00488998529419177,0.0816780310142671,45.121428571428574,42.18485381008791,38.619638985190136,5.2540335584445135,1695265890.0,-0.10594857800938066
2025-08-03,5.90074097068748,13.171445536876526,67.77515406391328,58.290155440414516,-0.10594857800938066,0.12119019397799784,0.13401907856444947,0.00488998529419177,46.871428571428574,45.05271119682413,42.31767508667112,5.353745447127048,1668895890.0,-0.06151787779364973
2025-08-10,5.882433710927323,12.892876102864124,62.49155894723389,47.87798408488065,-0.06151787779364973,-0.10594857800938066,0.12119019397799784,0.13401907856444947,48.017857142857146,45.59199145880836,45.645907578004014,5.557049343760831,1651485890.0,0.06988612746416649
2025-08-17,6.124131057714358,13.116512702285767,65.77006813335049,58.62068965517242,0.06988612746416649,-0.06151787779364973,-0.10594857800938066,0.12119019397799784,49.589285714285715,46.28427508818246,48.64131682020361,5.592260104920771,1679855890.0,-0.03390155167568134
2025-08-24,6.0841602489838,12.801212826289838,62.848590351701645,53.31564986737402,-0.03390155167568134,0.06988612746416649,-0.06151787779364973,-0.10594857800938066,50.94642857142857,46.92710988688698,51.3,5.4356700974264305,1671095890.0,-0.05310982531394841
2025-08-31,5.744192689448646,11.9467883906158,58.64083587592246,43.715846994535525,-0.05310982531394841,-0.03390155167568134,0.06988612746416649,-0.06151787779364973,52.15714285714286,46.795538811300176,53.73,5.261693661895971,1664725890.0,0.08701137698962969
2025-09-07,5.811235852896061,11.868303804051408,63.07770820947392,56.17977528089889,0.08701137698962969,-0.05310982531394841,-0.03390155167568134,0.06988612746416649,53.65714285714286,46.849997688153344,55.0,5.24300125747483,1691225890.0,0.002496880198587146
2025-09-14,5.809503449866007,11.66733267214209,63.205233747919195,56.60112359550562,0.002496880198587146,0.08701137698962969,-0.05310982531394841,-0.03390155167568134,55.017857142857146,47.07381832332743,55.0,5.0113583105123425,1701035890.0,0.03832511432166798
2025-09-21,5.929405373989297,11.687203349115283,65.2313203333153,63.202247191011246,0.03832511432166798,0.002496880198587146,0.08701137698962969,-0.05310982531394841,56.625,45.88892628270455,75.6,5.260547002618604,1713285890.0,-0.011263192278710827
2025-09-28,5.899933600878029,11.444213280224385,64.09908002908467,55.627009646302255,-0.011263192278710827,0.03832511432166798,0.002496880198587146,0.08701137698962969,57.635714285714286,44.78866938784045,75.16799999999999,5.027650788145847,1701755890.0,-0.013029500290333795
2025-10-05,5.745789805980273,10.995974896235902,62.75838248654964,48.31858407079646,-0.013029500290333795,-0.011263192278710827,0.03832511432166798,0.002496880198587146,58.635714285714286,44.06049432186487,74.74463999999999,4.989961446135429,1688325890.0,-0.01903243216932908
2025-10-12,5.467804897658894,10.35250071924629,60.79002544233417,39.423076923076934,-0.01903243216932908,-0.013029500290333795,-0.011263192278710827,0.03832511432166798,59.267857142857146,42.96302182846821,74.32974719999999,4.840678485697184,1671335890.0,0.07171819923959138
2025-10-19,5.542685041878229,10.32793615280366,65.32242059071761,55.68627450980392,0.07171819923959138,-0.01903243216932908,-0.013029500290333795,-0.011263192278710827,60.199999999999996,42.35516992168679,73.92315225599998,4.823487165290243,1688505890.0,-0.06091626620677791
2025-10-26,5.2350534165016,9.663571195407014,59.045765923745456,37.86008230452676,-0.06091626620677791,0.07171819923959138,-0.01903243216932908,-0.013029500290333795,60.33571428571428,41.80285694290297,73.52468921087998,4.768238082055226,1679475890.0,-0.08446016378025908
2025-11-02,4.543489568511347,8.370656721593534,52.0946256343564,31.851851851851887,-0.08446016378025908,-0.06091626620677791,0.07171819923959138,-0.01903243216932908,59.582142857142856,40.13422716409934,73.13419542666239,4.7776496476227095,1670175890.0,0.0422598092898826
2025-11-09,4.1413413734362265,7.591211815363757,54.89545981593401,50.56603773584907,0.0422598092898826,-0.08446016378025908,-0.06091626620677791,0.07171819923959138,59.475,38.562495705375156,72.75151151812913,4.686388958506802,1682885890.0,-0.03687863038536588
2025-11-16,3.6115518602185617,6.608017538753399,52.029028044701946,18.00947867298577,-0.03687863038536588,0.0422598092898826,-0.08446016378025908,-0.06091626620677791,59.47142857142857,37.10303077941698,72.37648128776655,4.537361175756316,1674185890.0,0.0
2025-11-23,3.1553173201167652,5.763517762287024,52.02902804470193,18.00947867298577,0.0,-0.03687863038536588,0.0422598092898826,-0.08446016378025908,59.17857142857143,35.747813348170105,72.00895166201123,4.213263948916579,1681925890.0,-0.03550668845690976
2025-11-30,2.606355018668161,4.765916024531599,49.25905259575048,3.636363636363688,-0.03550668845690976,0.0,-0.03687863038536588,0.0422598092898826,58.88928571428571,33.88373784091937,71.648772628771,4.080173666851109,1674645890.0,0.10628687051795703
2025-12-07,2.629175380568334,4.773296451321846,56.92193020547241,58.636363636363654,0.10628687051795703,-0.03550668845690976,0.0,-0.03687863038536588,59.24642857142857,33.48392148259477,70.92482172362016,4.428018404933172,1688655890.0,-0.01680711831638129
2025-12-14,2.5373203891161182,4.582381392505979,55.431808723278415,49.54545454545457,-0.01680711831638129,0.10628687051795703,-0.03550668845690976,0.0,59.175,33.11266343557907,70.22982885467535,4.183159947437946,1680285890.0,0.010956704638205552
2025-12-21,2.488290747504081,4.468257765308369,56.233816853111335,55.45454545454547,0.010956704638205552,-0.01680711831638129,0.10628687051795703,-0.03550668845690976,59.13928571428571,32.76792382049307,69.56263570048833,3.9557913797638067,1684035890.0,0.009178203770850385
