,MACD,PPO,RSI,STOCH,Lag_1,Lag_2,Lag_3,Lag_4,SMA,ADX,SAR,ATR,OBV,Target_Return
2010-08-01,0.24774335569398087,0.42048267784696575,0.3936945172467121,0.30913978494623656,0.449433077548673,0.3740091523432565,0.6234389288061727,0.5770606647542654,0.3532230674389932,0.4999395802226221,0.2867875641046562,0.20392047549910172,0.09842333545747939,-0.03028240476917333
2010-08-08,0.24030628708560206,0.41232378561756267,0.35087184903857604,0.20161290322580638,0.40150117351022413,0.449433077548673,0.4226847078995206,0.6234389288061727,0.3498499546374485,0.48226809647523083,0.28211737546303545,0.1940957512467825,0.09560935120579087,-0.016273121598842366
2010-08-15,0.2319906816279969,0.4031066769439264,0.3290754647891677,0.15743440233236178,0.42314237068707045,0.40150117351022413,0.5079247069592965,0.4226847078995206,0.34440644846116264,0.4509025724494803,0.27782080191274433,0.18874280695554208,0.09060695945807051,-0.023716526617316044
2010-08-22,0.2218834711804887,0.39176918608844613,0.29844804900080846,0.2005012531328322,0.41164398110400724,0.42314237068707045,0.4537546880423118,0.5079247069592965,0.3394049363761137,0.41222655426295807,0.2738679542464765,0.18983702086679088,0.08578179593864013,-0.0008003201707691552
2010-08-29,0.21434817060282102,0.3831518495876524,0.2974082980289239,0.19799498746867183,0.4470443749874954,0.41164398110400724,0.47821238660391263,0.4537546880423118,0.33514783539209525,0.37122761266946536,0.267948283453821,0.1826573941566176,0.08001826728572468,-0.011272261063500096
2010-09-05,0.2071832441726401,0.374820387933238,0.2821931635835746,0.1629072681704261,0.4308675774362959,0.4470443749874954,0.4652175349758664,0.47821238660391263,0.33056505455137597,0.3357292292447477,0.26262057974043107,0.16927013828812082,0.07842154650796498,-0.07217897121332185
2010-09-12,0.1908056894754696,0.35571133030670565,0.19942053945473082,0.10828025477707005,0.33678038484268796,0.4308675774362959,0.5052251258447585,0.4652175349758664,0.3223997952869472,0.32831258371569494,0.2578256463983801,0.17421396184965673,0.07264246177231562,-0.04905129486682926
2010-09-19,0.17152354450939225,0.33263967330742994,0.15584207701140984,0.017595307917888194,0.3725074522430185,0.33678038484268796,0.4869429931620723,0.5052251258447585,0.31530462698024986,0.32646775958379504,0.2510278838452948,0.17257593646826994,0.06921901242208764,0.005469475804535476
2010-09-26,0.15830562962496386,0.3161111342007583,0.16677517319183455,0.1084010840108402,0.45672980209396735,0.3725074522430185,0.38061078907200796,0.4869429931620723,0.30986112080396394,0.3298828243549282,0.2431214678400252,0.16712098530708527,0.07269135231805078,0.030441025501235553
2010-10-03,0.15371681328466208,0.3096166658247473,0.22854326004894726,0.20054200542005426,0.49530523983957586,0.45672980209396735,0.4209875685000034,0.38061078907200796,0.3064647451555121,0.30782626565849036,0.23425147361368787,0.1700874423497629,0.07963269866367693,0.10694655881346109
2010-10-10,0.16845402461811243,0.32660824551038875,0.41483641428971896,0.5474254742547424,0.6134891120191359,0.49530523983957586,0.5161710663430914,0.4209875685000034,0.30644148230860485,0.2752207967521461,0.18768400392541706,0.1754646279988472,0.08278169426852798,0.028896973569441126
2010-10-17,0.18605107392793557,0.34718198472959205,0.4581462351414076,0.6476964769647698,0.49292002627076026,0.6134891120191359,0.5597669182986984,0.5161710663430914,0.30606927675808965,0.2672846095917939,0.18867517173699705,0.18324426100357868,0.09107197521693791,-0.0069525193148817525
2010-10-24,0.19956479648496006,0.3629246671677886,0.44710486241658043,0.6233062330623308,0.437540608582735,0.49292002627076026,0.6933318730001401,0.5597669182986984,0.3033707865168539,0.25991529294289534,0.19188380765456325,0.18473122819711063,0.08479509583380325,-0.02353049741019416
2010-10-31,0.20692986166307967,0.3713890709797013,0.4101403953433743,0.6042296072507551,0.41193135446230317,0.437540608582735,0.5570712802526875,0.6933318730001401,0.30150975876427755,0.2525431081955585,0.19496409813542687,0.17939152381062584,0.08021994078688222,0.05180903438668386
2010-11-07,0.22230606650452991,0.3894153004337924,0.49174129384405185,0.7922848664688423,0.5283140160877375,0.41193135446230317,0.49448448834545317,0.5570712802526875,0.3011840789075766,0.25957393554897323,0.19792117699705591,0.19377503754469283,0.08613791911837013,0.0022581868835921063
2010-11-14,0.23526405873075668,0.40454721272466254,0.495214563719065,0.8011869436201781,0.45176908169985486,0.5283140160877375,0.4655423086431641,0.49448448834545317,0.3018587014678856,0.26610256094857265,0.202267692442002,0.180413232539824,0.08993471445421206,-0.02666824708216141
2010-11-21,0.2411213060208363,0.4113378393571356,0.44763443815911086,0.6973293768545991,0.40708423569705204,0.45176908169985486,0.5970716335955308,0.4655423086431641,0.30220764417149365,0.2573973512381546,0.20635341696025122,0.17685717926185676,0.08509788387273123,-0.03376842247359427
2010-11-28,0.24028360246020336,0.4103033847754613,0.39324805101494664,0.5697329376854597,0.39611605882690315,0.40708423569705204,0.5105647312103292,0.5970716335955308,0.30225416986530806,0.2465002378011027,0.2101939980074055,0.16945728854700642,0.08141442571109354,-0.0015987213636969929
2010-12-05,0.23966793046094537,0.4095237934392118,0.3907446969413677,0.5637982195845695,0.4458110243990104,0.39611605882690315,0.4600643598640815,0.5105647312103292,0.3022774327122153,0.2351987527797808,0.21380414419173055,0.1601272567091741,0.0768731607015571,0.03922071315328133
2010-12-12,0.24615534031459335,0.4170834603610572,0.4609569011799949,0.7121661721068248,0.5088678860734271,0.4458110243990104,0.4476687256730383,0.4600643598640815,0.3037895177611836,0.23987460169949404,0.21719768160499608,0.16244587024667306,0.08131275559893975,0.04512043528046964
2010-12-19,0.2594650870560867,0.43256815004497656,0.5342113927473059,0.8902077151335307,0.5179816321724054,0.5088678860734271,0.5038312604006503,0.4476687256730383,0.30869797845860375,0.24716418655827038,0.2203876067734657,0.1619762501363241,0.08670627171254136,0.009513427037873324
2010-12-26,0.2717117696464292,0.4466937136340002,0.5490709985917822,0.9287833827893173,0.46297679881393927,0.5179816321724054,0.5750946800012746,0.5038312604006503,0.3151883127457138,0.2575142066567835,0.22338613643182714,0.15154144168798828,0.08900023834141046,0.06485711568319664
2011-01-02,0.29350228531459016,0.4714627034342546,0.642013304375359,0.7883369330453563,0.5484703721756331,0.46297679881393927,0.5853945378619227,0.5750946800012746,0.32367925186684343,0.29388782756334353,0.22620475431068693,0.17020903809801685,0.09505488797120346,0.049927173956507254
2011-01-09,0.32025884084594,0.5011561798763681,0.7022874977959592,0.888382687927107,0.52540696423265,0.5484703721756331,0.5232310806964493,0.5853945378619227,0.3331239677111685,0.3306997040948223,0.2329955182249095,0.17738058848319058,0.10238958098024434,0.04569322765889877
2011-01-16,0.35020189787871947,0.5333504529301877,0.7508551753869113,0.980487804878049,0.5188664677954894,0.52540696423265,0.6198512458909852,0.5232310806964493,0.34126596412869004,0.36844112888852454,0.24144277700104466,0.18092552592515962,0.1258175971519035,-0.039220713153281385
2011-01-23,0.3644625270661283,0.5479420388890828,0.656188276265206,0.8292682926829269,0.38769349385837715,0.5188664677954894,0.5937862424319246,0.6198512458909852,0.34710493870239834,0.40348673762553366,0.2514784759493393,0.1752020028164504,0.09767664348625148,-0.019544596072970283
2011-01-30,0.37053359908479216,0.55362240832463,0.6135953603549388,0.7560975609756097,0.41808867712596376,0.38769349385837715,0.5863945307351963,0.5937862424319246,0.3524553934910554,0.41205936570382573,0.2603098910238386,0.17693558972395246,0.0891813555903839,0.015018238522838841
2011-02-06,0.3771743921611918,0.5597483171325268,0.6330027862493328,0.8121951219512196,0.4714804966348102,0.41808867712596376,0.43815000295948614,0.5863945307351963,0.35903877916579424,0.42001966320509687,0.26808153628939796,0.1731361985551675,0.09410152232936783,0.023696273657851662
2011-02-13,0.38604951414662364,0.5679813447054403,0.6634149277734137,0.8930481283422462,0.4848861125525571,0.4714804966348102,0.47250097827792176,0.43815000295948614,0.36492427943331707,0.4316101180920823,0.27492058412309023,0.16796905597288628,0.09876945829830899,-0.04465316374827304
2011-02-20,0.38246358416781817,0.5634533755135976,0.5639552814966513,0.7085561497326203,0.3793015773662707,0.4848861125525571,0.5328414953265751,0.47250097827792176,0.36913485472352103,0.4301911335309283,0.2809389462167394,0.17202233208732187,0.0926225833208792,-0.06281928511269685
2011-02-27,0.3660938848485623,0.5460783080724079,0.4537708535980507,0.46256684491978584,0.35123899846012036,0.3793015773662707,0.5479917899461185,0.5328414953265751,0.3720194477400144,0.3893532064896589,0.3250736015701668,0.18185089351812694,0.08777575240049801,0.038705591613877474
2011-03-06,0.35959634910662475,0.5388727826625612,0.5090670146399495,0.6122994652406416,0.5080721389485572,0.35123899846012036,0.4286659174793326,0.5479917899461185,0.377207062600321,0.3514322742370515,0.3238076545632973,0.18179825046363882,0.09082196674442855,-0.14023663129330477
2011-03-13,0.3277612063191173,0.5057707465678389,0.3324438717802932,0.08648648648648656,0.23164658011633973,0.5080721389485572,0.3969511241553257,0.4286659174793326,0.3779514737013515,0.33826463776711824,0.32256702649656527,0.19797681894743901,0.08743518530350194,0.0751103668469999
2011-03-20,0.3154408791849985,0.4927580951224758,0.4242705160256218,0.3081395348837211,0.5643093431951869,0.23164658011633973,0.574195370080835,0.3969511241553257,0.3798590271477423,0.3197100532183822,0.319291430814524,0.21644196204034186,0.09163199419535883,0.012940511275734732
2011-03-27,0.3076347062324363,0.4844713233018659,0.4396932185253468,0.3604651162790698,0.46827087452298705,0.5643093431951869,0.26179430754286825,0.574195370080835,0.3807895410240305,0.3024807961374131,0.3161468589597644,0.2163772331225954,0.09504433205791973,-0.01005033585350145
2011-04-03,0.2991944634329836,0.47553292573085554,0.4273137318376119,0.319767441860465,0.4327551775428412,0.46827087452298705,0.6377515854866448,0.26179430754286825,0.3810919580338241,0.2864822002765132,0.31312806997919523,0.20976058171105025,0.0919775614618051,-0.014535139619113086
2011-04-10,0.28955492244778647,0.46532578517018885,0.40910788992496716,0.26162790697674426,0.4258271626393655,0.4327551775428412,0.529214155791422,0.6377515854866448,0.37878893619001086,0.2604324537590602,0.3102300325578488,0.22000791322728128,0.0859529128487132,-0.03728992824547289
2011-04-17,0.27509208810180236,0.4499525254677831,0.3646026925924608,0.11627906976744196,0.3906761230470322,0.4258271626393655,0.48907625566291596,0.529214155791422,0.3735780584827971,0.23031662405790138,0.3074479166333563,0.21526280496861935,0.07543700092058675,0.020309084637974966
2011-04-24,0.2672651852940236,0.44157631949382736,0.3935504170085159,0.1947674418604651,0.47965366599814363,0.3906761230470322,0.481246591769794,0.48907625566291596,0.36732035266475904,0.20235192504968258,0.3047770853458434,0.20856184191837443,0.07747818120502972,0.03151598322661103
2011-05-01,0.2668564494042959,0.441137669643386,0.438442526062257,0.319767441860465,0.49696580817906755,0.47965366599814363,0.4415208074959007,0.481246591769794,0.3635052457719775,0.1804675048881843,0.3022130873098311,0.20070038258902317,0.0828322515374132,-0.004338401598598019
2011-05-08,0.265741568774619,0.4399404298257028,0.4322012139571523,0.3023255813953491,0.44157883354069677,0.49696580817906755,0.5420783647542604,0.4415208074959007,0.3602484472049689,0.1666308096630646,0.2997516491952592,0.19831786555985398,0.07696205260289377,-0.020498521548341045
2011-05-15,0.2611575613316513,0.4350059657115982,0.4024640057111206,0.22093023255813946,0.4166150764389396,0.44157883354069677,0.5616436019015666,0.5420783647542604,0.35580524344569286,0.15378244981116768,0.29738866860527025,0.18856550043237058,0.0709212923326846,-0.0014803851704342195
2011-05-22,0.25736887108986367,0.4309100299352318,0.4002829035878066,0.21511627906976752,0.445993827249122,0.4166150764389396,0.49904826954196796,0.5616436019015666,0.3504547886570358,0.1411829023783916,0.2951202072388809,0.17328101412546584,0.06698893684730427,0.000740466527723692
2011-05-29,0.2546458210319551,0.4279519098660851,0.4015953836875755,0.3099173553719008,0.44942454450396024,0.445993827249122,0.4708355952998504,0.49904826954196796,0.3467327331518831,0.12295941111808095,0.29294248432714703,0.16138306793625606,0.07114352208602624,-0.007429454678520264
2011-06-05,0.25132441381036896,0.4243294718162971,0.3892247106864106,0.2838427947598253,0.4368038505259795,0.44942454450396024,0.5040378541933918,0.4708355952998504,0.3449182310931212,0.1093017675325133,0.29085187033188253,0.15033497504627558,0.06742061814317041,-0.015783867701262
2011-06-12,0.24610776668458437,0.4186143711650826,0.36289887200129856,0.19213973799126607,0.4238981581130467,0.4368038505259795,0.5079150633784126,0.5040378541933918,0.34131248982250445,0.09879180797055748,0.2888448808964286,0.1467964912860581,0.06463107916434946,0.004535155165391363
2011-06-19,0.24305986609468522,0.4152393876095989,0.3725037500271523,0.4188311688311685,0.45528648647729564,0.4238981581130467,0.4936518446465991,0.5079150633784126,0.3423360550864214,0.1137425687536518,0.28691817103839284,0.1559681937429107,0.0697423634912072,-0.05902334044946103
2011-06-26,0.23083022591571536,0.4016742536291676,0.2816303152488103,0.17207792207792186,0.3571028807109595,0.45528648647729564,0.47906653625608403,0.4936518446465991,0.3392653592946704,0.12762541805223937,0.28298080403418546,0.15874779685626944,0.06695115778923619,-0.0008003201707691552
2011-07-03,0.22153009572239804,0.39118221344273574,0.2805316197651442,0.16883116883116867,0.4470443749874954,0.3571028807109595,0.5145399098967385,0.47906653625608403,0.3357526694116826,0.1452649548517223,0.2792796790502305,0.1521496925070097,0.06382271843656924,-0.051756930567906985
2011-07-10,0.20637786588900597,0.3738686259455749,0.21522761427525566,0.1538461538461538,0.3683278525458875,0.4470443749874954,0.4035781634692684,0.5145399098967385,0.33110010003024165,0.17669251531582003,0.2758006215653128,0.15766075045411834,0.060284265188986955,0.032354543421156574
2011-07-17,0.2003913163086142,0.36673480994060126,0.2845090169069966,0.33219178082191797,0.4982611954086759,0.3683278525458875,0.5052251258447585,0.4035781634692684,0.3278200386163258,0.198478071945563,0.270085933959813,0.1621225068062126,0.06342603832685441,0.015391150320297357
2011-07-24,0.1989917283034319,0.364793972593776,0.31684378677307845,0.3972602739726028,0.4720565616368699,0.4982611954086759,0.4162640132980779,0.5052251258447585,0.32614511363900706,0.21870751738746724,0.2648284213627532,0.15462769714745023,0.06710282959589185,-0.10679061958408027
2011-07-31,0.18189982779530822,0.3444467705621804,0.19495624291790925,0.050314465408805076,0.283313159011064,0.4720565616368699,0.5631075777677542,0.4162640132980779,0.32091097308488614,0.2556142235513713,0.2599915097734582,0.16340394140675868,0.06300324622112194,-0.0290401532211638
2011-08-07,0.16522120367526,0.3239808458292755,0.1701819361445152,0.1853658536585365,0.40342017324538915,0.283313159011064,0.5334925325153744,0.5631075777677542,0.3139321190127247,0.30258493528652736,0.2537911811709897,0.16598024698638156,0.0576291752109377,0.012808958292581241
2011-08-14,0.15517984576517263,0.31096330817089185,0.1946322662441723,0.2307692307692308,0.4680676546998874,0.40342017324538915,0.32018505191759694,0.5334925325153744,0.3074185218787075,0.32843773546670946,0.2443862884981844,0.163619034897644,0.06343437194260472,-0.015575211785471346
2011-08-21,0.14632641454777162,0.29902863369751487,0.18024228293945221,0.20563380281690144,0.42422048465615664,0.4680676546998874,0.4559234366877274,0.32018505191759694,0.30116081606066947,0.3560426360446446,0.23610998294611568,0.15732863957279267,0.05929145376593317,0.02011036695086261
2011-08-28,0.1436961709018929,0.29455538082611166,0.22109863461354795,0.2676056338028171,0.47934669178704103,0.42422048465615664,0.5289844878514048,0.4559234366877274,0.29546141856840435,0.3847924118800108,0.22882683406029525,0.15558539944216865,0.06134930128187677,-0.036870535808327685
2011-09-04,0.13771833413994045,0.28571377464787995,0.18436966436998803,0.1549295774647889,0.3913239902017171,0.47934669178704103,0.47943081210299604,0.5289844878514048,0.2888082443529439,0.41148863229856514,0.22241766304077326,0.15134405806856263,0.057799180972244055,-0.023754086008107144
2011-09-11,0.1311826250314817,0.27588145882989595,0.16268661997484118,0.11235955056179782,0.41158596027795424,0.3913239902017171,0.5417314392741227,0.47943081210299604,0.28180612743387523,0.44387175363639453,0.2167775925435939,0.14773349694961035,0.05430517367533011,-0.11394425934921784
2011-09-18,0.11270309614211962,0.24994766016652853,0.08239931881433982,0.0,0.2722623916871986,0.41158596027795424,0.4422529915542853,0.5417314392741227,0.2726870914462511,0.4829704833461914,0.2106436461723779,0.1520847745892505,0.05130729430275137,0.05145491925658218
2011-09-25,0.10650838193521742,0.2394642771285132,0.1700054765814124,0.2976445396145608,0.5277669877165739,0.2722623916871986,0.4651519630085532,0.4422529915542853,0.2645683578756368,0.5282448577012975,0.2017885528731193,0.16137048347354077,0.05708915691031752,-0.07434420192764611
2011-10-02,0.09416813668063898,0.22009632214379068,0.12187452923585834,0.16747572815533968,0.33343558952001995,0.5277669877165739,0.30769607850855407,0.4651519630085532,0.2565892013864656,0.562922454504244,0.18944600491631114,0.16294464050050692,0.054235726877410836,0.0033021493957590318
2011-10-09,0.08687122276124642,0.20695853131801933,0.12715484216209683,0.1747572815533978,0.4533817693938896,0.33343558952001995,0.596453412020392,0.30769607850855407,0.24870309628492338,0.5972228414803537,0.17932511559172842,0.1583415527010034,0.06291490989416863,0.05035879194205858
2011-10-16,0.08946596192974388,0.20747506196282134,0.20861846657289224,0.28883495145631055,0.5260737171147797,0.4533817693938896,0.37683068415990123,0.596453412020392,0.24337590434317352,0.6136469882585405,0.17102598634557065,0.15587030703385765,0.06591834501058091,0.04395188752918277
2011-10-23,0.09924853212814486,0.21842994556192855,0.27695682764630847,0.399014778325123,0.5161764882554264,0.5260737171147797,0.5123873027239284,0.37683068415990123,0.2381417637890525,0.6208374092979198,0.1332188420019627,0.14947773767191302,0.06932901614999175,0.024692612590371414
2011-10-30,0.11215499683632246,0.23424289002720655,0.3148406289044924,0.460591133004926,0.486425232508337,0.5161764882554264,0.5945397701075401,0.5123873027239284,0.23304720031637477,0.6168223604727595,0.13401373895976454,0.1478035352994004,0.07472697685866021,-0.05001042057466142
2011-11-06,0.11737806353912492,0.23934496236410743,0.26545081388682323,0.42679127725856675,0.37102581836438175,0.486425232508337,0.5833544628410724,0.5945397701075401,0.22972061320864445,0.6114901303804997,0.13583670264965658,0.14379021406516737,0.06902067236723022,0.003072199036970059
2011-11-13,0.12357707862499087,0.2460499530739687,0.2703028411094608,0.43613707165109,0.4530265477173103,0.37102581836438175,0.5497312192217264,0.5833544628410724,0.22720822574266641,0.6100504362959676,0.1385206516192346,0.13547397644183315,0.07381250142365936,-0.025894766380615223
2011-11-20,0.12674279196727248,0.2485014581467425,0.24530291512410607,0.41666666666666613,0.40827908972142474,0.4530265477173103,0.41931310684770984,0.5497312192217264,0.22378858724730732,0.6095144580562692,0.14104356365063792,0.1277517557915942,0.06629169099619486,-0.056109646045864145
2011-11-27,0.12390173820954711,0.24209600467043854,0.19711743406845184,0.22826086956521702,0.3616038843907805,0.40827908972142474,0.5119858505945787,0.41931310684770984,0.21955474911019612,0.618195557315832,0.14341510096015703,0.12500679087250638,0.06044760405769306,-0.0701033657709785
2011-12-04,0.11518884719478506,0.22653592767500985,0.14809182160758033,0.014388489208633417,0.33998672924253687,0.3616038843907805,0.4614147185949048,0.5119858505945787,0.21339009467978692,0.6365065662799146,0.1805691854759568,0.12393311772349336,0.05344792240181473,0.0
2011-12-11,0.11009497276440439,0.21594026159606988,0.14809182160758033,0.16974169741697415,0.4482806899659022,0.33998672924253687,0.40866495189072854,0.4614147185949048,0.2081559541256659,0.659270857804941,0.17961236506378803,0.12080525806762038,0.059869251124621436,0.06899287148695142
2011-12-18,0.11588160922695981,0.22208582467160248,0.25695514801583486,0.4472573839662444,0.5548591863452184,0.4482806899659022,0.3842344243161839,0.40866495189072854,0.20489915555865723,0.6321439138860725,0.17732482826300294,0.13117782258414049,0.06292546580745235,-0.011173300598125189
2011-12-25,0.12080869385821608,0.22709964830642781,0.2470360376176477,0.4050632911392404,0.4310204491369998,0.5548591863452184,0.5066223414803804,0.3842344243161839,0.20401516737618347,0.6069546088185518,0.17512879293424927,0.12982727510542308,0.016073322484817548,0.014501090690799736
2012-01-01,0.1280678935211405,0.23601608088259332,0.2705338957459358,0.4599156118143455,0.4706816193427558,0.4310204491369998,0.6270715345769077,0.5066223414803804,0.20229371670505036,0.5825343883221993,0.17302059901864575,0.12431144041160672,0.01894175302607476,-0.05228463481920548
2012-01-08,0.1292175912120217,0.23541190169811804,0.22248992173122667,0.26582278481012644,0.3675126679561723,0.4706816193427558,0.48711576040520865,0.6270715345769077,0.20113057435969012,0.564815551935891,0.17099673285966638,0.1206648167574885,0.01723725081794439,0.05449702510214631
2012-01-15,0.13808058381861615,0.24731027834793137,0.3076609648496944,0.46835443037974683,0.5324663582436909,0.3675126679561723,0.5319386478622178,0.48711576040520865,0.2010142601251541,0.5409051984463318,0.16905382134704616,0.12055693921548336,0.019677889084018962,0.0857214109027091
2012-01-22,0.1572786304911412,0.2761213281610735,0.427657325884802,0.8101265822784806,0.580701023902172,0.5324663582436909,0.41534273621694445,0.5319386478622178,0.20168888268546303,0.4954265056614032,0.12242394504416095,0.12652157225102206,0.025524753894437535,0.06384101627431574
2012-01-29,0.18222528080310296,0.31422863782169486,0.5064529439684079,0.9589552238805971,0.5469007267204367,0.580701023902172,0.6017643838137856,0.41534273621694445,0.20287528787773051,0.45940208369077895,0.12343473994111874,0.1330436419679251,0.03140661989100742,-0.03386874273852387
2012-02-05,0.19807978189742123,0.33813568152664114,0.4603253541026263,0.828358208955224,0.3959610865411853,0.5469007267204367,0.6562765673706586,0.6017643838137856,0.20266592225556568,0.4259508347180564,0.1260243375858685,0.12811763503242038,0.025888655115534467,0.05644731242333587
2012-02-12,0.21914316991271207,0.3700508669485095,0.5272762838410284,0.9964539007092198,0.5354791142823977,0.3959610865411853,0.6180773183638679,0.6562765673706586,0.20499220694628612,0.400797946283604,0.12851035132482824,0.12796915427701439,0.030553257638175513,0.1346935078047001
2012-02-19,0.2568268347804162,0.4263337795337432,0.6605216402981323,0.9296375266524519,0.6563519185506649,0.5354791142823977,0.4474935844634963,0.6180773183638679,0.21085444436690165,0.4140050232838225,0.13229629550539745,0.1486483128015087,0.038155181925609696,-0.07686348491928104
2012-02-26,0.2743557389315015,0.4518745558583799,0.5492256556441875,0.7356076759061831,0.32954386291963894,0.6563519185506649,0.6051692360699799,0.4474935844634963,0.21518133389164162,0.4262687376411681,0.14071161051069675,0.16096601528693374,0.03483229153876881,-0.03484050466072022
2012-03-04,0.28281622584418376,0.46402243188791864,0.506507481073107,0.6524520255863536,0.39445993254839995,0.32954386291963894,0.7417730748932564,0.6051692360699799,0.21981064042617532,0.4376564724015606,0.1484537003155721,0.15896296260529957,0.030584925378026692,-0.055128390171492986
2012-03-11,0.28141306192151067,0.4619878874996032,0.44586530519361833,0.5266524520255862,0.3631197044081229,0.39445993254839995,0.37243246740236824,0.7417730748932564,0.22448647265452343,0.4174673078623802,0.15557642293605745,0.16218430825585142,0.02747481998001043,0.002877699827614974
2012-03-18,0.2805512410656809,0.4607320154332014,0.448862376030407,0.47607655502392326,0.452726090107223,0.3631197044081229,0.44579706224478244,0.37243246740236824,0.22923209342359308,0.39639949410650877,0.16212932774690397,0.16370033494122394,0.031650517045299864,-0.0400639804806485
2012-03-25,0.27426620130902307,0.4517026220992329,0.4065927227291378,0.3704600484261499,0.38639083516539047,0.452726090107223,0.41037804884903656,0.44579706224478244,0.23162816665503516,0.3768365241903425,0.16815800017288274,0.15609282327281793,0.028292625472307667,-0.031394983501496276
2012-04-01,0.2651350001244395,0.4385075518040209,0.3757535100485233,0.2832512315270936,0.3997824891615518,0.38639083516539047,0.5116462898208375,0.41037804884903656,0.23353572010142598,0.34443563941455646,0.23748773307163884,0.15361828748655876,0.025305302013012662,-0.0648129072004809
2012-04-08,0.2498844350639633,0.4161820452613467,0.3190593400790436,0.13300492610837414,0.34815929993641415,0.3997824891615518,0.4366778092827054,0.5116462898208375,0.23372182287668364,0.31439360053812876,0.23596663395485773,0.15132050425646099,0.02160795449179112,0.18852256152650357
2012-04-15,0.26329266382641314,0.4358214374169199,0.5075962769410716,0.5985221674876845,0.7395057210167107,0.34815929993641415,0.4518123249013603,0.4366778092827054,0.23937469467513428,0.3062358005833084,0.2324946025515211,0.17328215490556037,0.03126439284886877,-0.020202707317519466
2012-04-22,0.27091377356044505,0.44687989894505786,0.4861627750434361,0.5040214477211792,0.4170720430102546,0.7395057210167107,0.39347061716036147,0.4518123249013603,0.2433991671900807,0.29866070062526096,0.22916145240431796,0.17089111891454717,0.019514550215312843,0.06725976880011661
2012-04-29,0.286826361613536,0.4696735105867221,0.5469495720037557,0.6944444444444441,0.5521819318049614,0.4170720430102546,0.8357489588679812,0.39347061716036147,0.24728406262358388,0.27972857729477196,0.22596162826300298,0.18063656763656666,0.028198177827137474,-0.02014960856267271
2012-05-06,0.296008268430269,0.48258476591352967,0.5229211879477446,0.6305555555555556,0.41715406866492316,0.5521819318049614,0.47135203394982994,0.8357489588679812,0.249121827529253,0.27382917948531743,0.14916584887144257,0.18788286273176297,0.01065036092889815,-0.07247554082943526
2012-05-13,0.2923576331351504,0.47736379849728283,0.4453161646988141,0.411111111111111,0.33632225137069394,0.41715406866492316,0.6240458477822631,0.47135203394982994,0.24993602717100516,0.2635407552650506,0.15067222767419036,0.18428500538918005,0.003334001874507969,0.08216297898512459
2012-05-20,0.3011914697493042,0.48963107699525876,0.5206393389468045,0.6611111111111111,0.5752040455177305,0.33632225137069394,0.4714447348628066,0.6240458477822631,0.25147137506688066,0.2592141844113066,0.15214847890088323,0.18389458355134722,0.011054263505596573,0.00785687149522016
2012-05-27,0.3089234008673083,0.5001769922028272,0.5277817105785967,0.7484848484848483,0.4604177924253128,0.5752040455177305,0.38009303165464114,0.4714447348628066,0.24961034731430431,0.25626398060013716,0.1535952051030422,0.173533316356062,0.017504482096337703,-0.06280090123903036
2012-06-03,0.3051876211073759,0.4948483634806732,0.45843577107203715,0.5765472312703587,0.3512673974174441,0.4604177924253128,0.6500641827586767,0.38009303165464114,0.2482378393467793,0.2404197999605578,0.15501299678115799,0.1716160812105358,0.0055374098788903425,-0.018692133012152633
2012-06-10,0.299165614894744,0.4863958634682255,0.4395073306129895,0.511400651465798,0.41940554116253365,0.3512673974174441,0.5203390315016293,0.6500641827586767,0.2473073254704911,0.21747639528772666,0.15640243262571146,0.16131228164824668,0.0,0.03065730107042578
2012-06-17,0.2984762592550552,0.48533061755345774,0.4708727919082981,0.6188925081433224,0.4956393370364469,0.41940554116253365,0.3969832191051574,0.5203390315016293,0.24851699350966566,0.20416772443602738,0.15776407975337386,0.15502274076293993,0.0036756801202707523,-0.0009153318716882037
2012-06-24,0.2974467675658545,0.4838043297466082,0.469807911583631,0.6156351791530945,0.44686670773165,0.4956393370364469,0.4739892260578319,0.3969832191051574,0.24963361016121155,0.19180967293087808,0.15909849393848302,0.14705157535193714,0.0009261424970512799,0.030660652394785232
2012-07-01,0.30082163164414005,0.4883281272449409,0.5037754857180433,0.7263843648208469,0.4956445140801532,0.44686670773165,0.5601444966953358,0.4739892260578319,0.25249494033079767,0.18825960170643585,0.16040621983989,0.1396497788988631,0.0057740845661991835,0.00619745232837072
2012-07-08,0.3040145696839589,0.49255308899335626,0.5108424473555515,0.749185667752443,0.45785436238023514,0.4956445140801532,0.5050243360200448,0.5601444966953358,0.2562402586828576,0.18628301864427388,0.16168779122326887,0.12917058189907926,0.010316460724502319,0.03213476676379543
2012-07-15,0.3110221109139754,0.501874553612791,0.548238016909963,0.824074074074074,0.4979216898166344,0.45785436238023514,0.560150347507256,0.5050243360200448,0.2622653360318235,0.20569528442724722,0.1629437311789801,0.1328808182459517,0.016499448036850134,-0.021599111803461815
2012-07-22,0.31268515918641465,0.5038960799193012,0.5147383399054358,0.6419213973799123,0.41491491159592847,0.4979216898166344,0.5174419829319995,0.560150347507256,0.26331216414264774,0.223720959797151,0.16557220371788567,0.12927775077388695,0.00746469741474573,0.04691691978775166
2012-07-29,0.3207913734519271,0.5144515710938847,0.5706044698361981,0.8820960698689956,0.5207567973949613,0.41491491159592847,0.562723887098413,0.5174419829319995,0.2661502314653267,0.2383705068487641,0.16809553735523497,0.12658769986290486,0.012923771305583143,0.006644542718668511
2012-08-05,0.32759675186783205,0.5230912655737692,0.5784571237202247,0.8895027624309394,0.45854501665388125,0.5207567973949613,0.46891416189228063,0.562723887098413,0.26742968804522294,0.25804210455904125,0.1705179376470904,0.12490936369405478,0.01934398887962313,0.034177451801586455
2012-08-12,0.33783139726718714,0.5359867613385146,0.6190468532657861,0.9999999999999999,0.5010771795826382,0.45854501665388125,0.5885308779598045,0.46891416189228063,0.27022122967408746,0.281056535321451,0.1740209143813955,0.1194169810873685,0.025833653251582406,0.04305948946044701
2012-08-19,0.3523666834916134,0.5540037493766944,0.6671709131269127,0.9809885931558938,0.5147979335977085,0.5010771795826382,0.5182225226543209,0.5885308779598045,0.27612999278851746,0.3139514255375244,0.17884310776670326,0.11726735721858253,0.02987601246486686,0.03686013371542635
2012-08-26,0.36930706844965083,0.57441222611612,0.705603263235769,0.9593749999999995,0.5052213208320008,0.5147979335977085,0.5662900492141442,0.5182225226543209,0.28108497917975195,0.35355948933826054,0.1858606615631438,0.11559910521124886,0.03559842861341411,0.05531032608423069
2012-09-02,0.39166602682338103,0.6005736922337813,0.7580228834964637,0.8847926267281104,0.5337227256611679,0.5052213208320008,0.5817964956919526,0.5662900492141442,0.2876218391606764,0.40410578511288786,0.19511773546310335,0.13093311998048482,0.04223754249449564,0.013190055858169224
2012-09-09,0.4102946890897783,0.6211438851055271,0.7698697099592939,0.9285714285714284,0.4686563648758636,0.5337227256611679,0.5709735312158721,0.5817964956919526,0.29622909251634216,0.4510416311893275,0.20853726819993718,0.13418963345071783,0.04845942001367824,0.0
2012-09-16,0.42325923000053367,0.6342597506274024,0.7698697099592939,0.9277389277389275,0.4482806899659022,0.4686563648758636,0.6031842616203674,0.5709735312158721,0.30530160281015184,0.4946249168317356,0.22007806635361432,0.13016525187891645,0.05675803457783847,0.023851215822179847
2012-09-23,0.4362974369648569,0.6468560529730789,0.7928439989174079,0.8300781249999998,0.48512546340930435,0.4482806899659022,0.5296498159248247,0.6031842616203674,0.31442063879777604,0.546300270368107,0.2300031527657766,0.1379022816125384,0.06375493836180003,0.04412964950636406
2012-09-30,0.45350453551000813,0.6634043495657156,0.8321381889142583,0.9585062240663897,0.5164510905995973,0.48512546340930435,0.5066223414803804,0.5296498159248247,0.32512154837509016,0.594284527223309,0.24333022437820817,0.136890983880283,0.06786174420355356,0.09108382930114349
2012-10-07,0.48456428376538474,0.6937013488857349,0.8971511834777868,0.9982876712328763,0.5889847563740116,0.5164510905995973,0.5482622912061434,0.5066223414803804,0.3384744224998255,0.6485172823770265,0.2545249645326507,0.14808153177799005,0.07621424948289914,0.0005880623515544448
2012-10-14,0.5065550198499775,0.712704719940513,0.8975222570084982,0.9679595278246208,0.44918911426909724,0.5889847563740116,0.5836648034060217,0.5482622912061434,0.3516877195431176,0.6999334321635311,0.27080075550951155,0.14290095810454256,0.0842811895292007,-0.04817307066018574
2012-10-21,0.5104072814358633,0.7124086246292458,0.7612676520318022,0.8293103448275864,0.3738641114660759,0.44918911426909724,0.6656383891823447,0.5836648034060217,0.3621792634982669,0.7142185972849587,0.28656209606609795,0.1492365535872398,0.08021882963811551,-0.021197801209267154
2012-10-28,0.5061279914633671,0.7040247956870124,0.7091074435877408,0.7706896551724137,0.41553484636293475,0.3738641114660759,0.5076489929910162,0.6656383891823447,0.37246144183125124,0.7274833934691416,0.2991711685113671,0.15200524719119504,0.0754981141027557,0.0044011388237513915
2012-11-04,0.5009844115452315,0.6950851840982106,0.7139079133639996,0.7741935483870966,0.4550794613184001,0.41553484636293475,0.42252079062524944,0.5076489929910162,0.38162700351268986,0.7234957457388399,0.34960745829244355,0.15392052236750398,0.07934046653803267,-0.050831141406690816
2012-11-11,0.4837741938439911,0.6746472117393872,0.597364657836202,0.599609375,0.3697579889446218,0.4550794613184001,0.4696147782923529,0.42252079062524944,0.38876869751320164,0.7011024427181544,0.3487291462217861,0.15848552421894402,0.07385583622556098,-0.004631169375568102
2012-11-18,0.46689064451438655,0.6550617773230041,0.5876936038041772,0.548936170212766,0.44112657305660186,0.3697579889446218,0.5143059413741305,0.4696147782923529,0.39477051201526037,0.6803086613418033,0.34644828263002947,0.15272572187798367,0.07057405834308829,-0.013351333174864113
2012-11-25,0.4487249097396807,0.6346666512368782,0.5592678267355532,0.43961352657004843,0.427655877811136,0.44112657305660186,0.4178802753124381,0.5143059413741305,0.39902761299927875,0.6505771730101843,0.3442586535819431,0.14475471559477965,0.06702504918222228,0.012687983233458218
2012-12-02,0.43495321261153364,0.6190142178654123,0.5785056614064485,0.4727722772277228,0.4678807753944918,0.427655877811136,0.4985371494546213,0.4178802753124381,0.4025868285760811,0.6288090779260395,0.3408847830421982,0.1380087215020254,0.07129352716953186,0.028134011286796764
2012-12-09,0.42797589966376826,0.610375167270871,0.6204165653871614,0.4970414201183432,0.4917414208420277,0.4678807753944918,0.4833133057348625,0.4985371494546213,0.4053551073580385,0.6301844948462821,0.33771334473483805,0.1481359490999908,0.07687593857347387,0.014729693144985567
2012-12-16,0.42373898599349,0.6046141649117713,0.6418139813757603,0.5406250000000002,0.47103475880935064,0.4917414208420277,0.5287732870716412,0.4833133057348625,0.4082164375276246,0.6314616677007934,0.3347321927259195,0.1437710567234623,0.08109941503573176,-0.0070175726586466465
2012-12-23,0.4171713981707711,0.5967136781528245,0.6230416797883982,0.4212454212454209,0.4374401157721956,0.47103475880935064,0.5557392847968239,0.5287732870716412,0.4108218763812316,0.6345652765180544,0.331929909837536,0.13627575573016884,0.07864155396377322,0.0834840364716615
2012-12-30,0.4284208984067577,0.6061725063252246,0.7347968109350359,0.7842465753424659,0.5772447827346525,0.4374401157721956,0.5323377467916163,0.5557392847968239,0.41577686277246606,0.6567969725395576,0.28802747791952893,0.15570593098064547,0.08208722628933536,0.012873202936205972
2013-01-06,0.43832606277867225,0.614006551978424,0.7494617573815034,0.7819314641744548,0.4681668982502772,0.5772447827346525,0.49437091686196744,0.5323377467916163,0.4196850210528764,0.6801534146264119,0.2894602551521099,0.15932383539694212,0.0876790824577944,0.044906664143034285
2013-01-13,0.4546527899187847,0.6274793388058907,0.7973217655323865,0.9969788519637456,0.5176514037603083,0.4681668982502772,0.652370512454167,0.49437091686196744,0.42198804289668956,0.7027902601390555,0.292553091265947,0.16088026792253865,0.0952626727905779,0.0005557099337229548
2013-01-20,0.4654414324668779,0.6353380491122654,0.7978923192177825,0.9566473988439309,0.44913913704721325,0.5176514037603083,0.5290966474893297,0.652370512454167,0.42429106474050293,0.7252811070175077,0.2971539784102061,0.14872069377136563,0.10398630175800402,0.038686382389833504
2013-01-27,0.4810863964095455,0.6471710191344415,0.8364665419018789,0.9901477832512315,0.5080424650102054,0.44913913704721325,0.5850213317544442,0.5290966474893297,0.430106776467304,0.7517471401972938,0.3032148299116781,0.14693665231347972,0.10876868604991613,0.04391714614537642
2013-02-03,0.5020884076983273,0.6630780507282981,0.874463948187215,0.8379310344827589,0.5161228206174746,0.5080424650102054,0.5075925114656276,0.5850213317544442,0.43866750412915523,0.7884186588304984,0.31165684054170756,0.16216314830720285,0.11621393836124447,0.008150834733254153
2013-02-10,0.5179962076139828,0.6738261160631847,0.8810946692416715,0.8655172413793106,0.4608718996283501,0.5161228206174746,0.5741618342171111,0.5075925114656276,0.44743759741317135,0.8224707832756168,0.3258968813057507,0.15614065853136685,0.12152356274295961,0.014606152389362102
2013-02-17,0.531462058137834,0.6819716493586764,0.8931123560505287,0.9155172413793103,0.47084391607890413,0.4608718996283501,0.5832938106090905,0.5741618342171111,0.4587200781631654,0.85580952349503,0.33842811717810867,0.15300705134213324,0.12924993569226512,-0.01005033585350145
2013-02-24,0.536338486625825,0.6826787546222575,0.8542109229511599,0.881034482758621,0.4327551775428412,0.47084391607890413,0.520852238649819,0.5832938106090905,0.4697001419033662,0.8867669251273422,0.34945560474578363,0.14436029549841192,0.11708841244064382,0.010050335853501506
2013-03-03,0.5397544385787238,0.6821318855523582,0.8641171343745357,0.9146341463414634,0.4638062023889633,0.4327551775428412,0.5321220667654241,0.520852238649819,0.4816107195198549,0.9156442211209934,0.35915979380533775,0.13583942412300498,0.12204413594016242,-0.009545412843531496
2013-03-10,0.536795632334448,0.6765013864701197,0.8252136948982729,0.8740740740740739,0.4335351702294783,0.4638062023889633,0.48907625566291596,0.5321220667654241,0.4926373089538697,0.9424588531150979,0.3676994801777453,0.12661587721968529,0.1178706611724064,0.0005046681913825317
2013-03-17,0.5315384257361899,0.6692351038015096,0.8258241276061227,0.8718929254302106,0.4490602890150328,0.4335351702294783,0.524168427297845,0.48907625566291596,0.502686858817782,0.9668691440268358,0.3752144041854639,0.1175594141460799,0.12208691516768068,-0.0010095912013523254
2013-03-24,0.5241410368467586,0.66051896069043,0.821265760403342,0.8588957055214728,0.4467210982301347,0.4490602890150328,0.48995776077809666,0.524168427297845,0.5121548375090142,0.9742523891583841,0.3818275373122563,0.11406725078296034,0.11929515389132632,0.06359110278153135
2013-03-31,0.5327226759016916,0.664421158855863,0.8929105435618796,0.7956204379562044,0.5465146664838962,0.4467210982301347,0.5075034017279598,0.48995776077809666,0.5249028776141623,1.0,0.3876470944638336,0.1467216169439446,0.12419087535744266,-0.11382169781295995
2013-04-07,0.5062027572693477,0.6412601431639626,0.5486158048812355,0.35726795096322217,0.2724517217435767,0.5465146664838962,0.5048597761176206,0.5075034017279598,0.5292065042919952,0.9661707074668897,0.47963689892051026,0.18523921086404854,0.11643172351951928,0.0042395400013052545
2013-04-14,0.48376644884143427,0.621702854014417,0.5552249902501418,0.34727272727272723,0.4548298274193931,0.2724517217435767,0.6176410141790869,0.5048597761176206,0.5331844511131272,0.9347577929718591,0.4774288518155054,0.1774045172558826,0.12346751751031562,0.035838683566105464
2013-04-21,0.4729054012188601,0.6114804062595202,0.6101739798902913,0.3584070796460179,0.5036434096841564,0.4548298274193931,0.3079100489931675,0.6176410141790869,0.5369297694651871,0.9196734537801146,0.4752649656526005,0.18668472323923527,0.1286388038705756,-0.0025542798050968538
2013-04-28,0.46138636874861005,0.6009724364846087,0.6038325021020272,0.3444444444444445,0.4443349011460998,0.5036434096841564,0.5140238187816151,0.3079100489931675,0.5405355107358037,0.9011974031744527,0.47314435721295384,0.19300726627086098,0.12464255733110954,0.026749008392153453
2013-05-05,0.4572039063246979,0.5963186177165463,0.64491219915566,0.4622222222222218,0.48960190232640827,0.4443349011460998,0.5691902622545665,0.5140238187816151,0.5437225207620908,0.8884287214161135,0.47106616094210013,0.19199382579862234,0.13396565105817473,-0.07817691945891395
2013-05-12,0.43166116501605195,0.5753571331921059,0.47259021413649205,0.1266666666666667,0.3275149014442029,0.48960190232640827,0.5021630265564486,0.5691902622545665,0.5414427617651849,0.8526988555888204,0.4690295285966633,0.20055976561403255,0.1277009943114739,-0.011917800864035134
2013-05-19,0.40684640359820323,0.5551447785388391,0.4513727123232525,0.07777777777777808,0.4298703633790865,0.3275149014442029,0.5533213178750138,0.5021630265564486,0.538279014585805,0.8116110579752788,0.46703362889813543,0.19671206980722272,0.12263915610473466,-0.013717636228799195
2013-05-26,0.382485433640159,0.5354035219317599,0.42703484001930836,0.022222222222222535,0.42709002183404515,0.4298703633790865,0.3701394460064721,0.5533213178750138,0.5338590736734361,0.7701271780856175,0.46507764719357797,0.18609092247816733,0.11807900156616419,0.007705046374405182
2013-06-02,0.36394919816509086,0.5203259561010339,0.44147100417068486,0.053333333333332976,0.4601832567009643,0.42709002183404515,0.48581599632297356,0.3701394460064721,0.5302300695559121,0.7347901856124689,0.4631607851231117,0.17967061517341854,0.12306528165676725,-0.008257685238981464
2013-06-09,0.34632733314578157,0.5060241205668757,0.4254890906819625,0.1863468634686349,0.43552442026185356,0.4601832567009643,0.48267380622825595,0.48581599632297356,0.5257868657966361,0.6816451939071413,0.4612822602940548,0.18829721607071015,0.11308383228542745,-0.04465279790347041
2013-06-16,0.3211031550763785,0.48563348985348515,0.34713552837823447,0.05454545454545467,0.37930214251435235,0.43552442026185356,0.5200739720411399,0.48267380622825595,0.5199478912229277,0.6306321669713336,0.45669750570172335,0.19761894038720845,0.10793421332611827,0.034094211342975925
2013-06-23,0.3087135344734666,0.4755342339778349,0.41505893980712105,0.3428571428571426,0.5009485917629776,0.37930214251435235,0.49220590247090196,0.5200739720411399,0.5154814246167446,0.5907404511123433,0.4499776965764993,0.2275836017132796,0.11303271944215887,-0.009542592760592697
2013-06-30,0.2962706246368066,0.46538020599135155,0.39791428645271887,0.3185714285714286,0.4335395266244624,0.5009485917629776,0.4286665561788145,0.49220590247090196,0.5106660153069531,0.5536981435289952,0.4386114729995451,0.21459343131266492,0.11040540818327732,0.003940337211922941
2013-07-07,0.28712258319348893,0.45789198627818867,0.4061982919662852,0.40350877192982465,0.45436762628589056,0.4335395266244624,0.5661447262864774,0.4286665561788145,0.5029892758275758,0.5247703288852371,0.4281545473087474,0.20646505781913385,0.11399219640221141,0.04664768879178503
2013-07-14,0.2910434064750581,0.4610741744742774,0.499592166185048,0.6312625250501,0.5203408959531108,0.45436762628589056,0.4899626841376717,0.5661447262864774,0.502570544583246,0.4753101079783938,0.4185341756732135,0.2067851376177918,0.11865735449923581,-0.08559877537622837
2013-07-21,0.2734767252601611,0.44668188438307377,0.3496759123982689,0.32464929859719466,0.31604980038429265,0.5203408959531108,0.5135014643154707,0.4899626841376717,0.4984064949868564,0.44209610772521424,0.40968343376852223,0.21429455516040427,0.11179601086481264,-0.011160174568552146
2013-07-28,0.2571130379108446,0.4331576829739926,0.3340305465688309,0.2865731462925851,0.4310407259056742,0.31604980038429265,0.5880608488753232,0.5135014643154707,0.4921953148626328,0.41421825310985627,0.4015407512162063,0.20389273886769008,0.10734752677729634,-0.0017735742160161759
2013-08-04,0.24400822767386385,0.42221973217426934,0.33145049689356954,0.28056112224448876,0.4455409159996037,0.4310407259056742,0.3571822152483889,0.5880608488753232,0.48603066043222376,0.3891921158603846,0.3940494832680756,0.194397823102725,0.10500855862337558,-0.03247429075442675
2013-08-11,0.2268170194927108,0.4077029808132506,0.28555871001139055,0.23180592991913723,0.39811520177853027,0.4455409159996037,0.48713867610123,0.3571822152483889,0.4773768813827436,0.37957765834522794,0.3871575167557954,0.1914820069958171,0.09493377275563228,0.00852104973193405
2013-08-18,0.21567211776475037,0.3981377166028031,0.30375492175619834,0.2857142857142857,0.4614437986817739,0.39811520177853027,0.5035259986465218,0.48713867610123,0.4725614720729523,0.37096434465810335,0.38081690756449765,0.18254574477944677,0.09847055928006448,-0.03077165866675366
2013-08-25,0.2008718390155538,0.3852784424657564,0.2613054828127117,0.16997167138810187,0.4007453860842479,0.4614437986817739,0.44992804780262713,0.5035259986465218,0.4670947030497592,0.37225477874344604,0.3749835471085037,0.18408260598898812,0.09482988034594506,-0.025317807984289897
2013-09-01,0.18470749990070354,0.37098614714685,0.2295948793164969,0.14175257731958738,0.40917036090681674,0.4007453860842479,0.5214985677110998,0.44992804780262713,0.461278991322958,0.37853884148297323,0.3680298440168879,0.18403446855056516,0.09093141489794931,0.0032000027306708497
2013-09-08,0.17364894840594042,0.36092116066240015,0.23703448767962398,0.15463917525773188,0.45322397572998446,0.40917036090681674,0.45290053839014044,0.5214985677110998,0.45525391397399206,0.3843740425982487,0.3594894226956072,0.17890844635996028,0.09320926986970113,0.015848192240023713
2013-09-15,0.16937903097528245,0.3567339740366946,0.2750822333897036,0.21907216494845355,0.47276258878919625,0.45322397572998446,0.46242198458905603,0.45290053839014044,0.4501593505013143,0.3758116282532665,0.3519738519328801,0.17906597810248406,0.09639993355330376,0.03096222560396689
2013-09-22,0.17380444112610288,0.36028991253911574,0.34700016551819823,0.34793814432989634,0.49611037698004634,0.47276258878919625,0.5122089729469209,0.46242198458905603,0.4480656942796659,0.3675768864422573,0.3453601496616803,0.1770813801316096,0.09858834104933556,0.009708814126960903
2013-09-29,0.18046600330201412,0.36589368550907214,0.36907641394281565,0.38917525773195827,0.46327862799886926,0.49611037698004634,0.5342904458251971,0.5122089729469209,0.44494847279410044,0.3456435023479907,0.2968596663395486,0.1711406979162026,0.10222013079332132,-0.0036297680505786127
2013-10-06,0.18587503649700893,0.37042565970413815,0.3621074878254158,0.3737113402061854,0.4426735132721547,0.46327862799886926,0.560676840301694,0.5342904458251971,0.4420871426245143,0.32527678854617176,0.29777232580961727,0.16464086824656474,0.09986616213104998,-0.006079046076382226
2013-10-13,0.18970863221755505,0.37358404017028174,0.3499823729251884,0.34793814432989634,0.43888992862668275,0.4426735132721547,0.5235721915491339,0.560676840301694,0.43883034405750565,0.31676507103676715,0.2986667320902846,0.16073618957083324,0.09686717160970454,0.003044142381228273
2013-10-20,0.19426098542497572,0.3774197616454183,0.35821603870402996,0.39436619718309807,0.4529832064833836,0.43888992862668275,0.500285416760521,0.5235721915491339,0.43371251773792074,0.30280856522419625,0.29954325024533857,0.15383214352083513,0.09960170872457344,-0.012232568435634408
2013-10-27,0.19599665188685034,0.37874946713298857,0.331756920944841,0.5084745762711862,0.429384118151616,0.4529832064833836,0.49600941613148647,0.500285416760521,0.43168865005699386,0.29457171603140364,0.30040223803729144,0.15332213500639655,0.09695106334159101,-0.008032171697264154
2013-11-03,0.19643755522444178,0.37892147360628664,0.3145560313138622,0.46120689655172414,0.4358727880521977,0.429384118151616,0.5119368687001851,0.49600941613148647,0.4298043594575104,0.2869232132095248,0.3012440460734053,0.14547244143514682,0.09490599403646457,-0.0006205398895993665
2013-11-10,0.19745642830696336,0.37962090315238245,0.3131762925432152,0.569892473118279,0.44732209515818505,0.4358727880521977,0.48526646853560995,0.5119368687001851,0.42796659455184116,0.2798210320177801,0.30206901794879687,0.13621647646546647,0.09309704384426361,0.03236923820417954
2013-11-17,0.2061048598681754,0.3872577443429927,0.4131826911171055,0.7098214285714289,0.49828389554921876,0.44732209515818505,0.49259960871252906,0.48526646853560995,0.42861795426524296,0.25326485200600835,0.3028774903866806,0.14253779397328917,0.09593491779443636,-0.03236923820417955
2013-11-24,0.2065218545459272,0.3874670309597311,0.33589394304205056,0.4732142857142854,0.3982774843825856,0.49828389554921876,0.5055389900068795,0.49259960871252906,0.427710703235862,0.22566520698653852,0.3048350109871113,0.14365409296073714,0.09292092676474036,0.011724910623833792
2013-12-01,0.2100694247118002,0.3905284334955389,0.37011182588015745,0.5580357142857145,0.4663930444387323,0.3982774843825856,0.5631332322262468,0.5055389900068795,0.4284085886430782,0.2000369651827451,0.3067142307635248,0.14272369250984754,0.09614770278326099,0.00672579728928284
2013-12-08,0.21496435691918458,0.39483580546295016,0.3900022167035345,0.578947368421053,0.4586705367224533,0.4663930444387323,0.4501114507345141,0.5631332322262468,0.43029287924256165,0.17406097583071645,0.30851828174888174,0.13563103054549416,0.09841055724666224,-0.11413339656883399
2013-12-15,0.19583304449866132,0.37715854085595457,0.18997102877926142,0.007490636704120355,0.27197021714740044,0.4586705367224533,0.5270919348359313,0.4501114507345141,0.42794333170493404,0.18742207883928746,0.35181550539744844,0.1518289846009144,0.09487321514784668,0.005449604767564685
2013-12-22,0.1827225068950597,0.36471414464160784,0.20404820949664182,0.03745318352059978,0.4566991058032318,0.27197021714740044,0.518364378577331,0.5270919348359313,0.42519831576988376,0.19982881734724622,0.35050539744847886,0.14293854908216966,0.09645826886355593,0.006095514978977331
2013-12-29,0.17461162588068185,0.3567335088622587,0.22055159893549475,0.07806691449814158,0.4576968920620836,0.4566991058032318,0.30736587880826194,0.518364378577331,0.4214995231116383,0.2124195864195655,0.3492214916584887,0.1356666265700952,0.10048173854780634,-0.05268023249995266
2014-01-05,0.15919530007243726,0.3416050429291908,0.15467034569707333,0.01519756838905797,0.36690155835779653,0.4576968920620836,0.5161363750725654,0.30736587880826194,0.41566054853793,0.23620214237909626,0.34668540922473007,0.1361263276813133,0.09020750147643891,0.04113511275341066
2014-01-12,0.15620188047831257,0.33813597902351084,0.25662980736996077,0.2228739002932551,0.5118252036404969,0.36690155835779653,0.5172640185826949,0.5161363750725654,0.41133365901318997,0.26052975704248976,0.34215023167811576,0.13556971110068444,0.09513155723610633,-0.05114950259781393
2014-01-19,0.14540411189351138,0.3269697768361348,0.19448060582380716,0.1288659793814433,0.36926619238181535,0.5118252036404969,0.41465209354024607,0.5172640185826949,0.40554121013329614,0.29148629486790045,0.33623061746182525,0.14308462168244962,0.08635570427664493,-0.056946992878887076
2014-01-26,0.12808240641669724,0.3090024206161194,0.14000247350789774,0.03712296983758705,0.36031037153230433,0.36926619238181535,0.5784368787260155,0.41465209354024607,0.3978412078070114,0.32707045698126397,0.32826996984714424,0.1453092570957013,0.07862433115788924,0.01660415505203516
2014-02-02,0.11902538388530792,0.2988302252683714,0.17585361964503793,0.1148648648648648,0.4739303816073006,0.36031037153230433,0.4173244737092061,0.5784368787260155,0.3911182450508293,0.3620965832541587,0.31840652341641923,0.14426063063517144,0.08428952314495101,-0.11404750647129593
2014-02-09,0.09444925147823047,0.27228360619070413,0.08878527510405171,0.0,0.27210289806431537,0.4739303816073006,0.40720309433637786,0.4173244737092061,0.38134784934980337,0.4069491302096685,0.3078335355551961,0.1660709033727134,0.07484031403286444,-0.08945487240210565
2014-02-16,0.06358527661904495,0.2377692908327433,0.04290245505526835,0.06578947368421068,0.3100929962383965,0.27210289806431537,0.5356102214593361,0.40720309433637786,0.36922790611114986,0.4620691801578093,0.2937911610341763,0.1787832716000333,0.0637977175893183,0.09947165064557692
2014-02-23,0.05690003275440611,0.22804861896148243,0.1944283168732437,0.24651162790697673,0.6019420571432241,0.3100929962383965,0.3075158275307962,0.5356102214593361,0.35852699653383574,0.49135835926524507,0.2740294586230982,0.19321023192057113,0.07172243059348123,-0.018441427902722792
2014-03-02,0.05113044605493061,0.21897713992795456,0.1818599573610447,0.21273291925465848,0.41979282426906006,0.6019420571432241,0.35045016068595947,0.3075158275307962,0.348547235210645,0.5185554541507212,0.2578248626460141,0.1923462075516227,0.0672572792744643,-0.10799605935206044
2014-03-09,0.03296537368587493,0.19540398005723844,0.11980091935443393,0.02644628099173555,0.2814510252111764,0.41979282426906006,0.6802820225172164,0.35045016068595947,0.3353106753204457,0.5521407912512878,0.24453709394480516,0.195805654101178,0.05873587938257907,0.06477412014914515
2014-03-16,0.03085430524366467,0.18941331071341888,0.20360646108572666,0.19120879120879136,0.5483421627094264,0.2814510252111764,0.47442691226345257,0.6802820225172164,0.3234698862446786,0.5834254504857055,0.23364112360981382,0.1909862284905588,0.0653811045818775,0.004407234987407606
2014-03-23,0.03255946375916943,0.18772941132068316,0.2094015103882289,0.20264317180616734,0.45508887852255697,0.5483421627094264,0.31808057004504386,0.47442691226345257,0.3158629353060228,0.5972146004831516,0.22470642793512097,0.18880583866218567,0.0716790957915796,-0.0017605638350329032
2014-03-30,0.03630328926914833,0.18847239066487276,0.2081629117910962,0.19823788546255508,0.44556101411717197,0.45508887852255697,0.6197063505577186,0.31808057004504386,0.3080233558982948,0.6100188111950657,0.21737997748187277,0.17858550847950624,0.06661114626662348,-0.018675509428273614
2014-04-06,0.03907246407881962,0.18811099242208518,0.19460428784276806,0.1575342465753427,0.41943122086735063,0.44556101411717197,0.5143165841837071,0.6197063505577186,0.2994858910833508,0.6231776380183409,0.2113722881102093,0.16598084253704026,0.05895644241277065,0.0008972634069896832
2014-04-13,0.043975050822037204,0.19041217570221475,0.19601706997154583,0.16587677725118505,0.4496667604788715,0.41943122086735063,0.5035487124408246,0.5143165841837071,0.2927396654802614,0.6361355618581502,0.20644598282544518,0.15493216447497138,0.06449274114289429,0.07263347113329502
2014-04-20,0.06154199559372803,0.20853069178511893,0.3083656304762291,0.36492890995260674,0.5604830954225462,0.4496667604788715,0.474018247857062,0.5035487124408246,0.28657501104985217,0.6027418375449423,0.18400392541707555,0.16434231566682062,0.09284759094613762,0.045647696538370156
2014-04-27,0.08510367547010916,0.2345145968303997,0.3737638643048584,0.5769230769230771,0.5187961324367802,0.5604830954225462,0.5081888026384348,0.474018247857062,0.2834112638704724,0.5606223732547708,0.18506378802747792,0.17144117670512835,0.10185734072099109,-0.05739279799665276
2014-05-04,0.09632077266215025,0.24587030545395758,0.3133529835221074,0.3846153846153845,0.3596217027161549,0.5187961324367802,0.6334273693224223,0.5081888026384348,0.2804103566194431,0.5278493727631366,0.18752384690873403,0.17524644419583238,0.09554768244923856,0.01007565198874164
2014-05-11,0.10865399198675615,0.2589007705148998,0.32769878866843527,0.4175824175824178,0.4638453101340082,0.3596217027161549,0.5863150415559484,0.6334273693224223,0.2771768208993416,0.4827061537211106,0.18988550343473992,0.16943682883298086,0.10482966367193555,0.05446286914882953
2014-05-18,0.12904257822133794,0.2821086945543084,0.4044034830312354,0.8588235294117648,0.5324135949644064,0.4638453101340082,0.40642479846963264,0.5863150415559484,0.2788517458766603,0.4379462637431981,0.19215269369970556,0.17027090468457462,0.11013373230981716,0.09574161721664017
2014-05-25,0.16349704998383752,0.32253631552936535,0.5231026152542453,0.9999999999999999,0.5961799929511886,0.5324135949644064,0.5242126247344248,0.40642479846963264,0.28585386279572894,0.42209075484052283,0.1943291963540726,0.1754710722314743,0.12024518608686183,0.0035880913988748475
2014-06-01,0.1923388255287854,0.3560953599475891,0.5272892599583348,0.8419753086419753,0.45382348558988145,0.5961799929511886,0.6017047536385547,0.5242126247344248,0.29032032940191216,0.41923386116959394,0.19880290875339746,0.17702152624534798,0.1284054626295669,0.009978700049896051
2014-06-08,0.2176525656826867,0.3853064647291674,0.5395739981700044,0.876543209876543,0.4636955411558439,0.45382348558988145,0.6737700524099354,0.6017047536385547,0.29562425849675483,0.41658103133230284,0.20576423051828757,0.16797075996326746,0.13289839266775152,-0.007832008706732741
2014-06-15,0.23658576271151352,0.4069469907906252,0.5262342510548821,0.8493827160493826,0.43618199493258764,0.4636955411558439,0.5128865062330071,0.6737700524099354,0.3034871007513899,0.4053938353075741,0.21216864654198647,0.16104169983433256,0.12923049058884772,0.013489732426591567
2014-06-22,0.254297720381327,0.42702045734508876,0.5447007160375863,0.8888888888888887,0.46911929789161155,0.43618199493258764,0.5240433640187679,0.5128865062330071,0.3101402749668504,0.3984751957757663,0.2180607092837895,0.15641062271842912,0.14391432154089667,0.012614042516096664
2014-06-29,0.2707179034296087,0.4454316046486886,0.5624217912663935,0.8320610687022898,0.4677665535871114,0.46911929789161155,0.49294905743350104,0.5240433640187679,0.3170958661921045,0.40387749853918053,0.22348140700624824,0.15965036471120217,0.1685701570997684,0.027474255552248337
2014-07-06,0.2888674724533413,0.46549874623081955,0.6008033142852987,0.9338422391857506,0.4907222463584856,0.4677665535871114,0.5301729975242924,0.49294905743350104,0.3250284969874613,0.40889392253377954,0.23074563136941145,0.15233213663065487,0.18518905362903965,-0.0212264046138853
2014-07-13,0.29871379927454206,0.4762127689142515,0.555535155850834,0.8549618320610685,0.4154906605247484,0.4907222463584856,0.5286441998260862,0.5301729975242924,0.33272849931374593,0.4159004269881784,0.23728343329625834,0.14766751657336463,0.17010909814165925,-0.04313146436891764
2014-07-20,0.29794900345905206,0.47531377111611484,0.4738512266380758,0.6935064935064935,0.38165226126009455,0.4154906605247484,0.5545874694838144,0.5286441998260862,0.338986205131784,0.40428521616257485,0.24316745503042053,0.14366391096241987,0.16557116657842294,-0.05571437026771491
2014-07-27,0.28701572083351495,0.4633485056074057,0.3880647525480694,0.4726775956284153,0.362214496721915,0.38165226126009455,0.4695648418723748,0.5545874694838144,0.3415451182915765,0.369004627469695,0.29612365063788026,0.1463389095190537,0.16334220215240627,0.0686363016846355
2014-08-03,0.29060400857755825,0.46723359786374075,0.48967418823772846,0.7267759562841529,0.5543083660565993,0.362214496721915,0.43132253197338954,0.4695648418723748,0.34496475678693556,0.3384438328809296,0.2951324828263003,0.14882283675021366,0.1674478968453931,-0.037795196162060236
2014-08-10,0.2862266673384753,0.4624283564820716,0.4333848401227324,0.5379939209726443,0.38989559755710856,0.5543083660565993,0.40935503258316186,0.43132253197338954,0.3488031265266243,0.31058194107062065,0.29416113837095187,0.14670367206587098,0.1629316326831076,-0.01643054139609604
2014-08-17,0.27965185751561383,0.45521901525936487,0.41046910713261076,0.47112462006079,0.42289919244372387,0.38989559755710856,0.6264490275838531,0.40935503258316186,0.35185055947146804,0.27958527833486196,0.29320922080471046,0.13932672584751593,0.16015320519195372,0.02894450668757043
2014-08-24,0.2795504775545653,0.4550972500720976,0.45383658573082675,0.4327731092436974,0.49299345426628005,0.42289919244372387,0.44063870023555834,0.6264490275838531,0.3542466327029102,0.2578688382293274,0.2922763415897939,0.14395065983790947,0.16326331058996998,-0.0021969983205420525
2014-08-31,0.2789310940218554,0.4544088708858763,0.4503452263302459,0.40000000000000013,0.4448868208239932,0.49299345426628005,0.47793755984068376,0.44063870023555834,0.35361853583641556,0.23009145813008597,0.2901731191332679,0.1466051763320083,0.16015987208455398,-0.032789822822990956
2014-09-07,0.2724551087916466,0.44729712799938276,0.39943680453189134,0.2086956521739125,0.3976277755748914,0.4448868208239932,0.5571542645610753,0.47793755984068376,0.3518505594714681,0.20429817660936167,0.2881540255750029,0.14038266107110153,0.15672364452350884,-0.020666636808558996
2014-09-14,0.2637274156294064,0.43766666843492374,0.36964804021505815,0.09130434782608658,0.41635537610662576,0.3976277755748914,0.5027867760191898,0.5571542645610753,0.34912880638332516,0.18854005636971172,0.2862156957590686,0.13345721563808718,0.1525129462720681,-0.022683804065054713
2014-09-21,0.2530687897487637,0.4258098832916652,0.3384087937732374,0.11851851851851863,0.41323930558354915,0.41635537610662576,0.44937718534052734,0.5027867760191898,0.34598832205085256,0.18985776953484507,0.28435489913577155,0.1307964588219155,0.14514880782070946,-0.030524458210646074
2014-09-28,0.23982073328752976,0.4108989614718901,0.29929730406271915,0.024734982332155573,0.40112725528824544,0.41323930558354915,0.4705420961744474,0.44937718534052734,0.34152185544466923,0.19431447483365505,0.28108653943688927,0.1255392240191744,0.13671852212769434,-0.04334011610811495
2014-10-05,0.22283125086528155,0.3914637182370605,0.2502356812789164,0.047477744807121705,0.3813299411688836,0.40112725528824544,0.46702048353318204,0.4705420961744474,0.3354269895549816,0.21236815358407674,0.2767350431710451,0.12442751993111359,0.13407009904224532,-0.0899582577573433
2014-10-12,0.19658130730532614,0.36073206621303755,0.17133880103487548,0.1576846307385231,0.30931537888309124,0.3813299411688836,0.4533321060989418,0.46702048353318204,0.3260520622513783,0.25512101039469237,0.2702342572052654,0.14158963839440195,0.12058075301440771,0.04287022165844165
2014-10-19,0.18307654935322176,0.3442733025226856,0.24141599478039494,0.27937915742793784,0.5145055573374371,0.30931537888309124,0.4309582634180612,0.4533321060989418,0.3184916370065368,0.2948200917188355,0.2583851453592793,0.14310149007973808,0.12448144075993686,-0.06168545215516474
2014-10-26,0.1645358425990625,0.3212088915794552,0.19166504088809644,0.1414868105515587,0.35299051581480734,0.5145055573374371,0.3495713400404606,0.4309582634180612,0.3107916346802521,0.3374152908541742,0.2479579269348115,0.14417752505958253,0.11774510136176837,-0.2236184978916487
2014-11-02,0.12309196396588762,0.26830992499032463,0.07842734776509058,0.04047217537942668,0.10284031686299822,0.35299051581480734,0.5814660680182036,0.3495713400404606,0.2999278851745876,0.39678428556454615,0.23878197472127988,0.16894417960423216,0.10471854879526472,0.010632114331047333
2014-11-09,0.09346214673665038,0.22773034645057164,0.09061707713919387,0.055649241146711645,0.46470491951765114,0.10284031686299822,0.3989305933656603,0.5814660680182036,0.28711005652871796,0.45191263779560575,0.2233161881523517,0.18440175950958054,0.11704229976682543,-0.004711433921319669
2014-11-16,0.07169549493262958,0.19546600473735715,0.08872436446026727,0.04923599320882866,0.44100258235416545,0.46470491951765114,0.11622450686349972,0.3989305933656603,0.27540884453439407,0.5053316530003543,0.21001561170307348,0.17826602035228606,0.10537023754693908,0.06623424904787169
2014-11-23,0.06459077999369253,0.1819906620011208,0.17136389941558366,0.1477079796264857,0.5505977340342942,0.44100258235416545,0.5251841082902584,0.11622450686349972,0.26556866029264653,0.5293064284427659,0.19857711595669425,0.18191162631044638,0.12077075945351481,-0.10352058873581918
2014-11-30,0.049486032429166604,0.15633249206772304,0.12225167735159581,0.011705685618729143,0.28836462249432493,0.5505977340342942,0.4983970219376522,0.5251841082902584,0.25275083164677686,0.5544830145536673,0.18874000961480808,0.18185464519936403,0.10778698611452944,-0.03873063718169867
2014-12-07,0.036006401125938364,0.13155567934732593,0.10663173776740686,0.01861252115059212,0.38845055120411753,0.28836462249432493,0.6222554740233479,0.4983970219376522,0.2392816432875055,0.5813067535240394,0.1787182518448392,0.1768843246767021,0.09616103656846148,-0.040291349774452354
2014-12-14,0.023953623090715193,0.10743385191787891,0.09119800733673716,0.12310030395136769,0.3860396006547204,0.38845055120411753,0.3258939399314593,0.6222554740233479,0.22611487193802776,0.6149831954111615,0.16770205777871516,0.1801368822340242,0.08140831439287664,0.11394425934921769
2014-12-21,0.029396436982358914,0.10946368873000423,0.21558501980176026,0.27652733118971046,0.6242989882446055,0.3860396006547204,0.43900558780558574,0.3258939399314593,0.21569311652360018,0.6263018666924202,0.1527092419050134,0.18053449585636816,0.08934969462854019,-0.05472489968924649
2014-12-28,0.03038061893763558,0.10458450819777215,0.18756298583647613,0.21452702702702692,0.36374300661274744,0.6242989882446055,0.43628086323040516,0.43900558780558574,0.20489915555865723,0.636812061453589,0.1407149892060519,0.17516673076625452,0.0850789943436972,-0.09706171284313124
2015-01-04,0.023999947887016843,0.08745474806545234,0.14535671369225694,0.09566787003610097,0.29834213562151063,0.36374300661274744,0.7055486044522066,0.43628086323040516,0.193267732105055,0.6550369913355711,0.13111958704688276,0.17559152790832874,0.0775376276640486,-0.04652001563489282
2015-01-11,0.01737962400257287,0.06889830412216519,0.12782822315900327,0.053149606299212504,0.3764177103413063,0.29834213562151063,0.41108247094310624,0.7055486044522066,0.18207830274268966,0.6751540827088065,0.12344326531954743,0.17041291830766267,0.0674667308169888,-0.017467693040390832
2015-01-18,0.013442450428623964,0.05387972746687136,0.12137594094571075,0.03006012024048085,0.4212970260113964,0.3764177103413063,0.33716998009065186,0.41108247094310624,0.17295926675506546,0.6938342389839537,0.11695873394356728,0.1626537636981929,0.0558341143783206,-0.05431198935373984
2015-01-25,0.008457508546083181,0.03608541660851028,0.10194271285266049,0.0040567951318459345,0.36438086037574235,0.4212970260113964,0.4254067285438987,0.33716998009065186,0.1619094144741433,0.7147071659892724,0.11177110884278317,0.1539736115706882,0.048049961693146265,-0.014051753455650302
2015-02-01,0.006302646156176983,0.022421067391936,0.09704960427998094,0.009523809523809533,0.4265738857335358,0.36438086037574235,0.4761268788821782,0.4254067285438987,0.15220880731383907,0.7351656893822256,0.10649245135293116,0.14247128366577402,0.02855763445316757,-0.09389608576712694
2015-02-08,0.0,0.0,0.06695505617001452,0.0,0.3032323187170497,0.4265738857335358,0.41180333841334044,0.4761268788821782,0.14609067857724428,0.7591813828224597,0.10172978051315944,0.13818318294943624,0.01073147478886785,0.15636879533927964
2015-02-15,0.011152701137655097,0.0104618411979428,0.21325735860968098,0.26178010471204183,0.6898353713224739,0.3032323187170497,0.48209049740943866,0.41180333841334044,0.14204294321539068,0.7661503153094837,0.09531905502878073,0.14124966207842604,0.019243985490619397,0.03340906213112983
2015-02-22,0.025870336377903758,0.02883760935868107,0.24410397829672908,0.3219895287958116,0.49989019005827623,0.6898353713224739,0.34269659782276574,0.48209049740943866,0.1386233047200316,0.7566063102959991,0.06918547595682041,0.13573751084931412,0.034054487402073064,0.13478061202495462
2015-03-01,0.0535964527627244,0.07404173504061573,0.3658427239248295,0.6746987951807228,0.6564864750145856,0.49989019005827623,0.7796142436605122,0.34269659782276574,0.13620396864168233,0.7236250457851755,0.06918547595682041,0.13963433544139067,0.06666003681235864,-0.035581898480937235
2015-03-08,0.07402627621159252,0.10651125032246628,0.34155059119843245,0.6950354609929079,0.39331464555163265,0.6564864750145856,0.564948578511512,0.7796142436605122,0.1352036662246725,0.6779293079136881,0.0713935230618253,0.14112193797367237,0.048368861389191525,-0.09919871354401733
2015-03-15,0.08251652544414134,0.11677058337802299,0.28251261623874235,0.4361702127659575,0.2950409493314885,0.39331464555163265,0.7419251432565357,0.564948578511512,0.13322632423756015,0.6500754553011742,0.07541216879293423,0.14184762858342734,0.041645855776223525,0.13353139262452257
2015-03-22,0.1045849775949666,0.15437707400000789,0.3913019193084095,0.7907801418439716,0.6545567115118287,0.2950409493314885,0.4445027214601873,0.7419251432565357,0.13429641519529156,0.614278870060158,0.07918969578017661,0.1466193253920805,0.05622301644666847,0.08042724911261455
2015-03-29,0.132647253529769,0.2044007072215086,0.4540135016975009,0.8605341246290799,0.5725227325654529,0.6545567115118287,0.33343915972441845,0.4445027214601873,0.13480819782725006,0.5582766037565329,0.08274057114818446,0.15580368255564586,0.07604757716789291,-0.002309469848662529
2015-04-05,0.1559006406671678,0.24570440181625766,0.45210002340038713,0.8545994065281898,0.4447130775648098,0.5725227325654529,0.7397442299891261,0.33343915972441845,0.1363202828762184,0.5097082799380065,0.08827049130520116,0.16187330946205666,0.06245156085845131,0.032976268241634646
2015-04-12,0.17924802610203472,0.28740600000794725,0.4797629872735183,0.9406528189910975,0.4992216206685636,0.4447130775648098,0.6470339093685206,0.7397442299891261,0.14022844115662875,0.4617653567133593,0.09335801784965651,0.15341281771540263,0.07127797108679794,0.06600556530721624
2015-04-19,0.2066627494231153,0.33639115234491845,0.5348388404038095,0.906474820143885,0.5502444689983541,0.4992216206685636,0.502590420881094,0.6470339093685206,0.1463233070463163,0.4355756741348339,0.09803854227055543,0.15539146578968052,0.08010049229446109,-0.06936691300992098
2015-04-26,0.2203120291735034,0.3603176222747919,0.46644296676040153,0.7529976019184652,0.34112438341225426,0.5502444689983541,0.5641929979182814,0.502590420881094,0.1512085048968293,0.4086381002993311,0.10538385389237133,0.15214745871801216,0.07476753378864506,0.021100172040086428
2015-05-03,0.23406962126662573,0.38437874874244243,0.4844829633449943,0.7985611510791365,0.48087571842188725,0.34112438341225426,0.6218562331823364,0.5641929979182814,0.15737315932723844,0.38578895460054274,0.11199463435200561,0.15077430293415814,0.07856821814517047,-0.012161565039275408
2015-05-10,0.24376176718704845,0.401207963253334,0.4722690048852467,0.7721822541966427,0.4294938024575257,0.48087571842188725,0.3855201388967093,0.6218562331823364,0.16349128806383323,0.3585795991406576,0.11794433676567649,0.14310659736806833,0.07222800328233345,0.017641030803901152
2015-05-17,0.25375245481138364,0.4184763227693944,0.489011729675662,0.8105515587529977,0.4755321218477681,0.4294938024575257,0.5434594616299163,0.3855201388967093,0.17130760462465394,0.34334198705979935,0.12329906893798027,0.13762572155368005,0.07658648431974639,0.024825883730703345
2015-05-24,0.26479501104633935,0.43740460354118765,0.5133260129135164,0.8250000000000003,0.4866311064985219,0.4755321218477681,0.4853904277449345,0.5434594616299163,0.1773792076674343,0.32940006583942116,0.12811832789305372,0.13253633686889096,0.08377506126596512,-0.04135518568191406
2015-05-31,0.2684156730939357,0.4435635582657317,0.46518170607088616,0.6948051948051948,0.38439621302686905,0.4866311064985219,0.5374204207590889,0.4853904277449345,0.1820317770488752,0.3140285651065312,0.1324556609526198,0.12879396155977532,0.07993493112822156,-0.005571045049455472
2015-06-07,0.27057307672567016,0.447219905756295,0.45884391879350395,0.6785714285714283,0.4396746761584512,0.38439621302686905,0.5499638867563582,0.5374204207590889,0.1842184846581525,0.29297173026147344,0.13635926070622928,0.12187671212907958,0.0754558904496208,-0.06223205830190725
2015-06-14,0.2650367101903562,0.4378173749229209,0.3925711769491753,0.5032467532467532,0.3521461320404268,0.4396746761584512,0.43442359632906874,0.5499638867563582,0.18580035824784236,0.26442152173820466,0.1714916584887144,0.12119052968286653,0.0723363402870875,-0.054992474128565096
2015-06-21,0.25473361091986274,0.42014109400415106,0.3427773284141392,0.326530612244898,0.36332966417899315,0.3521461320404268,0.49689629491282705,0.43442359632906874,0.18803359155093402,0.24122562012276882,0.1707360157016683,0.11809465552305456,0.06720116626174553,0.003761759921891586
2015-06-28,0.24720294557216949,0.4070312187793849,0.34713461386654476,0.18067226890756324,0.4540917644664179,0.36332966417899315,0.3979763169614786,0.49689629491282705,0.18801032870402679,0.2281713375729822,0.16881334641805695,0.1124333831869331,0.07163853886159476,-0.0012523483164658376
2015-07-05,0.24139776466653098,0.3967695842320572,0.34595035658943274,0.17647058823529446,0.4463460929903677,0.4540917644664179,0.41061533390974947,0.3979763169614786,0.1864051922674297,0.2160495037767518,0.16555893228655544,0.10258690525470246,0.06930457087712416,-0.04485056616535179
2015-07-12,0.23248462040388648,0.380812315917918,0.30447946958907446,0.04545454545454559,0.3789966349520696,0.4463460929903677,0.5131897003603538,0.41061533390974947,0.18403238188289478,0.2145876803211098,0.1624997830029441,0.09950855221360322,0.0664861420303688,0.009132483563272474
2015-07-19,0.2268289708403013,0.37041535289332506,0.3166656573686306,0.08943089430894301,0.4623883266739422,0.3789966349520696,0.5044359656861416,0.5131897003603538,0.18114778886640148,0.214245492615441,0.15846937838037295,0.0966500815325825,0.06951457799403202,-0.10969891725642439
2015-07-26,0.21220872001248353,0.34332837084322454,0.22938386522593124,0.014084507042253535,0.278820492069371,0.4623883266739422,0.4283212882250344,0.5044359656861416,0.17498313443599228,0.22859264065929397,0.153736277637527,0.10169972886458761,0.06514054087388517,0.014388737452099452
2015-08-02,0.20271210751269517,0.3249803686918914,0.24765645609924558,0.10891089108910894,0.47050805881416863,0.278820492069371,0.5225660216382865,0.4283212882250344,0.17053993067671624,0.2459700403048664,0.14679920989511602,0.10048779571231839,0.07206299769047729,-0.07103577311675177
2015-08-09,0.18961715085539385,0.29910916687375294,0.2002792892741378,0.04180064308681668,0.33854636923455633,0.47050805881416863,0.3151076852220448,0.5225660216382865,0.16453811617465747,0.26791210190940984,0.1390245530907615,0.10313244315683867,0.06810397463469595,-0.12047069325427537
2015-08-16,0.17039115431722535,0.2599465351977613,0.1386995708954385,0.002680965147453263,0.2621805165988198,0.33854636923455633,0.5317424992362573,0.3151076852220448,0.15707074231744483,0.2996713843842104,0.13028405933618076,0.10526035991306848,0.06284379637309931,0.012037978559478878
2015-08-23,0.15736325258434558,0.23140690892436394,0.15227083317842405,0.14719626168224292,0.4668766641102507,0.2621805165988198,0.38260660813727754,0.5317424992362573,0.1493940028380673,0.3376600155712123,0.1192863143278959,0.10625280071709334,0.06931901581109137,0.10689779497671278
2015-08-30,0.15719380585326123,0.2284860383236265,0.2716852210508408,0.3028169014084506,0.613413782839667,0.4668766641102507,0.2963020941632196,0.38260660813727754,0.1427175657756996,0.3418859106710267,0.10656742241423035,0.11012479858682483,0.07590590570013761,-0.07493544427375427
2015-09-06,0.1520583022751087,0.2149280907645033,0.2268762065044131,0.21134020618556704,0.33252225283920206,0.613413782839667,0.5276384953634198,0.2963020941632196,0.13583176309116707,0.3377123464262759,0.055691854759568185,0.11552327532682591,0.07039516339164827,0.04689622420936121
2015-09-13,0.15320746664670398,0.21442542492681108,0.2755624419844225,0.28608247422680416,0.5207248273728559,0.33252225283920206,0.6932467400775346,0.5276384953634198,0.12973689720147952,0.33383689391329296,0.056565260058881225,0.11397960059747486,0.07657370610892925,-0.006339165443735654
2015-09-20,0.1548745432204287,0.21507320422851778,0.2713790924985231,0.3262195121951219,0.4384881026053247,0.5207248273728559,0.3757984809484913,0.6932467400775346,0.12480517365715214,0.3302382594369516,0.057421197252208026,0.10418659221418933,0.07363749549290281,-0.014411778661303316
2015-09-27,0.15626280600652148,0.21516397791725783,0.26151138865607504,0.3525179856115109,0.42601772762255746,0.4384881026053247,0.5884947471876817,0.3757984809484913,0.12071091260148416,0.3210563778487214,0.058260015701668263,0.09886309837276591,0.06763451428076174,0.01600034134644112
2015-10-04,0.15994603652624675,0.22042409997734572,0.28071387263888015,0.38848920863309344,0.4729976249985602,0.42601772762255746,0.4955552943181565,0.5884947471876817,0.1167794914741666,0.31335773619736884,0.059082057782139305,0.09195289029506712,0.0703512730153633,-0.048790164169431945
2015-10-11,0.16006064509347634,0.21783947960411243,0.24525906852669027,0.2815884476534296,0.37291084054223367,0.4729976249985602,0.48146195790121543,0.4955552943181565,0.11217344778654008,0.3139138178233682,0.05988765902100095,0.08963410975108468,0.06790563457983853,-0.011735256218420965
2015-10-18,0.16043972088874686,0.21579747107695066,0.23707675101902353,0.26007326007326,0.43015235387219614,0.37291084054223367,0.5345560709065043,0.48146195790121543,0.10821876381231534,0.317908627350233,0.06067714823508534,0.0846944243439478,0.06376771657261718,-0.150783673279354
2015-10-25,0.15090475142913906,0.19049650466516177,0.15208693679973062,0.05263157894736823,0.21535376823743074,0.43015235387219614,0.4214434559144037,0.5345560709065043,0.10217042361644214,0.33903001163559154,0.09936211972522081,0.09125370178821915,0.05826197443357803,0.0
2015-11-01,0.1447597795934309,0.1720137531490865,0.15208693679973062,0.06521739130434759,0.4482806899659022,0.21535376823743074,0.48613468657016057,0.4214434559144037,0.09798311117314536,0.358642725614853,0.09835623159960745,0.08554267663678031,0.0650772053941828,-0.013820555618632087
2015-11-08,0.14040899456588773,0.15701695349161665,0.1453265987803165,0.03555555555555558,0.42693103448389924,0.4482806899659022,0.24338106180609542,0.48613468657016057,0.09340033033242608,0.3768545314527386,0.09737046123650635,0.07925609995511287,0.06092428687861089,-0.00598207167754754
2015-11-15,0.13804596299519692,0.14630664040734842,0.14228175015978128,0.024390243902438935,0.4390397323004876,0.42693103448389924,0.5066223414803804,0.24338106180609542,0.08986437760253098,0.3808185864389686,0.0964044062806673,0.07833597395593572,0.05254733632639773,0.08617769624105241
2015-11-22,0.14365685660659272,0.15565182295039603,0.2511521508126592,0.2439024390243902,0.5814058823061269,0.4390397323004876,0.4824941274122828,0.5066223414803804,0.08909670365459323,0.38449949464046795,0.09545767242394503,0.07748157124241406,0.06500442514996341,-0.10638040355857173
2015-11-29,0.1421394370431681,0.14691758990125348,0.1874331011878797,0.0666666666666668,0.2839468506700301,0.5814058823061269,0.49617871605826036,0.4824941274122828,0.08688673319840882,0.39359215255268,0.09452987324435717,0.08275300233297317,0.05243899932164367,-0.03109058707003112
2015-12-06,0.140379148719556,0.13714983345217857,0.1716623658629966,0.12451361867704287,0.40025271330601175,0.2839468506700301,0.6570731598249331,0.49617871605826036,0.08279247214274078,0.41043130111377324,0.09251511599858682,0.08191092489191643,0.04800829361439471,-0.01058210933053686
2015-12-13,0.13977981373423998,0.13009999549909307,0.16627235757817038,0.12217194570135766,0.4319337069129725,0.40025271330601175,0.32090121560527757,0.6570731598249331,0.07967525065717541,0.42606765334907415,0.08914281551560978,0.07621158634856401,0.04319924175208159,0.010582109330537008
2015-12-20,0.1414280624682165,0.12900795606405652,0.17930531980907605,0.1560975609756098,0.4646276730188321,0.4319337069129725,0.45234374653610665,0.32090121560527757,0.07599972084583713,0.44058712328185357,0.08597285306161138,0.06960803421786638,0.04783384325802152,0.0769610411361284
2015-12-27,0.14921133220964705,0.14516549759410075,0.2741060996927728,0.34146341463414626,0.5671682194641718,0.4646276730188321,0.48814787444267405,0.45234374653610665,0.0733012306046014,0.4301228382596102,0.08299308835485288,0.06904922847195347,0.05912978162037713,-0.1265936653385384
2016-01-03,0.14853391295063242,0.1381067875896027,0.1968046552708012,0.04736842105263149,0.25272189943955714,0.5671682194641718,0.525096808518087,0.48814787444267405,0.06939307232419102,0.42655698707416523,0.08019210953049986,0.07131686946704469,0.05611412386753106,-0.22757814838207535
2016-01-10,0.13710882654536902,0.0991986565507691,0.11020506680326358,0.05693950177935947,0.09672354586387971,0.25272189943955714,0.6409825312351802,0.525096808518087,0.06311210365924579,0.45000779127428436,0.07755918943560804,0.08047082304236144,0.04694214637273818,0.22314355131420976
2016-01-17,0.1416207861540228,0.10595967730733269,0.28270975903675233,0.4485294117647058,0.7929873772402127,0.09672354586387971,0.2856124818741945,0.6409825312351802,0.05962267662316513,0.4596456692151807,0.07231618146427261,0.09536355512909525,0.05293512724597889,-0.13543797089510412
2016-01-24,0.13899934652095827,0.09128951472292218,0.22743847323535282,0.257936507936508,0.23905943305103636,0.7929873772402127,0.10931166650424085,0.2856124818741945,0.0549701072417242,0.4685951273031559,0.06589418058968048,0.09607942866235825,0.047279935597817485,0.010126668817929268
2016-01-31,0.13893910195855982,0.08390910925270889,0.2344481750007904,0.294871794871795,0.463924119680961,0.23905943305103636,0.8961910044628076,0.10931166650424085,0.0523414055412101,0.47690533838484706,0.060114379802547566,0.08936805413540283,0.06718172115832814,-0.01012666881792916
2016-02-07,0.13982123836676974,0.0792600531865994,0.23041929365037633,0.2777777777777778,0.4326372602508436,0.463924119680961,0.2701719088870425,0.8961910044628076,0.049619652453067195,0.48785748992845046,0.05491255909412794,0.08313606350322997,0.062361002233964596,-0.03627340678683487
2016-02-14,0.14010047974302953,0.07248486337239118,0.21581268995163455,0.217948717948718,0.39224642047434594,0.4326372602508436,0.524301690978191,0.2701719088870425,0.04673505943657384,0.49672633242760866,0.05023092045655028,0.07784095600816371,0.059394790601237035,0.002635047638005032
2016-02-21,0.14190094752087654,0.0705731421826542,0.2179399732771627,0.2661290322580644,0.45235124695380147,0.39224642047434594,0.4889429919825701,0.524301690978191,0.04394351780770929,0.5206446095470473,0.046017445682730376,0.08062801201284081,0.06822897887095063,-0.082238098236972
2016-02-28,0.1407460991137611,0.05850506278042572,0.18510981948856142,0.14516129032258057,0.3212412920355138,0.45235124695380147,0.44329547184628093,0.4889429919825701,0.039407262660804424,0.5402369581694949,0.04105472413407063,0.07797075579827364,0.06413384009124753,0.05286348955706781
2016-03-06,0.1438117495457027,0.06073244932072808,0.228141099253927,0.27499999999999997,0.529942912582938,0.3212412920355138,0.5112226625704896,0.44329547184628093,0.03659245818503269,0.5584298533189107,0.036687529171250066,0.0745198217008442,0.06917623319456936,-0.010899290458035742
2016-03-13,0.1470874202362344,0.06400829447889284,0.22323987761245612,0.25499999999999995,0.43144373328352126,0.529942912582938,0.36304935544645894,0.5112226625704896,0.03403354502524018,0.5753232559576539,0.03284439760396797,0.07065972829729592,0.06410828366961324,-0.09175486360204765
2016-03-20,0.14676301751181708,0.05444843830933571,0.18480780523206275,0.09499999999999997,0.30654002622146015,0.43144373328352126,0.5989125234105493,0.36304935544645894,0.030846534998953137,0.59549474524286,0.02946244182475974,0.06822275139903053,0.060179817204916386,-0.009049835519917927
2016-03-27,0.14748214845273844,0.04835762346287159,0.18126876949297638,0.1401869158878504,0.43430072592895963,0.30654002622146015,0.4875941330191139,0.5989125234105493,0.027473422197408517,0.6220358359219507,0.02648632073905649,0.06743506712649547,0.05506686615490858,0.012048338516174574
2016-04-03,0.14994248993056508,0.048751777464470236,0.1921877442422339,0.16831683168316827,0.4668926679173598,0.43430072592895963,0.34643478810917777,0.4875941330191139,0.02330937260101891,0.6387213705983218,0.022949972832644522,0.06342537302232262,0.05798085379560085,-0.0029985029962565574
2016-04-10,0.1530734021861357,0.05197504727122071,0.19081673943285438,0.18857142857142858,0.4436486760513873,0.4668926679173598,0.4908229499992393,0.34643478810917777,0.02054109381906158,0.6575006309498466,0.019908713633130223,0.05986599928957451,0.0551163122750271,-0.0030075210639553284
2016-04-17,0.1566940104954308,0.05751131265706316,0.1893496606789658,0.18285714285714275,0.4436347451615016,0.4436486760513873,0.5276565819917571,0.4908229499992393,0.019889734105659834,0.6749385155619767,0.017293230721547925,0.05524955734015225,0.051346740083969514,0.08096906253366729
2016-04-24,0.16451743041807138,0.08039438470872479,0.27489728367660327,0.4026845637583892,0.573359712654691,0.4436347451615016,0.501387492450145,0.5276565819917571,0.01779607788401144,0.6541309776599337,0.0012266928361138324,0.05719157993278746,0.06882788805620635,-0.028170876966696335
2016-05-01,0.1704860311939403,0.09693553353929707,0.2571153931510164,0.44642857142857134,0.4047630098913013,0.573359712654691,0.5013717485195882,0.501387492450145,0.016795775467001645,0.6348096924651795,0.0016535819430814475,0.05243834063802524,0.057685843798039815,0.055569851154810786
2016-05-08,0.17892693243713503,0.12428863042535504,0.31640374754719014,0.6862745098039219,0.5341236336274408,0.4047630098913013,0.6479798185322958,0.5013717485195882,0.01616767860050712,0.6205149147279048,0.0020719332679097063,0.050975064130311616,0.06839009544212331,0.03974032864951412
2016-05-15,0.1885430411868606,0.15732943230252244,0.35874912713629603,0.8333333333333337,0.5096705753526284,0.5341236336274408,0.4574410372915576,0.6479798185322958,0.01598157582524949,0.5947536947692889,0.002481917566241415,0.0502719619719413,0.07923712970272881,0.12439890906125023
2016-05-22,0.20376254078642547,0.2132686053476949,0.4823770131416262,0.8047337278106507,0.6404490748037889,0.5096705753526284,0.6036373458980033,0.4574410372915576,0.017307558098960132,0.5520468530452549,0.0033345545044160957,0.05928998672849884,0.09900779970876791,-0.0861776962410524
2016-05-29,0.21161749850868544,0.24101210268772882,0.40287178285071945,0.5917159763313607,0.3151554976256775,0.6404490748037889,0.5760018355652162,0.6036373458980033,0.017772815037104234,0.5123905000157948,0.005695815875956814,0.06225471641955114,0.09136142947066539,-0.05392834202555563
2016-06-05,0.21560976312297012,0.25426050324208477,0.3611469226845231,0.467455621301775,0.36497350936246487,0.3151554976256775,0.7238005498312203,0.5760018355652162,0.01844743759741317,0.4700242261095058,0.007915401565205107,0.06074592481194945,0.08567790352895292,0.146963207992745
2016-06-12,0.22731272173894074,0.29746350235875585,0.48770605665900657,0.8224852071005913,0.6753058505857181,0.36497350936246487,0.35617152313582784,0.7238005498312203,0.020075836880917478,0.4508367299621008,0.010001812113098488,0.06491796812319708,0.09877112502145906,-0.058633439249857026
2016-06-19,0.233608468979578,0.32021967373212734,0.437010406678477,0.674556213017751,0.35770519052492555,0.6753058505857181,0.41247311791544694,0.35617152313582784,0.021215716379370503,0.4362166344881173,0.01196303802811828,0.06387459884984159,0.08424452161989934,-0.059719234701622194
2016-06-26,0.23572916813067327,0.3274057964789325,0.3914025359751785,0.5325443786982246,0.3560278803314149,0.35770519052492555,0.7631937732253417,0.41247311791544694,0.02254169865308117,0.40589317788719725,0.01380659038823688,0.06585620164771988,0.07619147093318163,-0.03390155167568134
2016-07-03,0.23601894304820858,0.3277550496055909,0.36747451023174715,0.394736842105263,0.395910404099439,0.3560278803314149,0.4042588611104523,0.7631937732253417,0.023635052457719782,0.37025186838837965,0.015539529606748356,0.06392624744555092,0.07351638027733162,0.00529101763441568
2016-07-10,0.23686769318611262,0.3302520014698828,0.3721615472313172,0.40789473684210514,0.4564541242880136,0.395910404099439,0.40236325677895657,0.4042588611104523,0.02468188056854398,0.3322867940231815,0.042688910696761534,0.060167183318588384,0.08096996620441026,-0.11153609770197602
2016-07-17,0.23255378007488242,0.31285168423117793,0.2993912683286952,0.12751677852348986,0.2759824607591159,0.4564541242880136,0.4474363059371529,0.40236325677895657,0.024821457649987208,0.30614798661405046,0.042129538763493624,0.05929924216729258,0.0752392164401127,0.005882369903066613
2016-07-24,0.22983514116430434,0.3011931134231868,0.3045889743764544,0.0985915492957747,0.4573676307744806,0.2759824607591159,0.515859510349999,0.4474363059371529,0.02503082327215206,0.2867904511877386,0.04085652600588813,0.058985037761612145,0.09306093150934559,-0.032789822822990956
2016-07-31,0.226666815273877,0.2873712139558732,0.28474349192944726,0.021126760563380136,0.3976277755748914,0.4573676307744806,0.3119002973068852,0.515859510349999,0.024332937864935913,0.2688155968633062,0.03887618449460255,0.05361195338712534,0.08834188269713585,-0.04969966855227241
2016-08-07,0.22251668937021213,0.26905008681787246,0.2563411633384104,0.0,0.37150586046988127,0.3976277755748914,0.5168919054664753,0.3119002973068852,0.023495475376276553,0.2588827795538367,0.0370146634739941,0.050589624550050345,0.0781782049280559,-0.012820688429061434
2016-08-14,0.2192420516516562,0.253666984360733,0.24919874150918886,0.05357142857142872,0.4284756048046694,0.37150586046988127,0.44937718534052734,0.5168919054664753,0.022099704561844263,0.25618188519193325,0.034426405018253184,0.046963608095704566,0.07015459968365595,-0.022839491969822903
2016-08-21,0.2162913030742097,0.2390538082889623,0.2362673192694692,0.01190476190476191,0.41299880272525347,0.4284756048046694,0.41985562420556394,0.44937718534052734,0.020192151115453527,0.24034159045671993,0.03113096765676153,0.04671095216093284,0.06241100392846646,0.04831857727080773
2016-08-28,0.21655652526204183,0.23781967169363832,0.2865889778775338,0.13461538461538455,0.5229220435104412,0.41299880272525347,0.48423971639259156,0.41985562420556394,0.01744713518040339,0.22785964032562206,0.028165074031419046,0.04368981103377736,0.06585000936142836,-0.041739606172765314
2016-09-04,0.2156110705686859,0.23125925333093647,0.2597446161141068,0.05128205128205103,0.3838023696774141,0.5229220435104412,0.46674868034395306,0.48423971639259156,0.015237164724218932,0.21626925806103114,0.024844146403782227,0.039573156503833994,0.05984758372367063,-0.03333642026759172
2016-09-11,0.21412720672916585,0.22206726381132308,0.23944541509941752,0.0,0.396783405243366,0.3838023696774141,0.590977920809206,0.46674868034395306,0.013283085584013768,0.21038532483756506,0.021921730091461825,0.03575054872602942,0.05533798645398538,0.04959694113937198
2016-09-18,0.2155663596529236,0.22577643917121698,0.2931848221741664,0.09493670886075942,0.5248968286730358,0.396783405243366,0.4337524670234627,0.590977920809206,0.010282178332984393,0.20322162029600438,0.018852687878657168,0.03252881166032135,0.061993211992184175,0.019169916107720123
2016-09-25,0.21808116744408096,0.23452845063144578,0.3143975293808503,0.14285714285714285,0.47789390638152646,0.5248968286730358,0.4484229241287261,0.4337524670234627,0.008002419336078356,0.18963096456004908,0.016213311575645165,0.028553716772546776,0.06374104900221618,-0.01916991610772017
2016-10-02,0.21981265615937345,0.23997595132274016,0.2993830113287862,0.1363636363636363,0.4186674735502779,0.47789390638152646,0.593209715096554,0.4484229241287261,0.006141391583501993,0.18337157681152344,0.013943447955054852,0.02633778008118174,0.06229933347741229,-0.02614528010432236
2016-10-09,0.22064446630992574,0.24146103576277442,0.2791598807365092,0.08139534883720911,0.40789210226287054,0.4186674735502779,0.5400895805898543,0.593209715096554,0.004396678065461651,0.17827876920628632,0.011991365241347168,0.023132729034170442,0.05884866098239995,-0.00998344398418315
2016-10-16,0.22142750820647147,0.24279102482817824,0.2714056254768835,0.0506329113924051,0.4328585104625805,0.40789210226287054,0.4731551023709064,0.5400895805898543,0.0025356503128853014,0.17655529171906376,0.010312574107558564,0.020320523854500915,0.056333575748955936,0.013289232118682487
2016-10-23,0.22309524020789304,0.24834684035212068,0.28907457344641263,0.1038961038961034,0.4688095699316066,0.4328585104625805,0.4609773665144679,0.4731551023709064,0.0016981878242259413,0.1749549197666428,0.008868813732500369,0.016397881275794494,0.06231600070891291,0.0065789710980425605
2016-10-30,0.22517086501653766,0.2560063156851154,0.29829255217406314,0.2173913043478253,0.4584437232219534,0.4688095699316066,0.48919303688263416,0.4609773665144679,0.0008607253355665534,0.1677672340626163,0.007627179809950313,0.013574995701200417,0.06561722369480298,0.0
2016-11-06,0.22727617514498857,0.26402049869990657,0.29829255217406303,0.2173913043478253,0.4482806899659022,0.4584437232219534,0.5298229599076116,0.48919303688263416,0.000279154162886458,0.16109295448030603,0.006559374636557272,0.01062591751110973,0.06871955105145229,0.0
2016-11-13,0.22938075086441637,0.2722397081800063,0.29829255217406314,0.2173913043478253,0.4482806899659022,0.4482806899659022,0.5181080463522885,0.5298229599076116,6.978854072162144e-05,0.15489540915387506,0.005641062187439247,0.007395746814074122,0.07201577386789218,0.006535970979785449
2016-11-20,0.23172700239621102,0.28181122535683767,0.3095273553521052,0.2608695652173905,0.45837729769350094,0.4482806899659022,0.5066223414803804,0.5181080463522885,0.0,0.15125256751602428,0.004851313481197744,0.004724129894794371,0.07515365798507616,0.02889446599971497
2016-11-27,0.23516768557052137,0.29680570778321,0.35996196216274623,0.8399999999999997,0.49291615263852523,0.45837729769350094,0.5066223414803804,0.5066223414803804,0.0003024170097936374,0.13686761474647735,0.0,0.0032268246536517053,0.07834932183812895,0.10219094089654716
2016-12-04,0.2427545565304219,0.33156041471814457,0.5142788051534568,0.859375,0.6061427500542613,0.49291615263852523,0.5180329758495611,0.5066223414803804,0.0010468281108242106,0.1488485876274464,0.00010304219823356608,0.007245620226913219,0.08132442266099017,0.0
2016-12-11,0.2489774106062796,0.3598744917749254,0.5142788051534568,0.859375,0.4482806899659022,0.6061427500542613,0.557066902485193,0.5180329758495611,0.0020936562216484073,0.15997377673120344,0.0007269872423945056,0.0060599494825706035,0.08417063022691325,-0.028987536873252298
2016-12-18,0.2527294999046039,0.3767763621937855,0.4654311254035034,0.7031249999999998,0.4035014536896513,0.4482806899659022,0.6850294161169531,0.557066902485193,0.003140484332472604,0.16138059692699513,0.0013259744847890081,0.005286796805077203,0.08030716596506882,-0.014815085785140587
2016-12-25,0.2551686334129983,0.38769891136466633,0.4416156734602077,0.6250000000000001,0.4253947086655081,0.4035014536896513,0.5066223414803804,0.6850294161169531,0.0037220555051526993,0.16536630402098845,0.0019010022374877228,0.00538843756732376,0.07921101770671117,0.04380262265839284
2017-01-01,0.2592136511912892,0.4059051438382183,0.508632551424445,0.859375,0.5159459075425472,0.4253947086655081,0.45601529540462143,0.5066223414803804,0.004512992299997659,0.16768489115241025,0.002453028880078506,0.0048271636763317916,0.08005826864132617,0.04196419909903221
2017-01-08,0.2644707433374102,0.4293930877490652,0.5676895714545216,0.9090909090909085,0.5131059559005573,0.5159459075425472,0.4807578559180784,0.45601529540462143,0.005792448879893927,0.1871369640885861,0.0029829744569656452,0.006272944573930586,0.08485231999528872,-0.02216157180285245
2017-01-15,0.26755585432775086,0.4430313199501605,0.5254954232240951,0.8051948051948046,0.4140460371786649,0.5131059559005573,0.5830938731184414,0.4807578559180784,0.0070719054597901815,0.20519960324360653,0.0039374601701168965,0.005320664311641958,0.08131497789647316,-0.03709412440624071
2017-01-22,0.2682385252880331,0.44603197246254345,0.46122134175123564,0.616438356164383,0.3909785960173681,0.4140460371786649,0.579884314949283,0.5830938731184414,0.008118733570614378,0.2099451759695075,0.004834676740479063,0.00574771326567293,0.07811209157643675,0.017291497110061043
2017-01-29,0.269560395180341,0.4518207043853491,0.4877587909340324,0.698630136986301,0.47499217076701866,0.3909785960173681,0.46793220750169573,0.579884314949283,0.00921208737525299,0.214351779214987,0.005678060316619507,0.004996863175100785,0.08327115530026295,-0.1117299639433062
2017-02-05,0.2656439459942783,0.43459707343180765,0.3340065311632622,0.18055555555555533,0.27568298094251503,0.47499217076701866,0.4418626459196744,0.46793220750169573,0.009398190150510632,0.19629847346529455,0.01889106967615309,0.008397486476307399,0.07946380405113729,0.05288946392037264
2017-02-12,0.2648563768329652,0.43110373571759364,0.4085392433103474,0.41666666666666624,0.5299830371425596,0.27568298094251503,0.5368101975508688,0.4418626459196744,0.009979761323190728,0.1795346895548659,0.018591756624141323,0.008113021469482284,0.08153554092666473,-0.059299742281291826
2017-02-19,0.2617369550347715,0.4171738986385812,0.341823718446584,0.15277777777777754,0.356675901937673,0.5299830371425596,0.31156184158191513,0.5368101975508688,0.010119338404633957,0.1712743843471497,0.018298429833169774,0.008668443640206538,0.08024883065481664,0.012779726646399021
2017-02-26,0.25988783432004897,0.4088061417088145,0.35953244838573317,0.20833333333333312,0.46802249836953547,0.356675901937673,0.5989578699954042,0.31156184158191513,0.010305441179891586,0.16771472955818761,0.017654814524043175,0.007217229002359167,0.08256557583340324,-0.05212906543494656
2017-03-05,0.25639268661334746,0.3928208870069584,0.3057134633203724,0.051948051948051986,0.367752987726891,0.46802249836953547,0.40309561539006983,0.5989578699954042,0.00990997278246912,0.16953676696755637,0.01666912722276742,0.006525327151721813,0.07838321187551356,0.04894941251756691
2017-03-12,0.2557743894430551,0.3898397650580119,0.3731986590283167,0.24675324675324664,0.5238965423334883,0.367752987726891,0.5289334546342094,0.40309561539006983,0.00907251029380976,0.16115735255773522,0.015335597044946025,0.005555019562448096,0.08362838962875964,-0.02908120930084185
2017-03-19,0.25422226144711035,0.38249721412198207,0.34187282530514396,0.12987012987012939,0.4033567508200717,0.5238965423334883,0.415614332490598,0.5289334546342094,0.00802568218298555,0.1477552367380584,0.014108749281350336,0.004817933307820592,0.07395472846579801,0.0
2017-03-26,0.2531542450599362,0.3773105931959067,0.34187282530514396,0.12987012987012939,0.4482806899659022,0.4033567508200717,0.592079246131828,0.415614332490598,0.007211482541233397,0.13531041490550144,0.012980049338842323,0.0033139278228903335,0.07770707785097161,0.01948113557182249
2017-04-02,0.25327639444045447,0.3776462255212927,0.37136954368409225,0.20779220779220736,0.4783746705795245,0.4482806899659022,0.45585176012807205,0.592079246131828,0.006653174215460481,0.12375450891812712,0.011941645391734923,0.001425610352075106,0.08251224069260124,0.028528083614538246
2017-04-09,0.25472897032194997,0.3842360153953175,0.4146481918189697,0.3246753246753246,0.4923501741124772,0.4783746705795245,0.5066223414803804,0.45585176012807205,0.005955288808244336,0.10349839881329426,0.010986313760396132,0.0,0.08807354026997581,0.0635614814897446
2017-04-16,0.2588047594149601,0.40308057177461937,0.504456259047245,0.5974025974025973,0.5464689082385673,0.4923501741124772,0.5406329140171948,0.5066223414803804,0.005396980482471447,0.1351438836478785,0.0,0.005396678596408966,0.09158699267030715,-0.07298070340623623
2017-04-23,0.25889903790412083,0.40343363650258424,0.4035854082675513,0.2857142857142853,0.33554188860708967,0.5464689082385673,0.5564272644804512,0.5406329140171948,0.0044664666061832725,0.16305368461633807,0.00037782139352306177,0.008768743653236412,0.08753685541565576,0.13274243794849044
2017-04-30,0.2650579314209968,0.43173052891894137,0.5584822128498511,0.87012987012987,0.6533379536710445,0.33554188860708967,0.6175893007104735,0.5564272644804512,0.004885197850512946,0.19119771760784926,0.0007480863591756703,0.012391687869384736,0.09376928884812208,0.10231721548079813
2017-05-07,0.275099412208684,0.4767712884825129,0.6536519235562898,0.8217054263565886,0.6063378159361466,0.6533379536710445,0.3792111082986934,0.6175893007104735,0.006071603042780371,0.24821051926225896,0.0011109460255152165,0.02165674174493932,0.13121666900933865,0.0
2017-05-14,0.2828767912985826,0.5104987330932365,0.6536519235562898,0.8217054263565886,0.4482806899659022,0.6063378159361466,0.7383668564711132,0.3792111082986934,0.008118733570614364,0.3011509779413536,0.0023324551913640884,0.021736496273653753,0.14087755196148313,0.19840106216830275
2017-05-21,0.3005060092452901,0.5834547209530556,0.7989112041561572,0.9999999999999999,0.7547657866176067,0.4482806899659022,0.6852498689181459,0.7383668564711132,0.01181752622885987,0.3707619828871306,0.0035051039905790032,0.031317545732806186,0.1477883417160248,0.2722258142150891
2017-05-28,0.33430563821074183,0.7108622397841755,0.9203323934245691,1.0,0.8688084536228557,0.7547657866176067,0.5066223414803804,0.6852498689181459,0.019517528555144575,0.45177506870879436,0.00615053867361727,0.050704708096982444,0.16320330855656776,0.0864920313534436
2017-06-04,0.3677430504469975,0.8202557310130292,0.9479470342819989,0.836776859504132,0.5818914594812155,0.8688084536228557,0.8529950511912043,0.5066223414803804,0.028473724614418314,0.5335754272229767,0.012469094205831907,0.06788750490094139,0.1854401732503157,-0.01583906402974618
2017-06-11,0.3913305149504405,0.8847706443989003,0.9172276775842858,0.8128898128898125,0.4238128921780491,0.5818914594812155,0.9818798420825123,0.8529950511912043,0.037546234908228074,0.6095329029861459,0.023096571438830663,0.0715494353486896,0.1718780469782587,-0.15681508736207186
2017-06-18,0.39508452462687915,0.8846764218851451,0.6828114107355042,0.6025104602510459,0.20603658763423352,0.4238128921780491,0.6576219326159972,0.9818798420825123,0.04394351780770929,0.6345379728063615,0.03266130094852954,0.0821619999226002,0.1607660037367933,0.07991209969320318
2017-06-25,0.40309122749022225,0.8961429708500317,0.7260402405533029,0.7050209205020919,0.571726942372231,0.20603658763423352,0.4789701733553303,0.6576219326159972,0.05169004582780841,0.649807210838452,0.041269557507258525,0.08709911467886028,0.1637399934108878,-0.044879326177432954
2017-07-02,0.4040885215450267,0.8872843532192644,0.6716242622565188,0.6442105263157892,0.3789522071905139,0.571726942372231,0.23285129338455934,0.4789701733553303,0.058785214134505756,0.6639857890111076,0.04901698841011462,0.08545485969257455,0.15899094358197693,-0.009884759232541973
2017-07-09,0.4025113330697184,0.8719526542288858,0.6599138826407958,0.6284501061571124,0.43301095624746816,0.3789522071905139,0.6461345507745827,0.23285129338455934,0.06560122827831667,0.6794470102381738,0.055989676222685095,0.08245282864374068,0.15332019585108161,-0.006644542718668613
2017-07-16,0.3992013085078577,0.8528696598122575,0.6516874843925943,0.6125541125541124,0.438016363277923,0.43301095624746816,0.42827107839648304,0.6461345507745827,0.07211482541233395,0.6789278078822388,0.06226509525399852,0.08015696933320349,0.14640218362955634,-0.03735578654376886
2017-07-23,0.39217525515667284,0.8250463959996139,0.6058441222411266,0.564935064935065,0.39057438676246814,0.438016363277923,0.48936532277898737,0.42827107839648304,0.07762812012934144,0.6691161348100392,0.11874386653581943,0.079992063769796,0.13377953363975112,0.07336622406680182
2017-07-30,0.39110360632923213,0.8140092236296612,0.6578934492892909,0.6594360086767894,0.5616150341893715,0.39057438676246814,0.4950221603064398,0.48936532277898737,0.08472328843603878,0.6627876910133264,0.11764965652600588,0.07819980067822246,0.143905432350763,-0.021121825029282434
2017-08-06,0.38712160504479687,0.7960367172291958,0.6302351464025437,0.6118721461187214,0.4156522125030721,0.5616150341893715,0.4414058307060166,0.4950221603064398,0.09046921162211831,0.6594972993686438,0.11657733071638864,0.07456859258252713,0.14001196707221744,-0.011560822401076084
2017-08-13,0.38170349693974553,0.7752185329565977,0.6149517343700824,0.5574999999999998,0.430421814956648,0.4156522125030721,0.6347066246668922,0.4414058307060166,0.09514504385046642,0.6452235543314725,0.11552645142296371,0.07267197934094999,0.134417888606225,-0.011696039763191187
2017-08-20,0.37522197873996693,0.7525593814602138,0.5990726234574175,0.5145118733509235,0.4302129344907678,0.430421814956648,0.4697474190909816,0.6347066246668922,0.09965803615046405,0.6319693625112417,0.11449658971540726,0.06615734263252668,0.131662795239172,-0.042925044717033886
2017-08-27,0.3655850531819286,0.7226974260541665,0.5430516023613065,0.25622775800711733,0.3819711332775474,0.4302129344907678,0.4864392167642968,0.4697474190909816,0.1015423267499476,0.6036217564791093,0.11348732524200196,0.06420587836001437,0.12874102955711275,0.008733679968754631
2017-09-03,0.35757928947918344,0.6978645684171139,0.551311528562048,0.08520179372197324,0.4617722646585727,0.3819711332775474,0.48620315147510984,0.4864392167642968,0.09998371600716492,0.5783351259427534,0.11249824605806476,0.06304945899147382,0.13214503380392334,-0.026433257068155597
2017-09-10,0.3482803856340407,0.6703704206000614,0.5165884280316192,0.043715846994535554,0.4074472425094534,0.4617722646585727,0.4316829037041613,0.48620315147510984,0.09672691744015631,0.5504474174508428,0.11152894845780632,0.06131998640760813,0.12877547516888072,0.005342844410495446
2017-09-17,0.34047042297328406,0.6473121096235036,0.5222812379195816,0.27071823204419887,0.45653418502106796,0.4074472425094534,0.5218697820105047,0.4316829037041613,0.09379579872984857,0.5051184539196399,0.10958987099054411,0.06184492502580798,0.1313516735844937,0.0017746233583684796
2017-09-24,0.3336497771240643,0.6272849476955921,0.5242993461249965,0.3731343283582087,0.4510220846215848,0.45653418502106796,0.46047461032855297,0.5218697820105047,0.09321422755716845,0.46693037904217183,0.10623822750441862,0.05970974963325273,0.13368953058964775,0.06187540371808745
2017-10-01,0.33234107722303835,0.6219470372773005,0.5934570795774492,0.6615384615384614,0.54386429663437,0.4510220846215848,0.5159499906159317,0.46047461032855297,0.09233023937469466,0.44418494606060377,0.10308768262746067,0.059366223265718006,0.1410292237681388,0.014888612493750559
2017-10-08,0.33177159531662787,0.6186381734601516,0.6094811072996458,0.7307692307692304,0.4712802535231075,0.54386429663437,0.5097205159288256,0.5159499906159317,0.09230697652778745,0.43193852777725383,0.10012617044312018,0.0570802706994873,0.14343486084806206,-0.013223333174689428
2017-10-15,0.32952476536006525,0.6111387467563798,0.5857092763385718,0.7249999999999999,0.4278536090732382,0.4712802535231075,0.6146457109929111,0.5097205159288256,0.0922371879870658,0.4205668536570004,0.09734234898984014,0.051351500166058016,0.1406275434889738,0.03112454350392963
2017-10-22,0.3295835508601459,0.6096507008409815,0.6218626762732701,0.8833333333333335,0.49636112169237145,0.4278536090732382,0.5326151915031295,0.6146457109929111,0.09270244492520992,0.41601665824827727,0.0947255568237569,0.05012976877032584,0.14751944371448145,0.1284783247731313
2017-10-29,0.34023381442310446,0.634429529031167,0.7454319278017499,0.8642533936651583,0.646750856180734,0.49636112169237145,0.48353677080313856,0.5326151915031295,0.09565682648242489,0.44143715876605694,0.05372914622178605,0.06440318697448039,0.16141769248846766,0.02521141934649607
2017-11-05,0.3501420024413226,0.6561300350583215,0.765718338007259,0.9457013574660635,0.487226672465647,0.646750856180734,0.560960218274726,0.48353677080313856,0.09800637402005256,0.4650419092468523,0.054813542688910685,0.06274093318438373,0.17013132111699342,-0.04671762456745968
2017-11-12,0.3525668866073425,0.6592118593204414,0.6707256550654721,0.7963800904977377,0.37611244890704226,0.487226672465647,0.7309224788104237,0.560960218274726,0.09989066461953615,0.47106030260380904,0.05587625122669283,0.06529525305031761,0.15869704473318264,0.007220247973487097
2017-11-19,0.35415961390292855,0.6602079512328587,0.6776819912387207,0.8190045248868779,0.45943435201699684,0.37611244890704226,0.5506369628703303,0.7309224788104237,0.10205410938190611,0.4766488107209831,0.05691770559371932,0.06176623010812505,0.16372777077445402,0.026971116774792175
2017-11-26,0.3569458605146032,0.6638416312069502,0.7041045665539232,0.9049773755656108,0.48994500991049184,0.45943435201699684,0.42506173875055686,0.5506369628703303,0.10482238816386348,0.4838679067982049,0.05793833087340529,0.05865319388293005,0.17287030282692914,0.23373155772303925
2017-12-03,0.3831323037223207,0.7184756125434019,0.8683656078150936,0.9216152019002374,0.8093434699551105,0.48994500991049184,0.5192276008879098,0.42506173875055686,0.11254565333705539,0.5288834464496042,0.058938543647497524,0.08756176542953495,0.19231873969062285,-0.03153414440708816
2017-12-10,0.39860043620953134,0.7463762787060724,0.8037421946311047,0.8470588235294116,0.3995675168063923,0.8093434699551105,0.553709079318946,0.5192276008879098,0.11950124456230952,0.5711078919115389,0.06286166922250046,0.0924410099489816,0.18016221660845172,0.029314387668775307
2017-12-17,0.4126831010625723,0.7693133661324048,0.8217962947068618,0.9082352941176468,0.49356483733769746,0.3995675168063923,0.9146757667427132,0.553709079318946,0.12741061251075902,0.6103163055547639,0.06856985130663816,0.088448227218453,0.18677799636543238,-0.022472855852058514
2017-12-24,0.4193963949888203,0.7762480311489741,0.7753698770433946,0.8525,0.4135651732111821,0.49356483733769746,0.45156937489177423,0.9146757667427132,0.13478493498034289,0.6395629871436455,0.0739355424657276,0.08670760705076772,0.18082501684779317,0.05310982531394833
2017-12-31,0.42931144956014033,0.7885584234754743,0.8114931783549606,0.8761904761904757,0.5303234460207694,0.4135651732111821,0.557800010487686,0.45156937489177423,0.1432526112545653,0.6759954534384142,0.07897929215527168,0.09459830857754903,0.1847684838208406,0.2205539944074761
2018-01-07,0.46571627903699286,0.8466344150570639,0.9216707279888618,0.8588770864946887,0.7889870932186882,0.5303234460207694,0.467388761320335,0.557800010487686,0.15621001698187825,0.728247363560159,0.0861055022666576,0.14175640544333817,0.20483749727074085,0.18347329893106082
2018-01-14,0.5229928057563342,0.9307896134107458,0.9797021802569559,0.8637837837837836,0.7317057439517123,0.7889870932186882,0.5993425815094168,0.467388761320335,0.17437830041640495,0.7853782560795874,0.10092478520976612,0.1943974039024105,0.22554819913341506,-0.01961559442820484
2018-01-21,0.5613585313925773,0.9745912230553272,0.9392646517631582,0.8345945945945945,0.41797900060745946,0.7317057439517123,0.8916701020395392,0.5993425815094168,0.1921045897596948,0.838428370561914,0.12476081785407404,0.21377387409732204,0.2085020659033445,0.016011986924906244
2018-01-28,0.5909936429243994,0.9999999999999999,0.9447475087278718,0.8562019758507134,0.4730156148026592,0.41797900060745946,0.8269338509844286,0.8916701020395392,0.20990066764370624,0.8888278374050567,0.14573652658106506,0.21062144989582957,0.21632788666727037,-0.1433785828453472
2018-02-04,0.5858954879631362,0.9758212423717275,0.7025530760568715,0.631271878646441,0.22679297038976565,0.4730156148026592,0.4723770278694973,0.8269338509844286,0.22141577686277247,0.8929157267732344,0.1641951502608171,0.22244642732441436,0.20601809283536832,0.02469261259037163
2018-02-11,0.5822630180459633,0.9551364675698344,0.7173030138505297,0.6662777129521587,0.48642523250833736,0.22679297038976565,0.5345764020001236,0.4723770278694973,0.23321004024472508,0.8716064218940947,0.18043873909899893,0.23260719525960974,0.21528229567779797,-0.05001042057466154
2018-02-18,0.567839698753583,0.9216727644587437,0.6508771752545026,0.5861244019138755,0.3710258183643816,0.48642523250833736,0.25630902303396835,0.5345764020001236,0.24437620676018335,0.8454875546185971,0.299558390578999,0.2404030575595961,0.20122626377893918,-0.025975486403260563
2018-02-25,0.5491199031976262,0.8845018918721206,0.6187383964454183,0.5469879518072288,0.40815439540944976,0.3710258183643816,0.5497312192217269,0.25630902303396835,0.2547281736338893,0.821234320719921,0.2973209028459273,0.23125070758263186,0.19325099350589103,0.0130720815673527
2018-03-04,0.5332375404293783,0.852910549751557,0.6284322750291946,0.550995024875622,0.4684741210837782,0.40815439540944976,0.4193131068477096,0.5497312192217269,0.2649870891199665,0.8042194170773815,0.29512816486751714,0.2260303698836982,0.1986728439130437,0.012903404835907782
2018-03-11,0.5197592331246432,0.8259745184914437,0.6384730829097348,0.4804804804804803,0.4682135534044785,0.4684741210837782,0.4612737958968808,0.4193131068477096,0.2712215320910973,0.7847809056321954,0.29297928164867515,0.22118291344897414,0.2322250920725647,0.04593709518702561
2018-03-18,0.5136427434600254,0.8098109165936795,0.6745172563603824,0.5597579425113464,0.5192431883740555,0.4682135534044785,0.5294438539489172,0.4612737958968808,0.279386791355526,0.7702754888787153,0.29087337609420993,0.21504256740546376,0.2409609436764246,0.02020270731751947
2018-03-25,0.5093702386307166,0.7967578509419158,0.6903203630285906,0.5975794251134643,0.4794893369215498,0.5192431883740555,0.5291493745953432,0.5294438539489172,0.2875287877730476,0.7603314948768174,0.2888095886508341,0.20442340801697587,0.24551887591746163,-0.028399474521698
2018-04-01,0.498604091590676,0.7761101314214776,0.643893719557932,0.5318818040435458,0.40440987799284606,0.4794893369215498,0.5868202797488589,0.5291493745953432,0.29532184148696117,0.7496843108361931,0.28678707695632577,0.19374319176488947,0.23827640825605756,0.00819676720417849
2018-04-08,0.4888633111573434,0.7576125381176892,0.6512169111241204,0.5275974025974025,0.46094285498331067,0.40440987799284606,0.5418926490109309,0.5868202797488589,0.30223090701840083,0.7311250532057666,0.28480501549570764,0.18464541635072826,0.2434676952941183,0.047817874350492735
2018-04-15,0.4866927609977235,0.7492851342804211,0.6937373842329995,0.4934210526315788,0.5221485699148395,0.46094285498331067,0.45704194691525696,0.5418926490109309,0.30520855142252307,0.7220985282329353,0.28286259526430185,0.1819344597770116,0.2472517124191431,-0.031623188430512185
2018-04-22,0.47716628990055143,0.7322374580543347,0.6375174895851137,0.48051948051948046,0.3994299637820934,0.5221485699148395,0.5209324285149534,0.45704194691525696,0.30183543862097845,0.725882601492642,0.28095902343752416,0.20154548566780214,0.2359963309867723,0.00800004266707637
2018-04-29,0.46864107098018026,0.7170463175091557,0.6453427710343516,0.5064935064935068,0.46063895974147795,0.3994299637820934,0.5901037832145064,0.5209324285149534,0.2993230511550003,0.7293963838052268,0.279093523047282,0.19025126704930914,0.2408920524528887,-0.024194728587056992
2018-05-06,0.4556727629267767,0.6969566956186373,0.6018746527084626,0.49999999999999994,0.41090526642519787,0.46063895974147795,0.4514139199796893,0.5901037832145064,0.29560099564984754,0.713523804675938,0.2772653326648447,0.1895985973140223,0.2376852771121688,-0.10309550902697412
2018-05-13,0.4273906153381549,0.6585452254987256,0.4543795352371145,0.13636363636363663,0.2890212752068973,0.41090526642519787,0.5205889827176478,0.4514139199796893,0.2933910251936631,0.6853859301097776,0.27547370609005617,0.19227081983950337,0.2343529419608109,-0.13030454245442483
2018-05-20,0.3854359867008744,0.6031159815523698,0.332015882954518,0.0,0.24698942745026778,0.2890212752068973,0.46438268000967814,0.5205889827176478,0.28734268499779,0.62916335826412,0.2737179120467634,0.19721087407292143,0.23061059291453767,0.045347819978459256
2018-05-27,0.3572085632520572,0.5651662013451597,0.3789135714889491,0.26470588235294107,0.5183328904790839,0.24698942745026778,0.32663605294732034,0.46438268000967814,0.2837369437271733,0.5830277029103197,0.2693933368799076,0.2017980672896668,0.2343118294564427,0.038652154434279114
2018-06-03,0.3393921652501719,0.5408904827781009,0.41894921782006667,0.34313725490196073,0.5079895905036296,0.5183328904790839,0.27913395525752194,0.32663605294732034,0.281759601740061,0.546547711534294,0.26184112037663226,0.21425328633297744,0.24004313479512362,0.028039220064392908
2018-06-10,0.3286044145771037,0.5260250787376469,0.44831893346992113,0.40196078431372523,0.49159498968564846,0.5079895905036296,0.5857915108071715,0.27913395525752194,0.28013120245655665,0.5126734338279846,0.25474203686355346,0.21106661840036664,0.24295823358458257,-0.018605187831034358
2018-06-17,0.31679050188301483,0.5098465358390311,0.42823520758468314,0.3627450980392156,0.41953985194669585,0.49159498968564846,0.5741020783388731,0.5857915108071715,0.2776886035313002,0.48121874738641157,0.2480688983612594,0.19909231887240478,0.2378986176753768,-0.004705891037412728
2018-06-24,0.30630400987623185,0.49547376647632285,0.42302276045566023,0.352941176470588,0.4410111448653304,0.41953985194669585,0.5555737963049681,0.5741020783388731,0.2738502337916114,0.4560135230072836,0.24179614816910294,0.19043203119905439,0.23377236673020585,-0.00947874395454377
2018-07-01,0.296311436582516,0.48176454348299197,0.4120620317318435,0.33333333333333315,0.43363815869466976,0.4410111448653304,0.47414101676727216,0.5555737963049681,0.2691976644101705,0.4303811069274245,0.23589976298847593,0.1758337895144484,0.2301511328995038,-0.009569451016150672
2018-07-08,0.28681971211862484,0.4687075754605841,0.40064817533733965,0.3137254901960783,0.4334980366497585,0.43363815869466976,0.4984066988199101,0.47414101676727216,0.26512666620140973,0.4008723283182891,0.23035716091868652,0.16473698412421411,0.22652545447373496,-0.1390410484354922
2018-07-15,0.26118887257587203,0.4330682970730368,0.2700738798143313,0.07619047619047624,0.2334934872030617,0.4334980366497585,0.49007415271410604,0.4984066988199101,0.2576825551911043,0.3770704699127496,0.22514711497308443,0.1790198551451381,0.22167973470212046,0.09982033528221079
2018-07-22,0.2538225384290213,0.42265099588609867,0.38367336832118526,0.25714285714285706,0.6024806966212176,0.2334934872030617,0.48991579443529787,0.49007415271410604,0.25105264382255094,0.354968744250463,0.21832278444059589,0.17916942911729203,0.22961333689641705,0.0
2018-07-29,0.24820378757054587,0.41462456016672694,0.38367336832118526,0.3417721518987341,0.4482806899659022,0.6024806966212176,0.26388158101619796,0.48991579443529787,0.24535324633028582,0.333321725575217,0.21204440035070643,0.16701479550693565,0.23426016103879077,-0.040821994520255166
2018-08-05,0.23869355778825582,0.40090185732988004,0.3452472605731788,0.2602739726027395,0.3852198736611868,0.4482806899659022,0.6808907634236685,0.26388158101619796,0.23849070649266058,0.31960474041201087,0.2062682869880081,0.15982619125405687,0.23262843907487976,0.020619287202735825
2018-08-12,0.23422987638224485,0.39432235743127925,0.37007393671245414,0.3285714285714286,0.4801328593149702,0.3852198736611868,0.5066223414803804,0.6808907634236685,0.23279130900039546,0.3077930212399928,0.2009542626943256,0.1515119222365457,0.23592688418885305,-0.015424470325631752
2018-08-19,0.22911179955701605,0.3866999973615408,0.35462427949533215,0.30769230769230765,0.42445334636759835,0.4801328593149702,0.43535445257267585,0.5066223414803804,0.22953451043338685,0.29546219137229035,0.19606536034413774,0.14543066607440905,0.23327623880587064,-0.09220619386673375
2018-08-26,0.2142211213771512,0.36441558072420516,0.2747405443553085,0.04615384615384626,0.30584282229380766,0.42445334636759835,0.5426199228575347,0.43535445257267585,0.22744085421173849,0.29560257206148405,0.1915675701819649,0.14634033134034846,0.231378396712333,0.022472855852058576
2018-09-02,0.20582087711162955,0.35138244170870175,0.30243639545128154,0.10769230769230756,0.4829962067206224,0.30584282229380766,0.4796939796855673,0.5426199228575347,0.2247656268174099,0.2957329255585925,0.18742960323276592,0.1414480427764306,0.23330401752503835,-0.09920665008344803
2018-09-09,0.18862412384259358,0.3244235165065513,0.23098204268992245,0.07462686567164178,0.2950286891599555,0.4829962067206224,0.34564684632577536,0.4796939796855673,0.2191825435596808,0.31147472019861333,0.1836226736395028,0.14674002237753497,0.2303183607888934,0.053744276006690614
2018-09-16,0.18203676642711042,0.31327591193176396,0.29266369323289143,0.21538461538461512,0.5313035298961315,0.2950286891599555,0.545855921640426,0.34564684632577536,0.21394840300555984,0.32609210093577545,0.17740466535307953,0.14263875270230855,0.2329051151177901,0.034289073478632165
2018-09-23,0.18183992104336627,0.3120112353477482,0.3320016056477565,0.30769230769230765,0.5012496100127171,0.5313035298961315,0.3334253039484549,0.545855921640426,0.20987740479679906,0.33284650757752754,0.17180845789529858,0.13637172611555554,0.2348574035008964,0.0
2018-09-30,0.18265860573872797,0.31235221523843076,0.3320016056477565,0.3636363636363636,0.4482806899659022,0.5012496100127171,0.6004502187529948,0.3334253039484549,0.20592272082257423,0.32295964964732204,0.16677187118329567,0.13219148078198004,0.23589799432091865,0.02222313678471004
2018-10-07,0.18692595364768183,0.31825666370238465,0.35998696544729814,0.4528301886792449,0.48261044682772847,0.4482806899659022,0.5664849206645197,0.6004502187529948,0.20266592225556562,0.30914535949518596,0.12144259077526988,0.13240766564325496,0.23860086369593636,0.0
2018-10-14,0.19118426519510842,0.3242503740266583,0.35998696544729814,0.4705882352941175,0.4482806899659022,0.48261044682772847,0.5066223414803804,0.5664849206645197,0.19964175215762908,0.2963178043539166,0.12227674190382727,0.12441272624382019,0.24039147993348664,-0.011049836186584935
2018-10-21,0.19405579434051592,0.3281031545729196,0.34782710778083714,0.49999999999999994,0.43121117393297825,0.4482806899659022,0.5454199568876233,0.5066223414803804,0.19952543792309296,0.2715601045592429,0.12309421000981353,0.1227258316837781,0.23914588216600674,-0.1625189294977748
2018-10-28,0.17916840326975597,0.30292576470171717,0.21327348749258207,0.0,0.1972254321437249,0.43121117393297825,0.5066223414803804,0.5454199568876233,0.19405866889989992,0.27825150926523956,0.16437684003925418,0.1367312263136287,0.23479351244681068,-0.02649161544697634
2018-11-04,0.16584549609094962,0.2793935671193337,0.1971784335843738,0.13559322033898316,0.4073570919166197,0.1972254321437249,0.48733130714830913,0.5066223414803804,0.1881266429385628,0.29446527449688786,0.1633954857703631,0.13908184838239998,0.22854996752667728,0.0
2018-11-11,0.1565625018865041,0.2618777239798611,0.1971784335843738,0.14035087719298253,0.4482806899659022,0.4073570919166197,0.22289340689587583,0.48733130714830913,0.1831251308535139,0.3095209136405613,0.16088321884200202,0.1330688863899262,0.2352096376599429,0.01993421490081711
2018-11-18,0.15254723306956725,0.2529542751988541,0.22446126408259404,0.19298245614035076,0.47907457641883905,0.4482806899659022,0.4603727270544134,0.22289340689587583,0.17800730453392888,0.323501149988258,0.15847144259077528,0.12584628518564822,0.237048588868845,-0.06805346324501564
2018-11-25,0.14405222095658748,0.23568137458591631,0.1792214245271197,0.11864406779661006,0.34315336840731786,0.47907457641883905,0.5066223414803804,0.4603727270544134,0.1720752785725917,0.34656875407442467,0.15615613738959766,0.1273352665522944,0.23362569509300035,0.06805346324501557
2018-12-02,0.14545599635651454,0.23577522395253084,0.26756003136639384,0.2931034482758619,0.5534080115244864,0.34315336840731786,0.5414239093535237,0.5066223414803804,0.16928373694372717,0.3623634448201434,0.1523804884789009,0.12462005086458514,0.24877398622953334,-0.01993421490081714
2018-12-09,0.14594659799776966,0.23421861706280706,0.2524388945399021,0.24137931034482757,0.4174868035129653,0.5534080115244864,0.3878131868732034,0.5414239093535237,0.16567799567311048,0.37792367890300604,0.1488313785028459,0.12291834740305982,0.24070426831131497,0.05864872708150769
2018-12-16,0.1537032083991225,0.2461190526227318,0.32803832662896426,0.39655172413793105,0.538879805674402,0.4174868035129653,0.6254314960875573,0.3878131868732034,0.16509642450043033,0.38626167667140543,0.14549521512535424,0.12133819418878633,0.24500441403847573,-0.04531519621204249
2018-12-23,0.15641476736864984,0.24896127869944068,0.28907907633375485,0.2758620689655171,0.37827888584724634,0.538879805674402,0.4718207736072371,0.6254314960875573,0.16265382557517388,0.3682737328073571,0.14235922155051212,0.12724702329766058,0.24364659024555832,-0.013333530869465144
2018-12-30,0.15847068691970817,0.2506781582887565,0.2781194370649178,0.24137931034482757,0.42768337837605835,0.37827888584724634,0.6090125116654566,0.4718207736072371,0.1592807127736292,0.3552281340094613,0.13941138759016047,0.12535767894805847,0.24186097417745822,-0.006734032181344068
2019-01-06,0.1606550870134058,0.2527123865838538,0.2723992882225854,0.22413793103448282,0.4378781221499893,0.42768337837605835,0.427510127404994,0.6090125116654566,0.15579128573754852,0.35028605838471505,0.13664042366742996,0.12114458302081377,0.23477351176900996,-0.013605652055778709
2019-01-13,0.1622496676202131,0.25369906157126065,0.2604870887415244,0.18965517241379298,0.4272630122390185,0.4378781221499893,0.4833443853706908,0.427510127404994,0.15160397329425174,0.34569698816173655,0.13403571758006322,0.1131345812744915,0.23118727912445922,0.04683129968409899
2019-01-20,0.16935425397466547,0.26534763948594864,0.3292290793462337,0.3103448275862069,0.5206245335579811,0.4272630122390185,0.49486592773722515,0.4833443853706908,0.14823086049270712,0.3316437756912304,0.13158729385793855,0.11225326849797287,0.23859530795210282,-0.04000533461369925
2019-01-27,0.1720421958317987,0.26875056885335913,0.28977900914764765,0.23999999999999982,0.3864814298628368,0.5206245335579811,0.48286931053165993,0.49486592773722515,0.14439249075301835,0.31859436411147457,0.12928577555914134,0.10815663364010097,0.23462961800372123,0.08474122845509072
2019-02-03,0.18388533307938648,0.2899627645275774,0.4050214144569404,0.6756756756756757,0.5791868620881602,0.3864814298628368,0.588381400598223,0.48286931053165993,0.14520669039477052,0.2945384289233197,0.12712234835827196,0.10845045680024357,0.24513886303924742,0.054724899689246466
2019-02-10,0.20010402995200688,0.31974269972901115,0.47238765127417004,0.7555555555555552,0.5328183733190569,0.5791868620881602,0.43678019445961197,0.588381400598223,0.14753297508549096,0.2806553883927008,0.09322865554465161,0.11364070208274712,0.24985235610762363,-0.011904902506318314
2019-02-17,0.21224458161992327,0.34189587926802023,0.4566966773587613,0.7111111111111109,0.42989028844585925,0.5328183733190569,0.6545653444231496,0.43678019445961197,0.14962663130713932,0.25756936199212366,0.09433267909715408,0.11927978380784798,0.2448888545667381,-0.0745686954975085
2019-02-24,0.21439577708994698,0.3453845352734524,0.369646081407476,0.44444444444444436,0.3330887973571907,0.42989028844585925,0.6021622120176546,0.6545653444231496,0.1499755740107474,0.2295699273619431,0.09541462217860648,0.11959866449021334,0.24103150162311054,0.04417121831313746
2019-03-03,0.22134220005267755,0.35796121192220826,0.4243466650367851,0.5384615384615382,0.516515305073161,0.3330887973571907,0.4858385145447228,0.6021622120176546,0.1523018587014679,0.20518096321678891,0.09647492639842985,0.11825563148400034,0.24708892912482033,0.012270092591814401
2019-03-10,0.22863846895528261,0.37126371034697997,0.43963919843845845,0.5897435897435893,0.467235228176678,0.516515305073161,0.37643875860639825,0.4858385145447228,0.1536976295159001,0.18253406793914584,0.09751402453385673,0.11291068816435035,0.25874987985703957,0.0060790460763821925
2019-03-17,0.23546009788382932,0.38372300350815364,0.44760430228178805,0.6153846153846153,0.4576714513051216,0.467235228176678,0.5837373750953271,0.37643875860639825,0.15555865726847645,0.16150480803847722,0.09853234070657509,0.10466925351642795,0.2611082931143778,-0.006079046076382226
2019-03-24,0.24050094366115315,0.39290365349503753,0.43905782144405137,0.5897435897435893,0.43888992862668275,0.4576714513051216,0.5280437248791456,0.5837373750953271,0.1562565426756926,0.13787511273995634,0.09953029055583905,0.09783606102041897,0.25795207504254314,-0.1094338410454621
2019-03-31,0.23343974451059127,0.37958186229019364,0.31267526512399546,0.15384615384615372,0.2792299753012094,0.43888992862668275,0.5172352668292743,0.5280437248791456,0.15579128573754852,0.1404912678847225,0.10050828140811775,0.10214534093307198,0.24773617328142788,0.02020270731751947
2019-04-07,0.23028910438118053,0.3734145081393482,0.3402261123114385,0.2307692307692308,0.4794893369215498,0.2792299753012094,0.49600941613148647,0.5172352668292743,0.15590759997208453,0.14599464496370657,0.10146671244335088,0.10204897389522616,0.25502586476541705,0.01980262729617973
2019-04-14,0.23023819727551365,0.37305036868585784,0.3679045128699411,0.2702702702702703,0.47887130311331993,0.4794893369215498,0.3155704607962653,0.49600941613148647,0.15648917114476468,0.15110492367990597,0.10240597485787935,0.10032035372024561,0.2566303635845437,-0.0537041789718611
2019-04-21,0.22529497431146397,0.3633216857067479,0.31137278478039887,0.05405405405405387,0.3653197909520212,0.47887130311331993,0.5418926490109309,0.3155704607962653,0.15637285691022867,0.1438777569946389,0.10332645202411724,0.10199347940886827,0.2543391748275914,0.0204785313435407
2019-04-28,0.22389653512817115,0.36026878845771754,0.3405443133087409,0.20000000000000015,0.4799154231145878,0.3653197909520212,0.5411941809705983,0.5418926490109309,0.15579128573754852,0.1460894019879403,0.14842983316977426,0.09781011838029913,0.25957601896508714,-0.020478531343540676
2019-05-05,0.22129776022961956,0.3548317453299662,0.3187041378159815,0.12499999999999999,0.41664595681721667,0.4799154231145878,0.412864466446935,0.5411941809705983,0.1555586572684765,0.13858031245271019,0.14744847890088325,0.09638427359924193,0.25706537832670995,-0.03509131981127006
2019-05-12,0.21645699216981149,0.3448813498395078,0.28327850832656465,0.024390243902438935,0.39407247945304924,0.41664595681721667,0.5423741883447036,0.412864466446935,0.15323237257775607,0.1354129901966264,0.14648675171737002,0.09506027487397453,0.2552997629364106,0.007117467768863955
2019-05-19,0.21390836680342448,0.33927601446212163,0.29447891182555075,0.3076923076923076,0.4592755796767506,0.39407247945304924,0.47087049461605723,0.5423741883447036,0.1499755740107474,0.1551914498027721,0.14455269872423948,0.09792868872867841,0.26029993238659754,0.0
2019-05-26,0.2125190364609887,0.3358856600385025,0.29447891182555075,0.3720930232558138,0.4482806899659022,0.4592755796767506,0.4453591839270808,0.47087049461605723,0.1469514039128108,0.15696682579949173,0.14073724043179592,0.09485523814004182,0.2650478710667417,-0.014285957247476428
2019-06-02,0.210722643655468,0.3316068771681566,0.2782467082643443,0.3255813953488372,0.42621209345788186,0.4482806899659022,0.519048165064377,0.4453591839270808,0.14509037616023446,0.16022102199472943,0.1371507096368989,0.0870839102453653,0.26408117163970557,0.0
2019-06-09,0.20995897384531165,0.32935062928227693,0.2782467082643443,0.3255813953488372,0.4482806899659022,0.42621209345788186,0.5066223414803804,0.519048165064377,0.14241514876590594,0.163242775604593,0.1337793706896958,0.07904810895181805,0.2654417733045398,0.007168489478612497
2019-06-16,0.21067870771525582,0.33010151974074353,0.29270438931813825,0.3658536585365852,0.4593543967630742,0.4482806899659022,0.4816816195480361,0.5066223414803804,0.13962360713704142,0.1790901408127225,0.13061031207932483,0.07814283945287623,0.26827686938279577,-0.06644509940815274
2019-06-23,0.2058965760269456,0.3194662121711792,0.21586389014939272,0.14999999999999988,0.3456379294303525,0.4593543967630742,0.5066223414803804,0.4816816195480361,0.13566892316281665,0.1938055513631285,0.12763139698557613,0.0773022320610017,0.2639317221305833,-0.05491575759611465
2019-06-30,0.19818953800169054,0.30235209670106655,0.16637029139890097,0.0,0.36344817399746837,0.3456379294303525,0.5191372398287283,0.5066223414803804,0.13101635378137577,0.21664092866324264,0.12483121679745236,0.07570209980577061,0.25880654844414175,-0.032789822822990956
2019-07-07,0.1902754984826739,0.28420067271699245,0.14077820901897437,0.024390243902438935,0.3976277755748914,0.36344817399746837,0.3906211019835697,0.5191372398287283,0.12787586944890317,0.24478724831982657,0.12122352220144812,0.07339669446313701,0.2526307835987775,-0.05129329438755046
2019-07-14,0.18095829192602933,0.2622541169427407,0.10542813174537219,0.11538461538461531,0.3690440663503643,0.3976277755748914,0.41074926723114435,0.3906211019835697,0.12368855700560631,0.28387982666276435,0.11646132699798635,0.07453423392465328,0.24347158431480176,-0.017699577099400975
2019-07-21,0.17331026669666968,0.24313899295712935,0.09423386230677994,0.07692307692307665,0.4209388172021239,0.3690440663503643,0.44937718534052734,0.41074926723114435,0.11891967338962943,0.3201800779812067,0.10969892163457735,0.07231224757352805,0.24190597570250993,0.0
2019-07-28,0.16838833646280787,0.22950183920376235,0.09423386230677994,0.0909090909090906,0.4482806899659022,0.4209388172021239,0.4170734390055564,0.44937718534052734,0.11508130364994064,0.35721687969866855,0.10374800491477744,0.06942940628470709,0.24542331712352472,-0.12337902116050453
2019-08-04,0.15700568939405657,0.19993691988556583,0.028013599606462547,0.018518518518518455,0.2576878029525624,0.4482806899659022,0.47572205085867725,0.4170734390055564,0.10938190615767555,0.40143168130073803,0.0985111982013535,0.07330902821872537,0.2396303430282915,-0.07333127308554975
2019-08-11,0.1446844685109958,0.1663343720465516,0.0,0.01694915254237282,0.3350003371613801,0.2576878029525624,0.5066223414803804,0.47572205085867725,0.10321725172726635,0.44825665469817355,0.09141737333834556,0.07117455656088073,0.23737748890379062,0.07736353661348813
2019-08-18,0.14135276957263623,0.15349454229937498,0.11529491832972638,0.1473684210526315,0.5677899846096418,0.3350003371613801,0.2912246746847208,0.5066223414803804,0.0984948938051038,0.4665397598858406,0.08307126092511312,0.07525735220313992,0.24565332491823333,-0.05161104051107335
2019-08-25,0.13684882730109263,0.1369773152381199,0.08987405770387313,0.0596491228070175,0.3685532199289071,0.5677899846096418,0.3785990764454402,0.2912246746847208,0.0930746504757252,0.48351692898867427,0.07606052649799787,0.07216414629791812,0.24298823460128371,-0.08624125758306542
2019-09-01,0.12961414293257426,0.1122387815637404,0.05422615908962031,0.0,0.31505730962286504,0.3685532199289071,0.6416852162289791,0.3785990764454402,0.08674715611696561,0.5077251915600413,0.07017150957922104,0.07240624301590437,0.23940755770056651,0.21526036650637478
2019-09-08,0.1393582353704436,0.13240165088725886,0.3021670006525593,0.38951310861423216,0.7808096266205966,0.31505730962286504,0.41651871120016104,0.6416852162289791,0.08307162630562724,0.49405415605763314,0.0338567222767419,0.08410500259004339,0.24506719394379475,0.04550375538482629
2019-09-15,0.15177746304980255,0.16058943048976876,0.3488613421283613,0.4831460674157303,0.5185737756717815,0.7808096266205966,0.35606055642009915,0.41651871120016104,0.07997766766696905,0.47468929150460704,0.0338567222767419,0.08447766289963776,0.2559325621590509,-0.027053047471709953
2019-09-22,0.1608263652895492,0.18054602174130957,0.32778862630565464,0.4269662921348313,0.4064898054894035,0.5185737756717815,0.8824283761119336,0.35606055642009915,0.07641845209016675,0.45443381104522385,0.0338567222767419,0.08154543162172795,0.2512046241567075,-0.037248253880618934
2019-09-29,0.1664659903395469,0.19192829468490008,0.29998295830029287,0.4051724137931031,0.3907405005841309,0.4064898054894035,0.5860637460898506,0.8824283761119336,0.07344080768604459,0.4462752030890227,0.035976447497546624,0.07964221368358784,0.24793506891066863,0.01879754596750242
2019-10-06,0.17336378463488972,0.20715239456852913,0.32093722655619716,0.5148514851485149,0.47731867811829254,0.3907405005841309,0.4593925673234113,0.5860637460898506,0.07150999139274662,0.43869935284397865,0.037968989205103054,0.07295753039294373,0.2503723737304431,-0.018797545967502455
2019-10-13,0.17850636699373817,0.21805818820795717,0.30581130354561836,0.5802469135802465,0.4192427018135118,0.47731867811829254,0.4415935634707034,0.4593925673234113,0.06981180356852067,0.43166463475929506,0.039841978410206105,0.06675032448020277,0.24678169649082551,0.0
2019-10-20,0.18354635324297888,0.22903444284842897,0.30581130354561836,0.5802469135802465,0.4482806899659022,0.4192427018135118,0.5394394890375561,0.4415935634707034,0.06881150115151093,0.4268317004382799,0.041602588263002976,0.061806058666862305,0.25050960060313154,0.0
2019-10-27,0.18844852218413116,0.23996128646255002,0.30581130354561836,0.6527777777777775,0.4482806899659022,0.4482806899659022,0.47380519392320464,0.5394394890375561,0.06804382720357317,0.42234397571162285,0.043257561524632004,0.055575818200351006,0.2519029811565836,0.09064171796673731
2019-11-03,0.19984272375208156,0.26900000924889406,0.4228473452547391,0.9664429530201336,0.5883017936238357,0.4482806899659022,0.5066223414803804,0.47380519392320464,0.06843929560099564,0.3898467289638514,0.04481323639056331,0.057166709146432994,0.2544419560885119,0.16572003964141283
2019-11-10,0.22338177148696192,0.3306746352166903,0.5939520838147637,0.9999999999999999,0.7042809442565631,0.5883017936238357,0.5066223414803804,0.5066223414803804,0.07276618512573567,0.3780603197945709,0.046861150982752994,0.0707735751025961,0.25909433597471915,0.09116329405424856
2019-11-17,0.25097617885922124,0.4012517988626682,0.6692877911542324,0.8994252873563218,0.5891075115763762,0.7042809442565631,0.66486654199958,0.5066223414803804,0.07941935934119616,0.3915964326371878,0.0516451045792765,0.08668679505585214,0.26835464979646534,-0.11343592966337167
2019-11-24,0.2621313605820628,0.4290180594024446,0.5255029231153479,0.6695402298850575,0.27304764692320804,0.5891075115763762,0.7959398408760661,0.66486654199958,0.08335078046851373,0.4041656802767606,0.05975583727019511,0.09589029235128355,0.2652667673737832,-0.007535830688702848
2019-12-01,0.27026349401647515,0.4489758913858876,0.5174167127169866,0.6551724137931035,0.4366395234734631,0.27304764692320804,0.6657771204046411,0.7959398408760661,0.08774745853397538,0.41583712451350685,0.06689328203820351,0.0888646002614373,0.26235611317939106,-0.022954336069084435
2019-12-08,0.2746032935746636,0.45950294742907605,0.49240118864355775,0.6120689655172414,0.4128213943763395,0.4366395234734631,0.30858353106948655,0.6657771204046411,0.09270244492520992,0.400049259873288,0.0731742334340509,0.09037251215607206,0.26033993374219905,0.0
2019-12-15,0.2779191972697585,0.4674662693793025,0.49240118864355775,0.5161290322580645,0.4482806899659022,0.4128213943763395,0.4934661311907714,0.30858353106948655,0.09523809523809522,0.3853890998502275,0.11923454367026497,0.08603573831879982,0.26319280820072233,-0.03785941104342239
2019-12-22,0.2772002955998142,0.4657037693113826,0.45003558787008024,0.4301075268817204,0.38979639998273236,0.4482806899659022,0.4665481831217065,0.4934661311907714,0.09663386605252751,0.35362038142693464,0.118405299313052,0.08938484827774668,0.2604493818957198,0.053220696204909504
2019-12-29,0.2810492284620301,0.47486113715563766,0.5046441199353778,0.5519713261648744,0.5304947166549118,0.38979639998273236,0.5066223414803804,0.4665481831217065,0.09916951636541278,0.33640636796194034,0.11633837095191364,0.09003603135129748,0.2663623600577575,0.14847256891759686
2020-01-05,0.29788442811951193,0.5141881305284796,0.6367760086410087,0.9242424242424243,0.677637474337526,0.5304947166549118,0.4405265925572118,0.5066223414803804,0.10461302254169864,0.3460224292262043,0.06673209028459275,0.09818072923427806,0.27684104850219926,-0.04021989811190744
2020-01-12,0.3067313385286502,0.5340382374988071,0.5828271074540042,0.8106060606060606,0.386149977431244,0.677637474337526,0.599536142221797,0.4405265925572118,0.10912601484169628,0.35495162897159227,0.06770853778213935,0.10000668524332698,0.27249756797313684,-0.0068634449249824
2020-01-19,0.3125467354301432,0.5465607093709921,0.5738281171443481,0.7916666666666666,0.4376782085164206,0.386149977431244,0.7658288469883494,0.599536142221797,0.11375532137623,0.3632430287351668,0.06866545632973502,0.09596523808372512,0.26959635854326175,-0.10904037261622683
2020-01-26,0.3066025185290676,0.5327064735036494,0.45130288490928216,0.498069498069498,0.27983779568405226,0.4376782085164206,0.43640560503218057,0.7658288469883494,0.11663991439272338,0.3367604084612238,0.0696032365063788,0.1010638028049343,0.26590734463779053,-0.08659252881596713
2020-02-02,0.29430813657000293,0.5045851221422231,0.37868904278881965,0.2755905511811024,0.3145146744343724,0.27983779568405226,0.4946399962719637,0.43640560503218057,0.11826831367622766,0.3067328896963464,0.11555446516192346,0.10333947958630016,0.2564486907611869,-0.008410478508596404
2020-02-09,0.28370141782072333,0.4801137450121987,0.37225962194776296,0.17467248908296956,0.435288388964975,0.3145146744343724,0.31625738618129307,0.4946399962719637,0.11861725637983574,0.2788501937003888,0.11460255152109912,0.09496213444546225,0.2527107863099805,-0.03436764350420777
2020-02-16,0.27254105431770975,0.45408639267587775,0.34599448823665857,0.06696428571428549,0.3951903968698743,0.435288388964975,0.3554472997799688,0.31625738618129307,0.11608160606695044,0.2602181955351523,0.11366967615309127,0.09128101234285069,0.24759672411120598,-0.20280973371090055
2020-02-23,0.2497591208374701,0.3995462315610377,0.23098564517715553,0.032362459546925446,0.13498518560230494,0.3951903968698743,0.49193915279605793,0.3554472997799688,0.10959127177984039,0.2670019512522533,0.11169403729146223,0.10097591950912971,0.24074649196444992,0.13031423167274722
2020-03-01,0.24076156458705128,0.3772338118178152,0.3334394142348417,0.3177842565597667,0.6495869201484511,0.13498518560230494,0.44662259310791497,0.49193915279605793,0.10647405029427502,0.2800168285842129,0.10737708592737978,0.11555139739612377,0.24819730001961177,-0.2901914840572068
2020-03-08,0.21617589053313352,0.3141700988692018,0.21535576592497951,0.09803921568627448,0.0,0.6495869201484511,0.15255288109823595,0.44662259310791497,0.10035592155768024,0.3035396138575914,0.10129918598155056,0.1323640427137229,0.21334278550550878,0.0
2020-03-15,0.19749522547847598,0.263148113581082,0.2153557659249793,0.09803921568627448,0.4482806899659022,0.0,0.7341276433425437,0.15255288109823595,0.09458673552469347,0.32538220018287145,0.09271490035689893,0.1284700604802783,0.23484629201322932,0.012484556662245277
2020-03-22,0.1843194644801281,0.2244828202500355,0.22328788116846549,0.11029411764705885,0.467566527014678,0.4482806899659022,0.0,0.7341276433425437,0.0889338637262428,0.337758276960331,0.08498904329471248,0.1281324928288986,0.2422959889196245,-0.02512695007742176
2020-03-29,0.17361005132574028,0.19068988587880037,0.21458359187855275,0.0857843137254902,0.4094651935220958,0.467566527014678,0.5066223414803804,0.0,0.08360667178449298,0.3492503482536864,0.07803577193874466,0.12290162766167487,0.23498907462975133,0.17251964579963608
2020-04-05,0.17613687543829967,0.1945270438885412,0.33139369762069215,0.267156862745098,0.7147848091442861,0.4094651935220958,0.5284181407234909,0.5066223414803804,0.07920999371903135,0.3353777876198213,0.07177782771837361,0.1244370280589068,0.24905177342121038,0.0
2020-04-12,0.1791544811989144,0.20002242927798305,0.33139369762069215,0.270471464019851,0.4482806899659022,0.7147848091442861,0.46275518830101786,0.5284181407234909,0.0723707167283132,0.3172691974045759,0.06614567792003968,0.11930621101127015,0.26245611656839485,-0.07559152966640746
2020-04-19,0.17799621928624146,0.19310553975958697,0.2943183011228919,0.18610421836228283,0.33150874820983417,0.4482806899659022,0.8078107350348498,0.46275518830101786,0.06543838834996628,0.31310839076622937,0.06107674310153914,0.12355713162900225,0.24706670614948617,0.05394566289171495
2020-04-26,0.1813002799575884,0.19968542138787745,0.33294220828687815,0.27272727272727276,0.5316146274187279,0.33150874820983417,0.5066223414803804,0.8078107350348498,0.05918068253192822,0.3092447846020504,0.05651470176488867,0.11766959607786831,0.25634646507464975,0.021645866774692508
2020-05-03,0.18619916438797074,0.21146412045316346,0.349143724386313,0.3978102189781021,0.48171869426914454,0.5316146274187279,0.37465307339486537,0.5066223414803804,0.054900318701002634,0.2924482658902459,0.05240886456190322,0.1131860806785753,0.27480320166405636,0.052149458823410766
2020-05-10,0.19428848916667701,0.2334707122285318,0.3896791303238043,0.5606694560669456,0.5288398954114295,0.48171869426914454,0.6008018041744828,0.37465307339486537,0.052457719775746134,0.2768514985149989,0.015456329735034344,0.10656411163376053,0.28381295143890983,0.04956415801612099
2020-05-17,0.2047852606595552,0.2632803858913122,0.4289042911363403,0.6652719665271967,0.5248461861079794,0.5288398954114295,0.5444121468717932,0.6008018041744828,0.05071300625770579,0.2493652935399242,0.016138370951913644,0.10287384512333239,0.29244046603801577,0.028600614833215344
2020-05-24,0.21571741216077162,0.29470115328834295,0.4521273026865462,0.7767857142857142,0.49246221856084643,0.5248461861079794,0.5976659536728138,0.5444121468717932,0.049782492381417645,0.231141110343068,0.01781864573110893,0.10272544207189657,0.3060403713681408,0.009354605167220318
2020-05-31,0.22553491556737001,0.32293121407723885,0.46009571863278087,0.7991071428571427,0.46273145468197996,0.49246221856084643,0.5931524816366666,0.5976659536728138,0.05141089166492192,0.21421865451741579,0.020974257114818456,0.09685066149898744,0.31586681548652484,-0.009354605167220238
2020-06-07,0.2330360639393663,0.3443871819879406,0.45123646249567695,0.7767857142857142,0.4338299252498246,0.46273145468197996,0.5565538909938239,0.5931524816366666,0.05141089166492192,0.18916086449628988,0.023940531815505386,0.09385421285532883,0.3097943874764645,-0.009442940800282183
2020-06-14,0.23863692106348916,0.3603348431224511,0.4419382635909387,0.7544642857142853,0.43369346652958946,0.4338299252498246,0.5229538061642557,0.5565538909938239,0.05441179891595131,0.1640263867044272,0.02672883003415112,0.09025222800915536,0.3038008510288404,-0.019157674032933145
2020-06-21,0.24201953114940353,0.36986797817115924,0.4227209518375936,0.7098214285714284,0.4186863848072707,0.43369346652958946,0.4902908767965053,0.5229538061642557,0.05718007769790866,0.14262774264403943,0.0293498303596781,0.08444882304938015,0.2994318140781438,-0.02944275481670003
2020-06-28,0.24296006270369258,0.3723272915480324,0.3938233330615959,0.626168224299065,0.40279824417116183,0.4186863848072707,0.49013665860707983,0.4902908767965053,0.059483099541721915,0.12572835466110954,0.031813570665673474,0.08233822000926488,0.29243157684788207,0.02944275481669991
2020-07-05,0.2459700911528048,0.38086832382635283,0.4264195490441517,0.6560846560846558,0.4937631357606424,0.40279824417116183,0.4731764748402376,0.49013665860707983,0.06236769255821527,0.11003606581981745,0.034129486553309135,0.07791966958368657,0.29463276255473103,-0.039452848411800495
2020-07-12,0.2459081059581371,0.38047464723242036,0.3860145866026671,0.5380434782608693,0.3873348970022618,0.4937631357606424,0.45522056643060405,0.4731764748402376,0.0630655779654314,0.09763945004839625,0.03630644748768665,0.07299716165430198,0.2912259804360037,-0.010111309604320566
2020-07-19,0.2454367411480503,0.3788727635767833,0.37594312838903976,0.5108695652173911,0.4326609867874653,0.3873348970022618,0.5580241165301566,0.45522056643060405,0.06364714913811155,0.08839455581204492,0.038352790766001496,0.06760669318566873,0.2810367462452894,0.010111309604320474
2020-07-26,0.24598118386645085,0.38025444781928847,0.38859583978436985,0.46540880503144605,0.46390039314433895,0.4326609867874653,0.4377447363866465,0.5580241165301566,0.06513597134017259,0.07981001116400444,0.04027635344761746,0.06260125817908069,0.28308681571986605,0.010010093595100425
2020-08-02,0.24731528270867018,0.3839843538202844,0.4017586616023855,0.3846153846153843,0.4637440371348021,0.46390039314433895,0.48896980641782806,0.4377447363866465,0.06618279945099682,0.06294507673668032,0.04208450236833647,0.05959249074137265,0.2911554224893177,-0.01001009359510046
2020-08-09,0.24792167973089574,0.3855896050176507,0.3895403161624419,0.260869565217391,0.43281734279700224,0.4637440371348021,0.5242748765429326,0.48896980641782806,0.06688068485821295,0.04728478048273649,0.04378416235381233,0.05515949876652005,0.28561301244097714,0.0
2020-08-16,0.2486166169245242,0.3874714647085973,0.3895403161624419,0.10526315789473642,0.4482806899659022,0.43281734279700224,0.5240981715243379,0.5242748765429326,0.06699699909274896,0.03355695244731102,0.045381842740159634,0.05022358082709504,0.28926980303221383,-0.010111309604320566
2020-08-23,0.24870741625379872,0.3875732105491934,0.3759279670510659,0.05263157894736821,0.4326609867874653,0.4482806899659022,0.4891465114364229,0.5240981715243379,0.06641542792006884,0.023853873701221606,0.04688366230332612,0.04564022845477183,0.28545189586980446,0.010111309604320474
2020-08-30,0.24965502831094943,0.3902296780707173,0.3928387839975742,0.1428571428571423,0.46390039314433895,0.4326609867874653,0.5066223414803804,0.4891465114364229,0.06560122827831667,0.011485198448736328,0.07041216879293426,0.04220382664324785,0.28854755633385354,0.010010093595100425
2020-09-06,0.251263133393563,0.3948717546637606,0.4102279437912667,0.24999999999999922,0.4637440371348021,0.46390039314433895,0.48896980641782806,0.5066223414803804,0.0647870286365645,0.0,0.069946025515211,0.037373745606994725,0.29453831490956084,-0.020121403199421063
2020-09-13,0.25137363048592926,0.39507609388262216,0.3783262412417795,0.4680851063829784,0.41719763961856526,0.4637440371348021,0.5242748765429326,0.48896980641782806,0.06385651476027636,0.015929242681111372,0.0694892051030422,0.04174000744274207,0.285939134604006,0.03984590854719978
2020-09-20,0.25430305335268183,0.40368628745979507,0.4492844326124137,0.6808510638297871,0.5098336725900777,0.41719763961856526,0.5240981715243379,0.5242748765429326,0.06350757205666828,0.02686931183001004,0.06821110893032385,0.040221329343343944,0.29655949451620306,0.009718249468921346
2020-09-27,0.25741089026570424,0.412829531438428,0.46617185543775896,0.734042553191489,0.4632932034838041,0.5098336725900777,0.47149397637387047,0.5240981715243379,0.06350757205666828,0.022246920293472833,0.06698413660451423,0.03799156000255526,0.3004007358027133,0.17682614939695876
2020-10-04,0.27326925453289425,0.4589743941203767,0.6980328284168285,0.793427230046948,0.7214373903191627,0.4632932034838041,0.576186159151253,0.47149397637387047,0.06618279945099682,0.055435862998880814,0.037536800785083424,0.05542678421446665,0.31971805711193546,0.030329539434734452
2020-10-11,0.28815410970488564,0.5008608902222885,0.7269858139146214,0.8826291079812205,0.49513301889734157,0.7214373903191627,0.5235886639657943,0.576186159151253,0.06895107823295414,0.0862541669396168,0.03858194308145242,0.05358613380159483,0.32757165659502907,-0.04666977228062393
2020-10-18,0.29571697674621367,0.521380293501829,0.6307022655592306,0.7464788732394365,0.37618636994655474,0.49513301889734157,0.8153291187777689,0.5235886639657943,0.07150999139274662,0.09696646055855407,0.03960618253189403,0.05761393615764691,0.3210503244832186,0.0622707127231036
2020-10-25,0.30650904596103307,0.549895808577857,0.6935063143179346,0.9082568807339447,0.5444749602935539,0.37618636994655474,0.5595722836000383,0.8153291187777689,0.07509246981645613,0.11412145242312843,0.04060993719332681,0.059714901848428655,0.332670718285453,0.05276280236691048
2020-11-01,0.31917566038910405,0.5821201973539557,0.7409459443432618,0.9999999999999999,0.5297873734801243,0.5444749602935539,0.42514528027032505,0.5595722836000383,0.07937283364738175,0.13523745830376094,0.0426263640431796,0.060846230312807,0.34494446756251185,0.18574203410878645
2020-11-08,0.3470108053069805,0.6498938308497203,0.8650689064644888,0.8322147651006709,0.7352104304318305,0.5297873734801243,0.6153358496935012,0.42514528027032505,0.08677041896387276,0.1981782459071334,0.04575082341746811,0.08894250180134264,0.3728665249211223,-0.1286652029733496
2020-11-15,0.3547309551267038,0.6656831103771494,0.6474569446803056,0.6107382550335569,0.24952183888905374,0.7352104304318305,0.5987367416152968,0.6153358496935012,0.09198129667108661,0.256623262967408,0.05386700877076349,0.09946010003366465,0.3584460362267832,0.020590981443927153
2020-11-22,0.361778907944199,0.6790755472292784,0.6624610399686232,0.6442953020134229,0.480089133272733,0.24952183888905374,0.8308946561461392,0.5987367416152968,0.09754111708190848,0.2893772547628596,0.06133389929579523,0.10611208190512855,0.3670779954209559,-0.04161488123563429
2020-11-29,0.3622296052470835,0.6768965918849392,0.6055240334461689,0.5771812080536912,0.383995041702421,0.480089133272733,0.2819959482931957,0.8308946561461392,0.1025193663200502,0.3197916757157788,0.06820343857882445,0.10573237622642159,0.3584699259252675,-0.03605293134372973
2020-12-06,0.35817196389760325,0.6646655589626134,0.5601311064697047,0.5212527964205815,0.3925870055334727,0.383995041702421,0.5425705060738147,0.2819959482931957,0.10679973015097584,0.3202364061629349,0.07452341471921133,0.11095285647164294,0.34869181677823524,0.03605293134372977
2020-12-13,0.3572842636406951,0.6598667873727536,0.5910828712674123,0.5771812080536912,0.5039743743983317,0.3925870055334727,0.4339702144184133,0.5425705060738147,0.11154535092004557,0.3206493701495799,0.0789990186457311,0.1061295399385899,0.3581932498823571,0.0
2020-12-20,0.35556231454543175,0.653365841612074,0.5910828712674123,0.5367647058823528,0.4482806899659022,0.5039743743983317,0.44368038247033914,0.4339702144184133,0.11652360015818734,0.3210328367086074,0.0789990186457311,0.09919204126956938,0.3617150358984388,0.007057192309998979
2020-12-27,0.35387196247177216,0.6471220574084209,0.5977922073076344,0.5195822454308096,0.45918246762566545,0.4482806899659022,0.5695643004904218,0.44368038247033914,0.12115290669272104,0.32413836988533484,0.08445534838076547,0.09275007821976455,0.36747967570012097,0.04132819549284594
2021-01-03,0.3555535663325379,0.648360967087867,0.6374517607767914,0.5871313672922253,0.5121234731225797,0.45918246762566545,0.5066223414803804,0.5695643004904218,0.12636378439993484,0.34187015899439144,0.08947517173699708,0.09496393787270735,0.3707725650702607,0.020040750883445972
2021-01-10,0.3578610901371078,0.6508545383115245,0.6564758502088364,0.5628930817610063,0.47923915059286837,0.5121234731225797,0.5189429349119375,0.5066223414803804,0.12959732012003627,0.3583353917385155,0.09409340922473013,0.09210225520235443,0.37685332669607136,-0.03362791642975445
2021-01-17,0.35530801103379117,0.6429798606486854,0.5980380174414888,0.48427672955974843,0.3963331091186494,0.47923915059286837,0.5787739665970464,0.5189429349119375,0.1318072905762207,0.3709699112981073,0.09834218771344456,0.08862541018853631,0.36941640800049336,0.03362791642975443
2021-01-24,0.3556317365009577,0.641352588576095,0.6327739292187543,0.5173611111111109,0.500228270813155,0.3963331091186494,0.5416099020925825,0.5787739665970464,0.1352734547653942,0.38402899836677606,0.10225106392306184,0.08457734299864333,0.3770344439450448,-0.047402238894583906
2021-01-31,0.3502186303157595,0.6278311376529624,0.5540099097495893,0.37410071942446044,0.3750548734791455,0.500228270813155,0.447914024053015,0.5416099020925825,0.1370181682834345,0.3821697976012426,0.14720314033366044,0.08409669645913301,0.3637595496291819,0.0
2021-02-07,0.34503165530317437,0.6150857559062145,0.5540099097495893,0.37410071942446044,0.4482806899659022,0.3750548734791455,0.5653306589077458,0.447914024053015,0.13794868215972267,0.3724289724424903,0.14625122669283608,0.08283081356681157,0.3769461076180915,0.00691087753984701
2021-02-14,0.3407465468469096,0.6044852005410644,0.5624399885737027,0.5369458128078818,0.45895644415592435,0.4482806899659022,0.4238665247884879,0.5653306589077458,0.13576197455044542,0.3633839205093632,0.1442382728164867,0.07509880489316104,0.3945261478305654,0.006863444924982429
2021-02-21,0.337216862142249,0.5956700324200885,0.5712493380562345,0.6951219512195121,0.4588831714153839,0.45895644415592435,0.5066223414803804,0.4238665247884879,0.1359946030195175,0.3587320702014597,0.14230583709519135,0.07037778729881397,0.4053676263473373,-0.03479822225653647
2021-02-28,0.3303257333863428,0.5800539370774634,0.5081389999865935,0.5426829268292681,0.3945252493697481,0.4588831714153839,0.5186874955364907,0.5066223414803804,0.13529671761230133,0.3299944034933622,0.1404506988027478,0.07173096298635329,0.40053024019147315,0.0
2021-03-07,0.32420746316228444,0.5662571380300401,0.5081389999865935,0.5426829268292681,0.4482806899659022,0.3945252493697481,0.5186046866887972,0.5186874955364907,0.1352967176123014,0.3054878454305113,0.13755849495112854,0.06888964202518766,0.4095038776314086,0.027934777331554066
2021-03-14,0.32142678248851814,0.5595937395808259,0.5496891826302543,0.49999999999999994,0.4914336491125747,0.4482806899659022,0.44587087974732076,0.5186046866887972,0.13634354572312557,0.28273175580072113,0.13483982333060646,0.06543170431275772,0.41408069940147973,0.0
2021-03-21,0.31863036134189504,0.553000806595421,0.5496891826302543,0.49999999999999994,0.4482806899659022,0.4914336491125747,0.5066223414803804,0.44587087974732076,0.13680880266126966,0.2616011011444875,0.13228427200731568,0.059762057405744314,0.41763526430617925,-0.0069108775398470275
2021-03-28,0.3151878885308884,0.5451622030703467,0.5345414492479116,0.4545454545454546,0.43760493577588,0.4482806899659022,0.5553914580050233,0.5066223414803804,0.13715774536487774,0.24460275527262693,0.12988205376342243,0.05613652177478417,0.41576186748550925,0.0
2021-04-04,0.31194406777768263,0.5378331209919319,0.5345414492479116,0.4545454545454546,0.4482806899659022,0.43760493577588,0.5066223414803804,0.5553914580050233,0.1373903738339498,0.21617984745184504,0.1276239686141627,0.056048225968568614,0.4189336416400778,0.0474022388945839
2021-04-11,0.3135519647457151,0.5406188470445028,0.6142655444383267,0.8947368421052626,0.5215065064526588,0.4482806899659022,0.49455718742427013,0.5066223414803804,0.13773931653755783,0.20327079567661605,0.12550136857385857,0.05514666875716375,0.42456772146167177,-0.020040750883446038
2021-04-18,0.312286867121079,0.5374641682410106,0.564153098662273,0.7368421052631579,0.4173222293389359,0.5215065064526588,0.5066223414803804,0.49455718742427013,0.1373903738339498,0.18522677596047304,0.12350612453597269,0.056768213234901964,0.4182669523800529,-0.07712299757020158
2021-04-25,0.30346056541529887,0.518792829244998,0.4122942503672248,0.44444444444444464,0.3291429741389516,0.4173222293389359,0.589378158172273,0.5066223414803804,0.13634354572312557,0.19183908248261505,0.12163059514035994,0.06958397493625543,0.4046587134341775,0.06353583202389328
2021-05-02,0.30212257669954395,0.5156903084682984,0.5139154971836407,0.756944444444444,0.5464292855725664,0.3291429741389516,0.4716347808681782,0.589378158172273,0.13576197455044542,0.19797908139603265,0.11831820444767875,0.07263298800381551,0.4169457964964368,-0.03479822225653647
2021-05-09,0.29734852355252617,0.5055169679340625,0.4543439875710852,0.583333333333333,0.3945252493697481,0.5464292855725664,0.3719794048072328,0.4716347808681782,0.13541303184683734,0.20368050895849188,0.11527080501041205,0.06890766843576929,0.41494295084444527,0.021023899791707094
2021-05-16,0.29526150175589844,0.5009647889256317,0.486846386725327,0.6874999999999999,0.48075789492255255,0.3945252493697481,0.617544521338365,0.3719794048072328,0.13541303184683734,0.20260874087348546,0.11246719752812669,0.0654484431225835,0.4190247558389479,0.0
2021-05-23,0.29330672537891533,0.4967188758929614,0.486846386725327,0.6874999999999999,0.4482806899659022,0.48075789492255255,0.44587087974732076,0.617544521338365,0.13529671761230133,0.20161352765169377,0.10988787864442413,0.06059716883478727,0.4209981560486216,0.0
2021-05-30,0.291477836739568,0.49276163155215086,0.4868463867253269,0.6874999999999999,0.4482806899659022,0.4482806899659022,0.5433263039489131,0.44587087974732076,0.13506408914322932,0.20068940108860156,0.10751490527141781,0.05609241413897648,0.4231093387053672,-0.0069589703243034574
2021-06-06,0.28910283269753617,0.48769680768670254,0.47241046844532364,0.6527777777777778,0.4375306432215394,0.4482806899659022,0.5066223414803804,0.5433263039489131,0.13529671761230133,0.19608585633159886,0.08022571148184494,0.051909427635723614,0.4209225979324855,0.013869847864150377
2021-06-13,0.288323788332651,0.4859628235810707,0.499109259194207,0.7222222222222219,0.46970649090028704,0.4375306432215394,0.5066223414803804,0.5066223414803804,0.13576197455044542,0.1946350372708674,0.08073601570166831,0.048844794131193504,0.4223737582218064,-0.0069108775398470275
2021-06-20,0.2868072554276695,0.4827141856949487,0.4831219840359702,0.6874999999999999,0.43760493577588,0.46970649090028704,0.494473226038743,0.5066223414803804,0.1356456603159094,0.1932878481430454,0.08123611383709518,0.0451794947713537,0.4192903203941911,0.020590981443927153
2021-06-27,0.2873925502665387,0.4838251315953075,0.5249781239007562,0.7916666666666667,0.480089133272733,0.43760493577588,0.530836610978128,0.494473226038743,0.13587828878498148,0.1756421473882716,0.08172621000981355,0.04505427550260704,0.42189874212403866,0.03995205101171497
2021-07-04,0.291614668514103,0.49238469924608363,0.5991004168910861,0.9664429530201342,0.5099976388669729,0.480089133272733,0.49455718742427013,0.530836610978128,0.13692511689580572,0.16006219639204627,0.08288306936211971,0.0449380004673423,0.42722781160917117,-0.05363215491579525
2021-07-11,0.2893198104708062,0.48754891506451475,0.4724157078294656,0.6979865771812078,0.3654310519480226,0.5099976388669729,0.5425705060738147,0.49455718742427013,0.13704143113034173,0.1378262919781706,0.08491695468027478,0.04646916728872017,0.4259805471185412,0.027175585378964816
2021-07-18,0.28993226073856493,0.4886769626972355,0.5214949355004533,0.832214765100671,0.49026086799727436,0.3654310519480226,0.5763714648781867,0.5425705060738147,0.13680880266126966,0.11717866645100028,0.08682880687934054,0.044612692057466465,0.42688446664025836,-0.013495481474884509
2021-07-25,0.28882201257889395,0.48628977789089634,0.49176160580882744,0.7651006711409397,0.427433201051339,0.49026086799727436,0.4129902075452499,0.5763714648781867,0.13669248842673365,0.09800587131862787,0.08862594794646235,0.041249685702892884,0.42483606388883177,-0.013680103904080266
2021-08-01,0.28637472431978006,0.4811926205423714,0.4621893316236132,0.5714285714285711,0.4271480008490934,0.427433201051339,0.554066044869957,0.4129902075452499,0.13762300230302182,0.08420090200310071,0.09031526054955684,0.038946462336422134,0.4220648588646615,0.0
2021-08-08,0.2842389617107763,0.47674867656888337,0.4621893316236132,0.35714285714285704,0.4482806899659022,0.4271480008490934,0.4830616486281282,0.554066044869957,0.13750668806848582,0.07544223409292705,0.09190321439646566,0.03516861842771841,0.42396492325573254,0.013680103904080176
2021-08-15,0.28370278594426623,0.4755844697748748,0.49178224787185176,0.5000000000000007,0.46941337908271086,0.4482806899659022,0.48273933094305616,0.4830616486281282,0.13820457347570198,0.06261110522717675,0.09339589101255995,0.03166062051249353,0.4259805471185412,0.013495481474884509
2021-08-22,0.2844259579975621,0.4769891808213107,0.5208734857941022,0.6428571428571428,0.46912817888046543,0.46941337908271086,0.5066223414803804,0.48273933094305616,0.13878614464838207,0.0503119859461178,0.09479900703168857,0.02758362562843713,0.42723947867122164,0.0
2021-08-29,0.28479638242901856,0.47766851991317505,0.5208734857941021,0.6428571428571428,0.4482806899659022,0.46912817888046543,0.5305053520177045,0.5066223414803804,0.13936771582106217,0.03485868879455001,0.0961179360896695,0.02461741291316092,0.429300104059082,0.0066800515603737875
2021-09-05,0.28555180371237776,0.47912163716209377,0.5365690838841277,0.7142857142857141,0.4585998698419796,0.4482806899659022,0.5301830343326326,0.5305053520177045,0.14006560122827827,0.029118122642896843,0.09735772940417158,0.022682640783180587,0.4454550959782526,-0.006680051560373911
2021-09-12,0.28526907705169385,0.47847014213247624,0.5154017377780356,0.6428571428571428,0.4379615100898246,0.4585998698419796,0.5066223414803804,0.5301830343326326,0.14076348663549443,0.023787596930647498,0.09852313511980353,0.020066498413994112,0.44355780945909834,0.0
2021-09-19,0.28484179600576864,0.47753109379184333,0.5154017377780356,0.6153846153846155,0.4482806899659022,0.4379615100898246,0.5182845147302994,0.5066223414803804,0.14122874357363852,0.01883782305498738,0.09961861649249755,0.016817655108401962,0.47128430463476817,0.07113534686459831
2021-09-26,0.2916275911549632,0.49103380889694215,0.6732346646306373,0.904761904761905,0.5581688297816784,0.4482806899659022,0.4949601682304613,0.5182845147302994,0.14308977132621487,0.05820952240624197,0.10064836898282993,0.022816122772318294,0.48945992058619764,0.19657652392948802
2021-10-03,0.3198283067181163,0.5457043836638332,0.8878983273350323,0.7551020408163265,0.7519472846783707,0.5581688297816784,0.5066223414803804,0.4949601682304613,0.1486495917370368,0.14807700978028088,0.10272407551915937,0.06002146285197136,0.5151513467956415,0.2588076513526439
2021-10-10,0.37966111161196736,0.6535329753350427,1.0,0.9647266313932981,0.8480804046051733,0.7519472846783707,0.6308119127479417,0.5066223414803804,0.16021122664991738,0.24486238006242855,0.1106476938174681,0.10768237061606756,0.6029320993655896,-0.0362796740806489
2021-10-17,0.4192669141572396,0.717165256596724,0.9111840368893798,0.8853615520282184,0.39223673891251687,0.8480804046051733,0.849809734304074,0.6308119127479417,0.17165654732826202,0.33473450961013707,0.12536800785083418,0.12915493051755142,0.5793835235527427,-0.1028094938662209
2021-10-24,0.4327233080143843,0.7342582821730135,0.7156043088438536,0.6754850088183421,0.2894631044150139,0.39223673891251687,0.958454133675449,0.849809734304074,0.17986833228650523,0.4184039536382489,0.13941118743866537,0.14663503139488657,0.5392360518884252,0.00453927243341913
2021-10-31,0.44204549251632685,0.743802957814874,0.7187682630204032,0.6843033509700174,0.45529284673200215,0.2894631044150139,0.44328453027410786,0.958454133675449,0.1884290599483564,0.4504720282558028,0.15176918547595686,0.15631000765020286,0.5497814092588693,0.07753119526087557
2021-11-07,0.4592042572470544,0.7642910066076924,0.7713630461721899,0.841269841269841,0.5680489795776498,0.45529284673200215,0.3271353841765273,0.44328453027410786,0.19929280945402095,0.4873237826685265,0.1626442237487733,0.15791779993658267,0.5626674015063844,-0.03757914424916037
2021-11-14,0.46460262563378174,0.7662461281923175,0.7067778649377298,0.7615658362989323,0.3902293492552257,0.5680489795776498,0.5145470979090797,0.3271353841765273,0.20913299369576843,0.5264536163219135,0.17173699705593715,0.16432815940773507,0.5393593894015297,0.03757914424916033
2021-11-21,0.4724398272223449,0.771398469352216,0.7340016211857644,0.8369565217391302,0.5063320306765787,0.3902293492552257,0.6419779181901852,0.5145470979090797,0.21976411473236085,0.5627884618572013,0.18021589793915604,0.16454365832008644,0.5475907794653041,-0.016054421709874263
2021-11-28,0.47371208107844875,0.7670273900270641,0.7056521308333984,0.8025362318840579,0.4234802129136975,0.5063320306765787,0.4410158881683823,0.6419779181901852,0.2297206132086444,0.5883430733317982,0.1876773307163886,0.15736765021657023,0.5323974868037195,0.007636863590344971
2021-12-05,0.4735536483680187,0.7608373241769324,0.7118507492128666,0.8171846435100548,0.460077929607781,0.4234802129136975,0.5722287947923785,0.4410158881683823,0.23988647730709284,0.5962897152822334,0.1942433915603533,0.1548020553629002,0.5996219871895658,0.01259991469700782
2021-12-12,0.4730748177987406,0.7544435920169373,0.7225392855855449,0.8431734317343172,0.46774472927855376,0.460077929607781,0.47859419742854964,0.5722287947923785,0.2502849698746132,0.6094237227554666,0.19970559371933266,0.15078058078751144,0.6099617820381691,-0.046122606735651495
2021-12-19,0.4631653134583812,0.7357468348215859,0.6354981122787462,0.743542435424354,0.37703161786560624,0.46774472927855376,0.5199549371155581,0.47859419742854964,0.25954358294368063,0.6138090151665196,0.19970559371933266,0.14868549089305988,0.6043782594854603,-0.008779687652045837
2021-12-26,0.45183720282545736,0.7158435070388779,0.6199625374559748,0.7225325884543761,0.4347180437320508,0.37703161786560624,0.5286195351850475,0.5199549371155581,0.268569567543676,0.6011597100148066,0.24239450441609417,0.14280612268402937,0.5988008482509686,0.03806687992383453
2022-01-02,0.4467150880631069,0.7048321226168954,0.6593529993019307,0.7798742138364777,0.5070854727890317,0.4347180437320508,0.42610053328359637,0.5286195351850475,0.27733966082769207,0.5956530731576288,0.2414671246319921,0.14291977343680742,0.6014087144064326,0.012653057886384052
2022-01-09,0.44265318534836284,0.695596250170939,0.6723448569390499,0.7337278106508874,0.4678268235745941,0.5070854727890317,0.4912945797778041,0.42610053328359637,0.28241096145346267,0.5965993349542628,0.24055829244357207,0.1364687602907493,0.606643336246395,0.0
2022-01-16,0.43747146029089007,0.6852183102397092,0.6723448569390499,0.6874999999999999,0.4482806899659022,0.4678268235745941,0.5730802938993552,0.4912945797778041,0.2807825621699583,0.5955091257128358,0.2396676368989205,0.12883939730100014,0.6141530351861924,-0.004199922175325793
2022-01-23,0.4308058451115655,0.673259228650793,0.6626718947936625,0.6701388888888891,0.4417927531586767,0.4482806899659022,0.5287123136727518,0.5730802938993552,0.28008467676274224,0.5772610089848927,0.23879479446516194,0.12831153479844223,0.6104334646896368,-0.07333127308554975
2022-01-30,0.41253731795208637,0.6466323431575958,0.5170070883952887,0.4224806201550386,0.3350003371613801,0.4417927531586767,0.5066223414803804,0.5287123136727518,0.28020099099727824,0.5513783834979062,0.23793940888007847,0.13109964975431454,0.6058366422417649,0.00901719365018886
2022-02-06,0.3978994223099467,0.625225012797873,0.5293516863337363,0.15243902439024398,0.46221022964276587,0.3350003371613801,0.4992900298055159,0.5066223414803804,0.28043361946635026,0.5255348843114246,0.23710113100669677,0.12975468604915613,0.6077978198150049,0.017794063800467896
2022-02-13,0.3876040270305876,0.6098860463119339,0.5543351041546426,0.27439024390243877,0.4757685234689644,0.46221022964276587,0.3785990764454402,0.4992900298055159,0.2790611114988252,0.5015373493525488,0.23540903866142399,0.12194924519215697,0.6090489733263182,0.013140793561058328
2022-02-20,0.3801626146347973,0.5985707267275486,0.5730587575653796,0.3896103896103895,0.4685802656870472,0.4757685234689644,0.522364746104977,0.3785990764454402,0.2790611114988252,0.48206663463371247,0.23378463000996214,0.11388176757645307,0.6116685065438329,-0.026456569536830468
2022-02-27,0.369051744244189,0.5826625560857552,0.519372847330348,0.22388059701492455,0.4074112299793947,0.4685802656870472,0.5376875889542422,0.522364746104977,0.27733966082769207,0.44974654142850445,0.23222519770455874,0.11130794785281348,0.6095101000645022,0.026456569536830465
2022-03-06,0.3631796111697677,0.5738534173622744,0.5596152608558516,0.4477611940298505,0.4891501499524097,0.4074112299793947,0.5295638127797286,0.5376875889542422,0.276758089655012,0.42135589321665157,0.23072814269137149,0.10727883589816731,0.6174459245563322,0.029161586129631097
2022-03-13,0.36201129075987304,0.5713337363621056,0.6021331147522396,0.7014925373134324,0.49332879326625284,0.4891501499524097,0.4604339109348264,0.5295638127797286,0.27675808965501186,0.408538556351587,0.22929096987871173,0.11156928648977346,0.6216332886836721,-0.004235499766854815
2022-03-20,0.35935002588313547,0.5669250704013447,0.5922348136536377,0.7177419354838698,0.4417377937675362,0.49332879326625284,0.5528107720259345,0.4604339109348264,0.27629283271686783,0.39809806914817003,0.22791128397855837,0.10489888909446074,0.6192770977238673,0.029278544732518227
2022-03-27,0.3608741024340937,0.5679905264258719,0.6357726340598453,0.8611111111111114,0.49350946804852647,0.4417377937675362,0.5575332463757254,0.5528107720259345,0.277897969153465,0.36720268580500526,0.19479882237487733,0.11263760888029342,0.6214271705874477,-0.032679908556008365
2022-04-03,0.35580923024693123,0.560590531096823,0.5576837574903523,0.5902777777777777,0.3977975684397652,0.49350946804852647,0.4992279177046621,0.5575332463757254,0.27882848302975316,0.33851411555778077,0.1955053974484789,0.1157257217246859,0.6201387935924495,-0.017182553319997015
2022-04-10,0.34816902786892506,0.5499963423472765,0.520160282136945,0.451388888888888,0.4217375028607089,0.3977975684397652,0.5577374351424753,0.4992279177046621,0.2782701747039802,0.3169429056198911,0.19619784102060844,0.11367584558925062,0.6193076543149518,0.029037052854545557
2022-04-17,0.3457865287545213,0.5462761017792551,0.5681591427069792,0.6875000000000003,0.4931364173160749,0.4217375028607089,0.4495690759588262,0.5577374351424753,0.2781538604694441,0.2969124963918507,0.19687643572129537,0.10767454793532283,0.6205210287681971,0.004199922175325774
2022-04-24,0.34369005670336894,0.5429764579406986,0.5750821836258388,0.7222222222222218,0.4547686267731277,0.4931364173160749,0.47662468174935846,0.4495690759588262,0.2781538604694442,0.2822275375726017,0.19754145852796862,0.10046277790255187,0.6247389494866216,-0.004199922175325793
2022-05-01,0.3405103964844096,0.5383464909978893,0.5643243403092636,0.6875000000000003,0.4417927531586767,0.4547686267731277,0.5573158335883688,0.47662468174935846,0.2781538604694441,0.2540579868702832,0.19819318087850835,0.09786397554314527,0.6240305921478451,0.0
2022-05-08,0.3371839074434511,0.5335911857793114,0.5643243403092636,0.6875000000000003,0.4482806899659022,0.4417927531586767,0.5139546531552449,0.5573158335883688,0.2801079396096494,0.24374987875925774,0.1988318687820373,0.09708993842067715,0.6273445933445523,0.004199922175325774
2022-05-15,0.3344458777154948,0.5296408815743215,0.5727892148591612,0.7122302158273379,0.4547686267731277,0.4482806899659022,0.4992900298055159,0.5139546531552449,0.28194570451531853,0.23170820148293436,0.19945778292749566,0.09719075791259008,0.6380838461747871,-0.041940250158172876
2022-05-22,0.3250117499576027,0.5172421054237267,0.460923837489431,0.5527638190954771,0.383492419767932,0.4547686267731277,0.5066223414803804,0.4992900298055159,0.2821783329843906,0.234395810374329,0.23012757605495582,0.1128561727335417,0.6336998087157398,-0.04469018895781674
2022-05-29,0.3103057854904498,0.49813693329861564,0.368380752906577,0.30150753768844196,0.37924438173031216,0.383492419767932,0.5139546531552449,0.5066223414803804,0.2808988764044943,0.23689144720205246,0.2291511285574092,0.11592867387413072,0.6254378620608809,-0.04200337458562927
2022-06-05,0.29230264139814416,0.4746688249868197,0.29899620874402744,0.2268907563025213,0.38339490670001486,0.37924438173031216,0.43340217857161034,0.5139546531552449,0.27927047712099,0.2621831212180214,0.22819421000981355,0.12533825663545828,0.5886666159242063,-0.08346450705731126
2022-06-12,0.2667298189787897,0.44087513224662955,0.19774605816462348,0.10067114093959752,0.3193467657576387,0.38339490670001486,0.42860127809677534,0.43340217857161034,0.2749901132900644,0.29615155639989277,0.22593592149165848,0.13161702159693403,0.5858642987345682,0.08346450705731129
2022-06-19,0.25788150280365973,0.4290024964958619,0.3521417899786701,0.5598086124401914,0.5772146141741658,0.3193467657576387,0.4332919746304214,0.42860127809677534,0.27187289180449903,0.34353579762264197,0.22180076718351327,0.15711694131064616,0.5884393860014145,0.09539683867174766
2022-06-26,0.2650327349892423,0.43860400997647075,0.4942575776614607,0.8110047846889948,0.5956473875079518,0.5772146141741658,0.36090826536522835,0.4332919746304214,0.2713145834787261,0.35154209095074773,0.2142627902052993,0.16210928212208267,0.5939673511157878,-0.09064171796673728
2022-07-03,0.2573486456127839,0.4282723992369236,0.37683297305597785,0.5717703349282294,0.30825958630796874,0.5956473875079518,0.6523364175955326,0.36090826536522835,0.2676157908204806,0.3589765061839889,0.12757605495583907,0.16346675416731202,0.5927073084143407,0.028065452898283973
2022-07-10,0.2554342822631971,0.4256741036194799,0.4134294487157677,0.6435406698564592,0.4916355135242947,0.30825958630796874,0.6731681308398619,0.6523364175955326,0.26552213459883217,0.37313694954018006,0.12921491658488715,0.16062942268114422,0.5938306798174827,0.02729923848763777
2022-07-17,0.25806217563950185,0.429214543129892,0.4490870633041828,0.7153110047846889,0.4904518842879571,0.4916355135242947,0.3483781409611809,0.6731681308398619,0.26459162072254405,0.37490294948737946,0.1308210009813543,0.1579947577297027,0.5966196632219203,-0.018116437505302885
2022-07-24,0.2575629953366612,0.4285308174639872,0.42500449850982625,0.6674641148325355,0.420294861467226,0.4904518842879571,0.5556195941331598,0.3483781409611809,0.26240491311326675,0.3765428065812073,0.13239496368989206,0.15472871488344514,0.5938767924913011,-0.004580860048965925
2022-07-31,0.2566162794944894,0.42723902012804504,0.41879996906503536,0.6555023923444975,0.4412042896709064,0.420294861467226,0.5542819210444448,0.5556195941331598,0.25998557703491754,0.37806553102547613,0.1339374471442591,0.1467785513209777,0.5908322448705206,0.004580860048966053
2022-08-07,0.2566608940442034,0.42728779341683515,0.4257813615999315,0.6674641148325355,0.45535709026089816,0.4412042896709064,0.4749942872732136,0.5542819210444448,0.2577988694256403,0.37947948943801135,0.13544908092953878,0.1385766883359103,0.5993597560806228,-0.02311707195688125
2022-08-14,0.25348815892745674,0.42296360626029916,0.3918900964869225,0.6076555023923442,0.4125700039666561,0.45535709026089816,0.49862498052562704,0.4749942872732136,0.2550305906436829,0.37676421396197435,0.13693048203911284,0.13259980920390005,0.5901411103376282,0.009311054233089358
2022-08-21,0.25248997681195573,0.42158270770172795,0.40751869448239497,0.7077747989276134,0.46266417826666983,0.4125700039666561,0.514619702435134,0.49862498052562704,0.2523786260962616,0.3874279700870751,0.1383822551264955,0.13524553249479485,0.5954562904631768,-0.009311054233089422
2022-08-28,0.25054452987823894,0.418900057937485,0.39287180926465637,0.6902173913043476,0.43389720166513446,0.46266417826666983,0.46626407541680137,0.514619702435134,0.2506339125782213,0.39109576543229707,0.13980499275213043,0.12868702481723096,0.5921728458575541,-0.014131181923737586
2022-09-04,0.2472135068020037,0.4142982992552688,0.37053395087888785,0.7050147492625367,0.4264511865833771,0.43389720166513446,0.5228777740356949,0.46626407541680137,0.2497033987019331,0.40293481765978434,0.1411992756252527,0.12259698197377877,0.591234480724069,-0.057604991942714796
2022-09-11,0.23697770934433485,0.40008562583434554,0.29083471529536187,0.5309734513274335,0.3592939107106234,0.4264511865833771,0.49036690892506585,0.5228777740356949,0.24844720496894407,0.4204805249264312,0.14256567284091248,0.12005630153483685,0.5900449959693079,0.013972283195016335
2022-09-18,0.23116641214501157,0.3918558934760905,0.3174999787911167,0.5722713864306784,0.4698647304880085,0.3592939107106234,0.48195182953428267,0.49036690892506585,0.24947077023286107,0.44462813290650327,0.14390474211225912,0.12343407600953807,0.5925378582274177,0.004943163797519509
2022-09-25,0.22768977198299084,0.38681192462365654,0.3273128824103967,0.3137254901960788,0.4559167682090862,0.4698647304880085,0.4060543458557278,0.48195182953428267,0.2486565705911089,0.4670509117451417,0.14521702999817876,0.12083360313947045,0.5948112686041027,-0.029016542979039626
2022-10-02,0.2215559043634475,0.3779198953184904,0.2867753152733794,0.17587939698492439,0.4034566457685718,0.4559167682090862,0.5310154447138671,0.4060543458557278,0.24472514946379137,0.48787206352387724,0.14650307212638009,0.11841887833155054,0.5938767924913011,-0.041456713678346135
2022-10-09,0.21194577265390574,0.3638611094772362,0.23601475400243177,0.22321428571428567,0.384239375067136,0.4034566457685718,0.5152522198710457,0.5310154447138671,0.24218949915090604,0.5174694061536604,0.20951913640824338,0.12125795700769418,0.591537268762997,0.020943173845243388
2022-10-16,0.20770863857137997,0.3573446781526065,0.27927325178009876,0.3125000000000004,0.4806331914596082,0.384239375067136,0.45596465594054847,0.5152522198710457,0.23942122036894875,0.537282377386037,0.20827281648675167,0.11405942536794234,0.5948040461371191,0.010309369658861287
2022-10-23,0.206398229577916,0.35501283567144987,0.30088619729500266,0.37383177570093473,0.46420635146076816,0.4806331914596082,0.43424634663669637,0.45596465594054847,0.23618768464884726,0.5616301490342805,0.20705142296368984,0.11475118879601526,0.5955218482404125,0.010204170174241668
2022-10-30,0.20739577225244554,0.3560524264087672,0.322973600305525,0.4205607476635514,0.4640438418760967,0.46420635146076816,0.5431853709089636,0.43424634663669637,0.23365203433596193,0.5739336174943064,0.20585445731108926,0.11129569930820224,0.5976480314055088,0.03393539205063586
2022-11-06,0.2133849908358008,0.364477877625945,0.3947509363690709,0.5794392523364484,0.5007032516139329,0.4640438418760967,0.5246206539144196,0.5431853709089636,0.23202363505245766,0.5933886695387786,0.20468143097154068,0.12021664057574855,0.6012909326371616,0.0710189497592017
2022-11-13,0.22867463035459654,0.38656732678981887,0.523232531467806,0.9299065420560746,0.5579890223869619,0.5007032516139329,0.5244369944614427,0.5246206539144196,0.23202363505245766,0.5760026786998187,0.20353186515878308,0.12210773941453046,0.6039260219374101,0.0
2022-11-20,0.24109287206122215,0.4044031332714209,0.523232531467806,0.9086757990867576,0.4482806899659022,0.5579890223869619,0.5658674562555562,0.5244369944614427,0.23260520622513775,0.5559582836592717,0.20240529066228058,0.11566807727992362,0.6050993950350539,0.018116437505303003
2022-11-27,0.25378227442261897,0.42252246755834777,0.5544028234694733,0.9999999999999999,0.4762665184645786,0.4482806899659022,0.6306087042552143,0.5658674562555562,0.23341940586688992,0.5410453190849797,0.20130124765570823,0.11214709575754572,0.6099706712283027,-0.03656714541841936
2022-12-04,0.2585524668285241,0.4292874515422252,0.4744918336622198,0.8173515981735158,0.3917926602378451,0.4762665184645786,0.5066223414803804,0.6306087042552143,0.23353572010142593,0.5297030130097143,0.20021928550926726,0.11051674941231854,0.5967230000572241,0.009267906930781456
2022-12-11,0.2637196631663699,0.4365960715954931,0.49162165497242294,0.8630136986301367,0.4625975253719042,0.3917926602378451,0.5382503956875475,0.5066223414803804,0.23423360550864208,0.5191708716541109,0.1991589626057551,0.10490501513501252,0.5981141583131429,0.07975881838845032
2022-12-18,0.27978841595984133,0.45910364087521977,0.6208759407535371,1.0,0.5714901571706366,0.4625975253719042,0.44278265682071233,0.5382503956875475,0.23839765510503175,0.4765284218109592,0.14720314033366044,0.11280721099621818,0.6033137789669538,-0.07975881838845031
2022-12-25,0.28025400698448266,0.4597318196154072,0.46531215438412576,0.6774193548387095,0.3250712227611679,0.5714901571706366,0.522802446575984,0.44278265682071233,0.2401423686230721,0.4369318612423184,0.14857212953876348,0.11604712305345696,0.5986625102295133,0.02280080535077559
2023-01-01,0.2837981036806684,0.4646142134727003,0.49914919432226146,0.7670250896057346,0.48350281506592396,0.3250712227611679,0.6458669490778225,0.522802446575984,0.24235233907925646,0.4069219923888099,0.14991373895976445,0.11331863508145992,0.602530974660808,0.03977545971767784
2023-01-08,0.2923760961828026,0.4763569954109028,0.5558761312315665,0.9283154121863795,0.5097248449654216,0.48350281506592396,0.3673777338829384,0.6458669490778225,0.246283760206574,0.36568779677091356,0.1512285161923454,0.11160460735595312,0.6193432110754864,0.008628181223338409
2023-01-15,0.3001411572187852,0.48683463641431657,0.5679831043917991,0.9635036496350365,0.4616092927831596,0.5097248449654216,0.5464284627109095,0.3673777338829384,0.2513783236792519,0.3309356727324554,0.15251699788027478,0.10345646419434479,0.6209188200266786,0.0
2023-01-22,0.3058496405486862,0.49439767095372394,0.5679831043917991,0.9635036496350365,0.4482806899659022,0.4616092927831596,0.5760631681162717,0.5464284627109095,0.25600763021378553,0.30240737442284155,0.1537797099344455,0.09589033125856564,0.6241122615821981,0.020408871631207033
2023-01-29,0.3130766107831611,0.5038687431872801,0.5991648384817037,0.9999999999999997,0.4798078144988173,0.4482806899659022,0.5216856001017914,0.5760631681162717,0.26096261660502007,0.28119214266657716,0.15501716774753282,0.09197899573389148,0.6251589637204371,-0.008453135711058352
2023-02-05,0.316884925559868,0.5086755767634742,0.5786292442474001,0.9652777777777771,0.4352224931644357,0.4798078144988173,0.5066223414803804,0.5216856001017914,0.2654523460581105,0.26149228460718876,0.15757997465882878,0.08424920007567047,0.6221899742157928,-0.01626052087178029
2023-02-12,0.31677334959656833,0.5082710109525104,0.5395459666634176,0.8284023668639047,0.42316183598130475,0.4352224931644357,0.5422525749669577,0.5066223414803804,0.2687091446251192,0.23159945266513537,0.16004026929367288,0.08034980567271263,0.6187370794232472,-0.004323396271706919
2023-02-19,0.3154555504960898,0.5062907135713584,0.52912810405349,0.7462686567164168,0.4416020134017935,0.42316183598130475,0.49186468096287345,0.5422525749669577,0.27010491543955145,0.20408237125864348,0.1624021521431232,0.07361458009713104,0.6178276041576964,0.004323396271706801
2023-02-26,0.31453889729639917,0.5048534986864669,0.5375784468171254,0.7835820895522383,0.45495936653001073,0.4416020134017935,0.47823438521586115,0.49186468096287345,0.2716170004885197,0.1869046046135781,0.16466955967859553,0.06965523315843564,0.6181242808784075,-0.05771686035782525
2023-03-05,0.30462875433323955,0.49165727907983536,0.40830751165329227,0.298507462686567,0.3591210991256314,0.45495936653001073,0.49907446615441836,0.47823438521586115,0.27115174355037563,0.17746422127352507,0.16684627091264898,0.07187958810449244,0.6175509281147862,-0.027805313080336774
2023-03-12,0.29244447805995244,0.47543950988837386,0.35858085632164016,0.1079136690647484,0.4053277240204436,0.3591210991256314,0.5141702168063423,0.49907446615441836,0.27091911508130356,0.18391299987439097,0.1689359136973403,0.07066678756044059,0.6165447829065318,0.01862251209800185
2023-03-19,0.2852731998843953,0.4658391945709237,0.39830373156700594,0.25179856115107874,0.47704829008798205,0.4053277240204436,0.40585904364489594,0.5141702168063423,0.2709191150813036,0.18990115143233788,0.17094197077064394,0.06708191088120682,0.6183265099539484,0.018282044837449073
2023-03-26,0.28211120828883224,0.46158531656753604,0.4367761063351484,0.39568345323740906,0.4765223446110937,0.47704829008798205,0.458079246344004,0.40585904364489594,0.2692907157977993,0.187731019221478,0.1728677855610154,0.06293352857342793,0.6190704240532596,0.0
2023-04-02,0.2794640800006268,0.45802311324903944,0.4367761063351484,0.39568345323740906,0.4482806899659022,0.4765223446110937,0.5391339112598593,0.458079246344004,0.2697559727359434,0.18571589645425107,0.17471656775977207,0.056622754542161945,0.6200521239886463,-0.060681235737813095
2023-04-09,0.26859786472932323,0.4433943598960478,0.3231914209360729,0.0,0.3545418047160238,0.4482806899659022,0.5385395164198485,0.5391339112598593,0.2681275734524391,0.20275935085228858,0.17649139867057845,0.05977800081795256,0.6198071156855871,0.069698429388002
2023-04-16,0.270052473462919,0.4453594307875365,0.46096163715732896,0.548780487804878,0.5559491148926443,0.3545418047160238,0.5066223414803804,0.5385395164198485,0.26719705957615086,0.22304976459241793,0.17819523634495255,0.06680571360221033,0.6202604643824041,-0.03192245522909485
2023-04-23,0.26650064918775007,0.44055580498070895,0.40478805062468326,0.3353658536585358,0.3989676637687474,0.5559491148926443,0.4006837753184823,0.5066223414803804,0.26521971758903845,0.2418908630653952,0.17885181550539742,0.06431619616848352,0.6197871150077864,0.018365989145486896
2023-04-30,0.2663883442742192,0.44040360305078474,0.43847661835821694,0.45731707317073145,0.4766520197200934,0.3989676637687474,0.6283033122668752,0.4006837753184823,0.26370763254007024,0.25938616879030263,0.17885181550539742,0.059545796663123006,0.6222183085093439,0.08625282427177333
2023-05-07,0.27948838074629223,0.45803655312301167,0.5759826982007386,0.9999999999999999,0.5815219382460756,0.4766520197200934,0.4508914537649488,0.6283033122668752,0.26394026100914225,0.23259730903344406,0.1804612365063788,0.06888488655421326,0.6424045481541318,0.03687431283531631
2023-05-14,0.29560233430286104,0.4793750281280991,0.6252539745006966,0.9999999999999999,0.5052432243887782,0.5815219382460756,0.5386860681425163,0.4508914537649488,0.2654523460581105,0.22384760392517988,0.18292600588812563,0.06870556151224322,0.6509076140913663,0.10237940721794368
2023-05-21,0.32574144040573016,0.5182447982226402,0.7376085843878497,0.9999999999999999,0.6064338882069382,0.5052432243887782,0.6572043199068986,0.5386860681425163,0.2705236466838812,0.2490118208001758,0.18689840235525024,0.08230779197648175,0.6530543535086466,0.028634740962025538
2023-05-28,0.35401240456367117,0.553266333094018,0.7639102758037706,0.805327868852459,0.49251493576796435,0.6064338882069382,0.5709982854189188,0.6572043199068986,0.2766417754204759,0.29269945905463607,0.19475419509322867,0.11051023127173576,0.6666564811363052,-0.010642172096145094
2023-06-04,0.37317608676226255,0.5758384176988034,0.7374327550301625,0.7745901639344261,0.4318409234252158,0.49251493576796435,0.6853584445491496,0.5709982854189188,0.2822946472189266,0.33326655171949204,0.20721293603925417,0.11293073141110621,0.6633147012204303,0.11381257066108588
2023-06-11,0.4094796620616138,0.6174760191129279,0.8328919187392916,0.7747875354107648,0.6240955587877824,0.4318409234252158,0.5566134691008096,0.6853584445491496,0.2933910251936632,0.39788284054935286,0.21817662807175664,0.15517326920971192,0.6677959641965645,0.09061193155187755
2023-06-18,0.4561358628496075,0.6680119509313445,0.889007483845971,0.9858356940509911,0.588255780300432,0.6240955587877824,0.4880430156145555,0.5566134691008096,0.3086514527647893,0.4578836801770808,0.2369204182967647,0.16505793958388823,0.6701532663051359,-0.014051753455650302
2023-06-25,0.48734207524868783,0.6984914925888401,0.8533697311583757,0.951841359773371,0.4265738857335358,0.588255780300432,0.7053186995956096,0.4880430156145555,0.3228883150719985,0.5135987455456853,0.2530400778902716,0.16112347009834788,0.6694449089663594,0.1743298019609892
2023-07-02,0.5522797373419814,0.7605591077214062,0.9411420948431719,0.9999999999999999,0.717581094002864,0.4265738857335358,0.664814540255664,0.7053186995956096,0.34417381999209057,0.5788294692698098,0.26690298514068755,0.19910410117080302,0.9455653774933483,-0.2508899800572163
2023-07-09,0.5402715610089521,0.7431065441439828,0.5618242274693895,0.41660319878141655,0.060711999826777385,0.717581094002864,0.48209049740943866,0.664814540255664,0.3550375694977551,0.6467311010792082,0.2918726979009057,0.30780514508853996,0.9261980544896244,0.2283495817378056
2023-07-16,0.5813980099273761,0.7770280968108021,0.6966932049215738,0.7235338918507231,0.8010295254026756,0.060711999826777385,0.8109709433913743,0.48209049740943866,0.37678833135599127,0.7097826163307924,0.5009813542688911,0.34924117388603304,0.9322704824996848,-0.06758266351879924
2023-07-23,0.5928669707134013,0.7811768615056298,0.6253986986234765,0.6089030206677264,0.3438806482818108,0.8010295254026756,0.06861338486504504,0.8109709433913743,0.39379347244515783,0.7727857415516927,0.497198233562316,0.3885370545893384,0.9083102260687723,-0.01364277640378649
2023-07-30,0.594813525933717,0.7764196541772154,0.6118468332165277,0.5890302066772654,0.4272056634563913,0.3438806482818108,0.9052798008883439,0.06861338486504504,0.41103124200339636,0.8161353127474602,0.49349077526987245,0.3761798190609494,0.9020805705082229,0.0377403279828469
2023-08-06,0.6019234852417519,0.7763389021354761,0.6350910453492391,0.6403861625100561,0.5065810233566467,0.4272056634563913,0.3886351188483576,0.9052798008883439,0.4294321539069951,0.8420546861377871,0.4898574661432777,0.37765442153930834,0.9114575549504733,-0.010638398205055754
2023-08-13,0.6010172476534887,0.7692407982831582,0.6231070130965213,0.5917832167832167,0.4318467532396464,0.5065810233566467,0.4828044980711057,0.3886351188483576,0.4450647870286365,0.8679145953486316,0.4862968231992149,0.374925854026761,0.8962259276564373,-0.12759032861161715
2023-08-20,0.5666848741760268,0.7337110693545874,0.5004471264556706,0.3683729433272395,0.2511822784504335,0.4318467532396464,0.5725101927142857,0.4828044980711057,0.45443971433223995,0.8680717177799475,0.48280739311403337,0.3822270031755665,0.8937719556051622,0.10596786459845144
2023-08-27,0.5608671192921262,0.7238941397482631,0.570338039159038,0.5189753320683111,0.6119772491903712,0.2511822784504335,0.48804960415228044,0.5725101927142857,0.4649777839812035,0.8673241499452242,0.4793877516305555,0.3832696639314529,0.8976470869290571,0.0054496047675644645
2023-09-03,0.5542937341070351,0.7137997112251213,0.5739550799568426,0.5049800796812746,0.4566991058032315,0.6119772491903712,0.28387248635807827,0.48804960415228044,0.4748179682229511,0.8706726220204566,0.4760365029767471,0.3737473753383841,0.8997288241434849,-0.03878602503515642
2023-09-10,0.5365538423348233,0.6946061926302523,0.535834042427284,0.3836956521739128,0.38836498940603636,0.4566991058032315,0.6916232482401394,0.28387248635807827,0.4833786958848023,0.8609202858826177,0.4727522792960149,0.3663804730635315,0.896771501700891,-0.05159069215925928
2023-09-17,0.5077381948315077,0.6665332795955758,0.48899273574883506,0.1491569390402073,0.3685846535639103,0.38836498940603636,0.5161363750725649,0.6916232482401394,0.4859376090445947,0.846345065448876,0.4695337400888973,0.3529832321061021,0.8950153310751086,-0.03326584330085957
2023-09-24,0.47509933891638734,0.6357033523745675,0.46078080063915205,0.07782101167315192,0.3968924308112429,0.3685846535639103,0.43890889053654114,0.5161363750725649,0.4837509014353175,0.8193137125196175,0.4663795716659222,0.3431655553265156,0.8941619688222768,-0.00926790693078162
2023-10-01,0.4451617440280767,0.6076206998786998,0.4528972339916444,0.0583657587548637,0.43396385455989994,0.3968924308112429,0.4165542357768894,0.43890889053654114,0.4817735594482051,0.7942131705138775,0.46328848661140637,0.31929691270121463,0.8924858009076975,-0.006226670180259575
2023-10-08,0.41834727834396956,0.5825639753862539,0.4473436154285292,0.045395590142672027,0.4386618825303035,0.43396385455989994,0.4485461388683198,0.4165542357768894,0.4720496894409937,0.7709055243656905,0.460259223257981,0.2946744683751067,0.8916779957543006,-0.012570875787242756
2023-10-15,0.39295411185186613,0.5589538287914224,0.43567335860929823,0.021676300578034737,0.42886150924911065,0.4386618825303035,0.4904422363847767,0.4485461388683198,0.4722823179100658,0.7451593565725666,0.4572905451716241,0.2750890430662539,0.8896529271269749,0.012570875787242709
2023-10-22,0.3742885791311747,0.5414978228273275,0.44798881155628656,0.029542097488921875,0.4676998706826937,0.42886150924911065,0.4957516908939308,0.4904422363847767,0.4636052760136785,0.7268554295358303,0.4543812406469944,0.26509825919293784,0.890735741600132,0.10035111257116
2023-10-29,0.3809412026576528,0.546860233595664,0.5428876682979451,0.5067024128686325,0.6033006283641542,0.4676998706826937,0.4846758445096545,0.4957516908939308,0.4618605624956381,0.7346063806045922,0.4515301222128573,0.300569529106722,0.8967803908910246,0.11665245328609751
2023-11-05,0.41401004943587105,0.575153308768243,0.6386001167818359,0.9878934624697334,0.6284825398416836,0.6033006283641542,0.5285688384511062,0.4846758445096545,0.4657919836229557,0.7444004963915403,0.4487360261474029,0.31400141256973507,0.9158621486617047,0.0
2023-11-12,0.4382457849317162,0.5947770024446548,0.6386001167818359,0.9645390070921988,0.4482806899659022,0.6284825398416836,0.6818174054779855,0.5285688384511062,0.46809500546676897,0.7541619299753655,0.44599781200325767,0.2930354912469803,0.9181627821831739,0.0
2023-11-19,0.4552848009271735,0.6076359079265445,0.6386001167818359,0.9645390070921988,0.4482806899659022,0.4482806899659022,0.710276625875518,0.6818174054779855,0.47086328424872637,0.7455163550602669,0.4433143621419952,0.28487717756216174,0.9200117337309763,0.10218806794837099
2023-11-26,0.4949783267570782,0.6382434864994678,0.7204142801513058,0.9395770392749246,0.6061383119943546,0.4482806899659022,0.5066223414803804,0.710276625875518,0.4838206899760392,0.7553261721679958,0.3118253189401374,0.30270821627231936,0.9242079870484499,0.07391341331527282
2023-12-03,0.5459784776650667,0.6757929294555549,0.7713956815493244,0.5266311584553928,0.5624603187250065,0.6061383119943546,0.5066223414803804,0.5066223414803804,0.496429152999744,0.7932126306952296,0.3151472031403337,0.42269512231981554,0.9279253352474723,-0.027785501943862312
2023-12-10,0.574106405380361,0.6938100592675434,0.721737150510443,0.4833555259653795,0.405358327778361,0.5624603187250065,0.6850244004641448,0.5066223414803804,0.5072929025054087,0.8283929136133753,0.3299014720314033,0.42494504437927905,0.9260013811579171,0.03408936816507636
2023-12-17,0.6032959894628445,0.7114757102079753,0.7466847021057648,0.5366178428761651,0.5009411101404982,0.405358327778361,0.6356619190622254,0.6850244004641448,0.5216460790471538,0.8581842429879205,0.34406557016683026,0.4190024888850033,0.9281825661869652,-0.019032082181167444
2023-12-24,0.6163450249581748,0.7166151762086082,0.7114093018681995,0.5066577896138483,0.41888039602075117,0.5009411101404982,0.458113833038995,0.6356619190622254,0.5370228208528158,0.8858476202642835,0.35766310437684007,0.3938147636765483,0.9271491978339266,0.09910701517414011
2023-12-31,0.6550705781351962,0.739038182434459,0.783777042654209,0.6691078561917442,0.6013787772066925,0.41888039602075117,0.5661362709655514,0.458113833038995,0.5593551538837321,0.9180960354797454,0.3707167372184495,0.45189124559721777,0.9297720644977414,0.0741355930295816
2024-01-07,0.7074814573834748,0.7687383046685592,0.8296175974932745,0.8015978695073236,0.5628035365005052,0.6013787772066925,0.473395735712827,0.5661362709655514,0.5866657361527903,0.9522551935364776,0.3832482247463946,0.48303541007266243,0.9352600282565131,-0.051576808068984764
2024-01-14,0.7248903553080661,0.7738261720070985,0.7321939144214443,0.7083888149134485,0.368606101366171,0.5628035365005052,0.6796454343108935,0.473395735712827,0.6109521483239118,0.9846708567502354,0.3952784527732218,0.49081013056023653,0.9336083056148015,0.0
2024-01-21,0.7333141045981102,0.7728614980787316,0.7321939144214443,0.7083888149134485,0.4482806899659022,0.368606101366171,0.636049805038474,0.6796454343108935,0.6357038174331774,0.986606940540085,0.4068274716789759,0.48639164474156255,0.9353755877282508,-0.014854586607609405
2024-01-28,0.7294106284069382,0.7642783860732976,0.7043564233459246,0.666899441340782,0.42533368876339733,0.4482806899659022,0.416578474911084,0.636049805038474,0.6590829785749179,0.9565219236737681,0.41791452982849997,0.5280206733185601,0.9139304165307824,-0.027228442127673905
2024-02-04,0.711766911552471,0.7476899774557515,0.6547718139080946,0.5865457294028722,0.40621886012500974,0.42533368876339733,0.5066223414803804,0.416578474911084,0.6769023193058366,0.9349341077045747,0.42855810565204294,0.5765110188362287,0.8914074310296072,0.09365983680426801
2024-02-11,0.7260235950604836,0.7509332247276626,0.734264106447072,0.7502095557418273,0.5929641096090306,0.40621886012500974,0.480688894558876,0.5066223414803804,0.6954195454439714,0.9174832863921745,0.43877593844264434,0.6035072667787028,0.8985937856782924,0.1016552755247658
2024-02-18,0.7716337572448353,0.7720227723099804,0.8047479247844347,0.9999999999999999,0.6053152673208064,0.5929641096090306,0.45908635967718664,0.480688894558876,0.720869099960453,0.9109417419719514,0.44858505792162157,0.6416883032725614,0.9048617758712934,-0.09807104229695077
2024-02-25,0.7632819897021597,0.7611361812782604,0.6410370867822521,0.5748930099857347,0.29678294822691453,0.6053152673208064,0.670135636774375,0.45908635967718664,0.7396189545676598,0.9150042086549497,0.45800181262143963,0.7374623459628975,0.8994327029971572,0.1421701781477202
2024-03-03,0.807926536650703,0.7800502921094643,0.7389116990592188,0.8113619810633645,0.6679016955915236,0.29678294822691453,0.684094240345743,0.670135636774375,0.7633237955661013,0.9213968203970453,0.47609579611145453,0.7937765693140046,0.905430684039848,0.13291046742605683
2024-03-10,0.8977102849312654,0.8209225423086491,0.8127081324566725,1.0,0.6535975214884213,0.6679016955915236,0.33540787169219055,0.684094240345743,0.7937515993207247,0.9327539395290498,0.5005400264362772,0.8347583063108646,0.9113403287555857,0.04360073892720641
2024-03-17,0.9826997867010335,0.8551532857818438,0.834318065010965,0.7671232876712327,0.5156340425041807,0.6535975214884213,0.7548260018182623,0.33540787169219055,0.829506595017098,0.9569756252988206,0.5335331287975562,0.9070707291662776,0.9217967942246932,-0.08380019175950985
2024-03-24,1.0,0.8538197484144063,0.7041062939052712,0.6305788775961113,0.31882820825964225,0.5156340425041807,0.7386602058353751,0.7548260018182623,0.8562123432665688,0.9733312206867202,0.5895091533418495,0.899145527398866,0.9196733889315138,-0.15316107064209208
2024-03-31,0.9383784666653564,0.8151370078836244,0.5382565993909739,0.4087494476358815,0.21168122307796888,0.31882820825964225,0.5827414202925676,0.7386602058353751,0.872286970479447,0.947127610570424,0.6387680549408276,0.9242413141122051,0.9172638628309071,-0.11815402434548355
2024-04-07,0.8374571635303697,0.7588032954955946,0.449900452730961,0.24265702666064165,0.26575924993150096,0.21168122307796888,0.36032222001527775,0.5827414202925676,0.8748226207923324,0.9004756437606583,1.0,0.9575432772633174,0.9156888094540983,-0.10887110263961447
2024-04-14,0.7148825919692847,0.692419021517257,0.3866152394590062,0.11703569814731146,0.28009927979394206,0.26575924993150096,0.23923055193688708,0.36032222001527775,0.8662618931304812,0.8422937963415158,0.9915309126594701,0.9361780745070892,0.9138365244599955,-0.17745135029612694
2024-04-21,0.561431559233923,0.6093873904498234,0.30948400650164654,0.07269853812722242,0.17415819459161647,0.28009927979394206,0.30034658303173356,0.23923055193688708,0.8518156652011072,0.7775706743027085,0.9723996074582925,0.9604317294308056,0.9110358739935076,0.282604976535609
2024-04-28,0.5258441273430412,0.5887793261838006,0.4573248280764395,0.33386013433425527,0.8848419291103498,0.17415819459161647,0.31655290123464586,0.30034658303173356,0.8527461790773952,0.7192216124467985,0.9367985161923454,1.0000000000000002,0.9160238208072606,-0.07700573487230873
2024-05-05,0.46852448888486475,0.5565714520535217,0.4182981353697788,0.25523508494666136,0.3293241186797346,0.8848419291103498,0.19682407542183383,0.31655290123464586,0.849954637448531,0.6737096370183714,0.9033334904023553,0.998550085148884,0.9141904253421922,-0.0856227416486355
2024-05-12,0.39416582068046874,0.5147527706029049,0.379901799537841,0.17463453180561048,0.31601277787425763,0.3293241186797346,1.0,0.19682407542183383,0.8440458743341009,0.6180151552216543,0.8718763661597645,0.9726166881895628,0.9130514978563162,-0.11504795381351575
2024-05-19,0.3014477081216891,0.46158465734378445,0.3358002492961655,0.07664954563413673,0.27055743153795636,0.31601277787425763,0.3721841244693821,1.0,0.8265754763067903,0.5641329212560136,0.8423066693717293,0.9427986989879034,0.9110730974771923,0.13672197086187782
2024-05-26,0.26808417979147486,0.4420338862798885,0.4018260520584054,0.19438956934018176,0.6594854385496967,0.27055743153795636,0.3571403744304789,0.3721841244693821,0.8091050782794796,0.5136794006206347,0.814511154390976,0.9290432263821283,0.9163516096934397,-0.019485353447601775
2024-06-02,0.23594444413351098,0.42294982626578126,0.3931339404866513,0.1766100355590676,0.4181801936811854,0.6594854385496967,0.30576922570790016,0.3571403744304789,0.7972875520506199,0.4668297028877829,0.7883833703090679,0.8844710394924797,0.9147421107048628,-0.017199983009199463
2024-06-09,0.20592849011087602,0.40484018504723923,0.38522658873551785,0.16120110628210196,0.4217105779041515,0.4181801936811854,0.7453144079787967,0.30576922570790016,0.7746295391630027,0.4250161164263565,0.7638232532720745,0.8316086247589398,0.9137265207320915,-0.06667603531088188
2024-06-16,0.16380807615751714,0.37890910447538445,0.35541108652512055,0.10391149743184519,0.34528118530965696,0.4217105779041515,0.4726044052881152,0.7453144079787967,0.737944029590341,0.38562471482905814,0.7407367432573005,0.8071091442467944,0.8531689129464943,0.03504212779020594
2024-06-23,0.14196996271653145,0.3650336100083721,0.3751583291872783,0.16824290691886518,0.5024129098506529,0.34528118530965696,0.4765942526346527,0.4726044052881152,0.6991881266429386,0.35531207486975247,0.7190354238434131,0.779442217137431,0.8908546345181698,0.05101777434172438
2024-06-30,0.1414629899220209,0.3643761735636912,0.40541093121550176,0.26432748538011713,0.5270916969695549,0.5024129098506529,0.390217929271067,0.4765942526346527,0.6702724079372834,0.3191964403699297,0.6986361835943589,0.7716180869243994,0.8928069229012761,-0.0350757377835807
2024-07-07,0.13198255183756077,0.3580088318759794,0.3863882559827654,0.2604748603351955,0.3940965501874002,0.5270916969695549,0.5677996185779712,0.390217929271067,0.6511968734733757,0.28566049404866567,0.6794608977602479,0.7300948703682556,0.8913029830455366,-0.0090785916331614
2024-07-14,0.12343359188656366,0.3521244320538602,0.3813908106096945,0.3226691042047532,0.43425630419023287,0.3940965501874002,0.5956902353163925,0.5677996185779712,0.6395189243259589,0.2588297601932733,0.6614361290761835,0.702191985082212,0.8897918207228135,-0.04906379941535887
2024-07-21,0.10439686019130762,0.339311764399448,0.354540814858487,0.22669104204753196,0.3724881355230232,0.43425630419023287,0.44538638735580527,0.5956902353163925,0.6318654476934887,0.2296651299219324,0.6444928465131631,0.6793965223751496,0.8878256429801232,-0.02374717842807408
2024-07-28,0.0848147353652938,0.32580867168474975,0.341885726626463,0.06282722513089019,0.4115966309382367,0.3724881355230232,0.49077274697736006,0.44538638735580527,0.6322143903970967,0.20776765770367117,0.6285661609039238,0.643640992181176,0.8852816678787447,0.09312311829741532
2024-08-04,0.09804160299033865,0.33382125802017654,0.4080250100445505,0.2712041884816753,0.5921350000183372,0.4115966309382367,0.4209657377985415,0.49077274697736006,0.6218158978295762,0.18370588539568633,0.6135950764312389,0.6268307933994378,0.8865806007870267,-0.07177344761089864
2024-08-11,0.08969919793753564,0.3275795085173862,0.36475370013574726,0.2051282051282049,0.33740682776151565,0.5921350000183372,0.4651640224057532,0.4209657377985415,0.6124409705259728,0.1644971095254188,0.5995222570269151,0.6135161141978828,0.8847583168096251,-0.02873341085361579
2024-08-18,0.0773321389183336,0.31847151428212,0.348607302234095,0.1116625310173695,0.4038940213343947,0.33740682776151565,0.6691986224180062,0.4651640224057532,0.6064391560239141,0.14067228532587095,0.5862938067868507,0.5816467591966521,0.883451050285593,0.10050685846451433
2024-08-25,0.09829386993058489,0.33183641605443015,0.42136967822943405,0.526422764227642,0.6035412208017961,0.4038940213343947,0.3813187606296595,0.6691986224180062,0.6111847767929839,0.1422861173494433,0.5738590635611903,0.609915305038934,0.8896418156393078,-0.02031214045398236
2024-09-01,0.11065159170459163,0.3395236039842264,0.40751250133950856,0.43495934959349586,0.41690299338401177,0.6035412208017961,0.45645895390658475,0.3813187606296595,0.6079512410728825,0.14378467565704617,0.5621704049290694,0.5710909501051983,0.8879823149562291,0.27390774998695155
2024-09-08,0.21410192190114688,0.4075746435181093,0.5918833410561599,0.9999999999999999,0.8714066667673193,0.41690299338401177,0.6820893099048968,0.45645895390658475,0.6218391606764834,0.1741924504803734,0.3790480863591756,0.6532215048133356,0.8978126480952966,-0.05304678354875809
2024-09-15,0.27592349507632674,0.44701702673112764,0.5448839035601042,0.5392296718972895,0.36633531928431007,0.8714066667673193,0.47116098329922074,0.6820893099048968,0.633168167120292,0.21734586603621558,0.384170755642787,0.7089963851157737,0.8846877588629392,0.02348798130721376
2024-09-22,0.332912567980566,0.48241866113106213,0.5599033494038355,0.585592011412268,0.4845643476359816,0.36633531928431007,0.9848162006104992,0.47116098329922074,0.6493823714146137,0.2540601328690194,0.3990885181550539,0.7355446433431037,0.8934086099584486,-0.11894442409263895
2024-09-29,0.3350145184536406,0.48360771169577277,0.4647742381094727,0.3570402298850573,0.26453825978027434,0.4845643476359816,0.41401216107902583,0.9848162006104992,0.6565473282620327,0.2608380316213047,0.4134095701668302,0.7628192158065079,0.8925485808130165,0.039437287261146425
2024-10-06,0.3492004232230025,0.4921248590669222,0.4906160831213783,0.4288793103448274,0.5092024444455239,0.26453825978027434,0.5476281488188282,0.41401216107902583,0.6633866052527506,0.26713179474842674,0.4271577800981354,0.7212688354457069,0.8934391665495331,0.0
2024-10-13,0.35938040217302475,0.49811095489927754,0.4906160831213783,0.4288793103448274,0.4482806899659022,0.5092024444455239,0.2989666866784332,0.5476281488188282,0.6720636471491379,0.2739799270482231,0.4403560616321884,0.6703928156690351,0.8942103037936286,0.10594039389964804
2024-10-20,0.40477677768601905,0.524846360213199,0.5643676757660837,0.6364942528735631,0.6119348131283571,0.4482806899659022,0.5754727795929533,0.2989666866784332,0.6879289087398514,0.2914070604795532,0.4530264119048793,0.6705218420677298,0.8965903844519176,-0.06280090123903036
2024-10-27,0.41548049575402857,0.5306872985913678,0.5075512911700832,0.5107758620689654,0.3512673974174441,0.6119348131283571,0.5066223414803804,0.5754727795929533,0.7021657710470606,0.3075893986657883,0.46518994816666254,0.6634294517083733,0.8955109034250606,0.011049836186584935
2024-11-03,0.4261704618821165,0.5364024925053691,0.5154951634597145,0.5323275862068965,0.46535020599882615,0.3512673974174441,0.6915752893215822,0.5066223414803804,0.7182403982599389,0.32261585555300665,0.47686694297797444,0.6297979084602152,0.9000977255340319,0.01092907053219023
2024-11-10,0.43672783072248056,0.5419208426239633,0.5238283160784803,0.5538793103448275,0.4651636501767209,0.46535020599882615,0.3969832191051574,0.6915752893215822,0.7303836043454998,0.33656899409113805,0.4880768579968339,0.6018468912951729,0.9020894596983564,-0.08306659869861356
2024-11-17,0.41378162928660334,0.5282701038429342,0.44916182117714876,0.3958333333333331,0.31996144483466166,0.4651636501767209,0.5259133758124518,0.3969832191051574,0.7410147253820921,0.3379695873451186,0.49883837641493894,0.5972011498169564,0.8958614708609569,0.03481976515922812
2024-11-24,0.406114107857126,0.5234624457630934,0.4770003150114559,0.43829468960359,0.5020694095099685,0.31996144483466166,0.5257025406158276,0.5259133758124518,0.7551120106078582,0.33661099356171587,0.5091694340963199,0.5797741550399084,0.9277869972260171,0.0
2024-12-01,0.3985238675957028,0.5187503314945627,0.4770003150114557,0.4077287066246057,0.4482806899659022,0.5020694095099685,0.36160294207165544,0.5257025406158276,0.7642310465954824,0.3356336050821801,0.5190872494704455,0.5545766948706833,0.9303837518938143,0.007575793808457723
2024-12-08,0.39374302345182505,0.5156873461885432,0.4838127186798872,0.4235015772870661,0.45998359050596543,0.4482806899659022,0.5674114132619892,0.36160294207165544,0.7748621676320748,0.33503037876753816,0.528608352229606,0.5188855295576178,0.9336583073093032,0.011257154524634468
2024-12-15,0.39254893055125173,0.5146948088657797,0.49452446865492694,0.35629017447199246,0.46567046628463493,0.45998359050596543,0.5066223414803804,0.5674114132619892,0.770116546863005,0.33915806102714297,0.5377486108784002,0.5021350981652942,0.9355739277831081,0.04736768882288906
2024-12-22,0.407490326934157,0.5228116015631461,0.5401876987039255,0.5820224719101124,0.5214531343489666,0.46567046628463493,0.5198483202174298,0.5066223414803804,0.7718612603810453,0.3490467072563177,0.5465232591812426,0.49067896740058864,0.9364972924082426,-0.005352376738591954
2024-12-29,0.4156011805640397,0.5269629943089934,0.5332164755890318,0.8273026315789471,0.4400124696039964,0.5214531343489666,0.5262753164882634,0.5198483202174298,0.7717449461465092,0.35822902161198,0.5549469215519712,0.45791278898126336,0.9340666544810685,0.07742472477971576
2025-01-05,0.45021623473060557,0.5456091612576994,0.6079860903224675,0.8030303030303029,0.567884506588684,0.4400124696039964,0.5893178399369629,0.5262753164882634,0.7841673063949565,0.384315946760725,0.5630336374278708,0.4799394197809919,0.9477021165717283,-0.033673215106587835
2025-01-12,0.4619390315245313,0.5513468648900302,0.5596236444425935,0.6515151515151513,0.39626313283326187,0.567884506588684,0.4972780506077509,0.5893178399369629,0.7919370972619629,0.4085395201131311,0.5707968846687344,0.4749861041061078,0.9459548351360796,-0.017271586508660595
2025-01-19,0.46224858023539006,0.550824808263822,0.5357638071522217,0.5757575757575756,0.42159996657368226,0.39626313283326187,0.6417920398049564,0.4972780506077509,0.7985437457836089,0.42903646735672996,0.5782496020199634,0.456453936469378,0.9448103519063702,0.04263220179588291
2025-01-26,0.47690815797344605,0.5579524169308131,0.5796344585949763,0.7651515151515149,0.5141378700892737,0.42159996657368226,0.4478349406788152,0.6417920398049564,0.8013352874124734,0.45703568957222074,0.5854042106771433,0.4572759965592042,0.9557579451303628,0.09697823690502191
2025-02-02,0.5266047227955744,0.5831401309621921,0.6692506070431845,0.9999999999999999,0.5980902927276766,0.5141378700892737,0.4764692457528241,0.4478349406788152,0.8152929955567962,0.49163953394615745,0.592272634988036,0.48672422676835086,0.9732290927636993,-0.016807118316381174
2025-02-09,0.5552632807768667,0.5966191682045999,0.6412126379997138,0.8779069767441863,0.4223174656497792,0.5980902927276766,0.5810505279809757,0.4764692457528241,0.8272733617140064,0.5257002034026735,0.598866322326493,0.47309059953803684,0.9714140312532813,-0.0554377885569477
2025-02-16,0.5511383782363819,0.5931728801483978,0.5568345033885144,0.6744186046511627,0.3626417533677725,0.4223174656497792,0.675928968837425,0.5810505279809757,0.8344848442552397,0.531868333081585,0.6051962621714116,0.476002599545492,0.9697678643554031,-0.046675138570129754
2025-02-23,0.5260345477412531,0.5792539565418655,0.4959345219849639,0.5116279069767443,0.3761780802340911,0.3626417533677725,0.4772801240040597,0.675928968837425,0.8435573545490496,0.5275387161039662,0.6112730044225335,0.4631348028310965,0.968507821653956,0.0
2025-03-02,0.5034167668741591,0.5667896285058376,0.4959345219849639,0.475,0.4482806899659022,0.3761780802340911,0.40983789469875687,0.4772801240040597,0.8505362086212109,0.5105627105238454,0.7571148184494604,0.4511861344534434,0.9699289809265759,-0.02418079819721474
2025-03-09,0.47368627412297487,0.5508791088688781,0.46463456827016614,0.34228187919463093,0.4109267857498957,0.4482806899659022,0.4251359116902534,0.40983789469875687,0.855886663409868,0.4947992767708762,0.754288518155054,0.4286169869096138,0.9689006127429873,-0.05756985182147782
2025-03-16,0.4267413791079411,0.5262690399762606,0.3976806309164689,0.12751677852348983,0.35934819430838216,0.4109267857498957,0.5066223414803804,0.4251359116902534,0.8570498057552282,0.4611707109664702,0.7515187438665359,0.42487085455149975,0.968052806233989,0.04171048858137024
2025-03-23,0.4034517101291605,0.513878495163071,0.44729284624315246,0.20740740740740715,0.5127140301130773,0.35934819430838216,0.4644069999746232,0.5066223414803804,0.8601902900877008,0.4368360207801585,0.7448142257114819,0.43040755380950285,0.9692111788232824,-0.07945081656421725
2025-03-30,0.35503197670142406,0.48841742186081366,0.3636414006989678,0.0,0.32554701642798256,0.5127140301130773,0.4061156942118273,0.4644069999746232,0.8553050922371879,0.394706892080962,0.7383778882826301,0.43145093330662504,0.9683561498473003,-0.03922071315328127
2025-04-06,0.3027837491183812,0.46066354915246877,0.3288177952547666,0.14572864321608034,0.38769349385837737,0.32554701642798256,0.5794413818393275,0.4061156942118273,0.8484425523995626,0.37257665811948837,0.728005538832581,0.43733719518775244,0.9666794263583376,-0.01612938192988353
2025-04-13,0.256118459662451,0.43549944339508356,0.3149979686962733,0.10552763819095484,0.423364416203622,0.38769349385837737,0.367915449887528,0.5794413818393275,0.8354153581315281,0.34689811729135833,0.7101968916042867,0.4370660320522235,0.9656171681373646,0.016129381929883498
2025-04-20,0.2250084641175531,0.4184636706557564,0.3354206128622602,0.14572864321608034,0.4731969637281824,0.423364416203622,0.4381500029594863,0.367915449887528,0.8256449624305021,0.32847305017570816,0.6938129361542558,0.4261598504817138,0.9669444353391976,-0.008032171697264267
2025-04-27,0.19845314533253844,0.403701511467943,0.32762226630301994,0.12562814070351758,0.43587278805219754,0.4731969637281824,0.4784633303140223,0.4381500029594863,0.8165724521366925,0.31136405928260436,0.6787396971402274,0.4029195899046793,0.9655805002280633,0.03369991844584197
2025-05-04,0.18974626628498248,0.3987432396287224,0.3737324049484423,0.21105527638190932,0.5003394977623383,0.43587278805219754,0.5347813526467385,0.4784633303140223,0.8065694279665944,0.28600604001395036,0.6648723172473212,0.40346769064953186,0.9742274599305865,-0.027669749419250867
2025-05-11,0.17448922083502205,0.3900298793659872,0.3434766766020424,0.14070351758793953,0.4055371394404837,0.5003394977623383,0.4925996087125289,0.5347813526467385,0.7878428362062948,0.26245930783591453,0.6521143277458477,0.3925026858623145,0.9727268535211471,0.0059940239402106466
2025-05-18,0.16558913444455003,0.38481525781283954,0.35218589025360714,0.1731843575418995,0.45754011119364596,0.4055371394404837,0.5654563615282072,0.4925996087125289,0.7707446437294996,0.2415977163136191,0.6403769774044918,0.37494478146634175,0.9747074761978045,-0.003992021269537561
2025-05-25,0.15844305985799204,0.3805384372130388,0.34743586347460653,0.21969696969696967,0.44211391338084544,0.45754011119364596,0.45831591620915224,0.5654563615282072,0.757484820992393,0.2145937003552818,0.6295786150904445,0.361099717844124,0.9726968525044459,0.16211884947643512
2025-06-01,0.21265551670128807,0.4111706505074943,0.560748277776498,0.9749999999999994,0.6987179139798497,0.44211391338084544,0.5170868334117851,0.45831591620915224,0.7577174494614649,0.21751234298442884,0.5053974484789009,0.4064329329805997,0.9760447437385378,-0.041672696400567956
2025-06-08,0.23977729883202412,0.42631720809495155,0.500726871581322,0.7153846153846151,0.38390573025308206,0.6987179139798497,0.49965298754022863,0.5170868334117851,0.7551585363016724,0.22395833835067974,0.5083415112855741,0.40754964889709117,0.9725562921854574,-0.04533868058906178
2025-06-15,0.24469952579687157,0.4290465670589408,0.44311458648139024,0.5230769230769229,0.3782426077573918,0.38390573025308206,0.7896528080245525,0.49965298754022863,0.7513201665619836,0.1986240642669201,0.5146025515210991,0.42743666910625605,0.9669849922691824,-0.028223886587955032
2025-06-22,0.23882871945407413,0.42576343160529956,0.4103452313338882,0.40769230769230747,0.4046811219280143,0.3782426077573918,0.4338692794984003,0.7896528080245525,0.7494591388094074,0.18186291042157993,0.5206131501472032,0.4237748451626675,0.965101595109612,-0.027080958602670697
2025-06-29,0.22523432409280983,0.4181298348556369,0.380371621703503,0.2999999999999999,0.4064466890585907,0.4046811219280143,0.42746912789009656,0.4338692794984003,0.7432944843789983,0.15965615750918744,0.526383324828263,0.4121788975872881,0.9635948773819558,0.13377646063212087
2025-07-06,0.2636497122716436,0.43954779410618805,0.5329631197477577,0.861538461538461,0.6549352865616501,0.4064466890585907,0.45734849198985683,0.42746912789009656,0.7506222811547676,0.1634002990434344,0.5319226925220805,0.45222446338798555,0.9675038987432352,0.15243394120820392
2025-07-13,0.3576842351001931,0.49064818646088787,0.6670224059334193,0.803921568627451,0.6837569051313499,0.6549352865616501,0.4593438394892137,0.45734849198985683,0.7714425291367156,0.1990870941938545,0.5372404855081452,0.5361250217954451,0.9773042308656015,0.06417026482702022
2025-07-20,0.4602784254818278,0.5439400074660206,0.7143236692255326,0.9057971014492755,0.5474093418124893,0.6837569051313499,0.7401720748248724,0.4593438394892137,0.7984274315490727,0.23607560874207567,0.5532384690873405,0.592723908713049,0.9820521695457458,-0.08050321884907079
2025-07-27,0.5011854128773389,0.5639290275880635,0.5988714625751594,0.6962962962962961,0.3239212911800189,0.5474093418124893,0.7727446933022517,0.7401720748248724,0.8179682229511247,0.2699333392060591,0.5767909715407262,0.6247908117814206,0.9785009380873464,-0.013564639034138362
2025-08-03,0.524578403408068,0.5746236688354311,0.5816271809638065,0.6629629629629631,0.42732636814933495,0.3239212911800189,0.6186521273498797,0.7727446933022517,0.8369274431804963,0.30137266035118665,0.598459273797841,0.6111301046034867,0.9743280188939736,-0.003039516017896704
2025-08-10,0.5386421267630372,0.5804576162627519,0.5776032362802808,0.6423076923076924,0.44358532014107116,0.42732636814933495,0.3660781440428579,0.6186521273498797,0.8536766929536835,0.33056631570023365,0.6183941118743866,0.5804146607571873,0.9699478704556099,-0.010711655594927772
2025-08-17,0.5419083876949259,0.5809299788875293,0.5627781157299925,0.6153846153846153,0.43173358701981873,0.44358532014107116,0.48294091191969557,0.3660781440428579,0.871240142368623,0.35767470995292017,0.6367341629048087,0.5469757676946809,0.9668627659048445,0.0
2025-08-24,0.5413369879748826,0.5795496724480403,0.5627781157299925,0.5999999999999999,0.4482806899659022,0.43173358701981873,0.5013158910621097,0.48294091191969557,0.8884546490799543,0.3493568100830967,0.8476447497546614,0.5618211889092464,0.9733035397310688,-0.006172859107081079
2025-08-31,0.5351030360172351,0.5755054589493321,0.5532409538312923,0.5839999999999997,0.4387450085568671,0.4482806899659022,0.48792170987409966,0.5013158910621097,0.9054365273222135,0.3416330459182607,0.8435966633954858,0.526432127984774,0.9722479484026958,-0.021910109635744343
2025-09-07,0.5178477793729617,0.5663169184460927,0.5192102965753237,0.528,0.414434489769332,0.4387450085568671,0.5066223414803804,0.48792170987409966,0.9105543536417985,0.31548980732495774,0.8396295387634936,0.5230753140719908,0.9670183267321837,0.009448889197932289
2025-09-14,0.5054659871524627,0.5595772345397032,0.5309683463240793,0.5519999999999998,0.4628771023410684,0.414434489769332,0.49584563538709825,0.5066223414803804,0.9191616069974643,0.29612330254158725,0.8357417566241414,0.507664748854193,0.9703256610362907,-0.028618805305652563
2025-09-21,0.48106944095883564,0.5472487046406469,0.4853764658890527,0.4605809128630705,0.40407106117511155,0.4628771023410684,0.46837121539439086,0.49584563538709825,0.928583059994882,0.275274873934087,0.8319317301275762,0.4908962335493378,0.9594136245728326,-0.0016142053545411135
2025-09-28,0.45885263565098067,0.5360784490997131,0.482816038023442,0.4564315352697094,0.44578710510957437,0.40407106117511155,0.5231184091902842,0.46837121539439086,0.9396329122758041,0.2563376331798293,0.8281979041609421,0.46712978685278234,0.9494527314536771,0.001614205354541201
2025-10-05,0.43992796237252085,0.5265752502527948,0.48524017178122325,0.45833333333333326,0.45077427482223015,0.44578710510957437,0.45665903466100255,0.5231184091902842,0.9524274780747667,0.23875305247944734,0.8245387547136409,0.4335869880128289,0.9534984241132616,0.012820688429061469
2025-10-12,0.4284573726337883,0.5207065911263046,0.5054021871257841,0.2694610778443113,0.46808577512713506,0.45077427482223015,0.5038042281266937,0.45665903466100255,0.9576616186288877,0.2302195703010717,0.8209527882552856,0.4155531953515764,0.9559273953172858,0.01736428790933607
2025-10-19,0.4249543581048224,0.5186848650847085,0.5330615321549469,0.32727272727272716,0.4751046162091314,0.46808577512713506,0.5094404548340673,0.5038042281266937,0.9530090492474467,0.24113191033840015,0.8174385411260975,0.4315902606771735,0.9586397094568204,-0.014184634991956413
2025-10-26,0.41442191755252766,0.5133523512093418,0.5037423599760689,0.3333333333333333,0.42636861359409806,0.4751046162091314,0.5290049665681694,0.5094404548340673,0.9420755112010605,0.2439863115960227,0.8139945789394932,0.4128795231485487,0.9524600555907727,0.0
2025-11-02,0.4044924066427957,0.508352286814631,0.5037423599760689,0.43689320388349523,0.4482806899659022,0.42636861359409806,0.5369372772454599,0.5290049665681694,0.9376555702886916,0.24663682704952944,0.810619495996621,0.3905878573810259,0.9565046371015906,-0.020850795480190483
2025-11-09,0.38649579670628287,0.4995579902409767,0.45923274117577695,0.31067961165048574,0.4160708923056956,0.4482806899659022,0.4818585100536359,0.5369372772454599,0.9327703724381787,0.2591626372713821,0.807311914712606,0.4100472976300718,0.9515678031311061,-0.008136741393061713
2025-11-16,0.3677085990699906,0.49042081882153526,0.44229158316949024,0.2621359223300974,0.43571125134985805,0.4160708923056956,0.5066223414803804,0.4818585100536359,0.9275362318840578,0.2707937467631024,0.8040704850542714,0.3912362066792592,0.9499210806588445,0.014598799421152631
2025-11-23,0.3578343182872565,0.4855713286871103,0.472793422989378,0.34951456310679624,0.4708325573938864,0.43571125134985805,0.47022058812699735,0.5066223414803804,0.9241631190825131,0.28663169184316545,0.8008938839891037,0.3827840158154708,0.9599786437207039,0.01438873745209967
2025-11-30,0.35505561943574626,0.48413426335254467,0.5027751014287611,0.3626373626373625,0.47050805881416896,0.4708325573938864,0.4924170487580047,0.47022058812699735,0.9218368343917925,0.3017330704438629,0.7977808149452392,0.36346159739165834,0.9615898094324307,-0.0015885626851378416
2025-12-07,0.35121192895744835,0.4821983654233048,0.4986988860599516,0.35164835164835134,0.4458267172765889,0.47050805881416896,0.5321092298002622,0.4924170487580047,0.9198594924046802,0.3190255849557901,0.794730007282252,0.3496171929548561,0.9585691515101344,0.35715177777117973
2025-12-14,0.5269518402331801,0.5631551255585396,0.8872548764622292,0.8856304985337244,1.0,0.4458267172765889,0.5317424992362577,0.5321092298002622,0.9509153930257984,0.3883108346228604,0.6452404317958783,0.595745241072231,0.9933714420322022,0.16474115263449254
2025-12-21,0.7688393904364275,0.6653983122816944,0.9571211955373329,0.9096267190569745,0.7027687836075815,1.0,0.5038489956334216,0.5317424992362577,1.0,0.4626284550816162,0.6539008832188421,0.7193879785173037,1.0,-0.08256160069302045
