,MACD,PPO,RSI,STOCH,Lag_1,Lag_2,Lag_3,Lag_4,SMA,ADX,SAR,ATR,OBV,Target_Return
2010-08-01,0.27855448555520856,0.47962858558056454,0.34304093694713506,0.32459770114942554,0.3268086228238723,0.5715227185179704,0.3163725257597209,0.3153966570644679,0.5856082979183174,0.046776203713070064,0.4238952536824877,0.5876482115419037,0.032924925998208524,-0.040955764836821444
2010-08-08,0.258195101537048,0.4682780600545067,0.3101906947247646,0.17517241379310372,0.3568209982878276,0.3268086228238723,0.5715227185179704,0.3163725257597209,0.5813584960023049,0.03283984155826966,0.4258592471358429,0.5598551869032311,0.02976941237807846,0.0016708441648175007
2010-08-15,0.24379778595833826,0.46000798344936467,0.312158800066403,0.18114942528735647,0.43325546374990975,0.3568209982878276,0.3268086228238723,0.5715227185179704,0.5735791975797737,0.01989893384309785,0.4277839607201309,0.5173666351101247,0.03301310989071332,-0.08171355183835417
2010-08-22,0.21513480644664257,0.44342317333014797,0.25227369482246637,0.14955665024630557,0.28373754793033434,0.43325546374990975,0.3568209982878276,0.3268086228238723,0.5636389829287618,0.02549519337031403,0.5220949263502453,0.512664528207113,0.027251762247066443,-0.007272759329079585
2010-08-29,0.19273286631454273,0.42993548271841325,0.2474549879389789,0.21436189121933913,0.41721854295392174,0.28373754793033434,0.43325546374990975,0.3568209982878276,0.5563638982928761,0.036875035173809134,0.5194271685761046,0.504823131249543,0.020382237020942585,-0.07186456122964417
2010-09-05,0.16196180724323395,0.4109964622190043,0.20329140846833355,0.1406324487525824,0.30139793307823276,0.41721854295392174,0.28373754793033434,0.43325546374990975,0.5418857595620543,0.05459431753292199,0.5135764320785596,0.4947617102079814,0.018449540043545737,-0.03390155167568134
2010-09-12,0.13334104505823866,0.39256453760404697,0.18487527326816128,0.16297038202890285,0.36947002256762895,0.30139793307823276,0.41721854295392174,0.28373754793033434,0.5262551321760426,0.07806935526215517,0.5040220752864156,0.4756885285645955,0.002735170399190522,0.008080852053938674
2010-09-19,0.11508778250734439,0.3798112717862085,0.1948186456558893,0.2093699985450313,0.4447493530854154,0.36947002256762895,0.30139793307823276,0.41721854295392174,0.5117769934452207,0.10216438929041652,0.4904760866775777,0.4545025622052498,0.007239897574644013,-0.07302513501488977
2010-09-26,0.08964576062346519,0.3618810178398735,0.1561904442059529,0.1214513225315055,0.29931688935971545,0.4447493530854154,0.36947002256762895,0.30139793307823276,0.4991716487790824,0.1280293282692284,0.47424353529296226,0.44595037462398807,0.0,0.06899287148695142
2010-10-03,0.0859210263353814,0.35736937529635393,0.23743135364231088,0.3045131845841788,0.553971685206633,0.29931688935971545,0.4447493530854154,0.36947002256762895,0.4864222430310452,0.1585032194014346,0.45553398372556464,0.4498245840176161,0.019889876954457455,0.04541747969079262
2010-10-10,0.09527435971179105,0.3613850674875459,0.28971244405286484,0.3803245436105478,0.5116982669779094,0.553971685206633,0.29931688935971545,0.4447493530854154,0.4738168983649066,0.1699371043899702,0.4336904862331181,0.4471667854688222,0.03469742223755498,0.0
2010-10-17,0.1056149504670747,0.3662136821583587,0.28971244405286484,0.3803245436105478,0.4302594459197475,0.5116982669779094,0.553971685206633,0.29931688935971545,0.46430886695959084,0.17117689996694155,0.4149050783896142,0.43844355097349347,0.038280627736333325,0.11477551459242825
2010-10-24,0.14168108667378082,0.3883293100092359,0.4202760148928644,0.5879817444219068,0.6360652867191027,0.4302594459197475,0.5116982669779094,0.553971685206633,0.46221998127205943,0.1544047710997493,0.29950900163666117,0.4546694884898134,0.04390822980968125,0.047067510857985946
2010-10-31,0.18356383538521323,0.4144717681169379,0.46882311293155315,0.8958551027516544,0.5146569646837332,0.6360652867191027,0.4302594459197475,0.5116982669779094,0.45854642368364174,0.1441545756768072,0.3019148936170212,0.45722587306921353,0.048070509535907774,0.09396579241833151
2010-11-07,0.2422603776191008,0.45132584228581696,0.5579122653256265,0.9669304691916338,0.5987510356434338,0.5146569646837332,0.6360652867191027,0.4302594459197475,0.46185982856731256,0.14966294367557872,0.3082671031096562,0.46585493745010514,0.050310380405529674,0.0
2010-11-14,0.2895851232580803,0.4805632942479994,0.5579122653256265,0.9669304691916338,0.4302594459197475,0.5987510356434338,0.5146569646837332,0.6360652867191027,0.4669739969747172,0.15477785681729514,0.319721977086743,0.43772602982272263,0.052808924026498984,-0.01506052562572135
2010-11-21,0.3234816799457376,0.5011953632807203,0.5370615750738541,0.9301865460712265,0.4032541726235362,0.4302594459197475,0.5987510356434338,0.5146569646837332,0.471295829431679,0.148562825046443,0.33048955862520457,0.4282870730830634,0.05044853517045386,-0.033953878930343837
2010-11-28,0.34169607219101694,0.5121620537867704,0.4918667322730091,0.8493499152063313,0.3693761937167562,0.4032541726235362,0.4302594459197475,0.5987510356434338,0.4774184254123748,0.14233390052636755,0.3406110852713584,0.414657110772412,0.04547496363318319,-0.015823114939242756
2010-12-05,0.35219151497839063,0.5184433185659003,0.47165981068640367,0.8126059920859241,0.401886761330185,0.3693761937167562,0.4032541726235362,0.4302594459197475,0.4831088381473745,0.1350892670124441,0.350125320318743,0.3992205933315601,0.0360525147190454,0.012678458259770872
2010-12-12,0.36368256866118476,0.5252850645258846,0.48651922414805643,0.8420011305822497,0.452993395503484,0.401886761330185,0.3693761937167562,0.4032541726235362,0.4921126557660448,0.1243183698498804,0.3590687012632845,0.38905687007935374,0.03709896357676901,0.014073727211662118
2010-12-19,0.3762206420279815,0.5326955662781068,0.503595725271708,0.8750706613906163,0.45549527494009473,0.452993395503484,0.401886761330185,0.3693761937167562,0.5029892674493985,0.11827675243120958,0.36747547935115366,0.39004459155948107,0.05241650570485263,-0.026752185471433057
2010-12-26,0.3790898401886844,0.5343746504797597,0.4644694877642424,0.8126059920859241,0.3822896673156637,0.45549527494009473,0.452993395503484,0.401886761330185,0.5123532377728156,0.11266667911387238,0.3753778507537505,0.3728909563719227,0.048129298797577644,0.08554831893786946
2011-01-02,0.4034002544141163,0.5485258864181706,0.5657709244013898,1.0,0.5836575271263563,0.3822896673156637,0.45549527494009473,0.452993395503484,0.5282719873226247,0.12107708493691313,0.3828060798721916,0.37850854080735385,0.05395090543443613,-0.022206686034144423
2011-01-09,0.41597892705268796,0.5557062754126942,0.5309201707286113,0.9128352490421456,0.39044027624010325,0.5836575271263563,0.3822896673156637,0.45549527494009473,0.5407332709068645,0.13135281195699625,0.39244345927619695,0.3753844976116561,0.05003260114413956,0.013383099375629344
2011-01-16,0.428773153636786,0.562903560453573,0.5466021746827427,0.9430760810071153,0.4542568989417044,0.39044027624010325,0.5836575271263563,0.3822896673156637,0.5521861269178131,0.13887567901762102,0.40401744395414185,0.36622832165848834,0.05653763294791025,-0.011887212784046369
2011-01-23,0.434825566146507,0.5661926129284156,0.5266925355058873,0.767857142857143,0.40894429145959144,0.4542568989417044,0.39044027624010325,0.5836575271263563,0.5630627386011667,0.1651413276878775,0.41443403016429237,0.37371187050678817,0.05082625617668275,-0.0014958865915828024
2011-01-30,0.4383125010851132,0.5680005026313864,0.5240913048407909,0.6609195402298851,0.42757714735794705,0.40894429145959144,0.4542568989417044,0.39044027624010325,0.5693293956637614,0.16032870856365308,0.4294155308326296,0.37440560145161816,0.04994294752009301,-0.010534333684959327
2011-02-06,0.43736210030501194,0.567309658683467,0.5050519152549922,0.4942528735632191,0.41137016096212603,0.42757714735794705,0.40894429145959144,0.4542568989417044,0.5730749837931284,0.1558598479483019,0.4425992514207664,0.3521137582860301,0.045483782022433666,0.012030220276542282
2011-02-13,0.43891500777024944,0.5680184897700505,0.5230314873483726,0.5555555555555562,0.4518310294391698,0.41137016096212603,0.42757714735794705,0.40894429145959144,0.5730749837931283,0.14885379319923872,0.45171849427168564,0.335584375432283,0.046171616383971104,-0.07606458208909128
2011-02-20,0.41972921399840074,0.5571648347993795,0.398546019450229,0.18007662835249105,0.2938668074071973,0.4518310294391698,0.41137016096212603,0.42757714735794705,0.5695454872866095,0.1276147949658257,0.539279869067103,0.3390014988824348,0.04390822980968125,0.04879016416943204
2011-02-27,0.4163485784628996,0.5551806453660556,0.46980703242590954,0.5201554152501217,0.5177458823368312,0.2938668074071973,0.4518310294391698,0.41137016096212603,0.5689692429590145,0.12219184356861015,0.5375286415711946,0.3366142943527961,0.045330929942092014,-0.010810916104215506
2011-03-06,0.4102679036375258,0.5516951423035431,0.4530484367724423,0.5570607553366179,0.41087421653053297,0.5177458823368312,0.2938668074071973,0.4518310294391698,0.5694734567456602,0.12770305384180278,0.5329505728314238,0.36984418373253025,0.04188147001361262,-0.2235318254406175
2011-03-13,0.35359305881309333,0.5193915439704225,0.23433080651441013,0.1034482758620692,0.029440896392147642,0.41087421653053297,0.5177458823368312,0.2938668074071973,0.5614060361593315,0.1479799797863692,0.525081558101473,0.42641665535188905,0.039562233640736404,0.038099846232270175
2011-03-20,0.31721706481020284,0.4981167804117412,0.27861883175248847,0.2349425287356324,0.4985768994811867,0.029440896392147642,0.41087421653053297,0.5177458823368312,0.5542029820643953,0.1708004876039562,0.5123385359083469,0.43238116137447874,0.050798331277389565,0.09446020100262044
2011-03-27,0.3102911197017262,0.49395707306579706,0.3830965411514306,0.44613026819923396,0.5996375677121362,0.4985768994811867,0.029440896392147642,0.41087421653053297,0.550169271771231,0.17493234301753155,0.49662023059901794,0.447650064785962,0.05507965925849757,0.010152371464018128
2011-04-03,0.30781456556285536,0.4924132942629521,0.3940275607242523,0.47003831417624575,0.4484638282105107,0.5996375677121362,0.4985768994811867,0.029440896392147642,0.547792263919902,0.17657866214921505,0.4824737558206219,0.4180413813393428,0.0580044250265734,0.05406722127027558
2011-04-10,0.3195964649218361,0.4993672129993207,0.4524426598315731,0.6015325670498085,0.5272082591986724,0.4484638282105107,0.5996375677121362,0.4985768994811867,0.5437585536267378,0.15909251709346442,0.46974192852006535,0.4120935638199316,0.061950654216163165,0.0
2011-04-17,0.32928340104568676,0.5050748105366246,0.4524426598315731,0.6015325670498085,0.4302594459197475,0.5272082591986724,0.4484638282105107,0.5996375677121362,0.5408053014478139,0.13672635501194122,0.35515548281505716,0.41143580717573186,0.06487688971578076,-0.014458083175229888
2011-04-24,0.3336371782454951,0.5076274277045351,0.43516300051845763,0.5656704980842914,0.4043344219737299,0.4302594459197475,0.5272082591986724,0.4484638282105107,0.5365554995318015,0.11655523735026305,0.35759410801963987,0.39831447574893514,0.061950654216163165,0.027136541435000935
2011-05-01,0.3441092446306646,0.5137889205693893,0.4679055482914372,0.8174685112533551,0.4789184194495019,0.4043344219737299,0.4302594459197475,0.5272082591986724,0.5341064611395232,0.09978318521407456,0.35998396072013084,0.3972508777478975,0.0651179256886272,0.04012884095899483
2011-05-08,0.36283691616858665,0.524745599858905,0.5152617481594521,0.9570514144125543,0.502215122905354,0.4789184194495019,0.4043344219737299,0.4302594459197475,0.5336022473528775,0.09507833857373563,0.362326016366612,0.38027753879926407,0.07908772399292914,-0.08029488268432945
2011-05-15,0.35717825126067854,0.5214461824823114,0.41402415146433297,0.683254181292587,0.2862813866497421,0.502215122905354,0.4789184194495019,0.4043344219737299,0.5299286897644602,0.07850565338720364,0.36724377767594096,0.38606254117083966,0.07792957553803277,0.05268576707026245
2011-05-22,0.3659044947670187,0.5265295478519906,0.47356335364834207,0.8985035783994791,0.524731151218202,0.2862813866497421,0.502215122905354,0.4789184194495019,0.5280558956997767,0.0636100724900571,0.3719648285328968,0.3886542052206271,0.08329997459157505,0.0015540018667343205
2011-05-29,0.3730676065282457,0.530680461305929,0.47533075621235027,0.9041422684883974,0.43304595192603923,0.524731151218202,0.2862813866497421,0.502215122905354,0.5297846286825614,0.049778461656992484,0.3764970373555744,0.36047938787628475,0.08587053505808995,-0.026752185471433057
2011-06-05,0.3717615844623597,0.5299204249126145,0.4408814421330756,0.8082845369767944,0.3822896673156637,0.43304595192603923,0.524731151218202,0.2862813866497421,0.5280558956997766,0.05807836212857617,0.38084795782534486,0.3586431413185206,0.0800092456696043,0.0063593219082924216
2011-06-12,0.3721917161426297,0.5301651639095799,0.4489826022303674,0.8308392973324655,0.44166244939916927,0.3822896673156637,0.43304595192603923,0.524731151218202,0.527119498667435,0.060997382177419596,0.38502484147632454,0.3319169404290885,0.08208303687500881,-0.025683594734695118
2011-06-19,0.36601848372590357,0.526588189772508,0.4150749394579503,0.7406202559097812,0.38420577473479145,0.44166244939916927,0.3822896673156637,0.43304595192603923,0.5343225527623712,0.07604562673485438,0.389034649781265,0.32447552805562346,0.0799622142602684,-0.034742948443872976
2011-06-26,0.3527523514946859,0.5188669117720366,0.37263438790109266,0.5799373040752355,0.3679613003463568,0.38420577473479145,0.44166244939916927,0.3822896673156637,0.5385723546783836,0.0916354212925645,0.3928840657540078,0.3092252735373794,0.0722564117868907,-0.02903705285454552
2011-07-03,0.3356720243638767,0.508831955326123,0.3400217595965546,0.1034482758620692,0.37819263447232326,0.3679613003463568,0.38420577473479145,0.44166244939916927,0.5377800187279407,0.11292140783143043,0.396579505087841,0.2922841990466202,0.06976668655517188,-0.11561900105293442
2011-07-10,0.29749301302408004,0.4859857924855171,0.23926038540492434,0.12719799040876936,0.22294113583786482,0.37819263447232326,0.3679613003463568,0.38420577473479145,0.5320175754519917,0.15384148168921188,0.4852700490998363,0.31130474963864474,0.06806473742982924,-0.013712261863981782
2011-07-17,0.2655031328299713,0.46627722910223524,0.22958977806249875,0.19257914902198042,0.4056717662896544,0.22294113583786482,0.37819263447232326,0.3679613003463568,0.5233739105380681,0.19681655381391902,0.4827986906710311,0.3060306675740232,0.06636278830448662,0.021464238668299787
2011-07-24,0.2458896711036867,0.45375677288773014,0.2594060708203613,0.2502520669489815,0.46874732115981105,0.4056717662896544,0.22294113583786482,0.37819263447232326,0.5155225815745875,0.20750554490189846,0.47730016366612105,0.3226792656236099,0.06904504836817427,0.007692345623155645
2011-07-31,0.2334108049116632,0.44545009679894665,0.2705283462496398,0.27122403710425474,0.4440527158895188,0.46874732115981105,0.4056717662896544,0.22294113583786482,0.5086076496434487,0.2183980135761718,0.4720215777414074,0.30964240846480195,0.0778105272831513,0.0019138761822844192
2011-08-07,0.22547012633776561,0.43986467489332143,0.2734722380406902,0.34189288334556145,0.43369124841071965,0.4440527158895188,0.46874732115981105,0.4056717662896544,0.5005402290571201,0.2411234760844755,0.46695413525368246,0.31838768438883236,0.08729029572741721,-0.05099143796829429
2011-08-14,0.21043125934430046,0.4295022642787576,0.22867754798044937,0.21790168745414515,0.3388258696739889,0.43369124841071965,0.4440527158895188,0.46874732115981105,0.4887272203414247,0.26222569127075757,0.45882232085368235,0.3126076784134832,0.08047662029987973,-0.07302513501488977
2011-08-21,0.18642110318961033,0.41281694234324184,0.1765469635344485,0.1034482758620692,0.29931688935971545,0.3388258696739889,0.43369124841071965,0.4440527158895188,0.478066700280919,0.2893244183924327,0.4511784153176823,0.30793556097447067,0.07977555835446658,-0.048790164169431945
2011-08-28,0.16082893211688126,0.3943678220806108,0.14765997441467094,0.17719062546648792,0.34277300950266404,0.29931688935971545,0.3388258696739889,0.43369124841071965,0.4634445004681985,0.3243144673961016,0.44087792277966553,0.3077673520096865,0.07906567801980294,-0.09032263829328598
2011-09-04,0.1279219819575876,0.3698760196310654,0.10383092878311356,0.11107850330154079,0.2683004550742204,0.34277300950266404,0.29931688935971545,0.3388258696739889,0.44601310955845264,0.3612525196465869,0.4256772008781311,0.30761115797095845,0.07443161446867574,-0.10204925435417023
2011-09-11,0.08926115266512175,0.33973963892148773,0.06618400738015312,0.18982701340359742,0.24727326920873688,0.2683004550742204,0.34277300950266404,0.29931688935971545,0.426997046747821,0.4071403615928889,0.40719822809845085,0.32623195674934213,0.07180520420357447,-0.0953101798043249
2011-09-18,0.048920486680355146,0.306249208976653,0.038810641552692426,0.1034482758620692,0.2593572133223009,0.24727326920873688,0.2683004550742204,0.34277300950266404,0.40531585392206293,0.4503653468630837,0.38066510791589525,0.32406183140539835,0.06614967723093336,0.07302513501488982
2011-09-25,0.030803652527374603,0.2880847888789211,0.11558740236583215,0.24230813885986321,0.5612020024797797,0.2593572133223009,0.24727326920873688,0.2683004550742204,0.38658791327522857,0.4937300924121796,0.35406310963462206,0.32621690081460664,0.06781635279927406,-0.019915309700941432
2011-10-02,0.017571197314351528,0.2727925131013651,0.10841599646841138,0.2283251231527096,0.3945489803876488,0.5612020024797797,0.2593572133223009,0.24727326920873688,0.36886840020168543,0.5148057512861288,0.3258309315697845,0.32196275799456586,0.06634809098906916,-0.041061486797773925
2011-10-09,0.005530788073720427,0.2575574070749918,0.09397097746154459,0.18867182378392575,0.35663142652121826,0.3945489803876488,0.5612020024797797,0.2593572133223009,0.3513649787509904,0.5378016442920841,0.3026805455566177,0.30411186318543615,0.06445654649484121,0.0
2011-10-16,0.00013261833574540471,0.2471700298582527,0.09397097746154459,0.18867182378392575,0.4302594459197475,0.35663142652121826,0.3945489803876488,0.5612020024797797,0.33839948138010517,0.5540397401685806,0.28369722902582095,0.28475590842456877,0.0654736007217299,0.0
2011-10-23,0.0,0.24092100166213748,0.09397097746154459,0.18867182378392575,0.4302594459197475,0.4302594459197475,0.35663142652121826,0.3945489803876488,0.3259381977958654,0.5693507510694086,0.2681309094705676,0.26469742896089954,0.07004152635347849,0.002989538848365986
2011-10-30,0.004392259831011325,0.2385421995707795,0.09789784263735218,0.2047976011994006,0.43562003662130194,0.4302594459197475,0.4302594459197475,0.35663142652121826,0.312756608802132,0.5786379303837182,0.2553665274352599,0.2502418838303628,0.07771646446447951,0.011869575555383729
2011-11-06,0.013473402394962697,0.2405299597286341,0.11446632059316919,0.22682695349572954,0.45154297477850963,0.43562003662130194,0.4302594459197475,0.4302594459197475,0.2995750198083987,0.586524372353182,0.24489973416630748,0.23681887763772153,0.07815003526929477,0.03478611608541539
2011-11-13,0.029308160918770476,0.24916200128083094,0.1644148782694762,0.2794070254592331,0.4926349960928432,0.45154297477850963,0.43562003662130194,0.4302594459197475,0.28718576676510843,0.5950458150646535,0.23631696368576657,0.22435465760169743,0.07992988016634997,0.011331566009550018
2011-11-20,0.04707028221824283,0.26019079146873797,0.18112295611152568,0.322817314746882,0.4505782611169628,0.4926349960928432,0.45154297477850963,0.43562003662130194,0.2769574299502989,0.5888491435707731,0.19721767594108017,0.21417080093015572,0.08086903862152608,-0.11637557588850364
2011-11-27,0.04902883027654015,0.2565423939508085,0.117673567084018,0.1495943204868158,0.2215845092026902,0.4505782611169628,0.4926349960928432,0.45154297477850963,0.266440970971692,0.5946019677209421,0.19819967266775776,0.22695535352569973,0.07912299754993106,0.08198823357902782
2011-12-04,0.06484704097429922,0.2665029235664806,0.22097064323739862,0.3724137931034486,0.5772738802030933,0.2215845092026902,0.4505782611169628,0.4926349960928432,0.2594540084996038,0.6043079635053097,0.24631751227495904,0.23326647605963957,0.08113065083595698,0.002911210207458313
2011-12-11,0.08099739146148349,0.27735182403368625,0.2246386065052965,0.5623973727422005,0.43547958426212136,0.5772738802030933,0.2215845092026902,0.4505782611169628,0.2552762371245408,0.6101258945459869,0.24520458265139114,0.21897090609347192,0.08732409955287739,-0.00291121020745833
2011-12-18,0.09642804617941259,0.288037968760807,0.22264142429387285,0.5517241379310348,0.4250393075773736,0.43547958426212136,0.5772738802030933,0.2215845092026902,0.25383562630555356,0.5943658548081798,0.19067103109656297,0.22932750113448674,0.08180378788207696,0.02020270731751947
2011-12-25,0.114302467464835,0.3016977076322518,0.25125462989756897,0.6264367816091955,0.46648524878954944,0.4250393075773736,0.43547958426212136,0.5772738802030933,0.2552762371245408,0.5797315321945017,0.19188216039279865,0.21739837942012236,0.08191740694864322,-0.020202707317519355
2012-01-01,0.12831673585811132,0.3120197386324021,0.23520004850425918,0.5517241379310348,0.3940336430499458,0.46648524878954944,0.4250393075773736,0.43547958426212136,0.2544118706331484,0.5678425364519404,0.19306906710310964,0.20910146169488814,0.07738181541081306,0.0
2012-01-08,0.14193250503235008,0.32237254223626677,0.23520004850425918,0.6123019571295437,0.4302594459197475,0.3940336430499458,0.46648524878954944,0.4250393075773736,0.25405171792840164,0.558133174279422,0.19423223567921438,0.19861705708335226,0.07740101010474826,-0.02658945418923961
2012-01-15,0.1514994807304776,0.3289934379660733,0.21320219457267897,0.5032618825722275,0.3825814634228309,0.4302594459197475,0.3940336430499458,0.46648524878954944,0.25405171792840164,0.5509643318481117,0.19537214088379704,0.19166166238217297,0.07403532487414843,0.0
2012-01-22,0.16136671295128208,0.33621020083700004,0.21320219457267897,0.5032618825722275,0.4302594459197475,0.3825814634228309,0.4302594459197475,0.3940336430499458,0.25405171792840164,0.5447925437650253,0.19648924798428805,0.17964283385486973,0.07838132104309328,0.0467921615067591
2012-01-29,0.17772369917797567,0.3504332455142216,0.29319276750722195,0.6971109040074559,0.5141632312864661,0.4302594459197475,0.3825814634228309,0.4302594459197475,0.2552042065835914,0.5231594029803244,0.1975840129427692,0.18307814337956319,0.08607977485876225,-0.04679216150675894
2012-02-05,0.18624493134280215,0.3569414419486109,0.24757973924211646,0.5032618825722275,0.34635566055302924,0.5141632312864661,0.4302594459197475,0.3825814634228309,0.2551321760426421,0.5030714865373878,0.19865688260208078,0.1744525472191219,0.08308299224514082,0.038183786970158805
2012-02-12,0.2000700421515819,0.3692039196721577,0.3087669119437944,0.6607642124883508,0.498727414982684,0.34635566055302924,0.5141632312864661,0.4302594459197475,0.255708420370237,0.48441842126894663,0.1997082948682061,0.16435797217013415,0.10114452316166544,0.050572573635632334
2012-02-19,0.21988273649805784,0.3879707592651499,0.3851472731495293,0.8788443616029823,0.5209419497223071,0.498727414982684,0.34635566055302924,0.5141632312864661,0.256716847943528,0.44989694537283986,0.2007386788890089,0.16401984076276943,0.10876508120562184,-0.011019395249610538
2012-02-26,0.23540620545653201,0.40260119830890223,0.371399811647444,0.8303821062441751,0.41050038918626436,0.5209419497223071,0.498727414982684,0.34635566055302924,0.2571490311892242,0.4116531046366664,0.20174845522939563,0.1650959235321257,0.06904705602146029,-0.03955317838602169
2012-03-04,0.243412916200496,0.40972997204545003,0.32477007560485166,0.6607642124883508,0.35933599885067125,0.41050038918626436,0.5209419497223071,0.498727414982684,0.2593819779586544,0.38404964688967935,0.20273803604297466,0.16540011227985907,0.0674817919295001,-0.13889776257198963
2012-03-11,0.23310320441791274,0.39793396866424996,0.20808793183938712,0.1034482758620692,0.1811996101805023,0.35933599885067125,0.41050038918626436,0.5209419497223071,0.2564287257797306,0.37963345358376155,0.2512274959083469,0.17819313065993708,0.045055158333987926,0.1976559207940613
2012-03-18,0.25273127557906555,0.4173257716372418,0.432255617019994,0.9286833855799375,0.7846794902335903,0.1811996101805023,0.35933599885067125,0.41050038918626436,0.2581574587625153,0.38369551099235155,0.2500327332242226,0.20675310521291973,0.050138959736889595,-0.013680103904080266
2012-03-25,0.267337819580663,0.4316638952578079,0.4190807682305486,0.9050709939148068,0.40572942925025557,0.7846794902335903,0.1811996101805023,0.35933599885067125,0.2595980695815025,0.3768102331192824,0.24719999999999995,0.20547184291679121,0.04180558189518607,0.0027510333718900187
2012-04-01,0.2802312713331755,0.44435530698648296,0.4220064550654364,0.9156186612576064,0.4351923685747182,0.40572942925025557,0.7846794902335903,0.1811996101805023,0.26060649715479356,0.36944090321757983,0.17921440261865793,0.20011191355608726,0.046610134305155884,0.03243527575315374
2012-04-08,0.29601290607094743,0.46007709062281965,0.45764949177772757,1.0,0.4884196660820461,0.4351923685747182,0.40572942925025557,0.7846794902335903,0.2629835050061226,0.35463487016024153,0.18054009819967265,0.19791496015925186,0.05767721281450818,0.2038088996067541
2012-04-15,0.34292675760368757,0.5066954587750852,0.6408012532519074,1.0,0.7957124965543513,0.4884196660820461,0.4351923685747182,0.40572942925025557,0.2714831088381474,0.35072703830608276,0.1834003273322422,0.24035691387185598,0.09420151135845425,0.0
2012-04-22,0.3798728552006334,0.5421668706671265,0.6408012532519076,1.0,0.4302594459197475,0.7957124965543513,0.4884196660820461,0.4351923685747182,0.2806309875387164,0.3470983372986495,0.19169254337152208,0.27976729946213125,0.13072580990240032,0.15260005151221614
2012-04-29,0.43883146839027126,0.5961172721228545,0.7448014327009813,0.9460720767435831,0.7038890786773985,0.4302594459197475,0.7957124965543513,0.4884196660820461,0.29525318735143696,0.3755349082352514,0.19948722644844516,0.31705768847691285,0.19534696632991716,-0.061439665233504914
2012-05-06,0.47138749912132794,0.6240743318184717,0.653768060270385,0.8382162302307492,0.3200909835372094,0.7038890786773985,0.4302594459197475,0.7957124965543513,0.30641792119858824,0.4019402955335245,0.21527947582847787,0.3183229918762467,0.1806481811809089,-0.14921239818667575
2012-05-13,0.4677652131945006,0.620181156855686,0.4949660464797592,0.6022815659839252,0.16270426940370308,0.3200909835372094,0.7038890786773985,0.4302594459197475,0.31369300583447374,0.3895455139058598,0.22980834525810798,0.3375687215947332,0.17782482688921356,-0.06163087504588231
2012-05-20,0.4533485046925384,0.6071225505970516,0.44654542206782005,0.5146486906922478,0.3197481221146738,0.16270426940370308,0.3200909835372094,0.7038890786773985,0.31815889937333425,0.3565964077795988,0.24317490513336767,0.33736895119993693,0.1751263997785667,-0.16727638098507747
2012-05-27,0.41591533153399074,0.5740169483927902,0.3465057670219502,0.3023074928701064,0.130313448232378,0.3197481221146738,0.16270426940370308,0.3200909835372094,0.3167903190952964,0.33092809875937446,0.39689034369885434,0.3503890384857634,0.17255730904359357,-0.06878645183506776
2012-06-03,0.3767932980196252,0.5386982691507629,0.3149625153649462,0.22478610318900716,0.3069173410658401,0.130313448232378,0.3197481221146738,0.16270426940370308,0.3140531585392206,0.3151883549208858,0.3935024549918167,0.33467788087013295,0.16974424287269047,-0.04755254024908205
2012-06-10,0.33997739714575675,0.5044714747957053,0.29483638151534014,0.17422867513611634,0.3449922130708248,0.3069173410658401,0.130313448232378,0.3197481221146738,0.31124396744219546,0.3081988958833104,0.3861093289689034,0.3242591345984892,0.1667239445544011,-0.033006296468170084
2012-06-17,0.3073775239571063,0.4730822083070781,0.28129961166969114,0.14052372310085576,0.3710753192318707,0.3449922130708248,0.3069173410658401,0.130313448232378,0.31095584527839804,0.30399716085327944,0.37433393126022907,0.30485415095574153,0.1645281656310316,0.04269942567382968
2012-06-24,0.28760481612581934,0.4532923873021232,0.31020728832726213,0.16551724137931045,0.5068244801403113,0.3710753192318707,0.3449922130708248,0.3069173410658401,0.30685010444428434,0.2924582526615237,0.35911716765957435,0.2944805782065477,0.16630948025962855,0.034758633365174256
2012-07-01,0.27731134205364466,0.4424960348724847,0.3348112501128561,0.2034482758620692,0.49258571638046933,0.5068244801403113,0.3710753192318707,0.3449922130708248,0.3038968522653605,0.27522180381408656,0.34511774514697213,0.2841529439727704,0.16730889770801627,-0.015649771667127776
2012-07-08,0.26819496524309566,0.4326093973251014,0.3264289677267939,0.1862068965517243,0.4021975859689699,0.49258571638046933,0.5068244801403113,0.3710753192318707,0.30051141684074045,0.26283157748943164,0.33223827643537807,0.2676126882318597,0.16527919844886413,0.0
2012-07-15,0.26209438014784203,0.42559326289638993,0.32642896772679403,0.1862068965517243,0.4302594459197475,0.4021975859689699,0.49258571638046933,0.5068244801403113,0.2962616149247281,0.24443998124032693,0.3203891652207115,0.25503400319626096,0.1663741484474654,-0.028801990903706078
2012-07-22,0.2548447036392105,0.4171586995370378,0.30972451270456774,0.16480923036580594,0.3786141278771164,0.4302594459197475,0.4021975859689699,0.49258571638046933,0.2852409421594756,0.23859740850956088,0.3094879829032182,0.24891404339655615,0.16108311489717744,-0.053345980705292735
2012-07-29,0.24399181537651798,0.40455764951663886,0.2804448584351831,0.11026615969581773,0.33460390082107866,0.3786141278771164,0.4302594459197475,0.4021975859689699,0.27306778073903337,0.23317216240242097,0.2967061240564316,0.24114613068253782,0.15281734470639427,0.016978336534418048
2012-08-05,0.23879620916447258,0.3977321727566743,0.29532902106530995,0.1369294605809132,0.46070357712881665,0.33460390082107866,0.3786141278771164,0.4302594459197475,0.25578045091118634,0.22986454533468328,0.28520245109432363,0.2339330688766637,0.1586683459740877,-0.013559529785632362
2012-08-12,0.23451074209941697,0.3917001045419972,0.28734867592178853,0.1360501567398122,0.40594563266187983,0.46070357712881665,0.33460390082107866,0.3786141278771164,0.24050997622992143,0.22815261849313936,0.27258208494991154,0.21958988513785144,0.15356690779268506,-0.017212128881121523
2012-08-19,0.23058924941073292,0.385882163899228,0.27698974651050395,0.15032679738562116,0.39939609785369784,0.40594563266187983,0.46070357712881665,0.33460390082107866,0.22992148671036522,0.2289219591542744,0.25928147685397784,0.20974636935658453,0.15268359913609533,0.0
2012-08-26,0.228987285389104,0.38254242128507787,0.27698974651050395,0.20228074938908502,0.4302594459197475,0.39939609785369784,0.40594563266187983,0.46070357712881665,0.22120579125549228,0.232539864800855,0.24555421469809427,0.20130099281207692,0.15525562933415196,0.010362787035546658
2012-09-02,0.23041467641663285,0.3826334806081937,0.2884582119391426,0.3181155900922779,0.44884112779195434,0.4302594459197475,0.39939609785369784,0.40594563266187983,0.21724411150327738,0.235899348615537,0.23169815490677445,0.18303339294928667,0.1609023379175426,-0.042111485350126966
2012-09-09,0.228230204654333,0.3784895466913246,0.2595291635936325,0.1757508342602892,0.3547486570501121,0.44884112779195434,0.4302594459197475,0.39939609785369784,0.21407476770150546,0.24321433191645095,0.2203361858778922,0.17163086938147532,0.1567944382583607,0.09237332013101507
2012-09-16,0.23876027874760358,0.3893321557870931,0.36079626337148313,0.5661846496106787,0.5958955477006905,0.3547486570501121,0.44884112779195434,0.4302594459197475,0.21393070661960667,0.22607002520804023,0.21101937127420875,0.18467386464953528,0.21456076677517116,0.006514681021193672
2012-09-23,0.2491835198622763,0.40028139474072505,0.36782412657898905,0.5951056729699667,0.4419410263497499,0.5958955477006905,0.3547486570501121,0.44884112779195434,0.21465101202910036,0.21015031183594454,0.20703764320785592,0.1766293193650506,0.21911546482304403,-0.01636697746420536
2012-09-30,0.25661873269602503,0.40790957685374657,0.35305611704874257,0.5228031145717461,0.4009115525966267,0.4419410263497499,0.5958955477006905,0.3547486570501121,0.21407476770150546,0.19734590585735598,0.200114566284779,0.16915938445802908,0.21683885066487846,0.1384696742651053
2012-10-07,0.2815249077810684,0.4361575139813259,0.49823752236943736,0.7945402298850572,0.6785516695576874,0.4009115525966267,0.4419410263497499,0.5958955477006905,0.21594756176618884,0.19510836343983676,0.1685761047463175,0.19766959563019343,0.23683013909571643,-0.03509131981127017
2012-10-14,0.29715304197420667,0.4536528327553213,0.46000533329668375,0.6824712643678159,0.3673366299849805,0.6785516695576874,0.4009115525966267,0.4419410263497499,0.21731614204422672,0.19303064548071183,0.17014729950900165,0.20468249608047456,0.2289597266896631,-0.021053409197832267
2012-10-21,0.3073236315970682,0.4649411343520613,0.4380075427154763,0.6170977011494253,0.3925082356808819,0.3673366299849805,0.6785516695576874,0.4009115525966267,0.21818050853561904,0.19110133594723863,0.1716870703764321,0.189648515103286,0.2264259095116919,-0.009160369398664278
2012-10-28,0.3146942024022256,0.4730866504301049,0.42832909578496997,0.5890804597701147,0.41383383865656603,0.3925082356808819,0.3673366299849805,0.6785516695576874,0.21947705827270758,0.17454323074245018,0.17319604582651393,0.18402876151020886,0.2223033125370925,-0.05032508388751565
2012-11-04,0.31461387828836457,0.47279868972569367,0.37783911055847424,0.43965517241379315,0.34002072000728273,0.41383383865656603,0.3925082356808819,0.3673366299849805,0.22077360800979612,0.15916784733800374,0.17467484176759412,0.17672532598805918,0.22024568837864722,0.006430890330290331
2012-11-11,0.3158597008699195,0.47402652826390834,0.38527555072743186,0.45833333333333337,0.44179077989994087,0.34002072000728273,0.41383383865656603,0.3925082356808819,0.22185406612403658,0.1432720476768282,0.1761240617898527,0.16438331669842637,0.22371572454871105,0.03464913541317406
2012-11-18,0.32171174339191894,0.4805371992334121,0.42633281490581615,0.5610632183908045,0.4923893738229366,0.44179077989994087,0.34002072000728273,0.41383383865656603,0.22401498235251743,0.1344417596944452,0.17754429741166614,0.15639803433425456,0.22573807515015445,0.0030911925696728796
2012-11-25,0.32712660938336446,0.48657560380302645,0.43009760962193827,0.5704022988505748,0.43580231356127686,0.4923893738229366,0.44179077989994087,0.34002072000728273,0.22660808182669456,0.12624220656794663,0.1789361283210433,0.14759306734847155,0.22683743434338094,-0.06701071028296043
2012-12-02,0.3233826838747037,0.48218983057519416,0.3566460981701906,0.3676950998185117,0.3101014521061744,0.43580231356127686,0.4923893738229366,0.44179077989994087,0.22768853994093496,0.10673970030278188,0.1803001226122329,0.1484524291426542,0.2251472430703723,0.019608471388376337
2012-12-09,0.32324997342032746,0.48190624130165655,0.3814400127559165,0.4243194192377495,0.4654197146861758,0.3101014521061744,0.43580231356127686,0.4923893738229366,0.22898508967802345,0.08863023019941466,0.1816368370175987,0.1457752531181937,0.23186685567923798,0.03809984623227038
2012-12-16,0.328335683898148,0.4876241267860295,0.4295505567910854,0.5375680580762251,0.4985768994811871,0.4654197146861758,0.3101014521061744,0.43580231356127686,0.23201037239789668,0.07181429367485939,0.1829468171348572,0.1398141491192788,0.23732984781991032,0.033693845786472575
2012-12-23,0.33705400915336686,0.4975040901497822,0.47105741508745863,0.5457471264367814,0.4906764284658337,0.4985768994811871,0.4654197146861758,0.3101014521061744,0.23388316646258017,0.06399668007724252,0.18423059764977054,0.13983908599649458,0.24316027284601927,0.3085472109157425
2012-12-30,0.39189394315084675,0.5581083677607567,0.7344085189904896,1.0,0.9835204649995043,0.4906764284658337,0.4985768994811871,0.4654197146861758,0.24425556435928825,0.11833611756345389,0.1854887025543856,0.20658521446840744,0.2563996145740731,-0.006659292089976737
2013-01-06,0.43329809930302693,0.6012782300121495,0.7236632721752569,0.7450563817617261,0.4183185610317736,0.9835204649995043,0.4906764284658337,0.4985768994811871,0.2547720233378953,0.18191373973795058,0.19063871255368314,0.23450724496840852,0.24281194647062532,0.06884438236350675
2013-01-13,0.47763152591984914,0.6447543229444485,0.7659680133358215,0.8810263114888053,0.553705426945813,0.4183185610317736,0.9835204649995043,0.4906764284658337,0.26435208528416043,0.24095010318569746,0.20085341762370276,0.2527895040850518,0.25188019008320217,-0.018888284520205745
2013-01-20,0.5074394124816817,0.671757946906409,0.7329233586612152,0.8427847687530642,0.3963905559326942,0.553705426945813,0.4183185610317736,0.9835204649995043,0.2741482388532738,0.295769583530034,0.21045524038952115,0.24057458695041334,0.24274580855124672,0.02510592113107626
2013-01-27,0.5338838307179405,0.6940446621878851,0.749460189873806,0.8937734924007191,0.47527728117643486,0.3963905559326942,0.553705426945813,0.4183185610317736,0.28531297270042494,0.3482407555261616,0.2194809537893905,0.2368775045301782,0.2514686652515131,0.03052118903488713
2013-02-03,0.5585854965902392,0.7133655407237419,0.7694586306614866,0.9455365775056397,0.48498748607558223,0.47527728117643486,0.3963905559326942,0.553705426945813,0.29777425628466464,0.4020308995661279,0.22796512438526764,0.23483456135901193,0.2743876589135104,-0.02229068989837151
2013-02-10,0.5712939519766378,0.7213124496178294,0.7259838833599237,0.8994521430873349,0.39028964754574236,0.48498748607558223,0.47527728117643486,0.3963905559326942,0.3105956925736512,0.4519788904603824,0.23879501754410257,0.23224251173340293,0.26938910194003,-0.03545731183672944
2013-02-17,0.5720735826604058,0.7189009114604833,0.6615358898224439,0.8282307444408636,0.3666803637352235,0.39028964754574236,0.48498748607558223,0.47527728117643486,0.32204854858459986,0.48808822640258087,0.24875851925023065,0.22288529884293434,0.2626871261096653,0.0063492276786587445
2013-02-24,0.5714570801121481,0.7154105498415853,0.6670546599336409,0.8407992265549469,0.4416443492719395,0.3666803637352235,0.39028964754574236,0.48498748607558223,0.33292516026795355,0.495593217191293,0.2579249408198685,0.2301821705351692,0.2674505260364662,0.025001302205417186
2013-03-03,0.5733351801837439,0.7140462716302705,0.6892960414869513,0.8910731550112795,0.47508968728033907,0.4416443492719395,0.3666803637352235,0.39028964754574236,0.34459410790175027,0.5040650530324466,0.2663580486639353,0.2181920010064704,0.27703905461482137,-0.020790769669073894
2013-03-10,0.5683917717468054,0.7072613326574957,0.6486278457026955,0.8455700379475334,0.39297917888889283,0.47508968728033907,0.4416443492719395,0.3666803637352235,0.35705539148599,0.49962812405942036,0.2741165078804768,0.2126185198917439,0.2677297750293981,-0.029852963149681045
2013-03-17,0.5565684723799442,0.6952344528607373,0.5937688789280844,0.7802569303583502,0.37672961246015013,0.39297917888889283,0.47508968728033907,0.4416443492719395,0.36807606425124245,0.4793756307916025,0.28125429035969496,0.21786860907095967,0.26319124402848443,0.0
2013-03-24,0.5450607712404362,0.6838059966899748,0.5937688789280844,0.7802569303583502,0.4302594459197475,0.37672961246015013,0.39297917888889283,0.47508968728033907,0.3782323705251026,0.45089437865999016,0.2878210502405757,0.22065859898022483,0.2685983863705703,0.040302379024022325
2013-03-31,0.5414922374542663,0.6789749711368753,0.6389486149545833,0.8455938697318005,0.5025262968304764,0.4302594459197475,0.37672961246015013,0.39297917888889283,0.3889649211265576,0.44358391483294846,0.2938624693309859,0.23714992322934858,0.28396883883415686,-0.0020811662038245117
2013-04-07,0.536225819354123,0.6729542733275643,0.6345701735820835,0.6543415039468216,0.42652767297198707,0.5025262968304764,0.4302594459197475,0.37672961246015013,0.39098177627313985,0.4367956269935527,0.29541734860883795,0.23300242867966342,0.2793009714575695,-0.06231876439925827
2013-04-14,0.5185469907523654,0.6573741313373033,0.5172488962042714,0.3565922920892497,0.3185146565340472,0.42652767297198707,0.5025262968304764,0.4302594459197475,0.3911258373550385,0.4113851227916455,0.3633387888707037,0.2465269579073921,0.2725549036809523,0.0022148403295528213
2013-04-21,0.5032828523322012,0.6439730025522276,0.5201731208857454,0.4277329420396183,0.4342309121151168,0.3185146565340472,0.42652767297198707,0.5025262968304764,0.38903695166750696,0.381701123133687,0.3619476268412438,0.24935501579977593,0.2760866685757695,-0.042944451829741236
2013-04-28,0.4821258187613292,0.6260963472556508,0.4506182402933609,0.3946360153256706,0.3532550513163156,0.4342309121151168,0.3185146565340472,0.42652767297198707,0.3862277605704818,0.3459632652853112,0.3589263502454991,0.2644916269570292,0.2737174613304739,0.10927892565008278
2013-05-05,0.4840504540524905,0.6267854034687492,0.5858807730281586,0.7777777777777777,0.6262092637439508,0.3532550513163156,0.4342309121151168,0.3185146565340472,0.3861557300295326,0.3303972517596282,0.35344641571194757,0.27368183483636804,0.29579576855059214,-0.0041493835468115895
2013-05-12,0.483344473280829,0.625386390360623,0.5786482833412898,0.7681331747919139,0.4228191188370676,0.6262092637439508,0.3532550513163156,0.4342309121151168,0.384859180292444,0.3159430963429225,0.3482952772504091,0.25580442256233654,0.25880703483945416,0.0020768439448392907
2013-05-19,0.4817793184024385,0.6233437628527903,0.5811252131169984,0.8190446061372986,0.4339834685546667,0.4228191188370676,0.6262092637439508,0.3532550513163156,0.3844269970467478,0.3050263303629661,0.2675941080196399,0.23920396830787877,0.26362628456484144,-0.002076843944839228
2013-05-26,0.47876298826767044,0.6202151533528878,0.5769975716491984,0.8108193609617207,0.42653542328482846,0.4339834685546667,0.4228191188370676,0.6262092637439508,0.3851473024562414,0.2818948759612081,0.26911620294599015,0.23282466335257773,0.2538849039061446,0.0
2013-06-02,0.47504200643093936,0.6166012856036597,0.5769975716491984,0.8108193609617207,0.4302594459197475,0.42653542328482846,0.4339834685546667,0.4228191188370676,0.38565151624288696,0.260415668302433,0.2706078559738134,0.22690102303694104,0.26362628456484144,0.01853812099891128
2013-06-09,0.4743927649289374,0.6154147532272507,0.6033637746069602,0.8848465675419173,0.46350045200514134,0.4302594459197475,0.42653542328482846,0.4339834685546667,0.38593963840668444,0.25187956791108235,0.2720696759410802,0.2227905618200447,0.2773961993794658,-0.03109058707003112
2013-06-16,0.46660712028231327,0.6087863481308172,0.5342906121243194,0.761467889908257,0.37451040889198906,0.46350045200514134,0.4302594459197475,0.42653542328482846,0.38586760786573504,0.2439531889762567,0.27539310821603924,0.2175836430424461,0.2755752019992417,-0.004219415542708099
2013-06-23,0.4584921547590557,0.6019977876100526,0.5253149448229624,0.7450173995571026,0.4226935433269118,0.37451040889198906,0.46350045200514134,0.4302594459197475,0.386659943816178,0.22336791669749015,0.2785836032,0.23081945216806682,0.2713056318704677,0.02711323540856067
2013-06-30,0.45618067508952165,0.5997409869298792,0.5690270427470179,0.851945586839608,0.47887662903467115,0.4226935433269118,0.37451040889198906,0.46350045200514134,0.38838867679896266,0.19975907363073495,0.28164647838460233,0.2180887315560635,0.27440382596046964,0.00819676720417849
2013-07-07,0.45486101416719354,0.5982737776297978,0.58206201936099,0.8994521430873353,0.444957202425418,0.47887662903467115,0.4226935433269118,0.37451040889198906,0.38903695166750696,0.17520650743064256,0.28458683856182054,0.2090474719973074,0.27902466192772113,-0.008196767204178515
2013-07-14,0.4511499793946204,0.5950152707228838,0.5611641227729995,0.8659361907831137,0.41556168941407706,0.444957202425418,0.47887662903467115,0.4226935433269118,0.3894691349132032,0.15629936942644432,0.2874095843319501,0.2048222024927615,0.2720390279097993,0.00819676720417849
2013-07-21,0.44879113080689015,0.5928245674420569,0.5756990128431874,0.8994521430873353,0.444957202425418,0.41556168941407706,0.444957202425418,0.47887662903467115,0.39227832601022833,0.13906360327460818,0.29011942027127435,0.2036788618195015,0.2740643179743261,-0.0785132656216383
2013-07-28,0.43120324052278386,0.5791146938481261,0.40571187498294453,0.5894295842732844,0.289476033163606,0.444957202425418,0.41556168941407706,0.444957202425418,0.3923503565511777,0.12885223337404075,0.29272086277302567,0.20887246703720863,0.26977123214088417,-0.006644542718668613
2013-08-04,0.4154139810996825,0.5667934907554187,0.39426222620954304,0.3524904214559392,0.41834500836920535,0.289476033163606,0.444957202425418,0.41556168941407706,0.39357487574731687,0.12322416188674909,0.2952182475747068,0.19214914048691561,0.2684396553640617,-0.02474816968919414
2013-08-11,0.3980303612887225,0.5532165245473204,0.35288076637670246,0.21551724137931041,0.385883100588461,0.41834500836920535,0.289476033163606,0.444957202425418,0.3904055319455449,0.12495239170083791,0.29761573698432087,0.18218058499499462,0.26728738583533235,-0.058633439249857026
2013-08-18,0.37402461494363337,0.5343353534732441,0.2718495406434115,0.2265043948613928,0.32512287296143466,0.385883100588461,0.41834500836920535,0.289476033163606,0.3855794857019376,0.1453479665911401,0.35515548281505716,0.18960481238112104,0.2641112959736178,-0.08569472110488284
2013-08-25,0.34152274905527336,0.5082880704505031,0.18754499219021803,0.1586206896551724,0.2765988486078176,0.32512287296143466,0.385883100588461,0.41834500836920535,0.3782323705251027,0.17615264726744753,0.3534860883797053,0.19858383071110214,0.26074708047455974,0.04628075256400639
2013-09-01,0.3234273823780225,0.49345258298306294,0.2684042747228081,0.3433705682370084,0.5132462155986752,0.2765988486078176,0.32512287296143466,0.385883100588461,0.37225383562630554,0.20929773643390095,0.3492975450081832,0.20483639768893525,0.26445227369130303,0.007509422022131348
2013-09-08,0.3108563514162295,0.48293242568219963,0.2814118769326952,0.3623118018455562,0.44372471260724616,0.5132462155986752,0.2765988486078176,0.32512287296143466,0.36649139235035655,0.23458751817705523,0.34267684451718483,0.19535167147306487,0.26699196979544126,-0.09132809390520281
2013-09-15,0.2876352395362466,0.4631429539719104,0.1987616863978871,0.1413307430791649,0.26649755627362004,0.44372471260724616,0.5132462155986752,0.2765988486078176,0.3575596052726356,0.23100984748225076,0.33645338605564634,0.22477112886797357,0.26528120228084817,0.037537919319065034
2013-09-22,0.275833482203942,0.4526672824788393,0.2582346176415882,0.22972316658572128,0.4975692991994486,0.26649755627362004,0.44372471260724616,0.5132462155986752,0.35071670388244613,0.22768772469421802,0.3306033351018002,0.213167462315503,0.26654811086983377,0.005249355886143745
2013-09-29,0.26833778754693793,0.4457108437252801,0.26668879310046334,0.24235065565808656,0.43967215128324955,0.4975692991994486,0.26649755627362004,0.44372471260724616,0.34416192465605416,0.21833710647293605,0.3251042872051848,0.1989174742548644,0.27105283804528724,0.0
2013-10-06,0.2635053400670958,0.44095576392003477,0.26668879310046334,0.24235065565808656,0.4302594459197475,0.43967215128324955,0.4975692991994486,0.26649755627362004,0.3366707483973204,0.2120732084775506,0.3199351821823663,0.18638037345094038,0.2759029521330512,-0.007884403524148759
2013-10-13,0.2596207483733258,0.43694386431291476,0.2582920093880869,0.22340942204953881,0.41612179380595876,0.4302594459197475,0.43967215128324955,0.4975692991994486,0.3286753583519412,0.20751868992301706,0.315076223460917,0.17265368694729,0.27113808247470855,-0.015957785438610806
2013-10-20,0.255329243076186,0.43247250276496685,0.24115933755336028,0.2453485487472094,0.4016452814688075,0.41612179380595876,0.4302594459197475,0.43967215128324955,0.3205359072246632,0.21638816431365562,0.31050880226275457,0.17311306641775193,0.2674240708687148,-0.03547438819365988
2013-10-27,0.2479822930133222,0.42508750247448585,0.20560573549039157,0.16800000000000043,0.36664974384204907,0.4016452814688075,0.41612179380595876,0.4302594459197475,0.3111719369012461,0.22462410481924847,0.3041951029917178,0.1665893234022064,0.2628884793308846,-0.013986241974739952
2013-11-03,0.24150868058659614,0.41830655557836616,0.19244207553399933,0.14697020421827928,0.4051804880997276,0.36664974384204907,0.4016452814688075,0.41612179380595876,0.30411294388820853,0.2352408573123135,0.29838649966236397,0.16192162396396614,0.25808833611554005,-0.017045867272988496
2013-11-10,0.23539514557317148,0.41166821523810726,0.1765957480272955,0.12085704720455331,0.39969422424568984,0.4051804880997276,0.36664974384204907,0.4016452814688075,0.2968378592523229,0.24692721662297432,0.29162477277305066,0.15272211486177514,0.25468296813331304,0.0
2013-11-17,0.23202100142631935,0.4074564618012312,0.1765957480272955,0.13268365817091501,0.4302594459197475,0.39969422424568984,0.4051804880997276,0.36664974384204907,0.29035511056688035,0.2584186110514016,0.28402750871458904,0.14487474451926668,0.2623446786604383,-0.032026026719408435
2013-11-24,0.22645427226966697,0.4009969012577324,0.1466614275316896,0.1034482758620692,0.3728330568518715,0.4302594459197475,0.39969422424568984,0.4051804880997276,0.2848807894547287,0.27426982928367993,0.2761130846631227,0.13619783869645674,0.2600460185291466,0.005899722127188322
2013-12-01,0.22440629723671268,0.39779981353711447,0.16050533696571878,0.13007852509388876,0.44083833356124674,0.3728330568518715,0.4302594459197475,0.39969422424568984,0.2819995678167543,0.2896439074525895,0.26728687327741585,0.12258046412763937,0.26285026631079916,-0.0637545148253625
2013-12-08,0.21598601835732997,0.38814364600762613,0.10675829708584272,0.14648275862068993,0.31594018910803134,0.44083833356124674,0.3728330568518715,0.4302594459197475,0.27630915508175463,0.31809312274376844,0.2587988040089213,0.12592147140426463,0.24941251082460955,0.003129893008927787
2013-12-15,0.21142371772415508,0.3820585399150408,0.11388472515833681,0.15365517241379353,0.4358717079479493,0.31594018910803134,0.44083833356124674,0.3728330568518715,0.2704746812648563,0.3445102512284346,0.24713724287980474,0.12346358757063702,0.3495056380121818,0.17447837933292876
2013-12-22,0.23381213183397742,0.4033075685529327,0.42898392477685326,0.8952082400358264,0.7431194639073395,0.4358717079479493,0.31594018910803134,0.44083833356124674,0.2715551393790967,0.317916627827033,0.20049099836333875,0.15037256746807576,0.36266561423698135,0.023347363996991107
2013-12-29,0.2563680281772463,0.4248968037127721,0.4612752140073871,0.8151439744045504,0.472123983795375,0.7431194639073395,0.4358717079479493,0.31594018910803134,0.2722754447885903,0.2957952399946402,0.20160392798690666,0.16701910577281376,0.37684558415175307,-0.0025673955052458097
2014-01-05,0.2748187471788229,0.4425048023516939,0.457342021383813,0.8059011731247783,0.42565580730834235,0.472123983795375,0.7431194639073395,0.4358717079479493,0.27277965857523584,0.27525395129313246,0.20473453355155477,0.17135611016051122,0.3690016269134512,0.027885203489535642
2014-01-12,0.2946181125790853,0.46147025840896544,0.4981076995194929,0.9075719872022755,0.48026085754838765,0.42565580730834235,0.472123983795375,0.7431194639073395,0.2740762083123244,0.2561798974988754,0.20773991489361696,0.16773798788715838,0.38357695461295277,0.0
2014-01-19,0.31087119277907127,0.4769620390312722,0.4981076995194929,0.8993666432090076,0.4302594459197475,0.48026085754838765,0.42565580730834235,0.472123983795375,0.275588849672261,0.24529271886194629,0.2106250809819967,0.17063358161906494,0.3915546574215536,-0.04342955792733598
2014-01-26,0.31739573189738846,0.4830877999347114,0.4242204138762012,0.7438423645320197,0.3523851996877091,0.4302594459197475,0.48026085754838765,0.42565580730834235,0.27630915508175463,0.2219630147550106,0.2148288199855973,0.18583290462730367,0.3719690148962377,-0.029141134907499353
2014-02-02,0.3186114499659141,0.4841344197055012,0.3811435946741993,0.6432090077410275,0.37800600325140166,0.3523851996877091,0.4302594459197475,0.48026085754838765,0.277173521573147,0.20029971808428457,0.21878033464898197,0.17770557077297838,0.37001868114033987,-0.005390848634876423
2014-02-09,0.3192353944937444,0.48461846241446044,0.37337679147982633,0.6249120337790289,0.4205930276086421,0.37800600325140166,0.3523851996877091,0.4302594459197475,0.2782539796873874,0.17707452188900616,0.22249475843256347,0.18336434913209937,0.36077994866892044,-0.11441035117774434
2014-02-16,0.3042670645210458,0.4698952155573336,0.24430257748597156,0.2589725545390571,0.2251083855746997,0.4205930276086421,0.37800600325140166,0.3523851996877091,0.27688539940934953,0.17873670049228044,0.28068739770867435,0.19695930063702388,0.3456270164735124,0.08144033194017448
2014-02-23,0.30431271320192144,0.46971794856764143,0.36413506868304074,0.5151301900070374,0.5762914288687649,0.2251083855746997,0.4205930276086421,0.37800600325140166,0.27753367427789377,0.17421013606082483,0.2792471358428805,0.20958318417731098,0.35511707303857054,-0.036988569369340536
2014-03-02,0.29980560206626944,0.4650152427182622,0.32572503571649375,0.39619985925404677,0.363934640964139,0.5762914288687649,0.2251083855746997,0.4205930276086421,0.2780378880645394,0.17000689766018748,0.27783567921440255,0.20879480435039482,0.3443145462067327,-0.05053080864721612
2014-03-09,0.2901911376106572,0.45508286994671016,0.27949811280748527,0.24067558057705846,0.3396518315967733,0.363934640964139,0.5762914288687649,0.2251083855746997,0.27717352157314695,0.1741785314394019,0.2764524517184943,0.19902733480156304,0.3405784886276127,0.0388688688993732
2014-03-16,0.2886227971496588,0.4531238113485378,0.3326933230306905,0.4294670846394988,0.4999558465254141,0.3396518315967733,0.363934640964139,0.5762914288687649,0.27875819347403297,0.19366041440414108,0.27509688877250404,0.20594325388246065,0.3442939699651482,-0.002936859673309825
2014-03-23,0.2878051851054715,0.4519008447328907,0.3297243567874019,0.42131661442006285,0.4249933151032439,0.4999558465254141,0.3396518315967733,0.363934640964139,0.28019880429302024,0.2038628492174265,0.2717198544654664,0.2033297761765986,0.3343424176959816,0.028987536873252406
2014-03-30,0.2919623513123792,0.4557748184120891,0.3715784769460884,0.5028213166144202,0.48223746945627266,0.4249933151032439,0.4999558465254141,0.3396518315967733,0.27796585752359,0.19043665994378087,0.2684779015307103,0.21132843994975997,0.3401831308428828,0.0028530689824064807
2014-04-06,0.2963883471661264,0.45997273670884814,0.3758134499004359,0.5109717868338557,0.4353753302864421,0.48223746945627266,0.4249933151032439,0.4999558465254141,0.27515666642656483,0.1779694841896813,0.2653656267133444,0.20694024416289597,0.34674842163986513,-0.005714301263438552
2014-04-13,0.2997807213296693,0.46315425448748077,0.3683935287891424,0.4946708463949846,0.420013039442905,0.4353753302864421,0.48223746945627266,0.4249933151032439,0.27227544478859034,0.16639282098944605,0.26237784288867316,0.19730524319888554,0.33288444400656897,0.0170458672729886
2014-04-20,0.3055080970862222,0.4687736323602734,0.39648892956647513,0.5435736677115987,0.46082466759380536,0.420013039442905,0.4353753302864421,0.48223746945627266,0.269034070445869,0.15012892083203513,0.25950957041698874,0.18766342562277832,0.3369923436657508,0.0
2014-04-27,0.3106120117874941,0.47379517216208766,0.39648892956647513,0.5974665728360309,0.4302594459197475,0.46082466759380536,0.420013039442905,0.4353753302864421,0.26579269610314776,0.13314504476352998,0.2567560288441717,0.18079540220211404,0.3403065882923895,0.04138521616285449
2014-05-04,0.32113831812589066,0.4843951349791017,0.466868800725928,0.7346938775510206,0.5044679497047632,0.4302594459197475,0.46082466759380536,0.420013039442905,0.26485629907080593,0.11681311901016347,0.25411262893426734,0.17511298284959464,0.3506696653932452,0.1502822030493379
2014-05-11,0.3537000467314376,0.5170319940859592,0.656684424214814,0.9415292353823088,0.699732906923849,0.5044679497047632,0.4302594459197475,0.46082466759380536,0.269034070445869,0.1447801437550387,0.19067103109656297,0.20458799892712776,0.37306690435792245,-0.08237099743312755
2014-05-18,0.365749046610239,0.5288830622677557,0.5200220551357047,0.7206396801599202,0.2825586715480969,0.699732906923849,0.5044679497047632,0.4302594459197475,0.27090686451055246,0.17074952387527995,0.1929296235679214,0.22153219221337533,0.36285080041124146,0.08237099743312756
2014-05-25,0.3886490786137955,0.551007307499452,0.6024604475110182,0.9415292353823088,0.5779602202913982,0.2825586715480969,0.699732906923849,0.5044679497047632,0.27810991860548867,0.19949357815316135,0.1951430441898527,0.22823068341248126,0.3680007397335217,-0.030698986888806623
2014-06-01,0.4010867251764051,0.5627274417204178,0.5565278963811475,0.8570714642678662,0.3752125935420887,0.5779602202913982,0.2825586715480969,0.699732906923849,0.2823597205215011,0.2251287194463327,0.1973121963993453,0.235145741921177,0.3641500430941455,-0.009638628837768745
2014-06-08,0.408767020074262,0.5697843213763658,0.5424214988923759,0.8310844577711146,0.4129762638825853,0.3752125935420887,0.5779602202913982,0.2825586715480969,0.2872577973060577,0.24893277921856313,0.19943796556464807,0.22210600061252306,0.362162966049704,0.028641575963384153
2014-06-15,0.4189994778035022,0.5790622364774698,0.5729854273565249,0.8546132339235787,0.4816171213254716,0.4129762638825853,0.3752125935420887,0.5779602202913982,0.2942447597781459,0.28715730631007763,0.20152121934664477,0.2301535674307419,0.371833799594397,-0.011834457647002796
2014-06-22,0.4243499918829521,0.5836978555212055,0.5537413460318645,0.7952755905511811,0.4090388875533166,0.4816171213254716,0.4129762638825853,0.3752125935420887,0.29993517251314555,0.3226515100379126,0.2059317290015842,0.23067599838097053,0.36848281167921465,0.03738753207162041
2014-06-29,0.43417127838144265,0.5922654517704121,0.5954108701174168,0.8927203065134103,0.4972996373816319,0.4090388875533166,0.4816171213254716,0.4129762638825853,0.30685010444428434,0.3599549354045901,0.21016581827032607,0.23116111283475432,0.3815340277699249,-0.049363723118336006
2014-07-06,0.4326597943640783,0.5905368931997164,0.5152390594092984,0.7318007662835253,0.3417445516286448,0.4972996373816319,0.4090388875533166,0.4816171213254716,0.31153208960599293,0.38481687050839886,0.21631200665364822,0.22744139045611161,0.37801989965360866,0.026160826038672057
2014-07-13,0.43502049874169185,0.5922755556487963,0.5456392794356939,0.8145065398335314,0.47716884831287565,0.3417445516286448,0.4972996373816319,0.4090388875533166,0.31693438017719516,0.4030080489794058,0.2220894237339711,0.22120723866641084,0.3833535554186073,-0.0141846349919563
2014-07-20,0.4336231741230623,0.5906628715118364,0.522721934836291,0.7554858934169282,0.40482474635583804,0.47716884831287565,0.3417445516286448,0.4972996373816319,0.32204854858459986,0.4234254558911791,0.22752019578947455,0.20916310473309724,0.38114895810598726,0.007117467768863955
2014-07-27,0.43287886224714084,0.5896472445033638,0.5317815629245983,0.7799373040752355,0.44302189306481127,0.40482474635583804,0.47716884831287565,0.3417445516286448,0.3269466253691566,0.4453727441472949,0.2326251215216478,0.20214945188074795,0.38642529434085776,0.004716989878138867
2014-08-03,0.4322567173916538,0.5887522407739485,0.5381102056767988,0.7758620689655172,0.43871755714111477,0.44302189306481127,0.40482474635583804,0.47716884831287565,0.33198876323561194,0.4489028828787137,0.2374237517098907,0.19494174326546898,0.3992692782841818,0.0
2014-08-10,0.43094150773528267,0.5872640595670254,0.5381102056767988,0.7232865048957005,0.4302594459197475,0.43871755714111477,0.44302189306481127,0.40482474635583804,0.3359504429878269,0.45218086884360265,0.24193446408683897,0.17990849937982628,0.4006816902958003,0.011696039763191236
2014-08-17,0.43108796091726415,0.5870658131976006,0.5556773640819599,0.760919540229885,0.45123180492884457,0.4302594459197475,0.43871755714111477,0.44302189306481127,0.3359504429878268,0.45784081919000985,0.24617453372117035,0.1687291824955478,0.40499829183391023,-0.011696039763191187
2014-08-24,0.4283985741905856,0.5844146809320361,0.5301432182305674,0.6442255062944717,0.4092870869106506,0.45123180492884457,0.4302594459197475,0.43871755714111477,0.33803932867535835,0.456069701784689,0.2501601991774419,0.16182354307920505,0.39986745902167264,0.0023501773449534514
2014-08-31,0.42590563286983363,0.581964662569597,0.5341118995737231,0.6584564860426927,0.43447358711722595,0.4092870869106506,0.45123180492884457,0.4302594459197475,0.3377512065115609,0.4544250927654624,0.25390672470633713,0.15124097782115917,0.4032199166683968,-0.01895791374461416
2014-09-07,0.42001359782751496,0.5766061624891011,0.4909980995340501,0.4022988505747128,0.3962657026386404,0.43447358711722595,0.4092870869106506,0.45123180492884457,0.3378232370525102,0.4411695651408726,0.2574284587034986,0.14627952684822734,0.399702849088997,-0.00961545869944198
2014-09-14,0.4131173402126665,0.5704182954434831,0.4697691749455449,0.37931034482758585,0.413017810634231,0.3962657026386404,0.43447358711722595,0.4092870869106506,0.33789526759345956,0.41529658172516193,0.2607388886608304,0.15418302263054479,0.39598883748300323,0.07220830834092594
2014-09-21,0.41944060763533686,0.5756879077715832,0.5942589766102051,0.9137931034482762,0.5597373372938345,0.413017810634231,0.3962657026386404,0.43447358711722595,0.3393358784124469,0.4017301789624096,0.2638506928207224,0.16638719976652178,0.40078163204063905,0.013393057336438035
2014-09-28,0.42610062185638403,0.5811495730367867,0.6141882599223625,1.0,0.4542747547230891,0.5597373372938345,0.413017810634231,0.3962657026386404,0.3415688251818771,0.39446574859466765,0.2667757887310207,0.17702461899754574,0.40764233887751244,-0.04768213081507019
2014-10-05,0.4222043308584026,0.5775782934111968,0.5051434239346411,0.5381400208986417,0.34475984212056104,0.4542747547230891,0.5597373372938345,0.413017810634231,0.34113664193618093,0.3983458280844554,0.27050737538703995,0.1938525322358996,0.40517025042429455,-0.023530497410194046
2014-10-12,0.41445911573533134,0.5707675156483103,0.4596108589861085,0.40229885057471326,0.3880665285442195,0.34475984212056104,0.4542747547230891,0.5597373372938345,0.34149679464092775,0.38527557948524194,0.3240589198036006,0.19418777040479862,0.39818167694328926,-0.026539555234612378
2014-10-19,0.4033886914912256,0.5611438023295598,0.412577275914675,0.25287356321839094,0.38267093804944036,0.3880665285442195,0.34475984212056104,0.4542747547230891,0.34027227544478855,0.3704667133964267,0.32301145662847786,0.1910239081568605,0.39196030332707565,-0.05013581242435534
2014-10-26,0.3862577915790545,0.546273191074575,0.3371311708621478,0.19950738916256214,0.34036010574433084,0.38267093804944036,0.3880665285442195,0.34475984212056104,0.33803932867535835,0.33471243723277055,0.320892962356792,0.19086615993616485,0.38334326729781504,-0.18902779807403788
2014-11-02,0.34587094236450344,0.5105916893059054,0.16976418542465183,0.128011336797355,0.0913106286983737,0.34036010574433084,0.38267093804944036,0.3880665285442195,0.3307642440394727,0.3436117107029455,0.3169585335515547,0.2289463826123072,0.36512594483786526,0.054394072065798764
2014-11-09,0.32154833013756734,0.4884518316837855,0.24379220092700948,0.2637588490522953,0.5277943406728218,0.0913106286983737,0.34036010574433084,0.38267093804944036,0.3246416480587768,0.3544983288949385,0.30796846297872327,0.23650535071625567,0.38237471421180397,-0.045120435280469544
2014-11-16,0.2969569897354122,0.4654083786155,0.21277700669644128,0.17469741950216974,0.34935326002195394,0.5277943406728218,0.0913106286983737,0.34036010574433084,0.3174385939638406,0.36460733150178903,0.29722071651718485,0.23518402092703844,0.3729992967070021,0.01526747213078838
2014-11-23,0.2803940472390712,0.4493135340855022,0.2334871280249906,0.20438456268554483,0.45763579835794355,0.34935326002195394,0.5277943406728218,0.0913106286983737,0.3102355398689044,0.3739942624938646,0.2875477447018002,0.22631173120369336,0.3919676519847844,-0.06252035698133393
2014-11-30,0.26036154065352113,0.4292784528288002,0.19191737918081608,0.15811606391926017,0.31815317759840206,0.45763579835794355,0.34935326002195394,0.5277943406728218,0.3019520276597277,0.3913433295585259,0.27884207006795403,0.22432845516060707,0.38201169052099254,-0.032789822822990956
2014-12-07,0.24181835366218263,0.40994740353020415,0.17255494969990742,0.18314176245210756,0.37146348164364634,0.31815317759840206,0.45763579835794355,0.34935326002195394,0.292876179500108,0.4155268962912896,0.26816334571871936,0.22387690362536472,0.3774173097214925,-0.07616136096556403
2014-12-14,0.21987811284025463,0.3862245211852536,0.13324761162030885,0.12232304900181493,0.2936932716307312,0.37146348164364634,0.31815317759840206,0.45763579835794355,0.2827919037671973,0.4425706847201094,0.2553667948303736,0.21928741997119783,0.36303451685395977,0.0
2014-12-21,0.2042809602421012,0.3680937414068889,0.13324761162030885,0.13146551724137936,0.4302594459197475,0.2936932716307312,0.37146348164364634,0.31815317759840206,0.272995750198084,0.46859661086193494,0.24148028441692462,0.2073804159446852,0.3988048431169898,-0.11016821722592934
2014-12-28,0.18229109873292293,0.3419412034064979,0.08641173398836849,0.13561156641410263,0.2327150249161745,0.4302594459197475,0.2936932716307312,0.37146348164364634,0.2588777641720089,0.5050767756615487,0.22806293305821204,0.21578477927250916,0.38502170071848973,-0.16559476298864126
2015-01-04,0.15196188778591596,0.3044110899262703,0.03820612938367207,0.14726471350790787,0.1333287847951357,0.2327150249161745,0.4302594459197475,0.2936932716307312,0.2415904343441619,0.5507839713974326,0.2107645853991065,0.2326242335007555,0.32045051516339224,-0.004750602758597753
2015-01-11,0.13016821948475601,0.27427648610586075,0.037061498234692625,0.150022391401702,0.4217410628960791,0.1333287847951357,0.2327150249161745,0.4302594459197475,0.22574371533530213,0.593226367437896,0.18988826406396603,0.22810497153644393,0.309145340144277,-0.004773278752657771
2015-01-18,0.1153103030377628,0.2505913493259257,0.03584020433458207,0.1472796934865902,0.42170040220255006,0.4217410628960791,0.1333287847951357,0.2327150249161745,0.21054527119498667,0.6326371637611836,0.1731872069958537,0.215568142398128,0.289502378088833,-0.019324272826402814
2015-01-25,0.10486189668466195,0.2309323852725722,0.030710278589914403,0.13362068965517257,0.395608778214213,0.42170040220255006,0.4217410628960791,0.1333287847951357,0.19585104084131666,0.670543540122079,0.1598263613413638,0.20184170815539948,0.2765907864945886,0.019324272826402842
2015-02-01,0.10117078355617609,0.21904593533506295,0.053329176562081304,0.1517917511832321,0.4649101136252821,0.395608778214213,0.42170040220255006,0.4217410628960791,0.18288554347043146,0.7042499492740759,0.1491376848177719,0.18909573350143716,0.2879929637954592,-0.04401688541677421
2015-02-08,0.09764275712511633,0.20664618820344127,0.04001260503405879,0.13645017981806667,0.35133205321986144,0.4649101136252821,0.395608778214213,0.42170040220255006,0.17409781747460923,0.7370144698106195,0.14058674359889836,0.17934527850847887,0.27455814777235305,0.03440142671733232
2015-02-15,0.10064966798388719,0.2028884675136129,0.08157458980120619,0.1860254083484575,0.4919452033341172,0.35133205321986144,0.4649101136252821,0.395608778214213,0.16451775552834402,0.7657780633615039,0.1330913261393478,0.17168134651978395,0.2961632014360288,0.06090875308699273
2015-02-22,0.11112988618375047,0.21001754114857035,0.1555708221813436,0.27272727272727304,0.5394759211028247,0.4919452033341172,0.35133205321986144,0.4649101136252821,0.15695454872866094,0.7760041082317444,0.12693132605059443,0.16595490017790498,0.3074272239719752,0.08701137698962969
2015-03-01,0.13013137087658277,0.23030894556999154,0.25690294908283595,0.43524300841705144,0.5862809602997994,0.5394759211028247,0.4919452033341172,0.35133205321986144,0.1504718000432183,0.7453560107976525,0.102291325695581,0.1689778573176154,0.32072976415632415,0.07618913835754638
2015-03-08,0.1551945855387005,0.26050384604474275,0.34014743972048805,0.5845248107653489,0.5668754283018266,0.5862809602997994,0.5394759211028247,0.4919452033341172,0.14679824245480083,0.7009579816649857,0.1032242225859247,0.17595507474735966,0.34902356606648893,-0.007751976804317936
2015-03-15,0.17636476659344436,0.2860723955793735,0.3339142450476326,0.6447625243981782,0.4163592503097772,0.5668754283018266,0.5862809602997994,0.5394759211028247,0.14370092919397826,0.6597312403275094,0.10554369885433712,0.17131342403684874,0.332431766691711,0.08927858443852607
2015-03-22,0.20458990021435894,0.32254866151284844,0.4295790378502407,0.9427732942039617,0.590346326828049,0.4163592503097772,0.5668754283018266,0.5862809602997994,0.14391702081682634,0.6010001616237034,0.10777039607201308,0.17464866043901772,0.3541294134425168,0.12369671344643118
2015-03-29,0.24319391725322087,0.3738874450850531,0.5443416580262992,0.9096998263458201,0.6520620333911271,0.590346326828049,0.4163592503097772,0.5668754283018266,0.14679824245480083,0.5811244731664374,0.1117624374468085,0.21458230690305385,0.3834564366265295,0.12682657555270396
2015-04-05,0.29187721530984717,0.4379005364666443,0.641951212778523,1.0,0.6576742400072759,0.6520620333911271,0.590346326828049,0.4163592503097772,0.15486566304112942,0.5764138787986336,0.1201045848405892,0.23498280684817707,0.4145500771237217,-0.04533354130152107
2015-04-12,0.32442443519177944,0.4793445086462356,0.5846679724733685,0.856353591160221,0.34897113615173947,0.6576742400072759,0.6520620333911271,0.590346326828049,0.16451775552834402,0.5774337482022759,0.13207121309957445,0.24002550889241397,0.4055009400211876,-0.023461486678998045
2015-04-19,0.3471419987860721,0.5076071975551006,0.5568748904464502,0.816726995618213,0.38819027280804097,0.34897113615173947,0.6576742400072759,0.6520620333911271,0.173665634228913,0.5666317490173759,0.1462717673639594,0.23428255343345783,0.39023336876552334,-0.008941937375661393
2015-04-26,0.36388904928749044,0.5280456202133361,0.5461888749212129,0.8018670222899599,0.41422551266744934,0.38819027280804097,0.34897113615173947,0.6576742400072759,0.18266945184758338,0.5539025244067418,0.15876825511661813,0.22477962327869955,0.381057834750399,-0.027315810646962865
2015-05-03,0.37337988876896167,0.5394441779344912,0.5135933550532343,0.7572871023052009,0.38127902185214735,0.41422551266744934,0.38819027280804097,0.34897113615173947,0.19131311676150686,0.5392656559336402,0.16976516433895783,0.21734553578261895,0.37268330442552655,-0.08004270767353637
2015-05-10,0.3707105475392504,0.5362337193263289,0.4308086770042164,0.633453991236426,0.28673356576049713,0.38127902185214735,0.41422551266744934,0.38819027280804097,0.1978678959878989,0.508625742619654,0.1794424444546168,0.21600270226960938,0.3666456472520313,0.045610511252052274
2015-05-17,0.3740638776622529,0.540219694119357,0.47307435369012146,0.7028005334349401,0.5120443950079768,0.28673356576049713,0.38127902185214735,0.41422551266744934,0.20607937765612622,0.4801743945423812,0.18576104746317512,0.20641541383607404,0.3726465611369829,-0.016051709010508015
2015-05-24,0.37453684846207236,0.5407580770859675,0.45650186577704116,0.6631453059597368,0.40147686558538653,0.5120443950079768,0.28673356576049713,0.38127902185214735,0.21342649283296117,0.4474509489575603,0.25040916530278234,0.1940377768858753,0.36726881342573187,-0.03289770350705887
2015-05-31,0.37075806332185185,0.5362391727643574,0.4233745380414263,0.5661846496106787,0.37127003903553046,0.40147686558538653,0.5120443950079768,0.28673356576049713,0.21911690556796082,0.40417221503087875,0.24921440261865793,0.19018959749404846,0.36387667302738064,0.02640417419651071
2015-06-07,0.3708540204990548,0.5363393390444452,0.45053524086034863,0.5885687293339631,0.47760519985012473,0.37127003903553046,0.40147686558538653,0.5120443950079768,0.2239429518115681,0.36398481924181725,0.24634893617021272,0.18383616419210513,0.3691662368461268,0.003252035386377316
2015-06-14,0.3711991070652935,0.5367353726273412,0.4540239819207938,0.5616858237547894,0.43609072343028016,0.47760519985012473,0.37127003903553046,0.40147686558538653,0.22747244831808688,0.3286526307198363,0.24359808837970534,0.17376636175457316,0.37449989261112543,-0.026317308317373417
2015-06-21,0.3681540343367659,0.5330973708812978,0.42396397869001073,0.4775997827857724,0.3830694526091864,0.43609072343028016,0.47760519985012473,0.37127003903553046,0.23056976157890946,0.2939463444135598,0.2409572745008183,0.164415830919722,0.37060363429395504,0.0
2015-06-28,0.3656710342733674,0.5301273261480759,0.4239639786900106,0.4775997827857724,0.4302594459197475,0.3830694526091864,0.43609072343028016,0.47760519985012473,0.23193834185694734,0.2618889635933711,0.2384220931770867,0.15086797837782087,0.3742720842221547,-0.03045920748470846
2015-07-05,0.3600752873010836,0.5234189553058458,0.3885643401888101,0.16388996512979492,0.3756425458889984,0.4302594459197475,0.3830694526091864,0.43609072343028016,0.22999351725131456,0.23525691651402222,0.23598831910630438,0.14037292248891933,0.36503041228765176,-0.020834086902842025
2015-07-12,0.35329835221106015,0.5152376853407584,0.3654653707831223,0.20996927278934818,0.3929015060529364,0.3756425458889984,0.4302594459197475,0.3830694526091864,0.224519196139163,0.2269219746096686,0.23365189599835337,0.14244303988259602,0.3605844743738681,-0.014134510934904806
2015-07-19,0.34646908453737074,0.5069138538804195,0.349937678672614,0.2017005196032124,0.4049146246172633,0.3929015060529364,0.3756425458889984,0.4302594459197475,0.21990924151840374,0.219182385698483,0.22969824868689728,0.14228019884814633,0.3570865133045111,-0.02522656294567546
2015-07-26,0.33848283745473307,0.49706243336915235,0.3228133834221803,0.15778474399164083,0.3850252858643667,0.4049146246172633,0.3929015060529364,0.3756425458889984,0.21537131743859395,0.21759868296226761,0.22598182021412863,0.1372637725494751,0.35335486492001633,-0.025879447987820835
2015-08-02,0.3296811363859692,0.4860373395127621,0.296358630350191,0.12870325400679966,0.3838545870831746,0.3850252858643667,0.4049146246172633,0.3929015060529364,0.21054527119498667,0.22071791287448225,0.22112749718292304,0.13121560048165695,0.3512590277414856,-0.07786032177227217
2015-08-09,0.3151676982790402,0.4675135481511953,0.2290704513234545,0.18092805449127342,0.29064683739298147,0.3838545870831746,0.3850252858643667,0.4049146246172633,0.20492688900093642,0.2430024966173374,0.21513586039425428,0.13393981230442378,0.3493586648580072,-0.1157607902756157
2015-08-16,0.2935591039723998,0.4390814771463898,0.1576315824469524,0.12137931034482784,0.22268689127800523,0.29064683739298147,0.3838545870831746,0.3850252858643667,0.19916444572498732,0.27652060509242227,0.20620990084579813,0.13785949950175932,0.34656470519714677,0.0
2015-08-23,0.2773821189730368,0.41674481295262616,0.1576315824469524,0.25015673981191255,0.4302594459197475,0.22268689127800523,0.29064683739298147,0.3838545870831746,0.19239357487574726,0.31532916059613303,0.19452545744424396,0.1338538684087847,0.348901578348524,0.13580154115906162
2015-08-30,0.2783789362013849,0.41721628710873004,0.32598454584342235,0.5185185185185186,0.6737673967168829,0.4302594459197475,0.22268689127800523,0.29064683739298147,0.18828783404163363,0.30809615170866855,0.18094639243647098,0.14403497315582867,0.35617527974862817,-0.048790164169432056
2015-09-06,0.2753105190433195,0.41207552153773597,0.28910446884733215,0.41890166028097064,0.3427730095026638,0.6737673967168829,0.4302594459197475,0.22268689127800523,0.18403803212562125,0.29946215597439396,0.16953997782994168,0.1472335774352067,0.35213645747190836,0.0
2015-09-13,0.273867274943029,0.4090734971362863,0.28910446884733215,0.41890166028097064,0.4302594459197475,0.3427730095026638,0.6737673967168829,0.4302594459197475,0.17921198588201392,0.29144487422113907,0.15995858956045708,0.14811861708033683,0.35669409498286475,-0.03822121282019774
2015-09-20,0.27013234827609006,0.4027331523592793,0.2608658633282108,0.3583502366463829,0.3617243679567791,0.4302594459197475,0.3427730095026638,0.6737673967168829,0.17366563422891307,0.2862333998824067,0.15191022341409,0.1371249131745867,0.3558548782725274,0.017167803622365498
2015-09-27,0.2698176599548084,0.4011304534525969,0.2824552183354599,0.405348346235046,0.46104331364385037,0.3617243679567791,0.4302594459197475,0.3427730095026638,0.16898364906720448,0.2813941737107266,0.14514959585114162,0.1255264119001952,0.35670144364057343,-0.11725126217934802
2015-10-04,0.26024818665080574,0.38593132519566975,0.2054960808652066,0.1674876847290641,0.22001430188100085,0.46104331364385037,0.3617243679567791,0.4302594459197475,0.16242886984081245,0.2952251425262755,0.10965630114566283,0.13143711820259915,0.35223786894828885,0.04673747785168984
2015-10-11,0.25786252136873733,0.3808702383530251,0.2586090845283482,0.2589725545390571,0.5140651771357225,0.22001430188100085,0.46104331364385037,0.3617243679567791,0.15724267089245836,0.3086960918191518,0.11027823240589196,0.12511010476431755,0.35396480350984116,0.0
2015-10-18,0.25715303440975035,0.3781858242605427,0.2586090845283482,0.2589725545390571,0.4302594459197475,0.5140651771357225,0.22001430188100085,0.46104331364385037,0.15248865518980043,0.3212048304482512,0.11088772504091654,0.11714992795733514,0.3548054899517203,-0.11095707058598364
2015-10-25,0.2486123766599893,0.3633182938673848,0.19296746267058845,0.1034482758620692,0.23130051913408425,0.4302594459197475,0.5140651771357225,0.22001430188100085,0.14636605920910467,0.34133956419981126,0.14075286415711946,0.11809870680802087,0.35175873646567946,0.025190248828558495
2015-11-01,0.24517569109159695,0.35585328809515526,0.22106508653965756,0.19514106583072108,0.47542849054146913,0.23130051913408425,0.4302594459197475,0.5140651771357225,0.14110782971980118,0.3625170214114858,0.14003273322422258,0.11689462284079385,0.3543748586099885,-0.004987541511038939
2015-11-08,0.24338939961635286,0.35074834490466267,0.21813090900606186,0.2003727865796834,0.421316204167828,0.47542849054146913,0.23130051913408425,0.4302594459197475,0.1362817834761939,0.3821818031080406,0.1384903436988543,0.11091132810454374,0.35280371559186136,-0.06720874969344999
2015-11-15,0.23814129050750754,0.33976028285210214,0.18081837974168785,0.2562695924764894,0.3097463444202543,0.421316204167828,0.47542849054146913,0.23130051913408425,0.13195995101923214,0.41380046271511894,0.13700964975450078,0.11856099993044877,0.35048594895052687,0.047006042375930576
2015-11-22,0.23899530502790545,0.3385059441299192,0.23548294887231236,0.3479623824451412,0.5145467445494389,0.3097463444202543,0.421316204167828,0.47542849054146913,0.13023121803644744,0.4431606466359771,0.1338954537479541,0.11176364729255442,0.3516558552577572,-0.052367985517315925
2015-11-29,0.23705969138881255,0.33248958335232837,0.20512495919473933,0.24608150470219467,0.33635755988916505,0.5145467445494389,0.3097463444202543,0.421316204167828,0.12778217964416916,0.4652962180866861,0.13096810950180027,0.10614685080974995,0.34903091472419767,0.026526754333428604
2015-12-06,0.23892955246292347,0.33282279381529645,0.23599856164338784,0.2970219435736678,0.4778250002860737,0.33635755988916505,0.5145467445494389,0.3097463444202543,0.123388316646258,0.4916787228154561,0.12821640591041567,0.1030163469757239,0.3524597984110926,-0.0482667409698344
2015-12-13,0.23818851415177,0.3286272980521046,0.2073139876327733,0.20532915360501597,0.3437115681496855,0.4778250002860737,0.33635755988916505,0.5145467445494389,0.11921054527119494,0.5184046146701967,0.12562980453451414,0.10288957442508953,0.3493792410995916,-0.039220713153281385
2015-12-20,0.2362062139530064,0.3220524133649117,0.18593727339440258,0.1430020283975662,0.35993214766345283,0.3437115681496855,0.4778250002860737,0.33635755988916505,0.11452856010948641,0.5432215142495986,0.12319839924116668,0.09443148545661675,0.3464089136537217,-0.034887259000440665
2015-12-27,0.2336719402764026,0.31418103798768793,0.1680278510618639,0.16243194192377522,0.36770253474172326,0.35993214766345283,0.3437115681496855,0.4778250002860737,0.11006266657062595,0.5719477396848786,0.1209128782654201,0.08935766956685329,0.34554177204409114,-0.11926342082681775
2016-01-03,0.22556093648530898,0.29542934616456074,0.11732753287153574,0.1034482758620692,0.21640626750420253,0.36770253474172326,0.35993214766345283,0.3437115681496855,0.10394007058993014,0.6054946984424194,0.11752462705492298,0.08951148586446933,0.336591106954854,-0.23995066963059103
2016-01-10,0.20799997991698826,0.25679629453570485,0.05281824080794634,0.1034482758620692,0.0,0.21640626750420253,0.36770253474172326,0.35993214766345283,0.09738529136353814,0.6481766358596175,0.11248247531506078,0.0986897178503797,0.33585624118398066,-0.17556477433107484
2016-01-17,0.18840849192707837,0.21034522602590916,0.023155689266787405,0.11802635267732012,0.11545139540250293,0.0,0.21640626750420253,0.36770253474172326,0.0887416264496146,0.6932446892633735,0.10389456191064139,0.09956702120393879,0.30745514887126835,-0.010152371464017962
2016-01-24,0.17461222361633727,0.1719787273212116,0.02166784005449021,0.12643678160919564,0.41205506362898464,0.11545139540250293,0.0,0.21640626750420253,0.08002593099474177,0.7355674240908439,0.09267174550174406,0.09621147423223037,0.29595009036247555,-0.10763066419236544
2016-01-31,0.16193217848745253,0.13230044131294216,0.006736080418272283,0.13146551724137956,0.23726515250654143,0.41205506362898464,0.11545139540250293,0.0,0.0722466325722106,0.7774232731296813,0.0813794544375043,0.09309560918707255,0.28127041172350997,0.044451762570833796
2016-02-07,0.15584225683887606,0.10480734805040737,0.03511750319956275,0.16129032258064543,0.5099666239131562,0.23726515250654143,0.41205506362898464,0.11545139540250293,0.06439530360873012,0.8162894186657448,0.0690879447827797,0.08742218206417901,0.3151315567138111,-0.055880458394456614
2016-02-14,0.15140352463615783,0.07898797125741891,0.026514641125534172,0.1258620689655175,0.3300592876807426,0.5099666239131562,0.23726515250654143,0.41205506362898464,0.056255852481452165,0.8528693976046398,0.05900890686590554,0.08076393780244012,0.30562974229641904,-0.09646026618756222
2016-02-21,0.14711523871177096,0.05111397855108102,0.012987557877028127,0.13236929922135732,0.2572949747347889,0.3300592876807426,0.5099666239131562,0.23726515250654143,0.048476554058921,0.8892290789868162,0.05074409577406873,0.07666637531654641,0.26530324825397433,-0.10676797542570618
2016-02-28,0.1429936931584344,0.020927715318913798,0.0,0.12397999473545687,0.23881205375635017,0.2572949747347889,0.3300592876807426,0.5099666239131562,0.03947273644025069,0.9245605886868811,0.041740939467045504,0.0728614958653594,0.236693454062334,0.1440393702229377
2016-03-06,0.14661051571960979,0.011246897716807203,0.0839786818546171,0.20467185761957746,0.6885387819106046,0.23881205375635017,0.2572949747347889,0.3300592876807426,0.031981560181516974,0.9395825230451289,0.0333927515736364,0.07349857931784187,0.25401424028181835,-0.03727139479723154
2016-03-13,0.15067785724142307,0.0026235983839052457,0.07731207662774264,0.18298109010011143,0.3634275020922878,0.6885387819106046,0.23881205375635017,0.2572949747347889,0.02391413959518837,0.9515730323657272,0.026714201258909123,0.07131003294275723,0.24551184331281392,0.012578782206860185
2016-03-20,0.15664355733415275,0.0,0.08529461442773184,0.20037278657968335,0.45281466475285576,0.3634275020922878,0.6885387819106046,0.23881205375635017,0.01656702441835338,0.9631277122830286,0.021371361007127304,0.06302253260873011,0.25880997430253766,0.10660973505825827
2016-03-27,0.16721206890049511,0.013319219231914148,0.15661895047492652,0.2777777777777779,0.6214230947082041,0.45281466475285576,0.3634275020922878,0.6885387819106046,0.0103723978967082,0.9553674078312568,0.0,0.060887244317627404,0.28410699359908104,0.09633110893843211
2016-04-03,0.1812663329140686,0.04035141503441353,0.22293202511420623,0.37513061650992696,0.6029923231419437,0.6214230947082041,0.45281466475285576,0.3634275020922878,0.005258229489303476,0.9296273343428654,0.0003436988543371461,0.05681938371873971,0.30113530324175775,-0.06317890162153156
2016-04-10,0.1919224144584006,0.05836520000580292,0.20158725017496232,0.3658536585365856,0.31697233049995027,0.6029923231419437,0.6214230947082041,0.45281466475285576,0.001080458114240443,0.9080258629193347,0.0013446808510638245,0.054432146524538844,0.2885352947343637,0.11294041118059554
2016-04-17,0.20655955772230808,0.09207843645537611,0.279306827244089,0.8007662835249044,0.6327747329632155,0.31697233049995027,0.6029923231419437,0.6214230947082041,0.0,0.8688547948870016,0.0023056235679214387,0.05569058110612532,0.29479047217603743,-0.02955880224154439
2016-04-24,0.21857787367500608,0.11918697118601157,0.2668830335378253,0.786535303776683,0.3772570771658789,0.6327747329632155,0.31697233049995027,0.6029923231419437,7.203054094936934e-05,0.8324816602855494,0.004131279607201312,0.050603848803292856,0.28778426191653117,-0.01005033585350145
2016-05-01,0.2292033106555058,0.14343186141285857,0.2625732937894746,0.7982758620689653,0.4122380253407086,0.3772570771658789,0.6327747329632155,0.31697233049995027,0.0001440610818987248,0.805479353549551,0.0058473962841243815,0.045880454522091274,0.2802092655503689,0.26469255422708216
2016-05-08,0.2509523530194111,0.20750236710846776,0.4477143560965762,1.0,0.9048839672688966,0.4122380253407086,0.3772570771658789,0.6327747329632155,0.00309731326082259,0.7371637401913593,0.00746054596043208,0.058175188746742934,0.29199357305209356,0.07466152876901956
2016-05-15,0.2732099217635545,0.27414768011645485,0.4955180492133126,0.9636533084808946,0.564136246718574,0.9048839672688966,0.4122380253407086,0.3772570771658789,0.00648274868544263,0.6858183715535844,0.010857155638752988,0.06750663476962712,0.3090689141041062,0.2071896233719682
2016-05-22,0.30436682750558397,0.3679160528656098,0.6169974951232136,0.8794552303680092,0.8017745272887022,0.564136246718574,0.9048839672688966,0.4122380253407086,0.012533314125189071,0.6718840103456447,0.01582708655605608,0.09076719923378032,0.33025803374146767,-0.023669744085904734
2016-05-29,0.3278154297112008,0.43555416896396143,0.5947313752860754,0.8493190379600115,0.38781684306666,0.8017745272887022,0.564136246718574,0.9048839672688966,0.018872001728732962,0.6589449606525577,0.02561359721679253,0.10402592320761037,0.319465795030422,-0.04281999718292807
2016-06-05,0.34376373771720675,0.48000668490105425,0.5558419178331613,0.791319857312723,0.3534782129664265,0.38781684306666,0.8017745272887022,0.564136246718574,0.02528271987322625,0.6469301287946914,0.034225726598240594,0.1038270380689841,0.3117056124899997,0.08388148398070203
2016-06-12,0.3620106313134582,0.5291963143614578,0.6059747790440984,0.895935960591133,0.5806686982715978,0.3534782129664265,0.38781684306666,0.8017745272887022,0.03190952964056759,0.6421122546035607,0.0418044004539149,0.10781254481170155,0.3304887815935219,-0.03509131981127017
2016-06-19,0.373891772520579,0.5600096419453597,0.5719118398292644,0.8479064039408867,0.3673366299849805,0.5806686982715978,0.3534782129664265,0.38781684306666,0.038320247785060865,0.637638514283225,0.04847363344690829,0.10803821766802335,0.3191938946951989,-0.06771817405495073
2016-06-26,0.3786604290846263,0.5719622660663202,0.5123051984505083,0.7576887232059646,0.308832887317364,0.3673366299849805,0.5806686982715978,0.3534782129664265,0.043866599438161805,0.6260505223852758,0.05434255848074247,0.10338255426792572,0.3135236704071403,-0.10041874774704743
2016-07-03,0.3762105431603408,0.5656188529227212,0.4394507826207102,0.600546261522704,0.2501969571085422,0.308832887317364,0.3673366299849805,0.5806686982715978,0.04768421810847799,0.5985237205793091,0.05950721251051655,0.10183956212022491,0.3118702224226753,0.0
2016-07-10,0.37410204547834475,0.5601642763015728,0.4394507826207102,0.600546261522704,0.4302594459197475,0.2501969571085422,0.308832887317364,0.3673366299849805,0.050853561910249936,0.556917473973597,0.09738134206219312,0.09901672176402207,0.31988319878827803,-0.07302513501488977
2016-07-17,0.3683056973165736,0.5453442034547069,0.392372809379729,0.48635057471264376,0.29931688935971545,0.4302594459197475,0.2501969571085422,0.308832887317364,0.05373478354822446,0.5182831021254357,0.09643207855973812,0.09431041996182707,0.31438199362752034,0.058840500022933395
2016-07-24,0.36684888991569864,0.5415780623246048,0.4330513500810739,0.5564428312159709,0.5357673029158699,0.29931688935971545,0.4302594459197475,0.2501969571085422,0.05639991356335085,0.4845161213356548,0.09550180032733221,0.08994028257407458,0.32450844395015477,-0.0974553361507129
2016-07-31,0.3604519778417658,0.5250401905535679,0.37295899244596137,0.43375680580762266,0.2555106986098016,0.5357673029158699,0.29931688935971545,0.4302594459197475,0.058344738168983626,0.4643127151593571,0.09459012765957445,0.09630776235690905,0.311326421752229,-0.01587334915629012
2016-08-07,0.3546347958719338,0.5097814369401747,0.3640580321333842,0.38237547892720325,0.4017966855390806,0.2555106986098016,0.5357673029158699,0.29931688935971545,0.06021753223366706,0.4399218366695715,0.09270504955810144,0.09109992668855327,0.30716267229446076,0.015873349156290163
2016-08-14,0.3509298504172315,0.4999143636102382,0.3756842423097319,0.27306616961789404,0.4587222063004145,0.4017966855390806,0.2555106986098016,0.5357673029158699,0.06007347115176832,0.41300161417174996,0.08979413774664483,0.08348395541554735,0.31036227786084325,-0.16205585933437153
2016-08-21,0.34056538115736157,0.47172255667165935,0.292346454711869,0.1034482758620692,0.13967445045963922,0.4587222063004145,0.4017966855390806,0.2555106986098016,0.057840524382338124,0.37318310654421316,0.085949395597617,0.08405732272397098,0.3032252614941215,0.06280090123903023
2016-08-28,0.3354477556228223,0.4572579910373012,0.33455714628945415,0.2623308598865125,0.5428687627095895,0.13967445045963922,0.4587222063004145,0.4017966855390806,0.0538068140891738,0.3421559995598785,0.08062777846011387,0.08180961135797454,0.31772857234807744,-0.07210329390134369
2016-09-04,0.3285302030596961,0.4372124880119187,0.30086712611737615,0.17154081187254502,0.3009698576442008,0.5428687627095895,0.13967445045963922,0.4587222063004145,0.04948498163221203,0.3119776875998861,0.07419303424293622,0.0762472959704906,0.3075800760523168,-0.06765864847381481
2016-09-11,0.3206792186018892,0.41363121609652,0.27267641455375835,0.1145168156662412,0.3089396236044393,0.3009698576442008,0.5428687627095895,0.13967445045963922,0.045163149175250314,0.2938510585369457,0.06853045933181988,0.06969222689163204,0.29238599137373994,0.04879016416943204
2016-09-18,0.3169616008042088,0.401507150478447,0.30556352270528103,0.1898628998753638,0.5177458823368312,0.3089396236044393,0.3009698576442008,0.5428687627095895,0.040193041849744274,0.2794332880988837,0.06248774985351567,0.06360537703269195,0.326839438175365,0.018868484304382736
2016-09-25,0.3153309371945565,0.39534341023401304,0.31893086361714845,0.22972316658572153,0.464092831817972,0.5177458823368312,0.3089396236044393,0.3009698576442008,0.03579917885183319,0.2612064824078092,0.05628676388677312,0.056563240230338374,0.34989364713920296,0.08076135664445838
2016-10-02,0.31813947856831587,0.4027199490553353,0.3777663843934263,0.37383689107827034,0.5750739472298191,0.464092831817972,0.5177458823368312,0.3089396236044393,0.03284592667290931,0.23532655445613285,0.05107793567470939,0.055584360932932564,0.3653757991999622,-0.04405998979403031
2016-10-09,0.3188229356653828,0.40369093103549236,0.35183486848293793,0.3236539624924384,0.35125476206037654,0.5750739472298191,0.464092831817972,0.5177458823368312,0.03061297990347908,0.21129519278671913,0.046702519976575846,0.05259030868533476,0.3574304304852798,0.0
2016-10-16,0.3198233261909418,0.40568720127971214,0.35183486848293793,0.3236539624924384,0.4302594459197475,0.35125476206037654,0.5750739472298191,0.464092831817972,0.028380033134048813,0.188980356950835,0.04302717079014369,0.046334962479220976,0.3620512664525313,-0.018182319083190474
2016-10-23,0.3202647562480713,0.4059843394983816,0.3405565207949592,0.29219600725952843,0.3976564340327066,0.4302594459197475,0.35125476206037654,0.5750739472298191,0.02672333069221347,0.16605419931701995,0.039939877473540664,0.04261151961640769,0.354377798073072,0.009132483563272474
2016-10-30,0.3214570282815001,0.4086798241967473,0.34848525012118464,0.3079249848759834,0.44663505063822617,0.3976564340327066,0.4302594459197475,0.35125476206037654,0.024562414463732626,0.14476562437133453,0.03734655108759412,0.03637391309140556,0.3663766863798917,-0.027651531330510123
2016-11-06,0.3216322403293023,0.4082018962178014,0.32982187548126735,0.3457595526561047,0.3806770356376091,0.44663505063822617,0.3976564340327066,0.4302594459197475,0.02312180364474538,0.13359048980559093,0.035168156923399016,0.03336197375629338,0.36086225363525826,-0.009389740349839032
2016-11-13,0.32180448346232765,0.4077107377002602,0.3234186896175047,0.3724137931034486,0.41342254987577426,0.3806770356376091,0.44663505063822617,0.3976564340327066,0.0217532233667075,0.12321357913740036,0.033338305825475145,0.027090018111773376,0.35864883793338775,-0.00947874395454377
2016-11-20,0.32197243763781497,0.4072016700488852,0.3166882888761186,0.3425287356321842,0.4132629560654962,0.41342254987577426,0.3806770356376091,0.44663505063822617,0.020168551465821513,0.11893815979071101,0.02373158756137478,0.022656121232342563,0.3504844792189851,-0.048790164169432056
2016-11-27,0.32054337816564316,0.40142930005025523,0.28314382318512626,0.2203898050974516,0.3427730095026638,0.4132629560654962,0.41342254987577426,0.3806770356376091,0.0195923071382266,0.11854396442215251,0.02389525368248771,0.020624024172877745,0.3395114635283046,0.02955880224154443
2016-12-04,0.3210628614438684,0.40198565978014933,0.3146732571940671,0.33733133433283397,0.4832618146736162,0.3427730095026638,0.4132629560654962,0.41342254987577426,0.018727940646834265,0.11817792586563389,0.024248772504091645,0.017347014970036934,0.3490852947912423,0.08376988306545895
2016-12-11,0.32549066976112945,0.41560862833092727,0.40162354365946246,0.6881559220389812,0.5804685848564923,0.4832618146736162,0.3427730095026638,0.4132629560654962,0.019088093351581084,0.09891556496877454,0.02458815057283141,0.0184742636531266,0.3674099076537396,-0.03636764417087483
2016-12-18,0.3277569438732036,0.4222472409479794,0.3701527487278265,0.5322338830584714,0.3650480320301475,0.5804685848564923,0.4832618146736162,0.3427730095026638,0.019664337679175983,0.0810290869931195,0.025368248772504084,0.016045839739794038,0.3641250576579358,0.018349138668196617
2016-12-25,0.33069149081314264,0.43122268729930757,0.3893804140213258,0.5730706075533668,0.46316158471618113,0.3650480320301475,0.5804685848564923,0.4832618146736162,0.020024490383922774,0.0644202145871541,0.026104746317512265,0.011010750810738282,0.36854894959859325,0.06169356900533975
2017-01-01,0.3361058453820916,0.4484926152891256,0.45349105737149226,0.8719211822660097,0.5408831872825642,0.46316158471618113,0.3650480320301475,0.5804685848564923,0.0207447957934164,0.06134858501710966,0.026797054009819965,0.009115434957576302,0.3774628713992867,0.07410797215372204
2017-01-08,0.3441972368024754,0.4744387033408708,0.5251195050746371,0.6938603868797311,0.5631436553540664,0.5408831872825642,0.46316158471618113,0.3650480320301475,0.021465101202910022,0.09508026767401204,0.02786114566284778,0.0177809633082448,0.3876730964198007,0.05406722127027579
2017-01-15,0.35349794250579747,0.5038587607291883,0.5738163835885159,0.8469301934398658,0.5272082591986728,0.5631436553540664,0.5408831872825642,0.46316158471618113,0.02304977310379601,0.12640254442684987,0.030967011456628474,0.019572246648131356,0.3959491547313761,0.014925650216675792
2017-01-22,0.36165045153423436,0.5291068007060109,0.587161240342962,0.8906644238856185,0.45702287192770796,0.5272082591986728,0.5631436553540664,0.5408831872825642,0.02477850608658072,0.15548751569734223,0.03376229067103108,0.014980302478006108,0.4032684178092744,-0.037740327982847086
2017-01-29,0.36602492633264794,0.5423944938171967,0.5349937202600061,0.7813288477712367,0.3625866503750288,0.45702287192770796,0.5272082591986728,0.5631436553540664,0.026291147446517324,0.17123175745750926,0.03627804196399345,0.013496478186708169,0.39927515721034873,0.030305349495329058
2017-02-05,0.3709709647656278,0.5571521706973181,0.5644638827211981,0.8687973086627422,0.4846004606889025,0.3625866503750288,0.45702287192770796,0.5272082591986728,0.02801988042930202,0.18033166002907083,0.03854221812765957,0.012813672311457538,0.4044295057272543,-0.030305349495328922
2017-02-12,0.37312496566347036,0.5634123607975012,0.5223138412838364,0.7813288477712367,0.37591843115059276,0.4846004606889025,0.3625866503750288,0.45702287192770796,0.029676582871137364,0.19381071710649592,0.04057997667495908,0.012179638284439104,0.3971322886224821,-0.007722046093910278
2017-02-19,0.37426073025639417,0.5666054269438517,0.511730603614531,0.7594617325483602,0.41641291955310883,0.37591843115059276,0.4846004606889025,0.3625866503750288,0.031333285312972706,0.20334130357607225,0.042413959367528634,0.007420706602194405,0.39046999554374456,-0.07232066157962613
2017-02-26,0.3714023094851262,0.5580997715374311,0.42292657117046745,0.5626576955424728,0.30058009212713577,0.41641291955310883,0.37591843115059276,0.4846004606889025,0.03241374342721315,0.18111707257102158,0.058919803600654644,0.010647039244896322,0.38870337823056506,0.0
2017-03-05,0.3690285293295709,0.5510267146009479,0.42292657117046756,0.5626576955424728,0.4302594459197475,0.30058009212713577,0.41641291955310883,0.37591843115059276,0.03385435424620038,0.1604802866377603,0.05849427168576102,0.006692609889287854,0.39084036789226473,0.0408219945202552
2017-03-12,0.36905117916781216,0.5510309625081682,0.4716044412373758,0.6551724137931036,0.5034580278227035,0.4302594459197475,0.30058009212713577,0.41641291955310883,0.035439026147086355,0.1539328853326988,0.05807725040916528,0.007190825573378995,0.39379893748580075,0.0
2017-03-19,0.36896144157318067,0.5507050202957505,0.47160444123737605,0.6264367816091956,0.4302594459197475,0.5034580278227035,0.4302594459197475,0.30058009212713577,0.03637542317942809,0.1498684253218535,0.05766856955810146,0.006958423456223314,0.4003010298264879,-0.03252319170556006
2017-03-26,0.3671929344515836,0.5454471969732079,0.4280246993402121,0.48380355276907006,0.37194158223418605,0.4302594459197475,0.5034580278227035,0.4302594459197475,0.03731182021176978,0.12854230677452014,0.05726806232405891,0.012302869223644056,0.3900775772220982,-0.050858417233491084
2017-04-02,0.3633334363140865,0.5339878218627049,0.36818510346582106,0.2769744160177974,0.3390643913157096,0.37194158223418605,0.4302594459197475,0.5034580278227035,0.03767197291651657,0.10873948240913914,0.05631940202422257,0.008925197264793919,0.3859667380998328,-0.12981161152199058
2017-04-09,0.3546962015457363,0.5079489929057263,0.2575107773817043,0.1034482758620692,0.1974921353163326,0.3390643913157096,0.37194158223418605,0.4302594459197475,0.0365194842613268,0.11804073351634145,0.05540868813637968,0.013434128222076458,0.37064037758249874,-0.009950330853168092
2017-04-16,0.34758730872631793,0.4859516038777818,0.25070377263350974,0.1258620689655175,0.41241734593230717,0.1974921353163326,0.3390643913157096,0.37194158223418605,0.034646690196643376,0.12996686932592696,0.05370446144721491,0.010670683015721452,0.35994073195858306,-0.040821994520255166
2017-04-23,0.3405630433271457,0.4635704418399394,0.22348006726865666,0.1034482758620692,0.3570608640167915,0.41241734593230717,0.1974921353163326,0.3390643913157096,0.031981560181516974,0.14595210769218495,0.05143756443323805,0.00879965771934639,0.350218457809929,0.0
2017-04-30,0.3352768694164857,0.4461142295940682,0.22348006726865666,0.18314176245210734,0.4302594459197475,0.3570608640167915,0.41241734593230717,0.1974921353163326,0.02917236908449182,0.16709419541409884,0.048585133685495246,0.0056722151536603704,0.3562237808895058,0.1361321743245801
2017-05-07,0.3369837771042463,0.451260412118744,0.3892705762569481,0.4620689655172415,0.6743602604201502,0.4302594459197475,0.3570608640167915,0.41241734593230717,0.027731758265504572,0.14759494540477677,0.04511170978726202,0.015973749709374915,0.4236668218771762,0.05310982531394833
2017-05-14,0.3409666642455903,0.4639085454942375,0.4461774884225124,0.5816091954022987,0.5254915369476808,0.6743602604201502,0.4302594459197475,0.3570608640167915,0.02643520852841605,0.12948849896754908,0.04205509675681676,0.015113995868219501,0.43202665488663117,0.025533302005164845
2017-05-21,0.3454935326360579,0.4783377570755846,0.4731634951100759,0.7404718693284934,0.47604362476849543,0.5254915369476808,0.6743602604201502,0.4302594459197475,0.02564287257797307,0.11995878556050679,0.019639934533551548,0.014315653015718063,0.441848870780124,0.04919024419077178
2017-05-28,0.35158881342730824,0.4977130394221165,0.5242635389298878,0.8820326678765879,0.5184632723260744,0.47604362476849543,0.5254915369476808,0.6743602604201502,0.025354750414175606,0.12726112448781998,0.020098199672667752,0.018439551419363168,0.4655468221592471,0.12044615307586706
2017-06-04,0.3628227938277009,0.5327471174606366,0.6331067411046944,0.9820689655172413,0.6462334007554242,0.5184632723260744,0.47604362476849543,0.5254915369476808,0.02686739177411221,0.14963894001764136,0.021323731587561373,0.0236589475846571,0.5128662988773224,-0.03610500464211609
2017-06-11,0.3695981667973793,0.5532872810058519,0.581557527440284,0.7296113847837987,0.3655189752381591,0.6462334007554242,0.5184632723260744,0.47604362476849543,0.02801988042930202,0.1837979608251172,0.023677695581014735,0.029200560704813194,0.4882791599154426,-0.13353139262452274
2017-06-18,0.36802789855271145,0.5485022708095656,0.4364284109521564,0.48768472906403937,0.19082213535933232,0.3655189752381591,0.6462334007554242,0.5184632723260744,0.027587697183605833,0.1756209615465605,0.027479060949263515,0.0378214991497311,0.47476644812062385,0.04919024419077178
2017-06-25,0.3690894185510019,0.5516322383714235,0.4787648842648597,0.5730706075533663,0.5184632723260744,0.19082213535933232,0.3655189752381591,0.6462334007554242,0.027587697183605833,0.16802803364504368,0.030976317088052374,0.03748628467712836,0.48241640079541515,-0.008032171697264267
2017-07-02,0.3694152399560997,0.5525394280598469,0.47078625308062644,0.5588396278051452,0.41585682829289256,0.5184632723260744,0.19082213535933232,0.3655189752381591,0.027803788806453927,0.1577095326045698,0.03419379273573814,0.03926010699543242,0.47782055026437337,0.008032171697264253
2017-07-09,0.3699568159378452,0.5540804133305088,0.4783587967022013,0.5730706075533663,0.4446620635466024,0.41585682829289256,0.5184632723260744,0.19082213535933232,0.02852409421594758,0.14812806735270126,0.03715387033160905,0.03673704191955865,0.4853764401204929,0.0
2017-07-16,0.3702633237631099,0.5549117025748512,0.4783587967022012,0.5730706075533663,0.4302594459197475,0.4446620635466024,0.41585682829289256,0.5184632723260744,0.03025282719873225,0.13923099247596613,0.03846153846153845,0.03439419577767583,0.49193291252822474,0.04688358589885046
2017-07-23,0.3727697774320268,0.5622052162417275,0.5263431762813371,0.658456486042693,0.5143271658499551,0.4302594459197475,0.4446620635466024,0.41585682829289256,0.032485773968162504,0.13570972333281014,0.04108019639934532,0.0315236648221158,0.504787184592341,-0.071176278467895
2017-07-30,0.3710022492738516,0.5569049353583192,0.4429164175079095,0.5303776683087028,0.3026321040858079,0.5143271658499551,0.4302594459197475,0.4446620635466024,0.03435856803284594,0.12061384227696045,0.07119476268412436,0.031638295658628385,0.4766300677155586,-0.00823049913651548
2017-08-06,0.36908978131735537,0.5511937062154099,0.434170000107393,0.5002826455624647,0.4155012041379182,0.3026321040858079,0.5143271658499551,0.4302594459197475,0.03615933155658001,0.10466197956428572,0.07058919803600652,0.026879521811565082,0.45723108109604454,-0.025105921131076358
2017-08-13,0.3662896813726425,0.5428605808950234,0.407429724682796,0.3230119634060521,0.38524161066306,0.4155012041379182,0.3026321040858079,0.5143271658499551,0.036735575884174906,0.09428504026167392,0.06936955810147297,0.025935815215493555,0.4512419250634269,-0.02575249610241474
2017-08-20,0.36282605323140343,0.5325166048939092,0.38098132067333884,0.20306513409961674,0.3840822265723971,0.38524161066306,0.4155012041379182,0.3026321040858079,0.03666354534322551,0.08464931090924865,0.06726957774140752,0.022279392366751624,0.44639475043874643,-0.07210329390134369
2017-08-27,0.35689236418030934,0.514597706777308,0.3161172975311964,0.1217452498240678,0.3009698576442008,0.3840822265723971,0.38524161066306,0.4155012041379182,0.03579917885183319,0.08811374361057364,0.06529559620294598,0.020274204511971844,0.4417709750084115,0.0
2017-09-03,0.3522745413018682,0.5004130184924231,0.3161172975311965,0.1217452498240678,0.4302594459197475,0.3009698576442008,0.3840822265723971,0.38524161066306,0.03450262911474465,0.09133071683323254,0.06255967354762683,0.016327151461098297,0.4461610631236087,-0.009389740349839032
2017-09-10,0.3483423576297447,0.4881141993117964,0.3078619441007591,0.1034482758620692,0.41342254987577426,0.4302594459197475,0.3009698576442008,0.3840822265723971,0.031981560181516946,0.09431790625427297,0.060042624704733205,0.011271968837663654,0.44409902977053817,-0.03846628082779605
2017-09-17,0.3437983623727159,0.47362068625903736,0.2750359262974634,0.15063520871143404,0.36128493252897126,0.41342254987577426,0.4302594459197475,0.3009698576442008,0.029532521789238625,0.10796635474295327,0.05772693976927108,0.010748056487344781,0.4322177199870582,0.04785602117763514
2017-09-24,0.3424082245041827,0.4689642069622352,0.33840036792677236,0.2936259143155698,0.5160708553544971,0.36128493252897126,0.41342254987577426,0.4302594459197475,0.028668155297846276,0.12063991405387073,0.05457290373015085,0.008871504514425213,0.43622126870677613,-0.018868484304382805
2017-10-01,0.3407193556962743,0.46325936973641535,0.32042144530233857,0.2392894461859982,0.39642606002152286,0.5160708553544971,0.36128493252897126,0.41342254987577426,0.027227544478859028,0.132408219128294,0.05173427129494264,0.009214084868149383,0.3797145001212425,0.0
2017-10-08,0.3396115544725689,0.4593528165893307,0.32042144530233857,0.2392894461859982,0.4302594459197475,0.39642606002152286,0.5160708553544971,0.36128493252897126,0.025858964200821163,0.14333593098311567,0.04917950210325524,0.005362009396594272,0.3858182952141164,0.0
2017-10-15,0.33897163014501924,0.4569221098959191,0.32042144530233857,0.2392894461859982,0.4302594459197475,0.4302594459197475,0.39642606002152286,0.5160708553544971,0.024418353381833915,0.15564649055176996,0.0468802098307366,0.002480113139676249,0.39010697185293314,0.04652001563489291
2017-10-22,0.34069524280217706,0.462283089630103,0.3911763049605346,0.3751306165099272,0.5136752421001106,0.4302594459197475,0.4302594459197475,0.39642606002152286,0.02333789526759346,0.15980073820121135,0.0448108467854698,0.00119412854873302,0.40088451324856134,-0.01834913866819654
2017-10-29,0.3414654432859298,0.4645439111463039,0.36803998143812006,0.3596059113300496,0.3973573071233141,0.5136752421001106,0.4302594459197475,0.4302594459197475,0.021681192825758117,0.15648314653298076,0.04294842004472971,0.0,0.39285390010445764,0.05406722127027558
2017-11-05,0.34466336989784674,0.47485051897632197,0.44721129285702516,0.6491754122938528,0.5272082591986724,0.3973573071233141,0.5136752421001106,0.4302594459197475,0.02110494849816323,0.14381251299752348,0.02618657937806873,0.0037563831142872067,0.4019882816364131,-0.035718082602079114
2017-11-12,0.34574756916799365,0.4782421958744767,0.39881249140365865,0.5109717868338564,0.36621277143725595,0.5272082591986724,0.3973573071233141,0.5136752421001106,0.020312612547720252,0.1320469247145988,0.026546644844517173,0.0023792363823002954,0.39819490452716494,0.01801850550267843
2017-11-19,0.347550967724146,0.48402286736897393,0.42496187851151684,0.5924764890282138,0.4625687210129143,0.36621277143725595,0.5272082591986724,0.3973573071233141,0.019880429302024064,0.12112173559474018,0.02689950900163665,0.0004054263073578618,0.406182895456558,0.02643325706815543
2017-11-26,0.3502952247902776,0.4929003829623511,0.46327697815798846,0.714733542319749,0.47765734881998956,0.4625687210129143,0.36621277143725595,0.5272082591986724,0.019880429302024064,0.1011619362137772,0.02724531587561374,0.002047757499684291,0.42182230879228416,0.13786979422312082
2017-12-03,0.3593164358394347,0.5219086966217701,0.6264929438866298,0.7554858934169282,0.6774760149038375,0.47765734881998956,0.4625687210129143,0.36621277143725595,0.021681192825758117,0.13628314635089214,0.02758420661211128,0.01816842962117672,0.45609791807735783,-0.03077165866675366
2017-12-10,0.36479605093999384,0.539159869278964,0.5744028172906006,0.6739811912225707,0.37508228459583054,0.6774760149038375,0.47765734881998956,0.4625687210129143,0.023193834185694748,0.16889569862107032,0.028968563388543367,0.019237005829184986,0.4378556101811984,0.053244514518812285
2017-12-17,0.3718157488242224,0.5607707890391457,0.6283480608415526,0.8166144200626962,0.525733050350187,0.37508228459583054,0.6774760149038375,0.47765734881998956,0.025282719873226236,0.20680529764708308,0.030297545893918143,0.020229255165192653,0.4451425391651783,0.09193749532568543
2017-12-24,0.3823496767353094,0.5921353189324111,0.7083400533436341,1.0,0.5951140631582723,0.525733050350187,0.37508228459583054,0.6774760149038375,0.028596124756896907,0.24980778932859274,0.03157336909907796,0.02115062954862834,0.45037919264842163,0.24981179839637108
2017-12-31,0.4070569842630404,0.6613226877330889,0.8523199703309972,0.8491782146310022,0.8782010421141317,0.5951140631582723,0.525733050350187,0.37508228459583054,0.034574659655694034,0.32274958516710417,0.033606953859843594,0.05606270884287948,0.49808961795660145,0.29031019485805054
2018-01-07,0.4513417931330369,0.7713870393962151,0.9437557006143746,0.9146141215106731,0.9508193750784295,0.8782010421141317,0.5951140631582723,0.525733050350187,0.04530721025714905,0.40265001929330013,0.04008370033338016,0.1065518733209321,0.5496977713134935,0.3177376551838906
2018-01-14,0.5227964099474638,0.9180125833428296,1.0,0.9584609239781655,1.0,0.9508193750784295,0.8782010421141317,0.5951140631582723,0.06288266224879345,0.48484689735257935,0.05260560853244803,0.1673352882410729,0.605108120168884,-0.1314868202500465
2018-01-21,0.5598086082775336,0.9729249155384736,0.8103112619699864,0.7988724269044186,0.1944882913168851,1.0,0.9508193750784295,0.8782010421141317,0.07736080097961538,0.5614118910453757,0.07506543960020728,0.2091813803668714,0.5543876846632071,-0.006557400546159052
2018-01-28,0.5857295426591478,1.0,0.8023517534836535,0.7904610912934339,0.41850126441515817,0.1944882913168851,1.0,0.9508193750784295,0.0913347259237917,0.632507956617258,0.09858246463555634,0.23066269174553372,0.48711660226592096,-0.08581591958485607
2018-02-04,0.5935128438282355,0.9946900806532765,0.7060671141137109,0.7034482758620692,0.2763815256433938,0.41850126441515817,0.1944882913168851,1.0,0.10365194842613269,0.6788224732506882,0.11880710616595652,0.23462391150662165,0.4452321927892248,-0.04771547303966655
2018-02-11,0.5917722680537034,0.9751578038651566,0.6596871198512946,0.6586206896551726,0.3447000556356863,0.2763815256433938,0.41850126441515817,0.1944882913168851,0.11460059065043578,0.7046898784809763,0.13620029788210067,0.2389972179657293,0.4149116310829914,-0.11966450375608906
2018-02-18,0.5758249087316295,0.9359308464987356,0.5623508952982372,0.5551724137931036,0.2156870791844457,0.3447000556356863,0.2763815256433938,0.41850126441515817,0.12367643881005545,0.7039499867486629,0.24304418985270046,0.24166808345870583,0.3924379660781433,0.07350246199292652
2018-02-25,0.5680294869746726,0.9113452309464145,0.5977942467379858,0.617241379310345,0.5620579052426633,0.2156870791844457,0.3447000556356863,0.2763815256433938,0.1339047756248649,0.7062733870227508,0.2408019639934533,0.23789289414502124,0.4308567485794008,0.019493794681001132
2018-03-04,0.5615365947303901,0.8902629484215203,0.6074939031018409,0.6258484930762965,0.4652140860182037,0.5620579052426633,0.2156870791844457,0.3447000556356863,0.1442771735215731,0.709453948913047,0.23860458265139114,0.2253519586441901,0.43851551964344265,-0.08036450976802703
2018-03-11,0.5461898249805969,0.8574328009415968,0.543191619227595,0.5351213282247768,0.28615653719423173,0.4652140860182037,0.5620579052426633,0.2156870791844457,0.15198444140315492,0.685797264184044,0.23645114893617017,0.23803288808397188,0.4292958936820659,0.01659789140903783
2018-03-18,0.5336315846518995,0.8303481938279702,0.5522541015283915,0.5384839225956644,0.4600213947906679,0.28615653719423173,0.4652140860182037,0.5620579052426633,0.16026795361233165,0.6638303426499697,0.23196855306055644,0.23521238654943716,0.4349822850170837,-0.020790769669073894
2018-03-25,0.5198197899184538,0.8026574901980169,0.535516802355696,0.5049475262368817,0.39297917888889283,0.4600213947906679,0.28615653719423173,0.4652140860182037,0.16768709933011594,0.6434324869397576,0.22766526101996723,0.22147285394352428,0.4326071988456211,-0.012685159527315687
2018-04-01,0.5059791347085971,0.7760350836819652,0.5250834554642789,0.46780034640214163,0.4075134801842527,0.39297917888889283,0.4600213947906679,0.28615653719423173,0.17395375639271055,0.6198094112915701,0.22353410066100157,0.21218987135709244,0.4253731801971441,0.008474626990972236
2018-04-08,0.49426327046086505,0.7535595312560095,0.5306677238246507,0.37290371207838724,0.44545543732550513,0.4075134801842527,0.39297917888889283,0.4600213947906679,0.17733919181733054,0.5978736981896817,0.21956818671639458,0.19661964928871695,0.4377615473625266,0.05739279799665265
2018-04-15,0.4891208606361691,0.7417542523337,0.569470671633856,0.2951248513674197,0.533171404881314,0.44545543732550513,0.4075134801842527,0.39297917888889283,0.17712310019448246,0.585167932245925,0.21576090932957184,0.1884168646395311,0.6111898692886317,-0.016064602503806563
2018-04-22,0.4820243690714959,0.7274849614109427,0.5530821179356304,0.27039239001189086,0.40145374605297957,0.533171404881314,0.44545543732550513,0.4075134801842527,0.16977598501764746,0.5733697210124366,0.21210592303822204,0.17593477641289051,0.6082680429836393,0.03578910785158529
2018-04-29,0.4786509263565416,0.7192437626923953,0.5789738243003142,0.3536487570168405,0.4944334769315869,0.40145374605297957,0.533171404881314,0.44545543732550513,0.16617445797017932,0.5694474218985283,0.20859713619852624,0.1733796684834198,0.6140470274057872,-0.007843177461025893
2018-05-06,0.47385556284727937,0.7092017945226028,0.5699214893583058,0.4459511817125147,0.41619571692984086,0.4944334769315869,0.40145374605297957,0.533171404881314,0.1625729309227112,0.566386059841541,0.20522870083241826,0.16961700632985915,0.5678298493440219,0.023347363996991107
2018-05-13,0.47118428553804353,0.7026041489659487,0.5884161964362824,0.58807082945014,0.472123983795375,0.41619571692984086,0.4944334769315869,0.40145374605297957,0.1612043506446733,0.5682474783053887,0.20199500288095454,0.1668181367253646,0.5800903498652725,-0.1670540846631662
2018-05-20,0.45190261776087115,0.6718015331485785,0.42500862729626804,0.16636418632788896,0.130712051380445,0.472123983795375,0.41619571692984086,0.4944334769315869,0.15789094576100265,0.5323459076726598,0.19889065284754945,0.17881483667838044,0.5707619637698065,-0.009132483563272587
2018-05-27,0.4349483691868588,0.6447179902842739,0.4180685726124042,0.333643988816403,0.4138838412012687,0.130712051380445,0.472123983795375,0.41619571692984086,0.15659439602391412,0.48430038547580123,0.19422398945411054,0.17883413402519305,0.5677049221629735,0.09614386055290215
2018-06-03,0.4295612440800429,0.6354251041572165,0.49451561884119183,0.6001863932898416,0.602656565018278,0.4138838412012687,0.130712051380445,0.472123983795375,0.15558596845062306,0.4543557372320075,0.1872621750440992,0.1795470839567594,0.5746435247715594,-0.04255961441879601
2018-06-10,0.42056415706860706,0.6208039795906289,0.4570555653735983,0.47903075489282376,0.3539451095331041,0.602656565018278,0.4138838412012687,0.130712051380445,0.15349708276309154,0.426549992434199,0.18085730578688877,0.16839358245984282,0.5735044828267057,-0.049007579106694496
2018-06-17,0.4084433483953462,0.6015046654756013,0.4174781389285039,0.3457595526561045,0.3423831592447536,0.3539451095331041,0.602656565018278,0.4138838412012687,0.15205647194410432,0.3852549282985024,0.17496482607025515,0.1635970073746285,0.5698580788716323,-0.004576667027411755
2018-06-24,0.39799265668348094,0.5848235742207506,0.41385143285486664,0.333643988816403,0.42205294988285413,0.3423831592447536,0.3539451095331041,0.602656565018278,0.15025570842037023,0.3469082460624314,0.16954374473095227,0.15914304479550095,0.5648830376028199,0.0
2018-07-01,0.38936749220468464,0.5710068692757354,0.41385143285486664,0.333643988816403,0.4302594459197475,0.42205294988285413,0.3423831592447536,0.3539451095331041,0.148815097601383,0.31393597087803826,0.16455634989879359,0.15709231530060336,0.5683104515581731,-0.023202897079663984
2018-07-08,0.3802812023957734,0.5564296733926718,0.3936107741676684,0.2730661696178938,0.38865395402177283,0.4302594459197475,0.42205294988285413,0.3423831592447536,0.14723042570049705,0.283318858206816,0.1599679466532076,0.14545763295054848,0.5661102634401783,-0.08317750647890781
2018-07-15,0.3661619614829979,0.5335948494093198,0.32940479187619537,0.1034482758620692,0.28111250706895247,0.38865395402177283,0.4302594459197475,0.42205294988285413,0.1442771735215731,0.2671001087231759,0.1557466156672685,0.14021424707313426,0.5636131895507508,0.040005334613699206
2018-07-22,0.35820879920123444,0.5205449096098366,0.36794914425251385,0.34189288334556145,0.5019936616701082,0.28111250706895247,0.38865395402177283,0.4302594459197475,0.1408917380969531,0.2649984741256506,0.15064658585176915,0.14716091519176344,0.5697184543751664,-0.09237332013101517
2018-07-29,0.34483093878751303,0.4982043866877305,0.3040513994191562,0.1702127659574471,0.26462334413880434,0.5019936616701082,0.28111250706895247,0.38865395402177283,0.136497875099042,0.26304695628509134,0.14346915921567796,0.1445759901637951,0.5674447796800843,0.026526754333428604
2018-08-05,0.33650791424163035,0.48396943983833446,0.3289578789622803,0.21790168745414537,0.4778250002860737,0.26462334413880434,0.5019936616701082,0.28111250706895247,0.13181588993733345,0.26123483257600066,0.1371530237759177,0.13731048587114236,0.5704944726292086,-0.11647499099636806
2018-08-12,0.3218937747238577,0.45835919348282494,0.2605761417706404,0.1034482758620692,0.22140624635686593,0.4778250002860737,0.26462334413880434,0.5019936616701082,0.12576532449758698,0.27096419065916644,0.1315948245889287,0.13542916293750412,0.5647522314956045,0.07368771579115933
2018-08-19,0.31604702631258325,0.4475920685829869,0.324577273558974,0.24056795131845876,0.562390086839426,0.22140624635686593,0.4778250002860737,0.26462334413880434,0.12021897284448609,0.2799985945935346,0.12485731019394186,0.12812197248006046,0.5651049670656236,-0.016529301951210582
2018-08-26,0.31076898874665976,0.4375678811533461,0.31439790202973267,0.21988356471115117,0.4006204859205237,0.562390086839426,0.22140624635686593,0.4778250002860737,0.1173377512065115,0.27884170857510915,0.11906304781425317,0.12272678613148619,0.5594097573413553,0.0
2018-09-02,0.30719047544131406,0.43040045155150614,0.31439790202973267,0.21988356471115117,0.4302594459197475,0.4006204859205237,0.562390086839426,0.22140624635686593,0.11460059065043578,0.281187942690416,0.11407998216772089,0.11980206313638811,0.5633633351886539,-0.08701137698962981
2018-09-09,0.2990152564699921,0.4143880873572783,0.26216078745195825,0.22433165439752045,0.27423793153969545,0.4302594459197475,0.4006204859205237,0.562390086839426,0.10919830007923358,0.29724937344789937,0.10979454571170313,0.12334152762667416,0.561460032842092,0.06453852113757116
2018-09-16,0.2976781005605344,0.41089880746770724,0.3218713048840644,0.37124944021495776,0.545984517193277,0.27423793153969545,0.4302594459197475,0.4006204859205237,0.10530865086796799,0.31068646231617914,0.10335671463350984,0.12037289452477698,0.5634779742489101,0.011299555253933466
2018-09-23,0.29813222618232366,0.4107767105833441,0.33257130806780716,0.3945364979847741,0.45052086211075765,0.545984517193277,0.27423793153969545,0.4302594459197475,0.10235539868904418,0.3060008049482681,0.06955810147299507,0.11831133761111276,0.5644818008919231,-0.03428907347863219
2018-09-30,0.29680112359328326,0.40718301581718896,0.3089326631899097,0.3305747126436783,0.36877515092390256,0.45052086211075765,0.545984517193277,0.27423793153969545,0.09904199380537344,0.29624726582327443,0.07016366612111291,0.11987218959605467,0.5435337172274081,-0.047628048989254705
2018-10-07,0.29329063752055684,0.3991790280366439,0.2783340784512612,0.25287356321839083,0.34485681712148736,0.36877515092390256,0.45052086211075765,0.545984517193277,0.09515234459410789,0.292841688259321,0.07148150572831422,0.1122861495868053,0.5306500505324568,-0.05644131090495173
2018-10-14,0.2877147279683475,0.38672643657419326,0.24571106070324106,0.16129032258064543,0.3290536139279674,0.34485681712148736,0.36877515092390256,0.45052086211075765,0.09097457321904488,0.30090075590252086,0.10310965630114563,0.10871712441156095,0.5255780069818892,-0.006472514505617479
2018-10-21,0.28376763095732893,0.37712909155099755,0.24209252179560398,0.1468298109010014,0.41865347495420757,0.3290536139279674,0.34485681712148736,0.36877515092390256,0.08794929049917162,0.3083841758569208,0.10240589198036004,0.10192787477263257,0.4653689846426957,-0.006514681021193754
2018-10-28,0.2811416502906736,0.3699293063972451,0.23825827283621442,0.16636418632788896,0.41857786548974496,0.41865347495420757,0.3290536139279674,0.34485681712148736,0.08427573291075414,0.3196170699979065,0.10171620294599015,0.09423350960314705,0.4130436022934314,0.06331227941432686
2018-11-04,0.2839579411929672,0.37404094558280665,0.3086078897197964,0.3544827586206897,0.5437857232277548,0.41857786548974496,0.41865347495420757,0.3290536139279674,0.08261903046891882,0.3127143359886315,0.10029894599018002,0.0919539587124498,0.4200659795998969,-0.05679759839313307
2018-11-11,0.28344526370184286,0.37117286384191495,0.26968050132677673,0.20306513409961716,0.3284147490417429,0.5437857232277548,0.41857786548974496,0.41865347495420757,0.0799539004537924,0.30928349177360603,0.09893837931260227,0.08636207805202933,0.4110432976651142,0.0
2018-11-18,0.28391167609663703,0.3703489970642973,0.26968050132677673,0.2203898050974516,0.4302594459197475,0.3284147490417429,0.5437857232277548,0.41857786548974496,0.07880141179860263,0.31105643411325645,0.09763223530212764,0.08047458647211292,0.41596248913534023,-0.06021885999305484
2018-11-25,0.2815584529383416,0.3633001473866052,0.2311732417871401,0.29143492769744167,0.32228002925706767,0.4302594459197475,0.3284147490417429,0.5437857232277548,0.07606425124252685,0.3267410147850419,0.0957022880907103,0.08334800160507419,0.4068648508919285,0.04054609439435001
2018-12-02,0.28299195350987966,0.36447445464046624,0.277380184797611,0.37819799777530605,0.5029633068224084,0.32228002925706767,0.4302594459197475,0.3284147490417429,0.07397536555499533,0.3330067815246004,0.09223595774394447,0.08045592506661578,0.4298352851578869,0.07647036399183797
2018-12-09,0.28976353325199683,0.3776998772341345,0.3618064692869786,0.5517241379310344,0.5673796985577713,0.5029633068224084,0.32228002925706767,0.4302594459197475,0.07275084635885616,0.33224577470435035,0.0890469338249199,0.07846545639043043,0.4489594319790944,0.012195273093818206
2018-12-16,0.29666085139064446,0.3914945315533771,0.3751421805045229,0.5806451612903226,0.452126988328628,0.5673796985577713,0.5029633068224084,0.32228002925706767,0.07275084635885616,0.3132491129101359,0.052373158756137475,0.0745320711482517,0.4548545251930402,0.16191268516274754
2018-12-23,0.31432232118467596,0.42914870925497095,0.534234965964123,0.9857690202517788,0.7205877134455358,0.452126988328628,0.5673796985577713,0.5029633068224084,0.0740473960959447,0.28746748422986634,0.05307692307692306,0.08547529229484649,0.4633084210211669,-0.18026182383094402
2018-12-30,0.31594194779901047,0.4319839653329556,0.3773282176267479,0.530377668308703,0.10702903959752585,0.7205877134455358,0.452126988328628,0.5673796985577713,0.07289490744075487,0.2635274004553304,0.055110965630114556,0.09494182382144417,0.4569533018346544,0.048202101817877686
2019-01-06,0.3208921149323215,0.44213212229585824,0.4153514604820779,0.6442255062944717,0.5166914181757786,0.10702903959752585,0.7205877134455358,0.452126988328628,0.07275084635885616,0.2348836936011293,0.057063646481178384,0.09469677195801804,0.46088924290345196,0.03468555798789011
2019-01-13,0.3275993980742752,0.4561688657318251,0.44323197834055866,0.7296113847837986,0.4924546837336796,0.5166914181757786,0.10702903959752585,0.7205877134455358,0.07361521285024851,0.21755449923078193,0.058938220098199656,0.09099406896577794,0.4639154201479083,0.2001540330895109
2019-01-20,0.3487387523837863,0.5005907124715905,0.5884862867071914,1.0,0.789158895995367,0.4924546837336796,0.5166914181757786,0.10702903959752585,0.07793704530721025,0.22919308144144987,0.06073781077054008,0.10840677375876426,0.47754864992915025,0.0
2019-01-27,0.3654249220163211,0.5345738855526516,0.5884862867071914,0.8627726952850107,0.4302594459197475,0.789158895995367,0.4924546837336796,0.5166914181757786,0.08233090830512137,0.2501070705660049,0.06431121806538788,0.12388068295701121,0.48728268193013835,0.027524673390089936
2019-02-03,0.38081958253420234,0.5649000951332862,0.6078316350319926,0.8857336037863422,0.47961438516694477,0.4302594459197475,0.789158895995367,0.4924546837336796,0.08722898508967804,0.27205601696219894,0.06977188526827469,0.12851887939344764,0.49351434366714414,0.07410797215372183
2019-02-10,0.3994042224102981,0.6000305632551215,0.6586413692407751,0.817993259009593,0.5631436553540661,0.47961438516694477,0.4302594459197475,0.789158895995367,0.09263127566088021,0.30897309042028387,0.07637898479382038,0.1432512405844575,0.5146975843783387,-0.06959329179919511
2019-02-17,0.40714449349437365,0.613788951212118,0.5744247073763131,0.7101374124967594,0.3054705832116287,0.5631436553540661,0.47961438516694477,0.4302594459197475,0.09752935244543685,0.3365926535093725,0.08655884213411022,0.13747042319509517,0.5069814937841688,-0.06513930217096149
2019-02-24,0.40709612569813547,0.6130538398296858,0.508645970892863,0.6157635467980297,0.3134571044100333,0.3054705832116287,0.5631436553540661,0.47961438516694477,0.10141900165670244,0.3389631737849087,0.09551711659356527,0.14183295486690883,0.4958379892346456,0.01904819497069441
2019-03-03,0.4081089262080634,0.6142374905162687,0.5231848840356135,0.5938697318007665,0.4644150739347878,0.3134571044100333,0.3054705832116287,0.5631436553540661,0.10624504790030971,0.34116437118362086,0.1034003981178857,0.1347633816668908,0.5036701886206135,-0.13623044959368766
2019-03-10,0.3976056045735584,0.594657608841826,0.4095706842904912,0.3869731800766286,0.1859824124369226,0.4644150739347878,0.3134571044100333,0.3054705832116287,0.10869408629258807,0.32031766185915267,0.16121112929623566,0.13723418054785524,0.49684769480382557,0.0628479036596637
2019-03-17,0.3937188347119249,0.5871903262215563,0.4562459124795453,0.4507611059335199,0.5429530435140139,0.1859824124369226,0.4644150739347878,0.3134571044100333,0.11114312468486635,0.2960236919849102,0.1599018003273322,0.1346632770277829,0.5030014607691188,-0.0574570550247872
2019-03-24,0.3859077653709215,0.5725801119976652,0.4136265023453956,0.36191363777570706,0.3272322666365867,0.5429530435140139,0.1859824124369226,0.4644150739347878,0.112655766044803,0.2734650056731137,0.15717184942716855,0.12671576174007895,0.4979382356078016,-0.005390848634876423
2019-03-31,0.3790904658199352,0.5597883361862576,0.4097417862590063,0.3538365952159058,0.4205930276086421,0.3272322666365867,0.5429530435140139,0.1859824124369226,0.11200749117625873,0.2469850447087373,0.15455109656301144,0.12976139061581565,0.4729821940289434,-0.027398974188114503
2019-04-07,0.37153771151155607,0.545568667779387,0.3896192140423355,0.31345138241689985,0.3811298999547519,0.4205930276086421,0.3272322666365867,0.5429530435140139,0.11330404091334724,0.22239650952753062,0.15033531391162028,0.12494413393849915,0.46936959389933014,0.05406722127027579
2019-04-14,0.3694638400310648,0.5416234479361608,0.4350095512087048,0.2846661775495233,0.5272082591986728,0.3811298999547519,0.4205930276086421,0.3272322666365867,0.11474465173233449,0.19956429828783875,0.1463724782193126,0.11769084315717263,0.4734730843638868,-0.0540672212702757
2019-04-21,0.3637474777017805,0.5307666749401178,0.3925455399304038,0.18928833455612648,0.33331063264082245,0.5272082591986728,0.3811298999547519,0.4205930276086421,0.11503277389613197,0.1783629592795534,0.1426474126685434,0.1095655826411745,0.47001333631461517,0.08004270767353636
2019-04-28,0.3651908266411452,0.5335057822005725,0.45907647302386184,0.33235509904622174,0.5737853260789978,0.33331063264082245,0.5272082591986728,0.3811298999547519,0.11359216307714469,0.1662855460734021,0.1391458510508203,0.11453125527635896,0.4758422916091824,-0.08004270767353637
2019-05-05,0.3602891424632591,0.5241541652215479,0.39620035845393115,0.18928833455612648,0.28673356576049713,0.5737853260789978,0.33331063264082245,0.5272082591986728,0.11107109414391701,0.1550708052391188,0.1358543831301606,0.1101068344423348,0.4732878981896267,-0.1495317339709637
2019-05-12,0.34649278977742093,0.4973708240202528,0.30845370320176907,0.1034482758620692,0.16213166321835004,0.28673356576049713,0.5737853260789978,0.33331063264082245,0.10631707844125908,0.14815680165583653,0.13276040328474048,0.11433881526791037,0.46764412906931957,0.03174869831458027
2019-05-19,0.3378229481979436,0.4800730289911778,0.3318574312169888,0.1587909748829292,0.487188552917176,0.16213166321835004,0.28673356576049713,0.5737853260789978,0.10069869624720883,0.14173665547136013,0.1278351520366912,0.10992814014877539,0.4743416957050591,0.006230549750636163
2019-05-26,0.33167666619186714,0.4674748640775051,0.3367164968442163,0.17241379310344856,0.44143154595018796,0.487188552917176,0.16213166321835004,0.28673356576049713,0.09630483324929771,0.13577509115720346,0.12330392088848585,0.10235735841909138,0.47728409825163587,0.024541108916117445
2019-06-02,0.3287713796086883,0.46126400576165816,0.3569570488076766,0.24137931034482757,0.47426450721322394,0.44143154595018796,0.487188552917176,0.16213166321835004,0.09320751998847511,0.13023935286548652,0.11913518823213692,0.09393728487961844,0.4888861590421839,0.012048338516174574
2019-06-09,0.3276425734599194,0.4586231290945634,0.367413073154736,0.29905956112852666,0.4518635175491519,0.47426450721322394,0.44143154595018796,0.487188552917176,0.0899661456457538,0.1250990244517494,0.11529995418829594,0.08403355226438694,0.4918682443403879,-0.006006024060211922
2019-06-16,0.3267246560898689,0.4563789500460668,0.3629657914967262,0.30068965517241386,0.4194899465542913,0.4518635175491519,0.47426450721322394,0.44143154595018796,0.08859756536771592,0.11242032276347205,0.1117715388679622,0.07622729105500978,0.4906277909191537,-0.0182375875497809
2019-06-23,0.3251865558949639,0.4527905657050481,0.34904843130346636,0.24689655172413794,0.39755733124691883,0.4194899465542913,0.4518635175491519,0.47426450721322394,0.08614852697543761,0.10745998705648543,0.10852539677325518,0.07036868186535442,0.4870769195142938,-0.031155167779795462
2019-06-30,0.3223842160100102,0.44644094815429913,0.325672236609804,0.15724137931034513,0.37439460817160314,0.39755733124691883,0.4194899465542913,0.4518635175491519,0.08413167182885543,0.10942974815676612,0.10553894604612471,0.06840369959401887,0.484778259383002,-0.00634922767865878
2019-07-07,0.32021504978625254,0.4413104652640446,0.32088743434594286,0.13931034482758647,0.4188745425675554,0.37439460817160314,0.39755733124691883,0.4194899465542913,0.08211481668227326,0.1112588120355982,0.10279141137716469,0.0603237944991874,0.48357895844493676,0.01892800988551886
2019-07-14,0.32015841898137665,0.4406593172038829,0.3422193687992437,0.23877683799609667,0.46419956810504764,0.4188745425675554,0.37439460817160314,0.39755733124691883,0.08067420586328601,0.11713074134130821,0.10026367948172146,0.055601149349233686,0.48614217025374296,0.030771658666753472
2019-07-21,0.3225534235570241,0.4453445057758852,0.3776884708588311,0.32335718932986346,0.48543660724366416,0.46419956810504764,0.4188745425675554,0.37439460817160314,0.07887344233955197,0.10073420767526717,0.09711128862029236,0.0588611766290629,0.4982101359430247,0.012048338516174574
2019-07-28,0.32564812707459095,0.4516180023939602,0.3919544711333543,0.35718932986337026,0.4518635175491519,0.48543660724366416,0.46419956810504764,0.4188745425675554,0.07793704530721028,0.08219470203592855,0.09427413684500616,0.060498282884137944,0.5026193305682647,-0.01204833851617448
2019-08-04,0.32766402114672794,0.4556139693504597,0.3791196165855744,0.41016333938294014,0.4086553742903434,0.4518635175491519,0.48543660724366416,0.46419956810504764,0.07577612907872937,0.06836316017557731,0.0917207002472486,0.06201845297813627,0.4978632792991725,-0.030771658666753545
2019-08-11,0.327617916482371,0.45515425427977285,0.3471053016732966,0.5189234650967204,0.37508228459583076,0.4086553742903434,0.4518635175491519,0.48543660724366416,0.07433551825974215,0.07648358809296102,0.08942260730926677,0.06760022529400508,0.4941933596394311,0.06062462181643484
2019-08-18,0.331925833697671,0.46423081121246745,0.4242644535539702,0.825670498084291,0.5389664407032622,0.37508228459583076,0.4086553742903434,0.4518635175491519,0.07541597637398258,0.062295670782688856,0.05973813420621929,0.07347833055398073,0.49824100030540136,-0.09237332013101504
2019-08-25,0.32964755763276526,0.45895284799519004,0.3322484716203867,0.45210727969348696,0.2646233441388046,0.5389664407032622,0.37508228459583076,0.4086553742903434,0.07505582366923576,0.04623750048214903,0.05973813420621929,0.07546141631918515,0.4967036611127344,0.012820688429061469
2019-09-01,0.3290000141063005,0.45719420734133775,0.34757179779161157,0.5019157088122609,0.45324843073187593,0.2646233441388046,0.5389664407032622,0.37508228459583076,0.07476770150543831,0.03132634234593348,0.06032733224222585,0.07382769826781627,0.4979235382923841,0.07955263170195369
2019-09-08,0.3340147726468208,0.4679688675332625,0.43967570143669116,0.825670498084291,0.5729065628885622,0.45324843073187593,0.2646233441388046,0.5389664407032622,0.07512785421018513,0.02068553111878585,0.06090474631751226,0.07300570532964265,0.49946969587430157,-0.005899722127188271
2019-09-15,0.3378375717804938,0.47615977867656223,0.4330072424218973,0.8007662835249042,0.4196805582782484,0.5729065628885622,0.45324843073187593,0.2646233441388046,0.07527191529208387,0.018905112898895154,0.061470612111292955,0.07085236423942934,0.49334238507675976,-0.03614851411631121
2019-09-22,0.3386932607395312,0.477871305583601,0.3929784503156439,0.6513409961685822,0.36544095769276835,0.4196805582782484,0.5729065628885622,0.45324843073187593,0.07505582366923576,0.013480305932669356,0.06202516058919802,0.0660727093604129,0.4919975807160616,-0.018576385572935304
2019-09-29,0.33840834379790413,0.4770816802259083,0.37339824042151687,0.5766283524904219,0.3969498270047113,0.36544095769276835,0.4196805582782484,0.5729065628885622,0.07483973204638765,0.006490517671285223,0.06256861809754499,0.05954936550131956,0.48813365649280965,0.0
2019-10-06,0.3384268411805258,0.4769566897449933,0.37339824042151676,0.5766283524904219,0.4302594459197475,0.3969498270047113,0.36544095769276835,0.4196805582782484,0.07498379312828639,0.0,0.06310120645572503,0.0500168199416742,0.5132837026351784,0.048790164169431834
2019-10-13,0.34186632423336094,0.4844160173078049,0.4382376465385088,0.7758620689655171,0.5177458823368308,0.4302594459197475,0.3969498270047113,0.36544095769276835,0.07577612907872937,0.011763732900384238,0.06362314304674146,0.04950554209345864,0.5191200065874544,-0.06136894637629201
2019-10-20,0.34078404327118667,0.48189815137022324,0.3672011638342198,0.5268199233716478,0.320217790669556,0.5177458823368308,0.4302594459197475,0.3969498270047113,0.07563206799683066,0.024319822241127192,0.06413464090593755,0.04833575312487534,0.5106396555915762,0.012578782206860185
2019-10-27,0.34094662142762067,0.48212749518962095,0.38372476390709104,0.5766283524904219,0.45281466475285576,0.320217790669556,0.5177458823368308,0.4302594459197475,0.07527191529208387,0.035979048057531327,0.06463590880794973,0.04655448954452196,0.531705317779431,0.1505728584793744
2019-11-03,0.35163309988836355,0.5055959067421643,0.5551115100047113,0.9999999999999999,0.7002540858998176,0.45281466475285576,0.320217790669556,0.5177458823368308,0.07664049557012172,0.07037733919382638,0.06512715135192167,0.05463089261041526,0.5330368945562535,0.07257069283483537
2019-11-10,0.36566779811814226,0.5357702976581284,0.6211920032998655,0.9706048615036744,0.5603871348201319,0.7002540858998176,0.45281466475285576,0.320217790669556,0.07916156450334942,0.11865360931120414,0.06638458575610993,0.0614353787763616,0.5382132890462852,0.04401688541677426
2019-11-17,0.38017613169175685,0.5659849028446922,0.6581649726517591,0.8813387423935087,0.5091868386196337,0.5603871348201319,0.7002540858998176,0.45281466475285576,0.08269106100986819,0.17544043073575458,0.06898088867948311,0.07331407794951997,0.5426063166245659,-0.03902934390573534
2019-11-24,0.38812531773394865,0.5819509311358576,0.5969537787880252,0.7758620689655169,0.36027529497178085,0.5091868386196337,0.5603871348201319,0.7002540858998176,0.08492400777929841,0.22817105062997992,0.07328238485190025,0.07113871024360116,0.5397609163597443,-0.09929822098228029
2019-12-01,0.38646769830991645,0.578354549701619,0.47340998009833984,0.5034482758620691,0.2522061918637074,0.36027529497178085,0.5091868386196337,0.5603871348201319,0.08686883238493119,0.23564175368922377,0.07723976133052401,0.07745909754527452,0.5214098483294957,-0.011049836186584935
2019-12-08,0.38406716191515594,0.5733012146871166,0.4617290211576354,0.46767241379310354,0.4104458050473826,0.2522061918637074,0.36027529497178085,0.5091868386196337,0.08852553482676655,0.24257883510137881,0.08088054769085784,0.07012244024440539,0.5172505080663526,0.05406722127027579
2019-12-15,0.3858871426415896,0.5767374382814192,0.5143189709985059,0.5951056729699664,0.5272082591986728,0.4104458050473826,0.2522061918637074,0.36027529497178085,0.0899661456457538,0.2554422452441698,0.084230071142365,0.06887007762694933,0.5293287618764266,-0.0540672212702757
2019-12-22,0.3830343590771551,0.570827350932037,0.45397698070262454,0.45050055617352625,0.33331063264082245,0.5272082591986728,0.4104458050473826,0.2522061918637074,0.09075848159619677,0.27249572617860374,0.08731163271775158,0.06770716948216873,0.5279192893278916,0.05406722127027579
2019-12-29,0.38451178493091537,0.5735827484541527,0.5060128886807294,0.5951056729699664,0.5272082591986728,0.33331063264082245,0.5272082591986728,0.4104458050473826,0.09270330620182955,0.2883311013320068,0.08756137479541734,0.06315217137152807,0.5326768103285255,0.05129329438755048
2020-01-05,0.3893649882393439,0.5829252105153302,0.5533302685676302,0.7198275862068964,0.5222342858173077,0.5272082591986728,0.33331063264082245,0.5272082591986728,0.09558452783980408,0.3275259761464909,0.09037643207855972,0.0728231496021679,0.5604782521722051,-0.025317807984289897
2020-01-12,0.39083870172772117,0.5855082165779913,0.5212124618591345,0.6497844827586206,0.38486167290251244,0.5222342858173077,0.5272082591986728,0.33331063264082245,0.09810559677303175,0.3560867772849675,0.09165302782324058,0.0685977553067676,0.5521389954043346,0.005115100666770409
2020-01-19,0.39203548134426824,0.5875103879384755,0.5262897677718088,0.6529477196885426,0.4394314160671806,0.38486167290251244,0.5222342858173077,0.5272082591986728,0.1001224519196139,0.386808157911953,0.09492635024549917,0.06675926778961683,0.5615379286138046,-0.03109058707003112
2020-01-26,0.39021610760967407,0.5836854508928494,0.4858635209018826,0.5590729225551156,0.37451040889198906,0.4394314160671806,0.38486167290251244,0.5222342858173077,0.1024274292299935,0.40921147002837577,0.09787234042553192,0.06574713177607425,0.5508853143992248,-0.005277057100843781
2020-02-02,0.388044058551017,0.5792226190643995,0.4790679251815824,0.5367816091954021,0.42079706905790587,0.37451040889198906,0.4394314160671806,0.38486167290251244,0.10451631491752501,0.40405994685892943,0.12438625204582651,0.06758741505874594,0.5326724011339002,-0.010638398205055643
2020-02-09,0.3852225147759536,0.5735489647467236,0.46486789359798947,0.3425287356321842,0.4111835611796562,0.42079706905790587,0.37451040889198906,0.4394314160671806,0.10458834545847438,0.39927638963015777,0.12366612111292963,0.06026084696881709,0.5304531065058629,0.04189094170916013
2020-02-16,0.38590361032809034,0.5746542772138766,0.5154945961196236,0.5019157088122604,0.5053747744020058,0.4111835611796562,0.42079706905790587,0.37451040889198906,0.10422819275372756,0.3843033206768064,0.12296039279869067,0.059712883871045924,0.5415378217937161,-0.13133600206108698
2020-02-23,0.3765872624339128,0.5564787651587955,0.363847657880415,0.1551724137931037,0.19475872586293677,0.5053747744020058,0.4111835611796562,0.42079706905790587,0.1014910321976518,0.3515729923565025,0.12226877905073649,0.06754443259457069,0.5377165197851748,0.07869226857566508
2020-03-01,0.37466585269279307,0.5526521984946928,0.4475970648749646,0.5245559038662488,0.5713638317823035,0.19475872586293677,0.5053747744020058,0.4111835611796562,0.10033854354246201,0.3266944706502001,0.1206513503109656,0.07759670884737635,0.541787676155813,-0.17049981782878784
2020-03-08,0.36144889635706634,0.5265322753026078,0.31175897652002044,0.22460391425908693,0.12453345123354775,0.5713638317823035,0.19475872586293677,0.5053747744020058,0.09846574947777857,0.3126805483376941,0.11763485521702127,0.0924912131011898,0.5344287303262876,-0.0064308903302904025
2020-03-15,0.35067494880752315,0.504773805095361,0.30777436636912675,0.25287356321839105,0.41872811193955406,0.12453345123354775,0.5713638317823035,0.19475872586293677,0.0966649859540445,0.30403464314639406,0.11333044977838297,0.10145660742733442,0.525735268256856,-0.01298719552681119
2020-03-22,0.34153988467342944,0.48588801931543246,0.2993924921879864,0.2396333478830208,0.4069718945242051,0.41872811193955406,0.12453345123354775,0.5713638317823035,0.09399985593891812,0.29712642930249433,0.10805305128172307,0.10074621387777327,0.5160541465913708,-0.04000533461369925
2020-03-29,0.3322012099566618,0.4660630411060618,0.2740497679234326,0.171540811872545,0.35852523016938687,0.4069718945242051,0.41872811193955406,0.12453345123354775,0.09162284808758912,0.2907116593045873,0.1022552612326626,0.09661140789126493,0.5110835145171837,0.1512309697239235
2020-04-05,0.33474748001456034,0.4712469377725783,0.4166434724934251,0.44391095591444785,0.7014341558694877,0.35852523016938687,0.4069718945242051,0.41872811193955406,0.09025426780955124,0.2639386129704322,0.09715320598948943,0.10736759548955366,0.5194168923588872,-0.06648974126883286
2020-04-12,0.33264857989481283,0.4665352080591138,0.3663863418260555,0.36154649947753437,0.31103561011333886,0.7014341558694877,0.35852523016938687,0.4069718945242051,0.08737304617157675,0.23907792708871692,0.092663397375497,0.10623498850697682,0.5131029256555436,0.0
2020-04-19,0.33131150372082274,0.46339285537478525,0.3663863418260555,0.36154649947753437,0.4302594459197475,0.31103561011333886,0.7014341558694877,0.35852523016938687,0.08485197723834907,0.21149918527974934,0.08871236579518368,0.10309818912314883,0.5186114794740101,0.07232066157962608
2020-04-26,0.3353617535317036,0.47188609407424864,0.43250487673958854,0.5377155172413797,0.5599387997123592,0.4302594459197475,0.31103561011333886,0.7014341558694877,0.08312324425556437,0.20212416880238634,0.05973813420621929,0.10505066360484785,0.5286379880518057,-0.00583092031079321
2020-05-03,0.33841353322323875,0.4782675993637814,0.4272316793480701,0.6015325670498085,0.41980392793354454,0.5599387997123592,0.4302594459197475,0.31103561011333886,0.08175466397752647,0.19341879635912065,0.060343698854337144,0.10547361369023062,0.5231029790655878,0.005830920310793144
2020-05-10,0.34144412731239654,0.4846323858351732,0.43298854546473026,0.6181353767560666,0.44071496390595033,0.41980392793354454,0.5599387997123592,0.4302594459197475,0.0805301447813873,0.18803573582353708,0.060937152209492626,0.09752598145520233,0.525439852216965,0.05100255445237279
2020-05-17,0.3476070650015445,0.4976898040286421,0.4840218457213909,0.7675606641123884,0.5217129553137968,0.44071496390595033,0.41980392793354454,0.5599387997123592,0.08009796153569114,0.1957093213864655,0.062165787234042535,0.09709634690365063,0.5286541550987649,-0.016713480973740667
2020-05-24,0.3513786671018897,0.5056316534658795,0.4650464323257731,0.6656925774400937,0.4002902315215431,0.5217129553137968,0.44071496390595033,0.41980392793354454,0.07887344233955197,0.21373042781358423,0.06442602003273319,0.09878249343435924,0.5261144589946267,-0.03428907347863219
2020-05-31,0.35203992994853206,0.5070046385151293,0.4274689729058529,0.5745178258328465,0.36877515092390256,0.4002902315215431,0.5217129553137968,0.44071496390595033,0.07894547288050134,0.2190356201012685,0.06791350962487722,0.0933978912604713,0.5209850959139309,0.005797117684325915
2020-06-07,0.35304232540735725,0.5091005151882059,0.4339708568756499,0.5897136177673876,0.4406543518669975,0.36877515092390256,0.4002902315215431,0.5217129553137968,0.07808110638910899,0.2239618700826896,0.07112200004964972,0.08214262482755541,0.5281368095960701,-0.005797117684325958
2020-06-14,0.3535046970239127,0.5100610021136258,0.4271771886995049,0.5745178258328465,0.4198645399724975,0.4406543518669975,0.36877515092390256,0.4002902315215431,0.07923359504429879,0.22449641801241274,0.07407381124044043,0.07169130599699064,0.5137393194131199,0.07825219689974834
2020-06-21,0.359507726391316,0.5226379299256139,0.5175004298054549,0.7872589129164234,0.5705747321072061,0.4198645399724975,0.4406543518669975,0.36877515092390256,0.08146654181372902,0.24057322601543882,0.07678947753596788,0.06963185057339535,0.5181000128974822,-0.032789822822990956
2020-06-28,0.3618246196119847,0.5274540430409732,0.47412859157436676,0.6960841613091762,0.37146348164364634,0.5705747321072061,0.4198645399724975,0.4406543518669975,0.0834113664193618,0.262649188233385,0.07928789052785312,0.07049962297530382,0.5134762374671472,0.05406722127027579
2020-07-05,0.3675940684679219,0.5393383258396072,0.5333060908688065,0.848042080654588,0.5272082591986728,0.37146348164364634,0.5705747321072061,0.4198645399724975,0.08650867968018437,0.2726841479885511,0.08158643048038755,0.07408553550089436,0.5176532145087912,0.0
2020-07-12,0.37202341398629885,0.5483324349330995,0.5333060908688063,0.8206896551724137,0.4302594459197475,0.5272082591986728,0.37146348164364634,0.5705747321072061,0.0878772599582223,0.2820023249040624,0.0834697217675941,0.06698984691748092,0.5267655500676205,0.0
2020-07-19,0.37535234412033813,0.5549886964938451,0.5333060908688063,0.8206896551724137,0.4302594459197475,0.4302594459197475,0.5272082591986728,0.37146348164364634,0.09003817618670316,0.2930863233003428,0.0834697217675941,0.060400993232882755,0.5292846699301742,0.025975486403260736
2020-07-26,0.37977086310523295,0.5637164691613247,0.5648394612357299,0.900383141762452,0.4768365128000729,0.4302594459197475,0.4302594459197475,0.5272082591986728,0.09255924511993084,0.3070576575598093,0.08543371522094925,0.05636786485433387,0.5309792703978081,0.03526813883745805
2020-08-02,0.38578856474880996,0.5754160163495101,0.6061845401146233,1.0,0.49349931892442306,0.4768365128000729,0.4302594459197475,0.4302594459197475,0.0947201613484117,0.3281197893316954,0.08724058919803601,0.05401287900759061,0.5345448391180855,0.0
2020-08-09,0.39020506562752144,0.5837547069282667,0.6061845401146233,0.9231527093596065,0.4302594459197475,0.49349931892442306,0.4768365128000729,0.4302594459197475,0.09695310811784195,0.35094203376564304,0.08948216039279869,0.05043604450227693,0.5384543250191316,0.004938281640582577
2020-08-16,0.393714668824532,0.5901765390581465,0.6124168145247522,0.9252873563218385,0.4391143589972722,0.4302594459197475,0.49349931892442306,0.4768365128000729,0.09918605488727221,0.3732437518834625,0.09219765630114565,0.044334574309238706,0.5402033055538101,0.057432049085875604
2020-08-23,0.4008510273721944,0.6032565431954204,0.6806253572664178,1.0,0.5332417866473945,0.4391143589972722,0.4302594459197475,0.49349931892442306,0.10163509327955052,0.40328690088272234,0.09510013171849427,0.04492420211572315,0.543748298032503,0.02298951822469878
2020-08-30,0.40796199103155933,0.615869271929983,0.7053081386323721,1.0,0.4714823247245824,0.5332417866473945,0.4391143589972722,0.4302594459197475,0.10466037599942375,0.4357715590210183,0.09913124648641572,0.048946868483660255,0.5492377453409268,0.0
2020-09-06,0.4129823476060276,0.6242808676998498,0.7053081386323721,0.903940886699508,0.4302594459197475,0.4714823247245824,0.5332417866473945,0.4391143589972722,0.10811784196499315,0.4710281271683996,0.10367714748710966,0.04781698477291971,0.5535602258052037,-0.06575137756278054
2020-09-13,0.41073646440640293,0.6194515112144598,0.554868132221003,0.679802955665025,0.31235958207616943,0.4302594459197475,0.4714823247245824,0.5332417866473945,0.11049484981632209,0.47691332971617273,0.10801963993453353,0.04954793090819326,0.5408220625328855,0.019231361927887592
2020-09-20,0.409986079472558,0.6173823145911738,0.5805305071129432,0.7438423645320201,0.4647435135829625,0.31235958207616943,0.4302594459197475,0.4714823247245824,0.11323201037239787,0.48237816065339056,0.12929623567921436,0.04420492836711562,0.5445713476958812,0.0
2020-09-27,0.408824193263845,0.6146205387836877,0.5805305071129432,0.7438423645320201,0.4302594459197475,0.4647435135829625,0.31235958207616943,0.4302594459197475,0.1149607433551826,0.4963627548364914,0.12893617021276593,0.04619387853137519,0.5542921521129935,0.07342746855481715
2020-10-04,0.41372010402225445,0.6225614246221431,0.6733398852042847,0.8758620689655169,0.5619234332898314,0.4302594459197475,0.4647435135829625,0.31235958207616943,0.11827414823885328,0.5234030897438406,0.10965630114566283,0.05429603952677897,0.5669876931706012,0.03905051487187325
2020-10-11,0.4205208142960314,0.6335118445815391,0.7148114239523529,1.0,0.5002815588712131,0.5619234332898314,0.4302594459197475,0.4647435135829625,0.12151552258157457,0.5485119721578078,0.10965630114566283,0.052089041203432496,0.5714512678628857,0.03758271114904285
2020-10-18,0.4287363878906943,0.6464133552925596,0.7511769737700396,1.0,0.497649616157837,0.5002815588712131,0.5619234332898314,0.4302594459197475,0.1254051717928401,0.5785219900916332,0.11019639934533551,0.05490490238415005,0.5746420550400176,0.24903496524695137
2020-10-25,0.46184293804779936,0.6985462415836595,0.9023158974041068,0.9862068965517242,0.8768080899671092,0.497649616157837,0.5002815588712131,0.5619234332898314,0.13426492832961173,0.6330621515566501,0.1115495908346972,0.10339167442353384,0.5799551345634318,-0.009630893060961189
2020-11-01,0.48542237472507654,0.7318303101463849,0.8795527436950923,0.9641379310344829,0.41299013502971776,0.8768080899671092,0.497649616157837,0.5002815588712131,0.1425484405387885,0.6837065872027372,0.11698427495908345,0.11296852630284876,0.5748331201404447,0.09823843958341326
2020-11-08,0.5151965564493443,0.7709061622067535,0.9198272144015354,0.7494929006085194,0.6064123887235849,0.41299013502971776,0.8768080899671092,0.497649616157837,0.15263271627169922,0.7427728570557134,0.12209287803600652,0.16008802050042958,0.5867026720715908,-0.12107793155323604
2020-11-15,0.5212314906042067,0.7743654889365872,0.6934540683131347,0.5674926355917519,0.2131526388272495,0.6064123887235849,0.41299013502971776,0.8768080899671092,0.15990780090758483,0.7810159787362221,0.13399484222847788,0.171175381107603,0.5790674167122168,0.07009237682036834
2020-11-22,0.5328725500124082,0.7848492838441429,0.7364713310859534,0.6666089066019754,0.5559432260915577,0.2131526388272495,0.6064123887235849,0.41299013502971776,0.16869552690340706,0.7909179675115979,0.14494464928555154,0.18981115898571915,0.5847861421411531,-0.09346572800567711
2020-11-29,0.5284785344937326,0.773872503840461,0.609765830090155,0.5359556402703172,0.2626645298225367,0.5559432260915577,0.2131526388272495,0.6064123887235849,0.1745300007203054,0.8009575513361092,0.1550184717780593,0.19530028343917039,0.5815527327493104,-0.003384097984240457
2020-12-06,0.522713675753712,0.7616246109870066,0.605705262251385,0.5266935060388589,0.4241913648184152,0.2626645298225367,0.5559432260915577,0.2131526388272495,0.17993229129150762,0.7959808306026315,0.16428638847116642,0.19275198694116025,0.5782913984581747,0.023451661035049663
2020-12-13,0.5191239696339107,0.7526605730863319,0.623061421298202,0.5585506739016279,0.47231100050958225,0.4241913648184152,0.2626645298225367,0.5559432260915577,0.1858387956493553,0.7873345462715284,0.27086743044189854,0.18899564968824167,0.5821567924129684,0.0
2020-12-20,0.5144938073944759,0.7427560532861619,0.623061421298202,0.5585506739016279,0.4302594459197475,0.47231100050958225,0.4241913648184152,0.2626645298225367,0.19275372758049414,0.7793058536783612,0.2688870703764321,0.18064240547242078,0.5858267120727098,0.09771547260557416
2020-12-27,0.5214372182915379,0.7475800251561295,0.6957168437169345,0.6996324172938911,0.605474648135214,0.4302594459197475,0.47231100050958225,0.4241913648184152,0.2016134841172657,0.7836215812622432,0.26694631751227493,0.19443178152446527,0.5923611385073153,-0.024317307650706357
2021-01-03,0.5218496576600797,0.7441647012262723,0.6580283081789045,0.6508166969147006,0.3866556863129893,0.605474648135214,0.4302594459197475,0.47231100050958225,0.20989699632644238,0.7876290425901334,0.26504437970540096,0.20306601634420757,0.5828211110698378,-0.0061728591070809675
2021-01-10,0.5195281478481033,0.737597890553682,0.6484068117471244,0.6128526645768025,0.4191907919199809,0.3866556863129893,0.605474648135214,0.4302594459197475,0.21688395879853056,0.7931642673759944,0.2631804806546645,0.1930127149720059,0.5776623533583071,0.006172859107081016
2021-01-17,0.5166828503578043,0.730664223695609,0.6535969699735793,0.6187078874355926,0.44132809991951427,0.4191907919199809,0.3866556863129893,0.605474648135214,0.22336670748397314,0.7933896700943994,0.2613538595849427,0.1857625994549682,0.5826594406002457,0.03922071315328133
2021-01-24,0.5178368861488647,0.7286563759356287,0.6867872781089821,0.676392572944297,0.5005867441760421,0.44132809991951427,0.4191907919199809,0.3866556863129893,0.2301375783332133,0.7984017699379685,0.2595637709366154,0.1825055041653491,0.5878196680433182,-0.05472489968924649
2021-01-31,0.5097751713825392,0.716073118526406,0.59508363213434,0.42416596579758936,0.3321313387777322,0.5005867441760421,0.44132809991951427,0.4191907919199809,0.2306417921198588,0.8064694316917934,0.2578094840612546,0.18365124433928737,0.5682913450481304,-0.0317486983145803
2021-02-07,0.4977684893124851,0.699332650837952,0.5485983995753398,0.3512755817213348,0.373330338922319,0.3321313387777322,0.5005867441760421,0.44132809991951427,0.2306417921198588,0.7929385306870034,0.2560902829234011,0.19375054849606843,0.5654503539779341,0.0
2021-02-14,0.486787197543039,0.6842202674523845,0.5485983995753396,0.5153774464119295,0.4302594459197475,0.373330338922319,0.3321313387777322,0.5005867441760421,0.2283368148094792,0.7803741226111268,0.2544054658083046,0.1961781641178192,0.568827797060868,-0.022839491969822903
2021-02-21,0.47394887331408825,0.6672990580466021,0.5145961010992104,0.4305684995340169,0.38930558163108664,0.4302594459197475,0.373330338922319,0.3321313387777322,0.2283368148094792,0.7649044217374777,0.25275434503551,0.18731188315702857,0.5671758188079447,-0.04040953833787655
2021-02-28,0.45781224063121406,0.6467976190278606,0.45914791917164083,0.26532567049808486,0.35780044590155813,0.38930558163108664,0.4302594459197475,0.373330338922319,0.22588777641720087,0.7368841329852776,0.25113624667817125,0.17629878411247601,0.5651240735756664,-0.0034423441909729015
2021-03-07,0.4436526395985876,0.6288621559370239,0.45457949321784324,0.2528735632183911,0.424086922598378,0.35780044590155813,0.38930558163108664,0.4302594459197475,0.2254555931715047,0.7084193901316862,0.2495505102879794,0.15912202533298836,0.5643392369323736,-0.01388911216066715
2021-03-14,0.4300095534526307,0.6116951527972315,0.43558497051783446,0.20306513409961713,0.40535465314810853,0.424086922598378,0.35780044590155813,0.38930558163108664,0.2248073183029604,0.674532183085459,0.24799648862559134,0.14803739466157487,0.56338538116178,0.04110167568555199
2021-03-21,0.4232935783597561,0.6030070525345042,0.4905048921342389,0.31440162271805305,0.5039595286661896,0.40535465314810853,0.424086922598378,0.35780044590155813,0.224519196139163,0.6486509980822064,0.24647354739645103,0.1398296162238404,0.5643274790800397,-0.05164658886216681
2021-03-28,0.41133712177235404,0.5880502843816597,0.4188276688672082,0.14187192118226655,0.3376511079572353,0.5039595286661896,0.40535465314810853,0.424086922598378,0.2231506158611251,0.6168727504453894,0.2449810649918935,0.13568326250785995,0.5635940830407081,0.031306904625044124
2021-04-04,0.40496156682932566,0.5799568776679614,0.46015854641821,0.30666666666666675,0.48639636547146764,0.3376511079572353,0.5039595286661896,0.40535465314810853,0.22019736368220122,0.5809874376367462,0.24351843223542716,0.13669829368113168,0.5648992046497792,-0.09325749348658258
2021-04-11,0.38910344979746425,0.5602054788593283,0.3514562563694866,0.1034482758620692,0.26303791852340974,0.48639636547146764,0.3376511079572353,0.5039595286661896,0.21594756176618884,0.5366234455884832,0.24055347236008537,0.13833585359441003,0.5641158377380282,0.08293037933073316
2021-04-18,0.38549550126963683,0.5556171087011601,0.44961553715153596,0.3489326765188836,0.5789632570642975,0.26303791852340974,0.48639636547146764,0.3376511079572353,0.2134985233739105,0.49542831011509614,0.2358420316125883,0.1398564449424542,0.5653136689445517,-0.0316370849431827
2021-04-25,0.37879246456600535,0.5471773047567043,0.41431708067322676,0.2528735632183907,0.3735304746727576,0.5789632570642975,0.26303791852340974,0.48639636547146764,0.21025714903118925,0.4571756843183796,0.23141327730994096,0.13014792715607887,0.563745465389508,0.06899287148695142
2021-05-02,0.3812809993671278,0.5502353924359601,0.4904823855786073,0.4663382594417078,0.553971685206633,0.3735304746727576,0.5789632570642975,0.26303791852340974,0.20751998847511344,0.4408325241703225,0.22725024826545256,0.13572852522591966,0.5708119346422259,0.0033277900926745245
2021-05-09,0.3833817865917867,0.5527839889751279,0.4941010217225746,0.4956896551724136,0.43622656042547353,0.553971685206633,0.3735304746727576,0.5789632570642975,0.2061514081970755,0.4256567326042694,0.22333700096363343,0.127704920781206,0.5720406302111262,-0.010016778243471232
2021-05-16,0.38356310303943847,0.5529377644642222,0.48053400375589145,0.5075279261777562,0.41229819803670575,0.43622656042547353,0.553971685206633,0.3735304746727576,0.20528704170568318,0.402548046352747,0.21965854849992347,0.1237295857730305,0.5699168681333022,0.023218290102007086
2021-05-23,0.38621784269589676,0.5561356534107729,0.5084894356856913,0.7758620689655168,0.47189253929628683,0.41229819803670575,0.43622656042547353,0.553971685206633,0.20492688900093642,0.3866102273208577,0.2162008031840361,0.12281832713211452,0.5718686716207417,0.07878087785311438
2021-05-30,0.39794302315053626,0.5703182651032365,0.5957609912912596,1.0,0.5715227185179704,0.47189253929628683,0.41229819803670575,0.43622656042547353,0.2068717136065692,0.3944452887939439,0.16202945990180032,0.13865290159417423,0.5815865365747707,-0.05608946665104347
2021-06-06,0.39952985606078506,0.5720492526617926,0.5112513857546015,0.7478448275862073,0.32968451157859563,0.5715227185179704,0.47189253929628683,0.41229819803670575,0.20838435496650576,0.4017207030189526,0.16307692307692306,0.145711094389872,0.5797655391945465,0.022187914975362138
2021-06-13,0.40310382652957616,0.5761262878162855,0.5354743167881455,0.8459051724137933,0.47004495690878084,0.32968451157859563,0.5715227185179704,0.47189253929628683,0.21047324065403727,0.41171090034434,0.16410343698854335,0.14044960412393467,0.5804577827507093,-0.06140862812864349
2021-06-20,0.39784763639936815,0.5696468910893425,0.45364619733924844,0.579741379310345,0.32014663667441956,0.47004495690878084,0.32968451157859563,0.5715227185179704,0.21148166822732833,0.42098751214648544,0.16510942062193124,0.13556393459127858,0.5787720006723258,0.03278982282299097
2021-06-27,0.39727323913382195,0.5687911488999146,0.490686070406061,0.636533084808947,0.4890554101958487,0.32014663667441956,0.47004495690878084,0.32968451157859563,0.2123460347187207,0.4475271553384842,0.16609528458265135,0.14701295368719647,0.5856253588514905,-0.036128724088505426
2021-07-04,0.39201682747440386,0.5623674843434612,0.4451353335928932,0.5032618825722277,0.3654764435132979,0.4890554101958487,0.32014663667441956,0.47004495690878084,0.2134985233739105,0.46341625547484744,0.16835491018788867,0.13748828767143695,0.5820847755674228,0.0
2021-07-11,0.3875293562470584,0.5568860980706036,0.4451353335928932,0.5032618825722277,0.4302594459197475,0.3654764435132979,0.4890554101958487,0.32014663667441956,0.21400273716055612,0.46316426340704475,0.1705241507689165,0.1328141407425307,0.5843261161685864,0.0033389012655146303
2021-07-18,0.38409340533682157,0.5526825346894102,0.4494923032448372,0.44827586206896575,0.4362464840500963,0.4302594459197475,0.3654764435132979,0.4890554101958487,0.2164517755528344,0.46293027077265636,0.17260662172670319,0.12152355178471466,0.5848096578458211,0.0
2021-07-25,0.3811225164302031,0.5490507017523097,0.4494923032448372,0.4307608100711551,0.4302594459197475,0.4362464840500963,0.4302594459197475,0.3654764435132979,0.21724411150327738,0.46946320072803505,0.17460579384617844,0.11381955733341817,0.5903696522682487,0.03278982282299097
2021-08-01,0.3825291969890553,0.5506814671867374,0.4960480231826549,0.5730706075533665,0.4890554101958487,0.4302594459197475,0.4362464840500963,0.4302594459197475,0.21940502773175824,0.48457169890924523,0.17652499908087468,0.11848137463344238,0.5966571638038408,-0.02614528010432236
2021-08-08,0.38018673961173477,0.5478195436906014,0.4541180185829052,0.39162561576354715,0.3833779191941885,0.4890554101958487,0.4302594459197475,0.4362464840500963,0.21954908881365698,0.4986010186489407,0.17836743610618305,0.11238474048343164,0.5894202056922803,0.022914259522875832
2021-08-15,0.38090264066945634,0.5486257923155714,0.4875859110560466,0.5036945812807883,0.47134737712307406,0.3833779191941885,0.4890554101958487,0.4302594459197475,0.22012533314125188,0.5020618680888325,0.18013617565047912,0.10950370406795434,0.5915792413271062,-0.006493529310548343
2021-08-22,0.38042511955402386,0.5480043187983035,0.47638345000574717,0.4716748768472908,0.4186157929659073,0.47134737712307406,0.3833779191941885,0.4890554101958487,0.22077360800979612,0.5014346882986946,0.1818341656130033,0.10474336306786161,0.5905945211941359,-0.03987239124737723
2021-08-29,0.3750386745385504,0.5415226712517187,0.41177619796871884,0.2664576802507841,0.35876361308042637,0.4186157929659073,0.47134737712307406,0.3833779191941885,0.22005330260030254,0.4930910948200429,0.22258592471358427,0.10171310835825612,0.5891438961624319,0.01680711831638119
2021-09-05,0.37263248273202376,0.5386123495543793,0.43905448200737834,0.2827586206896555,0.46039656295904036,0.35876361308042637,0.4186157929659073,0.47134737712307406,0.21789238637182162,0.48336461009315546,0.22178396072013093,0.09472911461360922,0.5899228538795577,-0.010050335853501338
2021-09-12,0.36940518944139356,0.5347173709025861,0.4224692542747093,0.22896551724138003,0.4122380253407088,0.46039656295904036,0.35876361308042637,0.4186157929659073,0.21681192825758117,0.47783052375007384,0.22017937806873975,0.09032907046501512,0.5895113290478686,-0.0033726844786393416
2021-09-19,0.3663672309661074,0.5310474052997856,0.41671799560950057,0.211034482758621,0.4242118305608259,0.4122380253407088,0.46039656295904036,0.35876361308042637,0.21515522581574587,0.4726917292886411,0.21863897872340424,0.079293005517489,0.5888190854917059,-0.023932766211628136
2021-09-26,0.36112462332462614,0.5246994522781671,0.3764760864305015,0.1034482758620692,0.38734521381781223,0.4242118305608259,0.4122380253407088,0.46039656295904036,0.21436288986530289,0.4545714785181062,0.21716019535188216,0.07460547865670861,0.5883664081768479,0.05715841383994862
2021-10-03,0.3637649073403621,0.5278982024785288,0.4783087997030718,0.5951056729699664,0.532751126840202,0.38734521381781223,0.4242118305608259,0.4122380253407088,0.21407476770150546,0.44595844895787884,0.21498164746055645,0.07442296094314005,0.5895730577726219,0.0
2021-10-10,0.36578626514778434,0.5303372658382643,0.4783087997030718,0.5951056729699664,0.4302594459197475,0.532751126840202,0.38734521381781223,0.4242118305608259,0.2145789814881509,0.4466860038041701,0.21293381244271029,0.07147335634243665,0.5911500797169161,0.012987195526811112
2021-10-17,0.36889141318821933,0.5340686463175951,0.5012540085679933,0.7107897664071189,0.4535469973152898,0.4302594459197475,0.532751126840202,0.38734521381781223,0.21537131743859395,0.44975222806601856,0.21100884752593493,0.06664934488463398,0.5923964120643173,0.02861880530565266
2021-10-24,0.37479997251012476,0.5411215795277077,0.5503310340638099,0.9710789766407112,0.4815762908889745,0.4535469973152898,0.4302594459197475,0.532751126840202,0.21673989771663177,0.4584629837943306,0.20919938050416606,0.06564506050716165,0.5981709872918398,-0.044879326177432954
2021-10-31,0.3736851014356539,0.5397685091038199,0.45652442026373535,0.5661846496106777,0.3497855966736434,0.4815762908889745,0.4535469973152898,0.4302594459197475,0.21710005042137864,0.45417637549223866,0.20749848150370334,0.06818766556142458,0.59605898306635,0.013029500290333897
2021-11-07,0.37424307486733643,0.5404094195038827,0.47954791862677265,0.6818687430478301,0.4536228546743924,0.3497855966736434,0.4815762908889745,0.4535469973152898,0.21702801988042925,0.4501959534974391,0.20589963644326834,0.06637847016894116,0.5991895112502703,-0.02955880224154439
2021-11-14,0.3709321699143444,0.5364473927504554,0.4232881181676585,0.42157953281423777,0.3772570771658789,0.4536228546743924,0.3497855966736434,0.4815762908889745,0.21688395879853056,0.44385692641169394,0.20439672208645945,0.06261341011877133,0.591643909514943,0.016529301951210506
2021-11-21,0.37019891125790133,0.5355595303582448,0.45409060116004246,0.6015325670498083,0.45989840591897124,0.3772570771658789,0.4536228546743924,0.3497855966736434,0.21659583663473314,0.41160091498627294,0.18085106382978722,0.08900361449608976,0.6083812123123539,-0.01652930195121047
2021-11-28,0.36751418391319046,0.5323456940260983,0.42234641083014074,0.5185185185185186,0.40062048592052385,0.45989840591897124,0.3772570771658789,0.4536228546743924,0.21609162284808758,0.3816489043769534,0.21358428805237314,0.09543799914163745,0.5984737519894396,0.0
2021-12-05,0.3653207974744184,0.529717412578779,0.42234641083014074,0.5517241379310346,0.4302594459197475,0.40062048592052385,0.45989840591897124,0.3772570771658789,0.2164517755528344,0.37006221358282465,0.2128150572831424,0.10210781585060061,0.6056195867454119,0.0
2021-12-12,0.36353736059373293,0.5275783473024717,0.42234641083014074,0.5517241379310346,0.4302594459197475,0.4302594459197475,0.40062048592052385,0.45989840591897124,0.2164517755528344,0.35930314355970516,0.21094729950900162,0.10204593838033219,0.6077624553332786,0.0
2021-12-19,0.36209543333127076,0.5258473386105894,0.42234641083014074,0.5517241379310346,0.4302594459197475,0.4302594459197475,0.4302594459197475,0.40062048592052385,0.21666786717568248,0.33885892425789343,0.20915425204582652,0.10546363556271304,0.6081328276817987,-0.0033389012655145986
2021-12-26,0.36053956796762754,0.5239777231472665,0.4143123633530295,0.5362663495838292,0.4242724077893988,0.4302594459197475,0.4302594459197475,0.4302594459197475,0.21688395879853062,0.3198750063347826,0.20743292648117836,0.10377199475109883,0.6061530992950659,0.0033389012655146303
2022-01-02,0.3597080351931056,0.5229773987871237,0.4233526734669076,0.5517241379310346,0.4362464840500963,0.4242724077893988,0.4302594459197475,0.4302594459197475,0.21767629474897354,0.2900006143819279,0.20578045393911623,0.11054155702605503,0.608426773990148,0.016529301951210506
2022-01-09,0.36104521496391095,0.5245853393090798,0.4681651206233593,0.6290130796670629,0.45989840591897124,0.4362464840500963,0.4242724077893988,0.4302594459197475,0.2176042642080242,0.2622601075685629,0.2041940802987365,0.10362199077180564,0.6105725820410981,-0.01652930195121047
2022-01-16,0.3600869416154087,0.5234332212766881,0.4220029653281531,0.5517241379310346,0.40062048592052385,0.45989840591897124,0.4362464840500963,0.4242724077893988,0.21717208096232804,0.24543528672460826,0.20267116160397194,0.10136686505001594,0.6067321735225141,0.013245226750020723
2022-01-23,0.3609225703574117,0.5244376897923351,0.4587322413985269,0.6135552913198574,0.45400967729571695,0.40062048592052385,0.45989840591897124,0.4362464840500963,0.21673989771663182,0.2298122387980789,0.20120915965699807,0.09301754103690557,0.6084723356679421,-0.01324522675002068
2022-01-30,0.35997067641939756,0.523293301816252,0.4210302842519817,0.5517241379310346,0.4065092145437782,0.45400967729571695,0.40062048592052385,0.45989840591897124,0.21537131743859395,0.20598096866641505,0.16612111292962353,0.09012981407712808,0.6075199496288903,-0.027028672387919374
2022-02-06,0.3560374101977474,0.5185513039054139,0.35256651347130047,0.4280618311533889,0.38179389413163967,0.4065092145437782,0.45400967729571695,0.40062048592052385,0.21443492040625223,0.18643240347156467,0.16680851063829785,0.08258313656208113,0.6067071880863044,0.02702867238791942
2022-02-13,0.35618009191940414,0.518722311913887,0.4291007699871527,0.5517241379310346,0.4787249977078555,0.38179389413163967,0.4065092145437782,0.45400967729571695,0.213786645537708,0.17684441935917536,0.16748216039279867,0.08461091000766152,0.6098288978809743,0.016529301951210506
2022-02-20,0.35832074963762817,0.5213058807627324,0.4722785339717425,0.6290130796670629,0.45989840591897124,0.4787249977078555,0.38179389413163967,0.4065092145437782,0.21414679824245475,0.16794129125481386,0.16814233715220947,0.07815347089281677,0.6190264778692248,0.11157070067610525
2022-02-27,0.37433835813372973,0.540435017357773,0.680284410955148,0.9402298850574715,0.6303186827940714,0.45989840591897124,0.4787249977078555,0.38179389413163967,0.21673989771663182,0.20070860688182432,0.16878931037643205,0.09787342319578093,0.6500245858162035,0.02605067719994255
2022-03-06,0.3903014440810666,0.5590800664484802,0.7144180016983082,0.7844827586206896,0.476971338639769,0.6303186827940714,0.45989840591897124,0.4787249977078555,0.22034142476409996,0.24899656797389544,0.17113757429525364,0.12244008617712468,0.7915171110716955,-0.02605067719994255
2022-03-13,0.39887707036724834,0.5688307581983957,0.6380605536496378,0.6503448275862073,0.38354755319972605,0.476971338639769,0.6303186827940714,0.45989840591897124,0.2232946769430238,0.2963145461025054,0.17594296959203923,0.1403867707502617,0.6401347622717903,-0.02074148430681647
2022-03-20,0.40236294264542255,0.5726272262379429,0.5831104184738409,0.5875862068965518,0.39306755327305054,0.38354755319972605,0.476971338639769,0.6303186827940714,0.2257437153353022,0.3402526686505004,0.1822930639395697,0.14662608478242722,0.6394322305948354,-0.01204833851617448
2022-03-27,0.40301519538346253,0.5731694683240717,0.5526682890588863,0.5517241379310346,0.4086553742903434,0.39306755327305054,0.38354755319972605,0.476971338639769,0.227904631563783,0.34382573915726866,0.18813515073929774,0.14963960965990536,0.638640045293834,0.04154900291287248
2022-04-03,0.4086027698077605,0.5792350013558657,0.6202898625134228,0.677241379310345,0.5047616383884423,0.4086553742903434,0.39306755327305054,0.38354755319972605,0.2311460059065043,0.35449224756067654,0.19350987059504754,0.15521800662709634,0.6417294209945854,0.04546237407675741
2022-04-10,0.4187892428678862,0.5902517586854457,0.6833623538664244,0.805097451274363,0.511778767831105,0.5047616383884423,0.4086553742903434,0.39306755327305054,0.23546783836346608,0.3741808853663291,0.19845461286233737,0.16178800860139714,0.645078939178226,0.0
2022-04-17,0.4260957990943886,0.5978537371455761,0.6833623538664244,0.805097451274363,0.4302594459197475,0.511778767831105,0.5047616383884423,0.4086553742903434,0.23942951811568103,0.3797683382633551,0.20300377574824394,0.1706688485870662,0.6479963562885931,0.0749013081731177
2022-04-24,0.44220492004445766,0.6146264966400578,0.7706117008929925,1.0,0.5645661990654837,0.4302594459197475,0.511778767831105,0.5047616383884423,0.24576820571922492,0.4017090140789873,0.20703764320785592,0.18517062155949315,0.7270399883352698,-0.07490130817311771
2022-05-01,0.4427427067236772,0.6145323917445626,0.585938469003388,0.738505747126437,0.29595269277401137,0.5645661990654837,0.4302594459197475,0.511778767831105,0.2498019160123892,0.4220824987649314,0.20703764320785592,0.19168624393862932,0.7061521636639665,-0.028170876966696335
2022-05-08,0.4382374285173278,0.6091601754008165,0.5320510609509057,0.6451149425287358,0.379745788535818,0.29595269277401137,0.5645661990654837,0.4302594459197475,0.25340344305985735,0.44100073454473676,0.21252045826513907,0.17827559765252715,0.7032229887012654,0.0
2022-05-15,0.4338117216644046,0.6039526170545559,0.5320510609509057,0.6413793103448276,0.4302594459197475,0.379745788535818,0.29595269277401137,0.5645661990654837,0.2575812144349204,0.44118546960471616,0.2174549918166939,0.16721291660591292,0.712164835401252,0.0
2022-05-22,0.4294987924456803,0.5989364684679532,0.5320510609509057,0.6128526645768027,0.4302594459197475,0.4302594459197475,0.379745788535818,0.29595269277401137,0.26118274148238846,0.430650595945099,0.2618657937806873,0.16250067479597935,0.7154041237192617,-0.06797298358620599
2022-05-29,0.4161708707256298,0.5845173278677686,0.4109487096420911,0.3785266457680253,0.3083759842051462,0.4302594459197475,0.4302594459197475,0.379745788535818,0.2627674133832745,0.4106746761836252,0.26091653027823236,0.16368526942010625,0.7104011575511561,0.06797298358620606
2022-06-05,0.41423680831471216,0.582184669871335,0.5118901822451687,0.5575459023734889,0.5521429076343489,0.3083759842051462,0.4302594459197475,0.4302594459197475,0.2634156882518187,0.3921256078336852,0.25879410801963987,0.16270015724250325,0.7133406206346493,0.0
2022-06-12,0.41209909811294076,0.5796649883795173,0.5118901822451687,0.5575459023734889,0.4302594459197475,0.5521429076343489,0.3083759842051462,0.4302594459197475,0.2634156882518187,0.37490147293731235,0.2567565826513911,0.1513599457204101,0.7240917068625261,-0.058840500022933465
2022-06-19,0.4018674994405273,0.5686470286573282,0.4170312226010466,0.3246753246753248,0.324751588923625,0.4302594459197475,0.5521429076343489,0.3083759842051462,0.26262335230137573,0.3415764827675958,0.2548005582978723,0.14986515187373334,0.7116460201670154,0.04734612059719842
2022-06-26,0.3997367886826282,0.5662331169957697,0.485038909608324,0.510971786833856,0.5151565443356922,0.324751588923625,0.4302594459197475,0.5521429076343489,0.26348771879276806,0.3106318490385732,0.25292277491849424,0.14430694321609167,0.7123470821124286,-0.07811777926395193
2022-07-03,0.38726394590574464,0.552856101733103,0.3797156619747882,0.14133074307916518,0.29018518617988603,0.5151565443356922,0.324751588923625,0.4302594459197475,0.2627674133832745,0.2842593786900176,0.2511201028742913,0.14540102816258713,0.711399105268002,-0.06453852113757118
2022-07-10,0.3692180428192943,0.5333626427562246,0.3137278581842155,0.11352189074002327,0.314534374646218,0.29018518617988603,0.5151565443356922,0.324751588923625,0.25959806958150256,0.2813530397261256,0.24842605545797128,0.14294180935098852,0.7106862854702549,0.006644542718668511
2022-07-17,0.3557659996584398,0.5186302671152423,0.322877471719573,0.13366912049593185,0.4421738834702895,0.314534374646218,0.29018518617988603,0.5151565443356922,0.2554202982064395,0.2692835683875654,0.2436747206121683,0.13996321805926382,0.7117474316433959,0.026145280104322207
2022-07-24,0.3484540431575207,0.5105287822527047,0.3599514277440263,0.2715517241379314,0.47714097264530625,0.4421738834702895,0.314534374646218,0.29018518617988603,0.2518187711589714,0.2665792097180293,0.23930349255402952,0.13580732135503884,0.7139255737882645,0.003220614700042157
2022-07-31,0.3432504791479262,0.5047056039403418,0.3646710908612853,0.336797354747284,0.43603438248689463,0.47714097264530625,0.4421738834702895,0.314534374646218,0.24627241950587042,0.2626478541288282,0.23370374886327464,0.12360790281537479,0.7149161728474017,0.07433761964583241
2022-08-07,0.3489105907092652,0.511008025508257,0.4685663375656139,0.6703853955375255,0.5635554400049048,0.43603438248689463,0.47714097264530625,0.4421738834702895,0.24447165598213638,0.23525746336011852,0.22866397954159526,0.12896061451431132,0.7159905466044185,-0.04580953603129422
2022-08-14,0.3474981676845714,0.509420030023879,0.40837924901109374,0.5362663495838292,0.34811762226487175,0.5635554400049048,0.43603438248689463,0.47714097264530625,0.24231073975365558,0.22355735604235125,0.18330605564648114,0.13532105159666158,0.7150455092230754,0.0
2022-08-21,0.3465297036187886,0.5083218867521033,0.40837924901109374,0.5362663495838292,0.4302594459197475,0.34811762226487175,0.5635554400049048,0.43603438248689463,0.24014982352517467,0.19643155189629805,0.18423895253682485,0.1314967382111939,0.7153512133837587,0.0867509264086549
2022-08-28,0.3574602175292562,0.5204829955644525,0.5207479209682178,0.9845422116527945,0.5858139421296388,0.4302594459197475,0.34811762226487175,0.5635554400049048,0.24007779298422532,0.195878127302643,0.18515319148936168,0.14671142616760507,0.7176880865351359,0.002861232281032195
2022-09-04,0.36644655285198197,0.5303836916448532,0.5242140877992312,1.0,0.4353899680298957,0.5858139421296388,0.4302594459197475,0.34811762226487175,0.24173449542606062,0.19610894918287333,0.1860491456628478,0.151108917165194,0.7207289610950097,-0.08028083126080286
2022-09-11,0.3626650875335559,0.5262275423358381,0.41297478588962694,0.5826397146254461,0.2863065824856622,0.4353899680298957,0.5858139421296388,0.4302594459197475,0.2397896708204278,0.18748908410296142,0.1878379490671031,0.16075254939630623,0.720152826330645,0.0030911925696728796
2022-09-18,0.3600656286455611,0.5233631387430169,0.4170123558954643,0.5980975029726521,0.43580231356127686,0.2863065824856622,0.4353899680298957,0.5858139421296388,0.2379168767557444,0.17836837100491162,0.18955520033518822,0.15233157658704552,0.7204849856590798,0.015314234973042356
2022-09-25,0.3600136059804265,0.5233057286817744,0.4379537872693739,0.6753864447086804,0.4577196495704815,0.43580231356127686,0.2863065824856622,0.4353899680298957,0.237844846214795,0.1903269494710967,0.1912037615525499,0.15285247343561573,0.7280202992736149,-0.05948545328618
2022-10-02,0.35240759468317273,0.51487860153077,0.3640970238897752,0.3816884661117721,0.3235951127441011,0.4577196495704815,0.43580231356127686,0.2863065824856622,0.235251746740618,0.18598329884734435,0.19278638032121714,0.14847094659974874,0.72765433611972,0.006430890330290331
2022-10-09,0.3473265259797926,0.5091996586534141,0.37327621596397204,0.41260404280618346,0.44179077989994087,0.3235951127441011,0.4577196495704815,0.43580231356127686,0.2346755024130231,0.18194990898243144,0.1943056943391377,0.1339769214664105,0.7279938441058634,0.04389419355722513
2022-10-16,0.34905681060700827,0.5111228537127348,0.4356724654517666,0.6290130796670629,0.5089668378520187,0.44179077989994087,0.3235951127441011,0.4577196495704815,0.23654829647770653,0.1924856281576204,0.19576423579634142,0.13302874124263628,0.7286949060512766,0.018237587549781012
2022-10-23,0.35292042858692535,0.5154295317820281,0.460959214170891,0.7217598097502971,0.46296156059257637,0.5089668378520187,0.44179077989994087,0.3235951127441011,0.23870921270618745,0.20226879596315298,0.197164435595257,0.12519797851101425,0.7293651036343131,0.023810648693718607
2022-10-30,0.3592073014250329,0.5224143421451911,0.4940411622314009,0.8132183908045976,0.4729547071153972,0.46296156059257637,0.5089668378520187,0.44179077989994087,0.2408701289346683,0.21912073115436123,0.19850862740221595,0.11723152500783923,0.7300661655797263,-0.002945510229756803
2022-11-06,0.36373967695962794,0.5274223139067047,0.48905474373244423,0.7945402298850579,0.424977803649871,0.4729547071153972,0.46296156059257637,0.5089668378520187,0.24288698408125042,0.21138185923207228,0.19979905153689656,0.11608938259776802,0.7294371204798586,-0.042174925050712804
2022-11-13,0.3616726424683237,0.5251407489830836,0.4215313826625941,0.5330459770114945,0.35463490229183037,0.424977803649871,0.4729547071153972,0.46296156059257637,0.24216667867175684,0.20097650331939124,0.20103785870618993,0.11641888372175399,0.728321594239673,0.0
2022-11-20,0.36002977369469785,0.5233247747103624,0.4215313826625941,0.5330459770114945,0.4302594459197475,0.35463490229183037,0.424977803649871,0.4729547071153972,0.2425268313765036,0.19960822342344073,0.20222711358871157,0.11602981808450061,0.7323854019526025,0.01526747213078838
2022-11-27,0.3607276248223126,0.5240963537287866,0.4470595201261189,0.6101949025487253,0.45763579835794355,0.4302594459197475,0.35463490229183037,0.424977803649871,0.24324713678599724,0.2060820782500207,0.20336879827593232,0.12122879058325922,0.7428381326775046,0.05023212548633348
2022-12-04,0.3680266386258278,0.5321293364000009,0.5259785237654147,0.9327586206896556,0.5203314866120885,0.45763579835794355,0.4302594459197475,0.35463490229183037,0.2431030757040985,0.21209351487470215,0.20446481557566423,0.12119119113685295,0.7444474887157172,-0.020379162336652254
2022-12-11,0.3708638878106471,0.5352250823281436,0.4877105763463567,0.7011494252873565,0.3937172386870042,0.5203314866120885,0.45763579835794355,0.4302594459197475,0.24238277029460492,0.22396343629290358,0.20551699218340694,0.1162910605985078,0.7425882783154077,0.028987536873252406
2022-12-18,0.37693801135988,0.5418154397650312,0.5320541541759825,0.9003831417624525,0.48223746945627266,0.3937172386870042,0.5203314866120885,0.45763579835794355,0.24432759490023775,0.2349855061812335,0.20727762568022576,0.11174093938433013,0.7444563071049677,0.09531017980432493
2022-12-25,0.3954272977165588,0.5615813925598537,0.6533962867589158,1.0,0.6011616785171943,0.48223746945627266,0.3937172386870042,0.5203314866120885,0.2487214578981488,0.265596101764746,0.20893262116723546,0.12767172486170555,0.7460465566331376,-0.03974032864951411
2023-01-01,0.40353611754283153,0.5699918231799471,0.5742195011138531,0.7758620689655176,0.359000416671226,0.6011616785171943,0.48223746945627266,0.3937172386870042,0.25167471007707265,0.2968154785908599,0.21297087563097608,0.13898944225735266,0.7448443162319889,0.06538275926285171
2023-01-08,0.4193370784741409,0.5861601832261092,0.6468781038112166,1.0,0.5474983342981292,0.359000416671226,0.6011616785171943,0.48223746945627266,0.2577973060577685,0.3285992783076319,0.21802403356706015,0.13976831773423204,0.7464860063641199,0.015075662405447178
2023-01-15,0.4334238158619134,0.6001124470548671,0.662459466415326,0.9103448275862064,0.4572918612217214,0.5474983342981292,0.359000416671226,0.6011616785171943,0.26420802420226175,0.36633131730608137,0.22397244250136975,0.13632137344846393,0.7475824260942628,0.034317092924129156
2023-01-22,0.44919044668724456,0.6152684853949337,0.6971907949372289,1.0,0.49179398303874666,0.4572918612217214,0.5474983342981292,0.359000416671226,0.270618742346755,0.40327133055480735,0.2319125362303924,0.13659579430216653,0.7482849577712177,0.16612687087397401
2023-01-29,0.4903675816554683,0.6539348633595579,0.8228221705543208,0.9510081025061242,0.7281442383425352,0.49179398303874666,0.4572918612217214,0.5474983342981292,0.2819995678167542,0.46274048187101,0.24024024565447885,0.182722657466465,0.7511421158883732,-0.06317890162153181
2023-02-05,0.5092008183443655,0.6698705271895246,0.6974622442213587,0.8040324100244959,0.31697233049994983,0.7281442383425352,0.49179398303874666,0.4572918612217214,0.29064323273067777,0.5179618366646268,0.26063038932537974,0.20122866085704555,0.7453043422045555,-0.07210329390134369
2023-02-12,0.5095176583702364,0.6684701120767441,0.5861989914386228,0.6472583380440929,0.3009698576442008,0.31697233049994983,0.7281442383425352,0.49179398303874666,0.29705395087517106,0.5489204587516983,0.27735030713551834,0.2093774042958893,0.7443784113332551,0.04119575643826712
2023-02-19,0.5152204811207737,0.6718745745813156,0.620911954048297,0.7325204800914461,0.5041282263930901,0.3009698576442008,0.31697233049994983,0.7281442383425352,0.30576964633004394,0.5776677506896931,0.2910606397398321,0.20026335143190532,0.745179415023507,-0.03653374333245595
2023-02-26,0.5115483170357026,0.6669244802998702,0.5692350638247559,0.6493931805047197,0.36475019692370814,0.5041282263930901,0.3009698576442008,0.31697233049994983,0.313332853129727,0.6114269092985424,0.3535188216039279,0.21890651004400657,0.7422223151615128,0.0023228814161397287
2023-03-05,0.5073378180370637,0.6616392546398706,0.5713952635279875,0.646502463054187,0.43442464234359673,0.36475019692370814,0.5041282263930901,0.3009698576442008,0.32060793776561264,0.6427746994353312,0.3520949263502454,0.20702671386943616,0.7425647626107398,-0.023475256421366286
2023-03-12,0.49837624636443306,0.6523620258805632,0.5377883156613379,0.5573275862068967,0.3881655820591844,0.43442464234359673,0.36475019692370814,0.5041282263930901,0.3259381977958654,0.65814401354299,0.3506995090016366,0.19460541263114017,0.7417020301957344,-0.03381964823978632
2023-03-19,0.48420271113350966,0.6387371670942883,0.49220288881638546,0.4788793103448279,0.36961688494980677,0.3881655820591844,0.43442464234359673,0.36475019692370814,0.3307642440394727,0.656113507327936,0.349332,0.1844614091289174,0.7411846846930397,0.01946533478810325
2023-03-26,0.4748618168400863,0.6295499310505196,0.5136837397092462,0.5207113424419869,0.4651630541216558,0.36961688494980677,0.3881655820591844,0.43442464234359673,0.3354462292011813,0.6565586022775957,0.34642254978723397,0.17156682247208044,0.7416770447595248,-0.07503518594291408
2023-04-02,0.4542921048461016,0.6106269920200749,0.42128841246765264,0.30803054848414746,0.29571263436891404,0.4651630541216558,0.36961688494980677,0.3881655820591844,0.3354462292011813,0.6269198085807063,0.3421838416445171,0.17974917575270083,0.7405527001300886,-0.08112554481236846
2023-04-09,0.4251592987789589,0.5840461464580722,0.34475982856622495,0.0,0.28479191288621064,0.29571263436891404,0.4651630541216558,0.36961688494980677,0.33436577108694077,0.5993980715764519,0.33497280043406863,0.1637160223608206,0.7383995434214298,0.07068158565128528
2023-04-16,0.4119338645021268,0.5717749928695508,0.419900977510467,0.3116796440489434,0.5569997460233904,0.28479191288621064,0.29571263436891404,0.4651630541216558,0.33335734351364976,0.5453511919598205,0.3283386425204561,0.17037405417795282,0.7390329977159226,0.09745533615071306
2023-04-23,0.416495340874665,0.575719658695988,0.5138323182711264,0.5372636262513906,0.6050081932296938,0.5569997460233904,0.28479191288621064,0.29571263436891404,0.33472592379168764,0.5183781046455593,0.31817253604255125,0.17864160519386796,0.7405100779153779,-0.048790164169432056
2023-04-30,0.41146229301959714,0.5709578006452206,0.4614251815823715,0.4215795328142381,0.3427730095026638,0.6050081932296938,0.5569997460233904,0.28479191288621064,0.33364546567744724,0.5019356642143081,0.3090230402124369,0.18840370975151005,0.7395767983863688,0.017348638334613073
2023-05-07,0.4097137650317008,0.5691987243422026,0.4780092809490048,0.46206896551724164,0.46136757130570427,0.3427730095026638,0.6050081932296938,0.5569997460233904,0.32766693077865017,0.4866676838138607,0.3019639934533551,0.18495796372642365,0.7519798628671689,0.01946533478810325
2023-05-14,0.41095643990135317,0.5701473142663182,0.49726118117855483,0.6055172413793105,0.4651630541216558,0.46136757130570427,0.3427730095026638,0.6050081932296938,0.32442555643592885,0.47249027344201655,0.2944353518821604,0.1782831875840704,0.753446654945832,0.01197619104671562
2023-05-21,0.41333468372718674,0.5720985567440926,0.5095538590509949,0.6413793103448276,0.45173414874896595,0.4651630541216558,0.46136757130570427,0.3427730095026638,0.3238493121083339,0.4627169416414042,0.22667757774140754,0.16721996439948883,0.7558614238689217,0.09097177820572659
2023-05-28,0.4305032351108607,0.5870655420909997,0.5976031114503959,0.867177522349936,0.593382420093519,0.45173414874896595,0.4651630541216558,0.46136757130570427,0.32485773968162496,0.478190777733414,0.22798690671031094,0.1903084578424835,0.7614611010429765,-0.0021762794225955173
2023-06-04,0.442748652996702,0.5973546017896825,0.5942994045066561,0.8605363984674329,0.42635712391341996,0.593382420093519,0.45173414874896595,0.4651630541216558,0.3269466253691566,0.4925593398188518,0.2323535188216039,0.18394653451565202,0.729975042224138,0.08555788836164657
2023-06-11,0.4677106292151339,0.6180692790342879,0.6698698273423251,0.6729790842283777,0.5836746862156743,0.42635712391341996,0.593382420093519,0.45173414874896595,0.3319167326946625,0.5364072911733513,0.23654546644844518,0.2593576573838531,0.7469813058936885,0.0
2023-06-18,0.48603592567851706,0.6324784500701758,0.6698698273423251,0.6729790842283777,0.4302594459197475,0.5836746862156743,0.42635712391341996,0.593382420093519,0.33760714542966214,0.5771232460025294,0.24793375319148933,0.25501395804218396,0.7561891740027312,0.01980262729617973
2023-06-25,0.5029320573477887,0.6451520008449064,0.6872567705770443,0.7097230073487847,0.4657678588003062,0.4302594459197475,0.5836746862156743,0.42635712391341996,0.3450262911474465,0.6178726559725806,0.2586387427299509,0.25723580163922544,0.7744373608250577,0.26537631493748287
2023-07-02,0.5762164757790067,0.700281556337266,0.8522221477873173,1.0,0.9061100297126966,0.4657678588003062,0.4302594459197475,0.5836746862156743,0.3630339263847871,0.6692449938037617,0.2687014328961047,0.3399225342557826,0.8740454766038536,-0.1898687624293376
2023-07-09,0.585402195464714,0.7045614010092506,0.5895096433613856,0.5359026369168357,0.08980268184368662,0.9061100297126966,0.4657678588003062,0.4302594459197475,0.37491896564143196,0.7234744757469765,0.28628878798618396,0.46883039418560873,0.8242818363318537,0.21217451994363576
2023-07-16,0.6417574912824144,0.7416861524873063,0.7052139230009451,0.8101419878296146,0.8107130263568436,0.08980268184368662,0.9061100297126966,0.4657678588003062,0.3983288914499748,0.773830423265676,0.31510671769820386,0.5190274531678452,0.8690821931873751,-0.07320340402329494
2023-07-23,0.6635943812440543,0.752659534135109,0.6278325162025638,0.6761148221700669,0.2989972323031248,0.8107130263568436,0.08980268184368662,0.9061100297126966,0.41640855722826475,0.8215090847444039,0.3410428544390217,0.5211570260702563,0.8487587454281025,-0.04036060308735915
2023-07-30,0.6672905839235913,0.7509913028585373,0.589853283128118,0.6102988505747127,0.35788819249466397,0.2989972323031248,0.8107130263568436,0.08980268184368662,0.42987826838579557,0.8515414668882628,0.36438537750575783,0.5370351059558729,0.8262336398192932,0.013093476747019604
2023-08-06,0.6698637250552849,0.7486155600708279,0.5975111912848248,0.6244175209692452,0.4537375718987614,0.35788819249466397,0.2989972323031248,0.8107130263568436,0.4453648346899085,0.8782291065837953,0.38539364826582034,0.5218927057114693,0.8356369822233883,-0.02469261259037152
2023-08-13,0.6623751498780649,0.7399077273756947,0.5731678739800976,0.5880708294501399,0.38598272092539576,0.4537375718987614,0.35788819249466397,0.2989972323031248,0.4592667290931355,0.8830107087614065,0.4043010919498766,0.508526936451192,0.8300578812909181,-0.005012541823544286
2023-08-20,0.6518640215574494,0.7296312562951084,0.568113717399402,0.5655365594513668,0.42127137570111467,0.38598272092539576,0.4537375718987614,0.35788819249466397,0.4723762875459194,0.8748898239487026,0.5744680851063829,0.5086264223952599,0.8240584371375081,0.005012541823544414
2023-08-27,0.6414921900012326,0.7198217576923761,0.5716960426491695,0.5556449180657487,0.4392475161383806,0.42127137570111467,0.38598272092539576,0.4537375718987614,0.4853417849168047,0.8673490023369064,0.5708346972176759,0.5031585544671149,0.829187800218204,0.125163142954006
2023-09-03,0.6619886739999337,0.729416942564302,0.657109177536628,0.7554858934169278,0.6546915119767915,0.4392475161383806,0.42127137570111467,0.38598272092539576,0.5011885039256645,0.873028356134272,0.567273977086743,0.5161520536672282,0.8560368560228319,-0.10047053036363439
2023-09-10,0.6487356062695945,0.7180890910217372,0.5472724918094576,0.5630015181088703,0.25010410485705536,0.6546915119767915,0.4392475161383806,0.42127137570111467,0.5124252683137651,0.8612905982844268,0.5637844713584287,0.5448981889816724,0.8471126461013462,-0.02469261259037152
2023-09-17,0.6290883559872,0.703271653816919,0.5241241962675096,0.4556650246305419,0.38598272092539576,0.25010410485705536,0.6546915119767915,0.4392475161383806,0.5196283224087013,0.8503912517095706,0.5603647557446808,0.5132084277163274,0.841191097719649,-0.016807118316381174
2023-09-24,0.6066449929902586,0.6871740711858436,0.5083502412087768,0.40229885057471293,0.40012232888045474,0.38598272092539576,0.25010410485705536,0.6546915119767915,0.5261110710941438,0.8288470005141072,0.5570134344432077,0.4851722827604162,0.8399388864460807,0.0
2023-10-01,0.5862460565780633,0.6727064842815831,0.5083502412087768,0.3413089373680509,0.4302594459197475,0.40012232888045474,0.38598272092539576,0.25010410485705536,0.531873514370093,0.808841624404034,0.5537291395677643,0.4507983479870435,0.843116446039337,0.0
2023-10-08,0.5676813453979299,0.659676223646906,0.5083502412087768,0.29835082458770634,0.4302594459197475,0.4302594459197475,0.40012232888045474,0.38598272092539576,0.5264712237988907,0.7885774745408262,0.5505105305898296,0.42096478716891833,0.8466276346925697,0.01680711831638119
2023-10-15,0.5547446172927148,0.6503502219074311,0.5234545977876419,0.41633881046054155,0.46039656295904036,0.4302594459197475,0.4302594459197475,0.40012232888045474,0.5300727508463587,0.7738139244026082,0.5473562937914536,0.40160256658068594,0.8569172252163381,-0.016807118316381174
2023-10-22,0.5384060080094549,0.6391429487713656,0.5033647416522689,0.3561675538069894,0.40012232888045474,0.46039656295904036,0.4302594459197475,0.4302594459197475,0.5235900021609162,0.7582329769431939,0.5442651417290452,0.37806311401540477,0.8486117722739278,0.06559728248581306
2023-10-29,0.539485044002445,0.638740125803042,0.5649313853326108,0.6104637336504162,0.5478829993761237,0.40012232888045474,0.46039656295904036,0.4302594459197475,0.5234459410790174,0.7509703655401533,0.5412358127078849,0.37219076315245647,0.857092123269806,0.10536051565782635
2023-11-05,0.5661361316600316,0.6535634227863737,0.6517334395588328,0.9999999999999999,0.619183099096233,0.5478829993761237,0.40012232888045474,0.46039656295904036,0.5301447813873083,0.759608083438075,0.5382670702671478,0.40148941425601997,0.86620004963401,-0.014388737452099556
2023-11-12,0.5806837995200791,0.6606980325878591,0.630258075337796,0.9410163339382942,0.40445876691703386,0.619183099096233,0.5478829993761237,0.40012232888045474,0.5355470719585104,0.767628821486145,0.5353577026752254,0.40089406589971655,0.8615042573581294,-0.007272759329079921
2023-11-19,0.5875726198647877,0.6631586101716354,0.6191279581645737,0.9115245009074407,0.41721854295392113,0.40445876691703386,0.619183099096233,0.5478829993761237,0.5416696679392062,0.7750766496736387,0.5325065224351416,0.3864406230926286,0.8560221587074144,0.0
2023-11-26,0.5903720877587337,0.6632043255578516,0.6191279581645737,0.7563718140929536,0.4302594459197475,0.41721854295392113,0.40445876691703386,0.619183099096233,0.5480083555427501,0.7888719324610345,0.3927986906710311,0.39039534322419756,0.8612676305799082,0.007272759329079878
2023-12-03,0.5919254184513798,0.6625350774007285,0.6262220572717987,0.7462589459986991,0.44330034888557385,0.4302594459197475,0.41721854295392113,0.40445876691703386,0.5544911042281927,0.7980866754975169,0.39585924713584286,0.3801669640129911,0.8718320609019832,0.028573372444055948
2023-12-10,0.5984537515956218,0.6646129041911973,0.6544973161538432,0.859032747777055,0.4814948244863708,0.44330034888557385,0.4302594459197475,0.41721854295392113,0.5566520204566737,0.8076872487602322,0.39885859247135846,0.3776194929835596,0.8881357928945788,0.02777956410707567
2023-12-17,0.6088054817245124,0.6686667341494125,0.6813466906491297,0.778081256401502,0.4800714338546155,0.4814948244863708,0.44330034888557385,0.4302594459197475,0.5649355326658503,0.8281413065229986,0.4017979509001637,0.399580068003927,0.9044057210617142,0.013605652055778678
2023-12-24,0.6180554340029878,0.6719502945844793,0.6944838071403592,0.8224650051212019,0.454655961769895,0.4800714338546155,0.4814948244863708,0.44330034888557385,0.5750198083987609,0.8471343601598531,0.4090320885106383,0.39217079185608433,0.907434837769254,0.2757872847996317
2023-12-31,0.7158720956449749,0.7203398025728175,0.8724080933241523,1.0,0.9247781089944569,0.454655961769895,0.4800714338546155,0.4814948244863708,0.6027515666642657,0.8845029740701345,0.4159768606166939,0.5312472527192666,0.9452936525531062,0.12062798778861472
2024-01-07,0.8381910775007861,0.7754251881866265,0.9172629330732218,0.8024316109422495,0.6465594515344291,0.9247781089944569,0.454655961769895,0.4800714338546155,0.6394871425484405,0.929423997089802,0.4355518005345205,0.6742902999970277,0.9995664291951848,-0.0370412716803491
2024-01-14,0.9126538373661697,0.8034756624196118,0.8427259777773699,0.747929986374594,0.36384013959363587,0.6465594515344291,0.9247781089944569,0.454655961769895,0.673341496794641,0.9711363756080644,0.4777616663117261,0.7619389739214715,0.975315858756365,0.04609110720026709
2024-01-21,0.984587963029271,0.8275278898156205,0.8629996945654757,0.8160570170841631,0.5129061594144214,0.36384013959363587,0.6465594515344291,0.9247781089944569,0.7100770726788158,1.0,0.5165947428267552,0.794674860613062,0.9823676306936654,-0.07966740273387127
2024-01-28,1.0,0.8265713414665846,0.7230904504861868,0.6918103448275863,0.28740653114809056,0.5129061594144214,0.36384013959363587,0.6465594515344291,0.7414103579917884,0.9701157910039202,0.552321173220582,0.9606035081842563,0.9659845331978155,-0.13005312824819779
2024-02-04,0.9550353200438916,0.801616332505817,0.5630082747765333,0.512897094759707,0.19705906774891035,0.28740653114809056,0.5129061594144214,0.36384013959363587,0.7608586040481163,0.9423661683647035,0.5851894891829028,1.0,0.9569118803906134,-0.022472855852058514
2024-02-11,0.9050625203168731,0.7756947166735467,0.540769070770434,0.4500144885540426,0.38996300281322516,0.19705906774891035,0.28740653114809056,0.5129061594144214,0.7738241014190018,0.9165986616282877,0.6072013093289688,0.9705545148525041,0.9526834627450083,-0.10157979281792034
2024-02-18,0.8258697062578787,0.7387449795045825,0.4532832680142435,0.29835082458770634,0.2481150683201062,0.38996300281322516,0.19705906774891035,0.28740653114809056,0.7813873082186846,0.8711714971244799,0.9631751227495906,0.9571128979774928,0.9489635722128474,0.006269613013595395
2024-02-25,0.7605003360643271,0.7081990080107354,0.4579177186225953,0.3061469265367318,0.4415015909219421,0.2481150683201062,0.38996300281322516,0.19705906774891035,0.7896708204278613,0.808669078138837,0.9557283142389523,0.9932835642603752,0.9591267658240256,-0.06453852113757118
2024-03-03,0.6848198334693467,0.673712607777189,0.4089601031523559,0.22818590704647695,0.314534374646218,0.4415015909219421,0.2481150683201062,0.38996300281322516,0.7943528055895698,0.7506311176521686,0.9381865793780687,0.9712681341895413,0.9560417993178993,0.11926342082681755
2024-03-10,0.6596238154854441,0.6612084382944918,0.49717887726770843,0.37631184407796114,0.6441126243352921,0.314534374646218,0.4415015909219421,0.2481150683201062,0.8055175394367212,0.7106153120272038,0.9213465139116201,0.985576783171497,0.9614077891768164,0.005899722127188322
2024-03-17,0.6384541674677905,0.6506915583268729,0.5015020387083104,0.3502056311293896,0.44083833356124674,0.6441126243352921,0.314534374646218,0.4415015909219421,0.8156018151696319,0.6734577782325938,0.9051800510638296,0.9536863729641212,0.964861658299921,0.0
2024-03-24,0.6186906581820736,0.6409894071365438,0.5015020387083107,0.3502056311293896,0.4302594459197475,0.44083833356124674,0.6441126243352921,0.314534374646218,0.8242454800835554,0.6456812324395379,0.8896602467299508,0.9483999330335404,0.9709669231243366,-0.03593200922606344
2024-03-31,0.5883160046261267,0.6269100081915215,0.46688848936859134,0.3008541600759254,0.36582917613058447,0.4302594459197475,0.44083833356124674,0.6441126243352921,0.8300079233595046,0.6198887256317002,0.874761234569427,0.9122147024550442,0.967408703061768,-0.018462062839735217
2024-04-07,0.5559429489435382,0.6121242530986335,0.44959513896746334,0.2761784245491936,0.3971548209558365,0.36582917613058447,0.4302594459197475,0.44083833356124674,0.8177627313981126,0.5902390280199887,0.8604581828953243,0.8542880473701726,0.9665033484320521,-0.11159106540846248
2024-04-14,0.4945176787526674,0.5846485038950424,0.3604619552040382,0.1379310344827589,0.23016369271282155,0.3971548209558365,0.36582917613058447,0.4302594459197475,0.790391125837355,0.5419936607176242,0.8467272532881855,0.8456760233391261,0.9625865138732972,-0.04983237374787576
2024-04-21,0.4309274469372361,0.5558587282063274,0.32812891529477567,0.17589690003483116,0.34090420656727805,0.23016369271282155,0.3971548209558365,0.36582917613058447,0.7633796729813439,0.5022582167526312,0.8335455608653325,0.8307288342150372,0.9597984331386038,0.09065436826813084
2024-04-28,0.4061591787631004,0.5444713496057131,0.4049801803357545,0.2936259143155696,0.5928132671751729,0.34090420656727805,0.23016369271282155,0.3971548209558365,0.7374486782395735,0.45825574400403224,0.8118634327780606,0.8272747659569877,0.9629039758863145,0.051959738930711166
2024-05-05,0.4021408675253066,0.5425915828548219,0.44792752337951897,0.4596126594237131,0.5234292983601692,0.5928132671751729,0.34090420656727805,0.23016369271282155,0.7205215011164733,0.42536577044104085,0.7914822323760251,0.8066916426935056,0.967223516887508,-0.12095261041766256
2024-05-12,0.3626939090441568,0.5243079705424973,0.3603758661840087,0.2706019871420223,0.21337735419244055,0.5234292983601692,0.5928132671751729,0.34090420656727805,0.7061153929266009,0.393289882019318,0.7723239039981118,0.8536066843538157,0.964113564945172,-0.028987536873252298
2024-05-19,0.3237944399428153,0.5059690469988957,0.3427334251939515,0.3009935710111047,0.37828142238322254,0.21337735419244055,0.5234292983601692,0.5928132671751729,0.6917092847367282,0.3706106653828013,0.7543150753228732,0.8450433291096522,0.9605259502517685,0.16251892949777494
2024-05-26,0.34147809140122976,0.5143371034490936,0.46616998875741417,0.6656925774400937,0.7216747800166875,0.37828142238322254,0.21337735419244055,0.5234292983601692,0.6920694374414752,0.3355946907874553,0.7297800165965522,0.868368035597314,0.969190017690365,-0.012578782206860073
2024-06-02,0.3515601957463567,0.519086404121895,0.45620789490977914,0.6353009935710113,0.40770422708663945,0.7216747800166875,0.37828142238322254,0.21337735419244055,0.6913491320319816,0.30307985723463404,0.7072077625683371,0.8413745239547499,0.9645809395754474,-0.01916991610772017
2024-06-09,0.35358210205326795,0.5200363773043596,0.44071409180971294,0.5897136177673876,0.3958855577554271,0.40770422708663945,0.7216747800166875,0.37828142238322254,0.6931498955557157,0.2728875117927285,0.6864412888623791,0.8093588106199656,0.960261398574254,0.012820688429061469
2024-06-16,0.35921436762986503,0.522680873350395,0.45129220541585574,0.62010520163647,0.45324843073187593,0.3958855577554271,0.40770422708663945,0.7216747800166875,0.6888280630987539,0.25111058243714224,0.6673361330528977,0.7865802436186407,0.9615180190424474,-0.012820688429061434
2024-06-23,0.35965238017324186,0.5228862809765024,0.43979416647001796,0.5897136177673876,0.40727046110761916,0.45324843073187593,0.3958855577554271,0.40770422708663945,0.6834257725275517,0.22729570741966018,0.6497593897081749,0.7515280977840326,0.9603584008560093,-0.019544596072970283
2024-06-30,0.35402615547391675,0.5202445122916538,0.4220324806595451,0.603448275862069,0.3952137130196157,0.40727046110761916,0.45324843073187593,0.3958855577554271,0.6769430238421089,0.20518189490342684,0.63358878583103,0.7085542121518633,0.9580406342146748,-0.006600684031352024
2024-07-07,0.34769221263445765,0.517260695606214,0.4158882319289224,0.7157275021026073,0.4184236520943204,0.3952137130196157,0.40727046110761916,0.45324843073187593,0.6722610386804004,0.1846476404240673,0.6187118302640565,0.6651747349457904,0.9545691283130693,0.051624365405307245
2024-07-14,0.3587830390933895,0.522478298240065,0.46756857873185037,0.8906644238856185,0.5228279346405404,0.4184236520943204,0.3952137130196157,0.40727046110761916,0.6715407332709068,0.17316321567481838,0.605025031142441,0.6492198756592764,0.98701639156021,-0.006309169193264721
2024-07-21,0.36549229150761275,0.525622701605641,0.460590557699262,0.8687973086627423,0.418946372088834,0.5228279346405404,0.4184236520943204,0.3952137130196157,0.6765828711373622,0.15796211262750784,0.44762684124386243,0.6448301136789751,0.8887824747729473,-0.012739025777429826
2024-07-28,0.3667025538653388,0.5261881144804287,0.44603313259800675,0.8250630782169892,0.4074168917356205,0.418946372088834,0.5228279346405404,0.4184236520943204,0.6834257725275517,0.14384680265500524,0.4506546644844517,0.6268532867924608,0.8842233675304492,-0.019418085857101513
2024-08-04,0.36160102433461094,0.5237997778355009,0.42379259935694186,0.7594617325483604,0.3954405605440118,0.4074168917356205,0.418946372088834,0.5228279346405404,0.6845062306417921,0.1274152786765225,0.4536219312602291,0.6205859834693019,0.8804858402197875,-0.013158084577511199
2024-08-11,0.3536021699796025,0.5200447836830906,0.40872230673656545,0.7157275021026073,0.40666547058973085,0.3954405605440118,0.4074168917356205,0.418946372088834,0.6819851617085644,0.11215743498221706,0.45652985270049096,0.5869651060024708,0.878678070423439,0.006600684031352093
2024-08-18,0.3493935093692685,0.5180622118191941,0.4172591735127435,0.7375946173254837,0.44209523974517473,0.40666547058973085,0.3954405605440118,0.4074168917356205,0.6863069941655261,0.09798943726607637,0.45937961571194763,0.5522705649499258,0.894840708188027,0.013072081567352921
2024-08-25,0.35019200989883853,0.5184368688944024,0.4349411033891994,0.7011494252873567,0.4536992078543396,0.44209523974517473,0.40666547058973085,0.3954405605440118,0.6927897428509687,0.0848334393868028,0.462172383463175,0.5339548247345118,0.9056549928721989,0.0
2024-09-01,0.350925051840365,0.5187809299948638,0.4349411033891994,0.5281306715063527,0.4302594459197475,0.4536992078543396,0.44209523974517473,0.40666547058973085,0.6906288266224878,0.07046535733935702,0.464909295859378,0.520422506510686,0.9094395515921965,-0.013072081567352888
2024-09-08,0.3476191064450345,0.5172194583400489,0.4156941767256797,0.5696551724137932,0.4068196839851555,0.4302594459197475,0.4536992078543396,0.44209523974517473,0.6884679103940069,0.06292404902631302,0.4675914700076569,0.5287077114457712,0.9070144945483145,0.05129329438755048
2024-09-15,0.3610831286928348,0.5235582083981115,0.4919430522073313,0.800766283524904,0.5222342858173077,0.4068196839851555,0.4302594459197475,0.4536992078543396,0.690268673917741,0.06432927884544248,0.4702200006729702,0.5607271998617613,0.9104036954835824,0.066489741268833
2024-09-22,0.39350160087370617,0.5386583760176084,0.5778016158371964,0.6347381864623246,0.5494832817261565,0.5222342858173077,0.4068196839851555,0.4302594459197475,0.6953108117841965,0.09847744950712164,0.47635391750366196,0.628686285129112,0.91863125265428,-0.005865119452398134
2024-09-29,0.4165248941039188,0.5492084869539229,0.5668153917159122,0.6181353767560663,0.4197426048968532,0.5494832817261565,0.5222342858173077,0.4068196839851555,0.7007131023553986,0.12616442563818434,0.49181523564493157,0.611862588853302,0.914918710779828,0.0
2024-10-06,0.4339145926148371,0.5570449375374953,0.5668153917159122,0.6181353767560663,0.4302594459197475,0.4197426048968532,0.5494832817261565,0.5222342858173077,0.7071958510408414,0.15187376061702826,0.5063488746977249,0.5788648110018995,0.91758774325964,-0.005899722127188383
2024-10-13,0.44470265870487447,0.5618031719185423,0.554447911701673,0.6015325670498083,0.4196805582782482,0.4302594459197475,0.4197426048968532,0.5494832817261565,0.7136785997262838,0.16105146848308835,0.5200104954073508,0.5655997914494617,0.9135533301775454,0.07410797215372183
2024-10-20,0.4780510032855336,0.5764785510735803,0.6516800518048378,0.817369093231162,0.5631436553540661,0.4196805582782482,0.4302594459197475,0.4197426048968532,0.7219621119354606,0.1850766004762355,0.5328524188743992,0.5880338216270709,0.9252421051290565,0.0054794657646255705
2024-10-27,0.5048186514332766,0.5879156224439386,0.6581815051165951,0.8339719029374202,0.4400847650466063,0.5631436553540661,0.4196805582782482,0.4302594459197475,0.7309659295541309,0.2093745570459025,0.5449238269334246,0.5706387179109194,0.928000791232915,0.03753791931906524
2024-11-03,0.5380634839560425,0.6018004722104339,0.7016366073809857,0.9199507389162561,0.497569299199449,0.4400847650466063,0.5631436553540661,0.4196805582782482,0.7432111215155225,0.24044849384744613,0.5562709505089084,0.575337050603131,0.9306903999543114,0.0
2024-11-10,0.5620764558175125,0.6113886011562559,0.7016366073809857,0.9199507389162561,0.4302594459197475,0.497569299199449,0.4400847650466063,0.5631436553540661,0.7565367715911545,0.2693028637345939,0.5711473432079667,0.5553737042696307,0.9319132165970446,-0.01058210933053686
2024-11-17,0.5746034879494628,0.6159541667177317,0.6721190228181395,0.8879310344827588,0.41128449367548625,0.4302594459197475,0.497569299199449,0.4400847650466063,0.7698624216667866,0.2980289484380886,0.5848336244911001,0.5368363112456662,0.9288635236479202,-0.02150620522096373
2024-11-24,0.5740094578879547,0.6150323261342183,0.6145626765864938,0.8238916256157633,0.3916963197719697,0.41128449367548625,0.4302594459197475,0.497569299199449,0.7813873082186847,0.31489852617468284,0.597425003271583,0.5196230177234136,0.9272482886835407,-0.021978906718775115
2024-12-01,0.5631421629177424,0.60993625378085,0.5603617050289389,0.7598522167487685,0.3908487110328615,0.3916963197719697,0.41128449367548625,0.4302594459197475,0.7907512785421018,0.31663676861169343,0.6090090717496273,0.5105895548337249,0.9172350076896207,0.0
2024-12-08,0.5523085542196224,0.6049330807711041,0.5603617050289389,0.7598522167487685,0.4302594459197475,0.3908487110328615,0.3916963197719697,0.41128449367548625,0.800115248865519,0.3257653974526542,0.6196664147494279,0.5056764941266438,0.9444059347018912,0.0
2024-12-15,0.5416247978281059,0.6000634505182189,0.5603617050289389,0.7363083164300203,0.4302594459197475,0.4302594459197475,0.3908487110328615,0.3916963197719697,0.8101995245984297,0.3342419813764035,0.6294711703092446,0.4976392114938673,0.9507081435529008,0.05406722127027579
2024-12-22,0.5510769411194263,0.6034162239454355,0.650242132554788,0.8719211822660098,0.5272082591986728,0.4302594459197475,0.4302594459197475,0.3908487110328615,0.8210041057408342,0.3447270973420121,0.6384915454242758,0.49017602047771763,0.9551996431444786,0.020834086902841834
2024-12-29,0.564259312366127,0.6081773192347962,0.680235857965104,0.7520176082171679,0.4676173857865583,0.5272082591986728,0.4302594459197475,0.4302594459197475,0.8292876179500108,0.3729870287835889,0.6467902905301046,0.5214726177009383,0.9604069019968869,0.0404095383378767
2025-01-05,0.5881726971577284,0.6170308522991117,0.7327779835138479,0.8275862068965518,0.5027184459379372,0.4676173857865583,0.5272082591986728,0.4302594459197475,0.8408125045019088,0.40361788169402857,0.6612438310351956,0.540108279193896,0.966329920110126,0.014742281737203431
2025-01-12,0.6102726830783467,0.6249013555468975,0.7503852568421339,0.811252268602541,0.4566940709266589,0.5027184459379372,0.4676173857865583,0.5272082591986728,0.8534178491680472,0.4362295592300466,0.6793086465973878,0.546987357508752,0.9719193091633884,0.05226842854575687
2025-01-19,0.6466174566623024,0.6378972443254382,0.8057940252877847,0.9830839297332468,0.523982814726409,0.4566940709266589,0.5027184459379372,0.4676173857865583,0.8703450262911476,0.45598226365738315,0.7007193476940481,0.5603253827535213,0.9756597759371337,0.022884293833587806
2025-01-26,0.6817704458753366,0.6499154939523488,0.8268525291719966,0.6050903119868639,0.4712936451585435,0.523982814726409,0.4566940709266589,0.5027184459379372,0.8843909817762731,0.5008336025066488,0.719132550637176,0.6595895627429886,0.9943694584635686,0.07410797215372183
2025-02-02,0.7394651872128611,0.6694880077799472,0.8831465917655978,0.7865353037766832,0.5631436553540661,0.4712936451585435,0.523982814726409,0.4566940709266589,0.9041993805373477,0.5424812742952526,0.7626841243862519,0.6822603474948916,1.0,-0.06959329179919535
2025-02-09,0.7485041075215155,0.6709985411761146,0.6883838983698443,0.6157635467980296,0.3054705832116283,0.5631436553540661,0.4712936451585435,0.523982814726409,0.9157242670892457,0.5811541123846704,0.8006546644844517,0.6963614808121128,0.9939858585311727,-0.041385216162854246
2025-02-16,0.7332470819640196,0.6639587640430313,0.6006699755514606,0.5197044334975373,0.3560509421347323,0.3054705832116283,0.5631436553540661,0.4712936451585435,0.9240077792984226,0.5949369723667214,1.0,0.6920796161542391,0.9896413320937696,-0.004705891037412728
2025-02-23,0.7150460338768183,0.6560725799740476,0.5912985888724924,0.5090311986863711,0.42182123621008905,0.3560509421347323,0.3054705832116283,0.5631436553540661,0.9326514442123458,0.6035247022622324,0.9960720130932896,0.6950539086386165,0.9658243324597651,-0.15257958759521706
2025-03-02,0.637045283505226,0.6273086131432353,0.37280716301261846,0.188834154351396,0.15666650734429216,0.42182123621008905,0.3560509421347323,0.3054705832116283,0.9319311388028523,0.561547053973889,0.9880458265139116,0.7568933838266789,0.962617378235674,0.07410797215372204
2025-03-09,0.6006274759825518,0.6134894597990264,0.45877957520021945,0.30517241379310367,0.5631436553540664,0.15666650734429216,0.42182123621008905,0.3560509421347323,0.9376935820788016,0.5225678091347131,0.9691231423895252,0.7656635859773437,0.967414581987935,-0.08515780834030695
2025-03-16,0.5375136894774365,0.5900962530379686,0.3720250375744126,0.23152709359605936,0.2775615956130637,0.5631436553540664,0.15666650734429216,0.42182123621008905,0.9376935820788016,0.48301852746504104,0.9513358193126022,0.8050837386173466,0.963330198033421,0.0749013081731177
2025-03-23,0.5138937208134294,0.5811280599609556,0.44966560197953026,0.36945812807881784,0.5645661990654837,0.2775615956130637,0.5631436553540664,0.15666650734429216,0.9427357199452567,0.44127805212494864,0.9254417197250407,0.8104117725686781,0.9731847480208323,-0.06936112779750225
2025-03-30,0.46776417254320707,0.563886442556079,0.3847105915974541,0.24137931034482799,0.3058868802567033,0.5645661990654837,0.2775615956130637,0.5631436553540664,0.9394943456025356,0.4126815940255223,0.9016191481044843,0.8431604713330982,0.9682582078928975,0.032611585588760796
2025-04-06,0.4423284160709314,0.5542932975227558,0.41735435801137716,0.3004926108374386,0.4887358101140477,0.3058868802567033,0.5645661990654837,0.2775615956130637,0.9369732766693076,0.38833291633074196,0.8797023822135722,0.8457687386618762,0.985409974985081,-0.010752791776261737
2025-04-13,0.4174782170553232,0.5449043628176097,0.4070057809817041,0.2807881773399017,0.4109784402077511,0.4887358101140477,0.3058868802567033,0.5645661990654837,0.930850680688612,0.36687823990566104,0.8595389575939332,0.8447155463481111,0.9742062114423462,-0.016349138001529526
2025-04-20,0.39138030709602833,0.5350066279082428,0.3909827821024387,0.25123152709359625,0.40094354082711686,0.4109784402077511,0.4887358101140477,0.3058868802567033,0.9225671684794351,0.3469560403680859,0.8409886069438653,0.8228866530566914,0.9719839773512253,0.04826674096983457
2025-04-27,0.3884783480907957,0.5338935075218638,0.4446370871109612,0.3399014778325127,0.5168073236898099,0.40094354082711686,0.4109784402077511,0.4887358101140477,0.9135633508607647,0.3157790202619687,0.823922284345803,0.8095672760956334,0.980165972844129,0.005221943981151625
2025-05-04,0.3878655322347174,0.5336513616297051,0.45051235562130615,0.41048653755314135,0.43962299855084974,0.5168073236898099,0.40094354082711686,0.4109784402077511,0.9031189224231073,0.2837506251299725,0.8082212675555855,0.7867738187031894,0.9863623610241328,-0.021053409197832267
2025-05-11,0.3791048173474281,0.5303141433118821,0.4253761525053216,0.36136041568257005,0.3925082356808819,0.43962299855084974,0.5168073236898099,0.40094354082711686,0.8851112871857668,0.25272324176641436,0.7937763321085854,0.7586581557435168,0.9435417325553441,0.04167269640056808
2025-05-18,0.38793634827358076,0.5336627298389895,0.4753501721849555,0.5517241379310349,0.5049834351917675,0.3925082356808819,0.43962299855084974,0.5168073236898099,0.8757473168623497,0.2312851519032785,0.7804869914973455,0.7464513737571985,0.9523086812018628,0.02020270731751947
2025-05-25,0.40249163681647043,0.5391497447681224,0.4992777922391542,0.6135552913198574,0.46648524878954944,0.5049834351917675,0.3925082356808819,0.43962299855084974,0.8710653317006412,0.2143727372067931,0.7682607981350046,0.7212158854365252,0.9583287015968571,0.0
2025-06-01,0.4134067818804825,0.5432249096070723,0.4992777922391542,0.7609195402298852,0.4302594459197475,0.46648524878954944,0.5049834351917675,0.3925082356808819,0.8667434992436793,0.19329969476554074,0.627659574468085,0.7082083964959331,0.9646691234679522,-0.01005033585350145
2025-06-08,0.4173662251988935,0.544671474631187,0.48350416413344804,0.7497995188452288,0.4122380253407086,0.4302594459197475,0.46648524878954944,0.5049834351917675,0.8725059425196283,0.18881462833902554,0.6303600654664483,0.7030803235749292,0.9562211065659925,-0.005063301956546762
2025-06-15,0.4178205969633584,0.5448033585719495,0.4752946866834425,0.7289494787489975,0.4211803568815628,0.4122380253407086,0.4302594459197475,0.46648524878954944,0.8728660952243751,0.16884481652808184,0.6372896890343698,0.7122191609102322,0.9450026457078403,-0.036179656577502356
2025-06-22,0.40358560692819706,0.5394559723676173,0.4190908939860673,0.5730706075533663,0.36538511563941084,0.4211803568815628,0.4122380253407086,0.4302594459197475,0.8764676222718433,0.15030141984649129,0.6439421276595744,0.6929039854834007,0.9377304140392778,-0.02127739844728485
2025-06-29,0.38397310230295484,0.532080538820606,0.3888184288918409,0.4876847290640397,0.3921065969169234,0.36538511563941084,0.4211803568815628,0.4122380253407086,0.8735864006338688,0.15430344279463573,0.8036006546644844,0.7027697041109553,0.9319822939795067,0.08252102368800344
2025-07-06,0.4001644331871575,0.5381444743524161,0.5083679121702758,0.8292282430213463,0.5782292348075722,0.3921065969169234,0.36538511563941084,0.4211803568815628,0.8811496074335516,0.13191369385149634,0.8004091653027823,0.7397319672175826,0.9559786008616042,-0.05077232537342326
2025-07-13,0.39249115682548463,0.5352573233000456,0.4338249949900111,0.6157635467980294,0.33921876402935114,0.5782292348075722,0.3921065969169234,0.36538511563941084,0.882950370957286,0.1124451555520353,0.644026186579378,0.7532031396736703,0.7516859165588196,0.020619287202735825
2025-07-20,0.39406342189726473,0.5358331679653021,0.461707299520465,0.6781609195402302,0.46723222495290184,0.33921876402935114,0.5782292348075722,0.3921065969169234,0.8869120507095009,0.09670846402614205,0.6471358428805237,0.7344356920256521,0.7645357794283105,0.09716374845364767
2025-07-27,0.43469621414847937,0.550876290108524,0.5787929842767938,1.0,0.6044853425905623,0.46723222495290184,0.33921876402935114,0.5782292348075722,0.8991572426708923,0.09918132743725086,0.6501833060556466,0.7482851698525919,0.8418568861080602,0.03636764417087479
2025-08-03,0.48159284158712523,0.5678668019824296,0.6168245134021806,0.7370114942528734,0.4954708598093474,0.6044853425905623,0.46723222495290184,0.33921876402935114,0.9110422819275371,0.1272800302725657,0.6573019967266776,0.7958969475967659,0.874548124791131,-0.022574322038539065
2025-08-10,0.5069968333401768,0.5767878215914397,0.5771929547717347,0.6772413793103446,0.38978106214499564,0.4954708598093474,0.6044853425905623,0.46723222495290184,0.9207664049557013,0.14631219865029296,0.6749178867430442,0.7949308712400214,0.8523772244838828,0.0045558165358608824
2025-08-17,0.5272104064229337,0.5836934480357638,0.5824076803620011,0.6891954022988505,0.43842855460133306,0.38978106214499564,0.4954708598093474,0.6044853425905623,0.9322912915075993,0.15832381744537313,0.6914768233584289,0.7801331810039527,0.8769937580765974,-0.01373019281190202
2025-08-24,0.5351683613342363,0.5861839990148691,0.5570632286534087,0.6533333333333331,0.4056396140154855,0.43842855460133306,0.38978106214499564,0.4954708598093474,0.9398544983072822,0.1737294980199011,0.7070422237768903,0.7802930879752663,0.8235219851247707,-0.03278982282299084
2025-08-31,0.5254749505238524,0.5824970577893733,0.49993941718247376,0.569655172413793,0.37146348164364656,0.4056396140154855,0.43842855460133306,0.38978106214499564,0.9434560253547503,0.1777487972881929,0.7216737001702441,0.7804415730200578,0.8096080366190551,0.02817087696669644
2025-09-07,0.5279283527112152,0.5830686717430322,0.5376795682059048,0.6413793103448276,0.48077310330367723,0.37146348164364656,0.4056396140154855,0.43842855460133306,0.9492184686306991,0.18148100375160667,0.7354272879799968,0.7701539874901879,0.9506155504657707,-0.009302392662313674
2025-09-14,0.5239531362734949,0.5814115479508352,0.5207863698744939,0.6174712643678159,0.41357917443404235,0.48077310330367723,0.37146348164364656,0.4056396140154855,0.9549809119066485,0.18803208465427088,0.7483556605211642,0.7710266939981991,0.9470029503361574,0.01851904776723753
2025-09-21,0.5269245995256034,0.5821640484655944,0.5470454689922717,0.6652873563218391,0.46346625148340714,0.41357917443404235,0.48077310330367723,0.37146348164364656,0.9625441187063314,0.1941152312067447,0.7605083307098616,0.7579364449936892,0.9554509672381172,-0.018519047767237642
2025-09-28,0.5193873618052307,0.5793061527895255,0.5109822436358267,0.6174712643678159,0.3970526403560877,0.46346625148340714,0.41357917443404235,0.48077310330367723,0.971187783620255,0.1997638672911847,0.7708674304418984,0.7353557492751823,0.9470191173831167,0.01851904776723753
2025-10-05,0.5196200992600266,0.5791354833846134,0.5390725290781833,0.6137931034482759,0.46346625148340714,0.3970526403560877,0.46346625148340714,0.41357917443404235,0.982712670172153,0.20500902936959328,0.7790507364975449,0.7109128055603673,0.9548909995207118,-0.03263692931302243
2025-10-12,0.5040513558221704,0.5735779728356528,0.4758943026297526,0.49388209121245863,0.37173763748153194,0.46346625148340714,0.3970526403560877,0.46346625148340714,0.9859540445148743,0.21250127952596595,0.7893617021276593,0.695166096063299,0.947562918053563,0.004728141195945896
2025-10-19,0.4921973497954457,0.5693295657507744,0.48370927707698,0.5083426028921023,0.4387375527503303,0.37173763748153194,0.46346625148340714,0.3970526403560877,0.9931570986098105,0.2194583689568834,0.7954173486088378,0.6666435321969297,0.9526937508658005,0.014051753455650287
2025-10-26,0.4873681873240681,0.5675124202733208,0.5076567951072302,0.4550371872887087,0.4554558734410242,0.4387375527503303,0.37173763748153194,0.46346625148340714,1.0000000000000002,0.22591852342844962,0.950900163666121,0.6401582943210156,0.9579142373020846,-0.03309994842634484
2025-11-02,0.46820111103164264,0.5608112111597413,0.44237438545973723,0.259370314842579,0.3709073903834303,0.4554558734410242,0.4387375527503303,0.37173763748153194,0.9971187783620253,0.21104522358101088,0.9478723404255318,0.6468412526506233,0.9115765412538961,0.05608946665104358
2025-11-09,0.4758228641525768,0.5632981691696717,0.5349602462967709,0.7438423645320197,0.5308343802608996,0.3709073903834303,0.4554558734410242,0.4387375527503303,0.9956781675430381,0.20244928060228815,0.9404648117839606,0.6634723213138636,0.9296924522374653,-0.027651531330510123
2025-11-16,0.4685320235252536,0.5606902469809432,0.4813273810698671,0.60551724137931,0.3806770356376091,0.5308343802608996,0.3709073903834303,0.4554558734410242,0.993877404019304,0.19446733355061704,0.9333535842880523,0.6615396823344362,0.9206565427188069,0.00930239266231363
2025-11-23,0.46555800678617437,0.5595674764840596,0.4965631297790543,0.6772413793103454,0.4469397174054526,0.3806770356376091,0.5308343802608996,0.3709073903834303,0.9924367932003167,0.17540068572932396,0.9265268058919803,0.6632202438297408,0.9347836022980758,0.009216655104924048
2025-11-30,0.4660000089537137,0.5596113325923353,0.5121433894253662,0.9103448275862072,0.4467859799977023,0.4469397174054526,0.3806770356376091,0.5308343802608996,0.9927969459050635,0.16178791022846753,0.9199730986317513,0.6682559200515823,0.9462475083236996,-0.03263692931302243
2025-12-07,0.45120627451081396,0.5544932374858176,0.4466394374870963,0.5517241379310353,0.37173763748153194,0.4467859799977023,0.4469397174054526,0.3806770356376091,0.9931570986098105,0.15714455803602687,0.9136815396619312,0.6625064406146877,0.8924303484595625,0.004728141195945896
2025-12-14,0.4405616924124609,0.5508009192191736,0.4554312930373979,0.5924764890282131,0.4387375527503303,0.37173763748153194,0.4467859799977023,0.4469397174054526,0.9917164877908232,0.1384122339892925,0.907641643050904,0.6571676382804286,0.9501393574462448,0.0
2025-12-21,0.4312995022949178,0.5475909363455779,0.4554312930373979,0.5924764890282131,0.4302594459197475,0.4387375527503303,0.37173763748153194,0.4467859799977023,0.9909961823813297,0.12101793308875344,0.9018433423043178,0.62440894030329,0.9514577066391916,0.08149303425118301
