,MACD,PPO,RSI,STOCH,Lag_1,Lag_2,Lag_3,Lag_4,SMA,ADX,SAR,ATR,OBV,Target_Return
2010-08-01,-0.10366939886326465,-3.8933696202784773,41.86234168062233,19.19191919191918,-0.05275056538552885,0.0996674851732804,0.004376374599799003,-0.013072081567352888,2.656428571428571,17.72190551567089,2.926302902360831,0.3037251140072282,-26230000.0,0.04481401578979264
2010-08-08,-0.09990278072841186,-3.7679196094681076,45.5473976825886,30.30303030303028,0.04481401578979264,-0.05275056538552885,0.0996674851732804,0.004376374599799003,2.6185714285714288,17.270657464213386,2.8403465540775312,0.294173320149569,31300000.0,0.015810606026642245
2010-08-15,-0.09262235021559695,-3.503256611427858,46.86628807145175,37.777777777777764,0.015810606026642245,0.04481401578979264,-0.05275056538552885,0.0996674851732804,2.5785714285714287,16.596215096258216,2.7647049675882274,0.28244665442459976,108280000.0,-0.060624621816434854
2010-08-22,-0.0978285958227576,-3.7256303387379086,42.69051045025789,24.050632911392395,-0.060624621816434854,0.015810606026642245,0.04481401578979264,-0.05275056538552885,2.539285714285714,16.725456011500196,2.69814037147764,0.2822718933942712,52410000.0,-0.029600469776290633
2010-08-29,-0.10637675296998905,-4.085264306643235,40.86082917115374,15.189873417721532,-0.029600469776290633,-0.060624621816434854,0.015810606026642245,0.04481401578979264,2.5021428571428572,17.076052476246648,2.6395635269003233,0.2713953295803947,5720000.0,-0.012959144642505341
2010-09-05,-0.11425491879223637,-4.426080929999641,40.0682326144848,11.39240506329112,-0.012959144642505341,-0.029600469776290633,-0.060624621816434854,0.015810606026642245,2.472857142857143,17.401606336368356,2.5880159036722845,0.25700994889608075,-11030000.0,-0.06744128079553253
2010-09-12,-0.131091032541379,-5.141942284410639,36.27897049733303,10.769230769230747,-0.06744128079553253,-0.012959144642505341,-0.029600469776290633,-0.060624621816434854,2.415714285714286,18.535007088126726,2.5426539952316105,0.25436638111778925,-65970000.0,0.04546237407675741
2010-09-19,-0.1348105970737108,-5.3342493143356835,40.330336459116396,26.562499999999982,0.04546237407675741,-0.06744128079553253,-0.012959144642505341,-0.029600469776290633,2.382142857142857,19.58745064333093,2.477882435899185,0.24834021103794715,-29770000.0,0.013245226750020505
2010-09-26,-0.13379532031615105,-5.332724332944706,41.53134943566967,33.89830508474572,0.013245226750020505,0.04546237407675741,-0.06744128079553253,-0.012959144642505341,2.3628571428571425,20.15205859734929,2.422178894873299,0.2434587673923795,1280000.0,-0.0043956114730379975
2010-10-03,-0.13227286336574196,-5.309500250104924,41.233424438441396,36.538461538461526,-0.0043956114730379975,0.013245226750020505,0.04546237407675741,-0.06744128079553253,2.346428571428571,19.243372022258313,2.08,0.24464028400720952,-56670000.0,0.08847872868357955
2010-10-10,-0.11282053540327652,-4.530189088055582,49.43642354853205,76.9230769230769,0.08847872868357955,-0.0043956114730379975,0.013245226750020505,0.04546237407675741,2.358571428571428,18.399591631102407,2.089,0.24216597800669454,-18080000.0,-0.032789822822990956
2010-10-17,-0.1026761697870624,-4.133970280150551,46.758732971554714,61.53846153846151,-0.032789822822990956,0.08847872868357955,-0.0043956114730379975,0.013245226750020505,2.367142857142857,17.311900886577494,2.09782,0.24772555100621638,-80010000.0,0.0
2010-10-24,-0.09355820618704191,-3.7762894804918052,46.758732971554714,61.53846153846151,0.0,-0.032789822822990956,0.08847872868357955,-0.0043956114730379975,2.375,16.301902338090073,2.1179072,0.24288801164862953,-51260000.0,0.04481401578979264
2010-10-31,-0.07657338335298558,-3.0877323440664664,50.99179118234816,82.69230769230764,0.04481401578979264,0.0,-0.032789822822990956,0.08847872868357955,2.373571428571428,15.556446748735608,2.137190912,0.23768172510229885,-28800000.0,0.10933666403746582
2010-11-07,-0.03925965169265089,-1.5681076883722938,60.017236896457746,86.74698795180718,0.10933666403746582,0.04481401578979264,0.0,-0.032789822822990956,2.4021428571428567,16.748909359055883,2.15570327552,0.25713303045213465,52670000.0,-0.12540126654127232
2010-11-14,-0.03590262943235878,-1.435449989728162,48.96632815479152,46.98795180722893,-0.12540126654127232,0.10933666403746582,0.04481401578979264,0.0,2.3992857142857145,17.856196068638994,2.2009610789888,0.269480671134125,28000000.0,0.05129329438755048
2010-11-21,-0.022492966642302825,-0.8966828681527426,52.66399432040342,62.65060240963855,0.05129329438755048,-0.12540126654127232,0.10933666403746582,0.04481401578979264,2.402857142857143,18.884390870394743,2.243503414249472,0.25951776605311605,68490000.0,0.01526747213078838
2010-11-28,-0.008539607286647932,-0.33911453704715044,53.77383358009924,67.46987951807229,0.01526747213078838,0.05129329438755048,-0.12540126654127232,0.10933666403746582,2.4199999999999995,20.125239256477233,2.283493209394504,0.2595522113350363,103990000.0,-0.01526747213078842
2010-12-05,-0.0007010538622846951,-0.02777258171182115,52.4495085666994,62.65060240963855,-0.01526747213078842,0.01526747213078838,0.05129329438755048,-0.12540126654127232,2.439285714285714,21.277455614982404,2.3210836168308338,0.24744133909681945,66330000.0,-0.059423420470800764
2010-12-12,-0.006517559824823049,-0.25876014991336677,47.704878781414315,44.57831325301206,-0.059423420470800764,-0.01526747213078842,0.01526747213078838,0.05129329438755048,2.4499999999999997,21.100584197833957,2.3564185998209837,0.24405267201847522,37770000.0,0.09716374845364767
2010-12-19,0.00894264273814338,0.35315848049334553,55.00975264843461,73.75000000000001,0.09716374845364767,-0.059423420470800764,-0.01526747213078842,0.01526747213078838,2.4892857142857143,21.51283829252384,2.389633483831725,0.24804890973144128,59580000.0,-0.003710579396535713
2010-12-26,0.020155705797583412,0.7923216026984935,54.68072643638504,71.05263157894734,-0.003710579396535713,0.09716374845364767,-0.059423420470800764,-0.01526747213078842,2.5207142857142855,22.075600776755515,2.4,0.23961684475062403,43840000.0,0.064770836157782
2011-01-02,0.043070148869251756,1.6771626743174877,59.38929134781865,72.28915662650603,0.064770836157782,-0.003710579396535713,0.09716374845364767,-0.059423420470800764,2.562857142857143,23.834207542000815,2.41,0.25178707012557944,156450000.0,0.10570888702522344
2011-01-09,0.08605929772746146,3.2921097138064868,66.12711922210049,100.0,0.10570888702522344,0.064770836157782,-0.003710579396535713,0.09716374845364767,2.6285714285714286,25.709178098409506,2.4652000000000003,0.26594513654518087,223290000.0,0.003129893008927787
2011-01-16,0.11955724287019098,4.498849173901441,66.31520155475549,91.08910891089111,0.003129893008927787,0.10570888702522344,0.064770836157782,-0.003710579396535713,2.68,27.702204426487803,2.5376800000000004,0.2748061982205251,315550000.0,-0.0031298930089277044
2011-01-23,0.1436418751857742,5.326083673891557,65.92101262618206,89.79591836734693,-0.0031298930089277044,0.003129893008927787,0.10570888702522344,0.064770836157782,2.7364285714285717,29.552871731131933,2.6279584000000002,0.2694628983476305,253680000.0,-0.012618463959211575
2011-01-30,0.15768377372150688,5.774882886810849,64.27520351054116,85.10638297872339,-0.012618463959211575,-0.0031298930089277044,0.003129893008927787,0.10570888702522344,2.79,31.426662090551822,2.7074033920000002,0.2709298341799426,178560000.0,0.009478743954543959
2011-02-06,0.16928145748914414,6.124940247014623,64.98135977879241,87.64044943820227,0.009478743954543959,-0.012618463959211575,-0.0031298930089277044,0.003129893008927787,2.8378571428571426,33.16661028144172,2.7773149849600003,0.25657770316708955,227210000.0,-0.02225847060094281
2011-02-13,0.17085478286277223,6.125035070838577,61.90647666783488,79.77528089887639,-0.02225847060094281,0.009478743954543959,-0.012618463959211575,-0.0031298930089277044,2.86,34.48782064589908,2.8388371867648003,0.24610786722658315,194260000.0,-0.03268264743035842
2011-02-20,0.16216317416276294,5.779596916749671,57.705559524489445,68.5393258426966,-0.03268264743035842,-0.02225847060094281,0.009478743954543959,-0.012618463959211575,2.8985714285714286,34.44309141282571,2.892976724353024,0.2492430195675415,114950000.0,-0.0652031938107621
2011-02-27,0.13834880068939093,4.928988242704682,50.67002026575671,47.19101123595504,-0.0652031938107621,-0.03268264743035842,-0.02225847060094281,0.009478743954543959,2.914285714285714,32.0071820200124,3.29,0.2614399467412885,63980000.0,0.07512063046810812
2011-03-06,0.13566404881493277,4.803779140421787,57.18000681787033,71.91011235955057,0.07512063046810812,-0.0652031938107621,-0.03268264743035842,-0.02225847060094281,2.942857142857143,30.183481504063558,3.2760000000000002,0.2706228076883393,111980000.0,-0.1372978754199996
2011-03-13,0.100903470579218,3.589320447667605,45.673149575747,28.089887640449433,-0.1372978754199996,0.07512063046810812,-0.0652031938107621,-0.03268264743035842,2.9464285714285716,28.16813968930246,3.26228,0.2805783214248865,86260000.0,0.0037664827954768648
2011-03-20,0.07331722300902355,2.6184603292688706,45.973370166969836,28.409090909090914,0.0037664827954768648,-0.1372978754199996,0.07512063046810812,-0.0652031938107621,2.9614285714285713,26.296750861310016,3.2488344000000002,0.2898227270373946,107550000.0,0.011215070820140003
2011-03-27,0.05326170456503654,1.9077473381276904,46.92103407267792,14.285714285714295,0.011215070820140003,0.0037664827954768648,-0.1372978754199996,0.07512063046810812,2.960714285714286,24.508592317752385,3.235657712,0.28197824653472353,136070000.0,0.011090686694158356
2011-04-03,0.0393348829400888,1.4116028117760269,47.90510480286251,18.571428571428616,0.011090686694158356,0.011215070820140003,0.0037664827954768648,-0.1372978754199996,2.962857142857143,23.020019819472488,3.22274455776,0.27469408606795753,176330000.0,0.010969031370573937
2011-04-10,0.030368457075071742,1.0908861696111636,48.92486502509145,22.857142857142872,0.010969031370573937,0.011090686694158356,0.011215070820140003,0.0037664827954768648,2.954285714285714,21.75598903196385,3.2100896666048,0.26935879420596054,205020000.0,0.05310982531394833
2011-04-17,0.03496321222840493,1.2520673441621766,53.79505643779855,44.285714285714285,0.05310982531394833,0.010969031370573937,0.011090686694158356,0.011215070820140003,2.9335714285714287,21.357667940006504,3.197687873272704,0.2679760231912491,247420000.0,-0.06776210210081883
2011-04-24,0.023007955300350602,0.8257434771920775,47.60321510837183,18.181818181818194,-0.06776210210081883,0.05310982531394833,0.010969031370573937,0.011090686694158356,2.8985714285714286,20.018158070104537,3.18553411580725,0.2681205929633027,221560000.0,-0.0186225120980018
2011-05-01,0.009390498102583411,0.338155763818035,46.09946918602213,11.940298507462698,-0.0186225120980018,-0.06776210210081883,0.05310982531394833,0.010969031370573937,2.8607142857142853,18.697282111557854,3.1736234334911053,0.2611119791802096,199430000.0,0.02963179760637115
2011-05-08,0.00499630231398962,0.18009655824834703,48.881858511978876,26.086956521739154,0.02963179760637115,-0.0186225120980018,-0.06776210210081883,0.05310982531394833,2.8314285714285714,17.723157368811783,3.149878496151461,0.26174683781019464,238440000.0,-0.014706147389695449
2011-05-15,-0.001694264783216326,-0.06119270810378951,47.559892147698925,21.428571428571473,-0.014706147389695449,0.02963179760637115,-0.0186225120980018,-0.06776210210081883,2.7971428571428576,16.753654795425827,3.114485786382373,0.2566220636808951,199620000.0,-0.041593897298837126
2011-05-22,-0.015691782995748138,-0.5694720370119579,44.03317917569318,5.714285714285718,-0.041593897298837126,-0.014706147389695449,0.02963179760637115,-0.0186225120980018,2.7600000000000002,15.853402405853156,3.0693269234717833,0.24757763056083118,174720000.0,0.03042059670071172
2011-05-29,-0.020097909424418692,-0.7310554224878939,47.105200423917424,22.22222222222224,0.03042059670071172,-0.041593897298837126,-0.014706147389695449,0.02963179760637115,2.735714285714286,14.871025816432889,3.0277807695940404,0.23989351409220042,201550000.0,-0.01890415463915261
2011-06-05,-0.02730957076398166,-0.9968466769291091,45.42689375787151,12.962962962963015,-0.01890415463915261,0.03042059670071172,-0.041593897298837126,-0.014706147389695449,2.7214285714285715,13.958818983399782,2.9895583080265173,0.23132969165704326,174170000.0,-0.0038240964384035057
2011-06-12,-0.03344623340023212,-1.2251384551803979,45.080946281988844,12.00000000000001,-0.0038240964384035057,-0.01890415463915261,0.03042059670071172,-0.041593897298837126,2.690714285714286,13.11176978129761,2.954393643384396,0.2198061422529687,147590000.0,0.015209418663528708
2011-06-19,-0.034682123119229136,-1.2731727129572263,46.8253478067987,25.92592592592595,0.015209418663528708,-0.0038240964384035057,-0.01890415463915261,0.03042059670071172,2.690714285714286,12.602989678919815,2.922042151913644,0.2141057035206138,186390000.0,-0.015209418663528795
2011-06-26,-0.038446058105688685,-1.4157373068303867,45.27659587045289,20.408163265306133,-0.015209418663528795,0.015209418663528708,-0.0038240964384035057,-0.01890415463915261,2.6871428571428573,11.778607995696296,2.88083793672228,0.2080981532691414,139770000.0,-0.07145896398214487
2011-07-03,-0.05531585266082706,-2.052944740048359,39.021896748733994,5.000000000000041,-0.07145896398214487,-0.015209418663528795,0.015209418663528708,-0.0038240964384035057,2.668571428571429,12.192202891790876,2.843754143050052,0.20894828517848849,78650000.0,-0.08141539148550858
2011-07-10,-0.0830592432363817,-3.1215893449311314,33.725749562629474,10.588235294117682,-0.08141539148550858,-0.07145896398214487,-0.015209418663528795,0.015209418663528708,2.634285714285714,13.86692521439151,2.7905036458840455,0.21616626480859646,22700000.0,0.039392401710660684
2011-07-17,-0.09666948664188624,-3.666867542997133,38.01712932547598,22.09302325581395,0.039392401710660684,-0.08141539148550858,-0.07145896398214487,-0.015209418663528795,2.6042857142857145,15.465029091296259,2.7008331354602793,0.21572581732226817,37190000.0,-0.09445217889368804
2011-07-24,-0.12298327293802913,-4.733672568305147,32.69700726241783,0.0,-0.09445217889368804,0.039392401710660684,-0.08141539148550858,-0.07145896398214487,2.5485714285714285,17.03892924736511,2.6110998337866347,0.2153168303706776,5550000.0,-0.09389608576712694
2011-07-31,-0.15735466364938855,-6.17424170211488,28.7736629920265,3.2258064516129057,-0.09389608576712694,-0.09445217889368804,0.039392401710660684,-0.08141539148550858,2.492857142857143,19.3468499307975,2.5227018637050405,0.22136562820134348,-32830000.0,-0.06973333801467507
2011-08-07,-0.19286097074632957,-7.735736086090146,26.436313064590948,16.93548387096774,-0.06973333801467507,-0.09389608576712694,-0.09445217889368804,0.039392401710660684,2.4314285714285715,22.298267747545644,2.3981614909640325,0.22983951190124752,-89360000.0,0.13005312824819776
2011-08-14,-0.198538436753946,-8.069704553912151,37.02992654066247,41.07142857142855,0.13005312824819776,-0.06973333801467507,-0.09389608576712694,-0.09445217889368804,2.382142857142857,23.300444970878832,2.236529192771226,0.23270811819401555,-3780000.0,0.014528100562909808
2011-08-21,-0.19833088520146402,-8.154637595163534,38.18038999099046,44.14414414414414,0.014528100562909808,0.13005312824819776,-0.06973333801467507,-0.09389608576712694,2.337857142857143,24.1624569320275,2.107223354216981,0.223228966894443,33580000.0,-0.024332100659530783
2011-08-28,-0.1998966965469391,-8.320926898210939,36.968119811900074,39.99999999999998,-0.024332100659530783,0.014528100562909808,0.13005312824819776,-0.06973333801467507,2.297857142857143,25.226987058868538,1.59,0.22014118354483994,11180000.0,-0.0199011543172948
2011-09-04,-0.20203632997661947,-8.518293729962094,35.98379000616103,36.36363636363636,-0.0199011543172948,-0.024332100659530783,0.014528100562909808,0.13005312824819776,2.249285714285714,26.215479319506645,1.5994000000000002,0.2129882418630656,-16300000.0,0.01496287267671232
2011-09-11,-0.19901711024230506,-8.484212423183594,37.33153666926685,39.090909090909086,0.01496287267671232,-0.0199011543172948,-0.024332100659530783,0.014528100562909808,2.2064285714285714,27.169163286035957,1.6086120000000002,0.20634622458713237,23860000.0,0.019608471388376337
2011-09-18,-0.1911927402482716,-8.22486795015617,39.17042973413002,42.727272727272734,0.019608471388376337,0.01496287267671232,-0.0199011543172948,-0.024332100659530783,2.1671428571428573,27.55165246330676,1.61763976,0.19875006568805148,139510000.0,-0.02457126073050543
2011-09-25,-0.18687230517889208,-8.120407075447194,37.681974502068414,38.18181818181816,-0.02457126073050543,0.019608471388376337,0.01496287267671232,-0.0199011543172948,2.1214285714285714,28.155248937363933,1.6369341696000002,0.19312506099604781,27640000.0,0.0
2011-10-02,-0.18135775000853593,-7.955360852464937,37.68197450206842,40.776699029126185,0.0,-0.02457126073050543,0.019608471388376337,0.01496287267671232,2.0785714285714287,28.71573137755988,1.6554568028160002,0.19075898521061582,156000000.0,-0.11591910221832057
2011-10-09,-0.19252033213992625,-8.581560038702234,31.561830188883164,22.988505747126435,-0.11591910221832057,0.0,-0.02457126073050543,0.019608471388376337,2.032857142857143,30.08841100922165,1.6732385307033601,0.1999904862670004,127920000.0,-0.028330506626225996
2011-10-16,-0.2030605850105034,-9.204385982673672,30.355149414389842,19.736842105263147,-0.028330506626225996,-0.11591910221832057,0.0,-0.02457126073050543,1.9971428571428569,31.363042095764722,1.69,0.19284830867650035,106710000.0,0.02272825107755609
2011-10-23,-0.20581365395456785,-9.4645963887936,32.5760002857092,25.675675675675667,0.02272825107755609,-0.028330506626225996,-0.11591910221832057,0.0,1.957857142857143,32.648636534147734,2.1,0.1869305723424646,123090000.0,-0.022728251077556175
2011-10-30,-0.2088160452474439,-9.74694836101825,31.494444266262562,24.59016393442621,-0.022728251077556175,0.02272825107755609,-0.028330506626225996,-0.11591910221832057,1.9307142857142856,33.84240279836053,2.0916,0.18143553146085997,108660000.0,-0.011560822401075971
2011-11-06,-0.21038411768206244,-9.96567900672552,30.941292382094275,25.49019607843135,-0.011560822401075971,-0.022728251077556175,0.02272825107755609,-0.028330506626225996,1.9157142857142857,34.95090004370099,2.083368,0.17419013635651284,99310000.0,-0.08489944378648616
2011-11-13,-0.22038321582676867,-10.637555070945144,27.323604019792185,7.142857142857149,-0.08489944378648616,-0.011560822401075971,-0.022728251077556175,0.02272825107755609,1.9,36.50917280178631,2.07530064,0.1746051266167619,76370000.0,-0.0997504027670596
2011-11-20,-0.23767158940650424,-11.741448770688384,24.07559228353712,8.219178082191759,-0.0997504027670596,-0.08489944378648616,-0.011560822401075971,-0.022728251077556175,1.8557142857142854,38.42384494449805,2.0538886144,0.17713333185842176,55410000.0,-0.09531017980432477
2011-11-27,-0.25887847367089534,-13.137272225021333,21.671229808983583,2.4390243902439046,-0.09531017980432477,-0.0997504027670596,-0.08489944378648616,-0.011560822401075971,1.8,40.41003864177602,2.012855297536,0.17519523672567733,-1430000.0,-0.06351340572232586
2011-12-04,-0.27892513828065035,-14.565528654473791,20.32597176606872,5.3763440860215095,-0.06351340572232586,-0.09531017980432477,-0.0997504027670596,-0.08489944378648616,1.742142857142857,42.482819700473904,1.9542268737331199,0.17196700553098612,-42310000.0,0.07878087785311438
2011-12-11,-0.28347537251016575,-15.15185234016376,26.470366879709843,16.12903225806453,0.07878087785311438,-0.06351340572232586,-0.09531017980432477,-0.0997504027670596,1.6942857142857142,44.080002311083206,1.8758041863598078,0.16754079085020138,-14160000.0,0.16062319433287583
2011-12-18,-0.26546230391494086,-14.371642115354923,38.26321918246487,40.86021505376345,0.16062319433287583,0.07878087785311438,-0.06351340572232586,-0.09531017980432477,1.6607142857142858,43.41253216925912,1.805223767723827,0.17271644864661553,256210000.0,-0.05981849521091022
2011-12-25,-0.255503776623355,-14.050636949330544,35.84088246975017,31.86813186813187,-0.05981849521091022,0.16062319433287583,0.07878087785311438,-0.06351340572232586,1.6178571428571427,42.792738466136754,1.7417013909514443,0.17037955945757158,100560000.0,-0.04196419909903219
2012-01-01,-0.249576112487516,-13.962663227448571,34.282689243126754,25.27472527472527,-0.04196419909903219,-0.05981849521091022,0.16062319433287583,0.07878087785311438,1.5742857142857143,42.259757882727754,1.6845312518562998,0.16249530521060218,83380000.0,-0.007168489478612516
2012-01-08,-0.24288547976014918,-13.81591313027929,34.01724386111822,26.506024096385534,-0.007168489478612516,-0.04196419909903219,-0.05981849521091022,0.16062319433287583,1.5299999999999998,41.57850981486403,1.6330781266706698,0.1558884976955592,68360000.0,-0.014493007302566639
2012-01-15,-0.23647104694229593,-13.67461027147629,33.45924778569204,31.25000000000002,-0.014493007302566639,-0.007168489478612516,-0.04196419909903219,-0.05981849521091022,1.5,41.0436540363347,1.5867703140036027,0.15118217643159068,42150000.0,0.0704516609506113
2012-01-22,-0.2207734594417865,-12.910233457858993,38.85951886445435,48.387096774193544,0.0704516609506113,-0.014493007302566639,-0.007168489478612516,-0.04196419909903219,1.4807142857142856,40.88218984394397,1.5450932826032424,0.15252630668647704,142630000.0,0.059423420470800806
2012-01-29,-0.19877935573692262,-11.700132468985155,43.318126391162885,62.90322580645162,0.059423420470800806,0.0704516609506113,-0.014493007302566639,-0.007168489478612516,1.465,39.49662394297959,1.17,0.15591728478030012,294310000.0,-0.10109611687136888
2012-02-05,-0.1912480282674487,-11.400464425288332,38.30448309760455,39.99999999999999,-0.10109611687136888,0.059423420470800806,0.0704516609506113,-0.014493007302566639,1.4414285714285715,38.37853621054609,1.1785999999999999,0.16120890729599296,268280000.0,-0.02150620522096362
2012-02-12,-0.1855611132612518,-11.208728277598869,37.37282958154297,38.88888888888888,-0.02150620522096362,-0.10109611687136888,0.059423420470800806,0.0704516609506113,1.417142857142857,37.56529694701199,1.187028,0.15897969963199346,229430000.0,0.01438873745209967
2012-02-19,-0.17739545491438835,-10.839405657679022,38.44766696810731,53.48837209302324,0.01438873745209967,-0.02150620522096362,-0.10109611687136888,0.059423420470800806,1.4042857142857144,36.81014620230176,1.19528744,0.1547668639439939,293600000.0,-0.014388737452099669
2012-02-26,-0.1705717003131204,-10.544913169335752,37.74994723425119,48.837209302325554,-0.014388737452099669,0.01438873745209967,-0.02150620522096362,-0.10109611687136888,1.4007142857142856,36.17072816821557,1.2033816912,0.15085494509085143,146110000.0,0.05635293655113178
2012-03-04,-0.1568998504082737,-9.77020564666945,42.26338065627737,67.44186046511626,0.05635293655113178,-0.014388737452099669,0.01438873745209967,-0.02150620522096362,1.4121428571428571,34.828069926537914,1.211314057376,0.14936530615579063,248120000.0,-0.04196419909903219
2012-03-11,-0.14918657939555002,-9.378973894931802,39.92529001818835,44.444444444444414,-0.04196419909903219,0.05635293655113178,-0.014388737452099669,0.01438873745209967,1.4250000000000003,33.5813158449801,1.21908777622848,0.1451249271446627,158600000.0,0.0
2012-03-18,-0.14144328638677162,-8.971827161921809,39.925290018188356,33.33333333333328,0.0,-0.04196419909903219,0.05635293655113178,-0.014388737452099669,1.4307142857142858,32.3112371575488,1.2267060207039104,0.1419017180629011,188590000.0,0.007117467768863955
2012-03-25,-0.13296699372876275,-8.500683698460664,40.560895282134645,36.66666666666662,0.007117467768863955,0.0,-0.04196419909903219,0.05635293655113178,1.4207142857142858,31.21746074970173,1.2341719002898321,0.13676588105840817,211450000.0,0.04167269640056808
2012-04-01,-0.12002440553540805,-7.707634278298407,44.36440453255655,56.666666666666636,0.04167269640056808,0.007117467768863955,0.0,-0.04196419909903219,1.4214285714285713,30.20181122812945,1.2414884622840354,0.13199688955423616,250250000.0,-0.03460552917747561
2012-04-08,-0.1125050056057384,-7.272225582184609,41.955054263529846,39.99999999999996,-0.03460552917747561,0.04167269640056808,0.007117467768863955,0.0,1.422857142857143,29.258708100955193,1.2486586930383548,0.12685425458607644,237430000.0,0.05480823649499516
2012-04-15,-0.09894986314681464,-6.410474621081989,46.92194860829376,66.66666666666664,0.05480823649499516,-0.03460552917747561,0.04167269640056808,0.007117467768863955,1.4307142857142858,27.32125852412214,1.2556855191775878,0.1277932364013567,287880000.0,-0.09798040836020366
2012-04-22,-0.09837019468871988,-6.429559427892238,40.40585201893132,20.000000000000014,-0.09798040836020366,0.05480823649499516,-0.03460552917747561,0.04167269640056808,1.43,25.85665063279303,1.262571808794036,0.13509371951554552,223590000.0,0.007326040092072881
2012-04-29,-0.09599728983193678,-6.323438857085291,41.03573089099168,20.689655172413808,0.007326040092072881,-0.09798040836020366,0.05480823649499516,-0.03460552917747561,1.422857142857143,24.98198984918945,1.2693203726181554,0.13258702526443514,279030000.0,-0.02963179760637123
2012-05-06,-0.09623507332212711,-6.397827081922116,39.248734170653606,6.896551724137936,-0.02963179760637123,0.007326040092072881,-0.09798040836020366,0.05480823649499516,1.4064285714285714,24.16980483584327,1.2759339651657924,0.12811652345983263,248090000.0,-0.007547205635382966
2012-05-13,-0.09612239573384751,-6.448828260672973,38.79390348683055,15.62500000000001,-0.007547205635382966,-0.02963179760637123,0.007326040092072881,-0.09798040836020366,1.4000000000000001,23.984134750749387,1.6,0.12967962892698742,211500000.0,0.007547205635382904
2012-05-20,-0.09414098285717443,-6.366690727459193,39.548330247761704,25.71428571428573,0.007547205635382904,-0.007547205635382966,-0.02963179760637123,0.007326040092072881,1.3964285714285711,24.07650516049231,1.5934000000000001,0.1268453697179169,224080000.0,-0.04616204176316249
2012-05-27,-0.09630208692408648,-6.581638758861195,36.630866126796086,8.571428571428577,-0.04616204176316249,0.007547205635382904,-0.007547205635382966,-0.02963179760637123,1.3871428571428572,23.462523254333068,1.5792640000000002,0.12707070045235141,176040000.0,-0.007905179507113261
2012-06-03,-0.09769552074375754,-6.7462675888582995,36.15218603258174,23.255813953488385,-0.007905179507113261,-0.04616204176316249,0.007547205635382904,-0.007547205635382966,1.3785714285714286,23.68707245642607,1.5656934400000002,0.12799422184861203,141590000.0,-0.048790164169432056
2012-06-10,-0.10246022791593545,-7.16624900050772,33.337277758918376,9.302325581395353,-0.048790164169432056,-0.007905179507113261,-0.04616204176316249,0.007547205635382904,1.3599999999999999,23.895582429798143,1.5413518336000003,0.1267089202879969,105320000.0,0.008298802814695064
2012-06-17,-0.10422790187800168,-7.373838296832498,34.2560730458941,11.627906976744192,0.008298802814695064,-0.048790164169432056,-0.007905179507113261,-0.04616204176316249,1.3464285714285715,24.17663987799708,1.5184707235840003,0.12408685455313999,129760000.0,-0.05959209720224566
2012-06-24,-0.11000909484682242,-7.8960069856729955,31.031843092627014,8.163265306122412,-0.05959209720224566,0.008298802814695064,-0.048790164169432056,-0.007905179507113261,1.3278571428571428,25.08532002859272,1.4969624801689603,0.12308065065648711,82660000.0,0.10008345855698263
2012-07-01,-0.10371220506630552,-7.497145462895843,41.24181794028388,32.65306122448978,0.10008345855698263,-0.05959209720224566,0.008298802814695064,-0.048790164169432056,1.317142857142857,24.395185098721658,1.4652054817554434,0.12857488989530946,107680000.0,0.03891541624967362
2012-07-08,-0.09360823495260906,-6.793434267637181,44.901862811552995,42.857142857142854,0.03891541624967362,0.10008345855698263,-0.05959209720224566,0.008298802814695064,1.3057142857142858,23.75434552098424,1.435989043215008,0.1279623977599302,157940000.0,0.015151805020602246
2012-07-15,-0.08302981694384282,-6.041289810533662,46.34165562772912,46.93877551020408,0.015151805020602246,0.03891541624967362,0.10008345855698263,-0.05959209720224566,1.2992857142857142,22.22497028994494,1.1,0.12953651220564946,257370000.0,0.036904556935450764
2012-07-22,-0.06980706987778551,-5.077656200704914,49.86859242441526,57.1428571428571,0.036904556935450764,0.015151805020602246,0.03891541624967362,0.10008345855698263,1.2907142857142857,21.383243629619525,1.1064,0.13385533276238878,438620000.0,-0.06744128079553253
2012-07-29,-0.06583133277614217,-4.810443717984098,44.23271896729462,49.99999999999999,-0.06744128079553253,0.036904556935450764,0.015151805020602246,0.03891541624967362,1.2857142857142858,20.601640302174495,1.1213440000000001,0.13143709470793244,301590000.0,0.015384918839479456
2012-08-05,-0.06037078282156516,-4.425444091862402,45.70129278920773,55.26315789473685,0.015384918839479456,-0.06744128079553253,0.036904556935450764,0.015151805020602246,1.2814285714285714,19.875865783832683,1.1356902400000002,0.12562015937165155,346070000.0,0.0
2012-08-12,-0.05540458803867376,-4.073382642958991,45.70129278920772,55.26315789473685,0.0,0.015384918839479456,-0.06744128079553253,0.036904556935450764,1.28,19.201932302515285,1.1494626304000002,0.11950443370224786,380120000.0,-0.007662872745569137
2012-08-19,-0.051680024171295136,-3.812039920571246,45.013904127326676,52.631578947368425,-0.007662872745569137,0.0,0.015384918839479456,-0.06744128079553253,1.2785714285714285,18.432174505618967,1.162684125184,0.11311125986637302,330610000.0,0.07410797215372183
2012-08-26,-0.040195764455584815,-2.9577755148843288,52.67892230345448,78.9473684210526,0.07410797215372183,-0.007662872745569137,0.0,0.015384918839479456,1.2835714285714288,19.048495541379896,1.17537676017664,0.1164604555902035,397450000.0,0.10178269430994238
2012-09-02,-0.01877424172156017,-1.367253417209236,61.37632927991006,100.0,0.10178269430994238,0.07410797215372183,-0.007662872745569137,0.0,1.3035714285714286,20.372380313591297,1.1875616897695744,0.12242756590518897,458810000.0,0.14396068892150835
2012-09-09,0.017368253203633444,1.2370424456900044,70.66617543664958,100.00000000000001,0.14396068892150835,0.10178269430994238,0.07410797215372183,-0.007662872745569137,1.3414285714285714,22.812556244708315,1.2093079883834,0.13368273976910403,591950000.0,-0.011236073266925842
2012-09-16,0.04389165232504011,3.066934848882565,69.17305321588526,94.36619718309859,-0.011236073266925842,0.14396068892150835,0.10178269430994238,0.07410797215372183,1.3821428571428573,25.155704079876017,1.255763349312728,0.1312768297855966,517730000.0,-0.00566573753567742
2012-09-23,0.06337418266431838,4.35416093617863,68.39490520591173,92.95774647887322,-0.00566573753567742,-0.011236073266925842,0.14396068892150835,0.10178269430994238,1.4214285714285715,27.190874566323828,1.3111870143814552,0.12904277051519683,467410000.0,0.06062462181643484
2012-09-30,0.08669098925304852,5.833101492794114,72.11136842736903,98.68421052631582,0.06062462181643484,-0.00566573753567742,-0.011236073266925842,0.14396068892150835,1.4735714285714285,29.406044773197838,1.3610683129433097,0.13125400119268277,543580000.0,0.22421249850311473
2012-10-07,0.14146408855472536,9.130040647296072,81.90320658815804,87.78625954198472,0.22421249850311473,0.06062462181643484,-0.00566573753567742,-0.011236073266925842,1.5507142857142855,32.80828142035803,1.4233401153901124,0.170450143964634,698060000.0,-0.09402894964827634
2012-10-14,0.16601322232607063,10.42508326240139,70.06597109670132,69.91869918699186,-0.09402894964827634,0.22421249850311473,0.06062462181643484,-0.00566573753567742,1.6092857142857144,35.96750116414963,1.5740724992354966,0.1811322765385887,581090000.0,0.02777956410707567
2012-10-21,0.18814131035403547,11.495133966646932,71.34045769172758,74.38016528925618,0.02777956410707567,-0.09402894964827634,0.22421249850311473,0.06062462181643484,1.6707142857142858,38.90106235481327,1.7037023493425272,0.18247997107154662,617130000.0,-0.02309571479464928
2012-10-28,0.1993454669531074,11.908437154155955,68.71488317780636,70.24793388429754,-0.02309571479464928,0.02777956410707567,-0.09402894964827634,0.22421249850311473,1.7249999999999999,40.57271788259034,1.8151840204345735,0.18301711599500758,554410000.0,-0.023641763057040653
2012-11-04,0.20186330512100592,11.840871740707598,66.09523312986023,66.11570247933884,-0.023641763057040653,-0.02309571479464928,0.02777956410707567,-0.09402894964827634,1.782142857142857,42.46264727353198,1.9110582575737332,0.1920873219953642,494800000.0,0.04216081082427812
2012-11-11,0.20871502100615702,11.995109482232634,68.42840222986246,73.55371900826448,0.04216081082427812,-0.023641763057040653,-0.02309571479464928,0.02777956410707567,1.8442857142857143,44.217581707977786,1.9935101015134105,0.18836679899569536,561720000.0,-0.018519047767237527
2012-11-18,0.20851377252864123,11.782898721646152,66.24642572407177,70.24793388429754,-0.018519047767237527,0.04216081082427812,-0.023641763057040653,-0.02309571479464928,1.9035714285714285,45.84716368282033,2.5,0.18491202763886,533180000.0,-0.028437935320533514
2012-11-25,0.2011935491057597,11.22343011686969,63.001246015300964,65.2892561983471,-0.028437935320533514,-0.018519047767237527,0.04216081082427812,-0.023641763057040653,1.9592857142857143,46.698426797986215,2.4912,0.1852754542360843,494260000.0,0.0
2012-12-02,0.19316552734588655,10.649134685122608,63.001246015300964,63.478260869565226,0.0,-0.028437935320533514,-0.018519047767237527,0.04216081082427812,2.007857142857143,47.488885404925966,2.471552,0.17847006464779258,542870000.0,0.10054122922187726
2012-12-09,0.2022243077067165,10.931545916782815,69.3798350708271,79.79797979797978,0.10054122922187726,0.0,-0.028437935320533514,-0.018519047767237527,2.0614285714285714,48.93852562922391,2.45268992,0.18786506003009312,604450000.0,-0.00435730536895559
2012-12-16,0.20621937143435587,10.954467459475449,68.79922697662718,73.75,-0.00435730536895559,0.10054122922187726,0.0,-0.028437935320533514,2.097142857142857,50.28462012321486,2.4345823232,0.18444612717080072,522590000.0,-0.013187004281953914
2012-12-23,0.2046061664182972,10.709696710086623,66.98808164026318,69.99999999999997,-0.013187004281953914,-0.00435730536895559,0.10054122922187726,0.0,2.132142857142857,51.53456501049216,2.417199030272,0.1762714038014578,509780000.0,0.1852670670237115
2012-12-30,0.2377057218453933,12.063582357166183,76.99039035557136,100.0,0.1852670670237115,-0.013187004281953914,-0.00435730536895559,0.10054122922187726,2.2007142857142856,53.38616687296412,2.0,0.19868058924421086,573150000.0,0.09798040836020361
2013-01-06,0.28326570718747224,13.840089930479277,80.80318602480104,83.09859154929576,0.09798040836020361,0.1852670670237115,-0.013187004281953914,-0.00435730536895559,2.2814285714285716,55.56585490736559,2.0144,0.22306054715533866,772430000.0,0.13976194237515882
2013-01-13,0.35163018906873145,16.34993375123452,85.08169868325449,89.50617283950618,0.13976194237515882,0.09798040836020361,0.1852670670237115,-0.013187004281953914,2.360714285714286,57.80104409608192,2.0634240000000004,0.25141336521567165,958830000.0,-0.017544309650909508
2013-01-20,0.39639859864443316,17.676987434620848,82.44328804741927,85.80246913580247,-0.017544309650909508,0.13976194237515882,0.09798040836020361,0.1852670670237115,2.450714285714286,59.87657691417565,2.1568185600000005,0.2563124105574094,887010000.0,-0.02994235661507834
2013-01-27,0.418978992486998,18.059038432652358,78.09647367568753,79.62962962962962,-0.02994235661507834,-0.017544309650909508,0.13976194237515882,0.09798040836020361,2.5292857142857144,60.642624350312474,2.2446094464000006,0.26800438123188014,792670000.0,0.0030349036951538896
2013-02-03,0.4326932156686425,18.084340520180824,78.22014116220944,80.2469135802469,0.0030349036951538896,-0.02994235661507834,-0.017544309650909508,0.13976194237515882,2.612142857142857,61.41027054473039,2.3271328796160007,0.263146925429603,952100000.0,-0.030771658666753545
2013-02-10,0.4305297926266989,17.55512741906597,73.73671556078784,74.07407407407408,-0.030771658666753545,0.0030349036951538896,-0.02994235661507834,-0.017544309650909508,2.6914285714285717,61.51810939933562,2.4047049068390405,0.2636364307560599,853630000.0,0.054724899689246466
2013-02-17,0.4382874549998004,17.384408693842502,76.3629954023159,85.18518518518518,0.054724899689246466,-0.030771658666753545,0.0030349036951538896,-0.02994235661507834,2.7771428571428567,60.96853540381407,2.477622612428698,0.26909097141634136,965030000.0,-0.06099451270284191
2013-02-24,0.4234162508191841,16.475622432346753,68.20219948098679,72.8395061728395,-0.06099451270284191,0.054724899689246466,-0.030771658666753545,0.0030349036951538896,2.851428571428571,59.54925834608137,2.5461652556829764,0.2805844734580312,909710000.0,0.009389740349838917
2013-03-03,0.40933292844611824,15.639112796503099,68.7418208998588,74.53416149068322,0.009389740349838917,-0.06099451270284191,0.054724899689246466,-0.030771658666753545,2.932142857142857,58.23135822104386,2.6105953403419977,0.27411415392531474,979290000.0,-0.015698909543103642
2013-03-10,0.38964561971,14.661771081893752,66.70985902610613,69.93464052287582,-0.015698909543103642,0.009389740349838917,-0.06099451270284191,0.054724899689246466,3.0092857142857143,57.00759381922332,2.671159619921478,0.2623917143592209,897980000.0,0.0
2013-03-17,0.3697806841508191,13.722113386419316,66.70985902610613,68.4931506849315,0.0,-0.015698909543103642,0.009389740349838917,-0.06099451270284191,3.0707142857142857,55.471233452876774,2.728090042726189,0.258649449047848,958530000.0,-0.03871451218069039
2013-03-24,0.34043031373663624,12.514204129922387,61.63846940762597,58.273381294964025,-0.03871451218069039,0.0,-0.015698909543103642,0.009389740349838917,3.1242857142857146,53.58490972489769,2.7816046401626178,0.2516030598301446,912640000.0,0.009820046180975294
2013-03-31,0.31594862393935186,11.504724125796937,62.407880527595324,60.43165467625898,0.009820046180975294,-0.03871451218069039,0.0,-0.015698909543103642,3.182142857142857,52.64229697394854,2.831908361752861,0.2643456984137057,971070000.0,-0.036488293263136795
2013-04-07,0.28439232995071784,10.296293832451873,57.827973919035415,37.142857142857146,-0.036488293263136795,0.009820046180975294,-0.03871451218069039,0.0,3.1992857142857143,49.628092522656985,3.62,0.2868924342412981,887710000.0,-0.017036187152567852
2013-04-14,0.25243919557271965,9.103333921062816,55.822627238297514,32.3809523809524,-0.017036187152567852,-0.036488293263136795,0.009820046180975294,-0.03871451218069039,3.192857142857143,47.29444794770221,3.599,0.2999715460812054,815370000.0,-0.03141619623337904
2013-04-21,0.217348401452377,7.828088187130511,52.3065018669961,26.595744680851066,-0.03141619623337904,-0.017036187152567852,-0.036488293263136795,0.009820046180975294,3.1478571428571427,44.727005440357495,3.5784200000000004,0.2928307213611193,781260000.0,0.09143420595963185
2013-04-28,0.20891717071475968,7.462019483437782,60.37093497313734,56.52173913043476,0.09143420595963185,-0.03141619623337904,-0.017036187152567852,-0.036488293263136795,3.126428571428572,42.87526332075408,3.5582516,0.2926285269781822,831650000.0,-0.06346035391722568
2013-05-05,0.184773987991957,6.5822228726157075,53.51362813391124,35.8695652173913,-0.06346035391722568,0.09143420595963185,-0.03141619623337904,-0.017036187152567852,3.0985714285714283,40.57435858365965,3.538486568,0.30172648933688345,766980000.0,0.05696682460667745
2013-05-12,0.17731395608102085,6.272967209924868,58.09952830949243,55.555555555555536,0.05696682460667745,-0.06346035391722568,0.09143420595963185,-0.03141619623337904,3.082142857142857,38.99935572343198,3.5191168366400003,0.29946031152710606,880100000.0,0.012945164592036986
2013-05-19,0.1726394130615576,6.062573231004339,59.12138701679897,62.068965517241374,0.012945164592036986,0.05696682460667745,-0.06346035391722568,0.09143420595963185,3.075714285714285,37.663794160220775,3.5001344999072,0.2852131464180271,994770000.0,-0.00969312920565957
2013-05-26,0.16461645869518016,5.746098255182948,57.979321513818306,60.714285714285715,-0.00969312920565957,0.012945164592036986,0.05696682460667745,-0.06346035391722568,3.0542857142857147,36.226411992242724,3.481531809909056,0.273412207388168,959440000.0,0.01929320293467885
2013-06-02,0.16124102198425483,5.58851505712273,59.65781809718771,67.85714285714286,0.01929320293467885,-0.00969312920565957,0.012945164592036986,0.05696682460667745,3.051428571428571,35.10226297961276,3.463301173710875,0.2681684782890132,1038840000.0,-0.00638979809877101
2013-06-09,0.1551635029431111,5.345650412915912,58.81447354522271,65.47619047619048,-0.00638979809877101,0.01929320293467885,-0.00969312920565957,0.012945164592036986,3.0450000000000004,34.61699732454713,3.4454351502366576,0.2825850155540837,849930000.0,0.012739025777429712
2013-06-16,0.1518245520938608,5.196484770693417,60.03141892934186,70.23809523809524,0.012739025777429712,-0.00638979809877101,0.01929320293467885,-0.00969312920565957,3.0449999999999995,34.166393501986185,3.4279264472319246,0.2724003715859349,916490000.0,-0.055298640196225636
2013-06-23,0.13391711707414755,4.5756428004515275,52.88001006345424,50.00000000000002,-0.055298640196225636,0.012739025777429712,-0.00638979809877101,0.01929320293467885,3.032857142857143,31.808685962970127,3.410767918287286,0.2908003450440824,840490000.0,0.03934933878854768
2013-06-30,0.1279336039723873,4.351018749854953,56.792796681552716,64.28571428571426,0.03934933878854768,-0.055298640196225636,0.012739025777429712,-0.00638979809877101,3.037857142857143,29.659379113269015,3.3939525599215403,0.285028891826648,893460000.0,-0.02606010666986507
2013-07-07,0.11540596716647977,3.916105973242032,53.59744622654445,57.49999999999998,-0.02606010666986507,0.03934933878854768,-0.055298640196225636,0.012739025777429712,3.035,27.748212611701682,3.3774735087231096,0.273955399553316,859350000.0,0.02283949196982295
2013-07-14,0.1098597449719203,3.7136185847212504,55.93372323858559,63.51351351351352,0.02283949196982295,-0.02606010666986507,0.03934933878854768,-0.055298640196225636,3.0450000000000004,25.97355800310344,3.3613240385486476,0.25938715672807916,883680000.0,-0.032789822822990956
2013-07-21,0.09628524330983623,3.2513606389126806,51.91264731792725,50.00000000000001,-0.032789822822990956,0.02283949196982295,-0.02606010666986507,0.03934933878854768,3.051428571428571,24.928935217420467,3.3454975577776747,0.26228807410464494,824700000.0,-0.0033389012655145986
2013-07-28,0.08375496145709382,2.8262149916220345,51.51382721240063,48.648648648648674,-0.0033389012655145986,-0.032789822822990956,0.02283949196982295,-0.02606010666986507,3.0635714285714286,23.95892834500056,3.329987606622121,0.25212464024002745,780560000.0,-0.03056265041016681
2013-08-04,0.06580382939061957,2.224004776915593,47.943861305263454,36.48648648648648,-0.03056265041016681,-0.0033389012655145986,-0.032789822822990956,0.02283949196982295,3.0500000000000003,23.622180289805094,3.3147878544896785,0.24768716593716839,726280000.0,-0.017391742711869107
2013-08-11,0.047001046952320547,1.592856403315796,46.035142628677384,29.72972972972975,-0.017391742711869107,-0.03056265041016681,-0.0033389012655145986,-0.032789822822990956,3.0464285714285717,23.348735458119428,3.299892097399885,0.23785236837022777,687120000.0,-0.007042282625412923
2013-08-18,0.030138456187815077,1.0244916909189616,45.258970119493185,33.33333333333333,-0.007042282625412923,-0.017391742711869107,-0.03056265041016681,-0.0033389012655145986,3.0292857142857144,23.921127969112394,3.285294255451887,0.24157719920092577,648320000.0,-0.021429391455899165
2013-08-25,0.011797241700663541,0.40276401687463464,42.920971526557935,25.92592592592592,-0.021429391455899165,-0.007042282625412923,-0.017391742711869107,-0.03056265041016681,3.005,24.452635300748717,3.2562824852338115,0.24289311354371682,612970000.0,-0.025595547188963653
2013-09-01,-0.00829114277446319,-0.2847133127878584,40.30501717217395,17.283950617283963,-0.025595547188963653,-0.021429391455899165,-0.007042282625412923,-0.017391742711869107,2.9778571428571428,24.946177822982445,3.228431185824459,0.23840074829059416,576180000.0,-0.07696104113612844
2013-09-08,-0.03988983553674785,-1.3843061372506027,33.940129395801975,0.0,-0.07696104113612844,-0.025595547188963653,-0.021429391455899165,-0.007042282625412923,2.9321428571428574,25.760569117845904,3.2016939383914806,0.23637212341269456,541490000.0,0.003992021269537457
2013-09-15,-0.06339434028740687,-2.221204814402916,34.49711854261973,22.352941176470576,0.003992021269537457,-0.07696104113612844,-0.025595547188963653,-0.021429391455899165,2.8885714285714283,27.07793304378431,3.159592302087992,0.2380598288832164,614940000.0,0.023623145763435893
2013-09-22,-0.07630078315145727,-2.6932751167760887,37.88140098081008,30.48780487804877,0.023623145763435893,0.003992021269537457,-0.07696104113612844,-0.025595547188963653,2.8464285714285715,28.301199546441403,3.0924249179209524,0.2274841268201295,648480000.0,0.04191089561563695
2013-09-29,-0.07676821521700683,-2.7206592603569217,43.63142152359349,43.90243902439026,0.04191089561563695,0.023623145763435893,0.003992021269537457,-0.07696104113612844,2.8242857142857143,28.608562993556543,3.030630924487276,0.22409240347583453,671240000.0,0.02941388520629319
2013-10-06,-0.06987781908355428,-2.4804804068918784,47.44181715459728,53.65853658536582,0.02941388520629319,0.04191089561563695,0.023623145763435893,0.003992021269537457,2.799285714285714,27.77565822507946,2.973780450528294,0.22237151751327494,711850000.0,0.017953803616595845
2013-10-13,-0.05969442816323012,-2.119392708380761,49.729072174151135,62.820512820512825,0.017953803616595845,0.02941388520629319,0.04191089561563695,0.023623145763435893,2.7835714285714284,26.420935310982976,2.32,0.22005926626232677,755340000.0,-0.03623584845404486
2013-10-20,-0.059012917577070834,-2.10108572897127,45.467319177120125,50.0,-0.03623584845404486,0.017953803616595845,0.02941388520629319,0.04191089561563695,2.755714285714286,25.443263247014283,2.3326,0.21862646152930343,725350000.0,-0.011131840368844181
2013-10-27,-0.06019962104857468,-2.1506359222134246,44.24235855490865,48.648648648648674,-0.011131840368844181,-0.03623584845404486,0.017953803616595845,0.02941388520629319,2.7328571428571427,25.510170004715224,2.3449479999999996,0.22658171427721033,678000000.0,-0.03802739558923925
2013-11-03,-0.0684205468903678,-2.4585876567026226,40.34086073392496,38.80597014925374,-0.03802739558923925,-0.011131840368844181,-0.03623584845404486,0.017953803616595845,2.7035714285714283,25.572297708294673,2.3570490399999997,0.22396873468598105,646170000.0,-0.03149866705937105
2013-11-10,-0.08046348825484495,-2.9132710389891847,37.49239529001831,28.57142857142858,-0.03149866705937105,-0.03802739558923925,-0.011131840368844181,-0.03623584845404486,2.675,25.746556853039174,2.3689080592,0.21654239649412527,618190000.0,0.10616019582839052
2013-11-17,-0.06664569601043446,-2.411815689891859,50.63156405747572,73.01587301587298,0.10616019582839052,-0.03149866705937105,-0.03802739558923925,-0.011131840368844181,2.6699999999999995,24.762755553334166,2.380529898016,0.22464651103025915,651640000.0,-0.040372455290387514
2013-11-24,-0.06383522406953768,-2.3159007244825385,46.496566519735445,55.555555555555536,-0.040372455290387514,0.10616019582839052,-0.03149866705937105,-0.03802739558923925,2.6585714285714284,23.849225775036665,2.39191930005568,0.22717176024238347,630960000.0,-0.04598511324182338
2013-12-01,-0.07047846999539331,-2.571174170375502,42.425962476035394,36.50793650793649,-0.04598511324182338,-0.040372455290387514,0.10616019582839052,-0.03149866705937105,2.642857142857143,23.000948123760406,2.4030809140545664,0.21951663451078465,597680000.0,-0.04000533461369902
2013-12-08,-0.08285732683194258,-3.04674323066138,39.33548276033519,20.63492063492068,-0.04000533461369902,-0.04598511324182338,-0.040372455290387514,0.10616019582839052,2.625,22.89549197754642,2.95,0.21383687490287143,561500000.0,0.0
2013-12-15,-0.09161161834967269,-3.393561064744884,39.33548276033519,20.63492063492068,0.0,-0.04000533461369902,-0.04598511324182338,-0.040372455290387514,2.6214285714285714,22.843966210491516,2.9392,0.20713424098123775,620650000.0,0.059423420470800806
2013-12-22,-0.08546057474277013,-3.1743814527903114,46.15843727869773,36.36363636363638,0.059423420470800806,0.0,-0.04000533461369902,-0.04598511324182338,2.6278571428571427,22.215220918971564,2.9176320000000002,0.2030532237682922,638580000.0,0.052446475372542524
2013-12-29,-0.06849938018188872,-2.5410259269985835,51.62687573051201,61.81818181818184,0.052446475372542524,0.059423420470800806,0.0,-0.04000533461369902,2.64,20.96685421246192,2.89692672,0.20426370778484276,661010000.0,-0.04097407421030579
2014-01-05,-0.0632050040423735,-2.348870703161012,47.54118917496229,41.8181818181818,-0.04097407421030579,0.052446475372542524,0.059423420470800806,0.0,2.6364285714285716,19.740125498612493,2.8770496512,0.21038772865735397,633440000.0,-0.034819765159227925
2014-01-12,-0.06551619078158577,-2.444914644807492,44.44220533993246,25.454545454545464,-0.034819765159227925,-0.04097407421030579,0.052446475372542524,0.059423420470800806,2.620714285714286,18.70889327136822,2.857967665152,0.21036003375325724,592590000.0,-0.003944778291016452
2014-01-19,-0.06737804716379969,-2.5248424414164727,44.09824155747964,25.99999999999998,-0.003944778291016452,-0.034819765159227925,-0.04097407421030579,0.052446475372542524,2.600714285714286,17.751320488927107,2.83964895854592,0.20176288848516746,537940000.0,-0.04445176257083381
2014-01-26,-0.07684385433318397,-2.899561379476896,40.39468712787199,21.568627450980376,-0.04445176257083381,-0.003944778291016452,-0.034819765159227925,-0.04097407421030579,2.5799999999999996,17.90391882834751,2.822063000204083,0.21163696787908406,509650000.0,-0.02087758502155514
2014-02-02,-0.08737297557035717,-3.3228812548908295,38.79959188565887,13.461538461538515,-0.02087758502155514,-0.04445176257083381,-0.003944778291016452,-0.034819765159227925,2.557857142857143,18.092682866705026,2.791339220191838,0.2050914701734352,471970000.0,-0.13052206143381329
2014-02-09,-0.11776048678956341,-4.548958107551445,31.1231694633656,0.0,-0.13052206143381329,-0.02087758502155514,-0.04445176257083381,-0.003944778291016452,2.5221428571428572,19.193522933446992,2.752032082576491,0.211156365161047,452000000.0,0.0047961722634930135
2014-02-16,-0.1394286453027349,-5.463950258611699,31.625526383539338,20.652173913043473,0.0047961722634930135,-0.13052206143381329,-0.02087758502155514,-0.04445176257083381,2.4928571428571433,20.812501732314754,2.6848288743188418,0.2232166247924008,568730000.0,0.08261576551659168
2014-02-23,-0.14045721798054478,-5.5496538990340865,40.0950525651064,40.21739130434784,0.08261576551659168,0.0047961722634930135,-0.13052206143381329,-0.02087758502155514,2.4564285714285714,21.54195988327199,2.5906494094005805,0.2287011515929436,603820000.0,0.008771986072837041
2014-03-02,-0.1380669861129542,-5.493951139043427,40.96999625560199,42.39130434782611,0.008771986072837041,0.08261576551659168,0.0047961722634930135,-0.13052206143381329,2.4292857142857143,22.149855231488043,2.5077714802725106,0.2287939264791619,630110000.0,-0.04922694076515052
2014-03-09,-0.14339581315557703,-5.762569358463319,37.70789751099478,30.43478260869568,-0.04922694076515052,0.008771986072837041,0.08261576551659168,0.0047961722634930135,2.402857142857143,22.714329483402953,2.434838902639809,0.22459436030207894,614630000.0,-0.013857034661426354
2014-03-16,-0.14832984217010425,-6.021507691730341,36.84623431902395,27.17391304347826,-0.013857034661426354,-0.04922694076515052,0.008771986072837041,0.08261576551659168,2.3814285714285712,24.003329655391322,2.3706582343230322,0.22426619170907333,562880000.0,0.04100802372737725
2014-03-23,-0.14332567866672674,-5.8577008644385815,41.18809988372321,36.956521739130466,0.04100802372737725,-0.013857034661426354,-0.04922694076515052,0.008771986072837041,2.3664285714285715,23.895227580504706,1.9,0.22681860658699665,588800000.0,-0.13864649329129317
2014-03-30,-0.16090559981175323,-6.676604818787387,33.25453803238872,5.434782608695658,-0.13864649329129317,0.04100802372737725,-0.013857034661426354,-0.04922694076515052,2.32,24.377916211979528,1.9087999999999998,0.2341887061164969,468830000.0,0.09763846956391607
2014-04-06,-0.15689094430074313,-6.562462676728721,41.607999777532754,28.089887640449433,0.09763846956391607,-0.13864649329129317,0.04100802372737725,-0.013857034661426354,2.277857142857143,24.826127084063295,1.9174239999999998,0.23674665567960426,524820000.0,-0.08743429938967426
2014-04-13,-0.16631660229866085,-7.048605823146804,37.10682632142791,8.860759493670894,-0.08743429938967426,0.09763846956391607,-0.13864649329129317,0.04100802372737725,2.230714285714286,25.242322893855363,1.92,0.23269332313106109,482040000.0,-0.010204170174241736
2014-04-20,-0.17340147278365414,-7.444586602043077,36.632628918326226,7.89473684210527,-0.010204170174241736,-0.08743429938967426,0.09763846956391607,-0.13864649329129317,2.1885714285714286,25.93445963379265,2.34,0.22678665719312813,430110000.0,-0.025975486403260677
2014-04-27,-0.18096481606638504,-7.876822271345846,35.414180229477665,1.3157894736842117,-0.025975486403260677,-0.010204170174241736,-0.08743429938967426,0.09763846956391607,2.1435714285714287,26.577158035162988,2.331,0.21558761025076187,419720000.0,0.0
2014-05-04,-0.18482823526434977,-8.14941207649174,35.414180229477665,8.771929824561374,0.0,-0.025975486403260677,-0.010204170174241736,-0.08743429938967426,2.1064285714285713,27.372940805034176,2.32218,0.20733135237570746,454730000.0,0.07598590697792205
2014-05-11,-0.1737830140061809,-7.7173545611190315,42.113173214478074,36.363636363636324,0.07598590697792205,0.0,-0.025975486403260677,-0.010204170174241736,2.0835714285714286,26.987100018539234,2.3032928,0.20609339863458548,521260000.0,0.014528100562909808
2014-05-18,-0.16075575502606387,-7.179424532141801,43.37811730764062,41.818181818181834,0.014528100562909808,0.07598590697792205,0.0,-0.025975486403260677,2.0835714285714286,26.552858765725627,2.2851610879999997,0.1992295844464008,583830000.0,0.009569451016150672
2014-05-25,-0.14712179707838136,-6.600904909442675,44.252715806154654,45.45454545454547,0.009569451016150672,0.014528100562909808,0.07598590697792205,0.0,2.084285714285714,25.762364140952915,2.2677546444799996,0.19428461412880074,621560000.0,-0.019231361927887644
2014-06-01,-0.13795420270822145,-6.224505251870576,42.82787727724367,38.18181818181819,-0.019231361927887644,0.009569451016150672,0.014528100562909808,0.07598590697792205,2.0692857142857144,25.14273315307989,2.2510444587008,0.18969285597674354,590600000.0,0.004842624475787991
2014-06-08,-0.1284017660625607,-5.821967605968015,43.31922191085874,44.89795918367344,0.004842624475787991,-0.019231361927887644,0.009569451016150672,0.014528100562909808,2.0535714285714284,24.567361521483512,2.235002680352768,0.18185765197840473,608940000.0,0.0
2014-06-15,-0.11945439528818191,-5.441034255719486,43.31922191085874,44.89795918367344,0.0,0.004842624475787991,-0.019231361927887644,0.009569451016150672,2.045714285714286,24.033087863572586,2.2196025731386575,0.17386781969423296,652920000.0,-0.014598799421152636
2014-06-22,-0.1134762057038321,-5.195983202334086,42.06152066493386,38.775510204081634,-0.014598799421152636,0.0,0.004842624475787991,-0.019231361927887644,2.037857142857143,23.250228563097142,2.204818470213111,0.1685915468589306,600510000.0,-0.019802627296179754
2014-06-29,-0.11069014599297278,-5.100228248729438,40.378198646911464,37.499999999999986,-0.019802627296179754,-0.014598799421152636,0.0,0.004842624475787991,2.0207142857142855,21.96786811974525,2.1906257314045865,0.16797786494043557,452610000.0,0.0
2014-07-06,-0.10724590951303448,-4.970419569258168,40.378198646911464,40.540540540540505,0.0,-0.019802627296179754,-0.014598799421152636,0.0,2.024285714285714,21.018644649767307,2.177000702148403,0.16026516030183302,604930000.0,-0.030459207484708574
2014-07-13,-0.1081115828177781,-5.048266506588211,37.74999078557817,29.03225806451608,-0.030459207484708574,0.0,-0.019802627296179754,-0.014598799421152636,2.0092857142857143,20.674306714287457,2.163920674062467,0.15596050599455924,397860000.0,0.020408871631207033
2014-07-20,-0.1043668928677306,-4.900794602264206,40.52913112239904,41.9354838709677,0.020408871631207033,-0.030459207484708574,0.0,-0.019802627296179754,2.0100000000000002,19.768301241678962,2.1513638470999683,0.15482046985209075,472020000.0,0.015037877364540502
2014-07-27,-0.0978504902815942,-4.61399464642422,42.59897068910291,51.61290322580634,0.015037877364540502,0.020408871631207033,-0.030459207484708574,0.0,2.014285714285714,18.830440787238697,2.1393092932159696,0.1501904362912271,516400000.0,0.004962789342129097
2014-08-03,-0.09083222055990214,-4.2981814598446295,43.30728027850645,54.838709677419324,0.004962789342129097,0.015037877364540502,0.020408871631207033,-0.030459207484708574,2.0228571428571427,17.959570365258447,2.127736921487331,0.14446254798471087,564830000.0,0.004938281640582577
2014-08-10,-0.08350073037270844,-3.962821973110427,44.05078228222722,49.999999999999915,0.004938281640582577,0.004962789342129097,0.015037877364540502,0.020408871631207033,2.032142857142857,16.995273083507776,1.85,0.1448580802715172,605500000.0,-0.03509131981127006
2014-08-17,-0.08238915566339511,-3.9303935875115026,40.087570241741744,23.076923076923077,-0.03509131981127006,0.004938281640582577,0.004962789342129097,0.015037877364540502,2.025714285714286,15.896495904253692,1.8556000000000001,0.14093964596640882,554020000.0,0.010152371464017908
2014-08-24,-0.0789839144448341,-3.7834822800788412,41.70143879382803,30.76923076923077,0.010152371464017908,-0.03509131981127006,0.004938281640582577,0.004962789342129097,2.0185714285714287,14.876202809232042,1.861088,0.13444395696880818,561630000.0,-0.010152371464017962
2014-08-31,-0.07701133041952479,-3.7057697924264033,40.5258168420753,23.076923076923077,-0.010152371464017962,0.010152371464017908,-0.03509131981127006,0.004938281640582577,2.0085714285714285,14.026997440415956,1.86646624,0.12841224575675045,336730000.0,0.02020270731751947
2014-09-07,-0.07139735341485753,-3.4452229499765403,43.9303618495005,38.46153846153846,0.02020270731751947,-0.010152371464017962,0.010152371464017908,-0.03509131981127006,2.0042857142857144,13.120823566305647,1.8717369152,0.12281137105983968,374120000.0,-0.025317807984289897
2014-09-14,-0.07017389731815427,-3.4010607411527465,40.7873180059036,19.23076923076923,-0.025317807984289897,0.02020270731751947,-0.010152371464017962,0.010152371464017908,1.9957142857142858,12.513997832878294,1.8769021768960001,0.1176105588412797,342630000.0,0.01526747213078838
2014-09-21,-0.06602248416753875,-3.2094549763638853,43.403748834804766,30.76923076923077,0.01526747213078838,-0.025317807984289897,0.02020270731751947,-0.010152371464017962,1.9892857142857143,11.950516794695753,1.88196413335808,0.11206694749547401,373310000.0,0.03474294844387284
2014-09-28,-0.05643351393081675,-2.7440242744234773,49.05983880069245,57.69230769230761,0.03474294844387284,0.01526747213078838,-0.025317807984289897,0.02020270731751947,1.99,11.87282457090383,1.8869248506909184,0.11263359410294016,412730000.0,0.0
2014-10-05,-0.048277670994002264,-2.3480122977277196,49.05983880069244,65.2173913043478,0.0,0.03474294844387284,0.01526747213078838,-0.025317807984289897,1.9935714285714285,12.121951115364372,1.8917863536771,0.11458833738130157,447580000.0,-0.05515182007507998
2014-10-12,-0.05011252144528466,-2.447489032014074,41.501056931796704,29.629629629629598,-0.05515182007507998,0.0,0.03474294844387284,0.01526747213078838,1.989285714285714,11.527948132570762,2.13,0.11997488471120858,294630000.0,0.005141399500418652
2014-10-19,-0.05018127867696953,-2.459523328976122,42.37034499036916,33.33333333333331,0.005141399500418652,-0.05515182007507998,0.0,0.03474294844387284,1.99,10.777658259909506,2.1246,0.1171195358032651,317640000.0,0.0
2014-10-26,-0.04966328187926461,-2.442139852370752,42.37034499036916,33.33333333333331,0.0,0.005141399500418652,-0.05515182007507998,0.0,1.9878571428571428,10.69003418768766,2.119308,0.117325283245889,404300000.0,-0.1670540846631662
2014-11-02,-0.07262310453770926,-3.6217705430455167,27.93000696059245,4.0000000000000036,-0.1670540846631662,0.0,0.005141399500418652,-0.05515182007507998,1.9621428571428574,12.409626690673823,2.11412184,0.13180204872832552,349160000.0,0.0758380763915046
2014-11-09,-0.07941358548620325,-3.9936383061936978,37.819545604695065,30.00000000000003,0.0758380763915046,-0.1670540846631662,0.0,0.005141399500418652,1.9449999999999998,14.006391157732406,2.0947569664000003,0.1338161881048737,364400000.0,-0.04598511324182338
2014-11-16,-0.09021053112406974,-4.585891872468493,34.66694841543895,22.641509433962252,-0.04598511324182338,0.0758380763915046,-0.1670540846631662,0.0,1.9214285714285713,15.890620563907635,2.076166687744,0.13854360324023987,350450000.0,-0.060624621816434736
2014-11-23,-0.10561884430332014,-5.444447896958725,31.169316141092565,8.92857142857144,-0.060624621816434736,-0.04598511324182338,0.0758380763915046,-0.1670540846631662,1.8957142857142857,17.80313296536258,2.04639668647936,0.13936191729450845,305850000.0,-0.03822121282019774
2014-11-30,-0.12127357577648423,-6.348365581497589,29.261687496250318,3.38983050847458,-0.03822121282019774,-0.060624621816434736,-0.04598511324182338,0.0758380763915046,1.864285714285714,19.74105414946587,2.0066849515610112,0.13512178034490072,269530000.0,-0.026317308317373417
2014-12-07,-0.13534752692182384,-7.199649346875052,28.030047403410578,7.575757575757583,-0.026317308317373417,-0.03822121282019774,-0.060624621816434736,-0.04598511324182338,1.8314285714285712,21.896208970462624,1.95801645640491,0.13618451032026496,235270000.0,0.03278982282299097
2014-12-14,-0.14084310087419172,-7.590656143949119,31.889226709307223,17.64705882352943,0.03278982282299097,-0.026317308317373417,-0.03822121282019774,-0.060624621816434736,1.7992857142857142,23.994267392700127,1.8970544816363208,0.1357427595831032,311560000.0,0.03174869831458027
2014-12-21,-0.1395550964109562,-7.598741095221924,35.60768134534882,25.000000000000025,0.03174869831458027,0.03278982282299097,-0.026317308317373417,-0.03822121282019774,1.7742857142857142,25.07352169316323,1.8316668542072359,0.1346182767557387,320540000.0,0.01242251999855711
2014-12-28,-0.13536016304049037,-7.435270362088831,37.0872330192809,27.941176470588264,0.01242251999855711,0.03174869831458027,0.03278982282299097,-0.026317308317373417,1.7485714285714287,25.163868821616127,1.7754334946182229,0.13214554270175735,380340000.0,-0.07696104113612844
2015-01-04,-0.14010361794351,-7.797515554762683,32.292795625920704,10.294117647058833,-0.07696104113612844,0.01242251999855711,0.03174869831458027,0.03278982282299097,1.7092857142857143,25.84094779157316,1.7270728053716717,0.13484943250877468,357780000.0,-0.11279549414534427
2015-01-11,-0.1549869103268613,-8.79140113774409,27.236937160266947,5.555555555555561,-0.11279549414534427,-0.07696104113612844,0.01242251999855711,0.03174869831458027,1.6585714285714288,27.461583932824933,1.6854826126196376,0.14093161590100506,328470000.0,0.0
2015-01-18,-0.16488137689128934,-9.521860499988902,27.236937160266947,5.555555555555561,0.0,-0.11279549414534427,-0.07696104113612844,0.01242251999855711,1.6157142857142859,28.966460349701578,1.6238053946004956,0.13586507190807612,376420000.0,-0.06952606264861033
2015-01-25,-0.17793394896437342,-10.491796177875813,24.712851883915334,0.0,-0.06952606264861033,0.0,-0.11279549414534427,-0.07696104113612844,1.5657142857142858,30.616924306019456,1.5719965314644162,0.13258899534321353,109360000.0,0.015873349156290163
2015-02-01,-0.18453714419013,-11.087417804802662,26.346326303255893,3.0303030303030334,0.015873349156290163,-0.06952606264861033,0.0,-0.11279549414534427,1.5171428571428573,32.149497979743195,1.5140371558008212,0.128832638532984,155090000.0,-0.01587334915629012
2015-02-08,-0.18920304194033677,-11.581342377985084,25.74478501132714,15.151515151515161,-0.01587334915629012,0.015873349156290163,-0.06952606264861033,0.0,1.4885714285714287,33.974620757752085,1.4665104677566734,0.128201735780628,131870000.0,-0.04919024419077178
2015-02-15,-0.1954888246000106,-12.211773524315765,23.976178273895854,9.230769230769237,-0.04919024419077178,-0.01587334915629012,0.015873349156290163,-0.06952606264861033,1.4464285714285714,35.74391256575503,1.4032083742053387,0.12761589751058314,61820000.0,0.07290677080808794
2015-02-22,-0.19100630304163557,-12.111559174655728,31.570064383071156,26.315789473684234,0.07290677080808794,-0.04919024419077178,-0.01587334915629012,0.015873349156290163,1.4164285714285714,36.42217624558264,1.3485666993642709,0.12707190483125577,128160000.0,0.08244366921107459
2015-03-01,-0.17654271717063907,-11.293661497610263,39.52157613454338,46.42857142857142,0.08244366921107459,0.07290677080808794,-0.04919024419077178,-0.01587334915629012,1.4014285714285715,35.958734852684124,1.13,0.12728105448616606,200570000.0,0.08280590368423268
2015-03-08,-0.1536263155090818,-9.85250865278662,46.78602276492546,67.85714285714288,0.08280590368423268,0.08244366921107459,0.07290677080808794,-0.04919024419077178,1.3992857142857145,33.73457413465382,1.1352,0.13176097916572563,282120000.0,-0.15746743245325218
2015-03-15,-0.15147100007043646,-9.840152009561919,37.81749846591837,28.571428571428594,-0.15746743245325218,0.08280590368423268,0.08244366921107459,0.07290677080808794,1.3842857142857146,32.51680256528834,1.152992,0.1380637663681738,266760000.0,0.1508228897345837
2015-03-22,-0.13130406062340172,-8.546197060008927,48.053738397093845,66.07142857142858,0.1508228897345837,-0.15746743245325218,0.08280590368423268,0.08244366921107459,1.3807142857142858,30.8241237367959,1.17007232,0.14820206877044712,301660000.0,0.3220834991691132
2015-03-29,-0.06853732389853495,-4.349010737173954,64.92926620224213,100.0,0.3220834991691132,0.1508228897345837,-0.15746743245325218,0.08280590368423268,1.4142857142857144,30.64679942893937,1.1864694272,0.1783304924297009,474480000.0,-0.024451095864164194
2015-04-05,-0.02256865753120607,-1.4028053249361436,62.99598179834813,78.0701754385965,-0.024451095864164194,0.3220834991691132,0.1508228897345837,-0.15746743245325218,1.4428571428571428,31.138529863730803,1.239481261568,0.19344974297043654,331450000.0,0.0530244683082204
2015-04-12,0.02247880081962106,1.3644777604486273,65.43439226581617,87.71929824561403,0.0530244683082204,-0.024451095864164194,0.3220834991691132,0.1508228897345837,1.4878571428571428,31.595136696037123,1.3219227606425599,0.19106047561540537,458780000.0,-0.11426809354893898
2015-04-19,0.0391686465267409,2.3508646821349126,56.97969803554988,67.5438596491228,-0.11426809354893898,0.0530244683082204,-0.024451095864164194,0.3220834991691132,1.5278571428571426,30.326169522429016,1.397768939791155,0.2009847273571621,379030000.0,-0.02127739844728485
2015-04-26,0.04860748693514805,2.89244535705237,55.633390733778725,64.03508771929825,-0.02127739844728485,-0.11426809354893898,0.0530244683082204,-0.024451095864164194,1.565,29.147842861221484,1.4675474246078626,0.19448581826022196,339120000.0,0.03174869831458027
2015-05-03,0.06023498313050801,3.5469086764024107,57.26452074711984,69.29824561403508,0.03174869831458027,-0.02127739844728485,-0.11426809354893898,0.0530244683082204,1.6128571428571428,28.05368239010021,1.5317436306392336,0.18702254552734895,369810000.0,-0.015748356968139168
2015-05-10,0.06626524387467336,3.869631114734842,56.152893538980805,66.66666666666666,-0.015748356968139168,0.03174869831458027,-0.02127739844728485,-0.11426809354893898,1.657142857142857,26.736731164336057,1.5908041401880948,0.182235220846824,352430000.0,0.005277057100843819
2015-05-17,0.07103236845913696,4.114630490307518,56.45632599765856,67.5438596491228,0.005277057100843819,-0.015748356968139168,0.03174869831458027,-0.02127739844728485,1.7035714285714285,25.615168222151347,1.6451398089730471,0.17421841935776514,385610000.0,0.015666116744399456
2015-05-24,0.07635097184059281,4.38440201976911,57.40857216843401,68.80733944954127,0.015666116744399456,0.005277057100843819,-0.015748356968139168,0.03174869831458027,1.7564285714285715,24.377620737645064,1.6951286242552033,0.16891710368935334,405860000.0,-0.03158157205029881
2015-05-31,0.07486154746035911,4.275489207156003,54.82615367522603,60.3960396039604,-0.03158157205029881,0.015666116744399456,0.005277057100843819,-0.015748356968139168,1.7985714285714285,23.228469502032084,1.741118334314787,0.16399445342582805,377750000.0,-0.060624621816434854
2015-06-07,0.06406656770421737,3.657566011734744,50.35406381269684,47.95918367346939,-0.060624621816434854,-0.03158157205029881,0.015666116744399456,0.005277057100843819,1.825,21.58988403514306,2.27,0.16156627818112604,361130000.0,0.016901810802603254
2015-06-14,0.0572720215396707,3.2643662010381327,51.515613782013766,51.02040816326531,0.016901810802603254,-0.060624621816434854,-0.03158157205029881,0.015666116744399456,1.845,20.068340387317537,2.2594,0.15359725831104562,379000000.0,-0.02259983191724092
2015-06-21,0.0481051033590183,2.7423905969419917,49.841187641964844,44.08602150537634,-0.02259983191724092,0.016901810802603254,-0.060624621816434854,-0.03158157205029881,1.877857142857143,19.43267815641597,2.249012,0.15548316843168525,344200000.0,-0.058840500022933465
2015-06-28,0.03239763067207946,1.8550914448281002,45.83060560084068,19.48051948051947,-0.058840500022933465,-0.02259983191724092,0.016901810802603254,-0.060624621816434854,1.8885714285714283,18.90395529555092,2.22425152,0.1536629421151363,308910000.0,-0.01834913866819643
2015-07-05,0.017328840040750304,0.9976001363873157,44.669332351675195,2.9850746268656745,-0.01834913866819643,-0.058840500022933465,-0.02259983191724092,0.016901810802603254,1.8564285714285713,18.541564258321348,2.1879964288,0.14982987482119794,284230000.0,-0.04417121831313754
2015-07-12,-0.00025871774779218093,-0.015013823551169122,41.99544861666249,1.562500000000001,-0.04417121831313754,-0.01834913866819643,-0.058840500022933465,-0.02259983191724092,1.8228571428571427,18.586698391477903,2.1409567144960002,0.14769916947682665,240530000.0,-0.006472514505617479
2015-07-19,-0.014832915812914571,-0.8676113322944549,41.61223516477961,0.0,-0.006472514505617479,-0.04417121831313754,-0.01834913866819643,-0.058840500022933465,1.7807142857142857,18.62860865798042,2.0808610430464003,0.14214922879991046,182860000.0,-0.026317308317373417
2015-07-26,-0.02927329417376101,-1.7279566409363813,40.03839768222424,10.20408163265307,-0.026317308317373417,-0.006472514505617479,-0.04417121831313754,-0.01834913866819643,1.7521428571428572,19.22964317920607,2.0267749387417604,0.14199571245705972,145230000.0,0.026317308317373358
2015-08-02,-0.03706249893882574,-2.2025820409448005,42.38510173219677,18.367346938775526,0.026317308317373358,-0.026317308317373417,-0.006472514505617479,-0.04417121831313754,1.729285714285714,19.78774666320132,1.9575619460927491,0.14042459013869832,175190000.0,-0.1391128024627177
2015-08-09,-0.058697203538932596,-3.5417364721356406,35.00770103684387,0.0,-0.1391128024627177,0.026317308317373358,-0.026317308317373417,-0.006472514505617479,1.6878571428571427,21.036771914786776,1.8966545125616192,0.14610854798593415,141080000.0,-0.06952606264861033
2015-08-16,-0.08215804385481196,-5.049261950412605,32.284490166213786,1.449275362318842,-0.06952606264861033,-0.1391128024627177,0.026317308317373358,-0.026317308317373417,1.6421428571428571,22.662898809919465,1.8187228808029925,0.14281508027265313,87490000.0,0.04688358589885046
2015-08-23,-0.09481644531192757,-5.912581635972973,35.866259978457634,19.480519480519497,0.04688358589885046,-0.06952606264861033,-0.1391128024627177,0.026317308317373358,1.6,24.50319168080899,1.7261272198745137,0.1433282888246065,111180000.0,0.06644509940815255
2015-08-30,-0.0964739798403007,-6.073067729975381,40.914782523361,31.16883116883117,0.06644509940815255,0.04688358589885046,-0.06952606264861033,-0.1391128024627177,1.5621428571428573,24.368623207140534,1.6242243202971012,0.14666198247999174,164850000.0,0.055569851154810786
2015-09-06,-0.09029143304811127,-5.712791871092619,45.05513224776037,45.070422535211264,0.055569851154810786,0.06644509940815255,0.04688358589885046,-0.06952606264861033,1.5342857142857143,24.0743686092115,1.540663942643623,0.14618612658856378,197810000.0,0.020067563050809388
2015-09-13,-0.08202543276308405,-5.207005050654985,46.567236637218514,53.84615384615385,0.020067563050809388,0.055569851154810786,0.06644509940815255,0.04688358589885046,1.5164285714285715,23.14091780053114,1.16,0.14574426040366636,225210000.0,0.0131580845775112
2015-09-20,-0.07301901735158878,-4.645167030027448,47.6025182040071,56.923076923076934,0.0131580845775112,0.020067563050809388,0.055569851154810786,0.06644509940815255,1.4978571428571428,22.274142049613662,1.1687999999999998,0.13890538466054733,237930000.0,-0.006557400546159052
2015-09-27,-0.06592830422461571,-4.204374790488512,47.1110131608315,61.016949152542374,-0.006557400546159052,0.0131580845775112,0.020067563050809388,0.055569851154810786,1.4814285714285713,21.050820519539204,1.1774239999999998,0.13469785718479396,223160000.0,-0.006600684031352024
2015-10-04,-0.06041930329351586,-3.8636570641635033,46.59292613118995,64.81481481481482,-0.006600684031352024,-0.006557400546159052,0.0131580845775112,0.020067563050809388,1.4714285714285715,20.27923939588431,1.1858755199999997,0.1293622959573087,197580000.0,-0.006644542718668613
2015-10-11,-0.056212316201702306,-3.6055249772760876,46.047580578842705,68.00000000000001,-0.006644542718668613,-0.006600684031352024,-0.006557400546159052,0.0131580845775112,1.4628571428571429,19.70792293489239,1.1941580095999997,0.1258364176746438,168060000.0,-0.020202707317519466
2015-10-18,-0.05466880989100287,-3.521423342992478,44.3697626411345,68.88888888888887,-0.020202707317519466,-0.006644542718668613,-0.006600684031352024,-0.006557400546159052,1.457142857142857,19.17741479254275,1.2022748494079998,0.1197052449835978,110370000.0,-0.03460552917747561
2015-10-25,-0.05682510768300775,-3.6836002101910603,41.64614430530081,59.090909090909065,-0.03460552917747561,-0.020202707317519466,-0.006644542718668613,-0.006600684031352024,1.4485714285714286,19.598322355173092,1.2102293524198398,0.12258344177048366,99610000.0,-0.028573372444056114
2015-11-01,-0.061057818401153874,-3.989134676211263,39.554308416619556,49.99999999999997,-0.028573372444056114,-0.03460552917747561,-0.020202707317519466,-0.006644542718668613,1.44,19.98916509190127,1.2180247653714429,0.12025605307259198,71730000.0,0.01438873745209967
2015-11-08,-0.062082787557522945,-4.081899711047834,41.1460876549981,54.545454545454525,0.01438873745209967,-0.028573372444056114,-0.03460552917747561,-0.020202707317519466,1.43,19.806571165894496,1.2256642700640141,0.12095204928169255,86720000.0,0.0
2015-11-15,-0.06217832991584604,-4.112402025705335,41.1460876549981,54.545454545454525,0.0,0.01438873745209967,-0.028573372444056114,-0.03460552917747561,1.4342857142857144,19.637019663173923,1.2331509846627338,0.11588404576157164,120850000.0,-0.007168489478612516
2015-11-22,-0.062342320881303204,-4.148035088994729,40.52721173988028,52.27272727272725,-0.007168489478612516,0.0,0.01438873745209967,-0.028573372444056114,1.4442857142857144,18.92482657692267,1.240487964969479,0.11546375677860223,93050000.0,0.007168489478612497
2015-11-29,-0.06096262923450979,-4.076918929190168,41.4751929053187,25.925925925925863,0.007168489478612497,-0.007168489478612516,0.0,0.01438873745209967,1.4507142857142856,18.263504425403646,1.2476782056700895,0.11150205986584491,106420000.0,-0.028987536873252187
2015-12-06,-0.06237782661397917,-4.199711887497897,38.81033833980571,11.11111111111112,-0.028987536873252187,0.007168489478612497,-0.007168489478612516,0.0,1.4478571428571427,17.6494195704217,1.2547246415566877,0.1071090555897131,97040000.0,0.043172171865208574
2015-12-13,-0.05798941628035581,-3.9170073410879866,44.564103298610995,33.33333333333328,0.043172171865208574,-0.028987536873252187,0.007168489478612497,-0.007168489478612516,1.4435714285714287,16.828656588455665,1.261630148725554,0.10374412304759073,103860000.0,0.020906684819313643
2015-12-20,-0.05149719261406527,-3.4837856427423084,47.235688496036374,46.15384615384611,0.020906684819313643,0.043172171865208574,-0.028987536873252187,0.007168489478612497,1.4392857142857143,15.693990847852074,1.2683975457510428,0.10347668568704851,166400000.0,0.033901551675681416
2015-12-27,-0.04183522600812206,-2.827064632151197,51.43639467491693,65.38461538461536,0.033901551675681416,0.020906684819313643,0.043172171865208574,-0.028987536873252187,1.4371428571428573,15.089881837884862,1.275029594836022,0.1039426367094022,240190000.0,-0.12028616587450193
2016-01-03,-0.04734980800052413,-3.2238950723997273,39.82671749489816,0.0,-0.12028616587450193,0.033901551675681416,0.020906684819313643,0.043172171865208574,1.4235714285714285,14.22123724502265,1.2815290029393016,0.11008959123015917,222770000.0,-0.03053672386008165
2016-01-10,-0.05432163368687304,-3.732224098853619,37.67212334396152,17.857142857142872,-0.03053672386008165,-0.12028616587450193,0.033901551675681416,0.020906684819313643,1.407857142857143,14.335383321614895,1.6,0.11222604899943352,140750000.0,0.030536723860081702
2016-01-17,-0.055973957131312924,-3.87046511734492,41.103475668826576,40.62500000000003,0.030536723860081702,-0.03053672386008165,-0.12028616587450193,0.033901551675681416,1.3957142857142857,14.800713260501935,1.5928,0.11706704549947398,181470000.0,0.022305757514298186
2016-01-24,-0.054237470289990375,-3.767019829518671,43.61087929888583,50.000000000000036,0.022305757514298186,0.030536723860081702,-0.03053672386008165,-0.12028616587450193,1.387857142857143,15.232805346611329,1.577088,0.11656225653522585,202010000.0,-0.0763729787845741
2016-01-31,-0.06023609204918223,-4.222710012529648,37.82953290330101,18.750000000000014,-0.0763729787845741,0.022305757514298186,0.030536723860081702,-0.03053672386008165,1.3764285714285713,15.730325477704472,1.5620044800000001,0.11680780963985259,190920000.0,-0.02409755157906053
2016-02-07,-0.06664257813345875,-4.719978534803485,36.2758661340687,9.375000000000007,-0.02409755157906053,-0.0763729787845741,0.022305757514298186,0.030536723860081702,1.3657142857142859,16.65915651649552,1.5475243008000001,0.11346439466557741,176910000.0,-0.016393809775676383
2016-02-14,-0.07249788685323733,-5.18965977798315,35.23686136716806,3.125000000000002,-0.016393809775676383,-0.02409755157906053,-0.0763729787845741,0.022305757514298186,1.352142857142857,16.901050096704065,1.5336233287680001,0.11250265218946474,118550000.0,-0.05959209720224566
2016-02-21,-0.08184323827923734,-5.939564406115181,31.803443786115835,0.0,-0.05959209720224566,-0.016393809775676383,-0.02409755157906053,-0.0763729787845741,1.3335714285714284,17.770101381502233,1.52027839561728,0.11018103417593154,77700000.0,0.008733679968754631
2016-02-28,-0.0874346875357419,-6.424064267822467,32.81064564820615,15.909090909090875,0.008733679968754631,-0.05959209720224566,-0.016393809775676383,-0.02409755157906053,1.3164285714285715,19.055032482292464,1.4974616918802433,0.10731096030622213,107340000.0,0.09134977858822804
2016-03-06,-0.08204411715225413,-6.061338953625005,42.81548042858622,40.9090909090909,0.09134977858822804,0.008733679968754631,-0.05959209720224566,-0.016393809775676383,1.3064285714285713,18.72566604938024,1.4640647565298237,0.10821732028434913,310270000.0,-0.048790164169432056
2016-03-13,-0.08167208488995148,-6.084990829241783,39.37168967776735,27.272727272727252,-0.048790164169432056,0.09134977858822804,0.008733679968754631,-0.05959209720224566,1.295,17.946321877857958,1.4333395760074379,0.11048751169260992,264020000.0,0.13248918304607907
2016-03-20,-0.06688861705037041,-4.975909062634876,51.31916864063996,65.90909090909092,0.13248918304607907,-0.048790164169432056,0.09134977858822804,0.008733679968754631,1.2914285714285714,17.1451900548434,1.4050724099268428,0.1168812608574235,400030000.0,-0.03717900324175413
2016-03-27,-0.05853246854869987,-4.360113221479247,48.30414334321797,54.545454545454554,-0.03717900324175413,0.13248918304607907,-0.048790164169432056,0.09134977858822804,1.282142857142857,16.40128193347274,1.08,0.11424688508189322,344920000.0,0.044451762570833796
2016-04-03,-0.046532267089571144,-3.4590457671396355,51.952115761705336,68.18181818181814,0.044451762570833796,-0.03717900324175413,0.13248918304607907,-0.048790164169432056,1.2735714285714284,15.7105101064857,1.086,0.11180067900461511,435730000.0,0.01438873745209967
2016-04-10,-0.03500467600803647,-2.594301572211928,53.139166406142806,100.0,0.01438873745209967,0.044451762570833796,-0.03717900324175413,0.13248918304607907,1.2785714285714287,15.286272268429999,1.0918800000000002,0.10952920193285688,508780000.0,-0.14585187701256316
2016-04-17,-0.0407308690238366,-3.0419482898188224,42.417774974647024,40.624999999999986,-0.14585187701256316,0.01438873745209967,0.044451762570833796,-0.03717900324175413,1.2728571428571427,15.298562101743906,1.1042048000000002,0.11956283036622425,491330000.0,-0.033616610798984974
2016-04-24,-0.04794391632654227,-3.6144354504846885,40.562320590657535,28.124999999999968,-0.033616610798984974,-0.14585187701256316,0.01438873745209967,0.044451762570833796,1.2614285714285713,15.480843042846805,1.1160366080000002,0.11745119962577967,463900000.0,-0.03478611608541554
2016-05-01,-0.05623967798733398,-4.286873754177234,38.73750602796165,22.857142857142822,-0.03478611608541554,-0.033616610798984974,-0.14585187701256316,0.01438873745209967,1.2449999999999999,16.287621271895006,1.4,0.11763325679536683,390070000.0,0.13242458564933174
2016-05-08,-0.04933476557926686,-3.765203001227038,48.6825304289644,68.5714285714286,0.13242458564933174,-0.03478611608541554,-0.033616610798984974,-0.14585187701256316,1.2471428571428569,15.407591339463774,1.393,0.12137373845284062,515680000.0,-0.03953083875663532
2016-05-15,-0.04735131835836781,-3.628243213749391,46.160686837429125,54.285714285714285,-0.03953083875663532,0.13242458564933174,-0.03478611608541554,-0.033616610798984974,1.2478571428571428,14.313386690637953,1.38614,0.1198470428490663,462250000.0,0.12136085700426734
2016-05-22,-0.03249418656583014,-2.4764889388919045,54.31605012063412,83.33333333333331,0.12136085700426734,-0.03953083875663532,0.13242458564933174,-0.03478611608541554,1.2614285714285713,14.480522954737028,1.05,0.130572254074133,599900000.0,-0.05884050002293335
2016-05-29,-0.02686544585582662,-2.0465921378720253,50.21991336667019,64.28571428571429,-0.05884050002293335,0.12136085700426734,-0.03953083875663532,0.13242458564933174,1.2742857142857142,14.635720914257595,1.0584,0.13267423592598065,502560000.0,-0.0544881852840698
2016-06-05,-0.027733350474988372,-2.1202090843764676,46.88794977829791,47.61904761904762,-0.0544881852840698,-0.05884050002293335,0.12136085700426734,-0.03953083875663532,1.2814285714285714,14.779833305240983,1.066632,0.12891179050269633,489060000.0,0.08434114843375096
2016-06-12,-0.01932235437347707,-1.472856943494032,52.249401897658636,73.80952380952384,0.08434114843375096,-0.0544881852840698,-0.05884050002293335,0.12136085700426734,1.2885714285714285,15.766175047042806,1.07469936,0.133275234038218,556570000.0,-0.022305757514298277
2016-06-19,-0.014905507235558169,-1.135020155668205,50.74489233015686,66.66666666666669,-0.022305757514298277,0.08434114843375096,-0.0544881852840698,-0.05884050002293335,1.297857142857143,16.682063807287356,1.0826053728,0.1308984316069167,510060000.0,-0.0228146777661714
2016-06-26,-0.013668313526527198,-1.041588402525731,49.21863460411223,59.52380952380953,-0.0228146777661714,-0.022305757514298277,0.08434114843375096,-0.0544881852840698,1.292857142857143,16.51518640187619,1.090353265344,0.13083425792070838,486110000.0,-0.09684982598991779
2016-07-03,-0.022115887531969802,-1.6980090914838906,43.57317365449236,30.95238095238093,-0.09684982598991779,-0.0228146777661714,-0.022305757514298277,0.08434114843375096,1.282857142857143,16.04789715800324,1.09794620003712,0.1300603823549435,468610000.0,-0.03448617607116932
2016-07-10,-0.03167320747888969,-2.454477168538224,41.85000117762275,21.4285714285714,-0.03448617607116932,-0.09684982598991779,-0.0228146777661714,-0.022305757514298277,1.2657142857142858,15.109457152437319,1.1053872760363777,0.1250560693295904,431230000.0,0.0
2016-07-17,-0.03880018797885332,-3.032963192927882,41.85000117762275,21.4285714285714,0.0,-0.03448617607116932,-0.09684982598991779,-0.0228146777661714,1.2471428571428569,14.471344459771242,1.47,0.12540920723461965,465600000.0,0.07598590697792205
2016-07-24,-0.03676235004601769,-2.8818917607291,47.2894964803814,42.85714285714285,0.07598590697792205,0.0,-0.03448617607116932,-0.09684982598991779,1.2485714285714287,13.5680329378839,1.4618,0.12716569243214682,507980000.0,-0.15822400521489402
2016-07-31,-0.04910578357389839,-3.900630749489695,39.3594976742382,2.3255813953488396,-0.15822400521489402,0.07598590697792205,0.0,-0.03448617607116932,1.24,13.014459895499469,1.453764,0.13165385725842205,404370000.0,-0.058840500022933465
2016-08-07,-0.06300327954504259,-5.0850140658794505,37.12471648830937,4.0000000000000036,-0.058840500022933465,-0.15822400521489402,0.07598590697792205,0.0,1.23,13.08017884255709,1.43721344,0.13010715316853477,341270000.0,0.03960913809504588
2016-08-14,-0.06998276180682184,-5.719799687193329,39.58738805727144,12.00000000000001,0.03960913809504588,-0.058840500022933465,-0.15822400521489402,0.07598590697792205,1.2114285714285715,13.141203579110595,1.4091806336000001,0.1250994993707823,374860000.0,-0.06001800972625304
2016-08-21,-0.07943981757537455,-6.593946321448758,37.23171240131928,1.960784313725492,-0.06001800972625304,0.03960913809504588,-0.058840500022933465,-0.15822400521489402,1.192142857142857,12.555693321653981,1.382829795584,0.12544953513001214,308460000.0,-0.05292240145434244
2016-08-28,-0.08993249867523323,-7.5979163457009475,35.344239503444555,5.45454545454546,-0.05292240145434244,-0.06001800972625304,0.03960913809504588,-0.058840500022933465,1.157857142857143,12.624434097042567,1.34900341193728,0.12291742547786841,199620000.0,-0.010929070532190317
2016-09-04,-0.09792610923865275,-8.417403144937255,34.96248455114895,3.6363636363636402,-0.010929070532190317,-0.05292240145434244,-0.06001800972625304,0.03960913809504588,1.1285714285714286,12.688264817046255,1.303103070743552,0.11699475222944923,137100000.0,-0.022223136784710235
2016-09-11,-0.10466838407621903,-9.156324778732081,34.16761585651943,5.172413793103453,-0.022223136784710235,-0.010929070532190317,-0.05292240145434244,-0.06001800972625304,1.102857142857143,13.012598237436347,1.2617927636691968,0.11220941278448858,106150000.0,0.0
2016-09-18,-0.10875799103925576,-9.672737991342654,34.16761585651943,5.555555555555562,0.0,-0.022223136784710235,-0.010929070532190317,-0.05292240145434244,1.0692857142857142,13.31376498494143,1.2135776320288931,0.10633731187131082,181630000.0,-0.011299555253933394
2016-09-25,-0.11152041255115908,-10.080717814161577,33.72302654156174,4.16666666666667,-0.011299555253933394,0.0,-0.022223136784710235,-0.010929070532190317,1.0371428571428571,13.456785437496478,1.171148316185426,0.10159893245193148,83250000.0,0.06595796779179737
2016-10-02,-0.1076274902308424,-9.838357708118696,38.863256853699994,19.51219512195121,0.06595796779179737,-0.011299555253933394,0.0,-0.022223136784710235,1.0114285714285713,12.924324209228528,1.1338105182431748,0.1000561515625078,170290000.0,-0.04348511193973878
2016-10-09,-0.10654183895160996,-9.868725724887787,36.81341909135551,14.634146341463426,-0.04348511193973878,0.06595796779179737,-0.011299555253933394,0.0,0.9914285714285714,12.8666957627742,1.1009532560539939,0.10005214073661439,113390000.0,-0.03390155167568134
2016-10-16,-0.10687026784734999,-10.043580718802486,35.3091899513355,13.636363636363626,-0.03390155167568134,-0.04348511193973878,0.06595796779179737,-0.011299555253933394,0.9721428571428571,13.126564533218682,1.0644198002064347,0.09933413068399909,85510000.0,0.02272825107755609
2016-10-23,-0.10431424754803098,-9.92361670322326,37.15287478737391,18.181818181818176,0.02272825107755609,-0.03390155167568134,-0.04348511193973878,0.06595796779179737,0.9542857142857143,13.367871248631415,1.0237126321734051,0.09866740706371344,118980000.0,0.0
2016-10-30,-0.10112290118761846,-9.7305318799331,37.15287478737391,21.621621621621617,0.0,0.02272825107755609,-0.03390155167568134,-0.04348511193973878,0.9299999999999999,13.136492897066626,0.9895186110256603,0.09733402084487676,167040000.0,-0.08191712246788681
2016-11-06,-0.10305420644726537,-10.073788531649692,33.30047036003293,3.5714285714285348,-0.08191712246788681,0.0,0.02272825107755609,-0.03390155167568134,0.9135714285714286,13.278939629725219,0.9607956332615547,0.09538159078452843,156950000.0,0.0
2016-11-13,-0.10339293043761821,-10.257672880148599,33.30047036003293,18.181818181818162,0.0,-0.08191712246788681,0.0,0.02272825107755609,0.9014285714285714,14.060147882264687,0.936668331939706,0.0942829057284907,178380000.0,-0.03727139479723154
2016-11-20,-0.10487320786097021,-10.573899617683749,31.668331113571654,9.090909090909097,-0.03727139479723154,0.0,-0.08191712246788681,0.0,0.8842857142857143,14.45722149482555,0.9048680321905589,0.09326269817645565,159670000.0,0.0
2016-11-27,-0.10483783310307249,-10.732091874577629,31.668331113571654,13.636363636363651,0.0,-0.03727139479723154,0.0,-0.08191712246788681,0.8714285714285713,14.82593270648921,0.8787917863962583,0.08945821973528023,172930000.0,0.08489944378648627
2016-12-04,-0.09803133911209205,-10.12504484707909,39.67009339608915,50.0,0.08489944378648627,0.0,-0.03727139479723154,0.0,0.8671428571428572,14.492885587463373,0.76,0.08806834689704592,191130000.0,0.02298951822469878
2016-12-11,-0.08998600804665613,-9.35723892263852,41.76826024958579,60.000000000000014,0.02298951822469878,0.08489944378648627,0.0,-0.03727139479723154,0.865,13.711371632128154,0.762,0.08606346497582835,224420000.0,0.0
2016-12-18,-0.08265720441366042,-8.649563601412915,41.76826024958579,60.000000000000014,0.0,0.02298951822469878,0.08489944378648627,0.0,0.8642857142857142,12.985680102174024,0.76712,0.08348750319184062,234520000.0,-0.04652001563489293
2016-12-25,-0.07916418499278155,-8.358956931681602,38.65037290203925,39.99999999999999,-0.04652001563489293,0.0,0.02298951822469878,0.08489944378648627,0.8607142857142858,12.311823681502332,0.7720352,0.08109553867813771,220710000.0,-0.01197619104671565
2017-01-01,-0.07632305370869952,-8.133428691277796,37.88890641227919,34.99999999999998,-0.01197619104671565,-0.04652001563489293,0.0,0.02298951822469878,0.8571428571428571,11.85403823702457,0.776753792,0.07887442877255645,181810000.0,0.08096906253366729
2017-01-08,-0.06764327217605737,-7.230370099286312,45.920673487838094,73.68421052631582,0.08096906253366729,-0.01197619104671565,-0.04652001563489293,0.0,0.8542857142857143,11.898632432370038,0.7812836403200001,0.08181196957451668,289800000.0,0.021978906718775167
2017-01-15,-0.05847656844334859,-6.258245849786756,47.99007515480185,80.00000000000004,0.021978906718775167,0.08096906253366729,-0.01197619104671565,-0.04652001563489293,0.8557142857142858,12.082772101100241,0.7914066219008,0.08096825746205119,503850000.0,-0.010929070532190317
2017-01-22,-0.05142599921181479,-5.514346979477282,47.021212903331175,75.00000000000003,-0.010929070532190317,0.021978906718775167,0.08096906253366729,-0.01197619104671565,0.8585714285714287,12.253758936349715,0.804894092148736,0.07732766764333325,452260000.0,-0.022223136784710235
2017-01-29,-0.046911439281561274,-5.047328883127432,45.0617660311046,65.00000000000001,-0.022223136784710235,-0.010929070532190317,0.021978906718775167,0.08096906253366729,0.8585714285714285,11.810787687480671,0.817302564776837,0.07537569138309516,394020000.0,-0.06979576193554198
2017-02-05,-0.047626112392826325,-5.165153667151934,39.7149024533567,34.99999999999998,-0.06979576193554198,-0.022223136784710235,-0.010929070532190317,0.021978906718775167,0.8542857142857142,11.418693540460222,0.96,0.07570599914144552,285880000.0,-0.0368139731227162
2017-02-12,-0.05003645614218977,-5.480301204188532,37.329829904451906,20.00000000000002,-0.0368139731227162,-0.06979576193554198,-0.022223136784710235,-0.010929070532190317,0.8528571428571429,11.374818064186403,0.9571999999999999,0.0752984277741994,228080000.0,0.01242251999855711
2017-02-19,-0.05055696527753506,-5.583983599983509,38.6523713847293,16.666666666666686,0.01242251999855711,-0.0368139731227162,-0.06979576193554198,-0.022223136784710235,0.8521428571428572,11.334076550503573,0.950912,0.07277711150461373,277470000.0,0.012270092591814183
2017-02-26,-0.0495909030299847,-5.5158179562005785,40.015608402021684,22.22222222222219,0.012270092591814183,0.01242251999855711,-0.0368139731227162,-0.06979576193554198,0.8542857142857143,11.631250495072821,0.94487552,0.06972160353999846,312490000.0,-0.012270092591814247
2017-03-05,-0.04906659895535137,-5.497845955834188,39.08038133661754,11.764705882352956,-0.012270092591814247,0.012270092591814183,0.01242251999855711,-0.0368139731227162,0.8557142857142858,11.368968936333502,0.9355829888,0.07259863185856999,238190000.0,0.059898141581068806
2017-03-12,-0.0441080519002357,-4.955602510334532,45.88995921964478,41.17647058823528,0.059898141581068806,-0.012270092591814247,0.012270092591814183,0.01242251999855711,0.8557142857142858,11.12542177464699,0.926848009472,0.07098444386867213,332250000.0,-0.05989814158106884
2017-03-19,-0.043709098487820564,-4.943720617521126,40.959348265076834,11.764705882352956,-0.05989814158106884,0.059898141581068806,-0.012270092591814247,0.012270092591814183,0.8507142857142858,11.226239466001354,0.91863712890368,0.07091412644948127,288380000.0,-0.02500130220541727
2017-03-26,-0.04449386036142311,-5.072486153042291,39.14746033494267,10.526315789473697,-0.02500130220541727,-0.05989814158106884,0.059898141581068806,-0.012270092591814247,0.8442857142857143,10.542103810902818,0.9109189011694592,0.06942026027451832,149880000.0,0.06136894637629202
2017-04-02,-0.04061304575685043,-4.644632559532442,45.623563114081655,39.99999999999999,0.06136894637629202,-0.02500130220541727,-0.05989814158106884,0.059898141581068806,0.8442857142857143,10.254712328947452,0.8996453890759024,0.07017595596919558,304710000.0,0.19415601444095756
2017-04-09,-0.022750720402762603,-2.5701431488084143,61.505951132527414,100.0,0.19415601444095756,0.06136894637629202,-0.02500130220541727,-0.05989814158106884,0.8578571428571429,12.153300528908114,0.76,0.07802053054282447,780080000.0,-0.23052365861183224
2017-04-16,-0.025248890334428786,-2.870422118989139,44.994201977987196,19.230769230769248,-0.23052365861183224,0.19415601444095756,0.06136894637629202,-0.02500130220541727,0.8514285714285714,12.602995973776236,0.76,0.088161921218337,732980000.0,0.012270092591814183
2017-04-23,-0.02612068853918792,-2.984517574768325,45.74118653662813,23.076923076923055,0.012270092591814183,-0.23052365861183224,0.19415601444095756,0.06136894637629202,0.8442857142857143,13.020570315439496,0.7652,0.08472178398845578,848360000.0,0.03593200922606337
2017-04-30,-0.024112887263267768,-2.760998918937121,48.02169257277826,34.6153846153846,0.03593200922606337,0.012270092591814183,-0.23052365861183224,0.19415601444095756,0.84,13.626742001894781,0.770296,0.08367022798928038,904380000.0,0.1423162221802554
2017-05-07,-0.011894662477139106,-1.3497641785171715,56.54498877194883,68.74999999999997,0.1423162221802554,0.03593200922606337,0.012270092591814183,-0.23052365861183224,0.8464285714285715,15.859030409345516,0.77529008,0.09412235456147464,1068990000.0,0.02020270731751947
2017-05-14,-0.0005909859355609504,-0.06640014766294157,57.69434640267607,74.99999999999999,0.02020270731751947,0.1423162221802554,0.03593200922606337,0.012270092591814183,0.8585714285714287,17.931869644835484,0.7874784768,0.09454218637851215,1154490000.0,0.009950330853168092
2017-05-21,0.009069626579186196,1.0089434061062628,58.288401650385254,78.12499999999999,0.009950330853168092,0.02020270731751947,0.1423162221802554,0.03593200922606337,0.8735714285714286,19.85664893493331,0.7991793377280001,0.09421774449433272,1249820000.0,0.16400297627026988
2017-05-28,0.03089409932915399,3.3562868788233473,67.21297765951377,100.0,0.16400297627026988,0.009950330853168092,0.02020270731751947,0.1423162221802554,0.9007142857142857,22.55498983060385,0.8104121642188801,0.10034504845902324,1397680000.0,0.17670356448973132
2017-06-04,0.06598855405543469,6.891858525492747,74.67053752907422,97.05882352941175,0.17670356448973132,0.16400297627026988,0.009950330853168092,0.02020270731751947,0.9435714285714285,25.87215840404181,0.8331874343657473,0.1110346878548073,1688620000.0,-0.06547792937950687
2017-06-11,0.08555271597425351,8.684855952948736,68.13935052982853,78.08219178082193,-0.06547792937950687,0.17670356448973132,0.16400297627026988,0.009950330853168092,0.9807142857142858,29.073321950711676,0.8817324396164875,0.11596078157946392,1587910000.0,-0.10285738543970782
2017-06-18,0.08953543296507482,8.944604704088606,59.978689489377544,60.27397260273972,-0.10285738543970782,-0.06547792937950687,0.17670356448973132,0.16400297627026988,1.005,30.014258704834187,0.9425591956548387,0.12339215432378793,1419380000.0,0.08770558041910566
2017-06-25,0.10041037724033264,9.806770965601823,63.91662433005046,75.34246575342466,0.08770558041910566,-0.10285738543970782,-0.06547792937950687,0.17670356448973132,1.0407142857142857,30.887985690805092,0.9973032760893549,0.12457842901494595,1451490000.0,-0.03891541624967361
2017-07-02,0.1037977509347332,9.967346005782177,60.97949515499625,68.4931506849315,-0.03891541624967361,0.08770558041910566,-0.10285738543970782,-0.06547792937950687,1.0742857142857143,31.699303606349506,1.0465729484804194,0.12425139837102125,1377800000.0,0.0
2017-07-09,0.1052687958413463,9.953816048403684,60.97949515499625,66.66666666666667,0.0,-0.03891541624967361,0.08770558041910566,-0.10285738543970782,1.1042857142857143,32.45267024221217,1.0909156536323774,0.12180486991594831,1417440000.0,0.0
2017-07-16,0.1052216795050307,9.810267326483546,60.97949515499625,66.66666666666667,0.0,0.0,-0.03891541624967361,0.08770558041910566,1.1214285714285714,33.15222497551322,1.1308240882691396,0.115961664921952,1452110000.0,0.015748356968139112
2017-07-23,0.10558109913321623,9.704748933551471,61.85520167163836,69.56521739130436,0.015748356968139112,0.0,0.0,-0.03891541624967361,1.1549999999999998,34.44459103959347,1.1667416794422256,0.12125011742752687,1563320000.0,0.02316705928153438
2017-07-30,0.10705265469224212,9.693446401795995,63.189679132839,73.91304347826087,0.02316705928153438,0.015748356968139112,0.0,0.0,1.19,35.6446452419537,1.199067511498003,0.12044653761127495,1623770000.0,0.022642476749759752
2017-08-06,0.10937877195709444,9.749987734551079,64.52617797299035,76.56250000000001,0.022642476749759752,0.02316705928153438,0.015748356968139112,0.0,1.2249999999999999,37.107495753788065,1.2,0.12255749921046959,1699110000.0,-0.04580953603129422
2017-08-13,0.1051684219856015,9.277785600528999,59.84613570777575,63.15789473684211,-0.04580953603129422,0.022642476749759752,0.02316705928153438,0.015748356968139112,1.2464285714285714,38.31761913855645,1.22,0.12094624926686462,1652560000.0,0.030771658666753687
2017-08-20,0.10386209739841368,9.052252262008711,61.833552678105484,69.64285714285715,0.030771658666753687,-0.04580953603129422,0.022642476749759752,0.02316705928153438,1.2692857142857144,39.441305138698525,1.2469999999999999,0.11516437431923143,1696290000.0,0.022472855852058576
2017-08-27,0.10404817246658937,8.951364738296759,63.30067287374508,70.21276595744683,0.022472855852058576,0.030771658666753687,-0.04580953603129422,0.022642476749759752,1.2935714285714288,40.804426983764856,1.25,0.11479549043928632,1785650000.0,-0.00743497848751809
2017-09-03,0.10221050281952948,8.69484584946255,62.439076506637704,57.14285714285718,-0.00743497848751809,0.022472855852058576,0.030771658666753687,-0.04580953603129422,1.3042857142857145,42.070182982755014,1.274,0.11016724112219443,1724010000.0,-0.030305349495328922
2017-09-10,0.09641505790722293,8.138010046159003,58.980866554607516,45.714285714285744,-0.030305349495328922,-0.00743497848751809,0.022472855852058576,0.030771658666753687,1.2957142857142858,42.8914881618665,1.49,0.10729815247060913,1663640000.0,0.0
2017-09-17,0.09077572006530499,7.6072002121498645,58.980866554607516,59.25925925925931,0.0,-0.030305349495328922,-0.00743497848751809,0.022472855852058576,1.2935714285714286,43.65412868532716,1.4858,0.10391971300842276,1708830000.0,0.030305349495329058
2017-09-24,0.0885138374818617,7.350704408070062,61.45665565656822,69.56521739130442,0.030305349495329058,0.0,-0.030305349495328922,-0.00743497848751809,1.3035714285714286,44.36229488568348,1.481684,0.10006830493639256,1736110000.0,0.014815085785140682
2017-10-01,0.08732844414746177,7.1833959287311675,62.6698803337297,77.27272727272735,0.014815085785140682,0.030305349495329058,0.0,-0.030305349495328922,1.3071428571428572,45.20340062116009,1.47765032,0.09792056886950738,1758210000.0,0.028987536873252187
2017-10-08,0.08859540442224856,7.206683532337927,65.04003919820121,86.95652173913042,0.028987536873252187,0.014815085785140682,0.030305349495329058,0.0,1.3171428571428572,46.31806931509031,1.4736973136,0.09664052823597113,1808020000.0,0.02817087696669644
2017-10-15,0.09176928606862278,7.371298026361838,67.27747009484409,70.58823529411762,0.02817087696669644,0.028987536873252187,0.014815085785140682,0.030305349495329058,1.33,47.83944603201754,1.28,0.09973763336197321,1874920000.0,0.14217448878054254
2017-10-22,0.11075999919819113,8.682303210375803,76.27213111268223,88.46153846153845,0.14217448878054254,0.02817087696669644,0.028987536873252187,0.014815085785140682,1.3585714285714288,49.794308670672606,1.2852000000000001,0.11261351669326083,1991980000.0,-0.0368139731227162
2017-10-29,0.11959021604673392,9.20122424487071,70.57444340064421,76.00000000000003,-0.0368139731227162,0.14217448878054254,0.02817087696669644,0.028987536873252187,1.3814285714285715,51.60953826370946,1.3025920000000002,0.1181411226437422,1895150000.0,0.048790164169431834
2017-11-05,0.1315273920272535,9.904994992100228,73.42499872851715,82.69230769230768,0.048790164169431834,-0.0368139731227162,0.14217448878054254,0.02817087696669644,1.407857142857143,53.46441889523903,1.3192883200000003,0.12184532816918918,2012440000.0,-0.048790164169431945
2017-11-12,0.13299922629088257,9.866075746578272,66.48856224870485,67.30769230769232,-0.048790164169431945,0.048790164169431834,-0.0368139731227162,0.14217448878054254,1.4264285714285716,54.317869591340354,1.3463310208000003,0.12457066187138995,1957360000.0,0.06062462181643484
2017-11-19,0.1406139200724621,10.233041788183732,70.26942159102553,85.71428571428571,0.06062462181643484,-0.048790164169431945,0.048790164169431834,-0.0368139731227162,1.4564285714285714,55.11035952343445,1.3717511595520002,0.1235299003091478,2104270000.0,0.19207773173931944
2017-11-26,0.17369535913127843,12.189809038341554,79.31650464368258,88.63636363636363,0.19207773173931944,0.06062462181643484,-0.048790164169431945,0.048790164169431834,1.5092857142857141,56.8894971554733,1.3956460899788803,0.14899205028706583,2328540000.0,0.18957672767512665
2017-12-03,0.231936425526291,15.42317804560841,85.135097041926,93.79844961240313,0.18957672767512665,0.19207773173931944,0.06062462181643484,-0.048790164169431945,1.5907142857142857,58.95321273508002,1.45679440278057,0.17977833240941823,2644070000.0,-0.1058068446096678
2017-12-10,0.2549807205591206,16.36223061878365,72.38536625312207,74.41860465116281,-0.1058068446096678,0.18957672767512665,0.19207773173931944,0.06062462181643484,1.6549999999999998,60.86952005900055,1.5681149625025128,0.1847941658087455,2532780000.0,0.06062462181643463
2017-12-17,0.28129769563545004,17.37250137339316,74.67281809358536,85.27131782945736,0.06062462181643463,-0.1058068446096678,0.18957672767512665,0.19207773173931944,1.7321428571428572,62.22956953814291,1.6683034662522616,0.1844517253938351,2599590000.0,0.03306086226088821
2017-12-24,0.30509250293872325,18.144143949773316,75.90125736039107,91.40625000000001,0.03306086226088821,0.06062462181643463,-0.1058068446096678,0.18957672767512665,1.815,63.61528451243607,1.7584731196270353,0.18413374500856117,2774700000.0,0.17142226633591895
2017-12-31,0.3569534772881402,20.130080564091006,81.46741349620676,92.57142857142858,0.17142226633591895,0.03306086226088821,0.06062462181643463,-0.1058068446096678,1.927857142857143,65.3210820048994,1.8396258076643317,0.21312419179366393,2878050000.0,0.09156719352549063
2018-01-07,0.41585363123952757,22.13258169406783,83.90439966110556,85.25345622119816,0.09156719352549063,0.17142226633591895,0.03306086226088821,0.06062462181643463,2.059285714285714,67.10509205390903,1.984870710744612,0.2500438923798308,3170210000.0,0.19782574332991987
2018-01-14,0.5131018586232123,25.293021281727405,88.11283036212966,85.32423208191126,0.19782574332991987,0.09156719352549063,0.17142226633591895,0.03306086226088821,2.2378571428571425,68.96519068223866,2.1997888112403663,0.3243264714955572,3474850000.0,-0.09684982598991766
2018-01-21,0.5547282264181423,25.914813914866897,76.9671283478262,72.56944444444444,-0.09684982598991766,0.19782574332991987,0.09156719352549063,0.17142226633591895,2.387857142857143,70.17403138681168,2.5406226014419078,0.37687458067444596,3236990000.0,0.044206092504495705
2018-01-28,0.5937833211131092,26.31906483682684,78.28201971979293,77.65957446808511,0.044206092504495705,-0.09684982598991766,0.19782574332991987,0.09156719352549063,2.5335714285714284,71.29652632677234,2.8269229852112026,0.38566925348341413,3367280000.0,-0.1266056242715626
2018-02-04,0.5825155654340874,24.99574301711123,66.96109924197333,61.51079136690646,-0.1266056242715626,0.044206092504495705,-0.09684982598991766,0.19782574332991987,2.652142857142857,71.22561091882126,2.94,0.3924071639488846,3284150000.0,-0.018576385572935304
2018-02-11,0.5622628729170867,23.47780813276006,65.56858769784031,59.352517985611506,-0.018576385572935304,-0.1266056242715626,0.044206092504495705,-0.09684982598991766,2.7607142857142857,69.89448057571185,4.33,0.4000923665239643,3168800000.0,-0.06453852113757118
2018-02-18,0.5240334087181018,21.479472714181124,61.01380396666582,51.459854014598534,-0.06453852113757118,-0.018576385572935304,-0.1266056242715626,0.044206092504495705,2.8607142857142853,68.65843097139597,4.3024000000000004,0.39580005462939544,3008680000.0,-0.06899287148695156
2018-02-25,0.4721552426508846,19.14362763015986,56.767087850796784,42.26415094339622,-0.06899287148695156,-0.06453852113757118,-0.018576385572935304,-0.1266056242715626,2.939285714285714,66.699385993271,4.275352000000001,0.3868143364415815,2902720000.0,0.06230388333615484
2018-03-04,0.44048824367912287,17.58837005677955,59.49930254626871,42.307692307692314,0.06230388333615484,-0.06899287148695156,-0.06453852113757118,-0.018576385572935304,3.005,64.91733074338028,4.215137920000001,0.3777561695528971,2997050000.0,-0.25467577598361085
2018-03-11,0.3572108143573258,14.345661034210455,47.47295878129269,5.164319248826286,-0.25467577598361085,0.06230388333615484,-0.06899287148695156,-0.06453852113757118,2.992142857142857,61.04485917380107,4.157332403200001,0.40005930029911874,2857290000.0,0.16338435577420385
2018-03-18,0.3206007393689396,12.787906724536732,53.647298569208154,28.125000000000014,0.16338435577420385,-0.25467577598361085,0.06230388333615484,-0.06899287148695156,3.0264285714285712,56.80972669982829,4.046492459008001,0.4171979217063245,3015930000.0,-0.0148150857851407
2018-03-25,0.28507317931400555,11.313001729966992,52.99283487617396,26.339285714285726,-0.0148150857851407,0.16338435577420385,-0.25467577598361085,0.06230388333615484,3.047857142857143,53.195256874440325,3.889973062287361,0.41454092729872993,2957350000.0,-0.030305349495328922
2018-04-01,0.2476077327830568,9.803111627975134,51.63606705110312,22.76785714285715,-0.030305349495328922,-0.0148150857851407,0.16338435577420385,-0.25467577598361085,3.057857142857143,49.54237494324171,3.745975217304372,0.4106451467773921,2805250000.0,-0.06762018767497927
2018-04-08,0.20187146860316174,8.014873232279554,48.7781020952273,15.17857142857144,-0.06762018767497927,-0.030305349495328922,-0.0148150857851407,0.16338435577420385,3.0228571428571427,46.15041314998585,3.613497199920022,0.39488477915043557,2757450000.0,0.056014641554671306
2018-04-15,0.17490577480292258,6.933799354452236,51.17479092863929,21.428571428571427,0.056014641554671306,-0.06762018767497927,-0.030305349495328922,-0.0148150857851407,2.9778571428571428,43.1860221046947,3.4916174239264204,0.38310729492540446,2819140000.0,-0.01964699738379642
2018-04-22,0.1477969745343266,5.859555548793481,50.2701160596803,22.513089005235607,-0.01964699738379642,0.056014641554671306,-0.06762018767497927,-0.030305349495328922,2.8792857142857144,40.43337327692435,3.3794880300123067,0.36574248814501836,2733500000.0,-0.04049136135473699
2018-04-29,0.1168963820215021,4.648439855719811,48.426239375834136,17.934782608695652,-0.04049136135473699,-0.01964699738379642,0.056014641554671306,-0.06762018767497927,2.799285714285714,37.65458625952908,3.276328987611322,0.35247516756323133,2679320000.0,0.04049136135473699
2018-05-06,0.09933157156818995,3.949355479040275,50.38603422033329,26.708074534161494,0.04049136135473699,-0.04049136135473699,-0.01964699738379642,0.056014641554671306,2.715,35.07428402909062,3.181422668602416,0.335869798451572,2762460000.0,-0.15879105938376054
2018-05-13,0.05492231469943265,2.207411537672636,43.76010789955539,4.411764705882356,-0.15879105938376054,0.04049136135473699,-0.04049136135473699,-0.01964699738379642,2.6357142857142857,33.528237380979114,3.094108855114223,0.33830766999074546,2681320000.0,-0.12361395596717664
2018-05-20,-0.00044017788662431556,-0.018006685262940022,39.938459710168985,0.0,-0.12361395596717664,-0.15879105938376054,0.04049136135473699,-0.04049136135473699,2.542857142857143,32.81480067254872,3.013780146705085,0.3505714078485494,2600180000.0,0.04628075256400639
2018-05-27,-0.036630846688957774,-1.519412283826,41.905417935001715,20.74074074074074,0.04628075256400639,-0.12361395596717664,-0.15879105938376054,0.04049136135473699,2.470714285714286,32.62882030893455,2.9024021320345765,0.34553059300222444,2671170000.0,0.13604080422994824
2018-06-03,-0.04143401060316254,-1.7255807511475343,47.83370022226845,42.22222222222221,0.13604080422994824,0.04628075256400639,-0.12361395596717664,-0.15879105938376054,2.4335714285714287,30.92017189484969,2.7593138761904275,0.3522784077877799,2789450000.0,-0.0043956114730379975
2018-06-10,-0.045522711554711215,-1.9035631216513131,47.65311955000821,43.4108527131783,-0.0043956114730379975,0.13604080422994824,0.04628075256400639,-0.12361395596717664,2.382857142857143,29.3335697960566,2.633396211047576,0.33497280723150996,2747860000.0,0.004395611473037908
2018-06-17,-0.04740961159874857,-1.989332379111679,47.86507798277876,49.99999999999998,0.004395611473037908,-0.0043956114730379975,0.13604080422994824,0.04628075256400639,2.380714285714286,28.186563870369753,2.522588665721867,0.32033189242925925,2824890000.0,0.008733679968754631
2018-06-24,-0.04675223001959017,-1.9668340720763327,48.31582427975125,51.75438596491226,0.008733679968754631,0.004395611473037908,-0.0043956114730379975,0.13604080422994824,2.3507142857142855,26.965997634074146,2.425078025835243,0.30673675725574073,2944660000.0,-0.06280090123903023
2018-07-01,-0.05687248969381553,-2.408878086954587,45.359484974569995,44.11764705882354,-0.06280090123903023,0.008733679968754631,0.004395611473037908,-0.0043956114730379975,2.3135714285714286,26.232808706161457,2.3392686627350137,0.30125556030890216,2922630000.0,-0.042559614418796125
2018-07-08,-0.07133283570987459,-3.0491919074300897,43.516108289287786,37.89473684210524,-0.042559614418796125,-0.06280090123903023,0.008733679968754631,0.004395611473037908,2.275714285714286,25.55199041595682,2.263756423206812,0.28616587742969485,2889380000.0,-0.09627683043541983
2018-07-15,-0.09700595198217243,-4.2078228222217176,39.83555878162244,17.894736842105253,-0.09627683043541983,-0.042559614418796125,-0.06280090123903023,0.008733679968754631,2.236428571428571,25.678635406039263,2.1973056524219947,0.28643974332757377,2853960000.0,0.03655759573379773
2018-07-22,-0.11043069034956066,-4.845475017613791,41.78898455187899,26.966292134831455,0.03655759573379773,-0.09627683043541983,-0.042559614418796125,-0.06280090123903023,2.192142857142857,26.0318342913498,2.1388289741313553,0.2859797616613185,2922530000.0,-0.04189094170916014
2018-07-29,-0.1260719447359815,-5.606317308739306,40.183232357156236,18.390804597701162,-0.04189094170916014,0.03655759573379773,-0.09627683043541983,-0.042559614418796125,2.1457142857142855,25.8792019968078,1.71,0.2862669215426529,2872910000.0,-0.03261158558876089
2018-08-05,-0.14167609623832256,-6.392609969081768,38.97365461945478,12.048192771084347,-0.03261158558876089,-0.04189094170916014,0.03655759573379773,-0.09627683043541983,2.102142857142857,25.737472009018795,1.7178,0.27153357000389194,2851960000.0,-0.08650924290928265
2018-08-12,-0.16425284062063117,-7.5517001438436635,36.05191227954276,13.636363636363626,-0.08650924290928265,-0.03261158558876089,-0.04189094170916014,0.03655759573379773,2.0407142857142855,26.36090263897716,2.1,0.27642402928932824,2817820000.0,-0.04308358613631156
2018-08-19,-0.18565339145439896,-8.709138429084035,34.74294475447904,7.865168539325849,-0.04308358613631156,-0.08650924290928265,-0.03261158558876089,-0.04189094170916014,2.0007142857142854,26.99109932614737,2.0888,0.2666794557686619,2809100000.0,0.037041271680349076
2018-08-26,-0.19551817183465103,-9.328042106247745,36.8591080279147,14.94252873563217,0.037041271680349076,-0.04308358613631156,-0.08650924290928265,-0.03261158558876089,1.9828571428571429,27.141013349689647,2.066048,0.2583452089280432,2833410000.0,0.02985296314968113
2018-09-02,-0.19703025706892663,-9.533611794413092,38.644680013067315,20.689655172413783,0.02985296314968113,0.037041271680349076,-0.04308358613631156,-0.08650924290928265,1.962142857142857,27.28021922869319,2.04420608,0.24774912257604012,2866740000.0,-0.03593200922606333
2018-09-09,-0.2007559049639409,-9.864748461444387,37.28218797857452,14.942528735632173,-0.03593200922606333,0.02985296314968113,0.037041271680349076,-0.04308358613631156,1.9164285714285714,27.749158326508393,2.0232378368,0.24576704239203728,2821680000.0,0.0060790460763821925
2018-09-16,-0.20058932248893568,-9.996681304090098,37.676580763474426,17.073170731707304,0.0060790460763821925,-0.03593200922606333,0.02985296314968113,0.037041271680349076,1.8721428571428569,28.184601774479653,1.992443566592,0.2324979679354632,2851460000.0,0.02985296314968113
2018-09-23,-0.19418428696021195,-9.788249291161105,39.717764499011494,23.170731707317064,0.02985296314968113,0.0060790460763821925,-0.03593200922606333,0.02985296314968113,1.8307142857142857,28.13806819589266,1.96349695259648,0.22589097022578727,2947130000.0,0.06269859421556398
2018-09-30,-0.1781782416091009,-9.040114882351915,44.05858324929131,41.66666666666667,0.06269859421556398,0.02985296314968113,0.0060790460763821925,-0.03593200922606333,1.7957142857142858,27.309695235286046,1.9362871354406912,0.2233273294953739,3011290000.0,0.03794493156412347
2018-10-07,-0.15802332583134615,-8.045033842809152,46.68937294514614,56.92307692307689,0.03794493156412347,0.06269859421556398,0.02985296314968113,0.0060790460763821925,1.7757142857142856,26.253551062757847,1.51,0.21737537738856144,3071670000.0,0.005305052229693098
2018-10-14,-0.13963388098175078,-7.128776400297077,47.072305501817745,64.40677966101691,0.005305052229693098,0.03794493156412347,0.06269859421556398,0.02985296314968113,1.762857142857143,25.272845759695947,1.5186,0.21041999328937847,3135630000.0,0.10058723690516862
2018-10-21,-0.10768051101717613,-5.470295152107894,54.1637153664873,98.30508474576267,0.10058723690516862,0.005305052229693098,0.03794493156412347,0.06269859421556398,1.7778571428571428,23.58428943934685,1.527028,0.21038999376870857,3187180000.0,-0.0540672212702757
2018-10-28,-0.09019361989373809,-4.579951689422193,50.18136510817079,79.66101694915253,-0.0540672212702757,0.10058723690516862,0.005305052229693098,0.03794493156412347,1.78,22.016344284736977,1.54994688,0.2067907084995151,3139510000.0,0.005037794029957081
2018-11-04,-0.07466749585236943,-3.788601048709862,50.53740601153517,81.35593220338981,0.005037794029957081,-0.0540672212702757,0.10058723690516862,0.005305052229693098,1.7885714285714285,20.444579228330497,1.5719490048,0.19844851503526403,3177230000.0,0.0
2018-11-11,-0.06165224202107056,-3.12596152333695,50.537406011535154,81.35593220338981,0.0,0.005037794029957081,-0.0540672212702757,0.10058723690516862,1.8014285714285714,18.985083104524477,1.593071044608,0.18855933538988803,3199720000.0,0.0
2018-11-18,-0.05075251617579579,-2.571598405414134,50.537406011535154,81.35593220338981,0.0,0.0,0.005037794029957081,-0.0540672212702757,1.825,17.757949851826655,1.61334820282368,0.1808050971477532,3232150000.0,-0.005037794029957181
2018-11-25,-0.042432189474503446,-2.1494945739307587,50.09029464805952,79.66101694915253,-0.005037794029957181,0.0,0.0,0.005037794029957081,1.852857142857143,17.299855010234214,1.6328142747107328,0.18146187592291368,3200220000.0,-0.03077165866675366
2018-12-02,-0.04021618206494937,-2.0413784885491197,47.3816686292119,69.49152542372879,-0.03077165866675366,-0.005037794029957181,0.0,0.0,1.8721428571428569,16.874481228755517,1.6515017037223034,0.17421459907127698,3176430000.0,0.02570835671020703
2018-12-09,-0.03403308586584064,-1.7275270075343452,49.81698638468172,77.96610169491524,0.02570835671020703,-0.03077165866675366,-0.005037794029957181,0.0,1.8914285714285715,16.668274717374562,1.6694416355734112,0.16891355628047147,3219290000.0,-0.015345569674660421
2018-12-16,-0.031194100685731696,-1.5852103869294847,48.37043297885316,66.66666666666664,-0.015345569674660421,0.02570835671020703,-0.03077165866675366,-0.005037794029957181,1.9128571428571426,16.390587407343737,1.6866639701504746,0.1625625879747235,3186470000.0,0.030459207484708654
2018-12-23,-0.023828011434241736,-1.2094181808203612,51.409386657189316,79.16666666666664,0.030459207484708654,-0.015345569674660421,0.02570835671020703,-0.03077165866675366,1.9378571428571427,15.537257442855276,1.7031974113444557,0.15952240311938612,3229990000.0,-0.040821994520255166
2018-12-30,-0.0241670809786958,-1.2289477418895407,47.402983121014145,51.35135135135132,-0.040821994520255166,0.030459207484708654,-0.015345569674660421,0.02570835671020703,1.9535714285714287,14.970058258958478,1.7190695148906774,0.1588422314680014,3162340000.0,0.0408219945202552
2019-01-06,-0.017775559043681666,-0.9027854843821286,51.475457846868785,74.35897435897435,0.0408219945202552,-0.040821994520255166,0.030459207484708654,-0.015345569674660421,1.967142857142857,15.65573660834119,2.1,0.1682106435060013,3201070000.0,0.004987541511038968
2019-01-13,-0.011767665116890758,-0.5967352862434423,51.97601101178511,76.92307692307685,0.004987541511038968,0.0408219945202552,-0.040821994520255166,0.030459207484708654,1.9764285714285712,15.608317709065963,2.0922,0.1640527403984298,3252340000.0,0.21815600980317076
2019-01-20,0.03216179781853645,1.599199830499667,68.90320974669103,98.75000000000003,0.21815600980317076,0.004987541511038968,0.0408219945202552,-0.040821994520255166,2.02,15.952278362046917,1.71,0.18876325894139906,3339670000.0,-0.040821994520255166
2019-01-27,0.0582357440178769,2.8547994098849903,63.949266434047566,86.25000000000001,-0.040821994520255166,0.21815600980317076,0.004987541511038968,0.0408219945202552,2.0421428571428573,16.271670396957802,1.726,0.1967087404455848,3255710000.0,0.020619287202735825
2019-02-03,0.08198899823083128,3.960246867822141,65.29291116829339,88.09523809523814,0.020619287202735825,-0.040821994520255166,0.21815600980317076,0.004987541511038968,2.0757142857142856,16.880594930137754,1.74168,0.20765811612804302,3351030000.0,0.059423420470800806
2019-02-10,0.11163056209305111,5.2917086104126305,69.02297292046337,74.78991596638657,0.059423420470800806,0.020619287202735825,-0.040821994520255166,0.21815600980317076,2.119285714285714,18.672547591395737,1.7740128,0.22496825069032564,3489770000.0,-0.05129329438755046
2019-02-17,0.12321149603532522,5.767685391129287,62.73060527939626,63.865546218487424,-0.05129329438755046,0.059423420470800806,0.020619287202735825,-0.040821994520255166,2.1535714285714285,19.548053829337796,1.841572032,0.2310419470695881,3438240000.0,-0.04980282248381825
2019-02-24,0.12130810814354165,5.636804320790072,57.51808867883234,53.78151260504203,-0.04980282248381825,-0.05129329438755046,0.059423420470800806,0.020619287202735825,2.1792857142857143,19.266283947372436,1.90507771008,0.23739609370747466,3340490000.0,-0.017167803622365446
2019-03-03,0.11524353805005338,5.326051301571381,55.85210423592865,50.420168067226896,-0.017167803622365446,-0.04980282248381825,-0.05129329438755046,0.059423420470800806,2.202857142857143,19.004640485547462,1.9647730474752,0.23186780129979792,3273510000.0,-0.07644169549994201
2019-03-10,0.09561752401042467,4.422621898412964,49.31455161269548,36.13445378151262,-0.07644169549994201,-0.017167803622365446,-0.04980282248381825,-0.05129329438755046,2.218571428571429,18.10958738074679,2.020886664626688,0.2303058154926695,3248940000.0,0.10208412611327966
2019-03-17,0.09749893723851732,4.477734656643887,56.69927778038254,55.462184873949596,0.10208412611327966,-0.07644169549994201,-0.017167803622365446,-0.04980282248381825,2.2471428571428573,17.679027077246648,2.9,0.23885540010033599,3294850000.0,-0.1401839723455502
2019-03-24,0.07313253521222496,3.372153471633886,46.80165580417803,29.41176470588236,-0.1401839723455502,0.10208412611327966,-0.07644169549994201,-0.017167803622365446,2.255714285714286,17.323956513199136,2.8832,0.24750858580745483,3207220000.0,-0.03457134406508867
2019-03-31,0.0476245845054466,2.2094647557831664,44.89584192502247,23.529411764705888,-0.03457134406508867,-0.1401839723455502,0.10208412611327966,-0.07644169549994201,2.255,16.882885428465585,2.866736,0.25482940110692237,3108080000.0,0.0
2019-04-07,0.027096992532837483,1.2643105811759938,44.89584192502247,23.529411764705888,0.0,-0.03457134406508867,-0.1401839723455502,0.10208412611327966,2.2600000000000002,16.421946342688905,2.82046656,0.2480558724564279,3141820000.0,-0.025446665661164262
2019-04-14,0.006716719704920049,0.315610222266734,43.43077267199476,19.327731092436977,-0.025446665661164262,0.0,-0.03457134406508867,-0.1401839723455502,2.255714285714286,15.72835076237944,2.7760478976,0.24462331013811162,3122510000.0,0.0
2019-04-21,-0.00932727433068381,-0.4411663278049783,43.43077267199476,19.327731092436977,0.0,-0.025446665661164262,0.0,-0.03457134406508867,2.250714285714286,15.084297723520653,2.733405981696,0.2342930736996751,3141060000.0,-0.015584731016698316
2019-04-28,-0.02418422379640539,-1.1521220546849642,42.46645818312105,16.806722689075627,-0.015584731016698316,0.0,-0.025446665661164262,0.0,2.2085714285714286,14.486248473151779,2.69246974242816,0.22041499700684117,3120810000.0,-0.03733767043764412
2019-05-05,-0.041132725813179505,-1.9776206570031805,40.2223193806665,10.924369747899169,-0.03733767043764412,-0.015584731016698316,0.0,-0.025446665661164262,2.1685714285714286,14.677390166744745,2.6531709527310334,0.21824249722063824,3091230000.0,-0.06744128079553265
2019-05-12,-0.06351536727004614,-3.093406699357663,36.64703639069513,0.8403361344537823,-0.06744128079553265,-0.03733767043764412,-0.015584731016698316,0.0,2.1164285714285715,15.039302535828986,2.615444114621792,0.21193946170487837,3062500000.0,0.05100255445237279
2019-05-19,-0.07314831579300396,-3.5941033087162193,40.89073760737081,18.691588785046726,0.05100255445237279,-0.06744128079553265,-0.03733767043764412,-0.015584731016698316,2.06,15.819171095706979,2.5792263500369206,0.21108664301167274,3100470000.0,-0.07453305186256687
2019-05-26,-0.09023226901420434,-4.491585743662201,37.03203773985055,7.8651685393258255,-0.07453305186256687,0.05100255445237279,-0.06744128079553265,-0.03733767043764412,2.0035714285714286,15.725066878550837,2.5210727690347055,0.21743759708226756,3032070000.0,0.023530497410194036
2019-06-02,-0.09939796149219093,-5.0011136411801544,38.9412972006617,13.580246913580234,0.023530497410194036,-0.07453305186256687,0.05100255445237279,-0.06744128079553265,1.9585714285714286,15.637684391191565,2.466408402892623,0.2076206258621056,3046280000.0,-0.02353049741019416
2019-06-09,-0.10863720247645747,-5.529349326444449,37.7099351055507,8.641975308641957,-0.02353049741019416,0.023530497410194036,-0.07453305186256687,0.05100255445237279,1.9135714285714285,14.8957240618769,2.415023898719066,0.20493343830052663,3022520000.0,0.029327615094520136
2019-06-16,-0.11064928925927076,-5.682045494893155,40.25316133076597,14.814814814814804,0.029327615094520136,-0.02353049741019416,0.023530497410194036,-0.07453305186256687,1.8842857142857141,14.206760898941853,2.366722464795922,0.20172390699334616,3065260000.0,-0.01749315744751723
2019-06-23,-0.1133579123596602,-5.876428341097099,39.21851182708185,11.111111111111097,-0.01749315744751723,0.029327615094520136,-0.02353049741019416,0.023530497410194036,1.8364285714285713,13.629839477817896,2.3213191169081666,0.19517219935096428,3047580000.0,-0.060624621816434736
2019-06-30,-0.12216543288150739,-6.4140452401141745,35.90553714734365,0.0,-0.060624621816434736,-0.01749315744751723,0.029327615094520136,-0.02353049741019416,1.8035714285714286,13.647637108451713,2.2786399698936766,0.19480275654018112,3016660000.0,0.01242251999855711
2019-07-07,-0.12607827166208274,-6.693582363216271,37.050869222299205,4.444444444444451,0.01242251999855711,-0.060624621816434736,-0.01749315744751723,0.029327615094520136,1.7771428571428574,13.664163479754544,2.2243487723021826,0.18445970250159674,3033780000.0,-0.02500130220541727
2019-07-14,-0.13089797986154106,-7.033431236244114,35.6777049363841,2.083333333333336,-0.02500130220541727,0.01242251999855711,-0.060624621816434736,-0.01749315744751723,1.7478571428571428,13.869753916629747,2.1744008705180082,0.17485543803719697,3009440000.0,0.012578782206860185
2019-07-21,-0.13158694805357785,-7.144695183632574,36.93622104126003,13.043478260869577,0.012578782206860185,-0.02500130220541727,0.01242251999855711,-0.060624621816434736,1.7235714285714288,14.252802429073743,2.1139607834662075,0.1687943353202543,3022920000.0,-0.04473589384139153
2019-07-28,-0.13621121717208418,-7.489683221563308,34.3993401062929,0.0,-0.04473589384139153,0.012578782206860185,-0.02500130220541727,0.01242251999855711,1.6942857142857142,13.970385575694747,2.045085489450263,0.1688804542259504,3002900000.0,-0.019802627296179754
2019-08-04,-0.14067511785271392,-7.836846759077398,33.3423952780803,0.0,-0.019802627296179754,-0.04473589384139153,0.012578782206860185,-0.02500130220541727,1.6649999999999998,13.922301453243804,1.972973520927226,0.16396042178123965,2981490000.0,-0.06899287148695156
2019-08-11,-0.15054654866685135,-8.525759158309349,30.03014555502105,0.0,-0.06899287148695156,-0.019802627296179754,-0.04473589384139153,0.012578782206860185,1.6335714285714287,14.541127295835205,1.8972977575788699,0.16010610593972258,2927780000.0,0.1823215567939546
2019-08-18,-0.1342287631375645,-7.629103953744347,46.15838806081775,52.83018867924529,0.1823215567939546,-0.06899287148695156,-0.019802627296179754,-0.04473589384139153,1.6307142857142858,13.541433858499289,1.8077841612146732,0.17009852694402808,2961090000.0,0.0
2019-08-25,-0.1199145008210285,-6.838398560471175,46.15838806081775,52.83018867924529,0.0,0.1823215567939546,-0.06899287148695156,-0.019802627296179754,1.6214285714285714,12.613147095258794,1.734383012196032,0.1650914893051689,2984490000.0,-0.08053886248401225
2019-09-01,-0.11770344629016982,-6.770523116602531,41.06191261088828,33.33333333333335,-0.08053886248401225,0.0,0.1823215567939546,-0.06899287148695156,1.612142857142857,12.389763721079357,1.4,0.16615638292622828,2969130000.0,0.09237332013101507
2019-09-08,-0.10266397682821315,-5.9151201914557205,48.172596098690285,66.66666666666664,0.09237332013101507,-0.08053886248401225,0.0,0.1823215567939546,1.6107142857142858,12.099110968550931,1.4058,0.1650023555743548,2981510000.0,0.04035129552356745
2019-09-15,-0.08412691127450667,-4.839980958835302,51.1353885111005,78.72340425531915,0.04035129552356745,0.09237332013101507,-0.08053886248401225,0.0,1.6171428571428572,11.902199635132604,1.417568,0.16535933017618662,3017450000.0,-0.04035129552356746
2019-09-22,-0.07422890366092472,-4.2774871075226475,48.16986172114739,63.829787234042534,-0.04035129552356746,0.04035129552356745,0.09237332013101507,-0.08053886248401225,1.615,11.055022932874138,1.4447139199999999,0.16354794944931617,3003610000.0,-0.017804624633506707
2019-09-29,-0.06802130335215306,-3.930733217676663,46.914144103649924,57.44680851063828,-0.017804624633506707,-0.04035129552356746,0.04035129552356745,0.09237332013101507,1.612857142857143,10.268358852205562,1.4702310848,0.157580238774365,2980420000.0,-0.01204833851617448
2019-10-06,-0.06397806888400281,-3.709871001825693,46.05223644865398,53.191489361702104,-0.01204833851617448,-0.017804624633506707,-0.04035129552356746,0.04035129552356745,1.6164285714285713,9.537885063013315,1.494217219712,0.15061022171905322,2963110000.0,0.04154900291287248
2019-10-13,-0.054497152205149835,-3.1607206803144363,49.546088488947845,68.08510638297871,0.04154900291287248,-0.01204833851617448,-0.017804624633506707,-0.04035129552356746,1.6235714285714284,9.103781358908037,1.51676418652928,0.14485234873912084,3008860000.0,-0.011696039763191298
2019-10-20,-0.04804347500997852,-2.78932090679876,48.57806058751504,63.829787234042534,-0.011696039763191298,0.04154900291287248,-0.01204833851617448,-0.017804624633506707,1.6321428571428573,8.70068506223885,1.5379583353375232,0.1387914666863265,2944310000.0,0.028987536873252406
2019-10-27,-0.03845106723587022,-2.229756409727962,51.147790074051876,74.46808510638296,0.028987536873252406,-0.011696039763191298,0.04154900291287248,-0.01204833851617448,1.6428571428571428,8.91053115483065,1.557880835217272,0.1367349333515889,2985310000.0,0.04470017891790699
2019-11-03,-0.024115692857456184,-1.3921440943826044,55.020855328690224,84.3137254901961,0.04470017891790699,0.028987536873252406,-0.011696039763191298,0.04154900291287248,1.6642857142857144,9.958968943620787,1.5766079851042356,0.13839672382647542,3033890000.0,0.08883121370661563
2019-11-10,0.0009518020869700994,0.05432344845972777,61.928287506751786,86.95652173913045,0.08883121370661563,0.04470017891790699,0.028987536873252406,-0.011696039763191298,1.7,11.911110363369636,1.6032793462958967,0.1470826721245843,3109190000.0,0.0
2019-11-17,0.02058073058089982,1.1624480295697308,61.92828750675179,86.15384615384617,0.0,0.08883121370661563,0.04470017891790699,0.028987536873252406,1.7428571428571427,13.72381311027928,1.651951411666307,0.14943390982997112,3154570000.0,0.024692612590371414
2019-11-24,0.03971358645983725,2.2171857734231684,63.82335289629014,93.10344827586205,0.024692612590371414,0.0,0.08883121370661563,0.04470017891790699,1.7692857142857144,15.40703708955252,1.6957562704996763,0.1466172019849732,3204950000.0,-0.014742281737203319
2019-12-01,0.051857976832681896,2.868058657895564,61.834562500828476,79.68750000000001,-0.014742281737203319,0.024692612590371414,0.0,0.08883121370661563,1.7935714285714286,17.328872874333996,1.7351806434497086,0.14685883041461795,3168970000.0,0.029270382300113237
2019-12-08,0.0655681632862477,3.586368993430223,64.23495806685752,88.33333333333336,0.029270382300113237,-0.014742281737203319,0.024692612590371414,0.0,1.8314285714285712,18.635849714725826,1.7849589662357435,0.14565462824214523,3218580000.0,0.03309994842634471
2019-12-15,0.08114659240757427,4.381345588810992,66.85418286426417,91.22807017543855,0.03309994842634471,0.029270382300113237,-0.014742281737203319,0.024692612590371414,1.8635714285714287,20.411105727359956,1.8287638902874543,0.1459650119391349,3261700000.0,-0.023530497410194046
2019-12-22,0.08843856288829932,4.7281808644314,63.2888670602932,82.45614035087719,-0.023530497410194046,0.03309994842634471,0.029270382300113237,-0.014742281737203319,1.887142857142857,21.704602939685493,1.8807369456472107,0.14482465394348237,3240800000.0,-0.009569451016150672
2019-12-29,0.09154835670780415,4.854157804333462,61.867594650514704,78.94736842105262,-0.009569451016150672,-0.023530497410194046,0.03309994842634471,0.029270382300113237,1.9142857142857144,22.78421111249702,1.9254337732566011,0.14376575009037648,3209300000.0,0.08299691957096783
2020-01-05,0.10730049309963485,5.607013564443278,68.68384626116044,81.8181818181818,0.08299691957096783,-0.009569451016150672,-0.023530497410194046,0.03309994842634471,1.9564285714285712,24.941358358800503,1.963873045000677,0.15635391079820674,3310400000.0,-0.013363227812167028
2020-01-12,0.1160259504653185,5.989628370505263,66.5487152851277,77.33333333333334,-0.013363227812167028,0.08299691957096783,-0.009569451016150672,-0.023530497410194046,1.9978571428571428,26.394539817001533,2.01,0.15875720288404913,3274860000.0,-0.004494389587839215
2020-01-19,0.12074218115962565,6.1663910243974485,65.81428009517256,75.67567567567572,-0.004494389587839215,-0.013363227812167028,0.08299691957096783,-0.009569451016150672,2.033571428571429,27.785826685498808,2.0724,0.15598883124947416,3231420000.0,-0.03203935374461677
2020-01-26,0.11747720884138024,5.95639836639879,60.75940920513828,65.27777777777779,-0.03203935374461677,-0.004494389587839215,-0.013363227812167028,0.08299691957096783,2.0657142857142854,28.196619774873252,2.4,0.154132486160226,3181590000.0,0.009259325412796726
2020-02-02,0.11517585208102998,5.796669647441022,61.665346448483746,64.0625,0.009259325412796726,-0.03203935374461677,-0.004494389587839215,-0.013363227812167028,2.0957142857142856,27.874096945699627,2.394,0.15526588000592417,3219690000.0,-0.013921338518608007
2020-02-09,0.10966708707413408,5.488101951629512,59.44828441367805,54.38596491228073,-0.013921338518608007,0.009259325412796726,-0.03203935374461677,-0.004494389587839215,2.117857142857143,27.574611461466976,2.37944,0.1527468885769296,3190630000.0,0.0
2020-02-16,0.104101335720308,5.1823463766894315,59.44828441367805,46.938775510204124,0.0,-0.013921338518608007,0.009259325412796726,-0.03203935374461677,2.1278571428571427,27.29651779753666,2.3654624,0.1454078251071489,3208850000.0,-0.09297645645810475
2020-02-23,0.08339766915283375,4.160698355792939,47.02882911925324,16.666666666666647,-0.09297645645810475,0.0,-0.013921338518608007,0.009259325412796726,2.124285714285714,25.776804480327087,2.3520439040000003,0.15502155188520966,3172760000.0,0.02531780798429
2020-03-01,0.07021505096859793,3.5035909924552624,49.98972767828103,34.42622950819672,0.02531780798429,-0.09297645645810475,0.0,-0.013921338518608007,2.1207142857142856,24.836481746717432,2.32252126976,0.158948583893409,3241440000.0,-0.1743533871447778
2020-03-08,0.03355955181036685,1.6948570141865393,36.08701440135331,19.999999999999993,-0.1743533871447778,0.02531780798429,-0.09297645645810475,0.0,2.0964285714285715,25.451082469427565,2.2799195681792,0.18330939932959406,3178400000.0,0.0059347355198145265
2020-03-15,0.0052561316515205014,0.26836248163533083,36.67966226460271,21.111111111111104,0.0059347355198145265,-0.1743533871447778,0.02531780798429,-0.09297645645810475,2.0685714285714285,25.03822299397429,2.2019276113612802,0.1937872993774802,3277900000.0,0.06305813596713701
2020-03-22,-0.00820388279374673,-0.42139343696902515,42.94674480130496,33.33333333333334,0.06305813596713701,0.0059347355198145265,-0.1743533871447778,0.02531780798429,2.0435714285714286,24.65485348105339,2.1317348502251523,0.19708820656480303,3333450000.0,-0.06305813596713691
2020-03-29,-0.02743091538996767,-1.4228976440675585,38.81007068561497,21.111111111111104,-0.06305813596713691,0.06305813596713701,0.0059347355198145265,-0.1743533871447778,2.0142857142857147,24.2988675047697,2.068561365202637,0.19515333466731713,3289800000.0,0.2172088157943953
2020-04-05,-0.009475674086266705,-0.48829215160887074,55.87151887781648,66.66666666666669,0.2172088157943953,-0.06305813596713691,0.06305813596713701,0.0059347355198145265,2.0157142857142856,23.216862522483947,1.5,0.21335666790536592,3380800000.0,-0.028987536873252298
2020-04-12,-8.651723480546103e-05,-0.004441474289375505,53.51971133144545,67.50000000000001,-0.028987536873252298,0.2172088157943953,-0.06305813596713691,0.06305813596713701,2.0,22.212143610361462,1.5128,0.21383119162641123,3298080000.0,-0.11411330676742099
2020-04-19,-0.010279211812893374,-0.5302765212094839,45.89184711474553,40.00000000000002,-0.11411330676742099,-0.028987536873252298,0.2172088157943953,-0.06305813596713691,1.9707142857142856,21.030567955438347,1.525344,0.22141467793881045,3255250000.0,-0.016620881236040407
2020-04-26,-0.020540961561390958,-1.0656981080015102,44.95101538667065,39.72602739726028,-0.016620881236040407,-0.11411330676742099,-0.028987536873252298,0.2172088157943953,1.94,19.93339056158117,1.53763712,0.20988505808603827,3234830000.0,0.0055710450494554295
2020-05-03,-0.027548988155668086,-1.4363217557893226,45.35318081437288,42.857142857142854,0.0055710450494554295,-0.016620881236040407,-0.11411330676742099,-0.028987536873252298,1.9150000000000003,19.355316227426616,1.5496843776,0.20703612536560698,3289410000.0,0.0
2020-05-10,-0.03272565869926769,-1.7140305228347517,45.35318081437288,43.478260869565226,0.0,0.0055710450494554295,-0.016620881236040407,-0.11411330676742099,1.8885714285714283,18.81853291714025,1.561490690048,0.19653354498234935,3307510000.0,0.048790164169431834
2020-05-17,-0.029229025550244536,-1.5320378085710173,49.22501790551739,60.0,0.048790164169431834,0.0,0.0055710450494554295,-0.016620881236040407,1.8707142857142858,17.56551022257289,1.57306087624704,0.19463829176932437,3332680000.0,-0.005305052229693229
2020-05-24,-0.02695412464374236,-1.4143284654253325,48.81119568378193,59.374999999999964,-0.005305052229693229,0.048790164169431834,0.0,0.0055710450494554295,1.852142857142857,16.83201613440298,1.5843996587220992,0.19573555664294404,3278830000.0,-0.03794493156412337
2020-05-31,-0.030448670946126466,-1.6036638829842946,45.902193243289126,48.4375,-0.03794493156412337,-0.005305052229693229,0.048790164169431834,0.0,1.8421428571428573,16.08168084086402,1.595511665547657,0.18961158831130517,3242990000.0,0.021858793812499017
2020-06-07,-0.029648686756300835,-1.5645025930583718,47.816044871866,54.6875,0.021858793812499017,-0.03794493156412337,-0.005305052229693229,0.048790164169431834,1.8314285714285712,15.384940925434986,1.606401432236704,0.18106790343192625,3255990000.0,-0.04420609250449568
2020-06-14,-0.03506580812602356,-1.8594448235111045,44.43052960291084,31.481481481481467,-0.04420609250449568,0.021858793812499017,-0.03794493156412337,-0.005305052229693229,1.8378571428571426,14.359925107467259,1.6170734035919698,0.1752773389010744,3231470000.0,0.005633817718256064
2020-06-21,-0.03811266038861527,-2.029446761678249,44.95517075339285,33.33333333333332,0.005633817718256064,-0.04420609250449568,0.021858793812499017,-0.03794493156412337,1.8442857142857143,13.627483122969453,1.6275319355201305,0.17204324326528336,3253550000.0,-0.06378973787533009
2020-06-28,-0.04884039181499222,-2.6221950249582413,40.43307050738544,4.081632653061226,-0.06378973787533009,0.005633817718256064,-0.04420609250449568,0.021858793812499017,1.8350000000000002,13.303164688075428,1.6377812968097278,0.1690401544606203,3217690000.0,0.069391993424
2020-07-05,-0.047116074364831784,-2.5369405281061996,46.72854329402686,28.571428571428584,0.069391993424,-0.06378973787533009,0.005633817718256064,-0.04420609250449568,1.842142857142857,12.668235903860566,1.6478256708735333,0.16768014342771886,3315740000.0,-0.016901810802603254
2020-07-12,-0.04762134047237199,-2.574125756519561,45.43570241623759,23.404255319148948,-0.016901810802603254,0.069391993424,-0.06378973787533009,0.005633817718256064,1.817857142857143,12.156502293353157,1.65,0.16498870461145326,3270140000.0,-0.017192400540372875
2020-07-19,-0.049867673286286385,-2.7085632892009746,44.121101700588035,22.22222222222225,-0.017192400540372875,-0.016901810802603254,0.069391993424,-0.06378973787533009,1.7957142857142858,11.681321083596275,1.6598,0.15748951142492087,3261040000.0,-0.011628037995119099
2020-07-26,-0.05265476966999394,-2.875110841406696,43.22324422483571,16.666666666666686,-0.011628037995119099,-0.017192400540372875,-0.016901810802603254,0.069391993424,1.787857142857143,11.49761623817036,1.66,0.14909740346599795,3253370000.0,0.05129329438755048
2020-08-02,-0.04705885065814086,-2.572824132304321,48.319860420023616,41.66666666666672,0.05129329438755048,-0.011628037995119099,-0.017192400540372875,-0.016901810802603254,1.7885714285714285,10.795313264188776,1.6696,0.14701901750414098,3290060000.0,0.0
2020-08-09,-0.04213830042767919,-2.3065212145677094,48.319860420023616,41.66666666666672,0.0,0.05129329438755048,-0.011628037995119099,-0.017192400540372875,1.7885714285714287,10.741141530695774,1.679008,0.14437480196813088,3338700000.0,0.0
2020-08-16,-0.03780295992885363,-2.071479003710285,48.319860420023616,41.66666666666672,0.0,0.0,0.05129329438755048,-0.011628037995119099,1.7885714285714287,10.002430565181443,1.6882278400000001,0.14263374468469298,3364330000.0,-0.02247285585205863
2020-08-23,-0.037166405863632956,-2.041979265749175,46.02640680846797,30.555555555555596,-0.02247285585205863,0.0,0.0,0.05129329438755048,1.7792857142857144,9.316484668632423,1.6972632832,0.13815990577864348,3328800000.0,0.05526267867504952
2020-08-30,-0.028266924406680882,-1.5505114146834684,52.142061658619376,84.00000000000007,0.05526267867504952,-0.02247285585205863,0.0,0.0,1.7778571428571428,9.252118276771487,1.7,0.13686276965159752,3375760000.0,-0.05526267867504953
2020-09-06,-0.028949473984206442,-1.5920308124562021,46.471419322467085,42.30769230769235,-0.05526267867504953,0.05526267867504952,-0.02247285585205863,0.0,1.7742857142857142,9.527669024663044,1.7087999999999999,0.13851542896219768,3310750000.0,0.011299555253933466
2020-09-13,-0.02755888491834524,-1.5179319336645338,47.69656835144648,50.00000000000004,0.011299555253933466,-0.05526267867504953,0.05526267867504952,-0.02247285585205863,1.7692857142857146,9.783537576276634,1.7174239999999998,0.1371928983220407,3337900000.0,0.06524052186840094
2020-09-20,-0.016582681121235954,-0.9102311309931659,54.43515778311981,96.15384615384615,0.06524052186840094,0.011299555253933466,-0.05526267867504953,0.05526267867504952,1.7785714285714285,10.286036803016112,1.7258755199999998,0.13667911987046635,3412550000.0,-0.02666824708216118
2020-09-27,-0.011782718817276105,-0.6460184881467933,51.460181111815196,64.5161290322581,-0.02666824708216118,0.06524052186840094,0.011299555253933466,-0.05526267867504953,1.7835714285714288,11.252871895527921,1.7341580095999998,0.13548775416543304,3340000000.0,0.09776416876589163
2020-10-04,0.007268906564085853,0.3950695317324493,60.33199992557812,70.37037037037037,0.09776416876589163,-0.02666824708216118,0.06524052186840094,0.011299555253933466,1.81,13.598839707111614,1.7422748494079998,0.1508100574393307,3487860000.0,0.019418085857101516
2020-10-11,0.02530344033507803,1.3620913547766222,61.910382220199715,77.77777777777777,0.019418085857101516,0.09776416876589163,-0.02666824708216118,0.06524052186840094,1.8307142857142857,15.77723838929647,1.7605838554316797,0.14718076762223564,3543950000.0,-0.029270382300113224
2020-10-18,0.0343583777301848,1.8376281069368832,58.171368017017,63.999999999999986,-0.029270382300113224,0.019418085857101516,0.09776416876589163,-0.02666824708216118,1.849285714285714,16.839831151939574,1.7781605012144126,0.14738214136350455,3498500000.0,0.21718524173057913
2020-10-25,0.08014947252429772,4.180674856708457,72.68168830028392,100.0,0.21718524173057913,-0.029270382300113224,0.019418085857101516,0.09776416876589163,1.905,19.589441819898667,1.795034081165836,0.17185484555182562,3619080000.0,0.019724505347778788
2020-11-01,0.11910090608066182,6.061851835294188,73.68484299668735,95.55555555555556,0.019724505347778788,0.21718524173057913,-0.029270382300113224,0.019418085857101516,1.9657142857142857,22.37459194985616,1.837932036295886,0.17743664229812378,3727320000.0,0.12124924363286968
2020-11-08,0.174585922045555,8.586345032587174,79.13153859248246,85.0,0.12124924363286968,0.019724505347778788,0.21718524173057913,-0.029270382300113224,2.0435714285714286,25.857551867535143,1.898897473392215,0.20333402499111494,3954440000.0,-0.12124924363286965
2020-11-15,0.18974271891781536,9.156087006588844,64.70805491391889,61.42857142857143,-0.12124924363286965,0.12124924363286968,0.019724505347778788,0.21718524173057913,2.097857142857143,27.679955605921943,2.0190077260529935,0.22381016606317816,3839720000.0,0.015504186535965254
2020-11-22,0.20264627522607892,9.597719377362644,65.52824531576258,63.76811594202899,0.015504186535965254,-0.12124924363286965,0.12124924363286968,0.019724505347778788,2.155,28.85976841109555,2.127106953447694,0.2421094399158083,3919440000.0,-0.01941808585710174
2020-11-29,0.20645793586387962,9.630065748691127,63.54039493128142,59.259259259259245,-0.01941808585710174,0.015504186535965254,-0.12124924363286965,0.12124924363286968,2.2114285714285713,29.95530887304247,2.224396258102925,0.23481590849325057,3863130000.0,-0.03187520853044883
2020-12-06,0.20070971629675638,9.257633865386651,60.38406656351651,53.33333333333334,-0.03187520853044883,-0.01941808585710174,0.015504186535965254,-0.12124924363286965,2.255,28.752204561907018,3.1,0.2516147721723041,3799250000.0,0.03187520853044882
2020-12-13,0.2003006016353721,9.1197511987993,62.3957246888939,59.259259259259245,0.03187520853044882,-0.03187520853044883,-0.01941808585710174,0.015504186535965254,2.3114285714285714,27.84389012128438,3.0802,0.25792800273142524,3835640000.0,0.0
2020-12-20,0.19769744226664798,8.895130523120539,62.3957246888939,58.64661654135337,0.0,0.03187520853044882,-0.03187520853044883,-0.01941808585710174,2.366428571428571,27.036462886572814,3.060796,0.2495045739648949,3870490000.0,-0.011834457647002796
2020-12-27,0.19101180524252914,8.509950925441004,61.04752877917682,53.96825396825397,-0.011834457647002796,0.0,0.03187520853044882,-0.03187520853044883,2.4107142857142856,26.2332328347446,3.0417800799999997,0.23739710439597386,3837270000.0,0.03891541624967362
2021-01-03,0.19157420580491458,8.430554627905455,63.85137016190887,60.3305785123967,0.03891541624967362,-0.011834457647002796,0.0,0.03187520853044882,2.4657142857142853,26.186166799320908,3.0231444784,0.25044016836769,3902960000.0,0.055673002426241576
2021-01-10,0.20179746315943392,8.738694488742208,67.61679666587202,71.7948717948718,0.055673002426241576,0.03891541624967362,-0.011834457647002796,0.0,2.517857142857143,26.211564751414237,3.0048815888319997,0.24469444205571214,3995700000.0,-0.018215439891341105
2021-01-17,0.2035188475464853,8.69862440680906,65.17956278839705,67.52136752136754,-0.018215439891341105,0.055673002426241576,0.03891541624967362,-0.011834457647002796,2.5635714285714286,26.235148564072325,2.98698395705536,0.23435912476601842,3912060000.0,0.0
2021-01-24,0.20254820742185053,8.554134598243031,65.17956278839705,64.48598130841124,0.0,-0.018215439891341105,0.055673002426241576,0.03891541624967362,2.6135714285714284,26.29630212224802,2.9694442779142527,0.22333347299701709,3973430000.0,-0.08434114843375093
2021-01-31,0.18192963515985072,7.651723542904326,55.05332323918161,39.3939393939394,-0.08434114843375093,0.0,-0.018215439891341105,0.055673002426241576,2.6128571428571425,25.093308225785346,2.952255392355968,0.2252382249258016,3900560000.0,-0.040821994520255166
2021-02-07,0.15572500292996638,6.5450293151798125,51.16242495884131,29.29292929292929,-0.040821994520255166,-0.08434114843375093,0.0,-0.018215439891341105,2.601428571428571,23.856238986912064,2.9354102845088486,0.23414978028824435,3842590000.0,0.03278982282299097
2021-02-14,0.13980143063669548,5.85740513814898,53.9654374204778,48.05194805194807,0.03278982282299097,-0.040821994520255166,-0.08434114843375093,0.0,2.572142857142857,22.707531836529732,2.9189020788186717,0.2317105102676555,3899370000.0,-0.01626052087178029
2021-02-21,0.1225416354708937,5.12578204504247,52.347645083517605,47.826086956521756,-0.01626052087178029,0.03278982282299097,-0.040821994520255166,-0.08434114843375093,2.5635714285714286,21.58506970515493,2.902724037242298,0.23015975953425152,3869720000.0,-0.05908891637000656
2021-02-28,0.09645442688833272,4.045951959221498,47.03312958698862,27.941176470588218,-0.05908891637000656,-0.01626052087178029,0.03278982282299097,-0.040821994520255166,2.5421428571428573,21.02386128555264,2.8868695564974525,0.23729120528180497,3831300000.0,0.0
2021-03-07,0.07491653495739925,3.1507277766085293,47.03312958698862,27.941176470588218,0.0,-0.05908891637000656,-0.01626052087178029,0.03278982282299097,2.5242857142857145,20.906883733396864,2.8713321653675035,0.2374846906188189,3853930000.0,0.008658062743114531
2021-03-14,0.058783810111711965,2.476697766099973,47.90931877994627,30.882352941176457,0.008658062743114531,0.0,-0.05908891637000656,-0.01626052087178029,2.5135714285714283,19.954108900385496,2.8561055220601532,0.24480721271747471,3886820000.0,0.0
2021-03-21,0.0454743099037036,1.919140652224877,47.90931877994627,30.882352941176457,0.0,0.008658062743114531,0.0,-0.05908891637000656,2.4971428571428573,19.069389412589228,2.84118341161895,0.23589241180908369,3907480000.0,0.10622221325530762
2021-03-28,0.055269153787415704,2.31726221842483,58.30763133752904,69.11764705882355,0.10622221325530762,0.0,0.008658062743114531,0.0,2.4992857142857146,18.154974920947982,2.826559743386571,0.24332866810843484,3933090000.0,-0.03953083875663532
2021-04-04,0.054336120889612705,2.2714488316970773,53.85477785983706,54.41176470588236,-0.03953083875663532,0.10622221325530762,0.0,0.008658062743114531,2.4964285714285714,17.505807998362272,2.8122285485188394,0.2416623346721181,3882710000.0,-0.032789822822990956
2021-04-11,0.046604130774358765,1.9477489614852426,50.5301843075386,42.647058823529406,-0.032789822822990956,-0.03953083875663532,0.10622221325530762,0.0,2.480714285714286,16.7797246636594,2.7981839775484625,0.2401150250526811,3691930000.0,-0.07346715188187251
2021-04-18,0.026453948994324072,1.1112002706610722,44.27529787367105,21.428571428571423,-0.07346715188187251,-0.032789822822990956,-0.03953083875663532,0.10622221325530762,2.442142857142857,16.61781644993326,2.7844202979974932,0.2458210946917753,3423060000.0,0.008928630744301398
2021-04-25,0.011960741628264326,0.5044628682099762,45.135744223699426,24.285714285714285,0.008928630744301398,-0.07346715188187251,-0.032789822822990956,-0.03953083875663532,2.4085714285714284,16.408127638179398,2.7562434860775937,0.2346910164995056,3477850000.0,-0.004454350349380197
2021-05-02,-0.0003283609135578125,-0.013906038676514241,44.76356222098958,23.880597014925396,-0.004454350349380197,0.008928630744301398,-0.07346715188187251,-0.032789822822990956,2.3742857142857146,16.489520071195813,2.7291937466344898,0.22507022960668374,3436200000.0,0.06062462181643463
2021-05-09,0.0012152580170781135,0.0514358056647091,50.871329629815584,55.55555555555552,0.06062462181643463,-0.004454350349380197,0.008928630744301398,-0.07346715188187251,2.365714285714286,15.826497537555838,2.70322599676911,0.22042235606334917,3486320000.0,-0.03854867011723502
2021-05-16,-0.004768690205553483,-0.20229574684430163,47.25394989813659,38.88888888888888,-0.03854867011723502,0.06062462181643463,-0.004454350349380197,0.008928630744301398,2.3578571428571427,14.864515160509793,2.678296956898346,0.21967790205882423,3422750000.0,-0.008771986072836994
2021-05-23,-0.010998066275072382,-0.46783941959931175,46.46326596277654,35.18518518518517,-0.008771986072836994,-0.03854867011723502,0.06062462181643463,-0.004454350349380197,2.3428571428571425,14.190577539085803,2.654365078622412,0.21327233762605105,3354800000.0,-0.004415018209116943
2021-05-30,-0.016551018280820173,-0.7060733547265439,46.04837517013119,33.33333333333328,-0.004415018209116943,-0.008771986072836994,-0.03854867011723502,0.06062462181643463,2.3299999999999996,13.564778319192099,2.6313904754775157,0.20303859922419026,3291670000.0,-0.008888947417245815
2021-06-06,-0.02230844770662488,-0.9548284939972954,45.179455291491095,29.629629629629655,-0.008888947417245815,-0.004415018209116943,-0.008771986072836994,-0.03854867011723502,2.325714285714286,12.718681787688142,2.609334856458415,0.1935358421367481,3219980000.0,0.013303965626362666
2021-06-13,-0.02417186451935871,-1.036767001071644,46.80105763376237,35.18518518518517,0.013303965626362666,-0.008888947417245815,-0.004415018209116943,-0.008771986072836994,2.323571428571429,11.933020722720183,2.588161462200078,0.1825689962698375,3245960000.0,0.02178735418490723
2021-06-20,-0.021367739634528427,-0.9168279165567443,49.48313229872416,44.4444444444444,0.02178735418490723,0.013303965626362666,-0.008888947417245815,-0.004415018209116943,2.323571428571429,11.17363057690736,2.567835003712075,0.1730997822505634,3285730000.0,0.0
2021-06-27,-0.018927268689040044,-0.8123884769186854,49.483132298724165,44.4444444444444,0.0,0.02178735418490723,0.013303965626362666,-0.008888947417245815,2.323571428571429,10.756828601170918,2.548321603563592,0.1657355120898089,3334170000.0,-0.004319661144516284
2021-07-04,-0.017597244231018827,-0.7557782023367077,48.91115974632576,42.59259259259259,-0.004319661144516284,0.0,0.02178735418490723,0.013303965626362666,2.3042857142857143,10.287846322775357,2.5295887394210483,0.15961154694053684,3208050000.0,0.03822121282019767
2021-07-11,-0.009175176701445853,-0.39316555011860926,54.05815354007579,61.53846153846151,0.03822121282019767,-0.004319661144516284,0.0,0.02178735418490723,2.2985714285714285,10.231486644573895,2.5116051898442064,0.15463929358764134,3249650000.0,-0.0041753714104805105
2021-07-18,-0.003269851124698686,-0.13986631779549674,53.41424106877193,86.11111111111116,-0.0041753714104805105,0.03822121282019767,-0.004319661144516284,0.0,2.297857142857143,10.255376834903617,2.494340982250438,0.14573648690280985,3203790000.0,0.004175371410480592
2021-07-25,0.0021918125166240365,0.0935694450975739,54.004262650984785,68.57142857142858,0.004175371410480592,-0.0041753714104805105,0.03822121282019767,-0.004319661144516284,2.31,10.997354295830123,2.08,0.1467553092668948,3275910000.0,-0.0041753714104805105
2021-08-01,0.005648194998952416,0.24076187854639156,53.27758147864698,65.71428571428578,-0.0041753714104805105,0.004175371410480592,-0.0041753714104805105,0.03822121282019767,2.3200000000000003,11.68633336669045,2.0886,0.13841564431925946,3250590000.0,0.04499736593073572
2021-08-08,0.01706674885264059,0.7239719295799607,59.701271548250645,96.87500000000007,0.04499736593073572,-0.0041753714104805105,0.004175371410480592,-0.0041753714104805105,2.3385714285714285,12.981219061289506,2.097028,0.13638595543931234,3296880000.0,-0.040821994520255166
2021-08-15,0.01784120843769399,0.7558122618248021,52.618694171317934,65.62500000000003,-0.040821994520255166,0.04499736593073572,-0.0041753714104805105,0.004175371410480592,2.34,12.807635919938836,2.1052874399999997,0.14450124433650433,3266040000.0,0.0
2021-08-22,0.01824466015318915,0.7719477930478671,52.618694171317934,65.62500000000003,0.0,-0.040821994520255166,0.04499736593073572,-0.0041753714104805105,2.347857142857143,12.646451574398927,2.1133816912,0.14132258402675402,3282800000.0,-0.021053409197832267
2021-08-29,0.014364234458454916,0.6080199857434441,49.23186416713658,48.38709677419358,-0.021053409197832267,0.0,-0.040821994520255166,0.04499736593073572,2.3535714285714286,12.496780396397586,2.121314057376,0.13622811373912874,3240160000.0,-0.02150620522096373
2021-09-05,0.007171715928866007,0.304165408062111,46.04048843542689,24.99999999999996,-0.02150620522096373,-0.021053409197832267,0.0,-0.040821994520255166,2.3564285714285718,11.96067562286004,2.12908777622848,0.13364039132919098,3204280000.0,0.054982134417353196
2021-09-12,0.011825193252648525,0.5003932968210376,54.3298668627313,70.37037037037045,0.054982134417353196,-0.02150620522096373,-0.021053409197832267,0.0,2.37,11.89316527411709,2.1367060207039104,0.13480893480567738,3255540000.0,0.00819676720417849
2021-09-19,0.016931761603160123,0.7145376270466487,55.46342067281678,76.92307692307705,0.00819676720417849,0.054982134417353196,-0.02150620522096373,-0.021053409197832267,2.382857142857143,11.619646045670535,2.144171900289832,0.13160829660527187,3283150000.0,0.008130126083250309
2021-09-26,0.02233512128970716,0.9396162524389063,56.62287932926985,84.61538461538477,0.008130126083250309,0.00819676720417849,0.054982134417353196,-0.02150620522096373,2.393571428571429,11.548457613788495,2.1514884622840356,0.12506484684775246,3319820000.0,0.05513207069471609
2021-10-03,0.03748208262486852,1.56546953421191,63.7392411595207,97.29729729729723,0.05513207069471609,0.008130126083250309,0.00819676720417849,0.054982134417353196,2.4142857142857146,12.65420388754921,2.1586586930383547,0.12827450064434157,3411750000.0,0.04860769906537701
2021-10-10,0.05929258415384231,2.450197802429819,68.84969635823484,89.09090909090916,0.04860769906537701,0.05513207069471609,0.008130126083250309,0.00819676720417849,2.445,14.680319653276596,2.1771123453168206,0.13482632202688857,3501880000.0,-0.014706147389695449
2021-10-17,0.07251400177165523,2.971084705702145,65.77782159620918,81.81818181818187,-0.014706147389695449,0.04860769906537701,0.05513207069471609,0.008130126083250309,2.4664285714285716,16.56171286430917,2.214485604597811,0.13091015616782506,3443680000.0,0.029199154692262135
2021-10-24,0.0884280582896384,3.586190041619971,68.77818778632513,96.36363636363636,0.029199154692262135,-0.014706147389695449,0.04860769906537701,0.05513207069471609,2.494285714285714,18.507094185694758,2.2496164683219426,0.12941657358440897,3499390000.0,-0.029199154692262124
2021-10-31,0.0935068426465806,3.7656654714276963,62.844576410397565,81.81818181818187,-0.029199154692262124,0.029199154692262135,-0.014706147389695449,0.04860769906537701,2.5157142857142856,19.70126716796495,2.282639480222626,0.13017253261409403,3461380000.0,-0.014925650216675706
2021-11-07,0.09322945896445178,3.7347908120368394,60.05479149753821,74.54545454545459,-0.014925650216675706,-0.029199154692262124,0.029199154692262135,-0.014706147389695449,2.535,20.810142080072985,2.313681111409269,0.1273030659988016,3437080000.0,-0.03442022388647942
2021-11-14,0.08477020441048211,3.388495055035083,54.222373472770684,58.18181818181817,-0.03442022388647942,-0.014925650216675706,-0.029199154692262124,0.029199154692262135,2.54,20.564709745165178,2.3428602447247124,0.12820998985603005,3412890000.0,-0.007812539736793625
2021-11-21,0.07558109951024461,3.016867663724334,52.990763140739766,50.0,-0.007812539736793625,-0.03442022388647942,-0.014925650216675706,-0.029199154692262124,2.5507142857142857,19.827916675100806,2.37028863004123,0.12619499058059933,3395500000.0,-0.019802627296179643
2021-11-28,0.06353173128914369,2.536305712289094,49.93695632526194,40.000000000000036,-0.019802627296179643,-0.007812539736793625,-0.03442022388647942,-0.014925650216675706,2.557857142857143,18.660564828542814,2.396071312238756,0.12432391982484221,3364690000.0,0.015873349156290163
2021-12-05,0.056558217938832644,2.2555682872188165,52.30499585212589,54.38596491228073,0.015873349156290163,-0.019802627296179643,-0.007812539736793625,-0.03442022388647942,2.5714285714285716,18.743739724280125,2.8,0.13830078269449633,3409360000.0,-0.007905179507113261
2021-12-12,0.04885465941150802,1.9476271681328132,51.005883652657516,50.87719298245616,-0.007905179507113261,0.015873349156290163,-0.019802627296179643,-0.007812539736793625,2.587142857142857,18.45942861358331,2.7885999999999997,0.14270786964488943,3391680000.0,0.03125254350410453
2021-12-19,0.04864412598512491,1.9340037988735121,55.74118818675857,64.91228070175443,0.03125254350410453,-0.007905179507113261,0.015873349156290163,-0.019802627296179643,2.599285714285714,18.103246528585434,2.7774279999999996,0.1425144503845402,3411740000.0,-0.01941808585710174
2021-12-26,0.04393622514126294,1.745037761736417,52.33652931143045,56.14035087719297,-0.01941808585710174,0.03125254350410453,-0.007905179507113261,0.015873349156290163,2.6064285714285718,17.772506021087406,2.7664794399999995,0.13662056107135875,3394920000.0,-0.015810606026642315
2022-01-02,0.03655611792580116,1.4522506684232872,49.720128382125786,49.122807017543835,-0.015810606026642315,-0.01941808585710174,0.03125254350410453,-0.007905179507113261,2.609285714285714,18.419607119330607,2.7557498511999996,0.141147663851976,3376680000.0,0.03522869188374403
2022-01-09,0.0375368758860426,1.4875884447716627,55.152671197503544,64.91228070175443,0.03522869188374403,-0.015810606026642315,-0.01941808585710174,0.03125254350410453,2.608571428571428,18.91415743880707,2.7452348541759997,0.138922830719692,3406940000.0,0.022814677766171264
2022-01-16,0.04266383011829955,1.6840139748454264,58.38111246082428,75.43859649122811,0.022814677766171264,0.03522869188374403,-0.015810606026642315,-0.01941808585710174,2.602857142857143,18.027280750050632,2.23,0.13971405709685686,3479570000.0,0.022305757514298186
2022-01-23,0.05098080189436072,2.0013832687072677,61.37547348216956,85.96491228070181,0.022305757514298186,0.022814677766171264,0.03522869188374403,-0.015810606026642315,2.6042857142857145,17.20375239620537,2.2404,0.1340201958756528,3525100000.0,0.04668711397265326
2022-01-30,0.06728634044376092,2.6184490193181738,66.92756537205105,92.53731343283586,0.04668711397265326,0.022305757514298186,0.022814677766171264,0.03522869188374403,2.6092857142857144,16.90387853853085,2.250592,0.13730446759882045,3716820000.0,0.027683428748416866
2022-02-06,0.08567630551302008,3.2998230943563023,69.80411915032292,95.89041095890413,0.027683428748416866,0.04668711397265326,0.022305757514298186,0.022814677766171264,2.625714285714286,17.0087297296642,2.27656832,0.135354148484619,3815830000.0,0.030254408357802343
2022-02-13,0.10628751682924253,4.044781096088639,72.68271725241405,98.75000000000003,0.030254408357802343,0.027683428748416866,0.04668711397265326,0.022305757514298186,2.6514285714285712,17.52547083085746,2.3175742208,0.13354313787857477,3927300000.0,0.0131580845775112
2022-02-20,0.1244155312014481,4.677651209925542,73.8747703843905,90.21739130434783,0.0131580845775112,0.030254408357802343,0.027683428748416866,0.04668711397265326,2.6864285714285714,18.63962081289996,2.374568283136,0.13400434231581945,4040430000.0,-0.05026183478088819
2022-02-27,0.12523473868734758,4.675867842775775,62.80652386063405,73.91304347826089,-0.05026183478088819,0.0131580845775112,0.030254408357802343,0.027683428748416866,2.712142857142857,18.160268752270117,2.4521114548224,0.14086117500754664,4011220000.0,-0.020834086902842025
2022-03-06,0.11966306661860981,4.446725707648257,58.99875810038917,67.39130434782611,-0.020834086902842025,-0.05026183478088819,0.0131580845775112,0.030254408357802343,2.737142857142857,17.715156124542407,2.52190030934016,0.142228233935579,3947070000.0,0.05129329438755048
2022-03-13,0.12589992677423023,4.639036865509339,64.75213671158116,80.26315789473685,0.05129329438755048,-0.020834086902842025,-0.05026183478088819,0.0131580845775112,2.77,17.301837255938104,2.584710278406144,0.14278336008303766,4062710000.0,0.09531017980432474
2022-03-20,0.15328322260243166,5.5591039295274935,72.93273398778975,96.77419354838706,0.09531017980432474,0.05129329438755048,-0.020834086902842025,-0.05026183478088819,2.825714285714286,18.59871942247386,2.6412392505655298,0.15615597721996352,4286670000.0,0.038637792705414134
2022-03-27,0.18336092477435662,6.531892670150014,75.57783993600401,93.63636363636365,0.038637792705414134,0.09531017980432474,0.05129329438755048,-0.020834086902842025,2.8850000000000002,20.39806311712569,2.723890540497666,0.17357340741853755,4471250000.0,0.03720028368609049
2022-04-03,0.21520686323071514,7.517016022796451,77.90330919629642,92.80000000000001,0.03720028368609049,0.038637792705414134,0.09531017980432474,0.05129329438755048,2.957142857142857,22.507556424351836,2.832545864827993,0.18331816403149914,4708610000.0,0.0783126034357538
2022-04-10,0.2608387880813585,8.88401644456841,82.01697191870784,100.0,0.0783126034357538,0.03720028368609049,0.038637792705414134,0.09531017980432474,3.052857142857143,24.95135624489703,2.963338526455514,0.1916525808863921,4836750000.0,0.050643732818754936
2022-04-17,0.30957219030814365,10.25562185969761,84.20139547615616,100.0,0.050643732818754936,0.0783126034357538,0.03720028368609049,0.038637792705414134,3.156428571428571,27.614532883214455,3.1229375916935216,0.20867739653736406,4955770000.0,-0.06371581438610774
2022-04-24,0.32428272264755487,10.540825352314446,72.36786144016898,82.01438848920863,-0.06371581438610774,0.050643732818754936,0.0783126034357538,0.03720028368609049,3.2378571428571425,29.556391593944,3.3083500733548172,0.22948615392755234,4900020000.0,-0.023969190112996277
2022-05-01,0.32493305171521225,10.403266530657639,68.62858638294782,73.84615384615385,-0.023969190112996277,-0.06371581438610774,0.050643732818754936,0.0783126034357538,3.3085714285714287,30.4969862058709,4.05,0.2395228572184414,4840140000.0,-0.0026990569691649467
2022-05-08,0.3209419072330042,10.136859360462859,68.2068782078382,71.31147540983609,-0.0026990569691649467,-0.023969190112996277,-0.06371581438610774,0.050643732818754936,3.3692857142857138,31.37039548837445,4.037599999999999,0.24169979598855273,4777800000.0,-0.05843108343584294
2022-05-15,0.29740534779841976,9.322813005452181,59.88487140862427,54.09836065573773,-0.05843108343584294,-0.0026990569691649467,-0.023969190112996277,-0.06371581438610774,3.4092857142857143,32.181418393556314,4.025447999999999,0.24229266770365612,4747630000.0,-0.02612630459222015
2022-05-22,0.2683963015428512,8.372650740487202,56.69236090370158,46.721311475409834,-0.02612630459222015,-0.05843108343584294,-0.0026990569691649467,-0.023969190112996277,3.4364285714285714,31.51031919615222,4.013539039999999,0.2507003342962521,4717750000.0,-0.02985296314968116
2022-05-29,0.23463256101164687,7.303461197502357,53.29277718755148,38.52459016393441,-0.02985296314968116,-0.02612630459222015,-0.05843108343584294,-0.0026990569691649467,3.4535714285714287,30.569242761117323,3.982997478399999,0.24707888184651977,4695570000.0,-0.006079046076382226
2022-06-05,0.2039101710112825,6.337312959676053,52.613243560806936,36.36363636363636,-0.006079046076382226,-0.02985296314968116,-0.02612630459222015,-0.05843108343584294,3.48,30.117821431072052,3.936017629695999,0.25085896171462546,4645900000.0,0.027069321968218124
2022-06-12,0.18469564698237884,5.720078756246371,55.37100625256862,43.33333333333334,0.027069321968218124,-0.006079046076382226,-0.02985296314968116,-0.02612630459222015,3.5171428571428573,29.6986444817443,3.8918565719142393,0.2450833215921522,4655580000.0,0.0059171770280885185
2022-06-19,0.16913218061235602,5.218786124528563,55.984037040355446,37.14285714285716,0.0059171770280885185,0.027069321968218124,-0.006079046076382226,-0.02985296314968116,3.5450000000000004,29.39879623945796,3.850345177599385,0.2354345129069985,4678220000.0,-0.02690745291992438
2022-06-26,0.14783166216732546,4.555371461138651,52.489913578799914,21.052631578947345,-0.02690745291992438,0.0059171770280885185,0.027069321968218124,-0.006079046076382226,3.5449999999999995,29.924103404856464,3.8113244669434216,0.24647490484221288,4654470000.0,-0.03390155167568134
2022-07-03,0.1206836017084858,3.7235081373195555,48.50519929808834,3.370786516853912,-0.03390155167568134,-0.02690745291992438,0.0059171770280885185,0.027069321968218124,3.527857142857143,30.030196095584955,3.7746449989268163,0.23886955449634048,4637820000.0,0.0
2022-07-10,0.09803844207026646,3.028364866392797,48.50519929808834,8.51063829787235,0.0,-0.03390155167568134,-0.02690745291992438,0.0059171770280885185,3.501428571428572,29.749669893012044,3.725473399012671,0.2275217291751733,4649420000.0,-0.028618805305652563
2022-07-17,0.07199977349821118,2.231052748550403,45.245931447839354,9.523809523809534,-0.028618805305652563,0.0,-0.03390155167568134,-0.02690745291992438,3.447857142857143,28.702660277510613,3.663926059111404,0.22484160566266093,4617020000.0,0.025479085300984968
2022-07-24,0.05716036338052488,1.7731444480803735,48.55500950398977,30.09708737864079,0.025479085300984968,-0.028618805305652563,0.0,-0.03390155167568134,3.3857142857142857,26.90819896593926,3.5842549320180352,0.2316386338296137,4652410000.0,-0.05826890812397588
2022-07-31,0.03052367040079318,0.951751863474431,42.35288080753941,15.116279069767431,-0.05826890812397588,0.025479085300984968,-0.028618805305652563,0.0,3.3285714285714287,25.241913462337287,3.4842592415355105,0.23437873141321272,4635760000.0,0.016529301951210506
2022-08-07,0.013295222392162298,0.416065146665246,44.47456566729874,21.4285714285714,0.016529301951210506,-0.05826890812397588,0.025479085300984968,-0.028618805305652563,3.281428571428571,23.694648351849743,3.398262947720539,0.22335167916941182,4651590000.0,0.0032733253449693297
2022-08-14,0.0004433588823555823,0.013918328493813376,44.91126322294323,23.17073170731707,0.0032733253449693297,0.016529301951210506,-0.05826890812397588,0.025479085300984968,3.235714285714286,22.257902177825592,3.3243061350396634,0.21311227351445386,4661470000.0,0.0
2022-08-21,-0.009630817472989772,-0.3032238936313225,44.91126322294323,25.675675675675674,0.0,0.0032733253449693297,0.016529301951210506,-0.05826890812397588,3.2049999999999996,20.923780730517453,3.2607032761341106,0.20288996826342146,4672040000.0,0.10536051565782635
2022-08-28,0.009708569342314899,0.3040843117141281,57.95154838296498,72.60273972602737,0.10536051565782635,0.0,0.0032733253449693297,0.016529301951210506,3.2050000000000005,21.61752392138846,2.87,0.21696925624460564,4756660000.0,0.0709517359722844
2022-09-04,0.04469289155553291,1.3851409360299987,64.58908845680244,93.9759036144578,0.0709517359722844,0.10536051565782635,0.0,0.0032733253449693297,3.23,23.226301264550305,2.8810000000000002,0.228614309369991,4813360000.0,-0.06801487629897467
2022-09-11,0.05244764096411636,1.6186640348502837,55.52719772619302,65.06024096385542,-0.06801487629897467,0.0709517359722844,0.10536051565782635,0.0,3.239285714285714,24.720165940343442,2.9137600000000003,0.23585614441499164,4788030000.0,0.10301171833607081
2022-09-18,0.08744127493421372,2.6657564857473366,63.929322568120014,100.0,0.10301171833607081,-0.06801487629897467,0.0709517359722844,0.10536051565782635,3.2685714285714282,26.92573603603568,2.9452096000000005,0.2461521340996351,4818860000.0,-0.0268112574506567
2022-09-25,0.10588424998275991,3.1991281045921998,60.59713321440572,88.04347826086958,-0.0268112574506567,0.10301171833607081,-0.06801487629897467,0.0709517359722844,3.289285714285714,28.995508505172747,2.9952970240000005,0.25071269594966117,4796320000.0,-0.05014978368547156
2022-10-02,0.10476824183010791,3.1519913630274856,55.03634514087579,68.4782608695652,-0.05014978368547156,-0.0268112574506567,0.10301171833607081,-0.06801487629897467,3.3035714285714284,29.611144731425835,3.0588732620800005,0.25994750338182826,4788270000.0,-0.014388737452099556
2022-10-09,0.09871133240190355,2.961443089315279,53.565880136528904,63.04347826086958,-0.014388737452099556,-0.05014978368547156,-0.0268112574506567,0.10301171833607081,3.3221428571428575,30.182806941517985,3.1173634011136007,0.25495125314026906,4780110000.0,0.0966268356890715
2022-10-16,0.12076120299346016,3.585765976108049,61.3504149715671,94.89795918367344,0.0966268356890715,-0.014388737452099556,-0.05014978368547156,-0.0268112574506567,3.3657142857142857,31.748087600926503,3.1711743290245127,0.2688833064873927,4884180000.0,0.07598590697792205
2022-10-23,0.16059217051683383,4.692890219446544,66.52993893542643,100.0,0.07598590697792205,0.0966268356890715,-0.014388737452099556,-0.05014978368547156,3.437142857142857,33.663947909609725,3.2390568961220616,0.2846773560240075,4924550000.0,0.0
2022-10-30,0.18996865879848723,5.471051760183788,66.52993893542643,86.8613138686131,0.0,0.07598590697792205,0.0966268356890715,-0.014388737452099556,3.5028571428571427,35.72362937070742,3.3423700685874143,0.2836289734508642,5006420000.0,-0.01227009259181436
2022-11-06,0.20683093698156663,5.88415786757741,64.85007687013874,82.03124999999997,-0.01227009259181436,0.0,0.07598590697792205,0.0966268356890715,3.5778571428571424,37.50594213230354,3.473638258985176,0.27122690391865956,4968720000.0,0.0
2022-11-13,0.21768507587735142,6.123911967046655,64.85007687013874,82.03124999999997,0.0,-0.01227009259181436,0.0,0.07598590697792205,3.6492857142857145,39.16094683949994,3.5865289027272516,0.2589964107816124,5024900000.0,0.012270092591814401
2022-11-20,0.2276968932358452,6.333590621837357,65.85011175863136,85.93749999999996,0.012270092591814401,0.0,-0.01227009259181436,0.0,3.7235714285714283,40.69773692475375,3.6836148563454363,0.2462109528686401,5057910000.0,0.01212136053234504
2022-11-27,0.2369346772832599,6.516043211495141,66.86532703447565,89.68253968253968,0.01212136053234504,0.012270092591814401,0.0,-0.01227009259181436,3.801428571428571,42.27386518881433,3.7671087764570754,0.2379101705208801,5088950000.0,0.0
2022-12-04,0.2414721470949579,6.572038186682246,66.86532703447565,86.73469387755104,0.0,0.01212136053234504,0.012270092591814401,0.0,3.855,43.73741286258486,3.838913547753085,0.22591658691224584,5100290000.0,0.023810648693718392
2022-12-11,0.2502525334477701,6.732857339241955,69.00275420921112,96.93877551020405,0.023810648693718392,0.0,0.01212136053234504,0.012270092591814401,3.8978571428571427,45.25067549806116,3.900665651067653,0.2176368307042283,5117090000.0,0.08994823666293958
2022-12-18,0.28618870471054025,7.55912274289318,75.74317813703487,100.0,0.08994823666293958,0.023810648693718392,0.0,0.01212136053234504,3.9864285714285717,47.25208106291111,3.9537724599181816,0.23137705708249773,5133720000.0,-0.06669137449867239
2022-12-25,0.2871507909738442,7.501754692742682,64.42748348696477,77.77777777777774,-0.06669137449867239,0.08994823666293958,0.023810648693718392,0.0,4.027142857142858,49.11052908741463,4.065168866331272,0.23627869586231937,5121940000.0,0.08796877294595722
2023-01-01,0.31654102048527744,8.124573208056741,70.71055804140022,95.39473684210525,0.08796877294595722,-0.06669137449867239,0.08994823666293958,0.023810648693718392,4.103571428571429,51.0366679908335,4.158741847718269,0.25440164615786803,5141440000.0,0.07109592168373026
2023-01-08,0.36388047642175314,9.130630091907097,74.88982488308673,100.0,0.07109592168373026,0.08796877294595722,-0.06669137449867239,0.08994823666293958,4.2178571428571425,53.09347684503995,4.277768315128981,0.27908724286087744,5182490000.0,-0.019802627296179643
2023-01-15,0.388845799717604,9.576451134383671,71.74013474223318,94.11764705882355,-0.019802627296179643,0.07109592168373026,0.08796877294595722,-0.06669137449867239,4.328571428571428,55.0033707810888,4.33,0.2705810112279576,5147130000.0,0.0769610411361284
2023-01-22,0.4358830666905069,10.478804136778335,76.07471298771691,79.91071428571432,0.0769610411361284,-0.019802627296179643,0.07109592168373026,0.08796877294595722,4.442857142857143,57.24906822127051,4.484,0.3191109389973891,5198820000.0,0.10536051565782614
2023-01-29,0.5156315457525764,12.00263731662616,80.82559810348312,98.52941176470587,0.10536051565782614,0.0769610411361284,-0.019802627296179643,0.07109592168373026,4.578571428571428,59.40999342471462,4.7572,0.34131730049757564,5236840000.0,-0.07257069283483537
2023-02-05,0.5387321313909199,12.26873511605906,70.30192577019471,77.94117647058823,-0.07257069283483537,0.10536051565782614,0.0769610411361284,-0.019802627296179643,4.684285714285714,61.416566827912725,4.9,0.3469374933191774,5217630000.0,-0.158941108149891
2023-02-12,0.48527837790083694,10.983065725901552,55.19250703070446,37.43842364532018,-0.158941108149891,-0.07257069283483537,0.10536051565782614,0.0769610411361284,4.735,59.367456023794276,6.03,0.3814419580820933,5190070000.0,0.059140575043939825
2023-02-19,0.4610023217145791,10.324321118934563,58.58274855633489,51.24378109452736,0.059140575043939825,-0.158941108149891,-0.07257069283483537,0.10536051565782614,4.8064285714285715,57.464710277112864,6.0046,0.38919610393337234,5214610000.0,0.0176648361798053
2023-02-26,0.44390851904198936,9.831443289051425,59.60426348859699,55.05050505050503,0.0176648361798053,0.059140575043939825,-0.158941108149891,-0.07257069283483537,4.880714285714285,55.99581971412719,5.979708,0.39782495365241716,5285340000.0,0.01160554612030811
2023-03-05,0.43024347684503716,9.422934169170079,60.30712446498816,56.99481865284975,0.01160554612030811,0.0176648361798053,0.059140575043939825,-0.158941108149891,4.9557142857142855,54.63184990564048,5.95531384,0.39298031410581596,5314310000.0,-0.0019249284095843938
2023-03-12,0.41383646684064423,8.972751822178884,60.11937367150455,55.55555555555558,-0.0019249284095843938,0.01160554612030811,0.0176648361798053,0.059140575043939825,5.03,53.19261017858957,5.9314075632,0.37848172024111487,5289350000.0,0.001924928409584418
2023-03-19,0.3970636075284766,8.528563930915858,60.25263562626792,53.63128491620112,0.001924928409584418,-0.0019249284095843938,0.01160554612030811,0.0176648361798053,5.097857142857143,52.20616026705394,5.907979411935999,0.37073302593817814,5343870000.0,0.02843793532053341
2023-03-26,0.39136334900722325,8.314281756452871,62.288255909770506,59.99999999999997,0.02843793532053341,0.001924928409584418,-0.0019249284095843938,0.01160554612030811,5.147857142857142,51.29017106348515,5.885019823697279,0.35853780979973676,5603560000.0,-0.007504725654067693
2023-04-02,0.37924647012011903,7.981146692258504,61.38542357242294,57.64705882352938,-0.007504725654067693,0.02843793532053341,0.001924928409584418,-0.0019249284095843938,5.216428571428572,50.54731677325443,5.862519427223334,0.3393565376711842,5474160000.0,-0.04231400469141608
2023-04-09,0.34788143429552054,7.282680021465014,56.53205698076821,38.56209150326796,-0.04231400469141608,-0.007504725654067693,0.02843793532053341,0.001924928409584418,5.240714285714286,48.46395317713391,5.840469038678867,0.3365453564089567,5345230000.0,0.13058008698994233
2023-04-16,0.3759814041275815,7.748003924515584,65.90183324965619,81.88976377952753,0.13058008698994233,-0.04231400469141608,-0.007504725654067693,0.02843793532053341,5.2907142857142855,47.62933574758257,5.818859657905289,0.36322068809403124,5444410000.0,-0.02266879981271294
2023-04-23,0.3833419912709042,7.8023363707410125,63.214945123637435,71.6535433070866,-0.02266879981271294,0.13058008698994233,-0.04231400469141608,-0.007504725654067693,5.338571428571428,47.058499470145236,4.76,0.38799063894445757,5311720000.0,0.020943173845243173
2023-04-30,0.3943129129214178,7.9209207223671365,64.64776482012127,81.1023622047244,0.020943173845243173,-0.02266879981271294,0.13058008698994233,-0.04231400469141608,5.366428571428572,46.52843721252485,4.7829999999999995,0.3952770218769963,5423550000.0,0.01542447032563173
2023-05-07,0.4055942570872455,8.039647900401798,65.72604182564436,96.55172413793103,0.01542447032563173,0.020943173845243173,-0.02266879981271294,0.13058008698994233,5.357857142857143,46.23241107698021,4.80554,0.387757234600068,6453550000.0,-0.06680866967211027
2023-05-14,0.37949736995691374,7.4724287542800205,57.72084657756886,64.34782608695653,-0.06680866967211027,0.01542447032563173,0.020943173845243173,-0.02266879981271294,5.352142857142858,45.48247098507893,4.8276292,0.3872031464143489,5918640000.0,0.05138419934647865
2023-05-21,0.37786023764731613,7.3637895857794815,61.56789543640487,88.11881188118811,0.05138419934647865,-0.06680866967211027,0.01542447032563173,0.020943173845243173,5.425714285714286,45.047424296135134,4.849276616,0.389545778813324,5999090000.0,0.010309369658861287
2023-05-28,0.3770578093403971,7.272701185228458,62.33158473470197,65.06849315068489,0.010309369658861287,0.05138419934647865,-0.06680866967211027,0.01542447032563173,5.482857142857143,45.57953666917547,4.87049108368,0.4152925088980865,6073190000.0,-0.013769580723756995
2023-06-04,0.36575040471998577,6.996085728002262,60.602421724099095,56.296296296296255,-0.013769580723756995,0.010309369658861287,0.05138419934647865,-0.06680866967211027,5.527857142857143,46.07364101557006,4.9300714403328,0.39491447254822315,5975110000.0,0.184629693998705
2023-06-11,0.44605656457898046,8.330111220796951,72.58204931060547,82.4786324786325,0.184629693998705,-0.013769580723756995,0.010309369658861287,0.05138419934647865,5.652142857142857,47.925590270145065,4.987268582719488,0.47956343879477864,6255600000.0,0.00717878172700577
2023-06-18,0.5078798343878335,9.274855124623272,72.9604415421387,84.61538461538464,0.00717878172700577,0.184629693998705,-0.013769580723756995,0.010309369658861287,5.780714285714287,49.64525743510756,5.129032467756319,0.47173747888086587,6342170000.0,0.0014295928095943715
2023-06-25,0.5513267855555917,9.864891901851088,73.04057842947196,85.04273504273506,0.0014295928095943715,0.00717878172700577,0.184629693998705,-0.013769580723756995,5.909285714285715,51.24209123114417,5.262290519690939,0.4608990875322325,6410980000.0,0.24350624583309427
2023-07-02,0.7330436072903819,12.56012843358507,83.31710402499988,100.0,0.24350624583309427,0.0014295928095943715,0.00717878172700577,0.184629693998705,6.165,53.44893088168533,5.387553088509483,0.6015491527085016,6566800000.0,-0.2873088684914872
2023-07-09,0.6891688253755825,11.680323869573064,56.512370228970525,35.13513513513514,-0.2873088684914872,0.24350624583309427,0.0014295928095943715,0.00717878172700577,6.264285714285714,55.71873331059525,5.670948841428724,0.8028670703721801,6353690000.0,0.1545770281602993
2023-07-16,0.7362849497970307,12.18518977918617,62.95805368011381,57.71670190274842,0.1545770281602993,-0.2873088684914872,0.24350624583309427,0.0014295928095943715,6.4592857142857145,57.82640699458303,6.085853957285852,0.8383765653455958,6542660000.0,0.083381608939051
2023-07-23,0.8190535948588815,13.15854869248209,66.23071232733173,71.42857142857143,0.083381608939051,0.1545770281602993,-0.2873088684914872,0.24350624583309427,6.652142857142857,59.977571645772706,6.4,0.8627782392494818,6706140000.0,-0.06689423483003024
2023-07-30,0.8306922359203455,13.077004323805827,61.498037885083676,58.628318584070804,-0.06689423483003024,0.083381608939051,0.1545770281602993,-0.2873088684914872,6.8149999999999995,60.72180872175394,6.72,0.8975797935888047,6585700000.0,-0.045023681373955245
2023-08-06,0.8024240232372142,12.45084746017326,58.62702526513654,49.773755656108584,-0.045023681373955245,-0.06689423483003024,0.083381608939051,0.1545770281602993,6.944285714285714,61.41288600659366,7.029999999999999,0.8834669511896044,6493300000.0,-0.02666824708216118
2023-08-13,0.7551777138901778,11.590489408220126,56.98976639023424,45.248868778280546,-0.02666824708216118,-0.045023681373955245,-0.06689423483003024,0.083381608939051,7.0528571428571425,60.90695897468522,9.82,0.8739335975332041,6367000000.0,-0.03436764350420777
2023-08-20,0.6896123408816415,10.508386503613345,54.924938900650396,39.59276018099548,-0.03436764350420777,-0.02666824708216118,-0.045023681373955245,-0.06689423483003024,7.170714285714285,60.326356355023066,9.7636,0.8436526262808324,6231010000.0,0.08058048665933938
2023-08-27,0.6782478766626285,10.198513258321986,58.78454448291548,50.8313539192399,0.08058048665933938,-0.03436764350420777,-0.02666824708216118,-0.045023681373955245,7.310714285714285,60.02482211585144,9.651056,0.8405345815464873,6382970000.0,0.12136085700426753
2023-09-03,0.7413868533951673,10.893168336384917,64.27504268128845,73.90243902439023,0.12136085700426753,0.08058048665933938,-0.03436764350420777,-0.02666824708216118,7.517857142857143,60.370402910490455,9.543013760000001,0.8804963971503097,6594630000.0,-0.052798185566970766
2023-09-10,0.7465084237309716,10.792921835526469,60.37722100677808,62.18905472636818,-0.052798185566970766,0.12136085700426753,0.08058048665933938,-0.03436764350420777,7.698571428571428,60.69129936265525,9.4392932096,0.9068895116395732,6441980000.0,-0.02439145312415924
2023-09-17,0.7260594156039692,10.365904108861805,58.67416597104316,49.70760233918127,-0.02439145312415924,-0.052798185566970766,0.12136085700426753,0.08058048665933938,7.781428571428572,60.989274639665425,9.339721481216001,0.8813974036653179,6388690000.0,0.024391453124159267
2023-09-24,0.7177183475203748,10.108308634361016,59.89249854070129,55.555555555555564,0.024391453124159267,-0.02439145312415924,-0.052798185566970766,0.12136085700426753,7.875,61.26596596831773,9.244132621967362,0.847011874832081,6460600000.0,0.01197619104671562
2023-10-01,0.7109814041782965,9.879466363365824,60.51923431007245,58.47953216374269,0.01197619104671562,0.024391453124159267,-0.02439145312415924,-0.052798185566970766,7.9750000000000005,61.5518405583324,9.152367317088666,0.807939598058361,6610360000.0,-0.018018505502678365
2023-10-08,0.6856350080649491,9.42506789634959,59.02918177905167,54.093567251461984,-0.018018505502678365,0.01197619104671562,0.024391453124159267,-0.02439145312415924,7.926428571428572,60.998555535341396,9.06427262440512,0.8145153410541922,6449480000.0,-0.006079046076382226
2023-10-15,0.6539746121577403,8.905927776110763,58.512031503654605,64.91228070175436,-0.006079046076382226,-0.018018505502678365,0.01197619104671562,0.024391453124159267,8.03357142857143,60.484790871135466,8.979701719428915,0.7884785309788926,6293900000.0,0.0060790460763821925
2023-10-22,0.6257053605249387,8.44370978414263,58.899805389378805,63.414634146341456,0.0060790460763821925,-0.006079046076382226,-0.018018505502678365,0.01197619104671562,8.064285714285713,60.007723682944246,8.898513650651758,0.7500157787661147,6438110000.0,0.0239532410224928
2023-10-29,0.612380956988984,8.178899307892229,60.490555588320035,76.92307692307688,0.0239532410224928,0.0060790460763821925,-0.006079046076382226,-0.018018505502678365,8.060714285714287,59.701711564977344,8.820573104625687,0.7214432231399636,6611470000.0,0.07958743791834766
2023-11-05,0.6508033649652125,8.551401013835608,65.5205870203163,86.27450980392159,0.07958743791834766,0.0239532410224928,0.0060790460763821925,-0.006079046076382226,8.146428571428572,60.14373285860314,6.95,0.744911564344252,6755760000.0,-0.039002157803269086
2023-11-12,0.6455696006734799,8.385545232385004,61.31713297124144,72.54901960784316,-0.039002157803269086,0.07958743791834766,0.0239532410224928,0.0060790460763821925,8.232142857142858,60.554181202684234,7.001,0.7345607383196625,6602640000.0,0.022472855852058576
2023-11-19,0.6500665705227107,8.339532473760643,62.78632225396074,80.3921568627451,0.022472855852058576,-0.039002157803269086,0.07958743791834766,0.0239532410224928,8.346428571428572,60.627953781518976,7.05098,0.7070921141539724,6669840000.0,0.0
2023-11-26,0.6461816714527595,8.195844876341209,62.78632225396075,80.3921568627451,0.0,0.022472855852058576,-0.039002157803269086,0.07958743791834766,8.47857142857143,60.94082470194821,7.0999604,0.6994426774286887,6759250000.0,0.016529301951210506
2023-12-03,0.6477398653842483,8.119057479252676,63.97640399061893,76.74418604651163,0.016529301951210506,0.0,0.022472855852058576,-0.039002157803269086,8.578571428571427,61.391602471933346,7.1479611919999995,0.7101967718980681,6885940000.0,0.03226086221822126
2023-12-10,0.6655106456395821,8.229333842170584,66.29778947314648,90.6976744186046,0.03226086221822126,0.016529301951210506,0.0,0.022472855852058576,8.628571428571428,61.81018182977669,7.248042744319999,0.6951827167624918,6973060000.0,0.10536051565782635
2023-12-17,0.7556101384819147,9.141414160382995,72.88403593166,88.52459016393443,0.10536051565782635,0.03226086221822126,0.016529301951210506,0.0,8.785714285714286,62.869037952501266,7.344121034547199,0.7633839512794566,7054590000.0,0.032789822822990755
2023-12-24,0.8455101953984787,9.997503404836367,74.66158831354832,98.38709677419354,0.032789822822990755,0.10536051565782635,0.03226086221822126,0.016529301951210506,8.982142857142858,63.87111826387234,7.554473772474367,0.7695708119023524,7095700000.0,0.2690768846207464
2023-12-31,1.173545736339964,13.21172943137023,84.87897788354353,96.96969696969697,0.2690768846207464,0.032789822822990755,0.10536051565782635,0.03226086221822126,9.403571428571428,65.56061827902258,7.822115870676417,1.0253157539093272,7406500000.0,-0.05798725765034928
2024-01-07,1.353362234384262,14.682965483361802,76.90383578816594,84.84848484848484,-0.05798725765034928,0.2690768846207464,0.032789822822990755,0.10536051565782635,9.760714285714284,67.12943972166208,8.479904283608775,1.1092217714872323,7049440000.0,-0.030305349495328922
2024-01-14,1.4469123427165815,15.23477403400874,73.20038691965085,77.95275590551181,-0.030305349495328922,-0.05798725765034928,0.2690768846207464,0.032789822822990755,10.099999999999998,68.58620248982734,9.071913855247898,1.1192773592381442,6902050000.0,-0.015504186535965199
2024-01-21,1.4877631416354475,15.271534848017659,71.35023061537355,74.60317460317461,-0.015504186535965199,-0.030305349495328922,-0.05798725765034928,0.2690768846207464,10.428571428571429,67.65858091905245,9.604722469723107,1.1464718335782769,6833060000.0,0.0
2024-01-28,1.502814187607374,15.075508424829664,71.35023061537355,74.4,0.0,-0.015504186535965199,-0.030305349495328922,-0.05798725765034928,10.75357142857143,64.37497848904583,14.4,1.3038667026083999,6947290000.0,-0.15610571466306178
2024-02-04,1.3499018824559492,13.44352635828031,56.130552714076046,41.52542372881355,-0.15610571466306178,0.0,-0.015504186535965199,-0.030305349495328922,10.932142857142859,61.360256167843,14.304,1.4000190809935142,6871860000.0,-0.03248545514448831
2024-02-11,1.1867950692181566,11.770648617837018,53.7927140532904,33.33333333333333,-0.03248545514448831,-0.15610571466306178,0.0,-0.015504186535965199,11.035714285714286,58.5035625932495,14.20992,1.3785891466368345,6803630000.0,-0.014252022707201502
2024-02-18,1.033514288827087,10.222819651284777,52.778155024559844,30.701754385964907,-0.014252022707201502,-0.03248545514448831,-0.15610571466306178,0.0,11.153571428571428,55.498024000470885,14.1177216,1.3336899218770608,6746410000.0,-0.04401688541677421
2024-02-25,0.865747132807563,8.570280621212358,49.746877971810235,21.428571428571416,-0.04401688541677421,-0.014252022707201502,-0.03248545514448831,-0.15610571466306178,11.225,51.6013057909199,14.027367168,1.3955692131715565,6645820000.0,0.0
2024-03-03,0.7244395646121244,7.176790204903775,49.746877971810235,21.428571428571416,0.0,-0.04401688541677421,-0.014252022707201502,-0.03248545514448831,11.296428571428573,47.98292459633684,13.81827248128,1.3387428408021596,6694570000.0,0.0
2024-03-10,0.6054727853751043,6.002373755983862,49.746877971810235,21.428571428571416,0.0,0.0,-0.04401688541677421,-0.014252022707201502,11.357142857142858,44.88133171959222,13.6175415820288,1.3074040664591482,6757220000.0,0.0
2024-03-17,0.5053652200426786,5.013165171923447,49.746877971810235,21.428571428571416,0.0,0.0,0.0,-0.04401688541677421,11.396428571428572,42.0012811911865,13.424839918747647,1.274732347426352,6858480000.0,0.0
2024-03-24,0.421174219055251,4.180480937529696,49.74687797181024,21.428571428571416,0.0,0.0,0.0,0.0,11.360714285714286,39.01364326079837,13.239846321997742,1.2336800368958987,6972720000.0,-0.030459207484708574
2024-03-31,0.32648127846332997,3.2495342320522855,47.13275273286365,16.071428571428548,-0.030459207484708574,0.0,0.0,0.0,11.278571428571428,36.23940803972368,13.062252469117833,1.1884171771176202,6925050000.0,0.030459207484708654
2024-04-07,0.272502692205121,2.713214973506053,49.964308684603274,22.429906542056063,0.030459207484708654,-0.030459207484708574,0.0,0.0,10.978571428571428,34.23723693496974,12.89176237035312,1.1606730930377902,6946270000.0,-0.11653381625595151
2024-04-14,0.13935704551045447,1.3993317007950439,41.2419530971912,13.559322033898317,-0.11653381625595151,0.030459207484708654,-0.030459207484708574,0.0,10.657142857142858,33.428116887542686,12.728091875538995,1.213482157820805,6873140000.0,0.05465841253786398
2024-04-21,0.07333858105725,0.7394915049220342,45.867803237735686,26.53061224489797,0.05465841253786398,-0.11653381625595151,0.030459207484708654,-0.030459207484708574,10.4,32.67679112921757,12.450406363006655,1.2053762894050333,6916720000.0,-0.03794493156412337
2024-04-28,-0.007141282329817145,-0.07247693311213985,43.29814022364715,19.38775510204084,-0.03794493156412337,0.05465841253786398,-0.11653381625595151,0.030459207484708654,10.132142857142856,31.979131496487103,12.189381981226255,1.172849411590388,6888260000.0,-0.03371105734231172
2024-05-05,-0.09404554814783417,-0.9624510964806207,41.16912967818376,13.265306122448985,-0.03371105734231172,-0.03794493156412337,0.05465841253786398,-0.11653381625595151,9.842857142857142,30.9495497306797,11.94401906235268,1.1426458821910745,6860810000.0,0.016997576368571077
2024-05-12,-0.1490953797927439,-1.535971630535739,42.68659736031314,24.24242424242426,0.016997576368571077,-0.03371105734231172,-0.03794493156412337,0.05465841253786398,9.696428571428571,30.40393745081582,11.713377918611519,1.1110283191774264,6887410000.0,-0.06979576193554185
2024-05-19,-0.2383897449869874,-2.4825297979189886,38.41792558047579,14.285714285714318,-0.06979576193554185,0.016997576368571077,-0.03371105734231172,-0.03794493156412337,9.532142857142857,30.323864017769235,11.496575243494828,1.106669153521896,6862140000.0,0.20613220548767294
2024-05-26,-0.15406607390000282,-1.5970461995865781,54.07840957664923,74.60317460317458,0.20613220548767294,-0.06979576193554185,0.016997576368571077,-0.03371105734231172,9.514285714285716,28.448588897331007,11.204849224015241,1.1633356425560462,6961010000.0,-0.10318423623523075
2024-06-02,-0.16601686066775123,-1.726854103617596,47.26558802625349,44.262295081967196,-0.10318423623523075,0.20613220548767294,-0.06979576193554185,0.016997576368571077,9.457142857142857,26.78271986173332,10.936461286094023,1.1980973823734715,6731400000.0,0.08338160893905121
2024-06-09,-0.10967041884000217,-1.137372361166282,52.428820642550015,70.49180327868852,0.08338160893905121,-0.10318423623523075,0.20613220548767294,-0.06979576193554185,9.457142857142857,25.235841471535473,10.8,1.1803761407753666,7670230000.0,-0.01005033585350145
2024-06-16,-0.07225174881723362,-0.7478303346236628,51.74678719849791,68.33333333333336,-0.01005033585350145,0.08338160893905121,-0.10318423623523075,0.20613220548767294,9.450000000000001,24.523185659498115,7.85,1.1746349878628404,6420230000.0,0.02985296314968113
2024-06-23,-0.0181801213199968,-0.18739680930675298,53.69299071894414,78.33333333333333,0.02985296314968113,-0.01005033585350145,0.08338160893905121,-0.10318423623523075,9.464285714285714,23.86143383403485,7.909999999999999,1.119303917301209,6491460000.0,0.0
2024-06-30,0.024390870266955744,0.25046237836836094,53.69299071894414,78.33333333333333,0.0,0.02985296314968113,-0.01005033585350145,0.08338160893905121,9.47857142857143,23.5520607415154,7.968799999999999,1.078639351779694,7184810000.0,0.04317217186520878
2024-07-07,0.09336368851579735,0.9521206392683642,56.729107666452684,81.15942028985506,0.04317217186520878,0.0,0.02985296314968113,-0.01005033585350145,9.546428571428573,23.991618726120958,8.026423999999999,1.10159368379543,8069040000.0,0.004683849312426216
2024-07-14,0.150326851662145,1.522744486300018,57.06594163268914,81.42857142857142,0.004683849312426216,0.04317217186520878,0.0,0.02985296314968113,9.596428571428572,24.442154228719627,8.157367039999999,1.0836227063814707,8119360000.0,0.0
2024-07-21,0.19324298402282203,1.9453811149551354,57.06594163268914,81.42857142857142,0.0,0.004683849312426216,0.04317217186520878,0.0,9.725,24.86050862398982,8.3489250176,1.0276496559256514,8216370000.0,0.004662013105811371
2024-07-28,0.2286531391883333,2.287924162693493,57.45008039997961,82.85714285714288,0.004662013105811371,0.0,0.004683849312426216,0.04317217186520878,9.821428571428571,25.070287722786595,8.528989516544,0.9792461090738191,9946370000.0,-0.018779894651596244
2024-08-04,0.23783598851529142,2.370040054145794,55.31802948299617,77.14285714285718,-0.018779894651596244,0.004662013105811371,0.0,0.004683849312426216,9.928571428571429,24.990483710347686,8.69825014555136,0.945014244139975,9912640000.0,-0.04359043607486185
2024-08-11,0.20642271105333165,2.0560212671508706,50.75403888661641,64.28571428571429,-0.04359043607486185,-0.018779894651596244,0.004662013105811371,0.0,10.025,24.462825435442547,8.857355136818278,0.9167989409871197,9897170000.0,0.06237033072645809
2024-08-18,0.2313106251665733,2.2919037489090606,56.35540584383709,82.85714285714288,0.06237033072645809,-0.04359043607486185,-0.018779894651596244,0.004662013105811371,10.157142857142857,24.50450305906273,9.00691382860918,0.9120275880594682,9945520000.0,-0.018779894651596244
2024-08-25,0.23221926870069076,2.2932068829401873,54.30852420152152,71.92982456140354,-0.018779894651596244,0.06237033072645809,-0.04359043607486185,-0.018779894651596244,10.317857142857145,24.354201378843275,9.14749899889263,0.8754541889123634,9929940000.0,0.014117881545784803
2024-09-01,0.24225060743880888,2.3822724578651933,55.61073429415539,70.45454545454542,0.014117881545784803,-0.018779894651596244,0.06237033072645809,-0.04359043607486185,10.353571428571428,24.624068228261425,9.279649058959071,0.8664931754186231,9966110000.0,0.023095714794649395
2024-09-08,0.26729224767592363,2.613658365583967,57.770919225598405,78.94736842105262,0.023095714794649395,0.014117881545784803,-0.018779894651596244,0.06237033072645809,10.478571428571428,24.38257807068563,9.403870115421528,0.8617436628887214,9995830000.0,0.21673033647949663
2024-09-15,0.49526171227564575,4.727305122783312,72.85219856229679,100.0,0.21673033647949663,0.023095714794649395,0.014117881545784803,-0.018779894651596244,10.735714285714286,26.297866265890796,9.520637908496235,1.003761972682384,10078340000.0,0.09798040836020382
2024-09-22,0.7799071707252807,7.21355896672123,77.4367342671257,63.803680981595086,0.09798040836020382,0.21673033647949663,0.023095714794649395,0.014117881545784803,11.099999999999998,29.47782103039591,9.846986875816537,1.2427789746336424,10393700000.0,-0.1431008436406733
2024-09-29,0.8344880037473548,7.604379897219044,61.46724324636291,38.50931677018633,-0.1431008436406733,0.09798040836020382,0.21673033647949663,0.023095714794649395,11.299999999999999,31.743057267599635,10.657288188234883,1.318294762159811,10355520000.0,0.12289813632315387
2024-10-06,1.003353465474083,8.918858158934292,67.58620259224416,59.627329192546576,0.12289813632315387,-0.1431008436406733,0.09798040836020382,0.21673033647949663,11.62142857142857,33.95428388641863,11.386559369411394,1.41698799343411,10565420000.0,-0.048790164169431945
2024-10-13,1.0683807820352058,9.327972119860108,63.140032337748245,50.314465408805034,-0.048790164169431945,0.12289813632315387,-0.1431008436406733,0.09798040836020382,11.860714285714286,34.807438061268236,12.042903432470254,1.4443459939031023,10505750000.0,0.021202207650603124
2024-10-20,1.13108445418953,9.69692126290612,64.226210066292,54.08805031446542,0.021202207650603124,-0.048790164169431945,0.12289813632315387,-0.1431008436406733,12.117857142857142,35.599652652200014,12.633613089223228,1.4590355657671665,10530300000.0,0.006968669316093215
2024-10-27,1.1752986195048596,9.903918476385277,64.60066919674492,55.345911949685544,0.006968669316093215,0.021202207650603124,-0.048790164169431945,0.12289813632315387,12.382142857142856,36.33528048663667,13.165251780300906,1.433390168212369,11106830000.0,0.03413300636945862
2024-11-03,1.236431670740462,10.225481051802166,66.48942593805805,61.63522012578618,0.03413300636945862,0.006968669316093215,0.021202207650603124,-0.048790164169431945,12.678571428571429,37.2524797403146,13.35,1.4274337276257714,11168460000.0,0.0033500868852818057
2024-11-10,1.2742261505319963,10.356699055388889,66.68087763151397,62.264150943396224,0.0033500868852818057,0.03413300636945862,0.006968669316093215,0.021202207650603124,12.992857142857142,38.10416476158696,13.809999999999999,1.3683313185096446,11212580000.0,0.06787742240308577
2024-11-17,1.3730767982258545,10.917170230021389,70.49330742215821,75.00000000000001,0.06787742240308577,0.0033500868852818057,0.03413300636945862,0.006968669316093215,13.414285714285715,39.55831426983974,14.15,1.406307652901813,11268920000.0,-0.044735893841391414
2024-11-24,1.379035832194253,10.791498297821372,65.14196683711796,66.02564102564104,-0.044735893841391414,0.06787742240308577,0.0033500868852818057,0.03413300636945862,13.739285714285714,40.908595956074464,14.4,1.3772856776945408,11231710000.0,0.04473589384139152
2024-12-01,1.4238295387826625,10.937803322818759,67.77632296203802,75.00000000000001,0.04473589384139152,-0.044735893841391414,0.06787742240308577,0.0033500868852818057,14.128571428571428,42.28305942952221,14.755,1.353908129287788,11565180000.0,-0.0317486983145803
2024-12-08,1.4028123056108175,10.626241115624564,64.05270004052488,68.5897435897436,-0.0317486983145803,0.04473589384139152,-0.044735893841391414,0.06787742240308577,14.471428571428572,43.55934694058083,15.0,1.3036289771958032,11510710000.0,0.03174869831458027
2024-12-15,1.4102453872498462,10.517389922910711,66.06075044559631,72.91666666666667,0.03174869831458027,-0.0317486983145803,0.04473589384139152,-0.044735893841391414,14.832142857142857,44.872642065140944,15.295,1.281941193110389,11588680000.0,0.0694094513721676
2024-12-22,1.4917357459442435,10.899852350904627,70.18592385906898,82.99999999999997,0.0694094513721676,0.03174869831458027,-0.0317486983145803,0.04473589384139152,15.085714285714287,46.597914117026264,15.35,1.3332311078882184,11631820000.0,0.02020270731751947
2024-12-29,1.5665018589276691,11.214639902119455,71.3281461629918,90.0,0.02020270731751947,0.0694094513721676,0.03174869831458027,-0.0317486983145803,15.264285714285714,48.199952450919774,15.35,1.273714600181917,11663920000.0,0.0
2025-01-05,1.6072274248385856,11.294666639494093,71.3281461629918,89.58333333333333,0.0,0.02020270731751947,0.0694094513721676,0.03174869831458027,15.585714285714285,49.797548391335354,15.668,1.2648778430260657,11698210000.0,0.005698021114637796
2025-01-12,1.6287961454259001,11.248903058454736,71.68757071251112,91.6666666666667,0.005698021114637796,0.0,0.02020270731751947,0.0694094513721676,15.792857142857143,51.28103033600696,15.94784,1.1995294256670608,11779180000.0,0.08178943300847807
2025-01-19,1.746791055909684,11.78524178046192,76.45538653397631,96.6386554621849,0.08178943300847807,0.005698021114637796,0.0,0.02020270731751947,16.157142857142855,53.0525570835175,16.1940992,1.2424201809765567,11844700000.0,0.018158735011871048
2025-01-26,1.8472509879877528,12.181274485552397,77.41125029682833,78.32167832167832,0.018158735011871048,0.08178943300847807,0.005698021114637796,0.0,16.525,54.99920480851748,16.628925312,1.2893901680496598,11945490000.0,0.0671059166428171
2025-02-02,2.012599926362446,12.916094706768682,80.67087136712017,95.00000000000003,0.0671059166428171,0.018158735011871048,0.08178943300847807,0.005698021114637796,16.982142857142858,56.83001979095497,17.32829726208,1.347290870331827,12010500000.0,-0.06453852113757118
2025-02-09,2.0155075000023075,12.698251591424889,70.17009825112842,75.55555555555557,-0.06453852113757118,0.0671059166428171,0.018158735011871048,0.08178943300847807,17.310714285714287,58.53006227464692,18.0162037549056,1.3653415224509824,11904140000.0,-0.06351340572232586
2025-02-16,1.8990902713725433,11.830752694681088,62.13053924394302,54.76190476190479,-0.06351340572232586,-0.06453852113757118,0.0671059166428171,0.018158735011871048,17.55,58.33401840108598,21.15,1.3928171279901977,11777440000.0,-0.027702602549335823
2025-02-23,1.7463520977011022,10.792194916150216,59.09254944390204,45.52845528455286,-0.027702602549335823,-0.06351340572232586,-0.06453852113757118,0.0671059166428171,17.678571428571427,57.831804586688975,21.086,1.386187333133755,11720840000.0,-0.03138631382067072
2025-03-02,1.562909345135715,9.611539139886913,55.85708364094132,33.333333333333336,-0.03138631382067072,-0.027702602549335823,-0.06351340572232586,-0.06453852113757118,17.817857142857143,55.484588029835585,20.95056,1.4443168093384868,11573650000.0,-0.005813969865419957
2025-03-09,1.3933982501612867,8.534512354345981,55.26460438944868,31.034482758620676,-0.005813969865419957,-0.03138631382067072,-0.027702602549335823,-0.06351340572232586,17.9,53.305029798471715,20.6535264,1.4090084658143094,11445700000.0,0.042802539234760316
2025-03-16,1.3045402897094007,7.933627294588074,58.79475576380816,43.965517241379295,0.042802539234760316,-0.005813969865419957,-0.03138631382067072,-0.027702602549335823,18.071428571428573,50.92500928023601,20.374314816000002,1.4047935753990013,11635590000.0,0.059638266319731244
2025-03-23,1.3078049612675038,7.86291559804221,63.361398527666616,58.252427184466036,0.059638266319731244,0.042802539234760316,-0.005813969865419957,-0.03138631382067072,18.285714285714285,49.52752932249898,20.11185592704,1.4151654628705013,11837490000.0,0.04879016416943204
2025-03-30,1.371242467915387,8.124289751137201,66.7850800587635,76.6990291262136,0.04879016416943204,0.059638266319731244,0.042802539234760316,-0.005813969865419957,18.485714285714288,48.59046356484867,16.0,1.4140822155226083,11932310000.0,-0.027956077266590072
2025-04-06,1.361442879472385,7.977937675799749,63.10832344379352,66.01941747572815,-0.027956077266590072,0.04879016416943204,0.059638266319731244,0.042802539234760316,18.62142857142857,46.55551235213881,16.079,1.4987906286995647,11806200000.0,-0.007762005335489189
2025-04-13,1.3262843087039649,7.698895520825857,62.10412593810843,63.106796116504874,-0.007762005335489189,-0.027956077266590072,0.04879016416943204,0.059638266319731244,18.74642857142857,44.66591479747966,16.15642,1.5345912980781673,11657490000.0,0.04071809301878498
2025-04-20,1.3474417326466153,7.727903513306969,65.27753766562711,78.64077669902916,0.04071809301878498,-0.007762005335489189,-0.027956077266590072,0.04879016416943204,18.92142857142857,43.36639682559938,16.2322916,1.5464062053582983,12162640000.0,0.01485175813602576
2025-04-27,1.372594224537334,7.7758983352649285,66.41337669684194,79.09090909090911,0.01485175813602576,0.04071809301878498,-0.007762005335489189,-0.027956077266590072,19.01071428571429,42.81729921629432,16.392999936,1.5788057621184197,12555440000.0,-0.01734863833461309
2025-05-04,1.348738265482627,7.566198203412819,63.79156786395123,72.72727272727273,-0.01734863833461309,0.01485175813602576,0.04071809301878498,-0.007762005335489189,19.05,42.30742286479678,16.69941993984,1.516033921967104,12412800000.0,0.03922071315328133
2025-05-11,1.3784951264456566,7.638722832283038,66.99847305784044,87.27272727272728,0.03922071315328133,-0.01734863833461309,0.01485175813602576,0.04071809301878498,19.05,42.086182195946854,16.9874547434496,1.5148886418265965,12549860000.0,-0.10910684061744783
2025-05-18,1.2145895887221592,6.713823872903451,53.32846825385004,48.18181818181816,-0.10910684061744783,0.03922071315328133,-0.01734863833461309,0.01485175813602576,18.989285714285717,39.71857939471109,21.5,1.6673965959818398,12159600000.0,0.03942691997945792
2025-05-25,1.1321611521727277,6.22482171157559,56.65115059764777,61.8181818181818,0.03942691997945792,-0.10910684061744783,0.03922071315328133,-0.01734863833461309,19.067857142857143,37.52009107927789,21.413,1.6697254105545656,12393560000.0,-0.007762005335489189
2025-06-01,1.0427125349083788,5.708324091419637,55.79558893805596,59.09090909090909,-0.007762005335489189,0.03942691997945792,-0.10910684061744783,0.03922071315328133,19.17142857142857,35.47863764351849,21.32774,1.6040307383720964,11263560000.0,0.0
2025-06-08,0.9607489454857898,5.238721990195621,55.79558893805596,54.54545454545454,0.0,-0.007762005335489189,0.03942691997945792,-0.10910684061744783,19.314285714285713,33.9717191190544,21.244185199999997,1.5394571142026607,11345540000.0,0.007762005335489109
2025-06-15,0.8975495640807907,4.873235057446993,56.556504915916115,57.575757575757535,0.007762005335489109,0.0,-0.007762005335489189,0.03942691997945792,19.474999999999998,31.971844763647873,21.162301495999998,1.583067320331042,11543540000.0,0.030459207484708654
2025-06-22,0.8856691420218219,4.778326937318357,59.55549669807124,65.51724137931035,0.030459207484708654,0.007762005335489109,0.0,-0.007762005335489189,19.625,29.939667140099647,21.082055466079996,1.609276797450253,11901950000.0,0.0
2025-06-29,0.8662680234055742,4.646453406590312,59.55549669807124,65.51724137931035,0.0,0.030459207484708654,0.007762005335489109,0.0,19.696428571428573,28.05264506109058,21.003414356758398,1.5228998833466636,12004080000.0,0.058268908123975824
2025-07-06,0.9369222122571657,4.974896376308151,65.13770295916962,93.10344827586205,0.058268908123975824,0.0,0.030459207484708654,0.007762005335489109,19.785714285714285,27.099986296189677,17.15,1.5212641773933304,12097410000.0,-0.016647233433156168
2025-07-13,0.9536806540952263,5.024023847304704,62.431134108786885,69.81132075471703,-0.016647233433156168,0.058268908123975824,0.0,0.030459207484708654,19.889285714285712,26.916948548072458,17.230999999999998,1.5518881647223781,12007480000.0,0.01664723343315621
2025-07-20,0.9838625597621373,5.138556199850978,64.04025235193224,76.41509433962264,0.01664723343315621,-0.016647233433156168,0.058268908123975824,0.0,20.02857142857143,26.746984924820758,17.43976,1.5303247243850655,12098990000.0,0.0
2025-07-27,0.9962972430081543,5.162490507621398,64.04025235193224,76.41509433962264,0.0,0.01664723343315621,-0.016647233433156168,0.058268908123975824,20.110714285714288,26.589161560372748,17.6401696,1.4924443869289894,12590330000.0,-0.0047281411959459
2025-08-03,0.9867084934942554,5.077699429275323,63.144075330944936,74.52830188679249,-0.0047281411959459,0.0,0.01664723343315621,-0.016647233433156168,20.164285714285715,26.473447205979685,17.832562816,1.4465555021483474,12339300000.0,-0.007134394113874204
2025-08-10,0.9559855872540908,4.891296469348762,61.74821765835659,71.69811320754717,-0.007134394113874204,-0.0047281411959459,0.0,0.01664723343315621,20.232142857142858,26.204010992350323,18.01726030336,1.4039443948520367,12259970000.0,-0.002389487397381467
2025-08-17,0.9170319075815492,4.668011180334466,61.26207507775856,70.75471698113206,-0.002389487397381467,-0.007134394113874204,-0.0047281411959459,0.0,20.23928571428571,25.897095740103346,18.1945698912256,1.3393769380768912,12093900000.0,0.018957913744614207
2025-08-24,0.9079709687203632,4.593224754395118,63.7227182742407,77.45098039215688,0.018957913744614207,-0.002389487397381467,-0.007134394113874204,-0.0047281411959459,20.428571428571427,25.975561527186763,18.364787095576578,1.300850013928542,12170170000.0,-0.014184634991956413
2025-08-31,0.8665930711086602,4.3637510873378735,60.61297976268205,71.5686274509804,-0.014184634991956413,0.018957913744614207,-0.002389487397381467,-0.007134394113874204,20.54285714285714,26.048422615192795,18.528195611753514,1.2365035843622176,12060540000.0,0.0023781224049674193
2025-09-07,0.8282873898332994,4.152413462202631,60.954981759317754,72.54901960784315,0.0023781224049674193,-0.014184634991956413,0.018957913744614207,-0.002389487397381467,20.67142857142857,25.083407905745354,18.685067787283373,1.2446104711934876,12127750000.0,-0.014354313451683167
2025-09-14,0.7649050197191727,3.8232627337376672,57.71671194940651,66.66666666666667,-0.014354313451683167,0.0023781224049674193,-0.014184634991956413,0.018957913744614207,20.77857142857143,24.1873228184013,18.835665075792036,1.1914240089653814,11810170000.0,-0.11748187619017109
2025-09-21,0.5230538178380861,2.6295608008585556,40.1193102515625,0.0,-0.11748187619017109,-0.014354313451683167,0.0023781224049674193,-0.014184634991956413,20.710714285714285,23.54120948449397,22.45,1.270608008324997,11672630000.0,0.10536051565782635
2025-09-28,0.491141294223695,2.4635419453983105,53.676243180128864,51.250000000000014,0.10536051565782635,-0.11748187619017109,-0.014354313451683167,0.0023781224049674193,20.74642857142857,22.689831538629086,22.37,1.3619931505874974,12482150000.0,-0.009804000096620856
2025-10-05,0.4445871370417791,2.2270197356826396,52.42912367986997,46.250000000000036,-0.009804000096620856,0.10536051565782635,-0.11748187619017109,-0.014354313451683167,20.767857142857142,21.899266303183122,22.291600000000003,1.3361364969741047,12353420000.0,-0.014888612493750637
2025-10-12,0.37911493825775366,1.8987988933366575,50.53253570692165,38.750000000000014,-0.014888612493750637,-0.009804000096620856,0.10536051565782635,-0.11748187619017109,20.682142857142857,21.165170013126158,22.214768000000003,1.2764124614759544,12149460000.0,-0.0075282664207915245
2025-10-19,0.3115328458969593,1.5609856917613225,49.567044974229695,42.424242424242486,-0.0075282664207915245,-0.014888612493750637,-0.009804000096620856,0.10536051565782635,20.610714285714288,21.053577967315448,22.139472640000005,1.2316687142276719,11049460000.0,-0.04376502796675909
2025-10-26,0.18722741346731198,0.9414789123573585,44.39114670494529,17.741935483870982,-0.04376502796675909,-0.0075282664207915245,-0.014888612493750637,-0.009804000096620856,20.45357142857143,21.59787795524005,22.065683187200005,1.2401209489256952,10953870000.0,-0.015915455305899568
2025-11-02,0.06377184773505462,0.3221022979442919,42.696526947532824,9.52380952380954,-0.015915455305899568,-0.04376502796675909,-0.0075282664207915245,-0.014888612493750637,20.275000000000002,21.665370867981352,21.993369523456003,1.230112309716717,10853040000.0,0.018543577712169104
2025-11-09,-0.005759115134775783,-0.029170153229327967,45.319188939210946,44.31818181818182,0.018543577712169104,-0.015915455305899568,-0.04376502796675909,-0.0075282664207915245,20.12857142857143,22.613714345188022,21.849634742517765,1.32081857330838,11034590000.0,0.0
2025-11-16,-0.06016930980333868,-0.30555467234911116,45.319188939210946,44.31818181818182,0.0,0.018543577712169104,-0.015915455305899568,-0.04376502796675909,19.99285714285714,23.494319002594217,21.564656657966697,1.240760103786353,11165460000.0,0.002621233479874287
2025-11-23,-0.09812408557154839,-0.499410255598299,45.73070508907948,45.45454545454547,0.002621233479874287,0.0,0.018543577712169104,-0.015915455305899568,19.864285714285717,24.621731166402757,21.296777258488696,1.1985629535158993,11405760000.0,0.005221943981151625
2025-11-30,-0.11876530207858593,-0.6054879932834614,46.5963456374017,48.83720930232556,0.005221943981151625,0.002621233479874287,0.0,0.018543577712169104,19.714285714285715,25.59771911757942,21.044970622979374,1.1343798854076208,11585220000.0,-0.021053409197832267
2025-12-07,-0.1654925765262263,-0.8463166576932859,43.60049919696429,39.534883720930246,-0.021053409197832267,0.005221943981151625,0.002621233479874287,0.0,19.557142857142857,26.72873105442388,20.808272385600613,1.0997813221642192,11381500000.0,0.010582109330537008
2025-12-14,-0.18426189324131315,-0.9442848321998926,45.48769484243743,48.7179487179487,0.010582109330537008,-0.021053409197832267,0.005221943981151625,0.002621233479874287,19.410714285714285,27.778956424350874,20.585776042464577,1.0533683705810606,11455710000.0,0.0
2025-12-21,-0.19686734772474423,-1.01085384038374,45.48769484243743,48.7179487179487,0.0,0.010582109330537008,-0.021053409197832267,0.005221943981151625,19.285714285714285,27.89532226682738,20.3766294799167,1.031699201253842,11485680000.0,0.0
