,MACD,PPO,RSI,STOCH,Lag_1,Lag_2,Lag_3,Lag_4,SMA,ADX,SAR,ATR,OBV,Target_Return
2010-08-01,0.09038088426961334,0.5444856901469449,0.4236476492075981,0.12896454354138392,0.4059725243481843,0.4661460049283204,0.47502636421398436,0.5018446584876284,0.047857829682919795,0.4426532268756059,0.06359435891915169,0.08027648193626583,0.19342525555063672,-0.003479609155522261
2010-08-08,0.08803969776399345,0.5295314915442819,0.4198014371562938,0.21486067533243694,0.4703295538747633,0.4059725243481843,0.4661460049283204,0.47502636421398436,0.04738788372670477,0.4136485911767041,0.06280405641080848,0.07758401641707881,0.1881981100636646,-0.014433642421964672
2010-08-15,0.08573367214949681,0.5147915850586025,0.4033148567712762,0.1689078141341702,0.45554369304888653,0.4703295538747633,0.4059725243481843,0.4661460049283204,0.04681128336907922,0.3907141404714825,0.06143090399397137,0.07356746154794346,0.1860471697368416,-0.043773300154835465
2010-08-22,0.08276078700831979,0.49572395006375103,0.35624509722626574,0.22344406261932048,0.41594073719096836,0.45554369304888653,0.4703295538747633,0.4059725243481843,0.04591638628224422,0.35680303547738507,0.06014014072214448,0.07510387596936519,0.1839803443948664,0.025933382026504442
2010-08-29,0.08103096266373287,0.484532767877214,0.39043030978024607,0.2918671248568158,0.5100314959368244,0.41594073719096836,0.45554369304888653,0.4703295538747633,0.045174804897436804,0.32096510728258776,0.05820889501502423,0.0732771613900637,0.18777753513942547,0.017839918128331016
2010-09-05,0.08010457822882744,0.47850893403948597,0.41429766589820693,0.40998647725124704,0.49910685951416034,0.5100314959368244,0.41594073719096836,0.45554369304888653,0.044643199365406325,0.28993072619336724,0.0564321489644736,0.07260105565406705,0.18926757201387268,-0.03234460433121271
2010-09-12,0.0785570248209421,0.4683935602983573,0.3758077207578321,0.30555595946083514,0.43136730216106417,0.49910685951416034,0.5100314959368244,0.41594073719096836,0.04420491643461002,0.25920089869324364,0.054797542597967014,0.07293823029485746,0.18678017174765837,0.10141605819217803
2010-09-19,0.07998371753333922,0.47772110943202417,0.503516692801186,0.6614249978864238,0.6119187476370236,0.43136730216106417,0.49910685951416034,0.5100314959368244,0.04385662315500384,0.24629384369348606,0.05329370474078096,0.07628413766394335,0.19080567459394723,-0.07973716824129602
2010-09-26,0.07899989956784191,0.47129680902788457,0.40936696149393115,0.3849493487698986,0.3673963576594922,0.6119187476370236,0.43136730216106417,0.49910685951416034,0.043719972203196636,0.23430872119371116,0.0519101739121698,0.07611009547576056,0.18828222504851244,0.0035678927839017903
2010-10-03,0.07832079571966682,0.46684230038655083,0.41354228332441023,0.3968549987318547,0.47984234065492093,0.3673963576594922,0.6119187476370236,0.43136730216106417,0.04326502452217996,0.21780951228149964,0.05063732554984751,0.07244696021641571,0.19414624113504664,0.04941182628784482
2010-10-10,0.07907930208657883,0.47181630684399417,0.47172559352369414,0.6056195674145946,0.5417229287463057,0.47984234065492093,0.3673963576594922,0.6119187476370236,0.043205031421386556,0.2110777186252607,0.04946630505651103,0.07207829410680454,0.20069519352677034,0.06594995397597904
2010-10-17,0.08148600280369202,0.4874636663142012,0.5435676738751838,0.8617343844754396,0.5640462546272348,0.5417229287463057,0.47984234065492093,0.3673963576594922,0.043356680648392106,0.21732967772769285,0.03599956938314135,0.07396921717371824,0.20681155456784805,-0.1043423850142132
2010-10-24,0.08053219058985787,0.48127867213828834,0.4219254854151401,0.4923174151755743,0.33418399633597784,0.5640462546272348,0.5417229287463057,0.47984234065492093,0.04304005039420467,0.22313506832280833,0.0362618150500592,0.0744568055342299,0.20140416268477346,0.04514921350111404
2010-10-31,0.08095017314478495,0.48397923909666873,0.4678197843133284,0.6694316072204451,0.5359692124770403,0.33418399633597784,0.5640462546272348,0.5417229287463057,0.04295006074301456,0.22734063633175938,0.03651881580363871,0.07069119393129604,0.2043121378752269,0.020000666706669435
2010-11-07,0.08179754992245752,0.4894321128982836,0.4882290328421961,0.7504838645969114,0.5020234589969186,0.5359692124770403,0.33418399633597784,0.5640462546272348,0.043176701346011884,0.22260912291465723,0.03677067654214662,0.07066850818146317,0.20986372687518348,-0.05115820228347839
2010-11-14,0.08106987776201145,0.48472872324410166,0.4316638083953591,0.546352253426552,0.4059725243481843,0.5020234589969186,0.5359692124770403,0.33418399633597784,0.043191699621210236,0.2267586915746193,0.03701750006588437,0.07039930329977916,0.20915544265348557,0.017218715060287913
2010-11-21,0.08092821181783437,0.4838049574950233,0.45030450155350366,0.613895801240274,0.49826835356066546,0.4059725243481843,0.5020234589969186,0.5359692124770403,0.04334334884821579,0.22178234093457916,0.03725938711914737,0.06890862962544811,0.21307279766211293,0.013938820516521093
2010-11-28,0.08116720567671967,0.48533510750978587,0.4659642684460097,0.6494418096476293,0.49384111995016916,0.49826835356066546,0.4059725243481843,0.5020234589969186,0.043738303428439075,0.21716144391168468,0.037496436431345107,0.0657598847839827,0.21611295354304155,-0.049070787154295886
2010-12-05,0.08005013994559602,0.47811807794789,0.40990364994303186,0.4416204305603878,0.4087901376267996,0.49384111995016916,0.49826835356066546,0.4059725243481843,0.04381329480443083,0.2092448715004489,0.03772874475729889,0.06286362134861997,0.21326506048462224,0.0
2010-12-12,0.07916458530758919,0.4723734410057884,0.40990364994303186,0.4416204305603878,0.47502636421398436,0.4087901376267996,0.49384111995016916,0.49826835356066546,0.04381329480443083,0.1905682662259579,0.037956406916733604,0.0591541046424284,0.2159927892789732,0.08579911663115505
2010-12-19,0.08075268043273881,0.48265081825444944,0.5103072640545069,0.7968029339100378,0.5908388477653912,0.47502636421398436,0.4087901376267996,0.49384111995016916,0.04432823558624093,0.19337232173184377,0.03817951583297962,0.05923864913156654,0.2860125059515858,0.00324032686761021
2010-12-26,0.08206863349757887,0.4910844471692453,0.5139328361396175,0.7984902259027667,0.479400188989705,0.5908388477653912,0.47502636421398436,0.4087901376267996,0.04441989171245308,0.19671859613999249,0.03839816257090071,0.05680818824280495,0.2887041854667163,-0.006491187595827747
2011-01-02,0.08288611570953394,0.4962663808577273,0.5044170940393332,0.6375279336209397,0.4662644959548662,0.479400188989705,0.5908388477653912,0.47502636421398436,0.044829844567874706,0.21055034309746257,0.038612436374063384,0.05502003972806385,0.2853155532199895,0.041805591671907075
2011-01-09,0.08466503919498332,0.5074562885404529,0.5547341440108712,0.8494386270498724,0.5314559591557755,0.4662644959548662,0.479400188989705,0.5908388477653912,0.0454214432006986,0.2069269824227183,0.03910303419308082,0.05614429319588843,0.2887402347459368,-0.035314404076079185
2011-01-16,0.08499487674462092,0.5094382624221704,0.4996916572434946,0.6455879405936186,0.4273586375313117,0.5314559591557755,0.4662644959548662,0.479400188989705,0.04563308552849757,0.20356243322474143,0.03957400809933756,0.05567183452897814,0.2784421573152814,0.012857319975237393
2011-01-23,0.0855469288750018,0.5127849854256136,0.5159040583495387,0.6636288659793816,0.492381299982713,0.4273586375313117,0.5314559591557755,0.4662644959548662,0.045603088978100864,0.20835770854459063,0.04002614304934403,0.057245810310415784,0.2853876517784305,-0.17567231393263671
2011-01-30,0.08136211599304193,0.4864102850857488,0.3199086536612751,0.0,0.23790216332945624,0.492381299982713,0.4273586375313117,0.5314559591557755,0.045284792248891384,0.18572992093898666,0.051674023038001934,0.06369772116167527,0.27718043254256397,0.015113637810048106
2011-02-06,0.0784184478223317,0.46757023705951867,0.33738625650700593,0.19955471661584612,0.4954268997789687,0.23790216332945624,0.492381299982713,0.4273586375313117,0.0448298445678747,0.17490058711401069,0.051419528474539775,0.0654428379541521,0.2833929249948963,-0.1123291849739196
2011-02-13,0.07356795702871177,0.4358499410159697,0.2568030382931815,0.07461953853706439,0.3234033359366609,0.4954268997789687,0.23790216332945624,0.492381299982713,0.04385995610504793,0.17778823671171262,0.05081823231779524,0.06780772217482668,0.2773005968066323,-0.004204631282031812
2011-02-20,0.06974113945426141,0.4100481441837044,0.2542012039048047,0.06529209621993146,0.4693509119446632,0.3234033359366609,0.4954268997789687,0.23790216332945624,0.04310170997002013,0.18046962562386454,0.04973016755301969,0.06600588235288529,0.2628208029863992,0.2642351724033027
2011-02-27,0.07331620282734298,0.4339289026887067,0.5071637678349514,0.7347951780941474,0.8316935743114442,0.4693509119446632,0.3234033359366609,0.4954268997789687,0.04334501532323784,0.18085655807915663,0.04870738667413067,0.06309204766260096,0.3198988284188533,-0.2726978463220365
2011-03-06,0.06953722458518351,0.4082301411192651,0.3276292392929674,0.046637211585665125,0.10693615441097282,0.8316935743114442,0.4693509119446632,0.3234033359366609,0.04242012168600612,0.18423679532323606,0.04774597264797501,0.07491629279114244,0.3043135233691916,-0.1828882895946151
2011-03-13,0.06314255484968387,0.3631306675436406,0.2598413518635423,0.0,0.22816196907719088,0.10693615441097282,0.8316935743114442,0.4693509119446632,0.04111860469379355,0.21070051500371478,0.04684224346338868,0.07734892029397812,0.2917082920684244,0.12556322297534575
2011-03-20,0.0606770552523174,0.3444498083456405,0.32903774687853027,0.18112937523984296,0.6445128259220703,0.22816196907719088,0.10693615441097282,0.8316935743114442,0.04021037580678224,0.23527396899273073,0.04517732711474907,0.07709882220365,0.29882201650126916,-0.11037305748137062
2011-03-27,0.05686381781086304,0.3149079472438774,0.28943777257966463,0.04763983567838623,0.3260437358842405,0.6445128259220703,0.22816196907719088,0.10693615441097282,0.038573897335139794,0.2602148345283109,0.043645604074000616,0.07714229886546822,0.21357748757119988,0.005012541823544414
2011-04-03,0.05422019536194653,0.2928919490338668,0.2921664661808481,0.0667593343372331,0.48179234200354104,0.3260437358842405,0.6445128259220703,0.22816196907719088,0.03693741886349737,0.2844412556216573,0.04180445845828965,0.07392928493796348,0.2176150068438956,0.0728373239522663
2011-04-10,0.053794275998381914,0.28735937027407477,0.33412630903483,0.16653152631375728,0.5733428937234184,0.48179234200354104,0.3260437358842405,0.6445128259220703,0.03555757754524897,0.29648416967518065,0.03976951457258761,0.07042192185988981,0.21869845591444123,0.009766204582943857
2011-04-17,0.05393961114672828,0.28620137535422807,0.3400653604272884,0.1804702884281247,0.4882088823101107,0.5733428937234184,0.48179234200354104,0.3260437358842405,0.034012755199818695,0.2874550068934637,0.037978763953169806,0.0679370744039084,0.22024857492092262,0.022756987122616278
2011-04-24,0.054791102115312,0.2907213077884069,0.35480500968367024,0.21348314606741578,0.5057439671486114,0.4882088823101107,0.5733428937234184,0.48179234200354104,0.03270957173258409,0.2790707843104408,0.03640290340808214,0.06287261002355378,0.22117709620580495,0.01340968690991774
2011-05-01,0.05600597378573478,0.2983481098540654,0.36402910276571576,0.2830383762133731,0.4931268902527389,0.5057439671486114,0.4882088823101107,0.5733428937234184,0.03139138999015114,0.25502188893948696,0.03501614612840499,0.06167141775497108,0.22251091953696336,-0.045932878615477755
2011-05-08,0.05631057527462417,0.2987900051343632,0.33915110094780276,0.24820368634801623,0.41302571714447656,0.4931268902527389,0.5057439671486114,0.4882088823101107,0.030678138680718392,0.2345064210495929,0.034040262676283774,0.058047058448325875,0.15929250021061792,-0.08288765980576764
2011-05-15,0.0552679299911881,0.2880951639915711,0.29890845352652307,0.109570644231149,0.36314379345119446,0.41302571714447656,0.4931268902527389,0.5057439671486114,0.02964825711709821,0.22995709769696454,0.03293702228442243,0.05641855874717247,0.1509891495634967,0.044988387214781995
2011-05-22,0.05554388242521283,0.28812316649222713,0.33095639664624565,0.2512124978674662,0.5357521275888528,0.36314379345119446,0.41302571714447656,0.4931268902527389,0.029179977635905213,0.22573272601238104,0.03196617073958446,0.05292126411281653,0.15311605703750605,-0.05005168917132868
2011-05-29,0.05511812942815529,0.2821828251884168,0.3060600303190376,0.11645466376399602,0.40746610652748755,0.5357521275888528,0.36314379345119446,0.41302571714447656,0.028575047202905005,0.22988854666828712,0.031111821380127032,0.05168646363876894,0.13489915460474808,0.05966201407111708
2011-06-05,0.05614936668133788,0.28865563480565504,0.35019848063843007,0.31038108426937466,0.5555587320815815,0.40746610652748755,0.5357521275888528,0.36314379345119446,0.027075219683069786,0.21605165865005194,0.03020756050898913,0.05001601305319124,0.15533909592277007,-0.06986618424535876
2011-06-12,0.055948117580442866,0.2846103557462948,0.3133654999089067,0.11530943598474087,0.3807203080281208,0.5555587320815815,0.40746610652748755,0.5357521275888528,0.026470289250069584,0.2108632977481243,0.02942989615981053,0.04923687005452748,0.11928981670227275,-0.05324451451881224
2011-06-19,0.055143882068502584,0.27506825329305845,0.2880663938189818,0.03537209286049213,0.40315639976643114,0.3807203080281208,0.5555587320815815,0.40746610652748755,0.02630364174786566,0.21323702796464744,0.02876110481951693,0.047520821956982984,0.10231060618941851,0.0
2011-06-26,0.05478725433016461,0.2691976886756018,0.2880663938189818,0.2056325788995537,0.47502636421398436,0.40315639976643114,0.3807203080281208,0.5555587320815815,0.025743706140460516,0.22487296411601299,0.027914307055822367,0.046175488266102266,0.10667256897509869,-0.050534473053554595
2011-07-03,0.053964598470295555,0.2587994470104554,0.26409183668637126,0.08255322510566047,0.4068144401395976,0.47502636421398436,0.40315639976643114,0.3807203080281208,0.02539541286085434,0.22591400684351864,0.026656768065244675,0.045394957863679086,0.1041971851352912,0.0
2011-07-10,0.05360697796475652,0.2523335966569039,0.2640918366863714,0.08255322510566047,0.47502636421398436,0.4068144401395976,0.47502636421398436,0.40315639976643114,0.025032121306049808,0.22688068937620248,0.025625586092970977,0.04166493406193224,0.10497188414573969,0.03356436883509308
2011-07-17,0.05415829189083914,0.25432176949901725,0.29346624712546676,0.1636054824821266,0.5203318762781503,0.47502636421398436,0.4068144401395976,0.47502636421398436,0.024532178799438066,0.22777832315655178,0.024780016875706537,0.03820134053173872,0.10521801660783084,0.05413156098398636
2011-07-24,0.05578580405475495,0.26678781214988423,0.3418232869661748,0.3001935458387648,0.5480936726225359,0.5203318762781503,0.47502636421398436,0.4068144401395976,0.02415222249441315,0.21530544175988553,0.020927979330390784,0.03799039211034155,0.1081620410775048,-0.026402237613785327
2011-07-31,0.05687664717696357,0.274487654182878,0.32460524542358826,0.23264999802504252,0.43938836665147163,0.5480936726225359,0.5203318762781503,0.47502636421398436,0.023622283437404704,0.1985731447937743,0.021014102702120785,0.03658138478084624,0.10672006990868489,-0.010759219151739495
2011-08-07,0.05780484936344526,0.2808833050360464,0.3175119425143248,0.36881211108015216,0.4605034653781664,0.43938836665147163,0.5480936726225359,0.5203318762781503,0.023017353004404495,0.20261216040819102,0.02603078910539347,0.03825069534267078,0.10365588117494262,-0.10375923429085245
2011-08-14,0.05713365598175535,0.2717692721425401,0.2566712435114853,0.08551771438369368,0.3349711388638845,0.4605034653781664,0.43938836665147163,0.5480936726225359,0.022290769894795434,0.20636267490729232,0.025897728496070617,0.0380637926379193,0.02687091643528336,0.058897641247485415
2011-08-21,0.05776945599182186,0.2754136967753579,0.3106019635116686,0.2685014064854193,0.5545269741971205,0.3349711388638845,0.4605034653781664,0.43938836665147163,0.02197247316558596,0.21415011411287238,0.02576732909893422,0.037118250438420236,0.0753091312812249,-0.08319033381653006
2011-08-28,0.05723992883081614,0.2674018711799002,0.2645374098249569,0.01776847542918197,0.3627352411225784,0.5545269741971205,0.3349711388638845,0.4605034653781664,0.02130588315677031,0.22138130766091108,0.025639537689740546,0.03624024696745681,0.07445621735129435,-0.03192498742918404
2011-09-04,0.056614203117541465,0.25806574426232526,0.24868494384430276,0.0,0.43193370514366136,0.3627352411225784,0.5545269741971205,0.3349711388638845,0.02071428452394642,0.23186991975807153,0.02551430210873075,0.03294356260459895,0.07334674070115152,-0.09383031624543028
2011-09-11,0.0551094663769867,0.23896097561347998,0.2071860228010595,0.0,0.34837328917694704,0.43193370514366136,0.3627352411225784,0.5545269741971205,0.019729397785921296,0.2533079999262388,0.025236974722411445,0.03211561157921215,0.07138806319683783,-0.0582069425768001
2011-09-18,0.0534737088258807,0.21733825359754977,0.18502263342626843,0.0,0.3964580660258706,0.34837328917694704,0.43193370514366136,0.3627352411225784,0.018834500699086272,0.25731126581910685,0.024673558262965994,0.03410390594115345,0.011305931162675656,-0.14366940235967546
2011-09-25,0.050853082344790836,0.18310139642411538,0.14018152368042744,0.0,0.28110000516824823,0.3964580660258706,0.34837328917694704,0.43193370514366136,0.017819617410664443,0.27518734575650095,0.02384166951106856,0.034185631419083776,0.010008157110737742,0.03355393992290408
2011-10-02,0.04948259763514112,0.16117200009640292,0.16511632746097057,0.046413563462405355,0.5203177992308708,0.28110000516824823,0.3964580660258706,0.34837328917694704,0.016864727223036016,0.29178656284122395,0.022534044706586744,0.03100813424939741,0.01142609542674397,-0.14366505833932802
2011-10-09,0.0472854508939712,0.12748580953991717,0.12639061170146118,0.038487972508591,0.28110586876923604,0.5203177992308708,0.28110000516824823,0.3964580660258706,0.01580318263399709,0.320337750082557,0.02135718238255311,0.03183483642212953,0.009671697171346444,0.047529606836245214
2011-10-16,0.04638750445284272,0.10780999494212817,0.15893192124686142,0.08766704849179074,0.5391822905924699,0.28110586876923604,0.5203177992308708,0.28110000516824823,0.014818295895971965,0.34684956680665197,0.019708950704419366,0.029100963783634238,0.011618358249253294,0.1762486636360555
2011-10-23,0.04796906598560684,0.11949762288078453,0.2813099552025782,0.29186712485681554,0.7129285275434406,0.5391822905924699,0.28110586876923604,0.5203177992308708,0.0140617162359662,0.34028898119289547,0.018258506827661676,0.03031203196076007,0.013180493682141511,0.08820919288059892
2011-10-30,0.05065445637118586,0.14649679741073163,0.3419106480699624,0.4084001527300497,0.5940919921677544,0.7129285275434406,0.5391822905924699,0.28110586876923604,0.013335133126357139,0.3196177347082773,0.01698211621611491,0.029175768324826264,0.01476666196784339,-0.05084494613573089
2011-11-06,0.05244241713883397,0.1629452406603205,0.31702480726130444,0.385007168703489,0.40639536054840236,0.5940919921677544,0.7129285275434406,0.5391822905924699,0.012576886991329334,0.30042300582970327,0.015858892477953752,0.026879968664406086,0.014119301028028108,-0.09303079099586699
2011-11-13,0.053056458707436006,0.16463785094531558,0.2767214926731997,0.262784970480769,0.3494524961484132,0.40639536054840236,0.5940919921677544,0.7129285275434406,0.011666991629295971,0.29355777845534614,0.014870455588371937,0.02598885240678327,0.012893625534531203,-0.12058211938505663
2011-11-20,0.052563593705218944,0.15140316093468326,0.2340354576653028,0.10990517076316876,0.312263444661911,0.3494524961484132,0.40639536054840236,0.5940919921677544,0.010818755843078048,0.2996740827206587,0.01400063112553994,0.026153945480633104,0.011655933614627453,0.0
2011-11-27,0.05248032221653065,0.14318178619286204,0.2340354576653028,0.1178542868875489,0.47502636421398436,0.312263444661911,0.3494524961484132,0.40639536054840236,0.009818870829854567,0.3040047024092474,0.013235185598247783,0.0245702693941908,0.015585305049661671,-0.0863694401525091
2011-12-04,0.05189812418318071,0.12731404886967335,0.20662561261076282,0.05753009876721223,0.35844405241691224,0.47502636421398436,0.312263444661911,0.3494524961484132,0.008893977192622849,0.31740859538516447,0.012561593534230682,0.024092271198422558,0.009264664759667807,-0.05077232537342326
2011-12-11,0.05130201692145259,0.11021230556438022,0.19194422899404637,0.028946162657502897,0.4064933847608939,0.35844405241691224,0.47502636421398436,0.312263444661911,0.00797075003041317,0.3319555648592311,0.011761523566793325,0.02215957847560265,0.007354052960981447,-0.22343294503638575
2011-12-18,0.049420584512234356,0.07176821364431818,0.14066484934046128,0.0,0.17343439814387335,0.4064933847608939,0.35844405241691224,0.47502636421398436,0.00697086501718969,0.3560146730166121,0.01087871090817443,0.02337018080390951,0.0,0.03832974528055437
2011-12-25,0.04855547937786161,0.046530286393757614,0.16056858326285797,0.041134020618556755,0.5267642278322902,0.17343439814387335,0.4064933847608939,0.35844405241691224,0.006137627506170126,0.3783552734484658,0.009447617979690652,0.020468936735914375,0.0023432031493323263,0.13039276755452278
2012-01-01,0.049227197064852665,0.04544535486217638,0.23237432395993982,0.19348224513172974,0.6510317922482763,0.5267642278322902,0.17343439814387335,0.4064933847608939,0.005742672925946851,0.37666638519170986,0.008274121778333953,0.020807741018270817,0.0049627841060217864,0.0
2012-01-08,0.05009436952514926,0.04797264836774884,0.23237432395993982,0.19348224513172974,0.47502636421398436,0.6510317922482763,0.5267642278322902,0.17343439814387335,0.00528772524493017,0.37509813181043655,0.00731185489322146,0.020626065909637708,0.00758236506271126,0.05471043220130855
2012-01-15,0.05156523250247823,0.061626666680972275,0.2663716553240931,0.26356242840778943,0.5488750386314974,0.47502636421398436,0.6510317922482763,0.5267642278322902,0.005152740768144998,0.36239576211745766,0.002928194638820108,0.02018165699164121,0.011211325837574657,-0.18510319975583148
2012-01-22,0.05157047913580914,0.050107621863332286,0.20953794552525065,0.041134020618556755,0.22517226176217905,0.5488750386314974,0.47502636421398436,0.6510317922482763,0.004697793087128314,0.362412383384444,0.0030298202174615096,0.020789120798284915,0.009865486080009422,0.0
2012-01-29,0.05188878359599074,0.043773805958805756,0.20953794552525049,0.041134020618556755,0.47502636421398436,0.22517226176217905,0.5488750386314974,0.47502636421398436,0.003924548676902159,0.362427817418074,0.0031294132845300863,0.017575959074156013,0.011060687916138609,-0.12127100570810197
2012-02-05,0.051627951774667495,0.026070043319428304,0.1792173934838863,0.039935942348113346,0.3113335791913905,0.47502636421398436,0.22517226176217905,0.5488750386314974,0.0028330075374665246,0.37181174614466234,0.008009473570890302,0.017597554472675952,0.007972466329582678,-0.12014431184206334
2012-02-12,0.051016448522692256,0.0,0.15427658200257618,0.013311980782704286,0.3128544015489098,0.3113335791913905,0.47502636421398436,0.22517226176217905,0.0017281345978545776,0.38478751741915757,0.007872537409839593,0.016597478112232594,0.005196671829604385,0.2160260835453459
2012-02-19,0.052219155274557505,0.00962682213259658,0.26215394475133635,0.25587443113216307,0.7666204764800024,0.3128544015489098,0.3113335791913905,0.47502636421398436,0.0010315480386422216,0.38279626741620204,0.007557635913446012,0.017185244093139724,0.030827709355377958,0.1222176327242493
2012-02-26,0.054379116365981445,0.04033638894283115,0.3258031924827166,0.41645769480821043,0.639996915605761,0.7666204764800024,0.3128544015489098,0.3113335791913905,0.0006982530342343959,0.35703159129887,0.007255330476908172,0.01850301647764047,0.0688116332273753,0.0
2012-03-04,0.05635358016250176,0.06915612111615566,0.3258031924827165,0.5160887222742895,0.47502636421398436,0.639996915605761,0.7666204764800024,0.3128544015489098,0.00036495802982656686,0.3331072491899188,0.006965117257831844,0.016197566546932298,0.07479581357797785,-0.05991374938809442
2012-03-11,0.057699771566016016,0.0865522082885331,0.30275793852844535,0.4668735912500462,0.3941542015629272,0.47502636421398436,0.639996915605761,0.7666204764800024,9.165612621215083e-05,0.3083289538747159,0.006686512567518571,0.01482878129921884,0.06931632313646224,0.08241469867893218
2012-03-18,0.05963943471874908,0.11766717125240689,0.3506387856732588,0.6241362746184831,0.5862705274398115,0.3941542015629272,0.47502636421398436,0.639996915605761,0.0,0.28532053679631325,0.006419052064817828,0.013557766426342054,0.07256075826630701,0.07613663878111049
2012-03-25,0.0620219641917791,0.15945373840562094,0.39616781039037097,0.7813989579869196,0.57779634102392,0.5862705274398115,0.3941542015629272,0.47502636421398436,0.0003032984540111208,0.25428803694134583,0.0,0.012625677872652789,0.07643004756930705,-0.09863758807194833
2012-04-01,0.06326292483812014,0.1788757159416159,0.34892778258813584,0.5799061449211101,0.3418843868292788,0.57779634102392,0.5862705274398115,0.3941542015629272,0.00042495113061997644,0.2280982507016212,0.00013693616105070645,0.012256446157905419,0.06990512803039704,0.04450672725603745
2012-04-08,0.06477647742211769,0.20483940701681258,0.3754288821652245,0.6683664043158556,0.5351019782838282,0.3418843868292788,0.57779634102392,0.5862705274398115,0.00043994940581832884,0.21048397341157732,0.0002711335988803982,0.012161727679622047,0.07383449946543125,0.021531932333482502
2012-04-15,0.06630617904364834,0.23198863676345885,0.3889393944756453,0.7125965340132285,0.5040903762587885,0.5351019782838282,0.3418843868292788,0.57779634102392,0.0004849442314133895,0.1925737833637962,0.00040264708795349595,0.011301785118986201,0.09272432177697183,0.0
2012-04-22,0.06765092886600535,0.25604879707952916,0.3889393944756453,0.8336034926192485,0.47502636421398436,0.5040903762587885,0.5351019782838282,0.3418843868292788,0.0004532812059946448,0.17594289260514223,0.0005315303072451327,0.00926256931419987,0.09554818198257746,-0.021531932333482506
2012-04-29,0.06865527696640332,0.27370281747879616,0.3761657437811624,0.7818625861808124,0.4459623521691802,0.47502636421398436,0.5040903762587885,0.5351019782838282,0.00063492698339691,0.1551671933576007,0.000657835862150933,0.008637280554235047,0.09239987826398736,0.05413086081591098
2012-05-06,0.07002209342311372,0.2992282307896812,0.4160156005601908,0.8889309246823672,0.5480927275288463,0.4459623521691802,0.47502636421398436,0.5040903762587885,0.0008932306118129736,0.13587547262774075,0.0007816153059586207,0.008552934362231802,0.10406782830502165,-0.12165650725218016
2012-05-13,0.07019592627242152,0.3007852652306307,0.34402138333440546,0.6093928980526921,0.3108132254513336,0.5480927275288463,0.4459623521691802,0.47502636421398436,0.001121537689832336,0.1214805747012967,0.0010319741192773863,0.008970891983335717,0.10121993524660236,-0.06135257105390261
2012-05-20,0.06997361939980154,0.29414907478822455,0.3141139291479369,0.46854265274806045,0.39221206606028364,0.3108132254513336,0.5480927275288463,0.4459623521691802,0.0013931731184247155,0.1168600129200465,0.0012723185800634015,0.007622018690772215,0.09983804620981664,0.09568525013440808
2012-05-27,0.0706346150679211,0.30593449114902505,0.3799982896742943,0.4305065957210957,0.6041832470865931,0.39221206606028364,0.3108132254513336,0.5480927275288463,0.0015598206206286283,0.10033059016326945,0.0015030492624179756,0.007113912118195082,0.10121993524660236,0.022250608934819723
2012-06-03,0.07142959958845553,0.3208130316180987,0.39567962415047564,0.5366589069947899,0.5050604529371878,0.6041832470865931,0.39221206606028364,0.3108132254513336,0.0016048154462236855,0.08347135888876772,0.0017245507174783667,0.006118248726839946,0.10600247295652168,0.010942358420944227
2012-06-10,0.07223041563650923,0.33608765216805436,0.40384410662766523,0.5897350626316372,0.4897964662196621,0.5050604529371878,0.6041832470865931,0.39221206606028364,0.001664808547017095,0.07160339673998387,0.0019371921143363415,0.004945564606599558,0.10973958156904656,-0.010942358420944244
2012-06-17,0.07284650275444932,0.3477466549230477,0.3962204021647542,0.5366589069947899,0.4602562622083066,0.4897964662196621,0.5050604529371878,0.6041832470865931,0.0017864612236259472,0.060583146173256,0.002141327855319999,0.0031122250101445204,0.10754057553659623,0.04423913233401318
2012-06-24,0.0737712770359437,0.3659941621252094,0.43265275086309085,0.7548608801684958,0.534740776050959,0.4602562622083066,0.4897964662196621,0.5050604529371878,0.0018631190746397491,0.04935121345159155,0.002337298166664309,0.0031743861001657034,0.10940312162965525,-0.04423913233401315
2012-07-01,0.0741866556931526,0.37386333583638454,0.3984815087007061,0.5366589069947899,0.4153119523770098,0.534740776050959,0.4602562622083066,0.4897964662196621,0.0017714629484275983,0.03892156163861746,0.0025254296655548465,0.00199140939956087,0.10667539283530429,0.021766276481954505
2012-07-08,0.07474872613818462,0.384870795231414,0.4173684408945032,0.5474491144594238,0.5044066962735616,0.4153119523770098,0.534740776050959,0.4602562622083066,0.0018464543244193603,0.036960061442485315,0.0027060359044897633,0.0023817682900343466,0.12122728521397837,-0.15215904403647745
2012-07-15,0.07405802353331219,0.36992420082297206,0.31643913055539175,0.11321290078501854,0.2696406041201149,0.5044066962735616,0.4153119523770098,0.534740776050959,0.001664808547017095,0.03779630128591527,0.007621918398105285,0.004233081657937673,0.1177184887031833,-0.03832974528055427
2012-07-22,0.07330454278376705,0.35315801985188916,0.2963273890871837,0.0,0.42328850059567863,0.2696406041201149,0.5044066962735616,0.4153119523770098,0.0014081713936230644,0.036206703088203646,0.007528043922919581,0.0037189024737238306,0.11484656279195035,0.0
2012-07-29,0.07278072107619153,0.3408125017710858,0.2963273890871837,0.18415719446647266,0.47502636421398436,0.42328850059567863,0.2696406041201149,0.5044066962735616,0.0011515342402290407,0.04504000303210501,0.007436046937237593,0.003737729459203625,0.11837939215555908,0.12371491677764122
2012-08-05,0.07335366909196661,0.35221211178724277,0.39996486557392397,0.48885364349281896,0.6420179642087518,0.47502636421398436,0.42328850059567863,0.2696406041201149,0.0010765428642372787,0.03802499809276641,0.007208364990849389,0.004003351202559759,0.12182810653432,0.022756987122616278
2012-08-12,0.07404868403845288,0.36643759161235845,0.4186840309373251,0.5491232707727556,0.5057439671486114,0.6420179642087518,0.47502636421398436,0.42328850059567863,0.0009548901876284231,0.027480429968238212,0.006989790322316716,0.002981731191196532,0.12473608172477345,-0.13353139262452274
2012-08-19,0.07365028960065817,0.35692917876619956,0.33134872899558654,0.214292008106441,0.2947843894812452,0.5057439671486114,0.6420179642087518,0.47502636421398436,0.0008332375110195675,0.028745798602488604,0.006779958640525352,0.0035494923533923653,0.12296966704296908,0.0874874541231158
2012-08-26,0.07404133970923585,0.3646941937456483,0.39808314350506835,0.42858401621288233,0.5931177821611555,0.2947843894812452,0.5057439671486114,0.6420179642087518,0.0008948970868350135,0.025572995929205422,0.0065785202260056404,0.003828559604306451,0.12548110016199707,0.05723112789197135
2012-09-02,0.07485626287102065,0.38190198472860015,0.441389208059632,0.5792580844127239,0.5522774982333599,0.5931177821611555,0.2947843894812452,0.5057439671486114,0.0009098953620333659,0.013738339205482702,0.0063851393480667176,0.0038119828773180604,0.1291340937896741,0.16591242342223847
2012-09-09,0.07700495675781575,0.4278017762535953,0.5582228404007277,0.9140893470790381,0.6989765697990249,0.5522774982333599,0.5931177821611555,0.2947843894812452,0.0011382024400527248,0.02356968008650595,0.0017439982775325647,0.005588709120699125,0.13544271765326116,0.38892417141795
2012-09-16,0.08325707883633994,0.5534555565196971,0.7602834574327451,0.9140893470790381,1.0,0.6989765697990249,0.5522774982333599,0.5931177821611555,0.0021080909028795003,0.07775899043525533,0.0018813650554419213,0.015730412914081216,0.16571209577207205,-0.35192097756869223
2012-09-23,0.08392457124379578,0.5655854905748157,0.4972372837213781,0.35698758879324377,0.0,1.0,0.6989765697990249,0.5522774982333599,0.002396391081692272,0.13551988910045643,0.002541604047798473,0.027904815322022176,0.030274953740663677,0.04440788848944041
2012-09-30,0.0848434508330827,0.5819763449572783,0.5155361865947652,0.40223953666844364,0.5349685647537102,0.0,1.0,0.6989765697990249,0.002698023060681353,0.16860965968248165,0.0036680398751211124,0.029449462217530902,0.10720411559720491,0.131840775146615
2012-10-07,0.08695977795553264,0.6190260826816903,0.5715967409371167,0.5490569675524255,0.6529863270037146,0.5349685647537102,0.0,1.0,0.0033046199687036017,0.20913690959811793,0.004726889552804396,0.033117033074913094,0.15792545146044462,-0.0556665442509989
2012-10-14,0.08788815557874231,0.6336443288942692,0.5375607951794962,0.4846986416854747,0.3998871204366014,0.6529863270037146,0.5349685647537102,0.0,0.003774565924918632,0.24676935594835164,0.005722208249826678,0.03379309961725124,0.10985974583311488,-0.09370145660457645
2012-10-21,0.08751488037153955,0.6255574049829841,0.48648402263480695,0.38413875751836374,0.34854722517562386,0.3998871204366014,0.6529863270037146,0.5349685647537102,0.004274508431530374,0.28171377041642576,0.006657807825027626,0.03240818829156808,0.09817977936567375,-0.06388385662973783
2012-10-28,0.08649639844340579,0.6066184547609191,0.45560320469170534,0.3207860304930838,0.3887953121282405,0.34854722517562386,0.3998871204366014,0.6529863270037146,0.004714457837348706,0.3010139916709104,0.007537271425716514,0.032886747061591684,0.06946052025334423,0.037003193849257696
2012-11-04,0.08597496355617339,0.5964874388342369,0.47261740859869883,0.3147928994082842,0.5249736357860155,0.3887953121282405,0.34854722517562386,0.3998871204366014,0.0052144003439604444,0.31573762844257025,0.021315534503175797,0.03181471474672336,0.07957835128789714,-0.018330452143982965
2012-11-11,0.08530838022096522,0.5840257655956225,0.46298811779830773,0.29532117367168925,0.45028374132031207,0.5249736357860155,0.3887953121282405,0.34854722517562386,0.005532697073169918,0.3277338521983192,0.02104553773280223,0.030074837540970924,0.07097458998060513,-0.05818669156551451
2012-11-18,0.08416532008136865,0.5634436447214829,0.43312140361116547,0.2358242339209827,0.3964854010382052,0.45028374132031207,0.5249736357860155,0.3887953121282405,0.005729341125770539,0.33887320282865746,0.02050859295941436,0.02771481865082614,0.06710530067760508,0.009756174945364656
2012-11-25,0.08330258865504146,0.5478332353258701,0.4382635012544229,0.22349372789218547,0.4881953442075897,0.3964854010382052,0.45028374132031207,0.5249736357860155,0.0061076309557734215,0.3454487592630103,0.01999312597696199,0.02475138285060471,0.08082805963420772,0.019231361927887592
2012-12-02,0.08275940552508779,0.5379135460599866,0.44907419576283114,0.21184401001447614,0.5009850439113449,0.4881953442075897,0.3964854010382052,0.45028374132031207,0.006409262934762502,0.3545799431025433,0.01922760021186349,0.022275331638950565,0.0877495212445432,-0.038839833316263776
2012-12-09,0.08193225582244534,0.5230049756507258,0.4265225595963499,0.09411639257654421,0.42259997879539796,0.5009850439113449,0.4881953442075897,0.3964854010382052,0.006575910436966415,0.3630588995249669,0.018508005992670905,0.019976141228128855,0.07611762048272941,0.04936624630325143
2012-12-16,0.08171283350063638,0.5189350279300262,0.4566185470708234,0.11154066437571591,0.5416614044390254,0.42259997879539796,0.5009850439113449,0.4881953442075897,0.006575910436966415,0.3665211162105369,0.01783158742662986,0.018337457788901345,0.07990279480088161,0.027879967873735766
2012-12-23,0.08178187018416659,0.5200133321229954,0.4742947428541996,0.14826746849942732,0.512659016478592,0.5416614044390254,0.42259997879539796,0.5009850439113449,0.005864325602555707,0.3732037635098661,0.017195753974551288,0.017063962709314994,0.08350772272293135,0.009123225975522191
2012-12-30,0.08189594908817753,0.521874240320246,0.48040576156164805,0.2971419916124697,0.4873409835214082,0.512659016478592,0.5416614044390254,0.42259997879539796,0.005864325602555707,0.38603126371920776,0.016598070529597428,0.016377710649091753,0.08669207572074195,0.018000486023620893
2013-01-06,0.08213410327762677,0.5258877782005191,0.4931714223016461,0.31264505204442433,0.49932359562360173,0.4873409835214082,0.512659016478592,0.5416614044390254,0.00581933077696065,0.40593590823266984,0.0160362480913408,0.016484895220830572,0.10321466203013654,0.11059949368616735
2013-01-13,0.08346770722899793,0.5487280630400083,0.5702454753656508,0.7413233192805946,0.624314638339083,0.49932359562360173,0.4873409835214082,0.512659016478592,0.005727674650748499,0.43060919071221143,0.015508134999379563,0.017852692524781975,0.12645443070095047,-0.04074805463334935
2013-01-20,0.0840128171000762,0.5575713198611015,0.5313576258965211,0.6191172528088521,0.42002424307019853,0.624314638339083,0.49932359562360173,0.4873409835214082,0.005667681549955089,0.4535200958717858,0.015011708692936008,0.018130231851094396,0.1119025383222764,0.06528916354946694
2013-01-27,0.085115074345734,0.5754241326834489,0.5766948448585761,0.8557432185420781,0.5631543132715872,0.42002424307019853,0.624314638339083,0.49932359562360173,0.0058959886279744515,0.4747945078056764,0.014545067964879062,0.01687153862420854,0.1296147508459474,0.25534669180884456
2013-02-03,0.08927379019432456,0.6408264090272662,0.725008503780818,0.8503156717014309,0.8196958166064554,0.5631543132715872,0.42002424307019853,0.624314638339083,0.006789219239787425,0.5200242493965122,0.007234363225320272,0.02447034922660853,0.23988949598144868,0.03557687456710722
2013-02-10,0.09295708488527148,0.6937020457062222,0.7425557299424201,0.5671863690604277,0.5230483761226412,0.8196958166064554,0.5631543132715872,0.42002424307019853,0.0077124464019971035,0.5742974491520956,0.0075121110991495325,0.03326336444099709,0.30260322539870715,-0.09214367743316557
2013-02-17,0.09432411154619057,0.7098233261261173,0.6349096347692825,0.44923935653410035,0.35064993067830774,0.5230483761226412,0.8196958166064554,0.5631543132715872,0.008439029511606164,0.609933855022645,0.008408741522230595,0.032936420572686795,0.2874024459940641,0.09214367743316546
2013-02-24,0.09658341395034054,0.7368913027267006,0.6852186686600583,0.5671863690604277,0.5994027977496609,0.35064993067830774,0.5230483761226412,0.8196958166064554,0.009483909350424698,0.6262588049721141,0.009269506728388418,0.03687877312151994,0.3051266749441419,-0.0416313834758136
2013-03-03,0.09752414771681304,0.7446419797341002,0.6391976269655115,0.5125491500224967,0.4188319171925539,0.5994027977496609,0.35064993067830774,0.5230483761226412,0.010408802987656417,0.6426938598958196,0.010095841326299924,0.03701043334340612,0.2812860849529864,0.029912499362600247
2013-03-10,0.09850212436546614,0.7522563510924651,0.6566616006628994,0.5515757350495902,0.5154025472847864,0.4188319171925539,0.5994027977496609,0.35064993067830774,0.011378691450483192,0.635061188576618,0.010889122540294971,0.04066178498004501,0.3029877510437258,-0.023857990453893835
2013-03-17,0.09868736230885031,0.7494117070718709,0.6291436345656666,0.5203544670279154,0.442822616255956,0.5154025472847864,0.4188319171925539,0.5994027977496609,0.012348579913309975,0.6279737080659309,0.011650672505730217,0.03903439281385859,0.2938072012689058,0.029734598942878925
2013-03-24,0.09906017026884972,0.7489229509937547,0.6483688153432464,0.5532181666202287,0.5151624155650003,0.442822616255956,0.5154025472847864,0.4188319171925539,0.013316801901114707,0.6213924761631497,0.012381760472548053,0.03727510340270346,0.29951500381215124,0.06307260345507475
2013-03-31,0.10012621085438315,0.7566252437185901,0.6885807215690972,0.6316357388316153,0.5601623788606996,0.5151624155650003,0.442822616255956,0.5154025472847864,0.014406676565528298,0.6217442938359883,0.013083604920693175,0.037626593861344274,0.31346607487048367,-0.10495310070006197
2013-04-07,0.09909072534042104,0.7391370340402323,0.566617960562628,0.46183549820974473,0.33335964635314524,0.5601623788606996,0.5151624155650003,0.442822616255956,0.01520991752615116,0.6220709816750527,0.013757375590912493,0.03795297785865362,0.2945882689853499,-0.012295236857037354
2013-04-14,0.09787192841692895,0.7201571207086123,0.554269088518088,0.42617673262508543,0.45843013371445923,0.33335964635314524,0.5601623788606996,0.5151624155650003,0.015953165385980614,0.6078602559028945,0.014404195434323036,0.038007909170744536,0.2892529756607163,-0.05800777383762186
2013-04-21,0.09588279044234643,0.6926930588585863,0.4989306584389328,0.3388868096431637,0.39672690593047233,0.45843013371445923,0.33335964635314524,0.5601623788606996,0.01636311824140225,0.5946645819716048,0.015025142483997158,0.03557752139215144,0.2827160396953995,0.013024786155471783
2013-04-28,0.09431373093655387,0.6708832824021871,0.5089929199989456,0.3272927094408143,0.49260734746438106,0.39672690593047233,0.45843013371445923,0.33335964635314524,0.01687805902321233,0.5849537275177594,0.015621251651684315,0.034065151368261104,0.2972919649268872,0.01922451516862981
2013-05-05,0.09318175959917482,0.6548101804737174,0.5245553885566988,0.31193298969072164,0.5009758020889922,0.49260734746438106,0.39672690593047233,0.45843013371445923,0.01731634195400862,0.5817214368646466,0.016193516452663988,0.033901505487415995,0.30923629277527864,0.0
2013-05-12,0.09213487869240854,0.640137642834044,0.5245553885566988,0.156659966716376,0.47502636421398436,0.5009758020889922,0.49260734746438106,0.39672690593047233,0.01719468927739977,0.5768633143014248,0.016742890661604476,0.030771874087418192,0.31983478086610484,0.08577648223977301
2013-05-19,0.09243780565533045,0.641854769120686,0.5968497513964159,0.5783514367577828,0.5908082956433817,0.47502636421398436,0.5009758020889922,0.49260734746438106,0.01719468927739977,0.5901947151653057,0.01727028990218734,0.033876278929270934,0.34642713250442503,0.057230327830846604
2013-05-26,0.09343447887358486,0.6515390302732277,0.6413321959639129,0.801359829744894,0.552276418303059,0.5908082956433817,0.47502636421398436,0.5009758020889922,0.01757297910740265,0.6025738731103383,0.017776593173146893,0.031989147139050836,0.35480258170998724,0.20985268375086194
2013-06-02,0.0978761029073982,0.6990328124939982,0.7723886939754766,0.8801410494571205,0.7582875612912776,0.552276418303059,0.5908082956433817,0.47502636421398436,0.018361221792827162,0.6340786658490334,0.01826264431326806,0.03900440764692617,0.38544446904741,-0.10436992617612996
2013-06-09,0.09914059463439645,0.7091611290643864,0.6355785519104179,0.41892270718562713,0.33414682100729487,0.7582875612912776,0.552276418303059,0.5908082956433817,0.018921157400232307,0.6734602247033197,0.019091743012637552,0.051280929717821916,0.3132377627687538,0.13990542469120942
2013-06-16,0.10263598139468211,0.7414433008532189,0.7142975412360196,0.6335097984582526,0.6638720695311855,0.33414682100729487,0.7582875612912776,0.552276418303059,0.01986104931266238,0.7100288150680141,0.02075785819537506,0.06017159086926385,0.3377873219179125,-0.05808719340601831
2013-06-23,0.10392565760937877,0.7494372182040733,0.6464401187198867,0.5293953747561998,0.3966197046232827,0.6638720695311855,0.33414682100729487,0.7582875612912776,0.02066429027328525,0.7284519061448842,0.02229068416349357,0.06418126151191011,0.32096432494834715,-0.04722018587729054
2013-06-30,0.10374277338425317,0.7426106962324315,0.5971844012834483,0.44910374291817606,0.41128809726051885,0.3966197046232827,0.6638720695311855,0.33414682100729487,0.02124089063091078,0.7455590621448349,0.02370088405416261,0.06313473367956972,0.30734971382940596,-0.024745748964889028
2013-07-07,0.10285868707027561,0.7293244090275282,0.572666361618137,0.4085167641868676,0.4416243111685709,0.41128809726051885,0.3966197046232827,0.6638720695311855,0.021574185635318613,0.7472043513655735,0.024998267953578117,0.0613909681473095,0.2964748479312226,0.015135424065100813
2013-07-14,0.10217600676141853,0.7184758762143886,0.5829131713144705,0.43322188167549025,0.49545630707829774,0.4416243111685709,0.41128809726051885,0.3966197046232827,0.02222577736893591,0.748732119927688,0.02619186114104039,0.05654594324272992,0.3064004161432662,-0.010245438770909
2013-07-21,0.10118845473229374,0.7051464688488567,0.5717565488358701,0.41645769480821043,0.46119697114186514,0.49545630707829774,0.4416243111685709,0.41128809726051885,0.02287570262753117,0.7358674433773,0.03991818279685649,0.054307818488885246,0.2977726219831605,0.11216657012682575
2013-07-28,0.10235556726362863,0.7124382481459282,0.6499896754982313,0.6096870065942235,0.6264298933863784,0.46119697114186514,0.49545630707829774,0.4416243111685709,0.02402723686776022,0.7366093896999644,0.03962450209925718,0.05523480535981197,0.3246653842816515,-0.07806630287570576
2013-08-04,0.10145393970360998,0.7003637018022618,0.5623579150955826,0.4570446735395192,0.36965170800885433,0.6264298933863784,0.46119697114186514,0.49545630707829774,0.024890470929176484,0.7372983398567239,0.03933669501560986,0.05535116025515495,0.3147638489224216,-0.019038121281659173
2013-08-11,0.10013291434574831,0.684857219441712,0.5431458092676399,0.42413745704467376,0.44932852262360573,0.36965170800885433,0.6264298933863784,0.46119697114186514,0.02564871706420429,0.7398852156439832,0.03905464407363547,0.05543163302626114,0.3027714553684028,-0.024866146066081857
2013-08-18,0.0983982600108351,0.6660082285560289,0.5182096367516223,0.351126384116075,0.4414617979883773,0.44932852262360573,0.36965170800885433,0.6264298933863784,0.026330305348218293,0.7346932979514071,0.038778234150500586,0.05274925171391642,0.29660702862169774,0.004914014802429163
2013-08-25,0.09690983011319752,0.6498822137903675,0.5222186153386322,0.2737798166679272,0.4816593492705117,0.4414617979883773,0.44932852262360573,0.36965170800885433,0.026815249579631682,0.7298722315225863,0.0385073524258284,0.04827335272631143,0.3036967202017289,0.0
2013-09-01,0.09554118742259314,0.6352289711397837,0.5222186153386322,0.2365043588820282,0.47502636421398436,0.4816593492705117,0.4414617979883773,0.44932852262360573,0.027148544584039508,0.722138841424804,0.03824188833564965,0.04461343989435661,0.3113752166756948,-0.009852296443011594
2013-09-08,0.09410182049367277,0.6202281753952742,0.5106342844926183,0.14233676975945025,0.4617276384863637,0.47502636421398436,0.4816593492705117,0.4414617979883773,0.026815249579631682,0.6990218262506775,0.037981733527274485,0.042951926205415686,0.3057635455437041,-0.05135119659074557
2013-09-15,0.09189274961318575,0.5983234390980163,0.45344584126277154,0.11732317430774698,0.4057120187519323,0.4617276384863637,0.47502636421398436,0.4816593492705117,0.026663600352626125,0.6658323314546271,0.037456327895947744,0.04292550038128938,0.30116125422988727,0.046388407248616426
2013-09-22,0.09083745897690572,0.5874377716235528,0.4994296185950855,0.34755485064763414,0.5376418882706221,0.4057120187519323,0.4617276384863637,0.47502636421398436,0.026193654396411088,0.6350135148582945,0.03660543869479288,0.04265282257347576,0.3100173604917228,-0.01000008333458331
2013-09-29,0.08969719953722169,0.5759122677385453,0.48762845289617984,0.3113930742796722,0.4615281543002638,0.5376418882706221,0.4057120187519323,0.4617276384863637,0.025890355942399967,0.6063960423045571,0.035805602845707316,0.039890655266116126,0.30427350866925684,0.0638054216650358
2013-10-06,0.08986466065939049,0.5767561241232607,0.551655572264864,0.5484536082474227,0.5611515440201982,0.4615281543002638,0.5376418882706221,0.4057120187519323,0.025935350767995025,0.5905278235452007,0.03505375714756687,0.039586612566832824,0.3145115039678781,0.023810648693718607
2013-10-13,0.09033409405688445,0.5803593845738337,0.5747179619340586,0.6408670367433256,0.5071662098028875,0.5611515440201982,0.4615281543002638,0.5376418882706221,0.02613366129561768,0.5843011813310195,0.034347022191314865,0.03980056628831957,0.31871725321026945,-0.02381064869371856
2013-10-20,0.09011388826578391,0.5775662967093261,0.5405408713088337,0.5484536082474227,0.4428865186250813,0.5071662098028875,0.5611515440201982,0.4615281543002638,0.02620865267160944,0.5785192992749941,0.033682691332437974,0.03975109805857523,0.3046580343142755,0.0
2013-10-27,0.08981631508141125,0.57411702275281,0.5405408713088337,0.5484536082474227,0.47502636421398436,0.4428865186250813,0.5071662098028875,0.5611515440201982,0.02631530707301994,0.5731504087943993,0.033058220325093694,0.03617606755749661,0.30970493340514516,-0.04884254898832347
2013-11-03,0.08855064961801729,0.5618957156079226,0.4722947872289429,0.38069624981323813,0.4090982157269054,0.47502636421398436,0.4428865186250813,0.5071662098028875,0.02590535421759832,0.558243771736278,0.032471217578190076,0.034124665150974676,0.2994669381065239,-0.046153379517128695
2013-11-10,0.08663101667683258,0.5437413835069332,0.4169021088618411,0.2091737636336473,0.4127280828791344,0.4090982157269054,0.47502636421398436,0.4428865186250813,0.025617054038785544,0.5281571517980388,0.03191943499610068,0.033984339345933756,0.2854197356369368,0.11880657719917063
2013-11-17,0.08723376311530526,0.548937050586452,0.5455792971582986,0.8010837959291572,0.6353926396248162,0.4127280828791344,0.4090982157269054,0.47502636421398436,0.025753704990592763,0.5083839493301503,0.03140075936893663,0.03561858467083946,0.30066858074720715,-0.02381064869371856
2013-11-24,0.08715333627017476,0.5478112075195823,0.5145237880224537,0.6855670103092787,0.4428865186250813,0.6353926396248162,0.4127280828791344,0.4090982157269054,0.025890355942399967,0.4943978306358227,0.02327484121003337,0.0356196898712188,0.2908751932256387,0.13366234266726842
2013-12-01,0.08973161883137631,0.5705953321476007,0.6358437123336095,0.7835051546391752,0.6554450965902403,0.4428865186250813,0.6353926396248162,0.4127280828791344,0.026466956300025504,0.5072235881104865,0.023427710194854123,0.04113492818545765,0.32890718280326336,-0.008283526426643874
2013-12-08,0.09145077816630638,0.5850363459493495,0.6235210740727845,0.7576753143763457,0.46384517953865184,0.6554450965902403,0.4428865186250813,0.6353926396248162,0.027013560107254336,0.5191332200512453,0.023970201313381415,0.04099014839163202,0.309212259922465,0.06874638393332479
2013-12-15,0.09419888421495208,0.6077119661773231,0.6797063588184213,0.9140893470790381,0.5678209030286865,0.46384517953865184,0.6554450965902403,0.4428865186250813,0.027846797618273904,0.5393709260950121,0.024490992787167612,0.042592686809525354,0.32438900647429436,0.12855787172270086
2013-12-22,0.09936339186126164,0.6490003761859127,0.7670753923987689,0.8738903891769009,0.6485550319774805,0.5678209030286865,0.46384517953865184,0.6554450965902403,0.029361623413307482,0.574870919042288,0.0252990657853375,0.047609853913885156,0.3389408988529684,-0.01721871506028779
2013-12-29,0.10272877460293538,0.673458364420867,0.7369727928926871,0.8269876396610357,0.45178437486730344,0.6485550319774805,0.5678209030286865,0.46384517953865184,0.03066480688054208,0.6078351982076153,0.02693882875590483,0.04923583530815305,0.3288951663768565,-0.013991677924305224
2014-01-05,0.10473632045125059,0.6861067365085234,0.7124796691934825,0.7913733353675818,0.456140261033794,0.45178437486730344,0.6485550319774805,0.5678209030286865,0.03193799379737998,0.6384448860039909,0.028447410688826787,0.04876055883383121,0.3044297222125457,-0.003921573653181802
2014-01-12,0.10591740394530466,0.6918846135718254,0.7053956464559539,0.7817106572800654,0.4697329858898556,0.456140261033794,0.45178437486730344,0.6485550319774805,0.032997871911396866,0.6668681675291965,0.02983530606711498,0.04732667250888993,0.2851794071088001,0.0690714538609653
2014-01-19,0.10835934583143812,0.7064275416597036,0.7568796898951508,0.9140893470790381,0.5682596855841033,0.4697329858898556,0.456140261033794,0.45178437486730344,0.03428439062841107,0.6986234843084791,0.031112169815140117,0.0504892894619763,0.29808504906973815,-0.033939487223190554
2014-01-26,0.10902870749450887,0.7075505687835739,0.6932003803563462,0.8301517783765233,0.4292145136948653,0.5682596855841033,0.4697329858898556,0.456140261033794,0.03549591796943353,0.7281105641749555,0.032677451918565276,0.04964876994525845,0.2774768777820205,0.03393948722319049
2014-02-02,0.11012340332012563,0.7114993328098198,0.7200645383974805,0.9058625429553264,0.5208382147331033,0.4292145136948653,0.5682596855841033,0.4697329858898556,0.036859094537461536,0.7558499064833164,0.03408620581164793,0.04911642707943108,0.2967392093121729,-0.020000666706669428
2014-02-09,0.11008748000282878,0.7074789372123161,0.6822695771314959,0.8259418690579158,0.4480292694310501,0.5208382147331033,0.4292145136948653,0.5682596855841033,0.03828393068130499,0.770932707140672,0.03563091332654429,0.05091050670756861,0.29074301253516355,-0.049070787154295886
2014-02-16,0.10842544754590872,0.6925832164489527,0.5983459286340266,0.7056769759450173,0.4087901376267996,0.4480292694310501,0.5208382147331033,0.4292145136948653,0.03963210897413466,0.7849381648939309,0.03732834280822824,0.05133574007807182,0.2825478097257038,0.08579911663115505
2014-02-23,0.10907173398400878,0.6937074771309107,0.6747764542179043,0.8887240722885615,0.5908388477653912,0.4087901376267996,0.4480292694310501,0.5208382147331033,0.04099528554216266,0.8000085685402814,0.03878813216247644,0.05272315780661009,0.29252144364337473,-0.016727662770189562
2014-03-02,0.1087765539093133,0.6885192760309523,0.6463063420598393,0.7280672696306262,0.4524472020326968,0.5908388477653912,0.4087901376267996,0.4480292694310501,0.04235846211019068,0.8208813041743832,0.04031590979783449,0.05472832183620091,0.28623685263260135,0.04901714523494781
2014-03-09,0.10957886692899178,0.6906527039409107,0.6886046109810317,0.8430921162379477,0.5411901844158112,0.4524472020326968,0.5908388477653912,0.4087901376267996,0.043494998075221364,0.8402631301203349,0.042286734698235476,0.05262002718282259,0.2931583142429368,-0.11416702544273138
2014-03-16,0.10676764214646571,0.6693255724609412,0.5219799375134168,0.5062813362627463,0.32092260096616715,0.5411901844158112,0.4524472020326968,0.5908388477653912,0.04414658980883866,0.8195596763967037,0.05126493702228442,0.05540454737348521,0.27429252478420996,0.06514988020778355
2014-03-23,0.10597192247466802,0.6616156289908194,0.5795875744734412,0.5800951625693895,0.5629663072599747,0.32092260096616715,0.5411901844158112,0.4524472020326968,0.044828178092852666,0.7983600041867445,0.051100871999138764,0.0544886486087825,0.2773807463707659,0.0
2014-03-30,0.10504272976315215,0.6532763650247011,0.5795875744734411,0.5692433659607725,0.47502636421398436,0.5629663072599747,0.32092260096616715,0.5411901844158112,0.04497982731985822,0.7679911098752077,0.05077069221660027,0.055127008439736516,0.2933265442126325,-0.026757449169549304
2014-04-06,0.10329886652041642,0.6399423956497152,0.5429579710527392,0.4182223460573974,0.4389088986327503,0.47502636421398436,0.5629663072599747,0.32092260096616715,0.04508648172126873,0.7397914223002091,0.05022547339864355,0.05395522328175008,0.2729466850266447,-0.007182038053641244
2014-04-13,0.1014671072381503,0.6263466231439163,0.5331563850285121,0.3846939723228386,0.46533197927609943,0.4389088986327503,0.47502636421398436,0.5629663072599747,0.045221466198053895,0.7136059981234248,0.04971296770976422,0.04864876484021084,0.2670105703816695,-0.0068519491525527035
2014-04-20,0.09959736782498725,0.6127777094836234,0.5234141569896869,0.3529302498374661,0.4657775364907752,0.46533197927609943,0.4389088986327503,0.47502636421398436,0.04534311887466276,0.6852094558870845,0.04923121236221767,0.043941907626765614,0.26315329750507627,-0.04611993561355303
2014-04-27,0.09671822568236305,0.5928980876916791,0.46124457358774484,0.01848720027800281,0.4127732257860177,0.4657775364907752,0.46533197927609943,0.4389088986327503,0.04496482904465987,0.6348280289739938,0.048778362335523906,0.042080220985813446,0.2580583327085793,-0.15315117949417478
2014-05-04,0.09070879120380496,0.552432449090507,0.3163002364296389,0.03979107194056276,0.26830141001314883,0.4127732257860177,0.4657775364907752,0.46533197927609943,0.04414658980883868,0.6154892069492413,0.04835268331043176,0.04787841141952738,0.24271335618705428,0.08144033194017428
2014-05-11,0.08769045391186914,0.5317255375841016,0.39929550057408414,0.24095704675118534,0.5849553177227866,0.26830141001314883,0.4127732257860177,0.4657775364907752,0.04347999980002301,0.5830550941017643,0.04716118303896572,0.05177360813836951,0.25196600452031526,0.0
2014-05-18,0.08522822994312594,0.5147359034429857,0.39929550057408414,0.24095704675118534,0.47502636421398436,0.5849553177227866,0.26830141001314883,0.4127732257860177,0.04290339944239746,0.5529377036005356,0.04606500278921696,0.04885623523291012,0.2604255687107253,0.08955076568233147
2014-05-25,0.08541184608689568,0.5158696476988287,0.4891841489857789,0.4819140935023707,0.5959028602061935,0.47502636421398436,0.5849553177227866,0.26830141001314883,0.04290339944239748,0.5184768147175542,0.03345892991710625,0.054418564191527755,0.3100173604917228,0.03513196663777477
2014-06-01,0.08639511008294747,0.5224174546595117,0.5224967833473554,0.5824970809076823,0.5224478350649843,0.5959028602061935,0.47502636421398436,0.5849553177227866,0.0426750923643781,0.4864774178976428,0.033725051135751964,0.05332495325441139,0.3404429521538225,0.0
2014-06-08,0.0870828055715042,0.5268791122865206,0.5224967833473554,0.6380464714048388,0.47502636421398436,0.5224478350649843,0.5959028602061935,0.47502636421398436,0.04252344313737255,0.4584844771112578,0.033985849930024764,0.05280573646933885,0.3490467134611145,0.03063369908869104
2014-06-15,0.08835187541287026,0.5351436524821828,0.5536419613646691,0.7753209085948944,0.5163760297015604,0.47502636421398436,0.5224478350649843,0.5959028602061935,0.042280137784154834,0.4402287669696387,0.034241432748412105,0.051827327512378854,0.3595130208614655,0.03613109774753654
2014-06-22,0.0902421473283175,0.5473180390216517,0.5897867157131953,0.9140893470790381,0.5237964719712641,0.5163760297015604,0.47502636421398436,0.5224478350649843,0.042718420714951126,0.4265738007483854,0.034789742926902796,0.050146815221543295,0.3821760010647515,0.047471237381573085
2014-06-29,0.092967927366837,0.5645516486031305,0.6351693029144375,0.9140893470790381,0.5391035029338722,0.5237964719712641,0.5163760297015604,0.47502636421398436,0.04309837701997604,0.42547111485411454,0.03562581620466359,0.050874737526458935,0.3899746618027858,-0.08029654699461013
2014-07-06,0.09266376343896723,0.5620443539671331,0.518413287323145,0.6677390265896518,0.36664130276835977,0.5391035029338722,0.5237964719712641,0.5163760297015604,0.04309837701997604,0.4244471922380058,0.036909672751330655,0.05155066538102346,0.387162818023587,0.052154676133701054
2014-07-13,0.09373274521201079,0.5682699912974823,0.5687908681918021,0.8254896704118029,0.5454252541912493,0.36664130276835977,0.5391035029338722,0.5237964719712641,0.04346166857478057,0.43397884899887335,0.03809082077426436,0.05115818344405006,0.3899145796707516,0.006245683037056384
2014-07-20,0.09458415041139923,0.5729800518870405,0.5748316822569026,0.8449383799241226,0.4834568480277739,0.5454252541912493,0.36664130276835977,0.5391035029338722,0.04388661970540056,0.44411678675495864,0.03917747695536336,0.04955303821837882,0.39378386897375167,-0.05840035917075761
2014-07-27,0.093433651116198,0.565149989284119,0.4956426786936886,0.6677390265896518,0.39619699042292966,0.4834568480277739,0.5454252541912493,0.36664130276835977,0.04406826548280282,0.4503556397162168,0.04017720064197445,0.04855882530821963,0.3891935940863417,0.0
2014-08-03,0.09236938344456222,0.5579547641305291,0.4956426786936886,0.6677390265896518,0.47502636421398436,0.39619699042292966,0.4834568480277739,0.5454252541912493,0.0444465553128057,0.45614886032309937,0.04109694643365665,0.04537480066266404,0.3952618894217921,0.0032948958968527058
2014-08-10,0.09147489040922208,0.5519009359558498,0.49947913898391616,0.6489429007077676,0.47947384679703103,0.47502636421398436,0.39619699042292966,0.4834568480277739,0.04543144205083083,0.46618496867743237,0.041943112562004274,0.04418275420709182,0.40379355217064306,0.10107503027927749
2014-08-17,0.09354629502592673,0.5642552181781703,0.6082186202523272,0.9140893470790381,0.6114584248376275,0.47947384679703103,0.47502636421398436,0.39619699042292966,0.04659797456625822,0.48732228640960323,0.04272158540008408,0.04707365766805685,0.41631466848656246,0.0
2014-08-24,0.09500502735467617,0.572549207889126,0.6082186202523272,0.8899283951738656,0.47502636421398436,0.6114584248376275,0.47947384679703103,0.47502636421398436,0.047764507081685614,0.50811444756324,0.04377185123298988,0.04598083276579776,0.43534868791498504,0.1028797403840635
2014-08-31,0.0992502504780208,0.5970979170896055,0.7024020526044504,0.9044673539518905,0.6138944401199771,0.47502636421398436,0.6114584248376275,0.47947384679703103,0.049114351849537316,0.5436161773745094,0.04495264495326233,0.050507849902156066,0.4400350942136497,-0.09991091089026166
2014-09-07,0.09915407203835057,0.5955013056238454,0.5493153788604067,0.5634211531118751,0.34016564328340415,0.6138944401199771,0.47502636421398436,0.6114584248376275,0.04978094185835297,0.5749201804424555,0.047126493951440876,0.054711508671631645,0.4372833325664851,0.05260995027229742
2014-09-14,0.10049221345584652,0.6022041242472176,0.5959522398017143,0.7155321908923334,0.5460397876591664,0.34016564328340415,0.6138944401199771,0.47502636421398436,0.05072083377078304,0.593664286772631,0.04899600408987442,0.055857800072058525,0.4407680962244665,-0.0346561466557016
2014-09-21,0.1002062564302608,0.5994517153157568,0.5496603204317286,0.5529512982330509,0.42824715981060035,0.5460397876591664,0.34016564328340415,0.6138944401199771,0.05134242895400365,0.6148806290008353,0.05060378280892727,0.058659190313186324,0.43104680726133904,-0.020922633110397635
2014-09-28,0.09910154557880183,0.5921058291605682,0.5230206617117561,0.4624059013816252,0.4467847901967738,0.42824715981060035,0.5460397876591664,0.34016564328340415,0.05169072223360981,0.6345815182127392,0.05145871460867692,0.05425743193931186,0.42965290179814647,0.02092263311039759
2014-10-05,0.09864917107863233,0.5885918138695874,0.5439107224042934,0.5481855468553181,0.5032679382311949,0.4467847901967738,0.42824715981060035,0.5460397876591664,0.05191736283660714,0.6608134871615541,0.051674023038001934,0.05317533044878234,0.4318519078305968,-0.020922633110397635
2014-10-12,0.09743182072830146,0.5808266830856729,0.5154633082549281,0.4624059013816252,0.4467847901967738,0.5032679382311949,0.4467847901967738,0.42824715981060035,0.05241730534321888,0.6851717440425964,0.052906879104316934,0.051674242836755147,0.42794656924837626,0.0
2014-10-19,0.09626961368740908,0.5734932293588064,0.5154633082549283,0.4372346876895093,0.47502636421398436,0.4467847901967738,0.5032679382311949,0.4467847901967738,0.052673942496612905,0.7001927013908238,0.060480137797394765,0.047495698679788576,0.4308785772916434,0.044265019865825865
2014-10-26,0.09653516130874983,0.5743008795690782,0.56528946428075,0.6310895492217512,0.5347757192936166,0.47502636421398436,0.4467847901967738,0.5032679382311949,0.053128890177629576,0.7202605476412396,0.06031951770911831,0.047640996764028276,0.4327050741054819,-0.14205597494391356
2014-11-02,0.09235099088597189,0.5500452821005769,0.3943918346069255,0.03820497271073399,0.28327782521332623,0.5347757192936166,0.47502636421398436,0.4467847901967738,0.053158886728026294,0.7002585896408897,0.059981449025729355,0.05381397861581384,0.42448583844320853,0.11871358818848533
2014-11-09,0.09238555346672458,0.5498373259259449,0.509534220075675,0.5277946230038414,0.6352671221522209,0.28327782521332623,0.5347757192936166,0.47502636421398436,0.053765483636048536,0.6816853429262792,0.0592117148455162,0.05753334579176041,0.42734574792803465,0.0
2014-11-16,0.09226169720957662,0.5487377793376811,0.509534220075675,0.5167224812309852,0.47502636421398436,0.6352671221522209,0.28327782521332623,0.5347757192936166,0.054357082268872425,0.6659232692433628,0.05848816471611584,0.051943736110651006,0.4301696081336403,0.0
2014-11-23,0.09201513509660503,0.5469635093954225,0.509534220075675,0.5109449339084772,0.47502636421398436,0.47502636421398436,0.6352671221522209,0.28327782521332623,0.05446373667028294,0.6434386877082698,0.05780802759447949,0.047773513494404174,0.43238063059249743,-0.002915926252055392
2014-11-30,0.09158515990080632,0.544185066568299,0.5057169026175659,0.49765445874900766,0.47109041854970635,0.47502636421398436,0.47502636421398436,0.6352671221522209,0.054555392796495086,0.6225601477113982,0.05716869870014134,0.04390116392217497,0.4306742980427272,-0.0927501887758173
2014-12-07,0.08837386699733266,0.5257890066427304,0.3998837811260654,0.1107987087368532,0.3498312557588845,0.47109041854970635,0.47502636421398436,0.47502636421398436,0.05364549743446172,0.5679706968325287,0.05656772953946346,0.04631590188981283,0.38603327394134473,0.08067235303975365
2014-12-14,0.08811492973676543,0.524134306516942,0.4841651845991548,0.5193689472039986,0.5839186923207427,0.3498312557588845,0.47109041854970635,0.47502636421398436,0.05366049570966007,0.5205331587104094,0.05600281852842624,0.048558158574047966,0.3896261854369876,0.014993761988119024
2014-12-21,0.08827023028080667,0.5248291607350788,0.49934636759779016,0.5990055191086122,0.495265090226604,0.5839186923207427,0.3498312557588845,0.47109041854970635,0.05347884993225781,0.47761184056695166,0.05547180217805128,0.04438162338214788,0.3920174542919473,0.1370434968341115
2014-12-28,0.09283219776289411,0.5499545210862322,0.6240924783617655,0.9140893470790381,0.660009011426516,0.495265090226604,0.5839186923207427,0.3498312557588845,0.05423542959226357,0.47852993473128375,0.04715254602217677,0.05175240472828363,0.3932311133590374,-0.1520372588222305
2015-01-04,0.09124559470289206,0.5408580729395656,0.4584031777465125,0.3427835051546392,0.26980499098883315,0.660009011426516,0.495265090226604,0.5839186923207427,0.05426542614266028,0.47325890671128173,0.04749703950909678,0.0598649704656036,0.38603327394134473,0.0
2015-01-11,0.08986458540827336,0.5329550159119405,0.4584031777465125,0.3427835051546392,0.47502636421398436,0.26980499098883315,0.660009011426516,0.495265090226604,0.05418876829164647,0.4683643806927085,0.047834643126278394,0.05714163279614305,0.39671587701701877,-0.014888612493750637
2015-01-18,0.08820996264298608,0.5235843814956191,0.4448030527465172,0.2913659793814433,0.4549295700133125,0.47502636421398436,0.26980499098883315,0.660009011426516,0.05414377346605141,0.4467785389147583,0.048165494671116374,0.054585248185645946,0.39433662458846597,-0.012072581234269249
2015-01-25,0.08644991229023442,0.5136531892311438,0.4335188557664591,0.25023195876288656,0.45873067644335835,0.4549295700133125,0.47502636421398436,0.26980499098883315,0.05403878553966296,0.42673454297809027,0.0484897291850576,0.04970249599008025,0.3925461770538479,-0.018730327920775967
2015-02-01,0.08443713830989269,0.5023090701293289,0.41576965070947725,0.18738831615120252,0.44974398510089164,0.45873067644335835,0.4549295700133125,0.47502636421398436,0.05361383440904298,0.4007845453843922,0.04880747900871999,0.046684920124088064,0.38311328232448444,-0.08798062683492178
2015-02-08,0.08034748688485052,0.47913050972434457,0.34256110880665913,0.0,0.35626925693554,0.44974398510089164,0.45873067644335835,0.4549295700133125,0.05347884993225781,0.37135309558952895,0.0643772203681774,0.048128828675073704,0.3800250607379285,0.02337335118530859
2015-02-15,0.07776019565887894,0.4642635921645365,0.36616622460015336,0.17303376143914387,0.5065759413655384,0.35626925693554,0.44974398510089164,0.45873067644335835,0.052872253024235566,0.3553289504240961,0.06399784691570674,0.04798076364566814,0.3817914754197329,0.0
2015-02-22,0.07574885118059768,0.4525640826479309,0.36616622460015336,0.17303376143914387,0.47502636421398436,0.5065759413655384,0.35626925693554,0.44974398510089164,0.05226565611621331,0.33404015697790035,0.06314403703304984,0.04434175003375926,0.38425484283313355,0.010215338741426265
2015-03-01,0.07449193539702602,0.4451593415135954,0.3777685779209343,0.1983999673045681,0.48881512797304955,0.47502636421398436,0.5065759413655384,0.35626925693554,0.05170572050880816,0.31427199163500436,0.06232437954569922,0.03997010779534428,0.385098419999746,-0.010215338741426345
2015-03-08,0.07327988593125832,0.4379368973255514,0.36785235656309045,0.17303376143914387,0.46123760045491907,0.48881512797304955,0.47502636421398436,0.5065759413655384,0.05111412187598427,0.2936220383291716,0.06153750835784261,0.036407004801923035,0.38448599081149537,0.0
2015-03-15,0.07239706772923502,0.4325929330463796,0.36785235656309045,0.17303376143914387,0.47502636421398436,0.46123760045491907,0.48881512797304955,0.47502636421398436,0.050977470924177065,0.28096408000027445,0.060782112017500264,0.03356711718999794,0.3862884547725202,0.09240567578435963
2015-03-22,0.07442477285694798,0.4445777131626001,0.481168695505802,0.41220084531314416,0.5997564456766974,0.47502636421398436,0.46123760045491907,0.48881512797304955,0.05088748127298695,0.2592957673666297,0.06005693153077163,0.03647186181023784,0.3880188201751041,0.035794331843289645
2015-03-29,0.07715821640812695,0.46065801719949456,0.5210250384844859,0.4928741794957721,0.5233419020726726,0.5997564456766974,0.47502636421398436,0.46123760045491907,0.0509024795481853,0.2783983127246024,0.042652599849284094,0.0481848613846652,0.3939669512464862,-0.032789822822990956
2015-04-05,0.07832144515213219,0.46745147449960855,0.4770360326838585,0.40548514057808194,0.4307663419031922,0.5233419020726726,0.5997564456766974,0.47502636421398436,0.04999425066117398,0.2860418263753413,0.04310302508343201,0.045523827533041836,0.3921404544326476,0.014888612493750559
2015-04-12,0.07969257544488843,0.4754193845868316,0.49459051328589276,0.44481020809104244,0.49512315841465615,0.4307663419031922,0.5233419020726726,0.5997564456766974,0.04999425066117398,0.28681793992531945,0.04354444181289696,0.046058113098888354,0.40490189927670367,0.0
2015-04-19,0.08076053694525705,0.4815865661160461,0.49459051328589276,0.44481020809104244,0.47502636421398436,0.49512315841465615,0.4307663419031922,0.5233419020726726,0.04999425066117398,0.28753861679315634,0.043977030207772626,0.04156387349867843,0.4140944654779305,-0.008906540816203226
2015-04-26,0.08130854501421197,0.4847308094627728,0.4809583663360453,0.421215167583266,0.463004228645727,0.47502636421398436,0.49512315841465615,0.4307663419031922,0.050024247211570685,0.26216559082637364,0.044400966834750775,0.044366129264550094,0.4084227122139056,-0.05237511124725796
2015-05-03,0.0801717257437664,0.47818131606290587,0.40749762298252157,0.2866360476500233,0.4043299287727876,0.463004228645727,0.47502636421398436,0.49512315841465615,0.049857599709366776,0.23274378958093467,0.044816424729189355,0.04823649267733912,0.4032195995797471,0.015590130414665426
2015-05-10,0.07971973829766082,0.47556971721018304,0.42978130635714373,0.3259611151629838,0.49607007413904797,0.4043299287727876,0.463004228645727,0.47502636421398436,0.04985759970936676,0.21177071360716027,0.04522357346573917,0.04684003964929011,0.40497399783514465,0.11514405758879608
2015-05-17,0.08291240759952714,0.49386914255695935,0.573714238744509,0.6361922033207836,0.6304489349715776,0.49607007413904797,0.4043299287727876,0.463004228645727,0.050857484722590246,0.212214884537689,0.04562257922755798,0.05130568486539898,0.414202613315592,-0.002761161441327946
2015-05-24,0.08528072171731453,0.5072061255269186,0.56912132975398,0.5884823574332368,0.4712993215990671,0.6304489349715776,0.49607007413904797,0.4043299287727876,0.0517373835342269,0.21262732897317999,0.04601360487414042,0.04993814336647058,0.4133266638962395,-0.03120377966735614
2015-05-31,0.08606531622935565,0.5115084050487663,0.5180416112040652,0.48890835448345055,0.43290719840715153,0.4712993215990671,0.6304489349715776,0.49607007413904797,0.052450634843659666,0.20371157328003664,0.04639681000779121,0.051177249888998355,0.40326891499372075,-0.035487594831316145
2015-06-07,0.08550006815564709,0.5082566854939398,0.465523966019911,0.3793769512386857,0.4271248629625319,0.43290719840715153,0.4712993215990671,0.6304489349715776,0.052933912600050995,0.18885905026193456,0.04677235103876898,0.05158343017511373,0.3993155107058729,0.014993761988119024
2015-06-14,0.08544518058775277,0.507864411306991,0.4853764895059963,0.4251809925955876,0.495265090226604,0.4271248629625319,0.43290719840715153,0.4712993215990671,0.05354050950807325,0.17846219524195722,0.0471403812491272,0.051188607895705326,0.4098419002382581,-0.06689220011577034
2015-06-21,0.08332842729711273,0.4959631764245492,0.3959566538129148,0.20518279395713554,0.3847346207811385,0.495265090226604,0.4271248629625319,0.43290719840715153,0.05381381141168767,0.16363829583247896,0.047501050855278254,0.053579093236055086,0.37298752044850303,0.045969567005372663
2015-06-28,0.08298357941726722,0.4939917653446027,0.45621062310461113,0.34470709384798776,0.5370765336296196,0.3847346207811385,0.495265090226604,0.4271248629625319,0.05387380451248107,0.15503700196335357,0.04785450706930629,0.05753580642139702,0.375931544918177,0.044265019865825865
2015-07-05,0.0840409159456405,0.49987006162163306,0.510916525500679,0.7545624104160303,0.5347757192936166,0.5370765336296196,0.3847346207811385,0.495265090226604,0.05398045891389157,0.1470500862277372,0.04820089415905376,0.05522697715479041,0.3763797095574462,-0.05022925225749939
2015-07-12,0.08326199552082847,0.4954760894482746,0.4428723421707189,0.5072956585883668,0.40722643014381465,0.5347757192936166,0.5370765336296196,0.3847346207811385,0.05399545718908992,0.12571311429807164,0.04854035350700628,0.05357934334947692,0.3761287705247923,0.0
2015-07-19,0.082604767198875,0.4917682728280063,0.4428723421707189,0.5072956585883668,0.47502636421398436,0.40722643014381465,0.5347757192936166,0.5370765336296196,0.053935464088296525,0.10590021179195364,0.048873023667999754,0.047775883329137986,0.37709018076875017,-0.002995508979798451
2015-07-26,0.08196028563305041,0.4881354313231882,0.4387455905377856,0.49293823428869626,0.47098299700844104,0.47502636421398436,0.40722643014381465,0.5347757192936166,0.05386047271230476,0.10116599807388127,0.04919904042577336,0.048397447309245376,0.3578038163857841,-0.015113637810048184
2015-08-02,0.08097279199744767,0.4825749639858169,0.417385201633903,0.42115111279034256,0.4546258286489999,0.47098299700844104,0.47502636421398436,0.40722643014381465,0.0537554847859163,0.09925626498530687,0.06517386155667994,0.04748577660688143,0.3497648271196132,-0.01568927134499705
2015-08-09,0.07971780066257551,0.47548850450382485,0.3954280688986521,0.18650701924706792,0.45384883289524997,0.4546258286489999,0.47098299700844104,0.47502636421398436,0.05383047616190807,0.09748294140305924,0.06485262138012703,0.043385840126921815,0.34725339400058525,0.04569152164879589
2015-08-16,0.08008926914846873,0.4775873111162477,0.46562894220560214,0.44636605967177345,0.536701225298375,0.45384883289524997,0.4546258286489999,0.47098299700844104,0.054057116764905364,0.08490239399223465,0.06453780600710517,0.042060151678208285,0.34851511877330266,-0.05189843812765137
2015-08-23,0.0788280302715303,0.4704438076960036,0.3919470261419391,0.24863230240549858,0.40497334679375807,0.536701225298375,0.45384883289524997,0.4546258286489999,0.05343552158168478,0.08814553811721626,0.06422928694154376,0.04507509854523842,0.3369192672907093,0.006206916478855604
2015-08-30,0.07802361832281865,0.46586488826388844,0.40147422553498247,0.2872852233676974,0.4834045205498201,0.40497334679375807,0.536701225298375,0.45384883289524997,0.05285892122405925,0.08779633551878091,0.06355482964194208,0.046633994351856195,0.3405602444919796,0.0030890705875293335
2015-09-06,0.07749620045639903,0.462848917957202,0.406498953007989,0.30407461953853754,0.47919602178919385,0.4834045205498201,0.40497334679375807,0.536701225298375,0.05246396664383596,0.08389107802217788,0.06290735063432447,0.04535200548991311,0.341422074610304,-0.006187713108165646
2015-09-13,0.07692155368279377,0.4595488681318629,0.3970249324256996,0.2704958271968581,0.4666741287750003,0.47919602178919385,0.4834045205498201,0.40497334679375807,0.0522223277656403,0.08122918426715589,0.06228577078701156,0.04413401620068225,0.3277714142121424,0.003098642520636232
2015-09-20,0.07658671040815292,0.4576126242715041,0.40275313260535117,0.2872852233676974,0.4792089420777588,0.4666741287750003,0.47919602178919385,0.4834045205498201,0.05191902931162917,0.0817665281862851,0.06168905413359117,0.03999778057547107,0.3283985034406093,0.018730327920775912
2015-09-27,0.07690400198813975,0.4594247407774076,0.4382438360435815,0.3898870888561611,0.5003087433270771,0.4792089420777588,0.4666741287750003,0.47919602178919385,0.05204068198823804,0.06563301699317253,0.0611162061463076,0.03918980698326979,0.32894121332284754,-0.0030410565757789344
2015-10-04,0.07708799915130804,0.4604724961952726,0.43244148931765025,0.4469874557843708,0.470921516419626,0.5003087433270771,0.4792089420777588,0.4666741287750003,0.05192069578665122,0.05938078422997062,0.060566272078515365,0.03717127701746038,0.328258728368645,-0.047471237381573085
2015-10-11,0.07588424568402134,0.4535135881837787,0.35014610724839346,0.17139175257731995,0.41094922549409646,0.470921516419626,0.5003087433270771,0.4792089420777588,0.05134409542902568,0.05957099278835942,0.06003833537343482,0.03656519653654558,0.32676869149419785,-0.0328253096130371
2015-10-18,0.07406737993512368,0.4429077210327266,0.30303953011369134,0.0,0.43071844148824756,0.41094922549409646,0.470921516419626,0.5003087433270771,0.05087414947281063,0.06821389360985794,0.059531516136557494,0.03448599920294872,0.3264550988142587,0.12820000762764916
2015-10-25,0.07643528616157044,0.4566502654345047,0.5175705916443512,0.9140893470790382,0.6480719835353854,0.43071844148824756,0.41094922549409646,0.470921516419626,0.05102579869981619,0.0682076039791236,0.05876552461932756,0.04033035496461748,0.32712454594580975,-0.19334988783543278
2015-11-01,0.07286611942703997,0.43574749505605903,0.2997002882200622,0.01647007832574881,0.21404080184659285,0.6480719835353854,0.43071844148824756,0.41094922549409646,0.050284217315008775,0.060428753649647005,0.05804549259313141,0.050775189714946725,0.3247332770908501,0.06514988020778355
2015-11-08,0.07186291272981908,0.42970453068321374,0.3732276098944364,0.29975542552862133,0.5629663072599747,0.21404080184659285,0.6480719835353854,0.43071844148824756,0.04990426100998388,0.052353043061336674,0.056829563380535034,0.05217507569485309,0.3265958231839091,0.0
2015-11-15,0.07115986562225769,0.4253804334593427,0.3732276098944364,0.29975542552862133,0.47502636421398436,0.5629663072599747,0.21404080184659285,0.6480719835353854,0.04960096255597274,0.044854168943619904,0.05571090850494635,0.046471920506987285,0.32693388130801254,-0.05115820228347839
2015-11-22,0.06933870106512058,0.41424058405567166,0.3275478377916894,0.07576236029844322,0.4059725243481843,0.47502636421398436,0.5629663072599747,0.21404080184659285,0.04884438289596697,0.04974315825400977,0.05468174601940477,0.04492579774541193,0.32631131025587456,0.04120787143031038
2015-11-29,0.0691146093565659,0.4126493251603479,0.3761078414643685,0.25528621404910107,0.5306491505502061,0.4059725243481843,0.47502636421398436,0.5629663072599747,0.04852608616675751,0.04268870858183013,0.05373491653270651,0.04299383323884216,0.32687858171368833,-0.10289442316263288
2015-12-06,0.06641078167059027,0.39574459639528725,0.2928854145535461,0.1801651312864366,0.3361384693504275,0.5306491505502061,0.4059725243481843,0.47502636421398436,0.04773784348133299,0.059951143312545946,0.05286383340494412,0.0497193238246965,0.3240907707873032,0.0
2015-12-13,0.06443747174915244,0.3829721431524552,0.2928854145535461,0.1801651312864366,0.47502636421398436,0.3361384693504275,0.5306491505502061,0.4059725243481843,0.046934602520710134,0.07598054699106774,0.051276448880253345,0.04719682505562438,0.32532846270720694,-0.06925680497724437
2015-12-20,0.06142743799303596,0.36318223903265884,0.2463674452724631,0.0,0.3815428541012751,0.47502636421398436,0.3361384693504275,0.5306491505502061,0.04588972268189158,0.09449876065157753,0.049847802808031645,0.04634334202537821,0.32379036012713236,0.0
2015-12-27,0.05927101327222914,0.3482863671435755,0.2463674452724631,0.10644843892266576,0.47502636421398436,0.3815428541012751,0.47502636421398436,0.3361384693504275,0.044829844567874706,0.1187337115822627,0.04856202134303213,0.04480640344106064,0.3257009719258187,0.07702621637607776
2016-01-03,0.05962968109456082,0.3496249787682971,0.3369345642120585,0.28418803418803423,0.5789971015285734,0.47502636421398436,0.3815428541012751,0.47502636421398436,0.04398160878165679,0.1235215087046958,0.046891753935275525,0.04541950464518951,0.3283926514409492,0.0
2016-01-10,0.06013303974032703,0.3519656534034409,0.3369345642120585,0.28418803418803423,0.47502636421398436,0.5789971015285734,0.47502636421398436,0.3815428541012751,0.04314837127063722,0.12796732031838365,0.04542191861644972,0.04019889024658539,0.32852742767952825,0.05391714033348901
2016-01-17,0.06210532101358361,0.3641599269338292,0.4012013570383838,0.41700443504567236,0.5478042455394395,0.47502636421398436,0.5789971015285734,0.47502636421398436,0.042770081440634336,0.1174422222738582,0.04412846353588301,0.042381797248801284,0.3299693988483481,-0.053917140333489114
2016-01-24,0.062483397149208975,0.3658994452815956,0.3499939258921859,0.28418803418803423,0.40224848288852905,0.5478042455394395,0.47502636421398436,0.5789971015285734,0.04231680023463969,0.10766891694679886,0.0346431262783938,0.04112782614852495,0.3286235590907829,0.03246127532849556
2016-01-31,0.06378021332629029,0.3738304593268549,0.3879782813963991,0.5271957164548869,0.5188429099157378,0.40224848288852905,0.5478042455394395,0.47502636421398436,0.041376908322209624,0.10751824958312878,0.03482312412530951,0.04120412212532139,0.32951428871461574,0.0
2016-02-07,0.06497128897669814,0.3811618869533894,0.3879782813963991,0.5271957164548869,0.47502636421398436,0.5188429099157378,0.40224848288852905,0.5478042455394395,0.041345245296790886,0.1073783441740066,0.034999522015286895,0.036284606478136416,0.32967693104603224,-0.03654291364814426
2016-02-14,0.06515507802607773,0.38183807030415173,0.3506785037776735,0.4562328712774592,0.4257003833418289,0.47502636421398436,0.5188429099157378,0.40224848288852905,0.040875299340575856,0.13061007666654356,0.035172391947464736,0.04023594243341949,0.3231520115071222,-0.09743923399866003
2016-02-21,0.06318629080232911,0.3679054528428737,0.27006408037390395,0.0905703206280145,0.343501936832714,0.4257003833418289,0.47502636421398436,0.5188429099157378,0.040027063554357915,0.15275695023236346,0.03534180448099902,0.04164421316291739,0.321878270307998,-0.05896346848167869
2016-02-28,0.06055440230644822,0.34891193687004374,0.2317046042965726,0.0,0.39543689998879333,0.343501936832714,0.4257003833418289,0.47502636421398436,0.039193826043338355,0.18120870542199785,0.04364301862417913,0.04320003266857604,0.3181291452690662,0.1786483114276585
2016-03-06,0.06279809535849376,0.3636039317123413,0.41871222678373676,0.7477250859106528,0.716167595511808,0.39543689998879333,0.343501936832714,0.4257003833418289,0.038860531038930536,0.18632884117627851,0.04343158574658197,0.04941451563862814,0.33646621196589255,-0.03334997968155407
2016-03-13,0.06392143623150828,0.370660895217541,0.39056994403943024,0.5978144329896908,0.4300102367180137,0.716167595511808,0.39543689998879333,0.343501936832714,0.03883053448853383,0.19108325294811046,0.043224381526536765,0.04716192842540007,0.3358068105668176,-0.05003162925749706
2016-03-20,0.06379386333410562,0.3690695273444456,0.35157603379786506,0.38208934707903724,0.40749318359461695,0.4300102367180137,0.716167595511808,0.39543689998879333,0.0386038938855365,0.20158414830933857,0.04302132139089245,0.045070240298831166,0.33494937846055806,-0.02420360174088625
2016-03-27,0.06331828449919272,0.3649827317571448,0.33383588563591493,0.28153951890034357,0.4423561067735558,0.40749318359461695,0.4300102367180137,0.716167595511808,0.03855723258491941,0.21886494381964278,0.042822322457961026,0.04464436678262171,0.3346060210924092,-0.05399298497611757
2016-04-03,0.06194487025492171,0.3543498888177981,0.2968080079580413,0.1498777127643103,0.4021461070509708,0.4423561067735558,0.40749318359461695,0.4300102367180137,0.0383139272317017,0.24436476579042976,0.04262730350368823,0.04524147097349822,0.33094101103832535,-0.1081329914744894
2016-04-10,0.05888272136594071,0.3309537256285414,0.23623399826840344,0.23499464696149558,0.32906739880481883,0.4021461070509708,0.4423561067735558,0.40749318359461695,0.03740403186966833,0.284704894999139,0.042197698498862055,0.052550834634537524,0.3278047237461421,0.023810648693718607
2016-04-17,0.0571749040628865,0.3167672165916475,0.25886922889010355,0.2807986883183973,0.5071662098028875,0.32906739880481883,0.4021461070509708,0.4423561067735558,0.03657079435864877,0.32216358640722614,0.04111012553284248,0.04808910829545962,0.3281831931122517,-0.0051282163669194554
2016-04-24,0.05598710094419661,0.3060219028221201,0.2559812653165934,0.27352288493454174,0.46810424779878745,0.5071662098028875,0.32906739880481883,0.4021461070509708,0.03549425149441148,0.36217343724649415,0.04008780694478409,0.046455043180705674,0.32688541906031376,-0.05278269957791917
2016-05-01,0.054319394154417736,0.29109010132037516,0.2269725647465203,0.1821823495916506,0.403779762073014,0.46810424779878745,0.5071662098028875,0.32906739880481883,0.03447770173096761,0.3874140925692782,0.03912682747200919,0.04642653425804068,0.3263279650228744,0.10291851200227449
2016-05-08,0.0552975610304513,0.2966431899487673,0.32928190807732216,0.39402229097729097,0.613946774427982,0.403779762073014,0.46810424779878745,0.5071662098028875,0.033659462495146404,0.41207843288217966,0.0382235067676008,0.047392619857208496,0.32954836729990555,-0.11766079373947791
2016-05-15,0.05406348597283475,0.2846064396161242,0.2611176082660247,0.16026959531615545,0.31620667848017203,0.613946774427982,0.403779762073014,0.46810424779878745,0.0324629334293223,0.43357854057341166,0.037374385305456906,0.04856540994498723,0.32603957078911044,0.05822739367694218
2016-05-22,0.054473441195155646,0.2855767520663831,0.31217363295982137,0.2807481186917481,0.5536222674963207,0.31620667848017203,0.613946774427982,0.403779762073014,0.03159969936790604,0.4535429262866985,0.03657621113104164,0.0481380209966058,0.32820252754234025,-0.03323967316882986
2016-05-29,0.05444514195882964,0.2829786411610045,0.29294256539611574,0.21111374279576342,0.43015912952358193,0.5536222674963207,0.31620667848017203,0.613946774427982,0.031009767210104185,0.4750508178264448,0.0358259274070913,0.04622475151464707,0.3265562771246042,-0.07114110002524107
2016-06-05,0.053423183503171705,0.2719250077664136,0.25539440750569176,0.06963437589598472,0.3789994142872004,0.43015912952358193,0.5536222674963207,0.31620667848017203,0.03041816857728029,0.4988399466040874,0.035120660706577975,0.04472385474137973,0.31935843770691164,-0.005197817073616841
2016-06-12,0.052825498370435583,0.2640547927326026,0.2527759479239706,0.0631212592612124,0.4680103000867823,0.3789994142872004,0.43015912952358193,0.5536222674963207,0.029129983385244036,0.5209298518976127,0.034457710008095443,0.04231003564999106,0.31566939480001405,0.15572112276687555
2016-06-19,0.05556989370329765,0.2849225466170905,0.39041607458450633,0.45638324854163237,0.6852202528827259,0.4680103000867823,0.3789994142872004,0.43015912952358193,0.028463393376428385,0.5098318951596512,0.03383453635152188,0.0465754024349449,0.35630894890792136,0.048365325247797644
2016-06-26,0.058989631251222696,0.3119814625836467,0.43066904686242047,0.5394824395890874,0.5403103514466114,0.6852202528827259,0.4680103000867823,0.3789994142872004,0.028160094922417257,0.4671986491846289,0.024071482398535904,0.05254878756454211,0.3672559133645457,-0.08008205374188551
2016-07-03,0.060267003238885467,0.32118546253861624,0.37224134422475064,0.3418742650879162,0.3669308278506499,0.5403103514466114,0.6852202528827259,0.4680103000867823,0.027676817166025915,0.42432769321085556,0.024265259984928407,0.05131302149794467,0.36553756438836865,0.004593016494945064
2016-07-10,0.0615729672608952,0.330849013751113,0.37613961749545666,0.3527851458885942,0.48122606262765094,0.3669308278506499,0.5403103514466114,0.6852202528827259,0.02740518173743353,0.3955754436613365,0.02458606954462267,0.04969681641128097,0.367880767537701,-0.11822865427788357
2016-07-17,0.060604275031191465,0.32110971650974063,0.3034240020453216,0.07729883069259,0.3154401747928868,0.48122606262765094,0.3669308278506499,0.5403103514466114,0.027131879833819122,0.3605194750085084,0.02490046291312304,0.05271770843162314,0.3661864514143376,0.0
2016-07-24,0.06005657273662647,0.31474444187620976,0.3034240020453216,0.11689122085409705,0.47502636421398436,0.3154401747928868,0.48122606262765094,0.3669308278506499,0.026781920079190898,0.3360397979827982,0.04030573796964151,0.051745587191642836,0.4355332482081676,0.015918471437680146
2016-07-31,0.06012521454364694,0.3136772819433704,0.3177033463717862,0.14962076269324398,0.4965132720508705,0.47502636421398436,0.3154401747928868,0.48122606262765094,0.02649528637540017,0.31330866931606727,0.0399689955861772,0.050567192580252496,0.5053727184846777,-0.08041878891151555
2016-08-07,0.059024391035021176,0.302011031688053,0.2717552426376928,0.030171653265444923,0.36647629943794363,0.4965132720508705,0.47502636421398436,0.3154401747928868,0.02614699309579399,0.2960960351336999,0.03963898805038217,0.049500540072816596,0.5025728911318857,-0.12414491661615973
2016-08-14,0.05647934972353356,0.2764079944432974,0.21594141906953915,0.055107778819119185,0.30745434624778706,0.36647629943794363,0.4965132720508705,0.47502636421398436,0.025147108082570507,0.297117935790662,0.038961168866401115,0.050991472455732254,0.49997734302800995,0.06691458878531326
2016-08-21,0.055744577581210444,0.26679622611088405,0.2696560383849783,0.1425804436113715,0.5653483280911074,0.30745434624778706,0.36647629943794363,0.4965132720508705,0.024692160401553823,0.2980668435435554,0.03769185916072774,0.04812996638474695,0.5009500246799374,0.04058895766053733
2016-08-28,0.05607613760241626,0.2671449868474486,0.3030342082771086,0.19856294907841313,0.5298137347138203,0.5653483280911074,0.30745434624778706,0.36647629943794363,0.02416222134454539,0.29126578607767256,0.036498708037394766,0.04448029543433245,0.5015408723663614,-0.04643123328476574
2016-09-04,0.05586805789912343,0.26224077695127335,0.27867205154009345,0.13470790378006886,0.4123530331565073,0.5298137347138203,0.5653483280911074,0.30745434624778706,0.02361561753731655,0.28568189877298844,0.035377145981461765,0.04133945480864387,0.5012596879884414,-0.048009219186360606
2016-09-11,0.05524956435643748,0.25304450849404625,0.2551844162989789,0.07172758512964707,0.4102230524125512,0.4123530331565073,0.5298137347138203,0.5653483280911074,0.023162336331321906,0.2863958885373937,0.03432287764888475,0.03839538888164934,0.4998297332460284,0.03027476424659209
2016-09-18,0.055487685801167266,0.25220764648667215,0.2814139867591814,0.11109028428616059,0.5158915359546689,0.4102230524125512,0.4123530331565073,0.5298137347138203,0.022799044776517376,0.29343331169652775,0.03333186541626235,0.03717802169361609,0.5031342505079073,0.0
2016-09-25,0.05594380150486242,0.2536321008916992,0.2814139867591815,0.11109028428616059,0.47502636421398436,0.5158915359546689,0.4102230524125512,0.4123530331565073,0.021950808990299456,0.2986657231471841,0.032400313917597304,0.03555133021962112,0.5051409937178484,0.0
2016-10-02,0.05656551253163646,0.2568864026620521,0.2814139867591815,0.1724953151248704,0.47502636421398436,0.47502636421398436,0.5158915359546689,0.4102230524125512,0.020935925701877627,0.30352439092279343,0.031524655508852154,0.031035585422843317,0.5053515815906281,-0.04958570915967935
2016-10-09,0.05657918219248717,0.25387929296544154,0.2520495942613331,0.07334446469876386,0.4080950908871567,0.47502636421398436,0.47502636421398436,0.5158915359546689,0.020071025165439314,0.3142529788084152,0.030701536604631714,0.028855081226546817,0.5050417380357279,-0.03832974528055427
2016-10-16,0.056306491607953466,0.24769802318944628,0.23103023739223003,0.0,0.42328850059567863,0.4080950908871567,0.47502636421398436,0.47502636421398436,0.019101136702612535,0.32859845606197874,0.0299278048346645,0.026830327329985793,0.5041507440505142,-0.1794313813717212
2016-10-23,0.05408090223704344,0.21960762248662774,0.1555294976317543,0.0,0.2328281374763798,0.42328850059567863,0.4080950908871567,0.47502636421398436,0.018117916439609444,0.3572198052018735,0.029200496970895322,0.029196141995443247,0.5014470481089768,-0.05700563712282315
2016-10-30,0.05198218147620742,0.1911044959246081,0.13741449404878528,0.0,0.398079599831714,0.2328281374763798,0.42328850059567863,0.4080950908871567,0.01702804177519586,0.38736801685732375,0.027897937673983735,0.026898887072836147,0.5006959854092705,0.04041861344802584
2016-11-06,0.05109781587401321,0.17517198692554342,0.17178772748171148,0.06655990391352208,0.5295838024361446,0.398079599831714,0.2328281374763798,0.42328850059567863,0.015966497186156926,0.415362784823099,0.026262197087767405,0.024241871642167474,0.5028108764568731,-0.007954085241320264
2016-11-13,0.05063443132594708,0.16345893145087748,0.16883647037681812,0.06352744497074402,0.46428986246027754,0.5295838024361446,0.398079599831714,0.2328281374763798,0.015118261399939006,0.4344699295160182,0.02479003056017271,0.02205035363081231,0.49326983388984813,0.1218170845176301
2016-11-20,0.05205763434656349,0.17471698518296652,0.27840625617342807,0.3211665273520944,0.6394562517340099,0.46428986246027754,0.5295838024361446,0.398079599831714,0.014831627696148278,0.4346451365680181,0.02346508068533748,0.02252433910608664,0.493697077930743,0.04154443577480104
2016-11-27,0.05402183671756215,0.1933551762561848,0.31519604787246036,0.4164576948082104,0.5311034483814749,0.6394562517340099,0.46428986246027754,0.5295838024361446,0.014468336141343754,0.42600440571869497,0.02227262579798578,0.020427930929882116,0.49412024840308605,-0.04863945962540473
2016-12-04,0.055216398973534656,0.20314366054764477,0.2869720713621038,0.35536507201050255,0.4093723477276299,0.5311034483814749,0.6394562517340099,0.46428986246027754,0.013893402258740247,0.42374422661874195,0.021199416399369238,0.018729405737388512,0.4937375492548813,-0.09018095175090883
2016-12-11,0.05533391484968768,0.19970963020180715,0.24167314733223375,0.13700636583854445,0.35329923692663967,0.4093723477276299,0.5311034483814749,0.6394562517340099,0.013258475275343337,0.43464442515344875,0.02023352794061436,0.019936880861585776,0.49094973832849614,-0.03255896924084938
2016-12-18,0.0553269384848913,0.19455067506249474,0.22708823202330616,0.057799560588136185,0.43107795031752455,0.35329923692663967,0.4093723477276299,0.5311034483814749,0.0126818749177178,0.4447660380785337,0.01936422832773497,0.017556583106593793,0.4227445020433152,0.040320974576338604
2016-12-25,0.056053296611110554,0.198944133138869,0.26290203651453325,0.15627288603458955,0.5294520085358663,0.43107795031752455,0.35329923692663967,0.4093723477276299,0.012106941035114293,0.44751258564836066,0.018581858676143516,0.015594446162368995,0.42453494957793325,0.03793122232340962
2017-01-01,0.05733591742886096,0.21107107933586355,0.2975880898395349,0.258044361137145,0.5262262976620112,0.5294520085358663,0.43107795031752455,0.35329923692663967,0.011606998528502565,0.44204810432642433,0.017877725989711206,0.013744890796733685,0.42475654449730166,-0.13625280470462592
2017-01-08,0.05704784179448423,0.20249662156144144,0.2297114019999292,0.11049431667988358,0.29111100094137876,0.5262262976620112,0.5294520085358663,0.43107795031752455,0.010850418868496792,0.4539852702353602,0.017244006571922127,0.01654910041517364,0.4173303929778792,0.03355393992290408
2017-01-15,0.05743425863767595,0.20290075241596606,0.25780373241494214,0.18281786941580755,0.5203177992308708,0.29111100094137876,0.5262262976620112,0.5294520085358663,0.010275484985893292,0.4650697814365152,0.016324472795887016,0.016147763775656822,0.4202744174475532,-0.05172756301364238
2017-01-22,0.05743385244506834,0.19794629940365527,0.23397101075614588,0.10063368958668319,0.4052039956874476,0.5203177992308708,0.29111100094137876,0.5262262976620112,0.009698884628267752,0.4760485023800712,0.015515283072976118,0.01453439632619528,0.4183878385016805,0.0
2017-01-29,0.057680908983967494,0.19637414474146858,0.23397101075614588,0.10063368958668319,0.47502636421398436,0.4052039956874476,0.5203177992308708,0.29111100094137876,0.009500574100645094,0.486243028970516,0.014803196116814523,0.011519861093233604,0.4185882484612936,0.0
2017-02-05,0.05811903112118222,0.19760413402744342,0.23397101075614588,0.10063368958668319,0.47502636421398436,0.47502636421398436,0.4052039956874476,0.5203177992308708,0.00940891797443294,0.4957093750902148,0.014176559595392326,0.008720649805483479,0.41898715776872125,-0.1209250321989379
2017-02-12,0.0575207302126581,0.1834936146629516,0.18053956288164022,0.01968134957825682,0.31180057760480695,0.47502636421398436,0.47502636421398436,0.4052039956874476,0.00904562641962841,0.5148132953386462,0.013625119456540788,0.00962290683717636,0.4110322834873982,-0.060624621816434854
2017-02-19,0.056757845614851594,0.16602435573938157,0.15862391990576039,0.0,0.39319465903327333,0.31180057760480695,0.47502636421398436,0.47502636421398436,0.00860734348883212,0.5357704705598745,0.012784671308359816,0.008448029537322568,0.4100674846111936,-0.043768073780364306
2017-02-26,0.05604486966772035,0.14824910947250675,0.14394771908287,0.0,0.415947791802149,0.39319465903327333,0.31180057760480695,0.47502636421398436,0.007864095629002664,0.5578209325345693,0.011803608773605085,0.0068883640197779684,0.40947110936862247,0.021531932333482502
2017-03-05,0.055929645605368325,0.13916965661716146,0.16323207611961163,0.055337247468910424,0.5040903762587885,0.415947791802149,0.39319465903327333,0.31180057760480695,0.007060854668379805,0.5738706986141149,0.01073310926433141,0.005164392579220797,0.4141334828144735,-0.04353771029868211
2017-03-12,0.05574354371830804,0.12842853624072642,0.14748827034735987,0.0,0.4162587386741064,0.5040903762587885,0.415947791802149,0.39319465903327333,0.006302608533351996,0.5895018297782797,0.009719009749714668,0.0038117014983997492,0.4118864110763958,0.12639847356199868
2017-03-19,0.056955414584278705,0.14117744500826018,0.2613620459818321,0.24908934707903785,0.6456402553016045,0.4162587386741064,0.5040903762587885,0.415947791802149,0.0059076539531287275,0.5856836961743088,0.008868974620742777,0.004568318609777387,0.4136287929053865,-0.019802627296179754
2017-03-26,0.05797754144285522,0.1514453144312073,0.25144908153979706,0.20795532646048112,0.4482965849567852,0.6456402553016045,0.4162587386741064,0.5040903762587885,0.005544362398324197,0.5821382863991933,0.008188946517565262,0.0035063437836129058,0.4117662468123275,-0.040821994520255166
2017-04-02,0.05865918861535444,0.15641100340976516,0.23143863513211008,0.12568728522336758,0.4199244382904724,0.4482965849567852,0.6456402553016045,0.4162587386741064,0.005044419891712455,0.5788461201794428,0.007644924035023251,0.0025202243021744675,0.41115588444941886,0.050772325373423355
2017-04-09,0.05987708270863201,0.1712834717815786,0.27888464385037115,0.26418767256619596,0.5435593436670749,0.4199244382904724,0.4482965849567852,0.6456402553016045,0.004544477385100713,0.5781231956599309,0.005468834104855205,0.0021283920719437043,0.4146166152545866,0.0
2017-04-16,0.06105080493859715,0.18613549305595062,0.27888464385037126,0.2720504009163804,0.47502636421398436,0.5435593436670749,0.4199244382904724,0.4482965849567852,0.004301172031882999,0.5774519086060985,0.005511895790720206,0.0,0.41488050799490706,0.09541018480465828
2017-04-23,0.06308741177879976,0.21703119922014608,0.37215058727621975,0.6191172528088521,0.6038119612245934,0.47502636421398436,0.5435593436670749,0.4199244382904724,0.004149522804877442,0.5513957862766019,0.005554096242867906,0.001525160589227418,0.41632247916372694,0.3618614706260324
2017-04-30,0.06923014918996694,0.31858289077569285,0.6412404190609247,0.9140893470790381,0.9634705028048911,0.6038119612245934,0.47502636421398436,0.5435593436670749,0.004816112813693093,0.5389813320455275,0.005715181397351705,0.01146083876403627,0.4250103554558668,0.19489308502835812
2017-05-07,0.07724872645058034,0.4441182364155238,0.7422983408439153,0.8258567846196715,0.7380949491874309,0.9634705028048911,0.6038119612245934,0.47502636421398436,0.005997643604318835,0.5546058465838068,0.006510390870922594,0.019942407012984078,0.4403072662717645,-0.07001672741748977
2017-05-14,0.08237152633298794,0.5187427042823314,0.6628973445778604,0.7217423609176188,0.38051710338766803,0.7380949491874309,0.9634705028048911,0.6038119612245934,0.006982530342343966,0.5691143243693517,0.00821154259188287,0.021035668128640796,0.4121647956269629,0.16922656119532867
2017-05-21,0.08935116211453104,0.6126703984486402,0.7439354458201425,0.9140893470790381,0.7034500252540864,0.38051710338766803,0.7380949491874309,0.9634705028048911,0.008664003639581454,0.593911885528225,0.009776602175166323,0.025828074423477215,0.4169473333368822,0.1324929709320409
2017-05-28,0.097435786325185,0.7101217876051653,0.7987235633091682,0.8966842607806362,0.6538666672290883,0.7034500252540864,0.38051710338766803,0.7380949491874309,0.010890414269025733,0.626632290751949,0.011752973607988803,0.03201514278084244,0.4264643430510935,0.16705408466316607
2017-06-04,0.10756522105258501,0.8165999403445483,0.8576357630537043,0.9140893470790381,0.7005175952649934,0.6538666672290883,0.7034500252540864,0.38051710338766803,0.013845074483101117,0.6655312365533472,0.014662565101007106,0.03878040691460777,0.43226827700559356,0.14310084364067324
2017-06-11,0.11918128014806356,0.9195964098574674,0.8998462798145447,0.9140893470790381,0.6681852771614638,0.7005175952649934,0.6538666672290883,0.7034500252540864,0.01743632815559544,0.7080866649192636,0.018774086318441095,0.04856396255199358,0.44180931957261854,-0.1823215567939546
2017-06-18,0.12282111259843723,0.9380527533399363,0.6886846938528136,0.702003651701071,0.2289269505330804,0.6681852771614638,0.7005175952649934,0.6538666672290883,0.020254337417863623,0.7476024198304718,0.024193098262684835,0.05764869278670896,0.43504407150557184,0.01074209653190225
2017-06-25,0.12544531152116692,0.9455003223580862,0.6931744919311185,0.7134562792514813,0.4895261507707239,0.2289269505330804,0.6681852771614638,0.7005175952649934,0.02293569572832458,0.768390486708469,0.02874506829584958,0.05682063746361517,0.4367143547761216,0.01803970489354996
2017-07-02,0.12743406198905158,0.9465872299385629,0.7011628047413978,0.7329681632262541,0.49937653363633316,0.4895261507707239,0.2289269505330804,0.6681852771614638,0.02572370844019605,0.7889659913659937,0.032568723123707954,0.056796147576974196,0.4402351677133235,0.04817923971067634
2017-07-09,0.12971306272645336,0.9491659304901343,0.7231667491512717,0.786837929852258,0.540059171375613,0.49937653363633316,0.4895261507707239,0.2289269505330804,0.028783356580659898,0.8107488206570921,0.035780593179109,0.05751782559561085,0.4430229786397086,-0.01005033585350145
2017-07-16,0.1306520271687967,0.9412263032838193,0.711486611384962,0.7735593910400888,0.4614603229606284,0.540059171375613,0.49937653363633316,0.4895261507707239,0.031723018519536926,0.8315848945119746,0.03847856402564588,0.055182709613419506,0.4394661164232862,0.13945284599156563
2017-07-23,0.13480447785158167,0.9558739985387105,0.7760005854509664,0.8608718165984092,0.6632611743930277,0.4614603229606284,0.540059171375613,0.49937653363633316,0.03532927046722961,0.8598673288163128,0.04074485953673686,0.06404281174344366,0.4745060158256096,-0.07043503404994846
2017-07-30,0.13533148723817465,0.9442178189883443,0.6914709340726539,0.7651937735463334,0.3799524690197021,0.6632611743930277,0.4614603229606284,0.540059171375613,0.038435579908310556,0.8779885250325306,0.04369649910583851,0.06703154798170237,0.46128794677809387,-0.052322933369447225
2017-08-06,0.1336426462464481,0.9186719854294926,0.6368090025238029,0.6582068673664909,0.40440035898061455,0.3799524690197021,0.6632611743930277,0.4614603229606284,0.04057200088656472,0.8917311694827896,0.04611684355250186,0.06853853428703438,0.4570701811092957,0.09269790061359476
2017-08-13,0.13434089672676147,0.9102005787188832,0.6855648020082279,0.7865550620225282,0.6001508935982838,0.40440035898061455,0.3799524690197021,0.6632611743930277,0.04263343048882713,0.8980183082217805,0.05714285714285715,0.07095800794391173,0.45902885861360937,-0.04037496724414761
2017-08-20,0.13307777482658437,0.8897491303501044,0.6422025547334906,0.7136056695569349,0.4205278400630547,0.6001508935982838,0.40440035898061455,0.3799524690197021,0.044694860091089535,0.905088588024956,0.056899989234578535,0.07218453282337167,0.4518190027695099,0.0583216104349844
2017-08-27,0.1331951257015829,0.8791146073148102,0.6744266409181835,0.7965150295737046,0.55374944219426,0.4205278400630547,0.6001508935982838,0.40440035898061455,0.04654298089053094,0.9116538478421901,0.0566619786844655,0.06629282841052189,0.45615693270237645,-0.0583216104349844
2017-09-03,0.13094942520198372,0.8546010831244862,0.6118499415865892,0.56368843069874,0.3963032862337087,0.55374944219426,0.4205278400630547,0.6001508935982838,0.04764952030516492,0.9126989535392327,0.056428728345354714,0.06534361391369126,0.455045725686831,-0.03554034319297569
2017-09-10,0.12759860993134675,0.8246370623920735,0.5769618881472443,0.4481446054408112,0.4270536627100477,0.3963032862337087,0.55374944219426,0.4205278400630547,0.04792282220877933,0.9050031709410717,0.05620014301302616,0.06269765259419052,0.45278663752234655,-0.013476802041971957
2017-09-17,0.12405075081528573,0.7948423938370827,0.563866841812536,0.4094031325405542,0.45683524551609445,0.4270536627100477,0.3963032862337087,0.55374944219426,0.047467874527762646,0.8739860528906018,0.05597612938734417,0.06299779454016886,0.44271687219342093,0.15994870594222949
2017-09-24,0.12549380838135146,0.7967299562279428,0.6634193359501096,0.7682618636928883,0.6909266858412688,0.45683524551609445,0.4270536627100477,0.3963032862337087,0.04863440704319004,0.868008423963271,0.04344924103778663,0.07408435340693795,0.44671834218689616,-0.005640879890085841
2017-10-01,0.1259160001041384,0.7923145228269274,0.6567941529208084,0.7477250859106533,0.467412249580445,0.6909266858412688,0.45683524551609445,0.4270536627100477,0.04972594818262567,0.8624577685307493,0.04344924103778663,0.06780880798127996,0.44077021111551407,-0.04696907038221166
2017-10-08,0.12425233600981775,0.7759223946403995,0.6029083905913,0.5842529270109145,0.41162705540234157,0.467412249580445,0.6909266858412688,0.45683524551609445,0.05049752611782979,0.8437704781650608,0.04378985897297879,0.06501433243152088,0.43923210853543954,0.04696907038221151
2017-10-15,0.12389619859181462,0.7678189036259461,0.6339788706637246,0.7037679043882861,0.5384256730256269,0.41162705540234157,0.467412249580445,0.6909266858412688,0.051300767078452644,0.8298102928482227,0.04412366454946712,0.06691354510441934,0.44127490102460104,0.08491406078459368
2017-10-22,0.1259298323591306,0.773521311774621,0.687614338862043,0.7661840152844993,0.5896441907607904,0.5384256730256269,0.41162705540234157,0.467412249580445,0.05261894882088561,0.8298257659258306,0.04445079401442567,0.07645213872926232,0.458061848714946,-0.005500086234566822
2017-10-29,0.12679974776179143,0.772333015619626,0.6801510302007554,0.7498456356095212,0.46760229422838745,0.5896441907607904,0.5384256730256269,0.41162705540234157,0.05323887752908417,0.8298401337836094,0.04532622333685005,0.07954705263874785,0.4496743830829769,-0.007868319772222692
2017-11-05,0.1266679281380518,0.7657080391770454,0.6689653708833074,0.7266279381766577,0.4644056295260603,0.46760229422838745,0.5896441907607904,0.5384256730256269,0.054162104691293844,0.8298534753658324,0.04616663548637745,0.0766585496696872,0.444074728377393,0.03929947856180506
2017-11-12,0.12739433981043083,0.763889065716916,0.6965651992479882,0.8444362547804473,0.5280731832632289,0.4644056295260603,0.46760229422838745,0.5896441907607904,0.0555569442847406,0.811816175590131,0.04697343114992375,0.07747789299730602,0.453111081035331,-0.015592094759836275
2017-11-19,0.12686304545068786,0.7555376402478498,0.6720517371880783,0.7971409451949842,0.45398000279667095,0.5280731832632289,0.4644056295260603,0.46760229422838745,0.05642017834615687,0.7950672543698365,0.0477479549869282,0.07523346623059816,0.44897743035138066,-0.012940511275734708
2017-11-26,0.12545251888745512,0.743011148240904,0.6515195398414921,0.7584447828068783,0.45755913601732917,0.45398000279667095,0.5280731832632289,0.4644056295260603,0.057405065084182,0.7752889352170327,0.048491497870452475,0.07265307657640535,0.4370331025029892,0.0
2017-12-03,0.12381963876626467,0.7298605472481074,0.6515195398414921,0.7584447828068783,0.47502636421398436,0.45755913601732917,0.45398000279667095,0.5280731832632289,0.05810331811841639,0.7506618748072997,0.049205299038635776,0.07249025635192183,0.4421881494315203,-0.037751460183293596
2017-12-10,0.12074993748847722,0.7098887475715702,0.5900463751005609,0.64837569868071,0.4240690754540707,0.47502636421398436,0.45755913601732917,0.45398000279667095,0.05887489605362051,0.7277938901411192,0.04989054816009174,0.070850228888152,0.4375978745441103,0.011059745074361894
2017-12-17,0.11824107773076596,0.6934165475078298,0.6010809894854883,0.6801925433109304,0.4899549158681186,0.4240690754540707,0.47502636421398436,0.45755913601732917,0.05987478106684399,0.7065593329510944,0.050548387316689466,0.06781093792761836,0.446081471587334,0.0
2017-12-24,0.1158298618151172,0.6779491553991615,0.6010809894854883,0.6405664621444962,0.47502636421398436,0.4899549158681186,0.4240690754540707,0.47502636421398436,0.06093632565588292,0.6868415298460715,0.051179912907023284,0.0632517623806771,0.44725106641879026,0.13624026490459118
2017-12-31,0.11843730882978537,0.6882177717807318,0.7257817648704666,0.9140893470790381,0.6589248011423304,0.47502636421398436,0.4899549158681186,0.4240690754540707,0.06202786679531856,0.6923420554062847,0.051786177473743755,0.07029480588598695,0.45073583007677165,0.1688284249845364
2018-01-07,0.12712912147840685,0.7270056908981523,0.830633708724576,0.8990035204463156,0.702912617117802,0.6589248011423304,0.47502636421398436,0.4899549158681186,0.06433093527577664,0.7188151512191778,0.052942113725954296,0.0888557571389046,0.4568882403970699,-0.05332497075708152
2018-01-14,0.13101981242563407,0.7406656215571277,0.7350109577890294,0.7460622154624867,0.40304779915214717,0.702912617117802,0.6589248011423304,0.47502636421398436,0.06648235452922915,0.7443130536744611,0.05565862319392381,0.10008043501762029,0.44917369464388346,-0.06492377367537155
2018-01-21,0.13075426860201741,0.7347275043679296,0.6385329143263276,0.5802829921746249,0.3873916219683519,0.40304779915214717,0.702912617117802,0.6589248011423304,0.06793718722346931,0.7679896773829384,0.058879497875285,0.10225960316588154,0.446626212245635,0.054469502600114836
2018-01-28,0.1322302010291118,0.7367178185110093,0.6771938676512301,0.6814598511293762,0.54854982950848,0.3873916219683519,0.40304779915214717,0.702912617117802,0.06930036379149732,0.7765103822005355,0.06177828508851009,0.10577195370173065,0.45337944388627477,-0.0021040335056032606
2018-02-04,0.13269146724296577,0.7341129949814795,0.6740189214024369,0.673818215297944,0.472186319288967,0.54854982950848,0.3873916219683519,0.40304779915214717,0.07068020510974574,0.7863314817840901,0.06438719358041266,0.101258383056439,0.44981056524344554,-0.05014844638570709
2018-02-11,0.13035060287878508,0.719558142014157,0.6013648110606653,0.5354802909391324,0.40733550269683444,0.472186319288967,0.54854982950848,0.3873916219683519,0.071756747973983,0.7729127157366038,0.06673521122312497,0.09781162894204284,0.448488758338694,0.06270675096656692
2018-02-18,0.13056551546237138,0.7164388868348435,0.6511577615481438,0.7068599939994908,0.5596685476072882,0.40733550269683444,0.472186319288967,0.54854982950848,0.07304326669099721,0.7701694504497136,0.06884842710156605,0.09609990880542439,0.48930855884270374,0.006450149061718492
2018-02-25,0.13042812684371863,0.7119324267668403,0.6562395219916125,0.725638058356214,0.48373283825993213,0.5596685476072882,0.40733550269683444,0.472186319288967,0.07446810283484068,0.7685790181159367,0.07075032139216303,0.08952009248149702,0.49084666142277833,0.022702450618306513
2018-03-04,0.1307369711744691,0.7094174974871277,0.674759008409711,0.7927025739159376,0.5056703532437564,0.48373283825993213,0.5596685476072882,0.40733550269683444,0.0761345778568798,0.770537338110098,0.0724620262537003,0.08390654212295708,0.4927572732214647,0.06894797710098682
2018-03-11,0.13357398787986907,0.71717593310729,0.7279520730994002,0.9140893470790381,0.5680930154504764,0.5056703532437564,0.48373283825993213,0.5596685476072882,0.0783309919359274,0.7817896940148636,0.07400256062908385,0.0847044507890207,0.4954369363101883,0.04285637881622926
2018-03-18,0.13726839611329605,0.7277575580668568,0.7582266926058602,0.9044617237628166,0.5328743218807788,0.5680930154504764,0.5056703532437564,0.48373283825993213,0.08108900809740217,0.797731390062538,0.0760203048123084,0.08971888032291336,0.6131258165387051,0.03935966529992968
2018-03-25,0.1415023624866119,0.7396253094264538,0.7846801260393278,0.7958209149688119,0.5281544239087362,0.5328743218807788,0.5680930154504764,0.5056703532437564,0.08411865968746927,0.8211751456516883,0.07877610569548048,0.0943751363186708,0.6156252332313263,-0.003479609155522261
2018-04-01,0.1439287300087515,0.7439307746687556,0.7772535632285006,0.7863275795478178,0.4703295538747633,0.5281544239087362,0.5328743218807788,0.5680930154504764,0.08711831472713973,0.8205670782534384,0.08305210964328423,0.0926883114585949,0.6133781614932486,0.020887987563936748
2018-04-08,0.14618244800397623,0.7472441381504622,0.7922041019181926,0.8212003123674886,0.5032211733350378,0.4703295538747633,0.5281544239087362,0.5328743218807788,0.08948137630839122,0.8256932196917481,0.08664395295943939,0.09787688385803547,0.6199150974585655,0.04051092774840291
2018-04-15,0.14936625550913554,0.7535219703232827,0.8201380926650753,0.914089347079038,0.5297084091781923,0.5032211733350378,0.4703295538747633,0.5281544239087362,0.0910261986538215,0.8194767283181845,0.08966110134500971,0.10870533508508104,0.6251542593719445,-0.10089852095437467
2018-04-22,0.1457853771922722,0.735856280339162,0.6227157659603049,0.606080980128493,0.33883255759678815,0.5297084091781923,0.5032211733350378,0.4703295538747633,0.09208774324286043,0.8137042720427328,0.0908170954892884,0.11349425299600444,0.6214892493178605,-0.011141612266445493
2018-04-29,0.14166984096196222,0.7169878802143331,0.6051347080906041,0.573935894393616,0.4599873074263609,0.33883255759678815,0.5297084091781923,0.5032211733350378,0.09351091291168184,0.8035896684892017,0.0908170954892884,0.10492756488794666,0.6205023161842146,-0.0036734735186952847
2018-05-06,0.13755266680347905,0.6987464465776667,0.5991128454117002,0.5297490469757286,0.47006787386857274,0.4599873074263609,0.33883255759678815,0.5297084091781923,0.09452579620010369,0.7742795674528826,0.10627624071482397,0.10221128452722814,0.6194226402715607,0.06816106649043326
2018-05-13,0.13711459098313225,0.6938480018487396,0.6651337048968612,0.7507447195351316,0.5670308358416474,0.47006787386857274,0.4599873074263609,0.33883255759678815,0.09613061164632736,0.7594526135869106,0.1059201205727204,0.10647150502207003,0.622414730446862,0.032506384841636496
2018-05-20,0.1378423514168889,0.6930831572848264,0.6940412482619362,0.8587717629753622,0.5189037991760679,0.5670308358416474,0.47006787386857274,0.4599873074263609,0.09837202055097,0.7520857331291115,0.10557112283345893,0.10915915527994358,0.7054482369180741,0.008468386395744371
2018-05-27,0.13820401144588348,0.6910758122249435,0.7016256744497024,0.771752577319588,0.4864570746766604,0.5189037991760679,0.5670308358416474,0.47006787386857274,0.10025180437583016,0.7515397636508749,0.0884702336096458,0.11267495974989522,0.7274983793746116,0.0
2018-06-03,0.13781428044899155,0.6866228380899941,0.7016256744497026,0.7518161567995346,0.47502636421398436,0.4864570746766604,0.5189037991760679,0.5670308358416474,0.10208492690007319,0.7503054155702473,0.08890472602002367,0.11017728372983876,0.7300578781992669,0.0
2018-06-10,0.13684029415827842,0.6803960995281071,0.7016256744497026,0.7504838645969114,0.47502636421398436,0.47502636421398436,0.4864570746766604,0.5189037991760679,0.10375140192211232,0.7491592352096648,0.08933052858219397,0.10033111368233111,0.7304510676877249,0.0
2018-06-17,0.13541965755235758,0.6729193422256716,0.7016256744497026,0.7402049861163591,0.47502636421398436,0.47502636421398436,0.47502636421398436,0.4864570746766604,0.104887937887143,0.7480949248748381,0.08974781509312088,0.09118824149535973,0.7309038226018815,0.0
2018-06-24,0.1336652708317402,0.6646002881522269,0.7016256744497026,0.7165953156982352,0.47502636421398436,0.47502636421398436,0.47502636421398436,0.47502636421398436,0.1056761805725675,0.7471066367067847,0.09015675587382924,0.08269843160745774,0.7314182818656373,0.0
2018-07-01,0.13166939198958705,0.6557554542702743,0.7016256744497026,0.7165953156982352,0.47502636421398436,0.47502636421398436,0.47502636421398436,0.47502636421398436,0.10613112825358419,0.7461889405507351,0.09055751783892342,0.07481503671154874,0.7318731757036943,0.02462554275947421
2018-07-08,0.1308683521284423,0.65097646102042,0.7332351363034115,0.8398026013302958,0.5082661617521852,0.47502636421398436,0.47502636421398436,0.47502636421398436,0.10684271308799492,0.750311884076801,0.09095026456471574,0.07124440564964757,0.7325685302505784,0.0
2018-07-15,0.12965127118135503,0.6450176147191389,0.7332351363034115,0.8398026013302958,0.47502636421398436,0.5082661617521852,0.47502636421398436,0.47502636421398436,0.10737265214500334,0.7541403316367197,0.0913351563559922,0.06417915546501073,0.7329802250357029,0.0
2018-07-22,0.12812210198684382,0.6382424867180462,0.7332351363034115,0.8398026013302958,0.47502636421398436,0.47502636421398436,0.5082661617521852,0.47502636421398436,0.10753929964720725,0.7576953186566437,0.09171235031144315,0.05761856600784794,0.7330501486209643,0.0
2018-07-29,0.12636584563773556,0.6309356929319783,0.7332351363034115,0.8398026013302958,0.47502636421398436,0.47502636421398436,0.47502636421398436,0.5082661617521852,0.10858417948602582,0.7609963780322879,0.09208200038778507,0.05152659008333964,0.7332401403388827,0.0
2018-08-05,0.12445168631963088,0.6233191090281625,0.7332351363034115,0.8398026013302958,0.47502636421398436,0.47502636421398436,0.47502636421398436,0.47502636421398436,0.10972071545105648,0.764061647452529,0.09244425746260014,0.04586975529629622,0.7332841805416638,0.0
2018-08-12,0.12243562763058152,0.6155646786552744,0.7332351363034115,0.8333185211517956,0.47502636421398436,0.47502636421398436,0.47502636421398436,0.47502636421398436,0.11088724796648387,0.7669079690570384,0.09279926939591891,0.04061698013689875,0.7332972664300208,0.0
2018-08-19,0.120362708279841,0.6078045713246782,0.7332351363034113,0.8027144192031378,0.47502636421398436,0.47502636421398436,0.47502636421398436,0.47502636421398436,0.11147884659930778,0.7695509819755115,0.09314718109057132,0.03573940320317255,0.7333244355701266,0.0
2018-08-26,0.11826886299017708,0.600139266450634,0.7332351363034115,0.7614308410495452,0.47502636421398436,0.47502636421398436,0.47502636421398436,0.47502636421398436,0.11178214505331892,0.7720052082569506,0.09348813455133068,0.031210224621855364,0.7334099564768641,-0.02462554275947413
2018-09-02,0.11482118706680101,0.5884423435458045,0.6144016737464383,0.8046561153864772,0.44178656667578364,0.47502636421398436,0.47502636421398436,0.47502636421398436,0.11178214505331892,0.7420959159165004,0.11019485412853913,0.05832528327865108,0.7294805850418299,0.0
2018-09-09,0.11171340453319802,0.5779620532536526,0.6144016737464384,0.8046561153864772,0.47502636421398436,0.44178656667578364,0.47502636421398436,0.47502636421398436,0.11178214505331892,0.7143230016003679,0.10967036279470342,0.05218282754908542,0.7295305493428295,0.0
2018-09-16,0.10890733656461497,0.56855222753536,0.6144016737464384,0.8046561153864772,0.47502636421398436,0.47502636421398436,0.44178656667578364,0.47502636421398436,0.11178214505331889,0.688533866878245,0.1091563612875444,0.04647911865734587,0.7295973847065043,0.0
2018-09-23,0.10636963263379497,0.560086679404112,0.6144016737464384,0.8046561153864772,0.47502636421398436,0.47502636421398436,0.47502636421398436,0.44178656667578364,0.11178214505331889,0.6645868132077024,0.10865263981052858,0.04118281754358773,0.7296918097852092,0.0
2018-09-30,0.1040711051306335,0.5524561873588525,0.6144016737464384,0.8046561153864772,0.47502636421398436,0.47502636421398436,0.47502636421398436,0.47502636421398436,0.11178214505331889,0.6423502633707696,0.10815899276305307,0.036264823652240874,0.729744706094252,0.0
2018-10-07,0.10198616061214061,0.5455659697347278,0.6144016737464384,0.8046561153864772,0.47502636421398436,0.47502636421398436,0.47502636421398436,0.47502636421398436,0.11178214505331889,0.6217020385221894,0.10767521865652707,0.03169811503884738,0.7297758406550722,-0.10546236420911873
2018-10-14,0.09462710555721793,0.5222079206165954,0.24963970981950737,0.3653138763854604,0.3326722375069736,0.47502636421398436,0.47502636421398436,0.47502636421398436,0.11064560908828823,0.6291177473645804,0.1072011200321316,0.04251139881274958,0.7296210690829522,0.0
2018-10-21,0.0886849841770708,0.5031821783310713,0.24963970981950737,0.3653138763854604,0.47502636421398436,0.3326722375069736,0.47502636421398436,0.47502636421398436,0.10950907312325749,0.6360037627182291,0.10673650338022403,0.03749850625931975,0.7296413648271532,-0.16028065406947348
2018-10-28,0.07664377845985222,0.4639958757752892,0.06165235903690661,0.08100274291709483,0.2586779757704455,0.47502636421398436,0.3326722375069736,0.47502636421398436,0.10716100981720439,0.6652811454427414,0.10628117906135462,0.05666507354483935,0.7245824493098768,0.06323745991633072
2018-11-04,0.06997084746383736,0.44171085632159435,0.20771511592988248,0.3284122470893104,0.5603849037182647,0.2586779757704455,0.47502636421398436,0.3326722375069736,0.10526789419216794,0.6963396398838677,0.10503563757227753,0.07068536505109523,0.728656017861793,0.0
2018-11-11,0.06484727066651981,0.4242101289785609,0.20771511592988248,0.3284122470893104,0.47502636421398436,0.5603849037182647,0.2586779757704455,0.47502636421398436,0.1033747785671315,0.725179670436342,0.10294880774726588,0.06366004633778356,0.7293103843782035,0.0
2018-11-18,0.06099596370347862,0.4107301467650108,0.20771511592988248,0.3284122470893104,0.47502636421398436,0.47502636421398436,0.5603849037182647,0.2586779757704455,0.10148166294209501,0.7519596988064969,0.10098718771175494,0.05713653610399415,0.7293466739859521,0.0
2018-11-25,0.058185338883680104,0.4006135022043869,0.20771511592988248,0.3284122470893104,0.47502636421398436,0.47502636421398436,0.47502636421398436,0.5603849037182647,0.09958854731705857,0.7768268680073551,0.09914326487837466,0.051078990886903985,0.729347142626582,0.0
2018-12-02,0.056222093233884246,0.39329579473455095,0.20771511592988248,0.35569634336551453,0.47502636421398436,0.47502636421398436,0.47502636421398436,0.47502636421398436,0.09769543169202212,0.7999178108367235,0.0974099774149972,0.04545412747103454,0.7294181116409407,-0.06323745991633067
2018-12-09,0.05221251797091912,0.37842840718273507,0.1361733871746851,0.20325505335172278,0.3896678247097041,0.47502636421398436,0.47502636421398436,0.47502636421398436,0.09557400898896629,0.8266849417584887,0.09578068719942236,0.04775793947089671,0.6790933178491265,0.07328779576983215
2018-12-16,0.05256102306532882,0.37910637146720283,0.3050412057081582,0.38082402853262304,0.5739509449716206,0.3896678247097041,0.47502636421398436,0.47502636421398436,0.09398252534291893,0.8190893148113461,0.09424915439678203,0.051137891183536066,0.6808356996781172,0.0
2018-12-23,0.05313697396732985,0.3806331445748667,0.3050412057081582,0.38082402853262304,0.47502636421398436,0.5739509449716206,0.3896678247097041,0.47502636421398436,0.09239104169687154,0.8120362326461421,0.09280951356230012,0.045508820603621464,0.6808912996831017,0.0
2018-12-30,0.053884559608588956,0.3828201155038792,0.3050412057081582,0.38082402853262304,0.47502636421398436,0.47502636421398436,0.5739509449716206,0.3896678247097041,0.09079955805082418,0.805486942064167,0.09145625117788712,0.04028182649370077,0.6809166303099673,0.0
2019-01-06,0.054758097417172504,0.3855095775215386,0.3050412057081582,0.38082402853262304,0.47502636421398436,0.47502636421398436,0.47502636421398436,0.5739509449716206,0.08920807440477682,0.7994054579523329,0.09018418453653891,0.035428189105917274,0.680987214798681,0.0
2019-01-13,0.05572036085190972,0.3885702910012955,0.3050412057081582,0.5714105726011952,0.47502636421398436,0.47502636421398436,0.47502636421398436,0.47502636421398436,0.08761659075872943,0.7937583655627727,0.08898844189367158,0.030921240102975454,0.681043956364174,-0.05176124011438625
2019-01-20,0.054469007601580056,0.3834305187837282,0.22530489517369265,0.3812196635389204,0.4051585380087546,0.47502636421398436,0.47502636421398436,0.47502636421398436,0.08655671264471254,0.8026497248146642,0.0878644438093763,0.03801277968485618,0.680643617102004,0.0
2019-01-27,0.05376976481996758,0.3802663261537298,0.22530489517369243,0.4813780705103725,0.47502636421398436,0.4051585380087546,0.47502636421398436,0.47502636421398436,0.08549683453069566,0.8109059869771349,0.08680788561013873,0.033321217069133005,0.6807256652615099,0.0
2019-02-03,0.05351105579910617,0.37871445418535,0.22530489517369243,0.572091682147128,0.47502636421398436,0.47502636421398436,0.4051585380087546,0.47502636421398436,0.0856484837577012,0.8185725161280006,0.08581472090285541,0.028964766068818645,0.6807658001257086,0.0
2019-02-10,0.05360044256254673,0.3784665585312761,0.22530489517369243,0.4067585847637764,0.47502636421398436,0.47502636421398436,0.47502636421398436,0.4051585380087546,0.0853451853036901,0.8256914360538044,0.08488114607800909,0.02491949013995529,0.6814417481439459,0.0517612401143862
2019-02-17,0.056233700390206996,0.3879580710186198,0.3749481988049166,0.9140893470790381,0.544894190419214,0.47502636421398436,0.47502636421398436,0.47502636421398436,0.08542017667968187,0.8439821048994514,0.07025514048875013,0.0386983568321702,0.6825242599332317,0.0
2019-02-24,0.05855784585729169,0.39636136425076907,0.3749481988049165,0.9140893470790381,0.47502636421398436,0.544894190419214,0.47502636421398436,0.47502636421398436,0.08549516805567363,0.8609662973989805,0.07054882118634945,0.04399369036348395,0.6831959661529472,0.0
2019-03-03,0.060613323287263446,0.4038147871397153,0.3749481988049166,0.9140893470790381,0.47502636421398436,0.47502636421398436,0.544894190419214,0.47502636421398436,0.08557015943166538,0.8767373332914004,0.07083662826999676,0.038874919842144515,0.6832237961965055,0.0
2019-03-10,0.06243488157214708,0.41043789044451573,0.3749481988049166,0.9140893470790381,0.47502636421398436,0.47502636421398436,0.47502636421398436,0.544894190419214,0.08564515080765714,0.8913818666200759,0.07111867921197115,0.03412177578661503,0.6832530561948061,0.0
2019-03-17,0.06405241137258973,0.4163340629072952,0.3749481988049166,0.9140893470790381,0.47502636421398436,0.47502636421398436,0.47502636421398436,0.47502636421398436,0.08617508986466559,0.9049803618538461,0.07139508913510603,0.029708142020766225,0.6833072743107538,0.0
2019-03-24,0.06549165640829442,0.42159279594679083,0.3749481988049166,0.9140893470790381,0.47502636421398436,0.47502636421398436,0.47502636421398436,0.47502636421398436,0.08617508986466559,0.91760753599949,0.07166597085977822,0.025609767809620914,0.6834804430317026,-0.09528795782901246
2019-03-31,0.06268091700124749,0.4106792475329983,0.18344064081340958,0.32625516004236144,0.3464057503659337,0.47502636421398436,0.47502636421398436,0.47502636421398436,0.08549350158065158,0.9398826233616611,0.07193143494995698,0.03308069826959839,0.6833155175792688,-0.0455078521364439
2019-04-07,0.05884461402093369,0.3955410175998941,0.12978958644692293,0.4570446735395189,0.41359942202681965,0.3464057503659337,0.47502636421398436,0.47502636421398436,0.08450861484262645,0.9710545964333923,0.08493917536871567,0.05005385678285111,0.6822435682287945,-0.035411145828644304
2019-04-14,0.05470896411165509,0.3788011380159576,0.09607612906062654,0.3518702647385469,0.4272280545711648,0.41359942202681965,0.3464057503659337,0.47502636421398436,0.08329708750160399,1.0,0.08443018624179136,0.048251881430142626,0.682091764713997,0.09185869622395453
2019-04-21,0.05538067244983816,0.3809000921506505,0.3164118263054815,0.6325931352882007,0.5990181273369563,0.4272280545711648,0.41359942202681965,0.3464057503659337,0.08269049059358174,0.9890589139384227,0.08393137689740553,0.052837249287031776,0.6825776609321836,0.011060463800313988
2019-04-28,0.05663815125258046,0.38538455305648533,0.33920516058515016,0.6681668323826474,0.48995588601141116,0.5990181273369563,0.4272280545711648,0.41359942202681965,0.0825388413665762,0.9863867926932939,0.08344254373990742,0.05712266192871257,0.6839114842633421,0.0
2019-05-05,0.057879798043591245,0.3898686411722881,0.33920516058515016,0.6681668323826474,0.47502636421398436,0.48995588601141116,0.5990181273369563,0.4272280545711648,0.08238719213957064,0.9839055372513885,0.08296348724555927,0.05106610772414252,0.6841081691307691,0.0
2019-05-12,0.059094891015826385,0.39430490022079223,0.33920516058515016,0.6681668323826474,0.47502636421398436,0.47502636421398436,0.48995588601141116,0.5990181273369563,0.08223554291256506,0.9816015143410479,0.08249401188109808,0.045442164534184606,0.6841942307766948,0.09330826426064304
2019-05-19,0.0643692334949215,0.41501727634739993,0.5250157382214384,0.9140893470790381,0.6009747683957136,0.47502636421398436,0.47502636421398436,0.48995588601141116,0.0827654819695735,0.9433581546022582,0.059489719022499735,0.051496495228121816,0.6848665378177308,0.0
2019-05-26,0.06866989220054087,0.43180953300473396,0.5250157382214383,0.9140893470790381,0.47502636421398436,0.6009747683957136,0.47502636421398436,0.47502636421398436,0.08291713119657909,0.9078464634162395,0.0600378942835612,0.04584181007359396,0.6848970475243776,0.0
2019-06-02,0.07215868289325923,0.445358397320049,0.5250157382214383,0.9140893470790381,0.47502636421398436,0.47502636421398436,0.6009747683957136,0.47502636421398436,0.08306878042358465,0.8748713216006505,0.060575106039401444,0.040591031001532385,0.6849108664147455,0.0
2019-06-09,0.07497163635999851,0.4562267037102125,0.5250157382214383,0.9140893470790381,0.47502636421398436,0.47502636421398436,0.47502636421398436,0.6009747683957136,0.0832204296505902,0.8442515470576037,0.06110157356012487,0.035715307577475194,0.6849249496664943,0.0
2019-06-16,0.07722303127684838,0.46488262528863084,0.5250157382214383,0.9140893470790381,0.47502636421398436,0.47502636421398436,0.47502636421398436,0.47502636421398436,0.08337207887759576,0.8158188992676314,0.06161751173043385,0.031187850112279248,0.6849402826265895,0.0
2019-06-23,0.07900880174672663,0.47171559208837105,0.5250157382214384,0.9140893470790381,0.47502636421398436,0.47502636421398436,0.47502636421398436,0.47502636421398436,0.08352372810460133,0.7894171548912288,0.062123131137336626,0.026983782466025858,0.6850799135014368,-0.104368728060957
2019-06-30,0.07585507634077228,0.4596139700651799,0.30484259215272613,0.5873724162691698,0.3341484382348283,0.47502636421398436,0.47502636421398436,0.47502636421398436,0.08291713119657909,0.7847893022946217,0.06261863815610137,0.03562483779502547,0.6850089565035045,0.0
2019-07-07,0.0734216551610014,0.4501701328243244,0.30484259215272613,0.5873724162691698,0.47502636421398436,0.3341484382348283,0.47502636421398436,0.47502636421398436,0.08299212257257085,0.7804920105977724,0.06310423503449081,0.031103842457147344,0.6850945134595211,-0.10412551670900667
2019-07-14,0.06748640520048836,0.42676773620132463,0.18174882255161487,0.0,0.33447672728724775,0.47502636421398436,0.3341484382348283,0.47502636421398436,0.08268882411855974,0.7893826431075222,0.06358011997531246,0.03818233901373008,0.6849104698726741,0.0
2019-07-21,0.06296909636276166,0.40846721481133585,0.18174882255161487,0.0,0.47502636421398436,0.33447672728724775,0.47502636421398436,0.3341484382348283,0.08261216626754593,0.7976382304380045,0.06404648721731766,0.033478665017373066,0.6850089685199309,0.09318581845014033
2019-07-28,0.06325766114957522,0.40936747596617085,0.36220422219053905,0.3851024564082987,0.6008094898477334,0.47502636421398436,0.33447672728724775,0.47502636421398436,0.08253717489155417,0.7709412653472683,0.06450352711448279,0.03914683367831519,0.6852727771452665,0.0
2019-08-04,0.06366475126261349,0.4107627127978362,0.36220422219053905,0.3851024564082987,0.47502636421398436,0.6008094898477334,0.47502636421398436,0.33447672728724775,0.0823855256645486,0.7461512263344416,0.06495142621370459,0.034374267205916395,0.685276514253879,0.0
2019-08-11,0.06416006389490982,0.41253501313442725,0.36220422219053905,0.3851024564082987,0.47502636421398436,0.47502636421398436,0.6008094898477334,0.47502636421398436,0.08223387643754303,0.7231319043939597,0.06539036733094196,0.02994259833868892,0.6852806238717102,0.0
2019-08-18,0.06471885214619995,0.4145866814337074,0.36220422219053905,0.3851024564082987,0.47502636421398436,0.47502636421398436,0.47502636421398436,0.6008094898477334,0.08208222721053747,0.7017568197349406,0.0658205296258346,0.025827477247691983,0.6852826786806258,0.0
2019-08-25,0.06532100405053312,0.41683717484925653,0.36220422219053905,0.3851024564082987,0.47502636421398436,0.47502636421398436,0.47502636421398436,0.47502636421398436,0.08124898969951791,0.6819085268372802,0.06624208867482936,0.02200629337748054,0.6853016886672013,0.0
2019-09-01,0.06595026819694473,0.4192204682511354,0.36220422219053905,0.3851024564082987,0.47502636421398436,0.47502636421398436,0.47502636421398436,0.47502636421398436,0.08041575218849835,0.6634779691465955,0.06665521654284425,0.018458051212284197,0.685323270169028,0.0
2019-09-08,0.06659360302707681,0.42168279280426724,0.36220422219053905,0.3851024564082987,0.47502636421398436,0.47502636421398436,0.47502636421398436,0.47502636421398436,0.07958251467747879,0.6463638798623881,0.06706008185349882,0.01516325491603045,0.6853323906366708,0.0
2019-09-15,0.06724063044610533,0.4241806990635082,0.36220422219053894,0.3851024564082987,0.47502636421398436,0.47502636421398436,0.47502636421398436,0.47502636421398436,0.07874927716645921,0.6304722255270527,0.06745684985794032,0.012103801212366264,0.6853484445823503,0.0
2019-09-22,0.06788317738727162,0.4266794013269248,0.3622042221905388,0.3851024564082987,0.47502636421398436,0.47502636421398436,0.47502636421398436,0.47502636421398436,0.07791603965543965,0.6157156893585272,0.06784568250229298,0.009262879916106661,0.6853989015568326,-0.20942724717900876
2019-09-29,0.06077751872663377,0.3967604670731223,0.10338373983076274,0.0,0.19233942556631722,0.47502636421398436,0.47502636421398436,0.47502636421398436,0.07579461695238383,0.6379346561745141,0.08689848207557326,0.027937311168894512,0.6845531253841878,-0.013655196249209267
2019-10-06,0.054969248357560924,0.3713343967357455,0.09467527615508056,0.0,0.4565944472771084,0.19233942556631722,0.47502636421398436,0.47502636421398436,0.07435644900836405,0.6598672642917178,0.08635030681451179,0.025206122588507383,0.6838499361272863,0.10517718079618892
2019-10-13,0.054327532868316514,0.3678287367997125,0.28774582025660256,0.40564111612431636,0.6169955475717407,0.4565944472771084,0.19233942556631722,0.47502636421398436,0.07352321149734449,0.6429600908869251,0.0852371277855528,0.0314376160769419,0.6846728570569054,0.0
2019-10-20,0.05410753875687915,0.36611839416232655,0.28774582025660256,0.40564111612431636,0.47502636421398436,0.6169955475717407,0.4565944472771084,0.19233942556631722,0.07337156227033893,0.6272605727253315,0.08416847591775217,0.02721570800464117,0.6847042800119593,0.0
2019-10-27,0.054220460187728664,0.3658631402322915,0.28774582025660256,0.40564111612431636,0.47502636421398436,0.47502636421398436,0.6169955475717407,0.4565944472771084,0.07321991304333338,0.6126824487181377,0.08314257012466358,0.02329536479464765,0.6847210669596496,-0.13337424639963738
2019-11-03,0.05004859583106219,0.3461829666748577,0.17175395954990216,0.1826569381927302,0.29499650698663793,0.47502636421398436,0.47502636421398436,0.6169955475717407,0.0717050872482998,0.6250910892999264,0.08215770056329853,0.03843093815286616,0.6829065865722179,0.0
2019-11-10,0.047111578385174546,0.3314908201821923,0.17175395954990216,0.1826569381927302,0.47502636421398436,0.29499650698663793,0.47502636421398436,0.47502636421398436,0.07019026145326623,0.6366133984115874,0.08032867991178073,0.03370950707514228,0.68426444275619,0.0
2019-11-17,0.0451755038744656,0.3209982394071331,0.17175395954990216,0.1826569381927302,0.47502636421398436,0.47502636421398436,0.29499650698663793,0.47502636421398436,0.06867543565823266,0.6473126854438438,0.078609400499354,0.02932532107439868,0.6843888848680592,0.0689090632401708
2019-11-24,0.04631787254076183,0.32491821426552264,0.28871606047505927,0.40601360567080325,0.5680404891420174,0.47502636421398436,0.47502636421398436,0.29499650698663793,0.06753889969320197,0.6572477376880821,0.07699327785167288,0.04278948555701048,0.6900966874113046,-0.09792433000578661
2019-12-01,0.04440391029441837,0.3141780282689435,0.20828444269869176,0.16911025410508712,0.3428471495161066,0.5680404891420174,0.47502636421398436,0.47502636421398436,0.06587242467116282,0.6664731433434461,0.07481099293003059,0.04652432683492744,0.6891754961465304,-0.09246724967349088
2019-12-08,0.04056762753204373,0.2934730271324606,0.15382715771815006,0.0,0.3502131697158206,0.3428471495161066,0.5680404891420174,0.47502636421398436,0.06375100196810701,0.6841203288733406,0.0728032908021197,0.04875169602308298,0.6873489993326918,0.0
2019-12-15,0.038001575361444724,0.2782548795118892,0.15382715771815006,0.0,0.47502636421398436,0.3502131697158206,0.3428471495161066,0.5680404891420174,0.06162957926505121,0.7005070011510999,0.07039539147753265,0.043293067954629325,0.6880565024866733,0.0
2019-12-22,0.03645996085871104,0.26768106141087417,0.15382715771815006,0.0,0.47502636421398436,0.47502636421398436,0.3502131697158206,0.3428471495161066,0.05950815656199539,0.7157231968375908,0.06822828208540434,0.0382243418910652,0.688110251961991,-0.1379006522300046
2019-12-29,0.03210507446530612,0.24155403490511027,0.08888547569300906,0.09181102679606175,0.28888672029699214,0.47502636421398436,0.47502636421398436,0.3502131697158206,0.05678180342593937,0.7431529013618432,0.06627788363248883,0.04730319783104364,0.6792180964209351,0.0
2020-01-05,0.029229148259760224,0.22204778478979947,0.08888547569300906,0.14791509661747398,0.47502636421398436,0.28888672029699214,0.47502636421398436,0.47502636421398436,0.05534363548191959,0.770486354618511,0.06287960272739004,0.0507156310893868,0.6864279522650345,-0.03777166170263217
2020-01-12,0.026633857686576938,0.20300215009189054,0.0740840699567826,0.08887880805523649,0.42404180724644835,0.47502636421398436,0.28888672029699214,0.47502636421398436,0.053828809686886026,0.7958674183568453,0.05911639805919522,0.04886638614335434,0.6834358620897333,0.0
2020-01-19,0.025198882243640343,0.18964255560090465,0.0740840699567826,0.08887880805523649,0.47502636421398436,0.42404180724644835,0.47502636421398436,0.28888672029699214,0.05170905345885224,0.8204488936609065,0.055880042044547676,0.04590853240927113,0.685394539594047,0.0
2020-01-26,0.024689338602953324,0.18112401976356263,0.0740840699567826,0.08887880805523649,0.47502636421398436,0.47502636421398436,0.42404180724644835,0.47502636421398436,0.04958929723081848,0.8432745493003919,0.05309677587195079,0.04192125622914082,0.6873892663775811,-0.019650354626291763
2020-02-02,0.024450216391100607,0.17386090745001942,0.06545904875777223,0.06534338616197378,0.4485021240901605,0.47502636421398436,0.47502636421398436,0.42404180724644835,0.047392883151770884,0.8644698009656282,0.05070316696351747,0.03821878549044838,0.6834238456633265,0.0
2020-02-09,0.024886126602146376,0.17052076760913776,0.06545904875777223,0.06534338616197378,0.47502636421398436,0.4485021240901605,0.47502636421398436,0.47502636421398436,0.04595304873272908,0.8841511060833478,0.048644663302264815,0.03351250817432577,0.6839578436364196,-0.003890214545201589
2020-02-16,0.025755854890913525,0.16988285151012017,0.06357304711056147,0.14142759237986538,0.4697753147193325,0.47502636421398436,0.4485021240901605,0.47502636421398436,0.04449821603848893,0.9079882210082246,0.04687435015358753,0.03540102420804464,0.6687810970845903,0.0
2020-02-23,0.02704564354546707,0.17206230196882105,0.06357304711056147,0.14142759237986538,0.47502636421398436,0.4697753147193325,0.47502636421398436,0.4485021240901605,0.04304338334424875,0.930122684867039,0.04466587408810492,0.030896015554950872,0.6691386458523256,0.0
2020-03-01,0.02864984087800638,0.17654954154484642,0.06357304711056147,0.19927147766323028,0.47502636421398436,0.47502636421398436,0.4697753147193325,0.47502636421398436,0.04121026082000572,0.9506761155930807,0.04281075419309953,0.02671279323422093,0.6695700235439045,-0.036159142097127846
2020-03-08,0.02966130623836498,0.17739286512321767,0.04376959818884599,0.1709988324659545,0.42621840192039606,0.47502636421398436,0.47502636421398436,0.4697753147193325,0.0397704264009639,0.9745622352277681,0.041252453481295005,0.029087003192233018,0.6561116259682521,-0.10301830244243326
2020-03-15,0.02883555662955304,0.16576274011646608,0.0,0.0,0.3359712558916233,0.42621840192039606,0.47502636421398436,0.47502636421398436,0.03842224810813423,0.9982935303210405,0.03994348088337921,0.03104348718211936,0.6556169217095092,0.10301830244243323
2020-03-22,0.030943962352341065,0.17415447786706284,0.16950479441652308,0.24631826658001266,0.6140814725363454,0.3359712558916233,0.42621840192039606,0.47502636421398436,0.03743736137010912,0.9818854214399457,0.038388706536665054,0.03388035154608282,0.66581886772891,0.036159142097127894
2020-03-29,0.03396588315464791,0.18949814546967736,0.22418518453765898,0.5116171718725964,0.5238343265075728,0.6140814725363454,0.3359712558916233,0.42621840192039606,0.03658912558389119,0.9487452863895871,0.03130584562385617,0.03450189534048029,0.6725841157959567,0.0
2020-04-05,0.036848300949282584,0.20457027213454526,0.22418518453765898,0.5116171718725964,0.47502636421398436,0.5238343265075728,0.6140814725363454,0.3359712558916233,0.03634582023067349,0.9179723038428251,0.03147809236731618,0.030061110177926818,0.6740861690968107,-0.036159142097127846
2020-04-12,0.038767791343234076,0.2134464916684949,0.19617307183051433,0.4058482233467011,0.42621840192039606,0.47502636421398436,0.5238343265075728,0.6140814725363454,0.03596586392564856,0.8944515576055228,0.03164689417590698,0.028446490441374154,0.6682702187159038,0.0
2020-04-19,0.04073175900951531,0.22308107459793675,0.19617307183051433,0.49817869415807586,0.47502636421398436,0.42621840192039606,0.47502636421398436,0.5238343265075728,0.03573755684762919,0.872610864670885,0.03181231994832597,0.024438234200185417,0.6706374547180498,0.0
2020-04-26,0.042708192143675536,0.23324643025504088,0.19617307183051433,0.49817869415807586,0.47502636421398436,0.47502636421398436,0.42621840192039606,0.47502636421398436,0.035509249769609834,0.8523302212315782,0.03197443720529658,0.020716281976224448,0.671639961140319,0.012494584679411105
2020-05-03,0.04495213527625515,0.24579125505759666,0.22011862610220348,0.5621649484536085,0.49189167634635333,0.47502636421398436,0.47502636421398436,0.42621840192039606,0.03532760399220757,0.8423552284136893,0.032133312117127784,0.022278116454183223,0.6811689872809371,0.13889392862533137
2020-05-10,0.05046303168091812,0.2824267107668259,0.44459621733753363,0.8735632183908053,0.6625067422866708,0.49189167634635333,0.47502636421398436,0.47502636421398436,0.03578255167322425,0.7892193248942689,0.03228900953072236,0.032495988496796094,0.7146828005295928,0.11576547793309151
2020-05-17,0.05829053293987979,0.33557489518129424,0.5799235953239442,0.869641027876463,0.6312877342066747,0.6625067422866708,0.49189167634635333,0.47502636421398436,0.03676743841124938,0.7298687315511934,0.032683819571536224,0.03823434833777942,0.7407944951116396,0.060685283636914826
2020-05-24,0.06648253855641584,0.3904253615480906,0.6386674274949422,0.9140893470790381,0.5569399513109946,0.6312877342066747,0.6625067422866708,0.49189167634635333,0.03807062187848398,0.6838034113876059,0.033652707503498754,0.038544892361341426,0.7439187659774161,-0.13858179140521057
2020-05-31,0.06904121727275594,0.40707074001697197,0.4587781216901746,0.5761635256080441,0.287967312002104,0.5569399513109946,0.6312877342066747,0.6625067422866708,0.03870721533690293,0.6241560337234229,0.03532866831736462,0.044843745810785415,0.7407464294060123,0.013289232118682706
2020-06-07,0.07152132056761162,0.42319638342977267,0.47162647425993287,0.6065768495404337,0.49296429920196433,0.287967312002104,0.5569399513109946,0.6312877342066747,0.03940380189611529,0.5812564883620288,0.036870552266121216,0.049424412383646615,0.7444595051657236,0.02319785069073373
2020-06-14,0.07419186569787323,0.44051132686616573,0.49484337173775994,0.5536931598883098,0.506339049088097,0.49296429920196433,0.287967312002104,0.5569399513109946,0.04034369380854537,0.5557267635170304,0.038289085498977284,0.05971595068915214,0.7530272171937951,-0.029820391451227033
2020-06-21,0.07551979130066526,0.44905587400133457,0.4604448613621157,0.4738067031314331,0.43477450929934186,0.506339049088097,0.49296429920196433,0.287967312002104,0.04151022632397274,0.5255896527843253,0.04037039333405103,0.06149734011568428,0.748521057291233,0.006622540760493237
2020-06-28,0.07678162775027075,0.4571571902051975,0.4676959778678298,0.4872163268049641,0.48396553425451416,0.43477450929934186,0.506339049088097,0.49296429920196433,0.04234346383499233,0.49760519281824217,0.04224357038561739,0.06064252095450286,0.7537361863517982,-0.05115820228347839
2020-07-05,0.0764358362122472,0.4549154573999309,0.41008755078422776,0.38589917016050695,0.4059725243481843,0.48396553425451416,0.43477450929934186,0.506339049088097,0.04281340979120734,0.46197903843521676,0.059102163849714714,0.058084212446676386,0.7528381747735629,-0.07283217794723881
2020-07-12,0.07437400897876356,0.4415142021883792,0.34230729612522437,0.2503129752392475,0.37671678083227284,0.4059725243481843,0.48396553425451416,0.43477450929934186,0.04298005729341126,0.4190728918451772,0.05879685649693185,0.056976909033888606,0.7512880557670815,0.16635134394556003
2020-07-19,0.07717710035271269,0.45964294217927815,0.5080777564989636,0.5751238597758905,0.6995690289977142,0.37671678083227284,0.4059725243481843,0.48396553425451416,0.04400993885703146,0.3920821555661383,0.05804170954892883,0.0629517480340788,0.7541960309575348,0.006656181520104736
2020-07-26,0.07958581628567145,0.4750521544202754,0.5140955716622514,0.5892784625423955,0.4840109428795926,0.6995690289977142,0.37671678083227284,0.4059725243481843,0.04507148344607038,0.368175957655086,0.05731676847884594,0.05700268068165895,0.7561787413146622,0.08208188197821756
2020-08-02,0.0839202544183757,0.5022815806225903,0.5865941910962906,0.7717983403210136,0.585821288214624,0.4840109428795926,0.6995690289977142,0.37671678083227284,0.046541314415508905,0.3599361323646005,0.05662082505156636,0.05770960633567526,0.7586180758752492,0.07882961103408491
2020-08-09,0.08981414933275762,0.5381568427650975,0.649152440962599,0.9140893470790381,0.5814313412080447,0.585821288214624,0.4840109428795926,0.6995690289977142,0.04838943521495029,0.3643662233574984,0.03991818279685649,0.058641747902956176,0.7645181412410039,0.07775343420453087
2020-08-16,0.0970328361213626,0.5801790458881323,0.7045340631966875,0.9140893470790381,0.5799787072385492,0.5814313412080447,0.585821288214624,0.4840109428795926,0.050130901612981185,0.3792035931309316,0.04032942189686725,0.06474580938362358,0.7704903051651997,-0.07508162023571914
2020-08-23,0.09985209825720087,0.5953871410271372,0.6004067277156211,0.7181598456268891,0.3736804617154409,0.5799787072385492,0.5814313412080447,0.585821288214624,0.050904146023207336,0.39298115077769097,0.04136970610399396,0.06539593350117792,0.7695601977120315,0.0
2020-08-30,0.10182489783619711,0.6053406156522713,0.6004067277156211,0.7181598456268891,0.47502636421398436,0.3736804617154409,0.5799787072385492,0.5814313412080447,0.05137409197942239,0.4057745971639675,0.0423683789428356,0.058748431327146064,0.7704489446255073,-0.0026718139688116263
2020-09-06,0.10302194661285644,0.6107067459362737,0.5967583974256598,0.7114550337901233,0.4714199236879632,0.47502636421398436,0.3736804617154409,0.5799787072385492,0.05249562966925472,0.4269778992857613,0.04332710486812358,0.05957880004903819,0.7691271377207558,-0.05562081219510646
2020-09-13,0.10186592178659613,0.6031702332555275,0.5246823279151783,0.5758688388688642,0.3999488500112028,0.4714199236879632,0.47502636421398436,0.3736804617154409,0.05325387580428252,0.42980437942539224,0.04424748175640003,0.05836474037893885,0.7680799662415324,0.008449432212124755
2020-09-20,0.10097148826537437,0.5972001932541972,0.532739240207414,0.5959832743791611,0.486431490134944,0.3999488500112028,0.4714199236879632,0.47502636421398436,0.05395046236349488,0.43360525686732937,0.045131043569145435,0.05296388491272733,0.7699545287609982,0.0
2020-09-27,0.10002194064857518,0.59105033154934,0.532739240207414,0.5959832743791611,0.47502636421398436,0.486431490134944,0.3999488500112028,0.4714199236879632,0.05478369987451444,0.4371346430634138,0.045979262909381015,0.04720438620929908,0.7707544742833274,0.03881312236878041
2020-10-04,0.10031124483917879,0.5916602014022007,0.5730050907711047,0.6905956191868526,0.5274166949354187,0.47502636421398436,0.486431490134944,0.3999488500112028,0.055798583162936274,0.4493193795698855,0.04679355347600718,0.04811491095480558,0.7743954514845977,-0.047262554580905135
2020-10-11,0.09875518236119339,0.5824205541152685,0.5062319846692573,0.5758688388688642,0.41123090757159053,0.5274166949354187,0.47502636421398436,0.486431490134944,0.05678346990096142,0.4606337777544663,0.047575272419968284,0.04694771081777872,0.7718960347919765,0.06095732056079347
2020-10-18,0.09931442910308476,0.5845793406552386,0.5692212661926913,0.6819106529209624,0.5573071494012443,0.41123090757159053,0.5274166949354187,0.47502636421398436,0.058404950097405484,0.47732461894600026,0.048325722606170955,0.04713215089216198,0.7729435186982865,0.1165338162559514
2020-10-25,0.10370667546958483,0.6065995558827089,0.671574514894093,0.9140893470790381,0.632324844760629,0.5573071494012443,0.41123090757159053,0.5274166949354187,0.05999643374345286,0.5067719769760366,0.04904615478492552,0.05331390781736857,0.7761639209753176,0.04678313890966462
2020-11-01,0.1086896791899791,0.6305527498209605,0.7071194836428677,0.8956228956228962,0.5381747009124921,0.632324844760629,0.5573071494012443,0.41123090757159053,0.06185955281809259,0.5393041536129606,0.050295440616787895,0.05505630693534974,0.7808503272739823,0.31125929064689273
2020-11-08,0.12681087281117975,0.7148210399801547,0.8709241360637904,0.9140893470790381,0.8951671872626953,0.5381747009124921,0.632324844760629,0.5573071494012443,0.06573744019437766,0.5904913788109691,0.052205705679642084,0.08923567116854701,0.792265932360473,-0.10197324121298192
2020-11-15,0.1351901161829294,0.7478656460631751,0.7191922476753164,0.5788897331886684,0.33738188972094757,0.8951671872626953,0.5381747009124921,0.632324844760629,0.06831214410342812,0.6417603793286077,0.05749433954703152,0.11849225681669548,0.7859933577761066,0.012953024656686133
2020-11-22,0.14175692438636645,0.7704587798982435,0.7260404333428891,0.6003425084776521,0.492510483094163,0.33738188972094757,0.8951671872626953,0.5381747009124921,0.07054022120789444,0.6814047371304719,0.06442815476866086,0.12310595903503713,0.7884206759102868,-0.11427021024448085
2020-11-29,0.14081316583744535,0.7607631690428406,0.5947249173571947,0.42034031581852366,0.320783321115458,0.492510483094163,0.33738188972094757,0.8951671872626953,0.07231168415632204,0.7182173550893458,0.07052991216369467,0.1271419715523723,0.785885209938445,-0.08096363054085903
2020-12-06,0.13591764647460708,0.7353961760653235,0.5234274716272364,0.30469644902634613,0.36574086689837887,0.320783321115458,0.492510483094163,0.33738188972094757,0.07350821322214614,0.7289983341772224,0.07589945867132443,0.1255960538868524,0.7829532018951779,0.0
2020-12-13,0.13143509817609433,0.7125553527121544,0.5234274716272365,0.30469644902634613,0.47502636421398436,0.36574086689837887,0.320783321115458,0.492510483094163,0.07471974056316859,0.7390092433302506,0.11527613306060933,0.11464854311384379,0.7843350909319636,0.0
2020-12-20,0.12732718587724995,0.6919446049192524,0.5234274716272365,0.30469644902634613,0.47502636421398436,0.47502636421398436,0.36574086689837887,0.320783321115458,0.07623456635820215,0.7483050875437769,0.11449327161158357,0.10448299739605008,0.7848264305913126,0.0
2020-12-27,0.12355960562713522,0.6733090446608221,0.5234274716272364,0.30469644902634613,0.47502636421398436,0.47502636421398436,0.47502636421398436,0.36574086689837887,0.07770439732764066,0.7569369428849084,0.11372606739153837,0.09504356208667018,0.7853323221430403,0.0
2021-01-03,0.12010160268300671,0.6564283184652628,0.5234274716272365,0.30469644902634613,0.47502636421398436,0.47502636421398436,0.47502636421398436,0.47502636421398436,0.07917422829707918,0.7687838957356414,0.11297420725589405,0.09129630512816854,0.7876154431603385,0.022000162059180442
2021-01-10,0.11783642144955292,0.6448764750559896,0.5422164606889214,0.33519961389036984,0.5047223973043989,0.47502636421398436,0.47502636421398436,0.47502636421398436,0.08058406616572429,0.7760048716533292,0.11223738432296264,0.08657601166822113,0.789874531324823,0.010702920578211006
2021-01-17,0.11607116242894477,0.6356699661825758,0.5517319696576941,0.30996428547316707,0.48947327068674845,0.5047223973043989,0.47502636421398436,0.47502636421398436,0.08232553256375519,0.7837675762128511,0.11075359462342124,0.07965634448073922,0.7920374880780527,0.2632555706537723
2021-01-24,0.12700940978808625,0.6775059157729761,0.739335306464875,0.7617411225658652,0.8303712983258752,0.48947327068674845,0.5047223973043989,0.47502636421398436,0.08585512666043407,0.8110764521497646,0.10932915651186151,0.107088201263627,0.7954501531775932,-0.08813597605632456
2021-01-31,0.1303893270664886,0.6876775773463193,0.626463546592071,0.5483698237059856,0.3560595650429559,0.8303712983258752,0.48947327068674845,0.5047223973043989,0.08791488978767444,0.8387287468478322,0.07514264183442781,0.11651428261975563,0.789441939974177,0.05448517663872732
2021-02-07,0.135276073448086,0.702830344924166,0.6605415641787238,0.6337433148404746,0.548570986478508,0.3560595650429559,0.8303712983258752,0.48947327068674845,0.09014130041711874,0.8557856505615533,0.07586693939067714,0.12126926870930724,0.7935395413789068,-0.08923614815696217
2021-02-14,0.13392067464245727,0.6943686604054049,0.5635512407447576,0.40163045882925547,0.3545745420227708,0.548570986478508,0.3560595650429559,0.8303712983258752,0.08918807670451234,0.868504559225475,0.07657675099580148,0.12314807538921732,0.791953373093205,-0.0878340837410932
2021-02-21,0.12814058159067154,0.6700038454983507,0.48799288990641576,0.2228160715234279,0.35646706223132824,0.3545745420227708,0.548570986478508,0.3560595650429559,0.08843149704450658,0.850340248999671,0.07727236636882334,0.12541653173738163,0.7902951062490621,-0.0525345393381197
2021-02-28,0.12077144411086657,0.6402088004669375,0.44928766827876154,0.11599038280746815,0.4041147311824682,0.35646706223132824,0.3545745420227708,0.548570986478508,0.08718830667806537,0.813444367905648,0.11135751964689418,0.12677853686158808,0.78434697517768,0.0421553847911477
2021-03-07,0.11634521810961115,0.6218277975660006,0.478724549167465,0.21282639047241836,0.5319281133160869,0.4041147311824682,0.35646706223132824,0.3545745420227708,0.08714331185247033,0.7841390144052167,0.11061771988373344,0.12076449599059227,0.7858610449049409,0.0
2021-03-14,0.11245339741193949,0.6057494315493549,0.478724549167465,0.21282639047241836,0.47502636421398436,0.5319281133160869,0.4041147311824682,0.35646706223132824,0.08767325090947878,0.7581869703580704,0.10989271611583594,0.11143036526893901,0.7887570036689875,-0.020855574283185012
2021-03-21,0.10811375361384665,0.5881954262877085,0.4610087864434489,0.164408386639943,0.4468753068550854,0.47502636421398436,0.5319281133160869,0.4041147311824682,0.08805154073948164,0.7290849401327117,0.10918221242329637,0.10400365588302835,0.7873510817793882,0.0
2021-03-28,0.10438357383883257,0.5731359317411301,0.4610087864434489,0.164408386639943,0.47502636421398436,0.4468753068550854,0.47502636421398436,0.5319281133160869,0.08842983056948453,0.7020616263520216,0.1084859188046076,0.09459845925315004,0.7879256952737365,0.0
2021-04-04,0.10117340353802565,0.5601990462990574,0.4610087864434489,0.164408386639943,0.47502636421398436,0.47502636421398436,0.4468753068550854,0.47502636421398436,0.0888081203994874,0.6769685492699522,0.1078035510582926,0.08586506238254872,0.788864118093978,-0.10412613809019901
2021-04-11,0.09413315852868506,0.5324686744501519,0.3730017131576222,0.0,0.3344758885408603,0.47502636421398436,0.47502636421398436,0.4468753068550854,0.08847482539507959,0.6293433842423326,0.10713483066690391,0.08952832231528114,0.7870496377065463,0.027628167117474182
2021-04-18,0.0895374857540045,0.5141682163341786,0.3981431099771814,0.05426783160763351,0.5123191333645486,0.3344758885408603,0.47502636421398436,0.47502636421398436,0.08817152694106846,0.5889261869872102,0.10572251312114066,0.08416232365402439,0.7881370401813799,0.1823215567939546
2021-04-25,0.09382603914267264,0.5308651119781291,0.5488518328315303,0.45256384340677847,0.7211257778948883,0.5123191333645486,0.3344758885408603,0.47502636421398436,0.08912641712869689,0.5780899001109832,0.10436668827720794,0.09823121326747852,0.7902278983761687,0.0
2021-05-02,0.09701866587547604,0.5429443849869938,0.5488518328315303,0.45256384340677847,0.47502636421398436,0.7211257778948883,0.5123191333645486,0.3344758885408603,0.08795988461326949,0.5680276337259154,0.10306509642703253,0.08923833396728233,0.7907070053134355,0.0
2021-05-09,0.09931627740231364,0.551345657412852,0.5488518328315303,0.5312705987818704,0.47502636421398436,0.47502636421398436,0.7211257778948883,0.5123191333645486,0.08756659650806826,0.5586841006540668,0.10181556825086413,0.08088780318852873,0.7909680381442711,0.0
2021-05-16,0.10088648258229102,0.556828441614647,0.5488518328315303,0.853964251279389,0.47502636421398436,0.47502636421398436,0.47502636421398436,0.7211257778948883,0.08670336244665199,0.5500079628016357,0.10061602120174247,0.0731337388939718,0.7919203279205862,0.0
2021-05-23,0.10186888842863175,0.5600070921803576,0.5488518328315303,0.9140893470790381,0.47502636421398436,0.47502636421398436,0.47502636421398436,0.47502636421398436,0.08659670804524149,0.5419515490815212,0.09946445603458569,0.06593353633474038,0.7921288369515975,-0.03476399243633987
2021-05-30,0.100738008010476,0.5553084135072109,0.50310567926165,0.7491711370449765,0.42810158852517616,0.47502636421398436,0.47502636421398436,0.47502636421398436,0.08689834002423055,0.505512950612867,0.09835895347411516,0.07228874547251017,0.7890766646442621,0.0
2021-06-06,0.09960587071949667,0.550664956858548,0.5031056792616497,0.7491711370449765,0.47502636421398436,0.42810158852517616,0.47502636421398436,0.47502636421398436,0.08757992830824458,0.4716771091776882,0.09729767101606346,0.06514889958624029,0.7896001722771021,0.0
2021-06-13,0.0984856505485669,0.5461207900091075,0.5031056792616497,0.7491711370449765,0.47502636421398436,0.47502636421398436,0.42810158852517616,0.47502636421398436,0.08795821813824746,0.44025811355930783,0.09627883985633384,0.05851904269184684,0.7904963092928181,0.08652592699492948
2021-06-20,0.10158152956745793,0.5570904031972883,0.5989887806273094,1.0,0.5918199034755738,0.47502636421398436,0.47502636421398436,0.42810158852517616,0.08903476100248471,0.4070696280220059,0.09530076194299338,0.07367517660351038,0.7937647772754766,0.042221608075897914
2021-06-27,0.10593342241522223,0.5722634098244659,0.6403757586052594,0.7851283267018213,0.5320175021510423,0.5918199034755738,0.47502636421398436,0.47502636421398436,0.09062624464853211,0.3810760408214781,0.07182689202282269,0.0787054217484239,0.796744851024371,0.0486727577670357
2021-07-04,0.11167020666587166,0.5917681870409238,0.6849382079784125,0.8028173923892242,0.540725326856329,0.5320175021510423,0.5918199034755738,0.47502636421398436,0.09265601122537576,0.3667139025922312,0.07251975454839056,0.09217153189920707,0.801407224470222,0.0
2021-07-11,0.11579413487147311,0.6049844511759408,0.6849382079784125,0.8028173923892242,0.47502636421398436,0.540725326856329,0.5320175021510423,0.5918199034755738,0.09468577780221943,0.353377631379359,0.07410513079987081,0.08361148698245886,0.8019217918818153,0.0
2021-07-18,0.1186074330907195,0.6132938943124469,0.6849382079784125,0.8017376645270052,0.47502636421398436,0.47502636421398436,0.540725326856329,0.5320175021510423,0.0974271292134738,0.3409939509674062,0.07562709200129185,0.07566287384547836,0.8028666434901846,0.06520439404816915
2021-07-25,0.12409538170638904,0.6300703522293565,0.7458025821416215,0.9140893470790381,0.563039890572844,0.47502636421398436,0.47502636421398436,0.540725326856329,0.10060843003054651,0.3432274364191245,0.07708817475465604,0.08079928015851909,0.8083221010788865,-0.023284736284741002
2021-08-01,0.12652145862945688,0.6362460203123379,0.6935836031121726,0.842105472613057,0.4435964003185727,0.563039890572844,0.47502636421398436,0.47502636421398436,0.10222991022699059,0.3453013871957202,0.07937945225301325,0.07680120313612004,0.8064715714122342,-0.041919657763428125
2021-08-08,0.12551002230280542,0.6312395326833973,0.6094851137120986,0.716662985492193,0.41844280175053633,0.4435964003185727,0.563039890572844,0.47502636421398436,0.10345643584321138,0.31550898910995495,0.08153325310146901,0.08513725638787743,0.8050175838170076,0.0016244024869620064
2021-08-15,0.12427925024876935,0.6256659636088409,0.6113376880026309,0.7214266242436184,0.47721899851709604,0.41844280175053633,0.4435964003185727,0.563039890572844,0.10469795973463056,0.2878446194588873,0.08355782589901743,0.07732779926449194,0.8066998835139642,0.0
2021-08-22,0.12280057401528205,0.6194479950946765,0.6113376880026308,0.7214266242436184,0.47502636421398436,0.47721899851709604,0.41844280175053633,0.4435964003185727,0.10593948362604971,0.2621562762114673,0.08546092432871294,0.06982802096450907,0.8085383967542095,0.024406662629665923
2021-08-29,0.12251582856176486,0.6171191316729069,0.6418867697016009,0.7939397919042025,0.5079707152204671,0.47502636421398436,0.47721899851709604,0.41844280175053633,0.10740931459548819,0.23666247161295434,0.08724983685262673,0.07289980705779864,0.8115785526351381,0.0
2021-09-05,0.12179843723394912,0.6134985537049678,0.6418867697016009,0.7939397919042025,0.47502636421398436,0.5079707152204671,0.47502636421398436,0.47721899851709604,0.10915244746854115,0.21298965305719225,0.08893141462510569,0.06571631391543672,0.8128402774078555,-0.026031065116627852
2021-09-12,0.11928886120961435,0.6044142521030516,0.5805121731746758,0.716662985492193,0.43988937890439006,0.47502636421398436,0.5079707152204671,0.47502636421398436,0.11065227498837636,0.20812460613954825,0.0905120977312359,0.06908179336937433,0.8111459612844921,-0.006524126076943127
2021-09-19,0.11650480020015438,0.5946516554598167,0.5656639344846551,0.6976084304864923,0.46622003527214395,0.43988937890439006,0.47502636421398436,0.5079707152204671,0.11209210940741816,0.20553910121865027,0.0919979398509983,0.06942220434508932,0.8102801777618798,0.0
2021-09-26,0.11389775740670402,0.5856008335627944,0.5656639344846551,0.5027994208355546,0.47502636421398436,0.46622003527214395,0.43988937890439006,0.47502636421398436,0.11283369079222559,0.20313827522067357,0.09339463144357497,0.06248711139649235,0.8106505961222968,0.0016350262521542672
2021-10-03,0.11154919982906308,0.577491122865046,0.5685439296811328,0.511849810410595,0.4772333385788577,0.47502636421398436,0.46622003527214395,0.43988937890439006,0.11322697889742682,0.2002718921753191,0.09470752154059704,0.0562955217724915,0.8120805508647099,0.006513502311750791
2021-10-10,0.10970018087015791,0.5710464682922634,0.5806037569916734,0.44479664984805084,0.48381835309406307,0.4772333385788577,0.47502636421398436,0.46622003527214395,0.11324197717262517,0.19492517066570214,0.09594163823179777,0.051290607177865405,0.8138950312521416,0.00826154124217792
2021-10-17,0.10836370514190148,0.5662786655934489,0.596332600402835,0.5041028698277914,0.4861778730731277,0.48381835309406307,0.4772333385788577,0.47502636421398436,0.11333363329883735,0.1864153802622604,0.09710170792152646,0.04691889708569265,0.8148339827951451,0.0
2021-10-24,0.10698358637284967,0.5614468393091915,0.596332600402835,0.5041028698277914,0.47502636421398436,0.4861778730731277,0.48381835309406307,0.4772333385788577,0.11342528942504947,0.17851343203049314,0.09819217342987144,0.04159118322705259,0.8163961182280333,0.06139236809823683
2021-10-31,0.10912837859805505,0.5674657742211097,0.7035425001848888,0.7206312842051683,0.5578943808058616,0.47502636421398436,0.4861778730731277,0.48381835309406307,0.11348528252584288,0.1732035223281322,0.0992172110077157,0.05191838775549558,0.8303952549919931,-0.04366455052175844
2021-11-07,0.10792461211660294,0.5632132468207973,0.5739626323562225,0.4749395443553521,0.41608752850522046,0.5578943808058616,0.47502636421398436,0.4861778730731277,0.11334863157403567,0.15787223237481984,0.10090842708651282,0.05949524741690977,0.8263216864400769,-0.009711385584553056
2021-11-14,0.10610294715421534,0.5571496870943006,0.5488337814261592,0.38052113874964594,0.4619178413359758,0.41608752850522046,0.5578943808058616,0.47502636421398436,0.11351527907623958,0.1436360345610298,0.10246434587900616,0.05478563113593016,0.8242188118188812,0.0
2021-11-21,0.10436845799361004,0.5514238604866092,0.5488337814261592,0.38052113874964594,0.47502636421398436,0.4619178413359758,0.41608752850522046,0.5578943808058616,0.11366692830324517,0.13041670801965338,0.10389579116810004,0.048896007702273134,0.825256394189832,-0.00801643199192549
2021-11-28,0.10227160601610716,0.54466388510788,0.5264253796770769,0.3333490967558883,0.4642057062088794,0.47502636421398436,0.4619178413359758,0.41608752850522046,0.11374358615425896,0.12568367120570317,0.1052127208340664,0.047176735855320215,0.8218437290902916,0.016145121387487985
2021-12-05,0.10127604444786613,0.5413043473077477,0.5609124695822759,0.4287414483432652,0.4968192063613237,0.4642057062088794,0.47502636421398436,0.4619178413359758,0.11374358615425896,0.11500786072798769,0.12035741199267949,0.048089235626110935,0.8234659466552139,0.022105155578399135
2021-12-12,0.10151500604062445,0.5417059803820947,0.605601058533482,0.561871433525648,0.50486411857957,0.4968192063613237,0.4642057062088794,0.47502636421398436,0.11395522848205793,0.09660624762890935,0.12006028636021099,0.04642759035602677,0.8244457300151479,-0.022105155578399215
2021-12-19,0.10017604080282405,0.5373623263111834,0.538428172982605,0.4287414483432652,0.4451886098483986,0.50486411857957,0.4968192063613237,0.4642057062088794,0.11419853383527563,0.09245752083490005,0.11976910324039183,0.05089512517565643,0.8226552824805298,-0.00476317386391244
2021-12-26,0.098617020756603,0.5323981734284535,0.524567080794622,0.2649534339359535,0.4685969857258783,0.4451886098483986,0.50486411857957,0.4968192063613237,0.11445683746369172,0.0823429848624884,0.11948374378296908,0.04906063028374556,0.8216456623338277,0.05921935965997111
2022-01-02,0.10062690779967373,0.5381642278356854,0.6409624925694547,0.7219981074754726,0.5549612328447282,0.4685969857258783,0.4451886098483986,0.50486411857957,0.11529007497471126,0.07083857032256924,0.11920409151469477,0.053091951280270416,0.8230996499290545,0.12780670448765624
2022-01-09,0.11014455384373881,0.5657722391100554,0.7974427078020699,0.9140893470790381,0.6475410991251536,0.5549612328447282,0.4685969857258783,0.4451886098483986,0.11747149077856049,0.09585304421110324,0.10550113036925396,0.06987643229124246,0.8275577441259893,0.006724188469949785
2022-01-16,0.11770852080472013,0.5867402340034745,0.8035686885472478,0.9140893470790381,0.4841027393230708,0.6475410991251536,0.5549612328447282,0.4685969857258783,0.1196695713326301,0.12059395626948766,0.10608806114759392,0.06919509623403672,0.8313789677233621,0.006534547320996576
2022-01-23,0.12364561892385262,0.6023717457815033,0.8097604872050409,0.9140893470790381,0.4838467598525801,0.4841027393230708,0.6475410991251536,0.5549612328447282,0.12186598541167772,0.1451067262399201,0.10727806222413608,0.06351692300613943,0.8345032385891384,0.06499976950085565
2022-01-30,0.13243444183769976,0.625031401202183,0.8644388316363562,0.8424908061977874,0.5627636863652665,0.4838467598525801,0.4841027393230708,0.6475410991251536,0.1248356439009514,0.1857861692394071,0.10904979705027451,0.07429069066535914,0.8409079938639802,-0.013655817835109937
2022-02-06,0.1377119851771905,0.6373846753642818,0.8193382536671782,0.7985653209945657,0.4565936082544037,0.5627636863652665,0.4838467598525801,0.4841027393230708,0.1270487227302194,0.22355993773893068,0.11235035844719561,0.07654743555205244,0.8355126184073124,0.024716087044298223
2022-02-13,0.14300107274015458,0.6491917130776808,0.8406442014098122,0.878509704064429,0.5083883793099945,0.4565936082544037,0.5627636863652665,0.4838467598525801,0.1299883846690964,0.2611554153842535,0.11538687493236302,0.07412133048888064,0.8421577022102907,0.04177124203138075
2022-02-20,0.14960022757260885,0.6636846756666024,0.8730815965344368,0.9140893470790381,0.5314095936763317,0.5083883793099945,0.4565936082544037,0.5627636863652665,0.13354964179119405,0.30342864878445863,0.11818047009871704,0.07561818284309257,0.8447772831669802,-0.04796071281356277
2022-02-27,0.15032407950548335,0.6630404812355213,0.7281282590553865,0.7705481381330632,0.410288526787141,0.5314095936763317,0.5083883793099945,0.4565936082544037,0.13650430200526942,0.33259752295896683,0.12190338551752442,0.07827638594505472,0.8431790984548715,-0.01852661626211619
2022-03-06,0.14871869950842306,0.6567239778985893,0.6801437178269589,0.7169173567686329,0.45001895708247025,0.410288526787141,0.5314095936763317,0.5083883793099945,0.13930731299233923,0.3639897273727624,0.12525400939445105,0.07947644862382566,0.8405354846453683,-0.019016465894695307
2022-03-13,0.1452967080910187,0.6461866960426954,0.6333197468274909,0.6628922314235821,0.44935775327591343,0.45001895708247025,0.410288526787141,0.5314095936763317,0.14173036767438413,0.36299194984438604,0.128269570883685,0.0881176919972825,0.8365219982254863,0.03754308215681148
2022-03-20,0.14459435320305014,0.6424921604570047,0.6804965186875099,0.7705481381330632,0.5257023822835694,0.44935775327591343,0.45001895708247025,0.410288526787141,0.1443967277096468,0.3620654421394652,0.13098357622399562,0.09112377072956986,0.8408599281583528,-0.012358410837504856
2022-03-27,0.14238729993060928,0.6352980900948585,0.6491864355282042,0.7194657378506982,0.45834486086013343,0.5257023822835694,0.44935775327591343,0.45001895708247025,0.1471230808457028,0.3612051135563244,0.13342618103027512,0.08514753238218556,0.8402887393455304,-0.00616820542461137
2022-04-03,0.13948694225936653,0.6266354375810483,0.6333893320483683,0.6563089333511649,0.46670046043632113,0.45834486086013343,0.5257023822835694,0.44935775327591343,0.1498194374313621,0.3407410950247501,0.1356245253559267,0.08635307797198268,0.8378373883585366,-0.012590965368512503
2022-04-10,0.13561601114753635,0.6158639264639585,0.6009081639873614,0.6093928980526924,0.45803095648844966,0.46670046043632113,0.45834486086013343,0.5257023822835694,0.15178921090741238,0.31560164508145644,0.1554096242867908,0.09124974842137804,0.8361190393823595,0.03730705241281061
2022-04-17,0.13467224421343338,0.61226214717589,0.6559292392781125,0.658433751326062,0.525383787035529,0.45803095648844966,0.46670046043632113,0.45834486086013343,0.15285075549645127,0.29656214764548494,0.1550298202174615,0.09028244463907278,0.838378127546844,-0.006189470782181861
2022-04-24,0.13283955212086468,0.6066496606108147,0.6388731165789273,0.5656825174070279,0.4666717562494886,0.525383787035529,0.45803095648844966,0.46670046043632113,0.15375898438346258,0.2683862420999442,0.15465761222951876,0.09914438932451153,0.8333552613087881,0.20755500435672983
2022-05-01,0.14789803305812976,0.6400798116297506,0.8418084650053542,0.9140893470790381,0.7551861312592729,0.4666717562494886,0.525383787035529,0.45803095648844966,0.15744022770714705,0.2909989547311814,0.1364194208203251,0.13720522518797412,0.8398921972741049,0.1835454912561802
2022-05-08,0.17729995324743802,0.7020896168644826,0.9291330051534855,0.9140893470790381,0.7227778565565355,0.7551861312592729,0.4666717562494886,0.525383787035529,0.16340954123609125,0.3380770059514679,0.13737840456453868,0.17682094426230865,0.8529300199255182,-0.09121088005338422
2022-05-15,0.18965791635531906,0.723979592703083,0.7474581224555484,0.7030776655560792,0.3519090296695845,0.7227778565565355,0.7551861312592729,0.4666717562494886,0.16795401862119197,0.3817923392274482,0.14084009904187747,0.19480350600355165,0.8497696997805212,0.0
2022-05-22,0.19808062902525347,0.7365008914868142,0.7474581224555484,0.7030776655560792,0.47502636421398436,0.3519090296695845,0.7227778565565355,0.7551861312592729,0.17219519755228158,0.4223851486980013,0.14416332574012272,0.17891260579363594,0.8509237693890598,-0.004510155477886019
2022-05-29,0.20287375374083272,0.7411423824700496,0.739177872345055,0.6931347067408612,0.4689385124084415,0.47502636421398436,0.3519090296695845,0.7227778565565355,0.17583144605037093,0.4314742916728715,0.14735362337043814,0.18296023299792472,0.8500422924135602,0.09151319909946011
2022-06-05,0.2147680900315158,0.7586098182340995,0.7985460400758021,0.9039254336234822,0.5985517719522081,0.4689385124084415,0.47502636421398436,0.3519090296695845,0.18166410862750787,0.4533973737486083,0.15041630909554093,0.19421807237050726,0.850925427655904,0.0
2022-06-12,0.22254140649223597,0.7672542314242558,0.7985460400758021,0.9039254336234822,0.47502636421398436,0.5985517719522081,0.4689385124084415,0.47502636421398436,0.18772341180764213,0.47375452139036406,0.15335648739163962,0.17836898884866617,0.8514932158200532,-0.06896668113547551
2022-06-19,0.21972048486897128,0.7565489588735617,0.6701124012700647,0.7402234353437782,0.38193446608951004,0.47502636421398436,0.5985517719522081,0.4689385124084415,0.19279949472477337,0.4671772455169508,0.15617905855589437,0.18369614354750585,0.8500272117984197,0.0
2022-06-26,0.2159083155585076,0.744565216007832,0.6701124012700647,0.7402234353437782,0.47502636421398436,0.38193446608951004,0.47502636421398436,0.5985517719522081,0.19742062996088788,0.46106977506306696,0.15888872687357894,0.16859862637016484,0.8514091008352054,0.06896668113547552
2022-07-03,0.218639905255617,0.7443938355780968,0.7252953269443408,0.8559335811147927,0.5681182623384587,0.47502636421398436,0.38193446608951004,0.47502636421398436,0.20340494176503038,0.471139005608118,0.1614900084585561,0.1821505635606384,0.8550500780364756,-0.14781518301833144
2022-07-10,0.20418601111296203,0.7147491180522836,0.5170040143740375,0.5006721168280271,0.27550399004372894,0.5681182623384587,0.47502636421398436,0.38193446608951004,0.20696619888712797,0.45609033050283115,0.16552910402166393,0.22451125034392305,0.8506160166923544,0.04975119203733254
2022-07-17,0.19624129876755955,0.6971942182939268,0.5584305062710929,0.5883559494562184,0.5421810079413331,0.27550399004372894,0.5681182623384587,0.47502636421398436,0.21147901324681,0.4404587656848468,0.17112195709728253,0.22827950601954727,0.8533076962074849,0.0
2022-07-24,0.1886823325790841,0.6808467414235103,0.558430506271093,0.5883559494562184,0.47502636421398436,0.5421810079413331,0.27550399004372894,0.5681182623384587,0.21553687992547532,0.41396355535031776,0.17626738192685162,0.23701710202939058,0.8536252663245647,0.021011278212592917
2022-07-31,0.18361373418340632,0.6692675379426671,0.5772801746345296,0.5764374224338444,0.5033875922537886,0.47502636421398436,0.5421810079413331,0.27550399004372894,0.22002136420978258,0.39359260248471023,0.17989019270104425,0.22638226304560194,0.8592609703093691,0.0
2022-08-07,0.1784520374949619,0.6578682437494238,0.5772801746345296,0.4216148538852926,0.47502636421398436,0.5033875922537886,0.47502636421398436,0.5421810079413331,0.22165784268142502,0.3581886820416335,0.17989019270104425,0.23553108701356423,0.8603097760225838,0.0
2022-08-14,0.1732762233029359,0.6467573349479596,0.5772801746345297,0.4216148538852926,0.47502636421398436,0.47502636421398436,0.5033875922537886,0.47502636421398436,0.2202330065375816,0.3253136130587765,0.18433415868231243,0.24154502812970885,0.8613025731723163,-0.10316271257534679
2022-08-21,0.15823888952197718,0.6189421772582109,0.44266946686424324,0.07085963930845231,0.3357763296872592,0.47502636421398436,0.47502636421398436,0.5033875922537886,0.21874984376796675,0.2924329285611422,0.23543976746689632,0.24961079744880643,0.8606748350568234,0.06172171463080794
2022-08-28,0.15136163405841907,0.6056150609663333,0.506378349238133,0.33473694400077425,0.5583389359642797,0.3357763296872592,0.47502636421398436,0.47502636421398436,0.21823323651113463,0.275753502384454,0.2344148993433093,0.25847899340215436,0.8800693472774509,0.026478125267826478
2022-09-04,0.14775292350685362,0.5981894607937384,0.5329173202753503,0.41842118000096784,0.5107667956712793,0.5583389359642797,0.3357763296872592,0.47502636421398436,0.2182249041360244,0.26593336813625584,0.23200999031112068,0.2452083197661053,0.8815473677254914,0.0
2022-09-11,0.1441436837980018,0.5909038601881729,0.5329173202753503,0.41842118000096784,0.47502636421398436,0.5107667956712793,0.5583389359642797,0.3357763296872592,0.2166267545898889,0.24014254622805853,0.22970127764021964,0.24639537092879632,0.8822467718080746,0.0
2022-09-18,0.14057516044408364,0.5838176350141161,0.5329173202753503,0.41842118000096784,0.47502636421398436,0.47502636421398436,0.5107667956712793,0.5583389359642797,0.21502860504375332,0.21233805135401523,0.2274849134761546,0.25411468719081615,0.8830085771929885,-0.09480779345866647
2022-09-25,0.12807062020626486,0.5613178335151188,0.4118838085909162,0.12874497846183647,0.3470538809111668,0.47502636421398436,0.47502636421398436,0.5107667956712793,0.21314215531880504,0.18651959182811784,0.22535720387865216,0.26017978130848585,0.8816627374354233,-0.005540180375615468
2022-10-02,0.11721553622286726,0.5417348255083052,0.40587216120287306,0.24267858772009865,0.4675481747661712,0.3470538809111668,0.47502636421398436,0.47502636421398436,0.21117238184275477,0.18373279275203908,0.22331460266504985,0.26581165441775056,0.8788508936562245,0.018712708932154164
2022-10-09,0.10997856426577243,0.5285837025748815,0.4294396788732824,0.2885178765116728,0.5002849610445773,0.4675481747661712,0.3470538809111668,0.47502636421398436,0.2082743817794287,0.17621697372719247,0.21966273910068995,0.26332135399691226,0.8799416487140256,-0.01871270893215408
2022-10-16,0.10225552519783017,0.5145682524506705,0.40672675120009283,0.4013075182298216,0.4497677673833915,0.5002849610445773,0.4675481747661712,0.3470538809111668,0.20759112702039267,0.16923799891840635,0.2162299873501917,0.2610089321775624,0.8783674968547305,0.005540180375615351
2022-10-23,0.09644177449490662,0.5039740590070142,0.4143875347190955,0.42360238035370096,0.48250455366179734,0.4497677673833915,0.5002849610445773,0.4675481747661712,0.2061912880018798,0.15957436333618702,0.21300320070472328,0.2514174970687048,0.8794761804207305,-0.08530514884447792
2022-10-30,0.08428262363126245,0.4817292288050941,0.32020416838119203,0.09363842092029205,0.35988064319365815,0.48250455366179734,0.4497677673833915,0.5002849610445773,0.20355825746705797,0.16023554648130256,0.20997002125798298,0.2518853249640872,0.8778900121350286,0.07865323961617206
2022-11-06,0.08150411502104075,0.47659752761877117,0.4208676252724247,0.39684854580504597,0.5811932733497965,0.35988064319365815,0.48250455366179734,0.4497677673833915,0.20170847019259458,0.15093296714440058,0.2071188325780471,0.2531468683897396,0.8797405418016808,-0.09809492123075755
2022-11-13,0.07089227878329837,0.45681264469606725,0.32772960580503385,0.02470511748862301,0.34261688381860655,0.5811932733497965,0.35988064319365815,0.48250455366179734,0.19845884389961826,0.14414588423084845,0.20443871521890739,0.2562482757905628,0.8780702585311311,0.08239953176706676
2022-11-20,0.06967884099203482,0.45451035834505665,0.4175240395078711,0.37057676232933984,0.5862500549944074,0.34261688381860655,0.5811932733497965,0.35988064319365815,0.19637575012206937,0.1263192032636133,0.20191940490131607,0.2552682056516066,0.8795362625527646,0.0
2022-11-27,0.0688359726197709,0.4528966151966301,0.4175240395078711,0.37057676232933984,0.47502636421398436,0.5862500549944074,0.34261688381860655,0.5811932733497965,0.19594246661633918,0.11560157336396282,0.19955125320278022,0.2455354012317858,0.8814588907778578,-0.0011305823702860267
2022-12-04,0.06819294637213431,0.4516534215687941,0.41630880419733907,0.36563573883161543,0.47350029311554703,0.47502636421398436,0.5862500549944074,0.34261688381860655,0.19452596284760587,0.1056494884571445,0.19732519060615653,0.22629650482269054,0.8799568374770038,0.01682597183397678
2022-12-11,0.06931534558540389,0.4537534336349313,0.43690783935616895,0.44455711415319366,0.4977382249273764,0.47350029311554703,0.47502636421398436,0.5862500549944074,0.19292614682644832,0.10165481311683222,0.19523269176533026,0.21725455459074927,0.882300040626336,0.03926349481706671
2022-12-18,0.07391012497605094,0.46241374409256564,0.4848200840929504,0.7053158542276525,0.5280246120539991,0.4977382249273764,0.47350029311554703,0.47502636421398436,0.19192626181322486,0.08509628266561844,0.19326574285495354,0.20968558975531532,0.8839462910440722,-0.03815176596437617
2022-12-25,0.07406629609139498,0.4627014780042979,0.43564460216092127,0.4839296543359612,0.42352873881067077,0.5280246120539991,0.4977382249273764,0.47350029311554703,0.1903431105422877,0.07921672904118413,0.16245020992571857,0.21478853179010582,0.8795002132735441,0.08413687920619958
2023-01-01,0.08215401856962874,0.4778380269272792,0.5326664137054238,0.9087123509197489,0.5885951434943582,0.42352873881067077,0.5280246120539991,0.4977382249273764,0.19157630205859666,0.07375714353278084,0.16318225858542362,0.21925126736243122,0.8810743651328392,-0.04705520430166768
2023-01-08,0.08395192471350632,0.4811738963481895,0.4712484357010257,0.6592523169842754,0.4115107909986752,0.5885951434943582,0.42352873881067077,0.5280246120539991,0.19214290356608993,0.06068522033931503,0.16389966627193456,0.21402107561169756,0.8790195562172708,0.001070091059844386
2023-01-15,0.0854058105442269,0.4838590938217584,0.47248340210654827,0.6647922524211181,0.47647078355223355,0.4115107909986752,0.5885951434943582,0.42352873881067077,0.19244286907005698,0.05216705935148344,0.16460272580471524,0.20144457210657507,0.8815910714683329,0.05513616845918099
2023-01-22,0.09177855599028227,0.4955601150483293,0.535750314275615,0.9140893470790382,0.5494497015802322,0.47647078355223355,0.4115107909986752,0.5885951434943582,0.19390936708945145,0.04543753326295169,0.16529172414684032,0.1996919719825287,0.8842467017042429,0.0010116338748442258
2023-01-29,0.09672752524833017,0.5045211916555469,0.5369040637385358,0.9140893470790381,0.4763918774743843,0.5494497015802322,0.47647078355223355,0.4115107909986752,0.19530920610796432,0.03951136830197685,0.16671105959478952,0.19420460914190782,0.8859530342540132,-0.0020242921892306798
2023-02-05,0.10020431569542805,0.5107166425465315,0.5336112027731013,0.9035825729746807,0.4722939548947095,0.4763918774743843,0.5494497015802322,0.47647078355223355,0.19790890714234532,0.03400850083821452,0.16876782114559585,0.18635209476153086,0.8834896668406125,-0.02877896455004329
2023-02-12,0.09988558830203821,0.5100461546506596,0.48724298501324015,0.7564877355136863,0.43618023747696205,0.4722939548947095,0.4763918774743843,0.5494497015802322,0.19890879215556884,0.02767411965786623,0.1707011770033538,0.19091603018746559,0.8814829236306715,-0.006276171229236212
2023-02-19,0.09879889515016481,0.5080048493528881,0.47734660642819937,0.6773467823679198,0.4665547271413505,0.43618023747696205,0.4722939548947095,0.4763918774743843,0.20120852768598285,0.021792194276114313,0.1725185315096463,0.18550409912653198,0.8806148569870419,0.032010993398051364
2023-02-26,0.10082643240827119,0.5115382736482572,0.5226699625095783,0.8812084353136047,0.5182351149790225,0.4665547271413505,0.43618023747696205,0.4722939548947095,0.20285833795780162,0.012833129565157836,0.17422684474556122,0.1796516027614392,0.8820928774350822,0.0
2023-03-05,0.10216783119530004,0.5138167570810425,0.5226699625095783,0.8766266689200607,0.47502636421398436,0.5182351149790225,0.4665547271413505,0.43618023747696205,0.20450814822962027,0.005390373003108823,0.17583265918732124,0.1811099069219256,0.8835108157510885,0.0
2023-03-12,0.10295637051026493,0.5150951287937825,0.5226699625095783,0.8766266689200607,0.47502636421398436,0.47502636421398436,0.5182351149790225,0.4665547271413505,0.20617462325165942,0.0,0.17734212476257566,0.18356688891086886,0.8861424131341848,0.0
2023-03-19,0.10330277161418297,0.5155824255255869,0.5226699625095783,0.8654675732982376,0.47502636421398436,0.47502636421398436,0.47502636421398436,0.5182351149790225,0.20759112702039267,0.004684608573281901,0.17876102240331482,0.19301684786008313,0.8878607621103619,-0.029914556571523126
2023-03-26,0.10039605455976953,0.5103416858072967,0.4608354467560001,0.5834612853695994,0.4346474043025353,0.47502636421398436,0.47502636421398436,0.47502636421398436,0.20792442202480055,0.00903460224847219,0.18009478618560965,0.18938483261382288,0.8866938709748472,-0.00524935588614379
2023-04-02,0.09737601228013931,0.504918758791123,0.45047750427193867,0.5348395115887988,0.46794073249550167,0.4346474043025353,0.47502636421398436,0.47502636421398436,0.2087576595358201,0.020518197775624497,0.18075142641834427,0.18353085160247515,0.885738829436885,-0.05406722127027582
2023-04-09,0.08979730681973463,0.4914002521762525,0.356195495833625,0.3288091176543301,0.40204590217784747,0.46794073249550167,0.4346474043025353,0.47502636421398436,0.2074411442684092,0.052213816830341375,0.20099041877489504,0.1960162012763551,0.8820497865299874,0.0
2023-04-16,0.08373813510751463,0.48052316705054293,0.356195495833625,0.3823641713271794,0.47502636421398436,0.40204590217784747,0.46794073249550167,0.4346474043025353,0.20687454276091588,0.08513032662825842,0.20039186134137155,0.1976841585571049,0.8838642669174192,0.08004270767353636
2023-04-23,0.08644568509137973,0.4853780624432497,0.5034008657233254,0.8304471846012175,0.5830687908709207,0.47502636421398436,0.40204590217784747,0.46794073249550167,0.20754113276973157,0.08124235118882259,0.19909811605124342,0.21605132280515532,0.8862435193459719,-0.03125254350410454
2023-04-30,0.08548087917687217,0.483638723877927,0.4470092239777118,0.6512139792916017,0.4328413765052128,0.5830687908709207,0.47502636421398436,0.40204590217784747,0.20682454851025467,0.077632088280775,0.1979761007643449,0.21794246359372815,0.8849697781468476,0.015748356968139112
2023-05-07,0.08615415833427723,0.4848350448800305,0.47351725122547805,0.7506429075351044,0.4962836498824946,0.4328413765052128,0.5830687908709207,0.47502636421398436,0.20634127075386333,0.06818392733402356,0.19677898589729786,0.21142720481228736,0.886138135286384,0.0
2023-05-14,0.08660173409738331,0.48562409809642765,0.47351725122547805,0.7658586421473021,0.47502636421398436,0.4962836498824946,0.4328413765052128,0.5830687908709207,0.2058913224979128,0.05941063502632579,0.1956297556249327,0.20124166261553447,0.8894306361218561,0.020619287202735825
2023-05-21,0.08886928371493102,0.48965142439193043,0.5105260856477706,0.889384229590416,0.5028584789695979,0.47502636421398436,0.4962836498824946,0.4328413765052128,0.206241282252541,0.04399200843054851,0.16804822908816877,0.19867642421805082,0.8937325167755021,0.0497615095590638
2023-05-28,0.09553975911764062,0.5014176669819868,0.5914367528466717,0.8172043010752696,0.5421949346326873,0.5028584789695979,0.47502636421398436,0.4962836498824946,0.20752446801951113,0.05486038247706959,0.16866831736462481,0.20263576099992844,0.8966645248187692,-0.019608471388376424
2023-06-04,0.09857712691758899,0.5066770795686726,0.5464665034705086,0.7329564349850353,0.44855865849275817,0.5421949346326873,0.5028584789695979,0.47502636421398436,0.20795775152524132,0.06495244409169629,0.17051239100010768,0.19473244269251005,0.8939247795980114,0.11668232008019801
2023-06-11,0.11324725894444604,0.5318714845892094,0.697735065422762,0.896107261562729,0.6325252966694385,0.44855865849275817,0.5421949346326873,0.5028584789695979,0.2104741288085204,0.10438874019535438,0.17228270169017115,0.2218574724759844,0.9010144711780426,0.1256812776806235
2023-06-18,0.1395667742746478,0.5754227513819045,0.8038591850683238,0.9140893470790381,0.6446721773134363,0.6325252966694385,0.44855865849275817,0.5421949346326873,0.21552354812529895,0.16009974142647787,0.17596877759069868,0.2528349227916486,0.9069626022494246,0.08415830800722347
2023-06-25,0.17080964204439728,0.624200810356586,0.8555601915339969,0.914089347079038,0.5886240682987565,0.6446721773134363,0.6325252966694385,0.44855865849275817,0.22245608421698176,0.22157096785744734,0.18310346184054258,0.27415551180816133,0.9121056327515489,0.10178269430994238
2023-07-02,0.20925732216364779,0.6800590099557838,0.904440315812498,0.8542667458304098,0.6124136366408401,0.5886240682987565,0.6446721773134363,0.6325252966694385,0.23237161059811456,0.29009485674635865,0.19374133397923565,0.30773873175106825,0.9253958003575056,0.0
2023-07-09,0.23789734125777962,0.7175046487982348,0.904440315812498,0.7553932798778162,0.47502636421398436,0.6124136366408401,0.5886240682987565,0.6446721773134363,0.2423704607303494,0.3577856325654148,0.21039763819282437,0.3651156575390146,0.932677754760046,-0.003231020581446532
2023-07-16,0.2580264365680581,0.7405609599657801,0.8958813736108134,0.7501034109711088,0.4706651011539967,0.47502636421398436,0.6124136366408401,0.5886240682987565,0.2531192246225018,0.42064135296882393,0.23051242852932557,0.3591164518749695,0.9291689582492509,-0.034236391792655384
2023-07-23,0.2665535549940746,0.7468844321419641,0.8082560176193382,0.6914817060844959,0.4288137490143231,0.4706651011539967,0.47502636421398436,0.6124136366408401,0.2630014215031939,0.45734975630729197,0.24781114821871664,0.37422405611400233,0.9233770407211577,-0.0643152819358404
2023-07-30,0.26178971981999666,0.7358530561769611,0.6732956449542399,0.5691499708227973,0.3882129700467776,0.4288137490143231,0.4706651011539967,0.47502636421398436,0.2700839403468601,0.47086443403360895,0.2626880471515929,0.39486960023262535,0.9166718747861452,0.024692612590371414
2023-08-06,0.25947924157124547,0.7283659877697068,0.6949874972844373,0.6035333509560316,0.5083566932633774,0.3882129700467776,0.4288137490143231,0.4706651011539967,0.27824966795485195,0.4834137776366177,0.27096565830552266,0.3872965341532824,0.9201326055913129,0.06344907773534081
2023-08-13,0.2650228666491934,0.7309135373646602,0.746923380275155,0.7110902842861608,0.5606705475121122,0.5083566932633774,0.3882129700467776,0.4288137490143231,0.2877319108302546,0.502556857408077,0.27096565830552266,0.3849514816135532,0.9255159646215739,-0.02650917324505319
2023-08-20,0.26324403550660813,0.724340119560794,0.6936293676734324,0.6636051233989382,0.439244023894535,0.5606705475121122,0.5083566932633774,0.3882129700467776,0.29654756369684165,0.5071601135584687,0.2819463882010981,0.4017979644224278,0.9203609176930427,0.08986157591803595
2023-08-27,0.27376567700922727,0.7327144442766566,0.7639678677928564,0.823949980908744,0.596322394890506,0.439244023894535,0.5606705475121122,0.5083566932633774,0.3073629865898756,0.5194642011218817,0.2845300893529982,0.4097212301512272,0.9227642029744093,-0.06794107018041393
2023-09-03,0.2690809776369429,0.7227559482904061,0.6420904414279597,0.6865258452887323,0.3833188457489631,0.596322394890506,0.439244023894535,0.5606705475121122,0.3155620436983081,0.5213256756703639,0.2845300893529982,0.4278312618386199,0.9203489012666359,0.0
2023-09-10,0.26324607085624474,0.7118406473829356,0.6420904414279598,0.6865258452887323,0.47502636421398436,0.3833188457489631,0.596322394890506,0.439244023894535,0.32409439581114846,0.5064008210939028,0.35407471202497576,0.4358249805432659,0.9212005174225145,-0.00131492458130914
2023-09-17,0.25637630833158553,0.700128013231872,0.6397834752067674,0.6352146310210264,0.47325146620310077,0.47502636421398436,0.3833188457489631,0.596322394890506,0.3305103246459991,0.4925420275586178,0.3526752072343632,0.41705521207090435,0.9185569036130115,-0.022622388562617612
2023-09-24,0.24557099716156888,0.6842786028365322,0.5996395618802334,0.47938907980145096,0.44449044372700885,0.47325146620310077,0.47502636421398436,0.3833188457489631,0.33382660993985697,0.46478923710048,0.3513036925395629,0.4183744623394974,0.9164179797125952,-0.0006731740409044372
2023-10-01,0.23510856388387757,0.6692920120795874,0.5984295345449767,0.40494631697024736,0.47411770733497904,0.44449044372700885,0.47325146620310077,0.47502636421398436,0.3352431137085902,0.44460128013081285,0.3499596081386586,0.41518811080065315,0.9146275321779772,0.022637451358972934
2023-10-08,0.22853733539946064,0.6591963774117781,0.6243393154533335,0.4854619589409397,0.505582616610234,0.47411770733497904,0.44449044372700885,0.47325146620310077,0.33472650645175817,0.4258553200875505,0.34864240542577235,0.39292961360169454,0.9157975115350785,-0.043046322990179894
2023-10-15,0.21528031030837436,0.6417060953891409,0.5448809441154742,0.4091638029782363,0.4169220180506054,0.505582616610234,0.47411770733497904,0.44449044372700885,0.33314335518082094,0.39168564894080476,0.3473515467671439,0.3846679861874779,0.9130097006086934,-0.0034423441909729015
2023-10-22,0.2028418300427626,0.6255139525574133,0.5388762588695568,0.39465444826269586,0.47037985448697667,0.4169220180506054,0.505582616610234,0.47411770733497904,0.3315602039098838,0.35995666859025505,0.346086505281688,0.3687251569320182,0.9091524277321001,0.033901551675681416
2023-10-29,0.19669165472416128,0.6168868678155371,0.582939047267507,0.5397479954180988,0.5207870089614776,0.47037985448697667,0.4169220180506054,0.505582616610234,0.3316768571614265,0.330687714371854,0.34484676462594127,0.35419681179764284,0.9107265795913951,0.013245226750020505
2023-11-05,0.1925354401537413,0.6107379218758252,0.5998602590778954,0.5366812454441321,0.49290490032660905,0.5207870089614776,0.47037985448697667,0.4169220180506054,0.3336766271878735,0.3139791817077571,0.34363181878330934,0.34208475861562315,0.913394226253712,0.0355449374194115
2023-11-12,0.19349214807041684,0.6105524491254833,0.6440593498638109,0.7197553914008177,0.5230052670495247,0.49290490032660905,0.5207870089614776,0.47037985448697667,0.3360096922187283,0.2984641156625244,0.34244117185753015,0.34738048825969314,0.9163142178705722,0.0
2023-11-19,0.19293855844849417,0.6086580823238658,0.6440593498638109,0.7197553914008177,0.47502636421398436,0.5230052670495247,0.49290490032660905,0.5207870089614776,0.3367762707288663,0.28405726862052255,0.3412743378702665,0.3467837394438716,0.9220220204138176,0.07637297878457396
2023-11-26,0.2037199183467523,0.6194104476006577,0.7302424225476222,0.8610986602918477,0.5781153550632057,0.47502636421398436,0.5230052670495247,0.49290490032660905,0.3402925330253688,0.29252385712108087,0.28409947249434814,0.3724221228129987,0.9269006895349916,-0.0637545148253625
2023-12-03,0.20023713506959614,0.6141502597873799,0.5924062287316673,0.5828975546590968,0.3889698989559362,0.5781153550632057,0.47502636421398436,0.5230052670495247,0.33972593151787556,0.3003856893001708,0.28558510065669074,0.37279379184317,0.9252664555436624,0.05785479269817419
2023-12-10,0.2056375066465892,0.6186833562021747,0.6556490341001133,0.8346033168982521,0.553119327065007,0.3889698989559362,0.5781153550632057,0.47502636421398436,0.3425256095549013,0.30768596203789705,0.28704101625578643,0.37038180705710017,0.9264210058092572,-0.03614851411631098
2023-12-17,0.20242128851783342,0.6137998223172556,0.5877208108551921,0.6570017182130589,0.42623274767244884,0.553119327065007,0.3889698989559362,0.5781153550632057,0.34432540257870353,0.2913486898746916,0.2884678135429002,0.3805490840262801,0.9216504845257448,0.07103577311675174
2023-12-24,0.21050800126650532,0.6210729934085557,0.6615299455694325,0.9140893470790381,0.5709111428535116,0.42623274767244884,0.553119327065007,0.3889698989559362,0.3481582951293935,0.294292955650813,0.2898660748842717,0.3844759148694892,0.9239456219694498,0.09270939810426754
2023-12-31,0.23236289931085224,0.6423065219504435,0.7405903472879541,0.9140893470790381,0.6001664130232115,0.5709111428535116,0.42623274767244884,0.553119327065007,0.35539079672504337,0.3177359835647987,0.2928650372285499,0.4019077879371856,0.9290285703395399,-0.07571182173569636
2024-01-07,0.23372621101198426,0.6417760341616097,0.6090407210527524,0.6474799541809856,0.37282980959085155,0.6001664130232115,0.5709111428535116,0.42623274767244884,0.3603068980400588,0.2894246462308755,0.29937968898342554,0.4553154585973526,0.9190309035690554,0.011173300598125255
2024-01-14,0.23503458534548288,0.6411861394516499,0.6192387598374753,0.6855670103092786,0.49010819422044194,0.37282980959085155,0.6001664130232115,0.5709111428535116,0.3649896928519887,0.2631355472779468,0.3055034616330086,0.4594160461708004,0.9225997822118845,-0.01680711831638129
2024-01-21,0.23128023839146766,0.6355574184065597,0.5921943259430256,0.6223587043942387,0.4523399521623286,0.49010819422044194,0.37282980959085155,0.6001664130232115,0.3702390891714121,0.24326115525406777,0.31125980792361674,0.4852805828588339,0.9176490145322697,-0.008510689667908506
2024-01-28,0.22510358717333562,0.6276739249052354,0.5783455707381226,0.5862094725832965,0.4635385523823894,0.4523399521623286,0.49010819422044194,0.37282980959085155,0.3753218379886314,0.23565443948220194,0.3166707734367884,0.514811864697323,0.9125059840301454,-0.04367506350266153
2024-02-04,0.21109378568186854,0.6122047851546437,0.5112509486702127,0.4154951577631993,0.4160733379811717,0.4635385523823894,0.4523399521623286,0.49010819422044194,0.37832149302830187,0.22859106055118367,0.3174722790397244,0.5243125800772171,0.9106434379370864,0.0
2024-02-11,0.19861370991269472,0.5985087855091574,0.5112509486702127,0.4154951577631993,0.47502636421398436,0.4160733379811717,0.4635385523823894,0.4523399521623286,0.3809878530635645,0.2297096725281269,0.4014425664764775,0.5303775669016042,0.9126141318678068,0.0
2024-02-18,0.18747436028798656,0.586353496825104,0.5112509486702127,0.39175257731958796,0.47502636421398436,0.47502636421398436,0.4160733379811717,0.4635385523823894,0.3827376518367055,0.23074838364957412,0.399698568198945,0.5360093403813923,0.9133720679634177,-0.05505977718302743
2024-02-25,0.16850379719021696,0.5664668835330663,0.42954683892896484,0.37057676232933984,0.40070614053655274,0.47502636421398436,0.47502636421398436,0.4160733379811717,0.38298762309001144,0.2477707930047855,0.39798944988696305,0.582595434752488,0.9079166103747158,0.006269613013595395
2024-03-03,0.15362339461742555,0.5508140786085343,0.43846119398745065,0.38704684065508826,0.48348914894325096,0.40070614053655274,0.47502636421398436,0.47502636421398436,0.3813211480679723,0.26357731597748174,0.3933477274195285,0.5417622170888772,0.9089904703369889,0.0
2024-03-10,0.14111615721546997,0.5376479279796957,0.43846119398745065,0.38704684065508826,0.47502636421398436,0.48348914894325096,0.40070614053655274,0.47502636421398436,0.3814044718190743,0.2782548015949854,0.38889167385079126,0.5010885518014382,0.9095351388967313,-0.08474122845509068
2024-03-17,0.11759837062698705,0.5130826213684794,0.32942092720453064,0.1729358224203584,0.3606418284294103,0.47502636421398436,0.48348914894325096,0.40070614053655274,0.37773822677058816,0.3067279889430429,0.38461386242480355,0.507433844774195,0.9047766340396257,0.05299253014051038
2024-03-24,0.10674212390657356,0.5016145901038637,0.4062132689341067,0.3046964490263461,0.5465561976926752,0.3606418284294103,0.47502636421398436,0.48348914894325096,0.37640504675295683,0.32259120663189145,0.38050716345585534,0.4912690543076369,0.9059696609025752,0.025479085300984968
2024-03-31,0.10192578981240961,0.4964917257102701,0.44155272912236865,0.37057676232933984,0.5094182817906011,0.5465561976926752,0.3606418284294103,0.47502636421398436,0.3737386867176942,0.3291091991815147,0.376564732445665,0.4652304676180599,0.9068207843849712,0.0
2024-04-07,0.09789265284020499,0.4922002873841653,0.44155272912236876,0.38805679828827094,0.47502636421398436,0.5094182817906011,0.5465561976926752,0.3606418284294103,0.36823931914496505,0.3493881361444568,0.37277999867588235,0.4727584993040149,0.907673974692709,0.0
2024-04-14,0.09451909352164034,0.4886094136509535,0.44155272912236876,0.3993594234811332,0.47502636421398436,0.47502636421398436,0.5094182817906011,0.5465561976926752,0.36507301660309077,0.3682185776100459,0.369146654256891,0.47974881444097306,0.9079795163669556,-0.10256916702055582
2024-04-21,0.07618595872365815,0.4690471748213821,0.31179235827261453,0.1347079037800687,0.336577503259905,0.47502636421398436,0.47502636421398436,0.5094182817906011,0.35899038277264794,0.3857039875423786,0.36565864361465933,0.4862398213538629,0.9072221089941066,0.09309042306601203
2024-04-28,0.0758694201747036,0.4687060349004471,0.43899090433705634,0.4922019561194819,0.6006807242288199,0.336577503259905,0.47502636421398436,0.47502636421398436,0.35574075647967157,0.3735197951045552,0.36231015339811684,0.49778139697257573,0.9094571643057774,0.0
2024-05-05,0.07565870272809296,0.46847845272187244,0.43899090433705634,0.609392898052692,0.47502636421398436,0.6006807242288199,0.336577503259905,0.47502636421398436,0.35274110144000115,0.36220590212657616,0.35909560279023606,0.5029843622760654,0.9098730287908651,0.0
2024-05-12,0.0755332948909723,0.4683425070919547,0.43899090433705634,0.609392898052692,0.47502636421398436,0.47502636421398436,0.6006807242288199,0.336577503259905,0.35099130266686007,0.3517001443613101,0.3560096342066706,0.5078156872007341,0.9101331123240145,0.0
2024-05-19,0.07547615421612573,0.468279963610492,0.43899090433705634,0.7678350515463924,0.47502636421398436,0.47502636421398436,0.47502636421398436,0.6006807242288199,0.349241503893719,0.3419447978649915,0.3530471043664477,0.5123019174879266,0.910492115079345,-0.055479152320228646
2024-05-26,0.06696504318487394,0.45907378129830945,0.3628872030707908,0.4570446735395194,0.40014006389047513,0.47502636421398436,0.47502636421398436,0.47502636421398436,0.34607520135184466,0.31820797347445456,0.3502030757198337,0.5164677027546055,0.9095770281591855,-0.05164658886216681
2024-06-02,0.05292839761177158,0.44370523624019576,0.3053444181491771,0.2509264874334618,0.40531329538602334,0.40014006389047513,0.47502636421398436,0.47502636421398436,0.34315887006327617,0.30760735639062997,0.34747280821908433,0.5175788259024354,0.9071857593042258,0.02787636952825487
2024-06-09,0.04623355987284861,0.43623955257023556,0.3483644083541987,0.3943130516811541,0.512654159396804,0.40531329538602334,0.40014006389047513,0.47502636421398436,0.3407424812813194,0.2896173503616081,0.3432828529028151,0.4896609698132298,0.9092285517933874,0.03045920748470844
2024-06-16,0.04586762212026012,0.43574516186864054,0.3946347634956745,0.5783014236622486,0.5161404992344698,0.512654159396804,0.40531329538602334,0.40014006389047513,0.33907600625928025,0.2641271056673276,0.3393442949055221,0.4664943523301965,0.9108868186375303,-0.0033389012655147096
2024-06-23,0.04545962553225345,0.4352002339170309,0.3901804266469563,0.5596465390279822,0.4705194827555827,0.5161404992344698,0.512654159396804,0.40531329538602334,0.3394926250147901,0.2404575927369244,0.3356420503880666,0.4353326221395068,0.9088800754275893,-0.013468217050866593
2024-06-30,0.043521895716517184,0.43293657497881266,0.37171367276072453,0.4850270004909182,0.4568468336207302,0.4705194827555827,0.5161404992344698,0.512654159396804,0.33824276874826076,0.23981484124519925,0.3321619405416585,0.4422391081884151,0.906741151527173,0.0
2024-07-07,0.042409646929358384,0.4315812384177009,0.37171367276072453,0.4850270004909182,0.47502636421398436,0.4568468336207302,0.4705194827555827,0.5161404992344698,0.3363263224729157,0.23921800057431153,0.32889063728603485,0.4417595087343288,0.9074250904689708,0.0
2024-07-14,0.04195681773766319,0.43095889620475114,0.37171367276072453,0.5166591961751086,0.47502636421398436,0.47502636421398436,0.4568468336207302,0.4705194827555827,0.33440987619757073,0.2386637913799159,0.3258156122257486,0.44131416638410587,0.9085869106725418,0.0
2024-07-21,0.042025788276791695,0.4309226454310918,0.37171367276072453,0.5166591961751086,0.47502636421398436,0.47502636421398436,0.47502636421398436,0.4568468336207302,0.3324934299222257,0.23204555209690014,0.32292508866907954,0.40781536186129347,0.9100889639733958,0.0
2024-07-28,0.04250279027979454,0.4313497646569437,0.37171367276072453,0.5166591961751086,0.47502636421398436,0.47502636421398436,0.47502636421398436,0.47502636421398436,0.3331600199310414,0.2259000441912427,0.32020799652581067,0.3767093290901105,0.9108540738755717,-0.07020425867324857
2024-08-04,0.033284501250276995,0.42069485662473116,0.2655091085512431,0.15897206036157194,0.38026397187156735,0.47502636421398436,0.47502636421398436,0.47502636421398436,0.3298270698869631,0.2417957052514083,0.3176539299111379,0.3864246401997897,0.9098206852374369,0.0
2024-08-11,0.026584776092962337,0.412766790819581,0.2655091085512431,0.20893470790378035,0.47502636421398436,0.38026397187156735,0.47502636421398436,0.47502636421398436,0.32649411984288484,0.2565559619501336,0.31428058634395467,0.3568465161187142,0.9118033955945642,0.0
2024-08-18,0.02193463488289838,0.4070978339911718,0.2655091085512431,0.22159741747370637,0.47502636421398436,0.47502636421398436,0.38026397187156735,0.47502636421398436,0.32316116979880655,0.2702619145989498,0.3111771102621461,0.32938111518628693,0.9126804144758669,-0.056089466651043585
2024-08-25,0.011436132711603805,0.3944021017476976,0.19583492609935335,0.21094369547977793,0.3993162556605775,0.47502636421398436,0.47502636421398436,0.38026397187156735,0.31857836348819896,0.2997589642888618,0.30832191226688227,0.3410984599891962,0.910313178473721,0.0
2024-09-01,0.003982375816870207,0.3850553527311333,0.19583492609935318,0.21094369547977793,0.47502636421398436,0.3993162556605775,0.47502636421398436,0.47502636421398436,0.31541206094632457,0.3271490818580658,0.3029930044937412,0.3285434503507367,0.9122478231252209,0.007662872745569097
2024-09-08,0.0,0.3797105327077297,0.21567359533100958,0.24610097805974082,0.4853697845037044,0.47502636421398436,0.3993162556605775,0.47502636421398436,0.3136622621731835,0.3479262187541928,0.29819698749791435,0.3072353560157227,0.9150236176251992,0.1968465990237478
2024-09-15,0.026308979571571058,0.4109047605348233,0.5716951524974879,0.9140893470790381,0.7407318214110821,0.4853697845037044,0.47502636421398436,0.3993162556605775,0.3159953272040383,0.3166379244338787,0.25503283453547204,0.36189113118496474,0.9254178264671092,-0.012618463959211462
2024-09-22,0.04552159456417253,0.43341972326868855,0.5484819873238148,0.6063761015276788,0.45799383862281123,0.7407318214110821,0.4853697845037044,0.47502636421398436,0.3172451834705676,0.30750827617887844,0.25656152438367963,0.38093620308727005,0.9191452518827428,0.0
2024-09-29,0.06095734015565314,0.45134189288960375,0.5484819873238148,0.6063761015276788,0.47502636421398436,0.45799383862281123,0.7407318214110821,0.4853697845037044,0.3185783634881989,0.2990307456563781,0.26084960706211646,0.3517501102285173,0.9202420752358792,-0.042145621450763504
2024-10-06,0.06675189447732305,0.45801638394943767,0.4720639262657218,0.48872103705215897,0.41813779376385457,0.47502636421398436,0.45799383862281123,0.7407318214110821,0.31916162974591256,0.2688832392991635,0.26496616643341586,0.38116941186987047,0.9171418372229164,0.04214562145076353
2024-10-13,0.07793917335618411,0.47084855743479714,0.5332319763827272,0.6063761015276788,0.5319149346641142,0.41813779376385457,0.47502636421398436,0.45799383862281123,0.32082810476795176,0.24088912625317854,0.26891806342986324,0.3698878504253492,0.9179498818166438,0.0
2024-10-20,0.08671783135095071,0.48082978715228014,0.5332319763827272,0.6063761015276788,0.47502636421398436,0.5319149346641142,0.41813779376385457,0.47502636421398436,0.32249457978999085,0.21489459271047817,0.2727118845464528,0.34149092561387656,0.9187774771361352,-0.02247285585205863
2024-10-27,0.09000601326581975,0.4845390758631613,0.4903684853035155,0.543023374502399,0.44469228443658704,0.47502636421398436,0.5319149346641142,0.41813779376385457,0.3235777885543163,0.2115529060498842,0.2763539528183787,0.3578574960144161,0.9165063725452439,-0.02965620958288808
2024-11-03,0.08795411418545192,0.4822144586678392,0.438528581032014,0.461569868327039,0.43499612358481504,0.44469228443658704,0.47502636421398436,0.5319149346641142,0.32391108355872417,0.20844991129361834,0.27985033835942763,0.34272685935996927,0.915574642874511,-0.058536502452572796
2024-11-10,0.07773795927558011,0.47062196001413814,0.35352749176069664,0.3077132455513593,0.3960132228947203,0.43499612358481504,0.44469228443658704,0.47502636421398436,0.3244943498164379,0.2155899650228995,0.2832068684788346,0.33970540658004184,0.9144997494995669,0.05182506786458595
2024-11-17,0.07725699166392808,0.470073385498605,0.4357071287161801,0.44346908917695904,0.5449803457382939,0.3960132228947203,0.43499612358481504,0.44469228443658704,0.3263274723406809,0.20874844843741386,0.28642913739346526,0.3341426658274516,0.9160258356532347,0.03636764417087479
2024-11-24,0.08240688108379561,0.4759322975318563,0.4888557879204203,0.543023374502399,0.5241157646381079,0.5449803457382939,0.3960132228947203,0.43499612358481504,0.32907715612704547,0.19322558122730316,0.28952251555151065,0.32346305164330275,0.9182608909649055,0.0
2024-12-01,0.08640447659385087,0.4804579125642028,0.4888557879204203,0.5355270922281234,0.47502636421398436,0.5241157646381079,0.5449803457382939,0.3960132228947203,0.3330766961799394,0.17881149024648607,0.2924921585832343,0.29838218388769056,0.9190783083712303,-0.06021885999305484
2024-12-08,0.08044513699134176,0.4737026839702997,0.39614709346603216,0.3081200046333837,0.3937423602957234,0.47502636421398436,0.5241157646381079,0.5449803457382939,0.3355764087129981,0.18465583152787152,0.3637635913446011,0.31644939711162884,0.9160862181959291,0.0
2024-12-15,0.0757612766473121,0.4683692113900392,0.39614709346603216,0.2869815391992329,0.47502636421398436,0.3937423602957234,0.47502636421398436,0.5241157646381079,0.33790947374385283,0.19008271986058656,0.36223490149639354,0.2918695046797076,0.917444074379901,0.033901551675681416
2024-12-22,0.077134869682035,0.46993524522695884,0.45125920135292785,0.28323895261604,0.5207870089614776,0.47502636421398436,0.3937423602957234,0.47502636421398436,0.33632632247291566,0.1951219733123934,0.36073678544515014,0.29661637913378525,0.9202799510119135,0.06140862812864342
2024-12-29,0.08774296931406195,0.48196716159287983,0.540869074916608,0.8923253150057273,0.5579163287533224,0.5207870089614776,0.47502636421398436,0.3937423602957234,0.33665961747732354,0.18160523719934402,0.3592686317149316,0.2996456381126714,0.9231278440703328,0.06375451482536251
2025-01-05,0.10646614500143771,0.5028795813788465,0.6198490972684311,0.9140893470790381,0.5610828294720326,0.5579163287533224,0.5207870089614776,0.47502636421398436,0.33874271125487243,0.1615828204598237,0.3578298410593175,0.3052156274785805,0.9277421518105565,0.014598799421152631
2025-01-12,0.12332628642926008,0.5212920441954566,0.6366371368628221,0.9140893470790381,0.49473196590567586,0.5610828294720326,0.5579163287533224,0.5207870089614776,0.34232563255225656,0.14670061184885919,0.28732909893422326,0.30211644237609464,0.9357691246503206,-0.05053080864721612
2025-01-19,0.12752415559567606,0.5256699401303201,0.5401118837257654,0.682156229163461,0.4068193863909748,0.49473196590567586,0.5610828294720326,0.5579163287533224,0.34340884131658206,0.1302823379980752,0.2887716654107008,0.3033742866806299,0.9343151370550938,0.024097551579060524
2025-01-26,0.13426552447051954,0.5327045223413418,0.570564392373831,0.7913012258296154,0.5075534741127562,0.4068193863909748,0.49473196590567586,0.5610828294720326,0.34515864008972313,0.1165885452130952,0.2901853805576488,0.3252205801762017,0.9369347180117833,0.21837027256155192
2025-02-02,0.1799581292231433,0.5800488339134107,0.7693161020396901,0.914089347079038,0.7697846856530159,0.5075534741127562,0.4068193863909748,0.49473196590567586,0.3543242527109383,0.133978473510578,0.29157082140165785,0.4130555218314866,0.9475091732497959,-0.04401688541677421
2025-02-09,0.20559968116248367,0.604930065919732,0.6891862430527705,0.796563573883162,0.41561194343120367,0.7697846856530159,0.5075534741127562,0.4068193863909748,0.36273995157223593,0.15012626407252633,0.2974297885240607,0.438095865501199,0.9373793257888361,-0.01005033585350145
2025-02-16,0.22224618388948086,0.6199619450203151,0.6719071413978016,0.7704467353951895,0.4614603229606284,0.41561194343120367,0.7697846856530159,0.5075534741127562,0.37223885919785904,0.16512064102290697,0.3030543969615674,0.4323979998965987,0.9339546442628889,-0.049169023806469696
2025-02-23,0.2241484262403276,0.6203331108881719,0.5929255386460497,0.6463917525773202,0.40865753683659645,0.4614603229606284,0.41561194343120367,0.7697846856530159,0.3789047592860155,0.16092645639542363,0.3084540210615739,0.45192107894767397,0.9321041145962367,0.005291017634415459
2025-03-02,0.22498723444294688,0.6196717077604325,0.5980007412640418,0.659450171821306,0.48216823136618575,0.40865753683659645,0.4614603229606284,0.41561194343120367,0.3848207456142544,0.15703185638418904,0.31363766019758005,0.4218002968557359,0.9346996627001125,-0.010610179112015459
2025-03-09,0.2219804473103425,0.6154068757670337,0.5808684103050438,0.6333333333333336,0.4607046410758515,0.48216823136618575,0.40865753683659645,0.4614603229606284,0.3904034369380855,0.13881037798909868,0.318613953768146,0.4158878474259112,0.9318157203624726,0.007968169649176881
2025-03-16,0.21949833299905674,0.6117315620578705,0.5895685799515893,0.649135913143085,0.4857818772386374,0.4607046410758515,0.48216823136618575,0.40865753683659645,0.3977359270350577,0.12189043376508613,0.32339119559588936,0.3883408675855276,0.9336662500291248,-0.04601623728670668
2025-03-23,0.2074460354573987,0.5992273688235474,0.515009815537119,0.5365307037203051,0.4129131987979058,0.4857818772386374,0.4607046410758515,0.48216823136618575,0.4036519133632967,0.12102262733365954,0.3279773477505229,0.4096323316446362,0.9316595068191839,0.0747013852855653
2025-03-30,0.21055453946842728,0.6010357303498106,0.5976948013740421,0.668639429807815,0.5758590218722613,0.4129131987979058,0.4857818772386374,0.4607046410758515,0.41106772721137086,0.11202465784957483,0.3323800538189711,0.4169959997147064,0.9338585128516342,-0.03932354620391441
2025-04-06,0.2039852333582671,0.5938874641283307,0.5364875054842886,0.538202138934387,0.42194705842693464,0.5758590218722613,0.4129131987979058,0.4857818772386374,0.4156505335219784,0.1156723440073607,0.33660665164468145,0.43761922163591666,0.9313470797326062,-0.005361943141385287
2025-04-13,0.19641466089239,0.585947907939835,0.5284474186711519,0.521116356745994,0.46778876112146284,0.42194705842693464,0.5758590218722613,0.4129131987979058,0.418316893557241,0.11905948115387616,0.34066418555736333,0.423684083936578,0.9301334206655162,0.0
2025-04-20,0.18914684860240494,0.5784166387250029,0.5284474186711519,0.521116356745994,0.47502636421398436,0.46778876112146284,0.42194705842693464,0.5758590218722613,0.42056663483699386,0.12220467993278333,0.34455941811353796,0.3914445710171604,0.9307373181910179,0.20578953662105817
2025-04-27,0.2247396016532906,0.6097407433542886,0.7260491352818211,0.9140893470790381,0.752803085709084,0.47502636421398436,0.46778876112146284,0.42194705842693464,0.43131539872914626,0.13021825619373995,0.3482988413674656,0.4786848866549346,0.9385600117818658,0.09789287717716391
2025-05-04,0.27448883231755516,0.6514121659506272,0.7899598019618358,0.9140893470790381,0.6071631235773489,0.752803085709084,0.47502636421398436,0.46778876112146284,0.445313788914275,0.154698587419156,0.356202719476224,0.5183371607501468,0.9421769561303224,0.09998897185591547
2025-05-11,0.33776523893655697,0.7009288522534867,0.8432952798182104,0.9057032062801479,0.6099924525965356,0.6071631235773489,0.752803085709084,0.47502636421398436,0.4568957903174469,0.19218684637117406,0.37015671184384463,0.5551571295528439,0.9572215219916765,0.0
2025-05-18,0.3843934862937657,0.7334693650427946,0.8432952798182104,0.9057032062801479,0.47502636421398436,0.6099924525965356,0.6071631235773489,0.752803085709084,0.46997761924045406,0.22699737254090507,0.3921247848730461,0.513526684803693,0.9610427455890493,0.0
2025-05-25,0.41744692799165267,0.7533735752582824,0.8432952798182104,0.9057032062801479,0.47502636421398436,0.47502636421398436,0.6099924525965356,0.6071631235773489,0.4833927431678692,0.2593214325556553,0.41189605059932743,0.4748698432509101,0.9649841334504904,0.132633323412838
2025-06-01,0.4790258354300524,0.7914232532029006,0.905643745143513,0.9140893470790381,0.6540561163750929,0.47502636421398436,0.47502636421398436,0.6099924525965356,0.5049735947032759,0.3059840052543644,0.4296901897529807,0.5478798927868722,0.9707760509785835,0.18859116980754997
2025-06-08,0.5887772759478064,0.8561719364878895,0.9648776578098021,0.9140893470790382,0.729588562624155,0.6540561163750929,0.47502636421398436,0.47502636421398436,0.5373865338819371,0.36528237456580387,0.4588551094737416,0.6887382485364061,0.9782142189244128,0.06551460711062677
2025-06-15,0.6949818493626486,0.9096887009067033,0.9803863811215,0.7932043428457597,0.5634586191868897,0.729588562624155,0.6540561163750929,0.47502636421398436,0.5744656031223078,0.4290717932063092,0.5086922592566868,0.8098854220616718,0.989389495482767,0.07061756721395342
2025-06-22,0.8012010449194493,0.9551220429499914,0.9953407535076558,0.892561880571742,0.5703466444514226,0.5634586191868897,0.729588562624155,0.6540561163750929,0.6162941261754901,0.4878377186114646,0.5792059008329966,0.8341518331415182,0.998858439491351,-0.004555816535860802
2025-06-29,0.8741907001814145,0.9768814862601958,0.9846485886959649,0.8854186480009133,0.4688768786675211,0.5703466444514226,0.5634586191868897,0.729588562624155,0.6592058579929977,0.541905141037264,0.6384373597570968,0.8580634821584189,0.9938235568268882,0.07051378432765813
2025-07-06,0.9543464531857289,0.9983167057633824,1.0,0.9140893470790381,0.5702065573003665,0.4688768786675211,0.5703466444514226,0.5634586191868897,0.7051172448501758,0.5957287845900121,0.688191785253341,0.8830242622739128,1.0,-0.019334651707455724
2025-07-13,0.9981641090377888,1.0,0.9532527336773932,0.8857210569972749,0.44892826296583227,0.5702065573003665,0.4688768786675211,0.5703466444514226,0.750778660454048,0.6457078821747069,0.7443172639077397,0.8979308114388986,0.9939437210909565,-0.04889862992147721
2025-07-20,1.0,0.9827673825716627,0.8458061362826425,0.8143119887711148,0.4090225171369498,0.44892826296583227,0.5702065573003665,0.4688768786675211,0.7929404785116382,0.6539317807444416,0.7903401564043466,1.0,0.9882359185477111,0.0
2025-07-27,0.9909442563319341,0.9620627419845208,0.8458061362826427,0.8128865979381447,0.47502636421398436,0.4090225171369498,0.44892826296583227,0.5702065573003665,0.8351022965692281,0.6615682579877666,0.8280789282515642,0.9265950645046237,0.9963229735195094,-0.05742643849982157
2025-08-03,0.9489350122330242,0.9289933382703519,0.7331707482679619,0.7074418572098463,0.3975115980332626,0.47502636421398436,0.4090225171369498,0.44892826296583227,0.8660987319791559,0.6487522176115375,0.8492840994724944,0.9259824363825995,0.9860369125152608,0.057426438499821576
2025-08-10,0.9306329720174719,0.9078735532276306,0.7708943943147002,0.7819831943543285,0.5525411303947062,0.3975115980332626,0.47502636421398436,0.4090225171369498,0.8972618148912876,0.6368516086907532,0.8764129615674454,0.9254135674121483,0.9896298240109037,-0.02071420438756322
2025-08-17,0.897581570288932,0.8820201834915063,0.7324322730220367,0.7231568463836776,0.44706612931753276,0.5525411303947062,0.3975115980332626,0.47502636421398436,0.9225089114751804,0.611057153238677,1.0,0.9772703464786525,0.9850275326970869,0.0
2025-08-24,0.8623596392387806,0.856779598213943,0.7324322730220367,0.7231568463836776,0.47502636421398436,0.44706612931753276,0.5525411303947062,0.3975115980332626,0.9477560080590732,0.5871051588903207,0.9967919044030574,0.9054889576633725,0.9865656352771613,0.0
2025-08-31,0.8258385405554598,0.8323810408681602,0.7324322730220367,0.7221545760388202,0.47502636421398436,0.47502636421398436,0.44706612931753276,0.5525411303947062,0.9730031046429662,0.5648640212811324,0.9936479707180536,0.8388348109063267,0.9877601281441326,0.0
2025-09-07,0.788715770349664,0.8089754516869723,0.7324322730220368,0.6735395189003439,0.47502636421398436,0.47502636421398436,0.47502636421398436,0.44706612931753276,0.9916676248898045,0.5442115363583149,0.9905669157067499,0.776941674631927,0.9898509863389214,0.0
2025-09-14,0.7515446565887197,0.7866559768900219,0.7324322730220368,0.42330312045942053,0.47502636421398436,0.47502636421398436,0.47502636421398436,0.47502636421398436,0.9993334099911845,0.5250342289299841,0.9875474817956723,0.7194694766628416,0.9918336966960488,-0.037919234862293726
2025-09-21,0.6987440086460909,0.7590070179040675,0.6459374881048581,0.2269886298115733,0.42384261155776304,0.47502636421398436,0.47502636421398436,0.47502636421398436,1.0,0.48128404622780124,0.9845884365628164,0.7488156165427045,0.9878202102761667,0.03559094510270253
2025-09-28,0.6653292833883883,0.7401968738166713,0.6843222855804124,0.4110334647939299,0.5230673686686741,0.42384261155776304,0.47502636421398436,0.47502636421398436,0.9981668774757572,0.4406588765757741,0.9816885722346174,0.7733084975456338,0.9924345180163904,0.013889112160667093
2025-10-05,0.638475169589699,0.7247369121462772,0.6989311707749174,0.4846513987868727,0.4937740231271394,0.5230673686686741,0.42384261155776304,0.47502636421398436,0.9976669349691455,0.4074090594317534,0.9788467051929824,0.7326384483958007,0.9949579675618252,-0.026792516996574988
2025-10-12,0.5995504744853933,0.7050071893007748,0.6372217996466542,0.3435503586337329,0.43886156373817253,0.4937740231271394,0.5230673686686741,0.42384261155776304,0.9899178261166636,0.3785957037796626,0.9760616754921801,0.758286841409223,0.9878081938497599,-0.0011813350458312055
2025-10-19,0.562622849176069,0.6866868329322552,0.6345359330115568,0.3837779701476875,0.47343178665962354,0.43886156373817253,0.4937740231271394,0.5230673686686741,0.9835852210329147,0.3551943834353884,0.973332346385394,0.764182017165841,0.9848641693800859,-0.03243527575315373
2025-10-26,0.5146683080798446,0.66443352197088,0.563218928771605,0.2941896749219904,0.4312449129923357,0.47343178665962354,0.43886156373817253,0.4937740231271394,0.9786691197178993,0.33346458597284784,0.9706576038607434,0.7448421546844961,0.9803700259039306,-0.048790164169432056
2025-11-02,0.4526152132651206,0.6368906220282335,0.4733273167660734,0.27831393179340513,0.40916892526581927,0.4312449129923357,0.47343178665962354,0.43886156373817253,0.9705033921099077,0.337664101752518,0.9680363561865859,0.8025662714306272,0.9781229541658529,0.025317807984289786
2025-11-09,0.40975153756073135,0.617584032644108,0.5109487360663024,0.4080640165455752,0.5092005880972351,0.40916892526581927,0.4312449129923357,0.47343178665962354,0.9680870033279507,0.3415636521193545,0.9605776858771137,0.7708348054024964,0.98105496220912,0.0
2025-11-16,0.37240124408196024,0.6008289737361296,0.5109487360663024,0.4080640165455752,0.47502636421398436,0.5092005880972351,0.40916892526581927,0.4312449129923357,0.9615877507419982,0.34518466317427393,0.9534173623800204,0.7137988123783704,0.9839389045467598,0.0
2025-11-23,0.339796196432134,0.5862575783644928,0.5109487360663024,0.4326276894753313,0.47502636421398436,0.47502636421398436,0.5092005880972351,0.40916892526581927,0.9565883256758808,0.3485470305824136,0.9465434518228107,0.6608368188559676,0.9851399463661228,0.0
2025-11-30,0.3112805014705106,0.5735581904191955,0.5109487360663024,0.4326276894753313,0.47502636421398436,0.47502636421398436,0.47502636421398436,0.5092005880972351,0.9515889006097633,0.3516692288899718,0.9399444976878895,0.6116578248708794,0.9862287066971402,0.0
2025-12-07,0.28629368049493337,0.5624664156210606,0.5109487360663024,0.4326276894753313,0.47502636421398436,0.47502636421398436,0.47502636421398436,0.47502636421398436,0.9465894755436459,0.3545684130327043,0.933609501718365,0.5659916161704402,0.9880191542317582,0.07232066157962608
2025-12-14,0.29438501057625116,0.5652858650402386,0.632870728947629,0.8453091102785085,0.5726454978190962,0.47502636421398436,0.47502636421398436,0.47502636421398436,0.9465894755436459,0.32405867920017833,0.9275279055876214,0.6063004603711889,0.9897855689135626,0.020714204387563235
2025-12-21,0.3072800325284726,0.5700141397942503,0.6621639978524788,0.9140893470790382,0.502986599110436,0.5726454978190962,0.47502636421398436,0.47502636421398436,0.9480893030634814,0.29066250723886716,0.7815695984497792,0.5858308748189317,0.9927416098096434,0.22541886515134532
