,MACD,PPO,RSI,STOCH,Lag_1,Lag_2,Lag_3,Lag_4,SMA,ADX,SAR,ATR,OBV,Target_Return
2010-08-01,0.11445509050042739,0.4745084032051812,0.34544180865455815,0.12499999999999986,0.5519601653526182,0.5519601653526182,0.5338295706075098,0.5422055096329984,0.1208926233807969,0.12198518369111509,0.1246133127288331,0.13429245549170835,0.03468543033658045,-0.019139340210697395
2010-08-08,0.11069285189374417,0.46702768921764626,0.330973013515286,0.08045977011494232,0.5436524684722092,0.5519601653526182,0.5519601653526182,0.5338295706075098,0.1181043567847033,0.11628188820556672,0.12148904961654736,0.1273679601869511,0.033433242314768276,-0.04951506452738056
2010-08-15,0.104880944321286,0.4554023498071859,0.29548295362047755,0.0,0.5304674627526899,0.5436524684722092,0.5519601653526182,0.5519601653526182,0.11465446760648579,0.11478092783894107,0.1186772128154902,0.12001798253215282,0.03222907854947447,-0.07919704166119317
2010-08-22,0.09587384017094376,0.4370916383325578,0.24695419773630878,0.16161616161616174,0.5175835876491415,0.5304674627526899,0.5436524684722092,0.5519601653526182,0.11167716598692823,0.13794658620430772,0.11547236184345769,0.12285393943526732,0.031458022430929614,0.09431067947124121
2010-08-29,0.09539273869023288,0.43528300579711104,0.34206296787246676,0.3434343434343435,0.5928970278048862,0.5175835876491415,0.5304674627526899,0.5436524684722092,0.10978681575228849,0.14649125603338803,0.110155904387988,0.123647149673112,0.033180670299005025,-0.020202707317519466
2010-09-05,0.09431255863544769,0.43221982558216676,0.327847331560238,0.30303030303030304,0.5431908991861824,0.5928970278048862,0.5175835876491415,0.5304674627526899,0.10789646551764878,0.15668162926369578,0.10558375097628406,0.1170229887766355,0.03301792142969279,-0.10196492665668802
2010-09-12,0.087808635337733,0.4178885045338093,0.26514602498898615,0.1527777777777779,0.5077008704254379,0.5431908991861824,0.5928970278048862,0.5175835876491415,0.1037376950014414,0.17422211308647118,0.10165169904221866,0.11409229428124018,0.032048542918488764,-0.14571181118139365
2010-09-19,0.07547389619342645,0.3905038601578996,0.19990618256512183,0.0,0.4887119266012209,0.5077008704254379,0.5431908991861824,0.5928970278048862,0.10104394591707982,0.20546456883669606,0.09827013437892243,0.11367115800075372,0.030807026953680674,-0.07461086379117482
2010-09-26,0.06301588503762665,0.3612020797852978,0.17381319786845034,0.06796116504854353,0.5195742819554403,0.4887119266012209,0.5077008704254379,0.5431908991861824,0.09735776295953233,0.2436543431281165,0.09397548430686627,0.1105198354105881,0.02818614762109511,0.18583649890139908
2010-10-03,0.06384777003503027,0.3605076287135057,0.3165095744402157,0.34951456310679596,0.6326250830140104,0.5195742819554403,0.4887119266012209,0.5077008704254379,0.0955146714807586,0.25381709147825315,0.08840443494675639,0.11265409765752885,0.0284440556653604,0.08944506035192677
2010-10-10,0.07077802248810314,0.3737527902797908,0.38255465223846846,0.5842696629213481,0.59078503813681,0.6326250830140104,0.5195742819554403,0.4887119266012209,0.09371883875785086,0.2488911226595536,0.06302521008403361,0.10865533307721278,0.02866994753861345,-0.08361414004113368
2010-10-17,0.07214272943278602,0.37466131697490546,0.33657031757037065,0.43529411764705855,0.5156662846477046,0.59078503813681,0.6326250830140104,0.5195742819554403,0.09145041847628319,0.24827552098203592,0.06351073762838468,0.1077024620109189,0.02788466201072982,0.12036368224987509
2010-10-24,0.0813825812994131,0.3937553528437875,0.4211165627868296,0.7108433734939756,0.6042056961041398,0.5156662846477046,0.59078503813681,0.6326250830140104,0.09064701962656131,0.24052068965194578,0.06398655462184873,0.1077377423211697,0.02835334318082571,-0.06936112779750236
2010-10-31,0.0850981790386767,0.4005846731351752,0.3800670071883256,0.5822784810126581,0.5218530028965743,0.6042056961041398,0.5156662846477046,0.59078503813681,0.08922925695058152,0.23331977484543348,0.06504987488328665,0.10317005682164132,0.02774058924117473,0.01643872634315994
2010-11-07,0.08974111651395916,0.40973383687157094,0.3916946428068348,0.6202531645569619,0.5590956232135237,0.5218530028965743,0.6042056961041398,0.5156662846477046,0.08795327054219972,0.22977754297912978,0.06607066233426703,0.09616836709950824,0.02853743616414611,-0.02197890671877523
2010-11-14,0.09273990284550815,0.4153081638991025,0.37824651829045314,0.5999999999999999,0.5424199151260031,0.5590956232135237,0.5218530028965743,0.6042056961041398,0.0866772841338179,0.21749385000310223,0.06705061828720821,0.0919670209656224,0.02819415166384817,0.02739897418811456
2010-11-21,0.09739637602753351,0.4248517113813348,0.39964205581837636,0.6666666666666666,0.5638530712669915,0.5424199151260031,0.5590956232135237,0.5218530028965743,0.08611017906342597,0.22111630935394105,0.06799137600203173,0.09312626135053723,0.029470351813919528,-0.027398974188114503
2010-11-28,0.09998741520407436,0.4298042186272073,0.38104167043250553,0.5999999999999999,0.5400672594382449,0.5638530712669915,0.5424199151260031,0.5590956232135237,0.08601566155169399,0.22448002160829145,0.06889450340826232,0.08546185185434033,0.029191988993729746,-0.05715841383994864
2010-12-05,0.09927514619898156,0.42717048976127825,0.3445618084947116,0.5737704918032785,0.5271497606511092,0.5400672594382449,0.5638530712669915,0.5424199151260031,0.08459789887571419,0.24168248090137273,0.06976150571824369,0.08570561343948976,0.027222105138393127,-0.17295380679035446
2010-12-12,0.09035401756436923,0.4048663125273232,0.2599856759440123,0.1355932203389828,0.476887159422978,0.5271497606511092,0.5400672594382449,0.5638530712669915,0.08209318481481657,0.26771798113752593,0.09056956115779644,0.08869223095541387,0.02684324711474825,0.10605957196032444
2010-12-19,0.08934095452193874,0.4009269092945583,0.33532610175790517,0.40677966101694923,0.5979967980375749,0.476887159422978,0.5271497606511092,0.5400672594382449,0.0812425272092287,0.29189380278538246,0.09009337068160596,0.08640502828239172,0.027017557379148238,-0.04502368137395513
2010-12-26,0.08691962378076293,0.3933644437498655,0.3134164091046457,0.2881355932203389,0.53241701009349,0.5979967980375749,0.476887159422978,0.5271497606511092,0.0811952684533627,0.3143427800298207,0.0896267040149393,0.08014079602001462,0.026821903000740086,0.10601819407679695
2011-01-02,0.09136924600482024,0.4027915836276727,0.38914997051453887,0.5098039215686273,0.5979788373915905,0.53241701009349,0.5979967980375749,0.476887159422978,0.08247125486174452,0.3199667648750694,0.08916937068160596,0.0807646330219016,0.027346612470107404,0.023392879574705594
2011-01-09,0.0968469213666028,0.415008529033415,0.40612963669187335,0.588235294117647,0.5621141701682044,0.5979788373915905,0.53241701009349,0.5979967980375749,0.0825657723734765,0.32033442526342865,0.0887211840149393,0.07950373192289217,0.02770501571782779,0.05071509257901643
2011-01-16,0.1047231909590586,0.4333835276800962,0.4441678799753637,0.7647058823529413,0.5739737568228643,0.5621141701682044,0.5979788373915905,0.53241701009349,0.08232947859414652,0.31226348137766147,0.08828196108160596,0.08063311808190687,0.02825818400587266,0.048266740969834354
2011-01-23,0.11438894298759772,0.4562616557878445,0.4808345906788786,0.8275862068965517,0.5729110157460127,0.5739737568228643,0.5621141701682044,0.5979788373915905,0.0832273949556004,0.2879146553502867,0.06676003734827263,0.08030170006470647,0.02874554127572569,-0.08748745412311579
2011-01-30,0.11706874442956694,0.4622467934720621,0.4150782703342602,0.5517241379310347,0.5139850187857946,0.5729110157460127,0.5739737568228643,0.5621141701682044,0.08232947859414652,0.26873039122710235,0.06730158730158729,0.07999395476302038,0.02858101373024611,-0.011494379425735134
2011-02-06,0.11888026051778819,0.46619448810331693,0.40716190049741735,0.517241379310345,0.5469708700558009,0.5139850187857946,0.5729110157460127,0.5739737568228643,0.0819514085472186,0.2625889649214797,0.06783230625583567,0.07878810211107387,0.028262630696291025,-0.08438739227754738
2011-02-13,0.11601750045465006,0.4587192192186798,0.3533217427989322,0.2758620689655175,0.5153306437571877,0.5469708700558009,0.5139850187857946,0.5729110157460127,0.08076993965056876,0.2658095334041127,0.06835241083099906,0.07996860468521849,0.02773258519842167,0.1295928290455942
2011-02-20,0.12144523690464429,0.47160209253333063,0.4508509052302268,0.6551724137931038,0.6082117356645201,0.5153306437571877,0.5469708700558009,0.5139850187857946,0.08081719840643474,0.25979899332355927,0.06886211331465919,0.08106478564692421,0.027877547306060433,-0.1746165104195494
2011-02-27,0.11641977799057507,0.4587576710774278,0.3485994176121709,0.1551724137931036,0.47616543978158793,0.6082117356645201,0.5153306437571877,0.5469708700558009,0.079257659462857,0.26687911337012343,0.06936162174864612,0.08622306917736464,0.027208765067138024,0.15790302944580875
2011-03-06,0.12147295841971857,0.4708645187640528,0.447806242624127,0.6034482758620692,0.6205001719930181,0.47616543978158793,0.6082117356645201,0.5153306437571877,0.07916314195112499,0.27345351055621875,0.0698511400139533,0.08871268099039298,0.02822261048252572,-0.10660973505825813
2011-03-13,0.1197959669358247,0.46629099796824125,0.3895770854806035,0.2931034482758623,0.5056847267212649,0.6205001719930181,0.47616543978158793,0.6082117356645201,0.07869055439246507,0.27580380192706994,0.07002801120448178,0.08872424049439581,0.027656991461309427,0.08961215868968714
2011-03-20,0.12379187650380433,0.4758950949347451,0.44272900754748684,0.5000000000000001,0.5908575694949474,0.5056847267212649,0.6205001719930181,0.47616543978158793,0.08020283458017685,0.27288912392462944,0.07050420168067226,0.09057515263458865,0.027970927804846144,-0.028987536873252298
2011-03-27,0.12556457666106413,0.48001408069931173,0.4259118349904782,0.3921568627450981,0.539377721705054,0.5908575694949474,0.5056847267212649,0.6205001719930181,0.08072268089470276,0.27302884007032924,0.07097086834733891,0.08539318808334012,0.02782685503529105,-0.12516314295400605
2011-04-03,0.12060855494027858,0.4672024578393835,0.3623086610839599,0.0,0.497631361913511,0.539377721705054,0.5908575694949474,0.5056847267212649,0.08062816338297078,0.2863049943626934,0.09383753501400557,0.08518180964479918,0.027645430066221673,0.10735851832049932
2011-04-10,0.12268838871980389,0.47209391845317383,0.4251405363652902,0.3333333333333333,0.5985606237758422,0.497631361913511,0.539377721705054,0.5908575694949474,0.0805336458712388,0.29163878080457584,0.09336134453781511,0.08360539592986849,0.02772778277276983,0.069391993424
2011-04-17,0.1286013799464187,0.48675461260405606,0.4663312583395171,0.5686274509803924,0.5820807254632385,0.5985606237758422,0.497631361913511,0.539377721705054,0.08081719840643475,0.2809312856019129,0.09289467787114844,0.07984136030076652,0.028038161763971853,0.02210034700066592
2011-04-24,0.1348012716612979,0.5021096546492921,0.4799483761425089,0.647058823529412,0.5615531284230363,0.5820807254632385,0.5985606237758422,0.497631361913511,0.08086445716230074,0.2582330729605894,0.0924373445378151,0.07588613978069572,0.02845615066329836,-0.1660610359221744
2011-05-01,0.1305596848028544,0.49133774672696046,0.38522527804742507,0.11363636363636374,0.479879062508903,0.5615531284230363,0.5820807254632385,0.5985606237758422,0.07916314195112499,0.2602848469001951,0.09198915787114843,0.0800341928510098,0.028280061722731023,0.04417121831313746
2011-05-08,0.12977473151860694,0.4891601169546575,0.4111245632280141,0.30000000000000027,0.5711332971609349,0.479879062508903,0.5615531284230363,0.5820807254632385,0.07854877812486709,0.26460020843504223,0.0915499349378151,0.07836542147115938,0.02846415470605142,-0.006191970247921107
2011-05-15,0.12905801123828706,0.48712749037283515,0.40773231347235356,0.2750000000000003,0.5492724545252884,0.5711332971609349,0.479879062508903,0.5615531284230363,0.07798167305447518,0.266108011822451,0.09111949646314844,0.0740555805744415,0.028186681223945315,0.024541108916117445
2011-05-22,0.13005848076064627,0.4894763319911975,0.42390274864381045,0.3749999999999998,0.5626125750877381,0.5492724545252884,0.5711332971609349,0.479879062508903,0.07826522558967113,0.271911887246579,0.09069766675797511,0.07235380834986985,0.0286589197463759,-0.030771658666753545
2011-05-29,0.12941291188778364,0.48761555183894795,0.4048710182501258,0.2500000000000002,0.5386032988203061,0.5626125750877381,0.5492724545252884,0.5711332971609349,0.07727279171648528,0.2773012001404121,0.09028427364690524,0.06617314549657774,0.028079960653904504,0.04281999718292814
2011-06-05,0.13145842024939122,0.4926813566840743,0.4354714196487485,0.4249999999999999,0.5705467808315,0.5386032988203061,0.5626125750877381,0.5492724545252884,0.07798167305447518,0.275067599258176,0.08987914839805676,0.061354047718901635,0.028870582210290173,-0.04281999718292807
2011-06-12,0.13095343501590945,0.49120196318121195,0.4066908966075941,0.2500000000000002,0.5333735498737364,0.5705467808315,0.5386032988203061,0.5626125750877381,0.07713101544888729,0.27406133055165,0.08948212565418527,0.05733921578982137,0.028571764614175904,-0.05129329438755058
2011-06-19,0.12812484200344365,0.483641582588198,0.37457807789196057,0.050000000000000044,0.5296955973435715,0.5333735498737364,0.5705467808315,0.5386032988203061,0.07675294540195934,0.2825079820960438,0.0890930433651912,0.05453124672748479,0.024758282911384287,-0.01324522675002068
2011-06-26,0.1254946690168355,0.4764534031106517,0.3664902099443545,0.14893617021276606,0.5462108904173226,0.5296955973435715,0.5333735498737364,0.5705467808315,0.07557147650530951,0.2970655466208258,0.088711742721977,0.05146380230512471,0.023347792710678248,-0.1431008436406733
2011-07-03,0.11708989947842377,0.4535084658035557,0.29161878564297344,0.0,0.48984525338543095,0.5462108904173226,0.5296955973435715,0.5333735498737364,0.0736811262706698,0.32165271627416925,0.08783367450702882,0.05367595142217057,0.004552521650324227,0.08829260714567821
2011-07-10,0.1148522583532802,0.4467590118938104,0.35497594705275776,0.19999999999999982,0.5902847997899826,0.48984525338543095,0.5462108904173226,0.5296955973435715,0.07330305622374186,0.334445238068387,0.08620511061924015,0.05849035736056989,0.006063507054485364,0.03460552917747552
2011-07-17,0.11515412477570022,0.44690756888741656,0.38035355620321193,0.28333333333333327,0.5669811767160051,0.5902847997899826,0.48984525338543095,0.5462108904173226,0.072357881106422,0.34632400830587495,0.0846742605647188,0.057900386794131904,0.006483274629979217,-0.020619287202735703
2011-07-24,0.11479329276002295,0.4452079692999771,0.3678042119686224,0.23333333333333317,0.5430100768916438,0.5669811767160051,0.5902847997899826,0.48984525338543095,0.07070382465111225,0.35031901594389986,0.08323526151346872,0.055052334088630285,0.0014745225427305272,-0.09461597637484896
2011-07-31,0.11060623832414071,0.43259102464075927,0.3155966355429088,0.020000000000000014,0.5108907845321211,0.5430100768916438,0.5669811767160051,0.5902847997899826,0.06824636934608061,0.366588498243777,0.08188260240529364,0.05378784745552146,0.001106336576089732,-0.1389988748066562
2011-08-07,0.10214469648471419,0.4069547603750172,0.2561301270550012,0.09677419354838683,0.4916257700234523,0.5108907845321211,0.5430100768916438,0.5669811767160051,0.06630876035557488,0.3986097228306297,0.08061110284360909,0.0572141270838245,0.0,0.034486176071169404
2011-08-14,0.0973839903098083,0.3911977350836048,0.2798795700484301,0.16129032258064493,0.5669293698398009,0.4916257700234523,0.5108907845321211,0.5430100768916438,0.06422937509747119,0.4199484361411847,0.07819582806149851,0.05717536040163016,0.012674846368513555,-0.07933674223652096
2011-08-21,0.09127258814413731,0.3704705296326532,0.24883028949394242,0.03174603174603177,0.5175229486709392,0.5669293698398009,0.4916257700234523,0.5108907845321211,0.06177191979243955,0.4452522459508922,0.07597377526195677,0.0548391398743548,0.011572067144758516,0.027150989065950898
2011-08-28,0.0881459455331552,0.35817589606090583,0.2679303438676657,0.08333333333333341,0.5637454298748061,0.5175229486709392,0.5669293698398009,0.4916257700234523,0.05926720573154193,0.4687486407741919,0.0733717292016808,0.05036956934807562,0.01163708932007013,-0.09352605801082348
2011-09-04,0.08308895683323311,0.3389007706368743,0.23253249115050523,0.02985074626865674,0.5113638787607119,0.5637454298748061,0.5175229486709392,0.5669293698398009,0.056526197891314314,0.4954125138982362,0.07102988774743242,0.050359655068244365,0.011046568832510982,-0.019802627296179754
2011-09-11,0.07922611925013039,0.322530361966995,0.22557520418886706,0.0694444444444445,0.5433645594852632,0.5113638787607119,0.5637454298748061,0.5175229486709392,0.053359861248292784,0.5234879598729706,0.06810854211409907,0.048050226057449,0.008386558624243787,-0.01005033585350145
2011-09-18,0.07667400371878107,0.3097781543582212,0.2219175698152301,0.06153846153846157,0.5475976772575202,0.5433645594852632,0.5113638787607119,0.5637454298748061,0.0504770771404672,0.5495580168495096,0.06478249654492259,0.04314548878913942,0.007828943645780554,0.020000666706669435
2011-09-25,0.07617122899791903,0.30366571240062296,0.23761708558691963,0.09836065573770497,0.5606417329811735,0.5475976772575202,0.5433645594852632,0.5113638787607119,0.048066880591301556,0.5751985875186616,0.061922097355430805,0.03859108989713767,0.008316300915633587,0.1470534179564966
2011-10-02,0.08191536960377085,0.319953043478212,0.3530810445489864,0.3606557377049178,0.6157907471888637,0.5606417329811735,0.5475976772575202,0.5433645594852632,0.046507341647723785,0.5671647900054393,0.05946215405246788,0.03988254015684955,0.010352885127245715,-0.008583743691391442
2011-10-09,0.08685944210817075,0.33397739333262233,0.34809994207467315,0.3442622950819671,0.5482342719883659,0.6157907471888637,0.5606417329811735,0.5475976772575202,0.04584571906559988,0.552780553679786,0.057346602811919764,0.03832147649686809,0.008701384305864177,0.1139442593492179
2011-10-16,0.09608702735530597,0.3638507765104006,0.43783864149322754,0.5932203389830508,0.6014192562886226,0.5482342719883659,0.6157907471888637,0.5606417329811735,0.04527861399520795,0.5247779360345363,0.044351073762838464,0.038712095699075556,0.009717008397419222,0.03774032798284711
2011-10-23,0.10558546977877589,0.39506954144361095,0.4670236400134649,0.6779661016949153,0.5683418797480533,0.6014192562886226,0.5482342719883659,0.6157907471888637,0.044711508924816054,0.49120857194129647,0.04467787114845938,0.041835081002267786,0.6117988910443233,0.00738010729762246
2011-10-30,0.11386342736739387,0.42225034219037244,0.47298492416286114,0.8367346938775512,0.5551636035954512,0.5683418797480533,0.6014192562886226,0.5482342719883659,0.0443334388778881,0.45348691094513055,0.045411764705882346,0.03829437182399483,0.6119598612374683,0.09798040836020361
2011-11-06,0.12539529311915323,0.4604171437116131,0.5512392929829033,0.9999999999999999,0.5944899246815372,0.5551636035954512,0.5683418797480533,0.6014192562886226,0.04523135523934198,0.43045131753453786,0.04663663865546217,0.0414471945468357,0.6142499068029272,0.0
2011-11-13,0.13470952304170367,0.49074558431110493,0.5512392929829033,0.9999999999999999,0.5519601653526182,0.5944899246815372,0.5551636035954512,0.5683418797480533,0.046932670450517716,0.4090611236532733,0.04850794845938374,0.038394236122712595,0.6180642778438026,0.0
2011-11-20,0.1421801439251582,0.5146973202916892,0.5512392929829033,0.9999999999999999,0.5519601653526182,0.5519601653526182,0.5944899246815372,0.5551636035954512,0.0484449506382295,0.37837650114121685,0.050229553478991586,0.040159791945073804,0.6186032167225086,0.0
2011-11-27,0.148121206491561,0.5334636685351241,0.5512392929829033,0.9166666666666665,0.5519601653526182,0.5519601653526182,0.5519601653526182,0.5944899246815372,0.050382559628735224,0.352617798595742,0.051813430097030794,0.03949901374345716,0.6193769408553045,0.0
2011-12-04,0.15279619274042863,0.5480171571741598,0.5512392929829033,0.9166666666666665,0.5519601653526182,0.5519601653526182,0.5519601653526182,0.5519601653526182,0.05217839235164294,0.32869900337494395,0.05386831491179083,0.03336489903967107,0.61983583930648,-0.040821994520255166
2011-12-11,0.154439286885124,0.5530705809894216,0.4974967162693857,0.8166666666666664,0.5342408107252081,0.5519601653526182,0.5519601653526182,0.5519601653526182,0.05416326009801466,0.30607853675280816,0.05571771124507486,0.030429202858726447,0.6194498665781657,-0.013986241974739952
2011-12-18,0.15501269278367996,0.5548122439949656,0.4799952202470958,0.7758620689655169,0.5458892424502054,0.5342408107252081,0.5519601653526182,0.5519601653526182,0.05614812784438637,0.30173698147598355,0.05738216794503049,0.030923511313467884,0.6193218018941168,0.0
2011-12-25,0.1554037145629568,0.5559873509719537,0.4799952202470958,0.7758620689655169,0.5519601653526182,0.5458892424502054,0.5342408107252081,0.5519601653526182,0.058180254346624063,0.2977055372903606,0.05888017897499056,0.025401932497538172,0.619339873243977,-0.14364270222884315
2012-01-01,0.14935624676568943,0.5373358966872686,0.3319018628547797,0.4074074074074073,0.4896100521270278,0.5519601653526182,0.5458892424502054,0.5342408107252081,0.05921994697567591,0.3154649242262473,0.07236227824463118,0.02901559916493552,0.6192082512075934,0.0
2012-01-08,0.1446244352621189,0.5225004299958107,0.3319018628547797,0.2727272727272725,0.5519601653526182,0.4896100521270278,0.5519601653526182,0.5458892424502054,0.059503499510871874,0.33195578352385635,0.07206349206349205,0.029150834733328766,0.619339873243977,0.0553500950831649
2012-01-15,0.14329512078343562,0.5182635311733534,0.3974065306495564,0.37500000000000017,0.5759856441408441,0.5519601653526182,0.4896100521270278,0.5519601653526182,0.06016512209299579,0.3472687243002077,0.07177068160597572,0.029276410618265337,0.6195879985693219,-0.055350095083164956
2012-01-22,0.14001115240688805,0.5077189446070371,0.3468806357772461,0.20000000000000007,0.5279346865643922,0.5759856441408441,0.5519601653526182,0.4896100521270278,0.05983431080193383,0.36978040257674394,0.0714837273576097,0.02939301679713504,0.6189592365441647,0.024097551579060524
2012-01-29,0.13854431046530186,0.5028961784584436,0.37511663465735573,0.236842105263158,0.5624200428549242,0.5279346865643922,0.5759856441408441,0.5519601653526182,0.05940898199913988,0.3862413016622303,0.07082792634920634,0.028121160226942797,0.6192687261972831,-0.08269171584511341
2012-02-05,0.13421339505414123,0.48860649181658244,0.3064251848737291,0.07142857142857145,0.5160666757025336,0.5624200428549242,0.5279346865643922,0.5759856441408441,0.05846380688182003,0.4057966890836971,0.06985556169262372,0.028780328869668782,0.6187449060659995,-0.026202372394024072
2012-02-12,0.13000569100043433,0.47436199910711097,0.2875195559901674,0.22222222222222196,0.5405866610938098,0.5160666757025336,0.5624200428549242,0.5279346865643922,0.056715232914778285,0.435263365135475,0.06848747156580391,0.03031250319543801,0.6179649565666179,0.19986586644486423
2012-02-19,0.13521362471120868,0.4914633014799785,0.4910742450587739,0.6851851851851848,0.6387147251694811,0.5405866610938098,0.5160666757025336,0.5624200428549242,0.05614812784438637,0.41245808245943744,0.0663539438303253,0.03771581602184192,0.6186337388055403,-0.1397619423751586
2012-02-26,0.1335012898862394,0.48555784150255077,0.3781304985528133,0.35185185185185164,0.4912945499297291,0.6387147251694811,0.5405866610938098,0.5160666757025336,0.05473036516840658,0.391281748545974,0.06582633053221287,0.040449919580360434,0.6180859065459975,0.056695343676545294
2012-03-04,0.13466442175547327,0.4892346085858423,0.42451685162365965,0.5306122448979591,0.5765695680075797,0.4912945499297291,0.6387147251694811,0.5405866610938098,0.05364341378348873,0.3716180099120436,0.06395891690009335,0.037468195082414134,0.6183171344477526,-0.04016604172533476
2012-03-11,0.13409380553620368,0.48711092854036764,0.3950418376670746,0.4285714285714285,0.5345255361613028,0.5765695680075797,0.4912945499297291,0.6387147251694811,0.05232016861924092,0.35607115162285286,0.062278244631185795,0.035619540063273385,0.6181677256496955,0.0
2012-03-18,0.13382690556786758,0.485988205485523,0.3950418376670746,0.4772727272727272,0.5519601653526182,0.5345255361613028,0.5765695680075797,0.4912945499297291,0.05128047599018909,0.34163478321146146,0.06076563958916899,0.03160270893740492,0.6183233598143383,0.04016604172533465
2012-03-25,0.13545656466625258,0.4912961056970595,0.4316651461381715,0.6341463414634146,0.5693947945439335,0.5519601653526182,0.5345255361613028,0.5765695680075797,0.05057159465219918,0.32092894364282837,0.04715219421101773,0.028792883478050722,0.6185536983780097,0.1325466559619831
2012-04-01,0.14285802442605092,0.5159612793476589,0.5443385083829659,0.9999999999999999,0.6094938853305173,0.5693947945439335,0.5519601653526182,0.5345255361613028,0.05071337091979716,0.3127851677759501,0.04740429505135387,0.03446456225493496,0.6194377004331811,0.060218859993054874
2012-04-08,0.15171718945217194,0.5448988400468371,0.5909342492563925,0.8983050847457625,0.578098999283083,0.6094938853305173,0.5693947945439335,0.5519601653526182,0.05217839235164294,0.32229998105800156,0.04821587301587302,0.03559071991032805,0.6210216115602034,0.0750351859429141
2012-04-15,0.16261080999469665,0.5793467576799376,0.645989758119186,0.9999999999999997,0.5845302316828274,0.578098999283083,0.6094938853305173,0.5693947945439335,0.054210518853880646,0.3209588248148447,0.04980471335200747,0.041236883520811445,0.6326363669329783,-0.06856267143729654
2012-04-22,0.16735864288070168,0.5937984248352061,0.5654138280368877,0.8307692307692308,0.5221995839876569,0.5845302316828274,0.578098999283083,0.6094938853305173,0.05539198775053049,0.31971346544619905,0.052020149542483664,0.04141925936416579,0.6324424912307375,0.03174869831458027
2012-04-29,0.17253509567051806,0.6091335904786594,0.589593839932165,0.9076923076923077,0.565741129536413,0.5221995839876569,0.5845302316828274,0.578098999283083,0.05714056171757223,0.32668186031693974,0.05405835083772175,0.04020847462528073,0.6326826125133292,-0.0317486983145803
2012-05-06,0.1746772445723313,0.6150752907735243,0.5533393175383494,0.8307692307692308,0.5381792011688233,0.565741129536413,0.5221995839876569,0.5845302316828274,0.058511065637686044,0.32230199568795204,0.05593349602934081,0.0372439961955544,0.6320636332070926,0.025479085300984968
2012-05-13,0.17739769156406487,0.6225489970815192,0.5744156591309197,0.8923076923076924,0.5630197167864945,0.5381792011688233,0.565741129536413,0.5221995839876569,0.060543192139923735,0.31823497853246346,0.05765862960563033,0.03357117706757056,0.6322521728808314,-0.019048194970694474
2012-05-20,0.1782224304583813,0.624368459943756,0.5512834735961816,0.8076923076923077,0.5436920313316234,0.5630197167864945,0.5381792011688233,0.565741129536413,0.06257531864216143,0.32099439146347997,0.05924575249581669,0.031540835899299645,0.632114325477862,-0.0064308903302904025
2012-05-27,0.17821475448958846,0.6237642361537956,0.543306309976382,0.7708333333333336,0.5491687479397366,0.5436920313316234,0.5630197167864945,0.5381792011688233,0.06337871749188331,0.3102566099329791,0.060705905554788143,0.03287583115152381,0.6312089793086825,-0.09466522654107848
2012-06-03,0.17325052493480927,0.6089743673357818,0.44040791119323724,0.47916666666666663,0.5108694068123126,0.5491687479397366,0.5436920313316234,0.5630197167864945,0.06437115136506918,0.2866367267341488,0.06204924636904188,0.033655425021255854,0.6308683628226355,-0.14473884564491168
2012-06-10,0.16280396494850238,0.5781007333570601,0.3318771192272925,0.0833333333333334,0.4891342558279964,0.5108694068123126,0.5491687479397366,0.5436920313316234,0.0641348575857392,0.28588192808962254,0.07749766573295984,0.03667955650838766,0.6305330823650906,0.18641154204547966
2012-06-17,0.16275013661580878,0.5778190603057219,0.4810806536201087,0.5869565217391304,0.6328746884905623,0.4891342558279964,0.5108694068123126,0.5491687479397366,0.06531632648238904,0.27421984003747285,0.07708683473389355,0.042247946076152516,0.6307901010712723,-0.11523526357758464
2012-06-24,0.15726375750549335,0.5613802751739584,0.40042571062259985,0.2222222222222224,0.5019406960711469,0.6328746884905623,0.4891342558279964,0.5108694068123126,0.06574165528518296,0.26339075827476244,0.07668422035480858,0.04465832605936313,0.6298776401974233,0.037457562534900415
2012-07-01,0.15453699446201263,0.5531383382066678,0.4273166765253951,0.33333333333333365,0.5682191414716062,0.5019406960711469,0.6328746884905623,0.4891342558279964,0.0661669840879769,0.25333518235224567,0.07628965826330532,0.04045591194110724,0.6304646033326478,0.13077023118319456
2012-07-08,0.15863897480446523,0.5654200417434481,0.5191594667813917,0.7500000000000002,0.6087228034420845,0.5682191414716062,0.5019406960711469,0.6328746884905623,0.06663957164663685,0.24697742786493349,0.07590298741363212,0.04299429436253537,0.6315229156522192,0.03174869831458027
2012-07-15,0.16340878720347835,0.579435691116645,0.5409084417969767,0.8636363636363639,0.565741129536413,0.6087228034420845,0.5682191414716062,0.5019406960711469,0.0669231241818328,0.2482760443596545,0.07552404998095237,0.03937078422995761,0.6318733148571865,0.0
2012-07-22,0.16699190986579376,0.5897050282254908,0.5409084417969767,0.8636363636363639,0.5519601653526182,0.565741129536413,0.6087228034420845,0.5682191414716062,0.06663957164663685,0.24451039626679866,0.05695611577964518,0.037386229985992316,0.6323802375648804,-0.0317486983145803
2012-07-29,0.16794889340622843,0.5922464612091108,0.5103136338388903,0.7500000000000002,0.5381792011688233,0.5519601653526182,0.565741129536413,0.6087228034420845,0.06663957164663685,0.23930568156724602,0.057329598506069085,0.035083385037834154,0.631814618543664,0.06252035698133393
2012-08-05,0.17180414417725567,0.6029601401776504,0.5589809885290782,0.9999999999999999,0.579097996068725,0.5381792011688233,0.5519601653526182,0.565741129536413,0.0668758654259668,0.24120428650457704,0.05769561157796451,0.03386511817206809,0.6318464568470595,0.012048338516174574
2012-08-12,0.17523728162539537,0.6122203110383556,0.5684605496022186,0.8035714285714282,0.557189914299188,0.579097996068725,0.5381792011688233,0.5519601653526182,0.06744297049635872,0.25826632987546766,0.058469019607843134,0.03411400410442799,0.632071459382229,-0.04281999718292807
2012-08-19,0.17532056577451308,0.6120216540445195,0.5213313904611383,0.6785714285714286,0.5333735498737364,0.557189914299188,0.579097996068725,0.5381792011688233,0.0674902292522247,0.2648177807030426,0.059946872829131644,0.0315848449976197,0.6319353906554269,0.048790164169431834
2012-08-26,0.17774506131049514,0.6182296780179966,0.5624129283913806,0.8214285714285713,0.5731382148675372,0.5333735498737364,0.557189914299188,0.579097996068725,0.06805733432261661,0.2787968937619431,0.061336054857142844,0.02969638469148813,0.6321479424574249,0.0
2012-09-02,0.1793273086629483,0.6220058011076126,0.5624129283913806,0.8214285714285713,0.5519601653526182,0.5731382148675372,0.5333735498737364,0.557189914299188,0.06867169814887453,0.2917774987452078,0.06264188596347338,0.025642591513413908,0.6322857898603942,0.057819570888826236
2012-09-09,0.18354276993904178,0.6326843922588559,0.6128385990165468,0.9032258064516127,0.5770575544690524,0.5519601653526182,0.5731382148675372,0.5333735498737364,0.07042027211591628,0.3199416950155647,0.06386936720342408,0.027858934514820334,0.6324938949719738,0.08607460877124298
2012-09-16,0.19175992688505952,0.6533299342137237,0.6811621778923755,0.9999999999999999,0.5893220467392923,0.5770575544690524,0.5519601653526182,0.5731382148675372,0.07382290253826779,0.35421141598287764,0.06563189999334997,0.03359732393193531,0.6432068615279039,0.005141399500418652
2012-09-23,0.19805198323514642,0.6681617716380883,0.6851033063494862,0.8589743589743588,0.5541918613317037,0.5893220467392923,0.5770575544690524,0.5519601653526182,0.07609132281983545,0.3943721324996143,0.06812566610979462,0.03478542718182837,0.6509316521226911,0.005115100666770409
2012-09-30,0.20276406554169651,0.6784276753080889,0.6892688734897097,0.8666666666666663,0.5541804459570956,0.5541918613317037,0.5893220467392923,0.5770575544690524,0.07916314195112499,0.42169525862776935,0.07149120242311786,0.037268799650157426,0.6571543506941541,-0.10196492665668802
2012-10-07,0.19956232492700812,0.6690998043049914,0.5403614349782748,0.5857142857142855,0.5077008704254379,0.5541804459570956,0.5541918613317037,0.5893220467392923,0.08110075094163072,0.43029835222629176,0.07445287437884232,0.04003483294951055,0.6565255886689969,-0.028655255760376176
2012-10-14,0.19483235957450573,0.6562438855327409,0.5066701681684542,0.37037037037037024,0.5395219529447138,0.5077008704254379,0.5541804459570956,0.5541918613317037,0.08190414979135259,0.4295843023048454,0.07705914569987984,0.039843024969195985,0.6562650126104806,0.0
2012-10-21,0.1906145330312631,0.6448514704182507,0.5066701681684542,0.37037037037037024,0.5519601653526182,0.5395219529447138,0.5077008704254379,0.5541804459570956,0.08247125486174452,0.42374302235384925,0.09617180205415499,0.0373646946650947,0.6563531789200817,0.017291497110061043
2012-10-28,0.18783935912859817,0.6371726927037078,0.525048663374434,0.4259259259259258,0.5594657802284415,0.5519601653526182,0.5395219529447138,0.5077008704254379,0.0831801361997344,0.42784163488237503,0.09582633053221287,0.03874374458423823,0.6678532096800627,0.005698021114637796
2012-11-04,0.18556386928961965,0.6308436544120766,0.5313795060394015,0.3478260869565215,0.5544334706869433,0.5594657802284415,0.5519601653526182,0.5395219529447138,0.08417257007292026,0.4316474893731489,0.09548776844070961,0.03818411262268128,0.6680435280299688,0.06062462181643484
2012-11-11,0.18701692761003622,0.6336994748493952,0.5972473413529349,0.5869565217391304,0.5782751258473832,0.5544334706869433,0.5594657802284415,0.5519601653526182,0.08521226270197212,0.4394419856983917,0.0951559775910364,0.039504632687711476,0.6689862263986627,-0.03815176596437629
2012-11-18,0.18541462673333475,0.6291186715620085,0.5391376491624391,0.43478260869565205,0.5353998605774729,0.5782751258473832,0.5544334706869433,0.5594657802284415,0.08582662652823002,0.45375027390731676,0.09483082255835666,0.043491097363524835,0.667980385026028,0.048790164169431834
2012-11-25,0.18673458781567648,0.6316331979476162,0.5912536726344333,0.6304347826086952,0.5731382148675372,0.5353998605774729,0.5782751258473832,0.5544334706869433,0.08719713044834382,0.4670365415298899,0.09451217062633052,0.04121223503859044,0.668038778964602,-0.032260862218221324
2012-12-02,0.18536233865240714,0.6276824008433866,0.5422408257516889,0.43902439024390255,0.5379568893013453,0.5731382148675372,0.5353998605774729,0.5782751258473832,0.08790601178633373,0.47937379003656494,0.09419989173294492,0.037716014857723,0.6679969960827549,-0.005479465764625596
2012-12-09,0.18355200926876486,0.6227573928432241,0.534066615627236,0.36842105263157915,0.549581727008456,0.5379568893013453,0.5731382148675372,0.5353998605774729,0.08856763436845763,0.49920248470301737,0.093893858417427,0.03584965842606017,0.6679237413048027,-0.062343130574135514
2012-12-16,0.17810795888755548,0.6092364817144007,0.4491209337314422,0.05405405405405408,0.5248992622240874,0.549581727008456,0.5379568893013453,0.5731382148675372,0.08823682307739568,0.49104024576891453,0.09359394576821944,0.03963714811322964,0.667217606866366,0.06782259633876109
2012-12-23,0.17749460702336398,0.6073781924688479,0.5276620316871063,0.37837837837837857,0.581399506825311,0.5248992622240874,0.549581727008456,0.5379568893013453,0.08771697676286973,0.4834610239015334,0.09330003137199605,0.039013701613887584,0.6672277230870678,0.042787275205208766
2012-12-30,0.17934852971417375,0.6113981856169328,0.5735630791646404,0.6285714285714282,0.5705325774018505,0.581399506825311,0.5248992622240874,0.549581727008456,0.08752794173940577,0.4905777137478316,0.09301199526369713,0.03843478700735566,0.6678635998168942,0.0460439385014068
2013-01-06,0.18344548757469845,0.620561977019928,0.6204375601422154,0.9999999999999999,0.5719461774114917,0.5705325774018505,0.581399506825311,0.5248992622240874,0.08771697676286973,0.5023327412698206,0.07889822595704947,0.03835726802290929,0.6681179505088248,0.01980262729617973
2013-01-13,0.187597557049726,0.6295812465531732,0.6401311081228831,0.5737704918032789,0.5605557712199731,0.5719461774114917,0.5705325774018505,0.581399506825311,0.08899296317125155,0.5359368196369847,0.079187675070028,0.0461060439477318,0.6684292188381106,-0.019802627296179754
2013-01-20,0.18909658707867333,0.6323261636678936,0.6051327499610943,0.5081967213114755,0.5433645594852632,0.5605557712199731,0.5719461774114917,0.5705325774018505,0.09031620833549936,0.5671406066922084,0.08031521942110176,0.041340176830116294,0.6683207195919024,0.16551443847757333
2013-01-27,0.20174444713760356,0.6596256669339018,0.7506981973237763,0.9999999999999997,0.6238040099713704,0.5433645594852632,0.5605557712199731,0.5719461774114917,0.09334076871092292,0.6119902946372258,0.08139766199813257,0.05163615531270933,0.6684754644184616,0.13459015397276475
2013-02-03,0.22232078512415204,0.7018306863107746,0.8329995567170303,0.9999999999999999,0.6103808940707561,0.6238040099713704,0.5433645594852632,0.5605557712199731,0.09783035051819228,0.6633990292005806,0.0831244465359477,0.060276617603307776,0.6686969096012962,-0.037740327982847086
2013-02-10,0.23430544971755424,0.7237468731941807,0.763501226064536,0.769230769230769,0.5355784509571831,0.6103808940707561,0.6238040099713704,0.5433645594852632,0.10180008601093568,0.7147861021098871,0.08655852442651725,0.06507959196467344,0.6595536247630498,-0.1580042491432482
2013-02-17,0.2301510152872898,0.7128966888218496,0.5545616151420023,0.4444444444444445,0.48337622289440024,0.5355784509571831,0.6103808940707561,0.6238040099713704,0.10345414246624543,0.7122979936289106,0.09130136479432305,0.07552007625270263,0.6587087535835601,-0.03670136685042804
2013-02-24,0.22333271045089026,0.6971336443467038,0.5190110780544184,0.3760683760683761,0.5360294264904901,0.48337622289440024,0.5355784509571831,0.6103808940707561,0.10506094016568918,0.7038193590552134,0.09556992112534825,0.07325365261520758,0.6585922502945989,0.12708542831869704
2013-03-03,0.22675619640607714,0.701804838386242,0.6104306557812027,0.6239316239316239,0.607123363496647,0.5360294264904901,0.48337622289440024,0.5355784509571831,0.10761291298245285,0.7030918885919069,0.09941162182327094,0.07804978506181837,0.6595731902008907,0.028399474521697957
2013-03-10,0.23088038550740103,0.7075606788704916,0.629801018658251,0.6837606837606836,0.5642873523555063,0.607123363496647,0.5360294264904901,0.48337622289440024,0.11077924962547436,0.712312821572917,0.09990662931839402,0.08020311372557629,0.6599493802102845,0.003992021269537457
2013-03-17,0.23351988347634767,0.7102387094888077,0.6326506715167413,0.6923076923076921,0.5536929577207128,0.5642873523555063,0.607123363496647,0.5360294264904901,0.11404010378022789,0.7208751164838548,0.10037348272642388,0.07254169704506722,0.6601477026029436,0.04670109304598062
2013-03-24,0.23860832106497007,0.7172293370520549,0.6666951594618498,0.7818181818181814,0.5722314244837419,0.5536929577207128,0.5642873523555063,0.607123363496647,0.11838790931989923,0.7327772721770403,0.10373482726423901,0.0700279702007843,0.6631981322299435,-0.13407472325456926
2013-03-31,0.23065738735218388,0.7002916280219288,0.5148715291047092,0.44117647058823495,0.4937631665082627,0.5722314244837419,0.5536929577207128,0.5642873523555063,0.12060907084560094,0.722088531462537,0.10676003734827262,0.07689468684918696,0.6591383038779743,0.11488027599842221
2013-04-07,0.23277890128082027,0.7020501547160818,0.5967929053149181,0.7099999999999999,0.6018255473368511,0.4937631665082627,0.5722314244837419,0.5536929577207128,0.12377540748862245,0.7121632722276412,0.13398692810457516,0.08097070084318025,0.6592379097433457,0.04546237407675741
2013-04-14,0.23746995515917702,0.708239497416006,0.6275420485958687,0.8045977011494252,0.5716937412823864,0.6018255473368511,0.4937631665082627,0.5722314244837419,0.12708352039924198,0.7136122946191802,0.1334547152194211,0.0879758830317926,0.6651653480710291,-0.11778303565638351
2013-04-21,0.23021399164987658,0.6932495864793125,0.5119215907078143,0.4597701149425285,0.5008348001563441,0.5716937412823864,0.6018255473368511,0.4937631665082627,0.12878483561041773,0.7094888954184193,0.13293314659197009,0.09218047217026631,0.6650203859633903,0.0
2013-04-28,0.22361389723933794,0.6797620791500377,0.5119215907078143,0.44705882352941145,0.5519601653526182,0.5008348001563441,0.5716937412823864,0.6018255473368511,0.13067518584505744,0.6948927380241753,0.13242200933706813,0.08688384193789797,0.6654170307487087,0.12883287184296838
2013-05-05,0.22852959188623181,0.686747869929992,0.6021313453219788,0.8082191780821915,0.6078818656683763,0.5519601653526182,0.5008348001563441,0.5716937412823864,0.13242375981209922,0.6974137326276479,0.13192109482726422,0.0953068352205064,0.6714013867137472,-0.08801087732271333
2013-05-12,0.22386930186238452,0.6769842468770138,0.5199117989177406,0.4931506849315066,0.51375781966427,0.6078818656683763,0.5519601653526182,0.5008348001563441,0.13147858469477933,0.7006131368737528,0.13143019860765637,0.09944782949569098,0.6710990117652982,-0.08338160893905114
2013-05-19,0.21275290635068794,0.6562218315258657,0.456607133628158,0.24242424242424204,0.515767218007481,0.51375781966427,0.6078818656683763,0.5519601653526182,0.1300608220187995,0.6888939516275853,0.1309491203124407,0.09869259267788683,0.6686515533590289,0.0425596144187959
2013-05-26,0.20663836996754464,0.6444553518952327,0.4858842819933146,0.3939393939393937,0.5704337580703452,0.515767218007481,0.51375781966427,0.6078818656683763,0.13091147962438737,0.6859242697350867,0.13047766358312932,0.1053520146072581,0.6708277636497778,0.0
2013-06-02,0.20120122412231217,0.6340485024715048,0.4858842819933146,0.38461538461538464,0.5519601653526182,0.5704337580703452,0.515767218007481,0.51375781966427,0.13214020727690323,0.6831667079777666,0.13001563598840418,0.09819447075758095,0.6710269753805206,-0.09614386055290218
2013-06-09,0.18907228130196538,0.61188279595166,0.41464557093155413,0.0,0.5102275851490753,0.5519601653526182,0.5704337580703452,0.515767218007481,0.13095873838025343,0.6592113577100748,0.12956284894557354,0.09798880414268935,0.6707228217559043,0.05358424613410626
2013-06-16,0.18309652855338496,0.6007660142034225,0.45421612223688784,0.19354838709677372,0.575219152838434,0.5102275851490753,0.5519601653526182,0.5704337580703452,0.13001356326293353,0.6369671038900752,0.12845129670577113,0.09549760510648075,0.6718585064887552,-0.12981161152199058
2013-06-23,0.16876524581169425,0.5744316434506853,0.37118718128684786,0.22772277227722776,0.4956136294631865,0.575219152838434,0.5102275851490753,0.5519601653526182,0.12769788422549988,0.593022405295649,0.12738420655556082,0.10882586453647536,0.6697881274299635,-0.009950330853168092
2013-06-30,0.15665985547246558,0.5518307244875692,0.36564400222915644,0.20792079207920788,0.5476410858191607,0.4956136294631865,0.575219152838434,0.5102275851490753,0.12472058260594232,0.5522166137436818,0.12475515976446806,0.10694072349413905,0.6691691481237269,0.004987541511038968
2013-07-07,0.1474296889798387,0.534313387714968,0.3694481486916233,0.2178217821782176,0.5541250771309777,0.5476410858191607,0.4956136294631865,0.575219152838434,0.12335007868582851,0.5143255215882837,0.12228385578084087,0.1005897895957798,0.6696004770943085,0.06267110696277597
2013-07-14,0.14453072937119948,0.528745033380925,0.41893491212384043,0.3465346534653466,0.579163431195368,0.5541250771309777,0.5476410858191607,0.4956136294631865,0.12127069342772481,0.4753209140784009,0.11996083003623131,0.09837285046311234,0.6701100678162533,0.00466201310581115
2013-07-21,0.14265180206751057,0.5251082589213387,0.4227426212189945,0.3749999999999998,0.5539837769980147,0.579163431195368,0.5541250771309777,0.5476410858191607,0.1186714618550952,0.4448561620492427,0.11777718583629833,0.09309395207430252,0.670508491277739,0.02298951822469878
2013-07-28,0.14291790816526695,0.5256078939028316,0.4425531795840076,0.4270833333333334,0.5619390855627666,0.5539837769980147,0.579163431195368,0.5541250771309777,0.11772628673777535,0.4165674637364529,0.11572456028836133,0.08681198411983648,0.6709166974581451,-0.009132483563272587
2013-08-04,0.1425437750380998,0.5248680459089752,0.4345666623457431,0.40625000000000006,0.5479960838130371,0.5619390855627666,0.5539837769980147,0.579163431195368,0.11668659410872348,0.38829650886032074,0.11379509227330054,0.07821846068954696,0.6706276625809512,0.0448505661653515
2013-08-11,0.14564564515352063,0.5308557262881677,0.4764549346523245,0.5104166666666663,0.5714281775471143,0.5479960838130371,0.5619390855627666,0.5539837769980147,0.11455995009475384,0.3711734657188247,0.1119813923391434,0.07805951820037227,0.6709567176719105,0.01739174271186924
2013-08-18,0.14944885491282486,0.5381655862221212,0.49295794228216455,0.6022727272727271,0.5595092932264994,0.5714281775471143,0.5479960838130371,0.5619390855627666,0.11370929248916595,0.3588158305560328,0.1102765144010357,0.07193134922223471,0.671303559524543,-0.05310982531394829
2013-08-25,0.14846040381659062,0.5362695337222337,0.4385523563157791,0.46590909090909105,0.5289071068238217,0.5595092932264994,0.5714281775471143,0.5479960838130371,0.11323670493050603,0.33306987243441144,0.08356676003734827,0.07268153070234415,0.6711381426409798,-0.04652001563489293
2013-09-01,0.14439129213496454,0.5284222473890192,0.39637551793210374,0.4558823529411764,0.531767505390883,0.5289071068238217,0.5595092932264994,0.5714281775471143,0.11181894225452621,0.31096849115223274,0.08408963585434173,0.07061786031844619,0.6708633371731247,-0.01438873745209978
2013-09-08,0.1402727175322511,0.5203984010401821,0.38388664135232714,0.4666666666666661,0.5457145336888358,0.531767505390883,0.5289071068238217,0.5595092932264994,0.11025940331094844,0.2904457799616382,0.08460205415499533,0.06686141664692213,0.6707041456561471,0.019139340210697506
2013-09-15,0.13848011365337362,0.516855718751681,0.404768698842982,0.5714285714285711,0.5602678622330272,0.5457145336888358,0.531767505390883,0.5289071068238217,0.1099285920198865,0.271388976713229,0.08510422408963585,0.06245320122298328,0.6708153129166063,0.018779894651596275
2013-09-22,0.13853028004392737,0.5169147503472072,0.42596834532762956,0.6428571428571423,0.5601118398875781,0.5602678622330272,0.5457145336888358,0.531767505390883,0.10921971068189659,0.26908004372951916,0.08559635062558357,0.06388039327446779,0.6709833978144206,-0.009345862418237658
2013-09-29,0.13803696484554837,0.5159024046962842,0.41585374270125813,0.44999999999999957,0.5479034637525636,0.5601118398875781,0.5602678622330272,0.5457145336888358,0.10973955699642249,0.2669360345303601,0.08607863463081232,0.056924840618847485,0.6709500778737777,-0.038282186571016924
2013-10-06,0.13513679103631526,0.510109014216038,0.3756936687405869,0.24999999999999953,0.53534324969878,0.5479034637525636,0.5601118398875781,0.5602678622330272,0.1099758507757525,0.27707472063600747,0.0865512729559365,0.0582868709918656,0.6706992845341818,0.024097551579060524
2013-10-13,0.13468841637937132,0.5091473191919641,0.4061415576595701,0.37500000000000017,0.5624200428549242,0.53534324969878,0.5479034637525636,0.5601118398875781,0.11040117957854642,0.28648921487696577,0.0870144585145582,0.05311098937843097,0.6707333764202813,-0.028987536873252298
2013-10-20,0.13252383775012386,0.5047362802409284,0.37481650566610086,0.22500000000000006,0.539377721705054,0.5624200428549242,0.53534324969878,0.5479034637525636,0.1099285920198865,0.2998347143020378,0.08746838036200746,0.052445214803383926,0.6706487487869152,-0.009852296443011594
2013-10-27,0.13036377294698664,0.5002797368390738,0.3643270176468692,0.17500000000000007,0.5476836390187206,0.539377721705054,0.5624200428549242,0.53534324969878,0.10931422819362857,0.3122269637681761,0.08791322377250774,0.051366950976364116,0.6704717705082641,0.11668232008019801
2013-11-03,0.13717190171793334,0.5138827817726652,0.5096889913175204,0.7999999999999997,0.6026077496401552,0.5476836390187206,0.539377721705054,0.5624200428549242,0.10964503948469051,0.2975516547063289,0.08834917031479803,0.05726637467555903,0.6707012197338519,-0.0088496152769825
2013-11-10,0.14198876648511555,0.523445442506195,0.4978259238687825,0.7499999999999998,0.5481188667278978,0.6026077496401552,0.5476836390187206,0.539377721705054,0.1099758507757525,0.2873736965574325,0.08877639792624249,0.058143965180050196,0.6703748326571437,0.0
2013-11-17,0.145852856338656,0.5310788652177809,0.4978259238687825,0.7317073170731709,0.5519601653526182,0.5481188667278978,0.6026077496401552,0.5476836390187206,0.1098340745081545,0.26322505765095405,0.08919508098545806,0.06079904896355363,0.6707190064955253,0.021978906718775167
2013-11-24,0.15058199805223407,0.540363657960519,0.5258889237943991,0.7777777777777775,0.5615004155792332,0.5519601653526182,0.5481188667278978,0.6026077496401552,0.10973955699642249,0.24584255419701356,0.09003437391784179,0.06234439474785455,0.6710782990813294,0.04671762456745978
2013-12-01,0.15792166936952423,0.5546031897852538,0.5832244361175534,0.9999999999999999,0.5722386002206225,0.5615004155792332,0.5519601653526182,0.5481188667278978,0.11073199086960836,0.23099421620688104,0.09135500055840153,0.06423940326918157,0.6718386831428702,0.04859255523686507
2013-12-08,0.1675540970641916,0.5729298299491737,0.6378513448857182,0.9999999999999999,0.5730524399612681,0.5722386002206225,0.5615004155792332,0.5519601653526182,0.11276411737184605,0.23183050019057355,0.09304753422054547,0.07243967814165095,0.6723064749748824,-0.032131278182793065
2013-12-15,0.17225082002622116,0.5816314062574208,0.5795113294008496,0.8474576271186441,0.5380131370546654,0.5730524399612681,0.5722386002206225,0.5615004155792332,0.11455995009475384,0.23375587471645426,0.09555417202164684,0.07499372872827803,0.6721668488957456,-0.012320484388040736
2013-12-22,0.17468257709142873,0.5859915170076494,0.5581493687207484,0.7966101694915252,0.5466122877043361,0.5380131370546654,0.5730524399612681,0.5722386002206225,0.1160249715265996,0.23554372249048633,0.09831736325579993,0.07092472302748026,0.6720800130359177,0.032523191705560145
2013-12-29,0.1789543148116189,0.5936484379712088,0.5982332759490632,0.9259259259259257,0.5660773091673359,0.5466122877043361,0.5380131370546654,0.5730524399612681,0.11767902798190935,0.2372038668520875,0.10074897154185464,0.06622627143350154,0.6722223071293054,0.0
2014-01-05,0.1819700510149348,0.5988769983164351,0.5982332759490632,0.9259259259259257,0.5519601653526182,0.5660773091673359,0.5466122877043361,0.5380131370546654,0.1194276019489511,0.21956772514737916,0.10288878683358278,0.06554378015490173,0.672435748269387,-0.05340077672711518
2014-01-12,0.17966290890726738,0.5944294734505657,0.5014245089347416,0.6851851851851852,0.5287808153152896,0.5519601653526182,0.5660773091673359,0.5466122877043361,0.12093988213666287,0.20319130785014988,0.10477182429030354,0.0635299045170592,0.672294343514083,0.0
2014-01-19,0.1775161769366702,0.5903121584849323,0.5014245089347416,0.6851851851851852,0.5519601653526182,0.5287808153152896,0.5519601653526182,0.5660773091673359,0.12221586854504468,0.1988472356132845,0.10642889725221781,0.06073978798153889,0.6724624284118973,-0.008474626990972232
2014-01-26,0.17485736134829846,0.5853033626211808,0.48652037011643473,0.6481481481481481,0.5482816356101885,0.5519601653526182,0.5287808153152896,0.5519601653526182,0.1236808899768905,0.18268549331210476,0.11858076563958915,0.059989143799317406,0.6723763947350208,0.057867382320548735
2014-02-02,0.17712544259978488,0.5892112838637305,0.5720220954882311,0.8888888888888892,0.5770783076861328,0.5482816356101885,0.5519601653526182,0.5287808153152896,0.12590205150259215,0.1755160316358615,0.11835667600373481,0.05929211705868317,0.6726858843881391,-0.12382535011234608
2014-02-09,0.16898993809491744,0.5743505464044724,0.3891961327722377,0.24444444444444502,0.49821204950748976,0.5770783076861328,0.5482816356101885,0.5519601653526182,0.1255712402115302,0.17648075857569395,0.11813706816059757,0.06554554662380754,0.6723995175251963,-0.004555816535860802
2014-02-16,0.16206734199700285,0.5616293844453198,0.3840259091898877,0.2222222222222223,0.54998264980579,0.49821204950748976,0.5770783076861328,0.5482816356101885,0.12528768767633425,0.1901235997993042,0.1175198954248366,0.06767194601847118,0.6721407201428473,0.04900757910669461
2014-02-23,0.1601472717930975,0.5580639552214823,0.4514681585364257,0.46666666666666634,0.5732325868456811,0.54998264980579,0.49821204950748976,0.5770783076861328,0.1255239814556642,0.20279195236408515,0.11632304343604108,0.06918641516332558,0.6722812355600677,-0.02643325706815537
2014-03-02,0.1565395259357325,0.5513870221954145,0.4172802060277812,0.3333333333333339,0.5404864423889904,0.5732325868456811,0.54998264980579,0.49821204950748976,0.12524042892046824,0.21455542260281035,0.1151980025665733,0.0701326633619285,0.6721691789615248,0.004454350349380153
2014-03-09,0.15396842938800448,0.5466132435658917,0.42366257760178067,0.3555555555555557,0.5538936380896309,0.5404864423889904,0.5732325868456811,0.54998264980579,0.12448428882661233,0.21771793235762477,0.11414046414927356,0.06733096577339368,0.6722874609266535,-0.06899287148695143
2014-03-16,0.1469410206551379,0.5334796433318426,0.34160058990372527,0.12000000000000009,0.5220128496712633,0.5538936380896309,0.5404864423889904,0.5732325868456811,0.12245216232437467,0.24142793916466504,0.11314637803701183,0.06886979065003929,0.6719041562125903,-0.009569451016150672
2014-03-23,0.14080674784597427,0.521862576941298,0.33151398744186683,0.22222222222222235,0.547806412011128,0.5220128496712633,0.5538936380896309,0.5404864423889904,0.12070358835733291,0.2708570636836541,0.1117137154130985,0.06707838741273453,0.6709125442492944,0.06062462181643484
2014-03-30,0.14040882107918073,0.5210794439310644,0.4198908152966487,0.46296296296296285,0.5782751258473832,0.547806412011128,0.5220128496712633,0.5538936380896309,0.11971115448414704,0.2750838906310056,0.10969267066917428,0.06587498612828477,0.6714123522523188,0.01793770068666725
2014-04-06,0.1415297036410161,0.5231939943338483,0.444952744850068,0.537037037037037,0.5597462738806982,0.5782751258473832,0.547806412011128,0.5220128496712633,0.11852968558749724,0.26250560713713245,0.09150326797385619,0.06751780955100961,0.6722839035743188,0.030636969461889804
2014-04-13,0.1448211008274926,0.5294400015980582,0.4876049230172104,0.6666666666666663,0.5652585681617949,0.5597462738806982,0.5782751258473832,0.547806412011128,0.11767902798190938,0.25082577246425025,0.09183940242763772,0.06260266434087405,0.672569381099178,0.029726180265200904
2014-04-20,0.14977553486020956,0.5387957035955875,0.52788034668545,0.7962962962962964,0.564863227440289,0.5652585681617949,0.5597462738806982,0.5782751258473832,0.11777354549364136,0.23375062608478692,0.09216881419234359,0.06355913587660456,0.672667208288382,-0.0340458414097171
2014-04-27,0.15100976777032912,0.541114066734488,0.47364600233717896,0.6481481481481481,0.53718209425107,0.564863227440289,0.5652585681617949,0.5597462738806982,0.1174899929584454,0.21789513301814234,0.09301987675070027,0.06260710970187838,0.6726294772308441,0.012903404835907782
2014-05-04,0.15295748677569354,0.5447602613575699,0.49207412661156297,0.7037037037037033,0.5575610677307477,0.53718209425107,0.564863227440289,0.5652585681617949,0.11744273420257942,0.20541862218289675,0.09383689680672269,0.06126304081801367,0.6726932872383476,0.004264398786457739
2014-05-11,0.15477978337295376,0.5481551971514014,0.49843494225219914,0.7222222222222223,0.5538111869711834,0.5575610677307477,0.53718209425107,0.564863227440289,0.11678111162045549,0.1922970007417243,0.0946212360605042,0.059094887696901334,0.6728160158938946,0.02521141934649607
2014-05-18,0.15813861078195496,0.5543746732046394,0.5366120819380593,0.957446808510638,0.5629035326552435,0.5538111869711834,0.5575610677307477,0.53718209425107,0.11777354549364136,0.17875158842652844,0.09537420174413445,0.05662155807710661,0.672956531311115,0.012371291802546829
2014-05-25,0.1616696577506983,0.560849424479974,0.5552834537357192,0.9999999999999999,0.5573300966659872,0.5629035326552435,0.5538111869711834,0.5575610677307477,0.11895501439029116,0.17062337135755562,0.0960970488004195,0.05432489485872578,0.6732775823593211,-0.012371291802546829
2014-06-01,0.16330871894966187,0.5638051643020942,0.5294989349427819,0.8333333333333335,0.5465902340392491,0.5573300966659872,0.5629035326552435,0.5538111869711834,0.11947486070481711,0.17168957071824875,0.09716595976595176,0.053572412749371974,0.6725020795503579,0.03666398437159131
2014-06-08,0.16742012790078595,0.5712097468702684,0.5868656041528155,0.8999999999999997,0.567874677829751,0.5465902340392491,0.5573300966659872,0.5629035326552435,0.12070358835733291,0.18071652971273655,0.09872975114527319,0.05379376851963855,0.6729129537450149,0.058268908123975824
2014-06-15,0.17540838355358052,0.5854058937270881,0.6659639310405754,0.932432432432432,0.5772525955470419,0.567874677829751,0.5465902340392491,0.5573300966659872,0.12259393859197262,0.20510766861356072,0.10080822327631077,0.059059803529837744,0.6751149548401904,-0.05826890812397576
2014-06-22,0.17640964159701428,0.5870014771493864,0.5440657992565463,0.7297297297297294,0.5266677351581944,0.5772525955470419,0.567874677829751,0.5465902340392491,0.12448428882661233,0.22775658330718318,0.10383728690332153,0.05842915823702347,0.6750524423769508,0.0769610411361284
2014-06-29,0.18351428787413718,0.5992205872008206,0.6391145980195672,0.9552238805970151,0.5853661759214822,0.5266677351581944,0.5772525955470419,0.567874677829751,0.12741433169030392,0.2614496909208072,0.106502862895091,0.0615239156666478,0.6752356460221876,-0.06899287148695156
2014-07-06,0.18273754650527646,0.5975886267453597,0.5208375289677323,0.6612903225806451,0.5220128496712633,0.5853661759214822,0.5266677351581944,0.5772525955470419,0.12887935312214968,0.29273614799060105,0.10943559934468022,0.06255744067910876,0.6747918663184346,0.057819570888826236
2014-07-13,0.1867214972793996,0.6041441149794532,0.5867813632605123,0.8867924528301883,0.5770575544690524,0.5220128496712633,0.5853661759214822,0.5266677351581944,0.1308642208685214,0.3195228926532572,0.11195775269132695,0.06259705331887025,0.6751066920000549,-0.04598511324182338
2014-07-20,0.1854498929341879,0.601640941267878,0.5170373559096748,0.6603773584905654,0.5319996872160299,0.5770575544690524,0.5220128496712633,0.5853661759214822,0.13195117225343928,0.3443962984114378,0.11412680456944313,0.06033361359055386,0.6747883089660999,0.0
2014-07-27,0.1840485311874302,0.5989482432221319,0.5170373559096748,0.6603773584905654,0.5519601653526182,0.5319996872160299,0.5770575544690524,0.5220128496712633,0.13270731234729516,0.3674930323297484,0.11599218918462306,0.05271131318340371,0.6750906839145489,-0.019802627296179643
2014-08-03,0.18090591444928456,0.5933288881675469,0.4875010618150422,0.5660377358490564,0.5433645594852632,0.5519601653526182,0.5319996872160299,0.5770575544690524,0.13360522870874902,0.3759515412689883,0.12745098039215685,0.047933685699144905,0.6750146988686797,0.0
2014-08-10,0.17809044303267718,0.5883100792006979,0.4875010618150421,0.5399999999999999,0.5519601653526182,0.5433645594852632,0.5519601653526182,0.5319996872160299,0.1343613688026049,0.3838058709982825,0.12723622782446312,0.04211718358461907,0.6750559525943671,0.0
2014-08-17,0.1755633671975212,0.5838183497066486,0.4875010618150421,0.4651162790697676,0.5519601653526182,0.5519601653526182,0.5433645594852632,0.5519601653526182,0.1350702501405948,0.3955172226261368,0.12702577030812323,0.03809627964313061,0.6755086256789569,0.0
2014-08-24,0.17329104090150993,0.5797902825946866,0.4875010618150421,0.4249999999999999,0.5519601653526182,0.5519601653526182,0.5519601653526182,0.5433645594852632,0.13549557894338876,0.41463366137515206,0.12681952194211016,0.03712285059860521,0.6773202073553997,0.0
2014-08-31,0.1712442001566349,0.5761710224761782,0.4875010618150421,0.37837837837837857,0.5519601653526182,0.5519601653526182,0.5519601653526182,0.5519601653526182,0.1357791314785847,0.4294126444914877,0.12661739854341736,0.03253859557002262,0.677399723962799,0.0
2014-09-07,0.1693973477010533,0.5729130203841646,0.4875010618150422,0.30303030303030315,0.5519601653526182,0.5519601653526182,0.5519601653526182,0.5519601653526182,0.13620446028137864,0.44313598595665643,0.12620256254565826,0.026901653592910434,0.67744297158447,0.031498667059371016
2014-09-14,0.1703771290091194,0.5744874138278588,0.5451126051387025,0.49999999999999994,0.5656325999917139,0.5519601653526182,0.5519601653526182,0.5519601653526182,0.13658253032830656,0.46693610189374196,0.12580431998780953,0.02534770695854382,0.6775116133657821,0.1508228897345837
2014-09-21,0.1848181731999089,0.5985442179267958,0.7402894775139215,0.9999999999999999,0.6174269388541386,0.5656325999917139,0.5519601653526182,0.5519601653526182,0.13823658678361633,0.5203419490429289,0.11624649859943977,0.04046636134777246,0.6795179600825493,-0.03390155167568134
2014-09-28,0.19242336387269388,0.6106771348546111,0.6634648712220725,0.8039215686274507,0.5372447252174527,0.6174269388541386,0.5656325999917139,0.5519601653526182,0.14012693701825607,0.5699330928243167,0.11671335200746964,0.04116381906796287,0.6776547967972535,-0.04948005726336981
2014-10-05,0.19326170949997,0.6116173364295804,0.5684445356920385,0.5294117647058817,0.5304826581426464,0.5372447252174527,0.6174269388541386,0.5656325999917139,0.14041048955345203,0.5946733302168713,0.1171802054154995,0.04135141380080642,0.6776268573520168,0.08004270767353656
2014-10-12,0.20104000937272887,0.6235680953838636,0.6566448891407821,0.9803921568627453,0.5867038161534572,0.5304826581426464,0.5372447252174527,0.6174269388541386,0.14263165107915368,0.6309109785031688,0.11763772175536878,0.04566601011873198,0.6783160943668637,-0.0033500868852820854
2014-10-19,0.2062202506501306,0.631092274370009,0.6501363336252064,0.96078431372549,0.5505060135344483,0.5867038161534572,0.5304826581426464,0.5372447252174527,0.14409667251099947,0.6650474413039207,0.11808608776844068,0.04599206435528242,0.6684337695810847,0.00668898815079671
2014-10-26,0.2102992797317791,0.6366952984270765,0.657534271918788,0.8225806451612903,0.5548636137150861,0.5505060135344483,0.5867038161534572,0.5304826581426464,0.14622331652496917,0.7018757217985745,0.11852548646125112,0.051355319369888054,0.6922724769139507,-0.0033389012655145986
2014-11-02,0.2124757131772957,0.6392420909342236,0.6501603740091377,0.8064516129032261,0.5505108688083201,0.5548636137150861,0.5505060135344483,0.5867038161534572,0.14830270178307287,0.7338776630893264,0.11959212339869275,0.05633548474059331,0.6761585601758721,0.0033389012655146303
2014-11-09,0.21379893161340327,0.6404306571571716,0.6543755777447695,0.8225806451612903,0.5534094618969163,0.5505108688083201,0.5548636137150861,0.5505060135344483,0.15066563957637255,0.7635937514307389,0.12061609485863674,0.04945880954434504,0.690038459647763,-0.04779066383634855
2014-11-16,0.209471907907206,0.6331341425334913,0.5502879461223447,0.5967741935483868,0.5312159628620852,0.5534094618969163,0.5505108688083201,0.5548636137150861,0.15236695478754828,0.7626810064052243,0.12159910746018297,0.049053904957446985,0.6899869260631665,0.09658082800578054
2014-11-23,0.21500521016148233,0.6406403373491599,0.6698573876806397,0.9999999999999999,0.5938824173580702,0.5312159628620852,0.5534094618969163,0.5505108688083201,0.1554387739188378,0.7788969312748896,0.12254279955766734,0.06017903659580192,0.6905160822229522,0.16632121544751352
2014-11-30,0.23747193505374017,0.6721719180505908,0.8080717088313512,0.9999999999999999,0.6241542027388626,0.5938824173580702,0.5312159628620852,0.5534094618969163,0.16120434213448898,0.8138096027248913,0.124013760995972,0.07879031839198747,0.6918358599391236,-0.2490129312926269
2014-12-07,0.22692490005851135,0.6558647055162673,0.47697209411647984,0.32786885245901626,0.4438726383162892,0.6241542027388626,0.5938824173580702,0.5312159628620852,0.16309469236912869,0.7902736364968208,0.12798621753926342,0.1075733373860629,0.6896649856768767,0.08269171584511341
2014-12-14,0.22606162908224606,0.6535565325682083,0.5384939393995172,0.5327868852459013,0.5878536550027027,0.4438726383162892,0.6241542027388626,0.5938824173580702,0.16616651150041822,0.7640786925230517,0.13164087755909154,0.11037810835637443,0.6901194374376338,0.018868484304382736
2014-12-21,0.2265040506064707,0.6531300858606938,0.5525215614236487,0.5603448275862066,0.5601502934588082,0.5878536550027027,0.4438726383162892,0.6241542027388626,0.1691438131199758,0.7477058558111739,0.1330532212885154,0.10700195901918835,0.6920653091647113,-0.0031201273362435225
2014-12-28,0.22564662034318322,0.6509001403864004,0.5491969210759649,0.4583333333333335,0.5506058306758511,0.5601502934588082,0.5878536550027027,0.4438726383162892,0.17008898823729568,0.7243889223812566,0.1330532212885154,0.1034069186273252,0.6914089776589603,-0.048009219186360724
2015-01-04,0.21914498216416411,0.6408924315767177,0.4992148715087858,0.3020833333333332,0.5311210958719222,0.5506058306758511,0.5601502934588082,0.5878536550027027,0.17079786957528556,0.6907108126668481,0.17366946778711484,0.10604924635878474,0.6900598517860277,-0.06782259633876106
2015-01-11,0.2066397733650619,0.6226161120766784,0.4378819873589321,0.09375000000000025,0.5225208238799253,0.5311210958719222,0.5506058306758511,0.5601502934588082,0.17122319837807948,0.6544537172337883,0.17291316526610642,0.10436243518628344,0.6897708169088339,0.10008345855698243
2015-01-18,0.206129053312579,0.621342294388208,0.5206282593075282,0.40624999999999994,0.5954027828765839,0.5225208238799253,0.5311210958719222,0.5506058306758511,0.1719793384719354,0.6271360415364954,0.17131876750700278,0.10739655631372208,0.6899131110022216,-0.048790164169431945
2015-01-25,0.20012147660391222,0.6123995495855048,0.47533220818447325,0.25000000000000006,0.5307821158376991,0.5954027828765839,0.5225208238799253,0.5311210958719222,0.17207385598366737,0.6017696283890093,0.1697881456582633,0.10561350871586814,0.6897886036705073,-0.013423020332140661
2015-02-01,0.19351794714929066,0.6026978380721284,0.46333542112976805,0.2083333333333334,0.5461337166395813,0.5307821158376991,0.5954027828765839,0.5225208238799253,0.1718848209602034,0.5697898849585141,0.16831874868347338,0.101197554188147,0.6896365268581992,-0.04845238338594686
2015-02-08,0.18321163075906505,0.5877882015168128,0.42162789009482565,0.06250000000000001,0.5309287342858968,0.5461337166395813,0.5307821158376991,0.5954027828765839,0.1710814221104815,0.536375534611193,0.16690812758767506,0.09709702498383455,0.6896365268581992,0.0
2015-02-15,0.1747572981756168,0.5755069047868403,0.42162789009482565,0.06250000000000001,0.5519601653526182,0.5309287342858968,0.5461337166395813,0.5307821158376991,0.17023076450489363,0.505347923574395,0.1647927995962801,0.08684876662002147,0.6896486343068703,0.06187540371808745
2015-02-22,0.17381032304498323,0.57403997373205,0.4800259125644358,0.25000000000000006,0.5788180451323763,0.5519601653526182,0.5309287342858968,0.5461337166395813,0.17089238708701754,0.490703858451312,0.16280439128436885,0.08837359660105065,0.6897775883290029,-0.010050335853501338
2015-03-01,0.1718026072111667,0.5710593402495152,0.469703385530062,0.21875000000000033,0.5475976772575203,0.5788180451323763,0.5519601653526182,0.5309287342858968,0.17004172948142965,0.4771057979798777,0.16008816323091907,0.08518906436724508,0.6896868758444683,0.010050335853501286
2015-03-08,0.17097338244916443,0.5697869898057006,0.47989384971359567,0.3076923076923078,0.556322653447716,0.5475976772575203,0.5788180451323763,0.5519601653526182,0.16663909905907817,0.45554617873370834,0.15758923342174525,0.0859123553516632,0.6899643493265744,0.0
2015-03-15,0.17008358887141709,0.5684355560428948,0.47989384971359567,0.43636363636363645,0.5519601653526182,0.556322653447716,0.5475976772575203,0.5788180451323763,0.16711168661773812,0.4355265322908369,0.15529021799730533,0.07646300196157668,0.6900179319461157,0.016529301951210506
2015-03-22,0.17081204433503777,0.5694080441920897,0.49871035489485743,0.527272727272727,0.5591349388162644,0.5519601653526182,0.556322653447716,0.5475976772575203,0.1666390990590782,0.42152873838107824,0.15317512380682063,0.06998882527887695,0.7308963569621644,0.04800921918636066
2015-03-29,0.1761111835354096,0.5768607267875859,0.5525797769002774,1.0,0.5727992348333141,0.5591349388162644,0.5519601653526182,0.556322653447716,0.16659184030321217,0.42117553092303356,0.1512292371515747,0.07087775846922625,0.7308963569621644,-0.048009219186360724
2015-04-05,0.17499757484282177,0.5751738398456878,0.48674312659956437,0.6590909090909085,0.5311210958719222,0.5727992348333141,0.5591349388162644,0.5519601653526182,0.1658829589652223,0.40954491661628983,0.14943902142874846,0.07584359764054999,0.7307905257302072,-0.0032840752011898846
2015-04-12,0.1735080009710759,0.5729680879654648,0.48244753037063964,0.6363636363636362,0.5505346668242674,0.5311210958719222,0.5727992348333141,0.5591349388162644,0.1658357002093563,0.4107831445306424,0.12885154061624648,0.07447415449001815,0.7278263618973237,0.04816340137862294
2015-04-19,0.1770386447476017,0.5778343996855144,0.5395603572795229,0.9772727272727266,0.5728661597588115,0.5505346668242674,0.5311210958719222,0.5727992348333141,0.16744249790880006,0.41193292759396977,0.12926237161531276,0.07274248412861956,0.7278569293365976,-0.06140862812864349
2015-04-26,0.17320444284351058,0.5723437185625125,0.45704689192843423,0.5454545454545454,0.5253048960111293,0.5728661597588115,0.5505346668242674,0.5311210958719222,0.16673361657081015,0.38999155578057787,0.12966498599439774,0.07297468282236824,0.7277057418623731,-0.0033389012655145986
2015-05-03,0.16960378462656206,0.5671970926927623,0.45290618130633215,0.5227272727272732,0.5505108688083201,0.5253048960111293,0.5728661597588115,0.5505346668242674,0.16668635781494417,0.3623296918968887,0.130059548085901,0.07135011758008755,0.7275723411498222,0.0033389012655146303
2015-05-10,0.16688936063254134,0.5633111675738052,0.45728315297454564,0.5454545454545454,0.5534094618969163,0.5505108688083201,0.5253048960111293,0.5728661597588115,0.16687539283840813,0.34101998704222114,0.1304462189355742,0.06938154813349359,0.7276755043675283,0.0
2015-05-17,0.16456910066864447,0.5599906263305237,0.45728315297454564,0.5454545454545454,0.5519601653526182,0.5534094618969163,0.5505108688083201,0.5253048960111293,0.16772605044399602,0.31526861976452614,0.13082515636825393,0.07077390284156068,0.7309909567434628,0.0
2015-05-24,0.16258410038605686,0.5571507528845324,0.4572831529745454,0.5454545454545454,0.5519601653526182,0.5519601653526182,0.5534094618969163,0.5505108688083201,0.1685767080495839,0.2913566358638094,0.13119651505228008,0.06700631327552845,0.7343144131621504,-0.04430025889657995
2015-05-31,0.15657992485642938,0.5486026250317563,0.3922752237082437,0.21428571428571477,0.5327310216838763,0.5519601653526182,0.5519601653526182,0.5534094618969163,0.16796234422332598,0.2804848462826585,0.14939309056956115,0.06902837219506916,0.7287009111780037,-0.01403531811638348
2015-06-07,0.15047526016313473,0.5398585831445909,0.37341615688135926,0.11904761904761957,0.5458679402681894,0.5327310216838763,0.5519601653526182,0.5519601653526182,0.16730072164120208,0.2703896131001613,0.14900093370681605,0.0663055525470243,0.7286189177640414,0.054996675747448764
2015-06-14,0.15098368604796125,0.5405891769345754,0.4611299700397709,0.5000000000000004,0.5758322375614906,0.5458679402681894,0.5327310216838763,0.5519601653526182,0.1672534628853361,0.2507294692138522,0.14861661998132586,0.0660774429105061,0.7287075065092322,-0.01008411906662616
2015-06-21,0.15037637428035486,0.5397162716713177,0.4453946179493257,0.4285714285714285,0.5475830131838794,0.5758322375614906,0.5458679402681894,0.5327310216838763,0.16706442786187214,0.23565726827368233,0.14823999253034545,0.06632567139821532,0.7266709222976201,-0.09193749532568549
2015-06-28,0.14128623955084507,0.5265583789833158,0.3275010438507419,0.0,0.5120534164939028,0.5475830131838794,0.5758322375614906,0.5458679402681894,0.16541037140656234,0.23375881177652486,0.14787089762838468,0.07023652590975435,0.7253280217912733,0.0183491386681964
2015-07-05,0.13591810122685188,0.5186820535189287,0.35563903219533294,0.09999999999999963,0.5599248642604083,0.5120534164939028,0.5475830131838794,0.5758322375614906,0.1632837273925927,0.23199595931487865,0.146998078529972,0.07340798909170726,0.7254747625750794,0.0
2015-07-12,0.1318716691742949,0.5126684618375715,0.35563903219533294,0.09999999999999963,0.5519601653526182,0.5599248642604083,0.5120534164939028,0.5475830131838794,0.16186596471661288,0.23035902488620713,0.14616017219549576,0.07083238424409294,0.727401068864316,0.018018505502678212
2015-07-19,0.1305624383080459,0.5106653356560369,0.3858637688186431,0.31578947368421006,0.5597813483352251,0.5519601653526182,0.5599248642604083,0.5120534164939028,0.16073175457582903,0.2391937113885213,0.14535578211439862,0.0707409740651174,0.7275060107581894,-0.10140011444172936
2015-07-26,0.12081705417413394,0.4959493446268759,0.27306664823492477,0.2771084337349397,0.507946035024874,0.5597813483352251,0.5519601653526182,0.5599248642604083,0.1576126766886735,0.2721291615513721,0.1439733707617644,0.08537751970501894,0.7268185524195099,0.10140011444172942
2015-08-02,0.12245328871301205,0.4982834836514093,0.4149367587360589,0.6024096385542167,0.5959742956803623,0.507946035024874,0.5597813483352251,0.5519601653526182,0.15666750157135365,0.2851128168896854,0.141045603808573,0.08838757248769097,0.7438974009783742,-0.014388737452099669
2015-08-09,0.12272360781861366,0.4985604981915008,0.39847192440685447,0.5542168674698794,0.5457145336888359,0.5959742956803623,0.507946035024874,0.5597813483352251,0.15558055018643577,0.29716906827526196,0.13835205821163693,0.08060159618864982,0.7438592883947984,-0.1314631395604636
2015-08-16,0.11198730583644521,0.48190805857809654,0.27997819120258116,0.15000000000000008,0.4948967607424214,0.5457145336888359,0.5959742956803623,0.507946035024874,0.15283954234620817,0.32989476330521234,0.13587399626245575,0.08717309841668106,0.7436511832832189,-0.0998659963401856
2015-08-23,0.09639217271062359,0.45702525729589183,0.21887286073266043,0.0,0.5086119403291358,0.4948967607424214,0.5457145336888359,0.5959742956803623,0.14901158312106272,0.37078008187917677,0.13359417926920905,0.08821471726204413,0.7431407032231903,0.09572520367415427
2015-08-30,0.09206805365844742,0.44949638878595066,0.3200992124321545,0.4100000000000001,0.5935110217136854,0.5086119403291358,0.4948967607424214,0.5457145336888359,0.14622331652496917,0.38052908603836816,0.1304588509781425,0.1085038070693071,0.7459430075248452,0.024591403137322113
2015-09-06,0.0913259768374286,0.4476336352481227,0.34563934211612296,0.47000000000000014,0.5626344059941333,0.5935110217136854,0.5086119403291358,0.4948967607424214,0.14433296629032943,0.38958173275761737,0.12600827065348247,0.10618162555300667,0.7464321434708656,0.05129329438755048
2015-09-13,0.09571658847739878,0.45416433199249007,0.39931790142086904,0.6,0.5742247333616648,0.5626344059941333,0.5935110217136854,0.5086119403291358,0.1432460149054116,0.40148352080259775,0.12209175996778167,0.10678558161758445,0.7468190055372635,0.04879016416943204
2015-09-20,0.1040785017703946,0.46726293449858086,0.44936441484358797,0.7299999999999999,0.5731382148675374,0.5742247333616648,0.5626344059941333,0.5935110217136854,0.14201728725289578,0.39831332229627464,0.09337068160597571,0.10182586301812174,0.7468355472256198,-0.014760415583120686
2015-09-27,0.10982762658868295,0.476200489735628,0.43435502098211937,0.7187499999999999,0.5455532016253684,0.5731382148675374,0.5742247333616648,0.5626344059941333,0.14074130084451397,0.40865993983012855,0.09405228758169934,0.10136081124176294,0.7466487862280484,-0.1057736534451527
2015-10-04,0.10584858735541205,0.46938187242011153,0.34272668394895484,0.4421052631578945,0.5060476395768021,0.5455532016253684,0.5731382148675374,0.5742247333616648,0.13941805568026613,0.42508573518891046,0.0947202614379085,0.1050693786582863,0.7463997715646199,0.10204925435417037
2015-10-11,0.11184208167276133,0.4788189996600268,0.4415467664734101,0.8,0.5962560638900376,0.5060476395768021,0.5455532016253684,0.5731382148675374,0.13908724438920422,0.43166521982205897,0.09537487581699346,0.10621282550839167,0.7465447336722587,-0.011257154524634558
2015-10-18,0.11597824636226167,0.4852863367547092,0.4312924109317045,0.8124999999999999,0.5470738408243402,0.5962560638900376,0.5060476395768021,0.5455532016253684,0.13861465683054428,0.43777474126712546,0.09601639790849673,0.10129401805958563,0.7464669219259658,0.0
2015-10-25,0.11960544037286443,0.490969678182192,0.4312924109317046,0.8124999999999999,0.5519601653526182,0.5470738408243402,0.5962560638900376,0.5060476395768021,0.1379057754925544,0.4499575490245424,0.09664508955816993,0.10040691063007467,0.7465466724292811,-0.019048194970694363
2015-11-01,0.12113696949378551,0.4932804921936651,0.4123510307582215,0.7500000000000002,0.5436920313316235,0.5519601653526182,0.5470738408243402,0.5962560638900376,0.13823658678361633,0.461270156227858,0.09726120737484968,0.09820303428067187,0.7460708765545158,0.03774032798284711
2015-11-08,0.1259758320320023,0.500990226153181,0.45418312582397463,0.8750000000000003,0.5683418797480533,0.5436920313316235,0.5519601653526182,0.5470738408243402,0.1377639992249564,0.4537010360024079,0.09786500283519582,0.0947764439342266,0.7480434284241034,0.0
2015-11-15,0.1300396401899499,0.5074619090608189,0.45418312582397463,0.9818181818181817,0.5519601653526182,0.5683418797480533,0.5436920313316235,0.5519601653526182,0.13748044668976048,0.5145710290283422,0.1283846872082166,0.2089059776253679,0.7480667824421807,0.0
2015-11-22,0.13344990080600055,0.5128903495229631,0.45418312582397463,0.9818181818181817,0.5519601653526182,0.5519601653526182,0.5683418797480533,0.5436920313316235,0.1388036918540083,0.47441141343959,0.0,0.1961919004465874,0.7481278950872765,0.0
2015-11-29,0.13630925938078087,0.5174399575025095,0.45418312582397463,0.9677419354838708,0.5519601653526182,0.5519601653526182,0.5519601653526182,0.5683418797480533,0.14121388840317387,0.43848556496430713,0.0,0.18898641742533825,0.7496077536585091,0.014706147389695487
2015-12-06,0.14002886477944393,0.523370258272967,0.47470159986965105,0.9820788530465948,0.5583435732155455,0.5519601653526182,0.5519601653526182,0.5519601653526182,0.14277342734675166,0.405125848522973,0.005210084033613445,0.17861525513265497,0.7528707350875068,0.0
2015-12-13,0.1430556135517305,0.5281857375671893,0.47470159986965105,0.9820788530465948,0.5519601653526182,0.5583435732155455,0.5519601653526182,0.5519601653526182,0.1440494137551335,0.3746501479896038,0.01021176470588235,0.1685248455678301,0.7547285623443006,-0.014706147389695449
2015-12-20,0.1441805825571397,0.5299687927494545,0.4507950491408724,0.9677419354838708,0.5455767574896908,0.5519601653526182,0.5583435732155455,0.5519601653526182,0.14452200131379342,0.34497653727733757,0.0150133781512605,0.16053531327963533,0.7545818215604945,-0.003710579396535713
2015-12-27,0.14479607089648222,0.5309422006957684,0.4446386897708731,0.9641577060931898,0.5503495367448524,0.5455767574896908,0.5519601653526182,0.5583435732155455,0.14433296629032946,0.3174224701873761,0.019622927058823524,0.15127628355412143,0.7545505328680346,-0.003724399090982328
2016-01-03,0.14500537935968297,0.5312701916433272,0.43813458879508754,0.9605734767025088,0.5503435381142217,0.5503495367448524,0.5455767574896908,0.5519601653526182,0.14428570753446346,0.29120825155670943,0.02404809401008403,0.14313865767347753,0.7543868946606388,-0.04972343535243062
2016-01-10,0.140920718898994,0.524736492907552,0.35889054029907136,0.9139784946236557,0.5303770164972714,0.5503435381142217,0.5503495367448524,0.5455767574896908,0.1449000713607214,0.26685932321849876,0.028296254283294114,0.1355822907843082,0.7543615227344497,-0.06899287148695143
2016-01-17,0.1321939360934099,0.5106048359182466,0.27509462850164745,0.8530465949820787,0.5220128496712633,0.5303770164972714,0.5503435381142217,0.5503495367448524,0.14348230868474157,0.2545655830282314,0.032374488145575794,0.13684646680493545,0.7539568739063782,-0.060624621816434736
2016-01-24,0.12092295124936318,0.49195650284536285,0.21886894600645618,0.8028673835125447,0.5256452048578532,0.5220128496712633,0.5303770164972714,0.5503435381142217,0.14154469969423586,0.24760897111509833,0.036289592653366204,0.13664021080208952,0.7536544989579292,0.008888947417245774
2016-01-31,0.11308489205239239,0.4785914478082166,0.23442622050303558,0.8100358422939066,0.5558185366399992,0.5256452048578532,0.5220128496712633,0.5303770164972714,0.13970160821546213,0.24341837477080486,0.040048092980844996,0.1341484644770663,0.7540342463196579,-0.04989697114462304
2016-02-07,0.10372130540394695,0.46222762624197594,0.19253618106233678,0.7706093189964156,0.5303016908724816,0.5558185366399992,0.5256452048578532,0.5220128496712633,0.13757496420149243,0.2395271067368181,0.04365625329522465,0.12631416508725976,0.753737207399711,-0.05251803428344636
2016-02-14,0.09326921248039705,0.443382334743871,0.1553393483550511,0.7311827956989246,0.5291639819534674,0.5303016908724816,0.5558185366399992,0.5256452048578532,0.13445588631433691,0.2401755296026606,0.047120087197029106,0.11949950308977272,0.7534615125937721,-0.045120435280469655
2016-02-21,0.08274563867780442,0.423646285751704,0.1277574758261088,0.0,0.53237501271435,0.5291639819534674,0.5303016908724816,0.5558185366399992,0.1309114796243874,0.24364881061519372,0.05044536774276139,0.11271155808477293,0.7533672427569028,0.04512043528046964
2016-02-28,0.07824601542283015,0.4142508942177202,0.20106035682215495,0.24242424242424238,0.5715453179908864,0.53237501271435,0.5291639819534674,0.5303016908724816,0.12779240173723186,0.2522430832715073,0.05363763706666438,0.11238904581831982,0.7534926394267007,0.0755075525081453
2016-03-06,0.08083507770224178,0.4178277618391098,0.31488620964354147,0.41666666666666685,0.5847352689619175,0.5715453179908864,0.53237501271435,0.5291639819534674,0.12542946394393223,0.24944290132138824,0.05670221561761125,0.11024939182728033,0.7536482735913436,-0.027651531330510123
2016-03-13,0.0816639706177416,0.41819511519618363,0.28953331749982253,0.3541666666666668,0.539957633497073,0.5847352689619175,0.5715453179908864,0.53237501271435,0.12259393859197262,0.24684273236770626,0.05964421102652025,0.10366212447655385,0.7535709821078296,-0.09297645645810475
2016-03-20,0.0767999032143268,0.4077119780407379,0.2187251206776059,0.16666666666666652,0.5116024409605957,0.539957633497073,0.5847352689619175,0.5715453179908864,0.11886049687855915,0.25218801160437343,0.06246852661907288,0.10168577743116439,0.7531947920984358,-0.04189094170916014
2016-03-27,0.07117320914908241,0.395324394521971,0.19276025475694003,0.0786516853932585,0.5337768193269244,0.5116024409605957,0.539957633497073,0.5847352689619175,0.11493802014168175,0.2607167718271505,0.0651798695879234,0.09525015224425576,0.7530925182188133,-0.005361943141385399
2016-04-03,0.06733092583373101,0.3859780312187946,0.18949979500367287,0.06818181818181823,0.5496327393380203,0.5337768193269244,0.5116024409605957,0.539957633497073,0.11101554340480432,0.27065728998177335,0.06778275883801992,0.08927421457069773,0.752998248381944,0.09237332013101507
2016-04-10,0.07122161178028857,0.3919323094617984,0.31378755745888526,0.32,0.592056090031178,0.5496327393380203,0.5337768193269244,0.5116024409605957,0.10799098302938076,0.27063288179958833,0.07028153251811256,0.08786553079696469,0.7530697013609385,0.09798040836020382
2016-04-17,0.08211989146292106,0.4121579963822036,0.4295769279580742,0.7142857142857139,0.5944899246815373,0.592056090031178,0.5496327393380203,0.5337768193269244,0.10657322035340097,0.25766827149621707,0.0726803552510015,0.08793760102906953,0.7532191101589957,-0.004454350349380197
2016-04-24,0.09109977638520728,0.4288102908625006,0.4248442480544122,0.8800000000000006,0.5500266926156054,0.5944899246815373,0.592056090031178,0.5496327393380203,0.1059115977712771,0.24562970478594376,0.07498322507457489,0.0834040775998342,0.7531922468128402,-0.05035388614561491
2016-05-01,0.09516318431073449,0.43592297635165056,0.3736359759827776,0.7173913043478262,0.530103360559808,0.5500266926156054,0.5944899246815373,0.592056090031178,0.10539175145675117,0.23501154305811078,0.07719398010520534,0.07919437727268716,0.7531790686011164,0.02777956410707567
2016-05-08,0.10095725961581112,0.44659774370339134,0.40700338215479054,0.8666666666666665,0.564018271615993,0.530103360559808,0.5500266926156054,0.5944899246815373,0.10506094016568918,0.23609423033291704,0.07931630493461057,0.08264608308624002,0.7534120751790389,-0.03721359634043432
2016-05-15,0.10340566475065,0.4507784577637561,0.3693195362794997,0.6326530612244894,0.5358070861543379,0.564018271615993,0.530103360559808,0.5500266926156054,0.10487190514222522,0.2306782793419841,0.0813537367708396,0.08217088185444438,0.7533178053421694,0.09487923819024349
2016-05-22,0.11280718250990868,0.4687804334536384,0.4786304832698481,0.9999999999999999,0.593143818626523,0.5358070861543379,0.564018271615993,0.530103360559808,0.10619515030647303,0.23069461931003288,0.08330967133361945,0.08725015851291906,0.7534814435495654,-0.14842000511827322
2016-05-29,0.11000018650040733,0.46282118115168663,0.3443396179460107,0.38461538461538464,0.4875363973471674,0.593143818626523,0.5358070861543379,0.564018271615993,0.10643144408580299,0.23128471635209336,0.08518736851388811,0.09242667427455026,0.7532822318188225,0.024692612590371414
2016-06-05,0.10991127142485886,0.4621728697168914,0.36871099727234297,0.4705882352941173,0.5626783373652312,0.4875363973471674,0.593143818626523,0.5358070861543379,0.10647870284166897,0.23183266360543525,0.08698995780694603,0.0871124581775902,0.7534218578979592,0.07061756721395362
2016-06-12,0.11526404650377524,0.47240708805055376,0.43792721550571684,0.7647058823529416,0.5826127028166594,0.5626783373652312,0.4875363973471674,0.593143818626523,0.10647870284166897,0.22375762288704681,0.08872044352828164,0.08677827473231714,0.7537206754940735,0.15154989812720088
2016-06-19,0.13177261895883388,0.5045495515910687,0.5690146659376836,0.9999999999999999,0.6177425069609221,0.5826127028166594,0.5626783373652312,0.4875363973471674,0.10846357058804071,0.217695037647529,0.09038170982076382,0.09382867479332438,0.7539759155240878,-0.023716526617316044
2016-06-26,0.14292662621415303,0.5258751922373384,0.542761484511755,0.8734177215189871,0.541665677035686,0.6177425069609221,0.5826127028166594,0.5626783373652312,0.11106280216067033,0.21455332136832533,0.09197652546154671,0.08841431580216619,0.7537500236508348,-0.09651090038084373
2016-07-03,0.14412943542108983,0.5281455574135706,0.4507096582870522,0.5822784810126581,0.5100682664055863,0.541665677035686,0.6177425069609221,0.5826127028166594,0.11295315239531006,0.1964406431455828,0.09350754847669827,0.08936727626285176,0.753680280868975,-0.0778424867639339
2016-07-10,0.13950869048590112,0.5193229257511524,0.3919912927815227,0.2537313432835822,0.5181715510465429,0.5100682664055863,0.541665677035686,0.6177425069609221,0.11408736253609386,0.19296598565114048,0.0949773305712438,0.08933207896167897,0.7530524081819016,-0.07410797215372196
2016-07-17,0.1310402152261305,0.5029016938650944,0.3450351837516143,0.02985074626865673,0.5197925690667858,0.5181715510465429,0.5100682664055863,0.541665677035686,0.11366203373329994,0.19614133532964323,0.13025210084033612,0.08653912828087607,0.752759815952373,0.09763846956391607
2016-07-24,0.13124258528417174,0.5031923489866277,0.42218383399859444,0.3283582089552237,0.5943415013900372,0.5197925690667858,0.5181715510465429,0.5100682664055863,0.11318944617464002,0.17991924960923666,0.12946778711484594,0.09544678854631933,0.7532649599838995,-0.02830377616285182
2016-07-31,0.12962711811076985,0.4999129148367296,0.4022436820716386,0.23880597014925353,0.53967451755372,0.5943415013900372,0.5197925690667858,0.5181715510465429,0.11248056483665012,0.16485588429743053,0.12869915966386553,0.09221707289518496,0.7531271125809301,0.004773278752657812
2016-08-07,0.12892361777212927,0.498398634623364,0.4062346291808893,0.2537313432835822,0.5540320733999298,0.53967451755372,0.5943415013900372,0.5197925690667858,0.11233878856905213,0.15015160746112105,0.12794590476190473,0.08691782832532244,0.7534348235578812,-0.048790164169432056
2016-08-14,0.1253003995449651,0.49104725217671585,0.37098010627101446,0.07692307692307697,0.530782115837699,0.5540320733999298,0.53967451755372,0.5943415013900372,0.1114408722075983,0.13649763611311932,0.1272077149579832,0.08199710122473577,0.7529483556261117,0.04879016416943204
2016-08-21,0.1260531958697115,0.49237116482280535,0.4139316958589145,0.23076923076923092,0.5731382148675374,0.530782115837699,0.5540320733999298,0.53967451755372,0.11139361345173224,0.12381894843283207,0.12648428895014005,0.07742785463133389,0.7529483556261117,-0.009569451016150672
2016-08-28,0.12625256320295591,0.49259624575079114,0.4062244811855193,0.20000000000000007,0.547806412011128,0.5731382148675374,0.530782115837699,0.5540320733999298,0.11025940331094847,0.11204588130113673,0.12577533146245376,0.06950462616450886,0.752924571168402,-0.03423317164224233
2016-09-04,0.12436049718709768,0.48859438151963885,0.37879385425884343,0.09230769230769202,0.5371007809575488,0.547806412011128,0.5731382148675374,0.530782115837699,0.11030666206681444,0.10849515431513525,0.1250805531245212,0.06904801126959892,0.752924571168402,0.019705071079332337
2016-09-11,0.12449364471211137,0.4886596639859655,0.3983145015244825,0.15384615384615358,0.5605134255868717,0.5371007809575488,0.547806412011128,0.5731382148675374,0.11030666206681444,0.10519805068527675,0.12439967035334733,0.06402356593670702,0.7529957448952384,0.0
2016-09-18,0.12488753013686432,0.48925901832225593,0.3983145015244825,0.15384615384615358,0.5519601653526182,0.5605134255868717,0.5371007809575488,0.547806412011128,0.10959778072882453,0.10404373146097755,0.12373240523759692,0.058897964977402704,0.7530403327494014,-0.02469261259037141
2016-09-25,0.12382564552512267,0.4868793555908295,0.37565878930003954,0.07692307692307697,0.5412419933400051,0.5519601653526182,0.5605134255868717,0.5371007809575488,0.10695129040032894,0.09841360061859909,0.1230784854241615,0.05367843379357256,0.7529929941725456,0.0
2016-10-02,0.12329086473659982,0.48555525157562807,0.37565878930003965,0.11363636363636367,0.5519601653526182,0.5412419933400051,0.5519601653526182,0.5605134255868717,0.10458835260702926,0.09318562197924767,0.12243764400699479,0.046531503371921086,0.7530174314044088,0.0
2016-10-09,0.1231751513969073,0.48508383558568996,0.37565878930003954,0.12500000000000006,0.5519601653526182,0.5519601653526182,0.5412419933400051,0.5519601653526182,0.10331236619864745,0.08833107038556419,0.12180961941817141,0.039895067980387576,0.7530601543166103,-0.03562717764315116
2016-10-16,0.12107129752397357,0.4804524223988073,0.33981435711461655,0.0,0.5364956932597739,0.5519601653526182,0.5519601653526182,0.5412419933400051,0.10250896734892559,0.08181218443713693,0.1211941553211245,0.03695297573958218,0.7530135316569119,0.0
2016-10-23,0.11975154763339066,0.4773935747442005,0.33981435711461655,0.0,0.5519601653526182,0.5364956932597739,0.5519601653526182,0.5519601653526182,0.10241444983719358,0.07575893319931166,0.1199504974182702,0.03100072089321574,0.7530366250989305,0.025576841789649776
2016-10-30,0.12071672725348505,0.4791313470276939,0.37699477785519414,0.4117647058823525,0.5630621493503646,0.5519601653526182,0.5364956932597739,0.5519601653526182,0.1016110509874717,0.08159605277070957,0.11875658583153005,0.031914251209969775,0.7530909707705478,-0.07333127308554951
2016-11-06,0.11716995466704871,0.47126665802032397,0.30229977158445637,0.08108108108108111,0.520129706102579,0.5630621493503646,0.5519601653526182,0.5364956932597739,0.10042958209082187,0.09064988689945509,0.1167852523062881,0.0341426630975269,0.7529273325631518,0.02681125745065677
2016-11-13,0.1164197357985553,0.46927611145637116,0.33998333954930154,0.3255813953488368,0.5635979646409223,0.520129706102579,0.5630621493503646,0.5519601653526182,0.09943714821763602,0.10617056451421046,0.1142024694700577,0.036211902707401385,0.7530429465140294,0.005277057100843819
2016-11-20,0.11654464803284549,0.46915337204722357,0.34764868529373644,0.3488372093023252,0.5542507454004046,0.5635979646409223,0.520129706102579,0.5630621493503646,0.09896456065897608,0.11544070493095641,0.11095215716357482,0.03721325033047542,0.7530429465140294,-0.09952959534703305
2016-11-27,0.11106264084514207,0.45671121321529773,0.2572342989046775,0.021276595744680857,0.5087579598601444,0.5542507454004046,0.5635979646409223,0.520129706102579,0.09716872793606837,0.13470104745291567,0.1080268760877402,0.03998325143837724,0.7529548566875034,-0.00583092031079321
2016-12-04,0.10687913577634203,0.4468047343348683,0.25273528954360047,0.2419354838709675,0.5494291732733397,0.5087579598601444,0.5542507454004046,0.5635979646409223,0.09542015396902659,0.16737713735744242,0.10464348288998448,0.041175261588000577,0.7528525828078809,-0.04179712867846148
2016-12-11,0.10177397517115125,0.4344855911978387,0.22138709572754933,0.14814814814814783,0.5338175401780039,0.5494291732733397,0.5087579598601444,0.5542507454004046,0.09367158000198486,0.19228533041775064,0.10018947371675921,0.03998190526169875,0.7505847706945138,-0.050010420574661305
2016-12-18,0.09567378561213,0.4193975134076299,0.18811981910333542,0.0,0.5302524465690919,0.5338175401780039,0.5494291732733397,0.5087579598601444,0.09135590096455119,0.22196326542781997,0.09635902582778547,0.03749365493670439,0.7503295306644995,0.06813780516721804
2016-12-25,0.09515467274080354,0.4170036624777772,0.2822097493479652,0.22448979591836718,0.5815363276024131,0.5302524465690919,0.5338175401780039,0.5494291732733397,0.08956006824164348,0.22420379628525056,0.09306484064326805,0.038403448829113944,0.7504229111632852,0.011904902506318458
2017-01-01,0.09603410045703038,0.41789793380394746,0.2984475997225145,0.2954545454545452,0.5571276539036621,0.5815363276024131,0.5302524465690919,0.5338175401780039,0.08809504680979767,0.23059783343191487,0.09023184138458307,0.03694803454968503,0.750450787465518,-0.05472489968924649
2017-01-08,0.09435698997076855,0.4126443604159973,0.2541634034807024,0.090909090909091,0.5282060613226924,0.5571276539036621,0.5815363276024131,0.5302524465690919,0.08620469657515795,0.2365351536395317,0.08779546202211398,0.03513653385431063,0.7501297364173118,0.0
2017-01-15,0.09367601974271417,0.4096735466262146,0.2541634034807024,0.09523809523809533,0.5519601653526182,0.5282060613226924,0.5571276539036621,0.5815363276024131,0.08431434634051824,0.24323714373262306,0.08570017577039057,0.029774069435653992,0.7507736171898913,0.0
2017-01-22,0.09378326162838989,0.408578360897345,0.2541634034807024,0.09523809523809533,0.5519601653526182,0.5519601653526182,0.5282060613226924,0.5571276539036621,0.08275480739694047,0.24040105144810658,0.08389822959390844,0.02663481650480589,0.7510502013339139,-0.05129329438755058
2017-01-29,0.09185792545728705,0.40234680655722166,0.21314619797899376,0.0,0.5296955973435715,0.5519601653526182,0.5519601653526182,0.5282060613226924,0.08081719840643474,0.2479485666497025,0.0823485558821338,0.025099929662446736,0.7509988589570052,0.05129329438755048
2017-02-05,0.09365985681437519,0.40541632399383953,0.2908293288289289,0.3000000000000002,0.5742247333616648,0.5296955973435715,0.5519601653526182,0.5519601653526182,0.07902136568352701,0.26302449703661385,0.08052666182427905,0.026894989645874702,0.7510505632945139,-0.06453852113757118
2017-02-12,0.09240144986970791,0.4007222793134051,0.23830282499667244,0.10000000000000007,0.523946322408276,0.5742247333616648,0.5296955973435715,0.5519601653526182,0.07741456798408325,0.2770235752530316,0.07821673664548866,0.028101786480295966,0.7508664703111935,0.045610511252052274
2017-02-19,0.09438859748580541,0.4043390688753268,0.30203010932856617,0.24000000000000019,0.5717580422841724,0.523946322408276,0.5742247333616648,0.5296955973435715,0.07590228779637147,0.2900227193111338,0.07632259799888053,0.026002071489497132,0.7508935826720123,0.012658396871923465
2017-02-26,0.09724034980334731,0.41032860935309434,0.31982189820447887,0.40000000000000024,0.5574547186154877,0.5717580422841724,0.523946322408276,0.5742247333616648,0.07443726636452569,0.29755131963857534,0.07476940430866186,0.021752113247089,0.7509443781059995,-0.05162436540530718
2017-03-05,0.09742587407686933,0.40947013096881346,0.27379982725098784,0.20689655172413804,0.5295518913625329,0.5574547186154877,0.5717580422841724,0.523946322408276,0.07344483249133986,0.3125916299593724,0.0742296918767507,0.020565990923138204,0.7509193023293922,0.05789397841890267
2017-03-12,0.10114927369749402,0.4179827371204322,0.3533464000327334,0.5172413793103452,0.5770898520926219,0.5295518913625329,0.5574547186154877,0.5717580422841724,0.07292498617681391,0.2994370862560602,0.0676937441643324,0.024985126567468825,0.7510624857608637,0.0
2017-03-19,0.10462206741384676,0.426013940333588,0.3533464000327334,0.5769230769230773,0.5519601653526182,0.5770898520926219,0.5295518913625329,0.5574547186154877,0.07273595115334995,0.2872221528172703,0.0676937441643324,0.023568074720633762,0.7510624857608637,-0.006269613013595374
2017-03-26,0.10752782884744169,0.4327027263257171,0.3465141725310888,0.5384615384615388,0.5492387526026997,0.5519601653526182,0.5770898520926219,0.5295518913625329,0.07287772742094793,0.27587971462410826,0.0676937441643324,0.01903192881152547,0.7509905952275318,-0.006309169193264721
2017-04-02,0.10995622012863562,0.4382549010830861,0.3393373332995086,0.5416666666666671,0.5492215826926181,0.5492387526026997,0.5519601653526182,0.5770898520926219,0.07245239861815397,0.25325772521753626,0.06788048552754435,0.01804010537582921,0.7504810045055869,-1.271610355975877
2017-04-09,0.07466653621551676,0.3382386772331536,0.0006244545805755841,0.0,0.0,0.5492215826926181,0.5492387526026997,0.5519601653526182,0.06655923176166466,0.3153164207646579,0.07749766573295984,0.06574583844638052,0.7502124244043176,-0.011350859668689563
2017-04-16,0.04770976500820717,0.25078124619660547,0.0,0.0,0.5470331668029593,0.0,0.5492215826926181,0.5492387526026997,0.06106776433003626,0.37308806892654967,0.07636134453781511,0.0582429995861665,0.7501065931723604,0.04465027373773893
2017-04-23,0.02841661035558797,0.17768391268738182,0.013696041518053093,0.016366612111292974,0.5713412378324884,0.5470331668029593,0.0,0.5492215826926181,0.05567081441013984,0.4254921994854874,0.07412481792717085,0.05169011790828199,0.7502986901984339,-0.058443595870074666
2017-04-30,0.013824460605232014,0.11216543864115253,0.009818571001835696,0.0,0.5265919095117858,0.5713412378324884,0.5470331668029593,0.0,0.05015099172499185,0.47283252542800974,0.07197775238095237,0.046295366075531995,0.7500132126735747,0.1011851442473456
2017-05-07,0.0054657375859872015,0.06305422045241388,0.04431290850330527,0.03745928338762213,0.5958809848768757,0.5265919095117858,0.5713412378324884,0.5470331668029593,0.04522662936375536,0.5150775558730033,0.06886917127170866,0.04179200269604503,0.756330181081907,-0.03621268949480741
2017-05-14,0.0,0.020271825529012077,0.041124376790163286,0.023615635179153112,0.5362415436950606,0.5958809848768757,0.5265919095117858,0.5713412378324884,0.03984385707061876,0.5543050841433544,0.0659471050290196,0.03655220559822633,0.7557352139039295,0.18376664375063526
2017-05-21,0.0005053729675043583,0.0,0.11353914499864681,0.09934853420195441,0.6317266335904881,0.5362415436950606,0.5958809848768757,0.5265919095117858,0.03537317876569582,0.5752718692618691,0.06320036276089187,0.034906991773013256,0.755978892538856,0.22097513702038588
2017-05-28,0.007140102784736507,0.007530012215277826,0.21036905608967132,0.21091205211726377,0.6478774977299454,0.6317266335904881,0.5362415436950606,0.5958809848768757,0.03121913412507503,0.5743502078599417,0.0606184250288518,0.035403489367581774,0.7569954059684947,-0.020468550855394743
2017-06-04,0.013501625110568377,0.015292835684261652,0.20589097549114127,0.1995114006514658,0.5430755061002155,0.6478774977299454,0.6317266335904881,0.5362415436950606,0.026904409714509865,0.5643625892395031,0.05819140356073413,0.033840326701700445,0.7555351128351029,0.1130121127300966
2017-06-11,0.022722169975675693,0.038873276340799734,0.2618892261791026,0.265472312703583,0.6010146450807906,0.5430755061002155,0.6478774977299454,0.6317266335904881,0.023350551273387178,0.5550883719490957,0.055910003380703524,0.03211279176469641,0.7564875939227171,-0.1707789312648368
2017-06-18,0.027455359754413627,0.042323640844896704,0.21956128451202372,0.16856677524429967,0.47783119440118077,0.6010146450807906,0.5430755061002155,0.6478774977299454,0.018808984834665254,0.5492076731298225,0.05376548721147476,0.03336092856865892,0.7552914342001764,0.01398624197473987
2017-06-25,0.032857117655069726,0.05029494189095601,0.22599369916037032,0.17589576547231267,0.5580310882550309,0.47783119440118077,0.6010146450807906,0.5430755061002155,0.014309951276222699,0.5450688008704164,0.051749642012399726,0.02876935550924397,0.7556436120813111,0.03487844061940715
2017-07-02,0.03918468167457419,0.06460777472256396,0.24323032073482564,0.1946254071661238,0.5670996377240548,0.5580310882550309,0.47783119440118077,0.6010146450807906,0.00996687161213794,0.5351332597853861,0.049854747525269194,0.02634593026912032,0.7561202972941601,-0.03179677408199907
2017-07-09,0.0447085878100074,0.07633516447184041,0.2346638096545388,0.6123595505617977,0.5381583332131565,0.5670996377240548,0.5580310882550309,0.47783119440118077,0.005571807316600584,0.5259074002064292,0.04807354670736648,0.02262346417982474,0.7558570532213927,-0.09346572800567723
2017-07-16,0.048314780231252116,0.07887428068412017,0.21097251886679047,0.44943820224719083,0.5113900658387422,0.5381583332131565,0.5670996377240548,0.5580310882550309,0.006275962779003885,0.522619955368107,0.04639921793853794,0.020501017803888195,0.7539040667896459,0.03485830105220577
2017-07-23,0.05299318395535936,0.08836707346644124,0.22918350974790536,0.5084269662921347,0.5670908958647342,0.5113900658387422,0.5381583332131565,0.5670996377240548,0.007102991006658767,0.515590143430622,0.04482534889583911,0.018438165824766158,0.7575085540427743,0.032105486207964905
2017-07-30,0.058425212864993734,0.10358448847057711,0.24711731660759056,0.5646067415730336,0.565895998285085,0.5670908958647342,0.5113900658387422,0.5381583332131565,0.007930019234313634,0.509062460917243,0.04334591199570221,0.015280540052924452,0.7634991353743984,-0.009523881511255479
2017-08-06,0.0635248925590758,0.11845765575571665,0.24411664324852728,0.5399999999999998,0.5478261920886799,0.565895998285085,0.5670908958647342,0.5113900658387422,0.008851564973700508,0.5056007595900082,0.04195524130957352,0.012900512473585653,0.7625324248774454,-0.047355786682289056
2017-08-13,0.06754450963697224,0.12832853574165365,0.22910483106890472,0.4294294294294292,0.5314047273407124,0.5478261920886799,0.565895998285085,0.5670908958647342,0.009418670044092414,0.50238632264329,0.040648010864612553,0.010000419996056852,0.7618076143392516,-0.07642606720334776
2017-08-20,0.07017544726522673,0.13075096504267392,0.20657617139948237,0.23778501628664508,0.5187863676617079,0.5314047273407124,0.5478261920886799,0.565895998285085,0.009858176473646153,0.5065223486561873,0.03941921424634924,0.008503592885989467,0.761466108515121,0.026715747379046837
2017-08-27,0.07364197048838564,0.13907098839076798,0.22319610230061576,0.12749003984063711,0.5635565071656264,0.5187863676617079,0.5314047273407124,0.5478261920886799,0.009929064607445144,0.511131025575353,0.038264145425181736,0.005917566093288966,0.7629406310578515,0.0
2017-09-03,0.077226981308822,0.14915441391361395,0.22319610230061576,0.022176022176022114,0.5519601653526182,0.5635565071656264,0.5187863676617079,0.5314047273407124,0.00935250778588003,0.5481475461627942,0.020168067226890754,0.06709441628495327,0.7629597927362023,-0.026715747379046917
2017-09-10,0.08036730052500715,0.15738565016635658,0.2140959035706514,0.011781011781011791,0.5403638235396098,0.5519601653526182,0.5635565071656264,0.5187863676617079,0.008771225088728317,0.5148318349255151,0.021613445378151255,0.06032333067804107,0.7624235218717472,0.0
2017-09-17,0.08362009646776761,0.16728902341690743,0.2140959035706514,0.011781011781011791,0.5519601653526182,0.5403638235396098,0.5519601653526182,0.5635565071656264,0.007807146469062061,0.4838958173480417,0.023029915966386552,0.05389788066942259,0.7661596311612593,0.051022499603208434
2017-09-24,0.0878841729258834,0.18503911623805658,0.2542086268088402,0.03187803187803182,0.5741071911182883,0.5519601653526182,0.5403638235396098,0.5519601653526182,0.007542497436212492,0.4550175764873153,0.02441805714285714,0.048069404749334015,0.7884998038231356,0.0
2017-10-01,0.09193174309065923,0.20262130188519106,0.2542086268088402,0.03187803187803182,0.5519601653526182,0.5741071911182883,0.5519601653526182,0.5403638235396098,0.007235315523083541,0.42820206711664077,0.025778435495798318,0.041461132633042415,0.7888617644231907,0.22759332761081927
2017-10-08,0.10069713783098655,0.25335481465572024,0.43486645163039434,0.1351351351351351,0.6507502154264189,0.5519601653526182,0.5741071911182883,0.5519601653526182,0.007523593933866098,0.3939803129069728,0.026003734827264237,0.043007624418951514,0.7898818352051641,-0.1096197250172224
2017-10-15,0.10560890919065834,0.27977752789111904,0.36778081112624933,0.08246708246708244,0.504378198705311,0.6507502154264189,0.5519601653526182,0.5741071911182883,0.0075519491873856925,0.3623247057103292,0.027077497665732954,0.0413153493702866,0.7895465547476191,-0.10773460529250238
2017-10-22,0.10774348671647854,0.2886825177852247,0.3157416513531846,0.03603603603603599,0.5051964611471637,0.504378198705311,0.6507502154264189,0.5519601653526182,0.0075377715606258985,0.33832459706246715,0.09243697478991596,0.04107808038922136,0.7873294349050213,0.07204423849258952
2017-10-29,0.11135322463729605,0.30805318376855245,0.3633089176329502,0.0665280665280665,0.5832319693326634,0.5051964611471637,0.504378198705311,0.6507502154264189,0.007632289072357891,0.31603878188945234,0.09110550887021474,0.03846552738295634,0.7887301423868069,-0.032105486207964856
2017-11-05,0.11395845756555253,0.3213935878049567,0.34696495963393986,0.05266805266805263,0.5380243324201514,0.5832319693326634,0.5051964611471637,0.504378198705311,0.0075377715606258985,0.29534481065736706,0.08980067226890755,0.03332532229101542,0.7868545283683397,-0.0247741819855797
2017-11-12,0.1159125522080159,0.3308666830710287,0.3344219762343276,0.04227304227304223,0.541206587009241,0.5380243324201514,0.5832319693326634,0.5051964611471637,0.00740072116861451,0.2771383900913339,0.08852193239962651,0.02832225241626076,0.7861555086345724,0.0
2017-11-19,0.11783089583024767,0.34050844262564783,0.3344219762343275,0.04227304227304223,0.5519601653526182,0.541206587009241,0.5380243324201514,0.5832319693326634,0.00740072116861451,0.26130174407447326,0.08726876732773109,0.02367654467541718,0.786409859326503,0.047355786682289035
2017-11-26,0.12065959455162475,0.35677492728414095,0.3716955074802401,0.06237006237006233,0.5725156033645239,0.5519601653526182,0.541206587009241,0.5380243324201514,0.007745710086436271,0.24416132631215043,0.08604066555727358,0.020006735612043268,0.7865726081958152,-0.047355786682289056
2017-12-03,0.12224884531765777,0.3650284740989298,0.3430490030166144,0.030855539971949456,0.5314047273407124,0.5725156033645239,0.5519601653526182,0.541206587009241,0.007882760478447645,0.23058321195580866,0.0848371258222252,0.016599055767481795,0.7864267567500928,-0.020270964373619107
2017-12-10,0.12341179897491444,0.37063162145458733,0.33116340356650525,0.15686274509803882,0.5431612712614063,0.5314047273407124,0.5725156033645239,0.5519601653526182,0.007963100363419837,0.21924054814793642,0.08365765688187782,0.012790719215836695,0.772573537420712,0.0
2017-12-17,0.12462484129230454,0.37679782970463793,0.33116340356650525,0.15686274509803882,0.5519601653526182,0.5431612712614063,0.5314047273407124,0.5725156033645239,0.008114328382191005,0.20870807461205504,0.08250177732033737,0.008564339835452066,0.7731462711465976,-0.040040161437322266
2017-12-24,0.1251017439716297,0.37801322152623384,0.3064708515049956,0.044117647058823026,0.5345801762515313,0.5519601653526182,0.5431612712614063,0.5314047273407124,0.008156861262470401,0.201116517610319,0.08136901535002772,0.0058359606013042645,0.7726980447524262,0.15288116080439887
2017-12-31,0.1288373707769528,0.40222946456322306,0.43972718481320155,0.49999999999999994,0.6183203600461702,0.5345801762515313,0.5519601653526182,0.5431612712614063,0.008501850180292148,0.18493715763460533,0.08025890861912427,0.007074831144014103,0.7741183176720527,0.1339124175862671
2018-01-07,0.1351166690372586,0.44399015160441463,0.5425859871343965,0.9607843137254899,0.6100867131636891,0.6183203600461702,0.5345801762515313,0.5519601653526182,0.00929107140325424,0.17473617312602469,0.07917100402283889,0.007719161897035212,0.7761878073927607,0.13453089295760606
2018-01-14,0.1437808710094445,0.5005103904818375,0.6335063847209099,0.9999999999999999,0.6103551710027013,0.6100867131636891,0.6183203600461702,0.5345801762515313,0.009886531727165748,0.17548995710288273,0.07810485751847922,0.010203651797764071,0.7771998741319811,-0.11997074162627645
2018-01-21,0.14742704105105625,0.5235918254375751,0.5208827695485299,0.6809210526315788,0.49988519594526615,0.6103551710027013,0.6100867131636891,0.6183203600461702,0.010382748663758684,0.17618989936710816,0.07706003394420674,0.010762508734860163,0.7758489695828812,0.027221382683625197
2018-01-28,0.15100728181881518,0.5458508257251313,0.5387863272098661,0.7499999999999999,0.563775985203857,0.49988519594526615,0.6103551710027013,0.6100867131636891,0.01129484265197235,0.1722878993160098,0.07603610684141972,0.009395264546382995,0.7773297174921974,-0.041781534014955
2018-02-04,0.15274017119987357,0.5564402792163019,0.5033877333384054,0.6338983050847458,0.5338243092586481,0.563775985203857,0.49988519594526615,0.6103551710027013,0.011847770095604462,0.1686646135542756,0.07503265828068842,0.007849653909825664,0.7759948210286036,0.030205842057065793
2018-02-11,0.1548270769371314,0.5690004573066019,0.5249166497454187,0.7118644067796611,0.565071431313989,0.5338243092586481,0.563775985203857,0.49988519594526615,0.012603910189460353,0.16530013391837955,0.07404927869117175,0.00600040391213677,0.7764759529318709,0.03682955927909259
2018-02-18,0.1573662310921399,0.5839808125104091,0.5518458600842349,0.8101694915254238,0.5679465479217907,0.565071431313989,0.5338243092586481,0.563775985203857,0.013567988809126609,0.16694403727067458,0.07308556669344543,0.004007216452739978,0.7768974991835321,0.0
2018-02-25,0.1592705480773729,0.5949117328841748,0.5518458600842349,0.10315062580923609,0.5519601653526182,0.5679465479217907,0.565071431313989,0.5338243092586481,0.014532067428792872,0.24937961021293886,0.025863678804855274,0.09600549359357244,0.77719720611773,-0.04462180649925831
2018-03-04,0.15949688969478115,0.5959655162210666,0.5059592348002502,0.08804488562796721,0.5325914494736399,0.5519601653526182,0.5679465479217907,0.565071431313989,0.015193690010916777,0.2325255519453252,0.02803548085901027,0.08758337115693024,0.7769988837250709,0.03711238447712677
2018-03-11,0.1605251196788801,0.6015807185879739,0.5369429641262384,0.10056107034959003,0.5680693121335944,0.5325914494736399,0.5519601653526182,0.5679465479217907,0.01612941337706343,0.21800280820832324,0.030163846872082165,0.07976282889433389,0.8003840286352635,-0.06755815101129121
2018-03-18,0.15948787976545897,0.5953695292083503,0.4698870927457413,0.07811825636599051,0.5226356100532141,0.5680693121335944,0.5325914494736399,0.5519601653526182,0.016876101719746135,0.20203958615867745,0.03224964556489262,0.0744790884820275,0.7991558527417104,-0.048185508300964436
2018-03-25,0.1574071060726614,0.5832222161335099,0.4282924765286779,0.06301251618472162,0.5310445751292362,0.5226356100532141,0.5680693121335944,0.5325914494736399,0.017457384416897842,0.18700152839171358,0.134453781512605,0.06745655303686712,0.7977533665837575,-0.012775191488722805
2018-04-01,0.15539335429007164,0.5714501564736673,0.4176508085896857,0.04845045831514621,0.5464149157615079,0.5310445751292362,0.5226356100532141,0.5680693121335944,0.018104829372261953,0.17269163371872914,0.1324267040149393,0.05973951136158024,0.7976217445473738,0.004276556767260172
2018-04-08,0.15385239644391177,0.5624024705286573,0.4217781055204913,0.010454545454545413,0.5538164643118896,0.5464149157615079,0.5310445751292362,0.5226356100532141,0.018326945524832113,0.16077579078577153,0.12843682539682538,0.053769802853594666,0.8028821793123021,0.0
2018-04-15,0.1526000881820553,0.5550247040255255,0.4217781055204913,0.2440972222222222,0.5519601653526182,0.5538164643118896,0.5464149157615079,0.5310445751292362,0.01810482937226194,0.16680535585345707,0.12460654192343604,0.07895747995747032,0.8031996730081735,-0.025938053548439494
2018-04-22,0.15099219846679948,0.5455160592402549,0.39664955861595025,0.23784722222222218,0.5407013923658768,0.5519601653526182,0.5538164643118896,0.5464149157615079,0.017287252895780265,0.19449398765080173,0.0,0.1540550479210428,0.8030822803811286,0.0
2018-04-29,0.1497200455551056,0.537942114480878,0.39664955861595036,0.23784722222222218,0.5519601653526182,0.5407013923658768,0.5519601653526182,0.5538164643118896,0.016928086351198718,0.18401935469938163,0.11811391223155926,0.17125141299261515,0.8031304833946018,0.047050730785998855
2018-05-06,0.1498181034427338,0.5385277513331731,0.45240066986437283,0.24930555555555553,0.572383189608874,0.5519601653526182,0.5407013923658768,0.5519601653526182,0.01662563031365636,0.1725759700191909,0.11575163398692807,0.15722455973808896,0.8032291999218895,-0.004187026354216576
2018-05-13,0.1497965653774132,0.5383991018506583,0.44738033597345833,0.24826388888888887,0.5501427283146542,0.572383189608874,0.5519601653526182,0.5407013923658768,0.01646022466812539,0.1613025678770988,0.11343660130718951,0.1442916334889242,0.8030584470098242,-0.02120220765060305
2018-05-20,0.14928423707263683,0.535334094670622,0.4215931631886906,0.24305555555555552,0.5427570521617961,0.5501427283146542,0.572383189608874,0.5519601653526182,0.01611523575030363,0.15109225438977586,0.11116786928104572,0.13200646093887122,0.8019076435295508,0.040593396965253416
2018-05-27,0.14985012056638777,0.5387187993066432,0.4737300725925733,0.25312499999999993,0.5695802940310848,0.5427570521617961,0.5501427283146542,0.572383189608874,0.01577024683248189,0.14161124900869027,0.10894451189542481,0.12059880071382201,0.8023869967566508,-0.004123717183862041
2018-06-03,0.15019474766684815,0.5407749639952499,0.46802420507962733,0.2869565217391304,0.5501702085407887,0.5695802940310848,0.5427570521617961,0.5501427283146542,0.015411080287900343,0.1327385191946832,0.1067656216575163,0.10880985745720984,0.8022704934676895,0.058840500022933395
2018-06-10,0.15191832772220867,0.5509907725730477,0.5431338344013599,0.3043478260869565,0.5775007029626352,0.5501702085407887,0.5695802940310848,0.5427570521617961,0.01542525791466013,0.12550178589591554,0.10463030922436599,0.0997491643489935,0.8040936365392201,0.05187753926768346
2018-06-17,0.15460330829769375,0.5666628634734718,0.6028739190516939,0.3205533596837945,0.5744783329797625,0.5775007029626352,0.5501702085407887,0.5695802940310848,0.015496146048459121,0.11977204358356082,0.10253770303987866,0.0911976502320212,0.8042812868748752,0.00737104074458973
2018-06-24,0.1568520306288912,0.5795107712327625,0.6111749355618865,0.32292490118577066,0.5551596681319757,0.5744783329797625,0.5775007029626352,0.5501702085407887,0.015841134966280875,0.11460619760118769,0.10048694897908109,0.08178481589993761,0.8068665926841138,0.0
2018-07-01,0.1585346611477565,0.5888934226720557,0.6111749355618865,0.32292490118577066,0.5519601653526182,0.5551596681319757,0.5744783329797625,0.5775007029626352,0.016351529529633604,0.10980934061755547,0.09847720999949947,0.07263028675640293,0.8070782551480281,-0.093598060026911
2018-07-08,0.1573374749736483,0.5819611881013511,0.45792923999671736,0.2940711462450593,0.5113326252839541,0.5519601653526182,0.5551596681319757,0.5744783329797625,0.016559468055443963,0.10268295899439549,0.09650766579950948,0.06790201809753921,0.8064094729091057,0.0
2018-07-15,0.15631478749724848,0.5760426663742491,0.45792923999671736,0.2940711462450593,0.5519601653526182,0.5113326252839541,0.5519601653526182,0.5551596681319757,0.016753228954494548,0.10857305296643073,0.0945775124835193,0.09396643402834237,0.8064976552267923,0.03823801375433017
2018-07-22,0.15640069670639847,0.5764174427328513,0.5098388281604451,0.3055335968379446,0.5685579071808518,0.5519601653526182,0.5113326252839541,0.5519601653526182,0.0170840402455565,0.1026171429659856,0.09268596223384891,0.08527591858261666,0.8066639614484392,-0.09919871354401733
2018-07-29,0.15397683673626097,0.562573323935756,0.38227003164571843,0.8567931456548347,0.5089015837098925,0.5685579071808518,0.5519601653526182,0.5113326252839541,0.017154928379355484,0.09582697166816402,0.09083224298917193,0.07923035038670917,0.8056714601470597,-0.008608374536600164
2018-08-05,0.15183271034082074,0.5502359106028217,0.37310460869730827,0.8494492044063645,0.5482235806273447,0.5089015837098925,0.5685579071808518,0.5519601653526182,0.01719746125963488,0.08933875145599644,0.0890155981293885,0.07186843909121438,0.8050053459223883,0.0695690743262875
2018-08-12,0.1517864136370818,0.5499588604609791,0.46312441191761805,0.9106487148102815,0.582157589892384,0.5482235806273447,0.5089015837098925,0.5685579071808518,0.017320334024886468,0.08377528615721082,0.08723528616680072,0.0657224454706834,0.833891046880101,0.0
2018-08-19,0.15172868014842503,0.5496165413718631,0.46312441191761805,0.9106487148102815,0.5519601653526182,0.582157589892384,0.5482235806273447,0.5089015837098925,0.017457384416897842,0.09146510622691599,0.0854905804434647,0.0919425451605477,0.8340155542118152,-0.10327189786140997
2018-08-26,0.14924552195701984,0.535198128680781,0.3477384020574377,0.821297429620563,0.5071335613917552,0.5519601653526182,0.582157589892384,0.5482235806273447,0.017320334024886468,0.08413123412150196,0.08378076883459541,0.08542078935193084,0.8338412439474152,0.0
2018-09-02,0.14730752253563376,0.5237947260895561,0.3477384020574377,0.821297429620563,0.5519601653526182,0.5071335613917552,0.5519601653526182,0.582157589892384,0.017046233240863705,0.08874489909094348,0.08210515345790351,0.10687553905388747,0.8338942529438925,0.0
2018-09-09,0.1458187272721987,0.5149130037565659,0.3477384020574377,0.821297429620563,0.5519601653526182,0.5519601653526182,0.5071335613917552,0.5519601653526182,0.016786310083600743,0.09302901656256772,0.08046305038874543,0.12679780663427578,0.834045440418117,-0.21165981703774636
2018-09-16,0.1404605972675399,0.4822167252190075,0.19482888942116977,0.6646266829865362,0.46008627720627493,0.5519601653526182,0.5519601653526182,0.5071335613917552,0.015713536325442694,0.08709051518564732,0.07885378938097053,0.12031663447501131,0.833196122548209,0.046771114192395366
2018-09-23,0.13723113298904113,0.4616429251251898,0.24652197401744458,0.6964504283965727,0.5722618181364607,0.46008627720627493,0.5519601653526182,0.5519601653526182,0.01456987443348566,0.08157619247850696,0.07727671359335112,0.109605948480895,0.833473596030315,0.0
2018-09-30,0.1348453369349519,0.44577980107871146,0.24652197401744458,0.6964504283965727,0.5519601653526182,0.5722618181364607,0.46008627720627493,0.5519601653526182,0.01339785728800904,0.07645574996473377,0.07573117932148409,0.09846419558157762,0.8335301454817035,-0.08048217153470705
2018-10-07,0.1316908274962891,0.42420718043560396,0.2007031065159373,0.6713554987212276,0.5170257591491212,0.5519601653526182,0.5722618181364607,0.46008627720627493,0.012017901616722039,0.07027056255088188,0.07421655573505441,0.0905565184425064,0.8333673966123912,0.09617560608075368
2018-10-14,0.13118179106122324,0.419693925157673,0.3051205320960078,0.7477360931435962,0.5937065251441612,0.5170257591491212,0.5519601653526182,0.5722618181364607,0.01123340626934656,0.0645271742380194,0.07273222462035334,0.08321367538479738,0.8341144406026769,-0.04240918192509351
2018-10-21,0.13020165240359152,0.4118074154734138,0.2777036873644192,0.7166882276843467,0.5335518699515638,0.5937065251441612,0.5170257591491212,0.5519601653526182,0.010335489907892688,0.05841495257271048,0.07127758012794626,0.0750611918385154,0.8339036674768463,0.0
2018-10-28,0.12965825654346314,0.4066996579351956,0.2777036873644192,0.7166882276843467,0.5519601653526182,0.5335518699515638,0.5937065251441612,0.5170257591491212,0.009300523154427434,0.052739318169209334,0.06985202852538734,0.06638692155651083,0.8341064365599239,0.0
2018-11-04,0.12946323063420054,0.40389475853467394,0.2777036873644192,0.7446236559139784,0.5519601653526182,0.5519601653526182,0.5335518699515638,0.5937065251441612,0.008610545318783941,0.06321434466744641,0.06845498795487959,0.08381871167234106,0.8341344898404353,0.0
2018-11-11,0.12954336666261648,0.40298195784098156,0.2777036873644192,0.7446236559139784,0.5519601653526182,0.5519601653526182,0.5519601653526182,0.5335518699515638,0.007948922736660043,0.05792065204497884,0.067085888195782,0.076773122695282,0.8343630497279393,0.0
2018-11-18,0.12983817217464472,0.4036081154068233,0.2777036873644192,0.8256333830104321,0.5519601653526182,0.5519601653526182,0.5519601653526182,0.5519601653526182,0.00705100637520617,0.053005080324116105,0.06574417043186635,0.06797657163779414,0.8346574206336352,0.061261496904302694
2018-11-25,0.13145670062234982,0.4138831413811253,0.36172812535453086,0.87779433681073,0.5785515703393272,0.5519601653526182,0.5519601653526182,0.5519601653526182,0.006318495659283281,0.04974608722203526,0.06442928702322903,0.06141850168150755,0.8348477389835414,-0.010238997301094312
2018-12-02,0.13273632738748606,0.4219169197481713,0.3512534245690451,0.8766917293233081,0.5475157861315793,0.5785515703393272,0.5519601653526182,0.5519601653526182,0.005902618607662544,0.044879975523911084,0.06314070128276444,0.05638696782467937,0.8340162078753067,-0.008613317678114947
2018-12-09,0.13376896151303194,0.4283261646612071,0.34217110021555114,0.8691729323308269,0.5482214349880024,0.5475157861315793,0.5785515703393272,0.5519601653526182,0.005463112178108805,0.04009539478330147,0.06187788725710915,0.05171482924333893,0.8336675873465067,0.00861331767811493
2018-12-16,0.1349274276052966,0.43578449821487075,0.355318377462625,0.8766917293233081,0.555698895717234,0.5482214349880024,0.5475157861315793,0.5785515703393272,0.00504723512648806,0.0358829282193634,0.06064032951196697,0.044938178578942216,0.8520582095787893,-0.05102249960320843
2018-12-23,0.13504549516557293,0.4357841667632669,0.30061811651877773,0.9405772495755518,0.529813139586948,0.555698895717234,0.5482214349880024,0.5475157861315793,0.005099219757940657,0.030499220024246,0.059427522921727635,0.03974968137960223,0.8518856779905567,-0.03676884778708904
2018-12-30,0.13464509153752763,0.4319555132247054,0.2663173408589551,0.9066213921901529,0.5360001354511537,0.529813139586948,0.555698895717234,0.5482214349880024,0.0049338141124096735,0.024788745406632673,0.05823897246329308,0.03451775100218659,0.8513680832258588,-0.016997576368571136
2019-01-06,0.13420726518498755,0.42774443699373443,0.25128117481918255,0.8913412563667232,0.544582130863594,0.5360001354511537,0.529813139586948,0.555698895717234,0.004725875586599308,0.02146193009942847,0.05707419301402722,0.03099365921585285,0.8491598567640977,0.03371105734231166
2019-01-13,0.13463911260590933,0.43000418033738763,0.3057969816673039,0.9219015280135824,0.5665929187722726,0.544582130863594,0.5360001354511537,0.529813139586948,0.0048109413471581,0.01708599421006453,0.055932709153746665,0.027491265982019154,0.8498037375366773,0.046771114192395366
2019-01-20,0.13601229713277008,0.4394498409530454,0.37818573773233327,0.9660441426146008,0.5722618181364607,0.5665929187722726,0.544582130863594,0.5360001354511537,0.004768408466878704,0.012191916327638316,0.05481405497067174,0.024055025861954564,0.8500483055096874,-0.005286355923147948
2019-01-27,0.13714712103619256,0.4472403854243473,0.3716756301748048,0.960950764006791,0.5496655490216475,0.5722618181364607,0.5665929187722726,0.544582130863594,0.004825118973917894,0.008603330643448537,0.0537177738712583,0.01971412001784712,0.8499149047971364,0.04491255668082285
2019-02-03,0.13904248932079286,0.4608600918070472,0.4409015638714699,0.9999999999999999,0.571455085392752,0.5496655490216475,0.5722618181364607,0.5665929187722726,0.005004702246208664,0.005197368532402026,0.05264341839383314,0.01618932791352825,0.8501994929839118,0.0
2019-02-10,0.14065123323686096,0.4724242818177579,0.4409015638714699,0.9393939393939392,0.5519601653526182,0.571455085392752,0.5496655490216475,0.5722618181364607,0.0051842855184994485,0.002502436700786162,0.051590550025956465,0.01199621751627989,0.879206143921004,0.010084119066626008
2019-02-17,0.14221574821450755,0.48371775535438544,0.4573039327260772,1.0,0.5563373175213568,0.5519601653526182,0.571455085392752,0.5496655490216475,0.005392224044309814,0.0,0.05055873902543734,0.008102615004549271,0.8793173111814633,0.0709975497393296
2019-02-24,0.1449860096488867,0.5038625245367511,0.5634107112810272,0.9108280254777067,0.5827776395180255,0.5563373175213568,0.5519601653526182,0.571455085392752,0.005808101095930551,0.0027020777151425257,0.049547564244928594,0.00687935876750384,0.8795636578306408,0.0
2019-03-03,0.147212478735544,0.5198940571204338,0.5634107112810272,0.9786585365853656,0.5519601653526182,0.5827776395180255,0.5563373175213568,0.5519601653526182,0.006058572502020319,0.03598885937986536,0.04855661296003002,0.03261008137565307,0.8795770156886575,0.0
2019-03-10,0.14898752681943742,0.5325545422134853,0.5634107112810272,0.9786585365853656,0.5519601653526182,0.5519601653526182,0.5827776395180255,0.5563373175213568,0.006337399161629675,0.03539604313807236,0.047585480700829415,0.026968033269567267,0.8797433219103045,0.0
2019-03-17,0.15038866901132047,0.5424560068149907,0.5634107112810272,0.9786585365853656,0.5519601653526182,0.5519601653526182,0.5519601653526182,0.5827776395180255,0.006639855199172026,0.053063207791926525,0.046633771086812825,0.05126385055614053,0.8797857522302766,0.0
2019-03-24,0.15148089755912822,0.5501033745971305,0.5634107112810272,0.9786585365853656,0.5519601653526182,0.5519601653526182,0.5519601653526182,0.5519601653526182,0.006918681858781396,0.06946843211336251,0.04570109566507657,0.0738242523222443,0.8798299078661309,-0.09640111733946886
2019-03-31,0.15036508818873692,0.5422863532895676,0.3780656906757975,0.8887195121951217,0.5101159192619708,0.5519601653526182,0.5519601653526182,0.5519601653526182,0.007055732250792764,0.06616240749340944,0.044787073751775035,0.06795259787752542,0.8796360321638902,-0.05102249960320843
2019-04-07,0.14852538824313244,0.5292757205150115,0.3116360995541037,0.8445121951219511,0.529813139586948,0.5101159192619708,0.5519601653526182,0.5519601653526182,0.007150249762524756,0.061750578071113754,0.04389133227673954,0.061120213585429496,0.8795355369604351,0.051022499603208434
2019-04-14,0.14805995605053085,0.525945850416657,0.39828772248747896,0.8887195121951217,0.5741071911182883,0.529813139586948,0.5101159192619708,0.5519601653526182,0.007424350546547512,0.058986974305779066,0.04301350563120475,0.054775856742768976,0.8820363556517247,0.0
2019-04-21,0.14771630680947795,0.5234691146742685,0.39828772248747896,0.8887195121951217,0.5519601653526182,0.5741071911182883,0.529813139586948,0.5101159192619708,0.007613385570011483,0.07100050325315631,0.042153235518580655,0.07437113790941868,0.8820410513568064,0.0
2019-04-28,0.14747198779247098,0.5216924910830424,0.39828772248747896,0.8887195121951217,0.5519601653526182,0.5519601653526182,0.5741071911182883,0.529813139586948,0.007679547828223873,0.08215592299000661,0.04131017080820904,0.09256675613559343,0.8821066400404775,-0.09909090264423076
2019-05-05,0.145487156404489,0.5072536266157729,0.27361414523775507,0.8048780487804876,0.5089483805307844,0.5519601653526182,0.5519601653526182,0.5741071911182883,0.007499964555933103,0.07886110530721883,0.040483967392044864,0.08531034696061629,0.8815045581578305,-0.005698021114637779
2019-05-12,0.1438830805538698,0.49533327117362835,0.2678450092831938,0.8003048780487804,0.549486860018293,0.5089483805307844,0.5519601653526182,0.5519601653526182,0.007183330891630951,0.07357752204224836,0.03967428804420397,0.07834223043732799,0.8813320265695979,0.0
2019-05-19,0.1426949313015115,0.4862842826841241,0.2678450092831938,0.8003048780487804,0.5519601653526182,0.549486860018293,0.5089483805307844,0.5519601653526182,0.006866697227328793,0.07979326171798053,0.03888080228331989,0.09358594064040482,0.8813761110584055,0.09617560608075368
2019-05-26,0.14360108756163897,0.4928798570971662,0.43313618808629634,0.8810975609756094,0.5937065251441612,0.5519601653526182,0.549486860018293,0.5089483805307844,0.006772179715596814,0.07822630874623067,0.03810318623765349,0.08602671028284589,0.8815566466893913,-0.037008628745093336
2019-06-02,0.14368752145383307,0.4933582759866091,0.3833961894283295,0.8676012461059189,0.5358960551905562,0.5937065251441612,0.5519601653526182,0.549486860018293,0.006370480290735864,0.07592002912707026,0.037341122512900414,0.07753528229878903,0.881421467300673,0.0
2019-06-09,0.14382607424043153,0.49423557935415097,0.3833961894283295,0.8676012461059189,0.5519601653526182,0.5358960551905562,0.5937065251441612,0.5519601653526182,0.005968780865874927,0.08039986305362672,0.03659430006264241,0.09430877430665655,0.8814380801360759,0.016028838275898776
2019-06-16,0.14430188333543964,0.4976699416908976,0.41034331632518656,0.9512605042016804,0.5589177055956636,0.5519601653526182,0.5358960551905562,0.5937065251441612,0.00560961432129338,0.07785670715721175,0.03586241406138956,0.08655989959930827,0.8820970796560779,0.029593108147309435
2019-06-23,0.1453013923580799,0.5050694206413029,0.45948298526489534,0.979831932773109,0.5648054656362506,0.5589177055956636,0.5519601653526182,0.5358960551905562,0.005330787661684017,0.0758597423770087,0.03514516578016177,0.07784636883257079,0.8849625269616737,0.0
2019-06-30,0.1461369257066604,0.5112502581642091,0.45948298526489534,0.979831932773109,0.5519601653526182,0.5648054656362506,0.5589177055956636,0.5519601653526182,0.0050519610020746605,0.07400541793824873,0.03444226246455853,0.06911117071033371,0.8857300257278838,-0.10478892375886859
2019-07-07,0.14491401309095037,0.5019703520122814,0.31385781760037706,0.9005145797598627,0.5064750751964593,0.5519601653526182,0.5648054656362506,0.5589177055956636,0.004777860218051898,0.06997049844427009,0.03375341721526737,0.06353016049430366,0.8843684491217798,-0.08753099248586266
2019-07-14,0.14255585191704614,0.483779709302574,0.23449451316433123,0.8250428816466551,0.513966120353749,0.5064750751964593,0.5519601653526182,0.5648054656362506,0.004432871300230151,0.06429133532253754,0.03307834887096202,0.057703731454866354,0.8840305006499839,0.0
2019-07-21,0.1407920201878899,0.4697252240586525,0.23449451316433123,0.8250428816466551,0.5519601653526182,0.513966120353749,0.5064750751964593,0.5519601653526182,0.003950831990397023,0.07221043456284075,0.03241678189354277,0.07239742401013835,0.8840588438547106,0.0
2019-07-28,0.13951393183258642,0.45915028283691495,0.23449451316433123,0.8250428816466551,0.5519601653526182,0.5519601653526182,0.513966120353749,0.5064750751964593,0.0034687926805638952,0.06685434818844374,0.03176844625567192,0.0639134228587322,0.8841213109617079,0.08753099248586257
2019-08-04,0.14008787232384998,0.4632510388948016,0.3736947363863872,0.9005145797598627,0.5899542103514873,0.5519601653526182,0.5519601653526182,0.513966120353749,0.0031946918965411325,0.06354636127442657,0.03113307733055848,0.05805961793612142,0.8847811998197935,0.0
2019-08-11,0.1406493963676109,0.4673117015448537,0.3736947363863872,0.9005145797598627,0.5519601653526182,0.5899542103514873,0.5519601653526182,0.5519601653526182,0.0031805142697813385,0.060474659139982054,0.03051041578394731,0.05059974579000214,0.8852365409186342,0.03371105734231166
2019-08-18,0.14179079602286968,0.47608635137088906,0.4254661840580904,0.9313893653516295,0.5665929187722726,0.5519601653526182,0.5899542103514873,0.5519601653526182,0.0032655800303401164,0.056276980485903724,0.02990020746826836,0.04583493117450064,0.8857381275978261,-0.03371105734231172
2019-08-25,0.14218150131001686,0.4789087470388116,0.38075489304630655,0.9005145797598627,0.5373274119329637,0.5665929187722726,0.5519601653526182,0.5899542103514873,0.0032655800303401164,0.0523791360214024,0.029302203318902993,0.04007633118169703,0.885588718799769,-0.028987536873252298
2019-09-01,0.14207893704569127,0.4777880026688436,0.3456214891162486,0.8747855917667238,0.539377721705054,0.5373274119329637,0.5665929187722726,0.5519601653526182,0.0029442204904513714,0.04770233791148129,0.028716159252524933,0.034821068675560334,0.8852996839225751,-0.021804629966852826
2019-09-08,0.14172352190810467,0.474594233184674,0.3206674589376291,0.8559176672384219,0.5424955623746718,0.539377721705054,0.5373274119329637,0.5665929187722726,0.0026701197064286086,0.04416730726359268,0.028141836067474436,0.03021720880997624,0.8847598557057853,0.05079216684010513
2019-09-15,0.1423991712759951,0.47977477997188894,0.4016650464705844,0.9005145797598627,0.5740072119781287,0.5424955623746718,0.539377721705054,0.5373274119329637,0.0025188916876574333,0.04088477880483897,0.027578999346124945,0.02594219607764813,0.8850035343407119,-0.056822335866696334
2019-09-22,0.14205381554884777,0.4766607898552489,0.3344751142149404,0.8507718696397941,0.5272956399708363,0.5740072119781287,0.5424955623746718,0.539377721705054,0.0021880803965954806,0.0376404926915076,0.027027419359202446,0.02211055477125775,0.8845828774271344,0.0
2019-09-29,0.1418726893562469,0.47485078909709844,0.3344751142149404,0.8507718696397941,0.5519601653526182,0.5272956399708363,0.5740072119781287,0.5424955623746718,0.0017769292205613366,0.033789076201152735,0.0264868709720184,0.017770526345714403,0.8847625237200364,-0.06024666905603006
2019-10-06,0.14086207051953792,0.4660879311571411,0.2728001459869067,0.8010291595197255,0.5258092605114959,0.5519601653526182,0.5272956399708363,0.5740072119781287,0.001228727652515825,0.028952654634365832,0.025957133552578032,0.014522575734462126,0.8842262528555813,0.0602466690560302
2019-10-13,0.14113353455440258,0.46794216328410143,0.3637783017703308,0.9134438305709023,0.5781110701937405,0.5258092605114959,0.5519601653526182,0.5272956399708363,0.0010916772605044436,0.025156086080215218,0.02543799088152647,0.011506621595442156,0.8850444438925609,0.0
2019-10-20,0.14144615924080764,0.4701737068345042,0.3637783017703308,0.9134438305709023,0.5519601653526182,0.5781110701937405,0.5258092605114959,0.5519601653526182,0.0011625653943034275,0.04953400063672375,0.02492923106389594,0.03019017458024436,0.8850629599114629,-0.030708656619166334
2019-10-27,0.14129080068324196,0.4684707379697719,0.3286017486981861,0.885819521178637,0.5386306457355309,0.5519601653526182,0.5781110701937405,0.5258092605114959,0.0011625653943034345,0.04493187617426514,0.02443064644261802,0.02577907949069714,0.8847374621728384,0.0
2019-11-03,0.14126722799804103,0.46786605820446714,0.3286017486981862,0.885819521178637,0.5519601653526182,0.5386306457355309,0.5519601653526182,0.5781110701937405,0.0011625653943034345,0.05904341275442504,0.02394203351376566,0.042753104329124096,0.8848011209928678,0.0
2019-11-10,0.1413471749870313,0.4681431289912883,0.3286017486981862,0.885819521178637,0.5519601653526182,0.5519601653526182,0.5386306457355309,0.5519601653526182,0.0009546268684930553,0.0721469824360021,0.02346319284349035,0.05851469882194912,0.8848702581354926,0.02464190393692893
2019-11-17,0.14190465121162268,0.47254341826135554,0.37371173111569406,0.907918968692449,0.5626563265687577,0.5519601653526182,0.5519601653526182,0.5386306457355309,0.0008033988497218869,0.06908932450822182,0.0,0.05157437439278494,0.8850116628907966,0.006066752682237362
2019-11-24,0.14253190565688326,0.4775965621513706,0.38498943324050955,0.9447619047619047,0.5545935237535659,0.5626563265687577,0.5519601653526182,0.5519601653526182,0.0005812826971517207,0.06706782460030775,0.0,0.045773849833113354,0.8857871656997598,-0.030708656619166334
2019-12-01,0.142610678717611,0.4779720497122818,0.33964292851795613,0.9161904761904761,0.5386306457355309,0.5545935237535659,0.5626563265687577,0.5519601653526182,0.0003733441713413485,0.0659580821427545,0.0009523809523809523,0.04121572869804677,0.8834215263971885,0.08753099248586257
2019-12-08,0.1442123967070753,0.491483969452445,0.4894383566736907,0.9999999999999999,0.5899542103514873,0.5386306457355309,0.5545935237535659,0.5626563265687577,0.00044423230514033935,0.06492760700359793,0.0023658263305322124,0.036983187644056385,0.8862594042221904,0.0
2019-12-15,0.14553215640460354,0.5025825719500354,0.4894383566736907,0.9999999999999999,0.5519601653526182,0.5899542103514873,0.5386306457355309,0.5545935237535659,0.0005671050703919198,0.06397073723152397,0.0036944649859943974,0.031028774804513208,0.8903503594070882,0.0
2019-12-22,0.1466159686118965,0.5116703723687692,0.4894383566736907,0.9999999999999999,0.5519601653526182,0.5519601653526182,0.5899542103514873,0.5386306457355309,0.0005671050703919198,0.07774339719187805,0.024509803921568624,0.049652017552791104,0.8904142494550192,0.10478892375886856
2019-12-29,0.14942302378517633,0.5350781044866323,0.6406968582037806,0.9999999999999999,0.597445255508777,0.5519601653526182,0.5519601653526182,0.5899542103514873,0.0009782562464260638,0.07751684440838595,0.0,0.0454609468480141,0.8914547750129171,0.02540356760013947
2020-01-05,0.15212442455478012,0.5571382107572218,0.6706814141318176,0.9999999999999999,0.5629869372778583,0.597445255508777,0.5519601653526182,0.5519601653526182,0.0014602955562591849,0.07799141174828754,0.0,0.03959104664775955,0.8915739463161294,0.024774181985579756
2020-01-12,0.1547122624637306,0.5777447949434422,0.6990279858215267,0.9823717948717947,0.5627137436959955,0.5629869372778583,0.597445255508777,0.5519601653526182,0.002150273391902685,0.079690581416015,0.0011167133520074695,0.0346464740698755,0.8924259322002885,0.012966145997267283
2020-01-19,0.1569498567509975,0.5950530140476169,0.7137425532926895,0.9951923076923076,0.557588301404676,0.5627137436959955,0.5629869372778583,0.597445255508777,0.0027410078402275995,0.08126838182176192,0.0027976097105508867,0.029227005005783284,0.8925486608558355,-0.06314389558298644
2020-01-26,0.15736442589989436,0.5979811071317334,0.5721627869122217,0.9342948717948716,0.524551679031943,0.557588301404676,0.5627137436959955,0.5629869372778583,0.0031521590162617436,0.08028425077147223,0.004377652287581698,0.025574774611126026,0.8916530974055763,0.0
2020-02-02,0.1576042025548945,0.5995283356626891,0.5721627869122217,0.9342948717948716,0.5519601653526182,0.524551679031943,0.557588301404676,0.5627137436959955,0.0036341983260948646,0.09335312266069702,0.029131652661064423,0.04725584735860739,0.8919367962542681,0.0
2020-02-09,0.15770430102630037,0.5999926533657035,0.5721627869122217,0.9342948717948716,0.5519601653526182,0.5519601653526182,0.524551679031943,0.557588301404676,0.0041162376359279995,0.09017546479562603,0.028549019607843132,0.04056767311088199,0.8922427285550518,-0.10478892375886859
2020-02-16,0.15577337105303599,0.5850420755223891,0.3948162847092142,0.8413461538461537,0.5064750751964593,0.5519601653526182,0.5519601653526182,0.524551679031943,0.004324176161738365,0.0844119098738119,0.02797803921568627,0.03702548415195565,0.8921368973230946,-0.06899287148695156
2020-02-23,0.15303474342403559,0.5637647968555454,0.3168796203708744,0.7852564102564101,0.5220128496712633,0.5064750751964593,0.5519601653526182,0.5519601653526182,0.004309998534978564,0.07729178760455878,0.02741847843137254,0.03267820615894324,0.8918958867024191,0.0
2020-03-01,0.1508534078738554,0.5465924060834824,0.3168796203708744,0.7852564102564101,0.5519601653526182,0.5220128496712633,0.5064750751964593,0.5519601653526182,0.004281643281458969,0.06835760640490753,0.02687010886274509,0.02905548814346024,0.8921929256223661,-0.018538120998911112
2020-03-08,0.14883555433062462,0.5304785480759566,0.29734409179541116,0.7708333333333333,0.5439134360351039,0.5519601653526182,0.5220128496712633,0.5064750751964593,0.004281643281458969,0.062145570494019725,0.02633270668549019,0.027945754136444755,0.890118099873156,0.05854345561261023
2020-03-15,0.14822700845227604,0.5255573353473612,0.3899381571182548,0.8173076923076922,0.5773717667039231,0.5439134360351039,0.5519601653526182,0.5220128496712633,0.004210755147659985,0.05501382315825824,0.025806052551780388,0.025443144192178184,0.8904649417257886,0.0
2020-03-22,0.1477693293730824,0.5218252636552833,0.3899381571182548,0.29142857142857137,0.5519601653526182,0.5773717667039231,0.5439134360351039,0.5519601653526182,0.004139867013861001,0.095796493000346,0.0,0.0773585479370944,0.8905028097413914,0.0
2020-03-29,0.14743506649355942,0.5190734753569292,0.3899381571182548,0.29142857142857137,0.5519601653526182,0.5519601653526182,0.5773717667039231,0.5439134360351039,0.00406897888006201,0.08734595359892215,0.001633986928104575,0.06852018079090563,0.8905662284401382,-0.10101268272172292
2020-04-05,0.14557885460024525,0.5037262334702747,0.27337219660816986,0.2634285714285714,0.5081142051528009,0.5519601653526182,0.5519601653526182,0.5773717667039231,0.00349242205849689,0.07781914875966424,0.0032352941176470584,0.06256734401966338,0.8904185983182484,0.0
2020-04-12,0.1441738378039365,0.49183629758552305,0.27337219660816986,0.2634285714285714,0.5519601653526182,0.5081142051528009,0.5519601653526182,0.5519601653526182,0.0028449771031327786,0.10298711310595195,0.004804575163398692,0.11316514848388282,0.8904629229283387,0.0
2020-04-19,0.1431383330271768,0.48284120493386384,0.27337219660816986,0.2634285714285714,0.5519601653526182,0.5519601653526182,0.5081142051528009,0.5519601653526182,0.0021266440139696904,0.12242255185175101,0.006342470588235294,0.16014882405780087,0.8905128503683561,0.0
2020-04-26,0.1424041325936736,0.4762579254580619,0.27337219660816986,0.2634285714285714,0.5519601653526182,0.5519601653526182,0.5519601653526182,0.5081142051528009,0.0013705039201137997,0.13897878143514958,0.007849608104575164,0.20377652280501046,0.8905159808384107,0.0
2020-05-03,0.14191436377307512,0.4716728406677147,0.27337219660816986,0.2634285714285714,0.5519601653526182,0.5519601653526182,0.5519601653526182,0.5519601653526182,0.0007939470985486863,0.1543524231911625,0.009326602870588235,0.2429078236197053,0.8905308416777888,0.07920805275487003
2020-05-10,0.1428799106023934,0.4797455175975573,0.4234376631414288,0.07538802660753878,0.586341522574489,0.5519601653526182,0.5519601653526182,0.5519601653526182,0.00039697354927434314,0.14839914175894514,0.010774057741281045,0.22399267760976793,0.8906295582050766,0.0
2020-05-17,0.1437164306286355,0.4867510188137598,0.4234376631414288,0.06877950101146323,0.5519601653526182,0.586341522574489,0.5519601653526182,0.5519601653526182,0.0,0.1581406346512379,0.01219256351456,0.2682126003853982,0.8908225445692337,0.1709005391324869
2020-05-24,0.14752167573530944,0.5191602017847976,0.6563133222831878,0.131490222521915,0.6261419218907889,0.5519601653526182,0.586341522574489,0.5519601653526182,0.0003166336643021586,0.1480042078814353,0.015215598602362285,0.2500202155039586,0.8912734389776561,-0.09193749532568549
2020-05-31,0.14880834731614004,0.529935003483018,0.5097701859161365,0.09642616318273768,0.5120534164939028,0.6261419218907889,0.5519601653526182,0.586341522574489,0.0005529274436321258,0.13859181159519007,0.01811771228665248,0.23124110391255537,0.8908216552311501,0.0
2020-06-07,0.14982890027631626,0.5384204524103509,0.5097701859161365,0.08756889161053277,0.5519601653526182,0.5120534164939028,0.6261419218907889,0.5519601653526182,0.0007892212229620929,0.14808583698705896,0.020903741423571067,0.27995776786077625,0.8908929534653182,-0.01680711831638129
2020-06-14,0.150331324142596,0.5425738103459556,0.48609282953010774,0.05186590765338394,0.5446648018307542,0.5519601653526182,0.5120534164939028,0.6261419218907889,0.0010255150022920531,0.13518506541778447,0.09477124183006534,0.25904025967245753,0.8906546108588936,-0.011363758650315095
2020-06-21,0.15052141457162693,0.5441390761585871,0.4700242439847115,0.04079031230082856,0.5470275678205372,0.5446648018307542,0.5519601653526182,0.5120534164939028,0.001096403136091044,0.12331084507994262,0.09337161531279176,0.23750065414957133,0.8905105380893386,-0.023122417420854264
2020-06-28,0.1502659654662299,0.5420324443546173,0.4377947640797743,0.0331421287444232,0.5419235583975164,0.5470275678205372,0.5446648018307542,0.5519601653526182,0.001110580762850838,0.11251051372703817,0.09061714285714283,0.21777561862557698,0.8904423080715591,-0.1003912929445142
2020-07-05,0.1484392412993943,0.526849263899206,0.3258413472365567,0.00191204588910134,0.5083839280302254,0.5419235583975164,0.5470275678205372,0.5446648018307542,0.0008931904858672721,0.10352487547440227,0.08661708907563023,0.20129969252548674,0.8896187810060776,-0.006486509229606773
2020-07-12,0.14692539663463158,0.5140582510741478,0.31979146939652575,0.0,0.5491446057827314,0.5083839280302254,0.5419235583975164,0.5470275678205372,0.0008931904858672721,0.095181068525526,0.081409477318394,0.18374639985375563,0.8893190740718796,0.012931214672248784
2020-07-19,0.14597193863985777,0.5058551376818712,0.3385311491056943,0.00382409177820268,0.5575731389770954,0.5491446057827314,0.5083839280302254,0.5419235583975164,0.000921545739386874,0.08736109880135927,0.07661847450173667,0.16758492717506246,0.8894667041937694,-0.10607454639148342
2020-07-26,0.1437134987159522,0.4861242700928996,0.24683096636862123,0.0,0.5059170328074961,0.5575731389770954,0.5491446057827314,0.5083839280302254,0.0007277848403362958,0.08125767367163252,0.07221075191041193,0.15446402817491375,0.8891305343981408,0.09314333171923461
2020-08-02,0.1433721653932232,0.4828814765251694,0.36394336717815506,0.02546583850931679,0.592390324273263,0.5059170328074961,0.5575731389770954,0.5491446057827314,0.0007277848403362958,0.07445719786181564,0.06695046103309622,0.14200430949894718,0.8894889376458612,0.006486509229606852
2020-08-09,0.14327850051586413,0.48179321062339403,0.3718477530499918,0.02732919254658387,0.554775724922505,0.592390324273263,0.5059170328074961,0.5575731389770954,0.0007419624670960898,0.06921025729592335,0.06221619924351209,0.13043457072840675,0.8903266941206817,0.07272154352526344
2020-08-16,0.14443950568594416,0.49185545746509274,0.4586850938880182,0.049068322981366465,0.5835259630046022,0.554775724922505,0.592390324273263,0.5059170328074961,0.0007419624670960898,0.06295430067919336,0.05795536363288637,0.11982925524367638,0.8909243293129101,0.07339199875734609
2020-08-23,0.14666961741493517,0.5112872578106883,0.5376614109164111,0.07267080745341617,0.5838169834253017,0.5835259630046022,0.554775724922505,0.592390324273263,0.000921545739386867,0.05617986485888929,0.05412061158332323,0.11067152916171233,0.8912311509517775,-0.005602255548669898
2020-08-30,0.1483543720860419,0.5258152263584887,0.5300627369177389,0.0708074534161491,0.5495284283944692,0.5838169834253017,0.5835259630046022,0.554775724922505,0.0006474449553641112,0.04988931731146405,0.0506693347387164,0.1017538862504315,0.8907606911055143,0.011173300598125255
2020-09-06,0.1498906545914347,0.5389293070398923,0.542558531922064,0.07453416149068326,0.5568100919175389,0.5495284283944692,0.5838169834253017,0.5835259630046022,0.0006474449553641112,0.043818506586645656,0.04756318557857025,0.09186306180714712,0.8911769013286734,0.0
2020-09-13,0.15109443768025316,0.5490916949779396,0.542558531922064,0.7361963190184052,0.5519601653526182,0.5568100919175389,0.5495284283944692,0.5838169834253017,0.0006474449553641112,0.03830240942411241,0.04476765133443871,0.08281673819772592,0.8916233490466775,-0.00557104504945536
2020-09-20,0.15192466341372815,0.556024042839879,0.5333230543289462,0.9749999999999999,0.5495419757458464,0.5519601653526182,0.5568100919175389,0.5495284283944692,0.0006758002088837062,0.03356999793417406,0.042251670514720334,0.0748306206812919,0.8906504131831388,0.03116659223841925
2020-09-27,0.15311498000122659,0.5658503441051669,0.5737592887141427,0.9999999999999999,0.5654884582959337,0.5495419757458464,0.5519601653526182,0.5568100919175389,0.0008128506008950806,0.028511027810802586,0.03998728777697379,0.0675069490460698,0.8930605193898937,0.02142939145589899
2020-10-04,0.15440829787690902,0.5763565546677455,0.6009443391469171,0.8957055214723925,0.5612618908346559,0.5654884582959337,0.5495419757458464,0.5519601653526182,0.0010633220069848487,0.02316940332371728,0.0379493433130019,0.06296061524929655,0.8965360526208894,-0.058198239242987934
2020-10-11,0.154310680535593,0.5754538633440487,0.49845447713873897,0.6993865030674848,0.5266984099691159,0.5612618908346559,0.5654884582959337,0.5495419757458464,0.0013941332980468013,0.018209323442852338,0.0361151932954272,0.05662281451855982,0.8963332835378118,0.0056022555486697516
2020-10-18,0.15428330578449917,0.5751261216639553,0.5062034113995035,0.717791411042945,0.5543919023107671,0.5266984099691159,0.5612618908346559,0.5654884582959337,0.001753299842628342,0.013776467042825688,0.03446445827960997,0.04940358456160924,0.8966792360523609,0.17859020918109644
2020-10-25,0.1576886251785193,0.6020757527830086,0.7022405161599903,0.9999999999999999,0.6294797301522513,0.5543919023107671,0.5266984099691159,0.5612618908346559,0.0025803280702832304,0.0158648514507838,0.03297879676537446,0.04739246859066875,0.897174597364967,-0.09640111733946886
2020-11-01,0.15831432313642085,0.6066199193493322,0.5531041848974625,0.7305936073059358,0.5101159192619708,0.6294797301522513,0.5543919023107671,0.5266984099691159,0.003350645790898908,0.017804065543887762,0.031641701402562505,0.04340879869820525,0.8957507670930058,0.14058195062118958
2020-11-08,0.16162248019415265,0.6314135321677868,0.6699970874680241,0.8763250883392227,0.6129817167624569,0.5101159192619708,0.6294797301522513,0.5543919023107671,0.004343079664084766,0.02365119419690237,0.019607843137254898,0.04265396195927921,0.8983929905395995,-0.04418083328172068
2020-11-15,0.16312056144430936,0.6418225211452961,0.609383423703103,0.7192982456140351,0.5327828600334268,0.6129817167624569,0.5101159192619708,0.6294797301522513,0.0051842855184994485,0.025968129786883995,0.01987488328664799,0.04153900200939079,0.8968455422740078,0.06190655588082884
2020-11-22,0.16550120838355672,0.6581953333228633,0.6573695119861303,0.5942028985507248,0.5788315671619957,0.5327828600334268,0.6129817167624569,0.5101159192619708,0.006053846626433719,0.03753673894584614,0.020136582633053218,0.0435859807336273,0.9049767603730339,-0.017725722599108273
2020-11-29,0.16679129735525888,0.666175328120171,0.6321491501372203,0.5476190476190478,0.5442660688624319,0.5788315671619957,0.5327828600334268,0.6129817167624569,0.006687113955038022,0.043426479221664635,0.02086800074696545,0.0429565015086568,0.8955471086718446,0.0
2020-12-06,0.16760959385484597,0.6705653127324451,0.6321491501372203,0.5220125786163523,0.5519601653526182,0.5442660688624319,0.5788315671619957,0.5327828600334268,0.007334558910402127,0.04889552376349608,0.02157016213632119,0.040071762191660705,0.8972893219777608,0.3156045330714041
2020-12-13,0.1762936315185189,0.7267485635756978,0.83139804992443,0.9999999999999997,0.6889527035475751,0.5519601653526182,0.5442660688624319,0.5788315671619957,0.009130391633309858,0.06877641075268817,0.0222442370701027,0.046685976174010664,0.9027685339112728,0.13217177310848302
2020-12-20,0.18710108322847716,0.7897458290021351,0.8851213010025276,0.9008264462809916,0.6093311622126744,0.6889527035475751,0.5519601653526182,0.5442660688624319,0.011540588182475518,0.09807908144875153,0.023486613658221474,0.04877935400737426,0.9168227436475638,0.0
2020-12-27,0.19514455240478085,0.8298376374115438,0.8851213010025276,0.9008264462809916,0.5519601653526182,0.6093311622126744,0.6889527035475751,0.5519601653526182,0.013964962358400959,0.12528870423795324,0.025753342828869076,0.046582803643783914,0.9205143860328922,0.125163142954006
2021-01-03,0.2055664215367795,0.8770622967038235,0.9293137582030315,0.9072847682119203,0.6062889687917253,0.5519601653526182,0.6093311622126744,0.6889527035475751,0.016970619231478114,0.15919505485337965,0.02783873366586487,0.049603640101115974,0.9234794392038593,0.2960503221222976
2021-01-10,0.22667298267561195,0.9650644555545349,1.0,0.9638336347197106,0.6804649262515764,0.6062889687917253,0.5519601653526182,0.6093311622126744,0.021857174588021805,0.20697933150371028,0.030937213240454852,0.06621003988863661,0.9369155589719973,-0.22314355131420985
2021-01-17,0.2317389887422358,0.9719587283768586,0.7089801690810893,0.566869300911854,0.45510160258459187,0.6804649262515764,0.6062889687917253,0.5519601653526182,0.025382677775624883,0.25842649135459117,0.03641242272162828,0.08577066947161952,0.9259864832617346,0.08961215868968714
2021-01-24,0.23874883176048137,0.9848505616460277,0.7450389789073066,0.6495327102803735,0.5908575694949474,0.45510160258459187,0.6804649262515764,0.6062889687917253,0.029461108406860087,0.30619885407326636,0.04340618680857417,0.08599237265553472,0.9354205816533423,-0.07410797215372172
2021-01-31,0.23991726187289053,0.9737751147427379,0.6745910420433092,0.571651090342679,0.519792569066786,0.5908575694949474,0.45510160258459187,0.6804649262515764,0.03257073454284243,0.34943397020154837,0.049420823923347644,0.08481810616145619,0.9322136285236159,-0.055350095083164956
2021-02-07,0.237489108875809,0.9501802144277113,0.6279522616502042,0.5171339563862927,0.5279346865643922,0.519792569066786,0.5908575694949474,0.45510160258459187,0.03562837604737218,0.3782121135947469,0.05459341184205283,0.08372771584552616,0.9293366198229324,-0.041499730906752734
2021-02-14,0.23293301662600374,0.9204366122195566,0.5952704698841997,0.4781931464174453,0.5339466298181411,0.5279346865643922,0.519792569066786,0.5908575694949474,0.03803384672095124,0.39507496563703703,0.08636788048552754,0.08409534428844803,0.9265743357350428,-0.10724553035359756
2021-02-21,0.22444386838060199,0.8779504733969019,0.5214557851212742,0.35562805872756936,0.5054087509282896,0.5339466298181411,0.5279346865643922,0.519792569066786,0.04000926271614974,0.40636672936805823,0.08564892623716153,0.0821364906630663,0.9238102729709858,-0.05826890812397588
2021-02-28,0.2149566842105261,0.8334276064461683,0.48701131674314474,0.30668841761827076,0.5266677351581944,0.5054087509282896,0.5339466298181411,0.5279346865643922,0.04150736527710172,0.4123796518006357,0.08416507936507936,0.07663719852368858,0.8942771338883589,0.0
2021-03-07,0.20678235489413005,0.7953225381443181,0.48701131674314474,0.30668841761827076,0.5519601653526182,0.5266677351581944,0.5054087509282896,0.5339466298181411,0.04306217834509289,0.4069786206625699,0.08191629505135387,0.07613115875331336,0.9010165378864361,-0.020202707317519466
2021-03-14,0.19906754505526109,0.7600212899559334,0.47454224337160184,0.27980132450331113,0.5431908991861824,0.5519601653526182,0.5266677351581944,0.5054087509282896,0.04452247390135208,0.4019633774629374,0.07872433598506068,0.07014072973568,0.8981172957336607,0.0
2021-03-21,0.19246290091750612,0.7299038991891303,0.47454224337160184,0.08421052631578942,0.5519601653526182,0.5431908991861824,0.5519601653526182,0.5266677351581944,0.04480602643654803,0.399596722566502,0.07578773364407096,0.06457818850502045,0.8998915252105892,0.02020270731751947
2021-03-28,0.1874655365796741,0.706881431967956,0.48751040990112454,0.1052631578947368,0.560729431519054,0.5519601653526182,0.5431908991861824,0.5519601653526182,0.04456973265721807,0.39613488136190245,0.0730860594903604,0.05849288249045576,0.9020792968964259,-0.020202707317519466
2021-04-04,0.18245993654810685,0.684251549893511,0.4725640597869681,0.08421052631578942,0.5431908991861824,0.560729431519054,0.5519601653526182,0.5431908991861824,0.04423892136615612,0.39789115839300593,0.07060051926894668,0.05560250866378818,0.9008004287321034,-0.08515780834030683
2021-04-11,0.1755182521521587,0.6538067766118972,0.4148286071539519,0.08653846153846148,0.5149962339473018,0.5431908991861824,0.560729431519054,0.5519601653526182,0.04286841744604232,0.3805406416989523,0.06831382226524609,0.05613890216178683,0.8962461284056119,0.0
2021-04-18,0.16978770108681285,0.62850590992184,0.4148286071539519,0.08653846153846148,0.5519601653526182,0.5149962339473018,0.5431908991861824,0.560729431519054,0.039560304535422794,0.36725797753184186,0.06526395264376349,0.05479680352345253,0.8977233189625934,0.03278982282299097
2021-04-25,0.16606468696819185,0.6118680931462306,0.43956585707965695,0.1764705882352941,0.5661930441131655,0.5519601653526182,0.5149962339473018,0.5431908991861824,0.037906248080113045,0.35492407509095364,0.06251906998442916,0.05171039075852333,0.9007888673370157,-0.032789822822990956
2021-05-02,0.16197028117030315,0.5936235251779607,0.4156317945141234,0.14062499999999994,0.5377272865920708,0.5661930441131655,0.5519601653526182,0.5149962339473018,0.03554331028681339,0.33681316357301727,0.06004867559102826,0.048844436048231916,0.8992894433279424,0.011049836186584935
2021-05-09,0.1589560093958451,0.5801004462884635,0.42471641007033917,0.18518518518518512,0.5567565004721022,0.5377272865920708,0.5661930441131655,0.5519601653526182,0.03370021880803965,0.3199958885920764,0.05782532063696745,0.045723147809913774,0.9012842286496218,-0.011049836186584935
2021-05-16,0.15616012188955122,0.5675128062105027,0.4159127993572506,0.1874999999999999,0.5471638302331341,0.5567565004721022,0.5377272865920708,0.5661930441131655,0.03214067986446188,0.3043798475383455,0.055824301178312725,0.04052458583766629,0.9006243397915361,-0.011173300598125189
2021-05-23,0.15356719513473976,0.5557766646425454,0.4066984747798134,0.20512820512820504,0.5471102387876975,0.5471638302331341,0.5567565004721022,0.5377272865920708,0.030770175944348097,0.2867687523264767,0.05402338366552347,0.03615739429934119,0.9000169218803872,0.011173300598125255
2021-05-30,0.15182505749415195,0.5478416026648444,0.41769365143513587,0.33333333333333315,0.5568100919175389,0.5471102387876975,0.5471638302331341,0.5567565004721022,0.030014035850492206,0.2704155924868842,0.05240255790401313,0.031182055856229927,0.9021700093809605,-0.02247285585205863
2021-06-06,0.14977600805541735,0.5384505227189436,0.3972715070831639,0.259259259259259,0.5422055096329984,0.5568100919175389,0.5471102387876975,0.5471638302331341,0.029446930780100286,0.24784779967814707,0.050943814718653835,0.02886232162429294,0.8991151330635423,0.022472855852058576
2021-06-13,0.14883430216111512,0.5341060547374372,0.42144215469435004,0.3599999999999998,0.5617148210722379,0.5422055096329984,0.5568100919175389,0.5471102387876975,0.02897434322144036,0.2276447660713694,0.04963094585183046,0.024868104379589813,0.9021175384340238,-0.011173300598125189
2021-06-20,0.14777756692257557,0.5292034535928433,0.41013324575379423,0.3199999999999998,0.5471102387876975,0.5617148210722379,0.5422055096329984,0.5568100919175389,0.028549014418646428,0.2149468046629034,0.04844936387168944,0.02299936668169856,0.8993605903746362,0.011173300598125255
2021-06-27,0.14730497680285223,0.5269941352209795,0.4234018213485669,0.3599999999999998,0.5568100919175389,0.5471102387876975,0.5617148210722379,0.5422055096329984,0.02817094437171848,0.20315584049789914,0.04738594008956251,0.01988397651165686,0.9012308683646014,-0.011173300598125189
2021-07-04,0.14663321062255277,0.5238413033783667,0.4107477486372942,0.3199999999999998,0.5471102387876975,0.5568100919175389,0.5471102387876975,0.5617148210722379,0.027651098057192548,0.1922070880589667,0.04642885868564828,0.015610980474618348,0.9002223589777157,-0.022728251077556175
2021-07-11,0.1454819376483928,0.5184087697293033,0.3851236687821829,0.3333333333333331,0.5420946517823735,0.5471102387876975,0.5568100919175389,0.5471102387876975,0.027131251742666625,0.18589103397776158,0.045567485422125464,0.01210324301898727,0.8994103933073219,0.0
2021-07-18,0.14463032789075872,0.5143433112372193,0.3851236687821829,0.25000000000000017,0.5519601653526182,0.5420946517823735,0.5471102387876975,0.5568100919175389,0.026989475475068636,0.18200341135663878,0.04479224948495494,0.009306102817520256,0.901180176093832,0.02272825107755609
2021-07-25,0.1446854272185683,0.5145559752646522,0.4182948849443216,0.3750000000000002,0.5618256789228628,0.5519601653526182,0.5420946517823735,0.5471102387876975,0.026942216719202654,0.17391791664947254,0.037815126050420166,0.010849159553586021,0.9037139002942176,0.011173300598125255
2021-08-01,0.14511917061611584,0.516570580351625,0.43494250054921607,0.4375000000000002,0.5568100919175389,0.5618256789228628,0.5519601653526182,0.5420946517823735,0.026800440451604672,0.16640995727853242,0.03798319327731092,0.008141596742504816,0.904603238377891,0.011049836186584935
2021-08-08,0.14584462952815833,0.5199767485042965,0.4520071766236405,0.5000000000000003,0.5567565004721022,0.5568100919175389,0.5618256789228628,0.5519601653526182,0.02684769920747067,0.15246997160074593,0.038147899159663864,0.007007565011357783,0.9055076952089869,-0.03352269203864356
2021-08-15,0.14546592262825414,0.5181468478374469,0.40210843365614063,0.31250000000000017,0.5374091745135143,0.5567565004721022,0.5568100919175389,0.5618256789228628,0.026705922939872694,0.13952569918565838,0.03830931092436975,0.004574401810435738,0.904780216656542,-0.011428695823622744
2021-08-22,0.1448886695594893,0.5153558698941658,0.3859661152572014,0.25000000000000017,0.5469993809370726,0.5374091745135143,0.5567565004721022,0.5568100919175389,0.026564146672274712,0.13588175881170161,0.03846749445378151,0.004155214296055483,0.9028485743388033,0.01142869582362285
2021-08-29,0.14482466401566454,0.5150040003264689,0.4059873027105462,0.31250000000000017,0.5569209497681639,0.5469993809370726,0.5374091745135143,0.5567565004721022,0.02651688791640871,0.13249809989302747,0.03862251431260504,0.0019257904319407437,0.9034844510686298,-0.05849620668160861
2021-09-05,0.14317682911368318,0.5070137683482995,0.32612680929775434,0.05882352941176474,0.5265690730571303,0.5569209497681639,0.5469993809370726,0.5374091745135143,0.026186076625346756,0.1385245907972768,0.04621848739495798,0.0012357448658340056,0.9024634909485727,0.0
2021-09-12,0.14196244415373566,0.5010194540386586,0.32612680929775434,0.05882352941176474,0.5519601653526182,0.5265690730571303,0.5569209497681639,0.5469993809370726,0.025949782846016803,0.14412061806550835,0.04605975723622782,0.0005949882687348862,0.9034844510686298,0.0
2021-09-19,0.1411014958715632,0.49667664439986575,0.32612680929775434,0.05882352941176474,0.5519601653526182,0.5519601653526182,0.5265690730571303,0.5569209497681639,0.02561897155495485,0.14931692910029482,0.04590420168067227,0.0,0.9045054111886869,1.0321978457691028
2021-09-26,0.190194162363426,0.7121284764730844,0.9818501296314464,0.6958525345622119,1.0,0.5519601653526182,0.5519601653526182,0.5265690730571303,0.032424232399657846,0.24217273772475773,0.03828197945845004,0.09605687243330385,0.9071538600018664,-0.008620743043907088
2021-10-03,0.22753569616385605,0.8428132205914631,0.9677750323555387,0.6866359447004606,0.5482182119046803,1.0,0.5519601653526182,0.5519601653526182,0.03908771697676289,0.3283959885903304,0.03828197945845004,0.10796505046081131,0.905128837185342,-0.004338401598598242
2021-10-10,0.255576070156201,0.921240829808474,0.9603322442941287,0.6820276497695851,0.5500770217839338,0.5482182119046803,1.0,0.5519601653526182,0.0457512015538679,0.40736841753114345,0.040308123249299714,0.09786059372045217,0.9039798123812359,0.004338401598598362
2021-10-17,0.2766718875167019,0.9672643672566963,0.9613938159243733,0.6866359447004606,0.5538433089213025,0.5500770217839338,0.5482182119046803,1.0,0.0525564623985709,0.47498645980353743,0.04229374416433239,0.09031806220516606,0.9045320913311972,0.017167803622365498
2021-10-24,0.29307974264051995,0.9938188651179525,0.9658081381319232,0.7050691244239631,0.5594120893493129,0.5538433089213025,0.5500770217839338,0.5482182119046803,0.05955075826673786,0.5406728863004885,0.044239652661064416,0.0892948624648757,0.9063294435983011,-0.02150620522096373
2021-10-31,0.30264769511489864,1.0,0.9226507076544088,0.6820276497695851,0.5426250977872391,0.5594120893493129,0.5538433089213025,0.5500770217839338,0.0662142428438429,0.5871136735900752,0.0461466429878618,0.08604452552651118,0.9053075941401604,-0.008733679968754666
2021-11-07,0.3077410508930666,0.9947901627474292,0.9050158816142311,0.672811059907834,0.5481691900612986,0.5426250977872391,0.5594120893493129,0.5538433089213025,0.07273595115334995,0.6154539699595026,0.04801549350812324,0.08854689045745762,0.9038330715974298,0.03023988518971839
2021-11-14,0.312250638237615,0.9882660409958208,0.916772233706941,0.7050691244239631,0.5650862082093168,0.5481691900612986,0.5426250977872391,0.5594120893493129,0.07954121199805295,0.6426635735107232,0.04984696701797944,0.08627006924857519,0.904870039802993,-0.06142281262640624
2021-11-21,0.3092981006377552,0.9664639694699413,0.7964854187489694,0.6405529953917048,0.5252987390325441,0.5650862082093168,0.5481691900612986,0.5426250977872391,0.08582662652823002,0.6679296339511422,0.051641811057638536,0.08323578896851785,0.9046450372678236,-0.027524673390090033
2021-11-28,0.30318171703319324,0.9397129224521243,0.749179870219377,0.6129032258064514,0.54001269795093,0.5252987390325441,0.5650862082093168,0.5481691900612986,0.09187574727907713,0.6735800955121412,0.05340075821650443,0.08455864420303544,0.9041390038982134,0.06308397542657687
2021-12-05,0.30127849165450327,0.9233407868013168,0.787943689928494,0.6774193548387096,0.5793426424958087,0.54001269795093,0.5252987390325441,0.5650862082093168,0.09853923185618216,0.6792621701879966,0.05512452643219302,0.08624705435670649,0.9048255728988094,-0.031044621681960163
2021-12-12,0.29574449769110067,0.9007586193703017,0.7341837026825839,0.6451612903225805,0.538484815426159,0.5793426424958087,0.54001269795093,0.5252987390325441,0.10510819892155521,0.6850015300871636,0.05681381928356783,0.08137423968244956,0.9044298174515747,0.004494389587839267
2021-12-19,0.29007785095482064,0.8792970575532922,0.7373206726796298,0.649769585253456,0.5539110176781004,0.538484815426159,0.5793426424958087,0.54001269795093,0.11172442474279423,0.6903309357078187,0.058469326277915144,0.07362917114787809,0.9046067957302257,0.0395656002061911
2021-12-26,0.28702075218454093,0.8642302654011959,0.765264445214139,0.28723404255319135,0.5691341645493494,0.5539110176781004,0.538484815426159,0.5793426424958087,0.1187659793668272,0.6988392141248024,0.06009172313237551,0.06919758926691849,0.9048958306074195,-0.008658062743114541
2022-01-02,0.2824007708670975,0.846976435610233,0.7483283343640295,0.3378378378378377,0.5482020127700565,0.5691341645493494,0.5539110176781004,0.538484815426159,0.11862420309922919,0.6947458421210585,0.06168167204974667,0.06508254894888457,0.9042999740913583,0.004338401598598362
2022-01-09,0.2776022961676685,0.830302660724531,0.7517332092057845,0.577777777777778,0.5538433089213025,0.5482020127700565,0.5691341645493494,0.5539110176781004,0.11862420309922922,0.6939134094101855,0.06323982198877041,0.060341350924615116,0.9045907876447196,0.012903404835907782
2022-01-16,0.27338088495589574,0.8155823653411103,0.7623175401408124,0.6444444444444442,0.5575610677307477,0.5538433089213025,0.5482020127700565,0.5691341645493494,0.11881323812269318,0.6931404361786606,0.06476680892901368,0.055018720744555515,0.9050514647720624,0.004264398786457739
2022-01-23,0.26899747100491195,0.8012734722632268,0.765969450122642,0.6666666666666669,0.5538111869711834,0.5575610677307477,0.5538433089213025,0.5482020127700565,0.11900227314615716,0.6930813034280603,0.06626325613045207,0.04915618927697648,0.9055868462984338,0.0
2022-01-30,0.2642059726374415,0.7868588213791614,0.765969450122642,0.7692307692307696,0.5519601653526182,0.5538111869711834,0.5575610677307477,0.5538433089213025,0.11900227314615716,0.6675365721312164,0.06772977438786171,0.0556735691048895,0.9061844814906623,0.06187540371808745
2022-02-06,0.2641160434139964,0.7818438576192163,0.8193237619995615,0.9999999999999997,0.5788180451323763,0.5519601653526182,0.5538111869711834,0.5575610677307477,0.11994744826347703,0.6487501098174345,0.06916696228012315,0.05804506517214258,0.9063721318263174,-0.06187540371808741
2022-02-13,0.2577773257297732,0.7655376212404514,0.6740835494038551,0.6666666666666669,0.52510228557286,0.5788180451323763,0.5519601653526182,0.5538111869711834,0.12027825955453894,0.6313055376689228,0.07057540641453935,0.057486901190592264,0.9057220256871521,0.021053409197832263
2022-02-20,0.253237322285376,0.7531682819309132,0.6953711788454844,0.7777777777777775,0.5610986905049662,0.52510228557286,0.5788180451323763,0.5519601653526182,0.12051455333386896,0.6210903701564684,0.07195568166626724,0.05558847232858146,0.9060875436395419,-0.01680711831638129
2022-02-27,0.2471782921610911,0.7384845048950613,0.6592171408551739,0.6888888888888887,0.5446648018307542,0.5610986905049662,0.52510228557286,0.5788180451323763,0.12122343467185884,0.6116048574663321,0.07330835141296056,0.05198546721309547,0.9058500903712011,-0.004246290881450985
2022-03-06,0.2409915280813974,0.7240565827087528,0.6499681189483342,0.6666666666666669,0.550117003722134,0.5446648018307542,0.5610986905049662,0.52510228557286,0.1221686097891787,0.6011188406795428,0.07463396776472003,0.04541950755452561,0.9057149109824828,-0.02150620522096373
2022-03-13,0.23345074145968123,0.7075798569833476,0.6033439248779746,0.4285714285714281,0.5426250977872391,0.550117003722134,0.5446648018307542,0.5610986905049662,0.12221586854504468,0.5828822605249838,0.0759330717894443,0.04116272332947241,0.9055361540276644,-0.06744128079553253
2022-03-20,0.22162391956831484,0.6835644424937815,0.4819309723770325,0.0,0.5226863391962349,0.5426250977872391,0.550117003722134,0.5446648018307542,0.12188505725398271,0.5434920485564978,0.0772061937336741,0.04181044090811282,0.9052257750364624,0.11000089521432849
2022-03-27,0.21981837658499256,0.6785680101504549,0.6155697670893598,0.7142857142857141,0.5997075842267285,0.5226863391962349,0.5426250977872391,0.550117003722134,0.12268845610370463,0.5234679692974825,0.07845385323901928,0.04931256162684939,0.9057398124488256,0.004158010148663898
2022-04-03,0.21793813584286215,0.673568374814099,0.6200766535329989,0.6666666666666669,0.5537650075028955,0.5997075842267285,0.5226863391962349,0.5426250977872391,0.12311378490649855,0.5134533113756373,0.07967655955425758,0.04937814789853428,0.9068141328539031,0.07203112820888272
2022-04-10,0.2216497131501015,0.6788561399947229,0.6938373643450444,0.9999999999999999,0.5832262786316333,0.5537650075028955,0.5997075842267285,0.5226863391962349,0.12448428882661236,0.5086779083863007,0.0808748117431911,0.050819183172812914,0.9074855831070765,-0.01949379468100113
2022-04-17,0.22208445684500022,0.6780764874607674,0.6552324290543654,0.7500000000000002,0.5434986125782875,0.5832262786316333,0.5537650075028955,0.5997075842267285,0.1255712402115302,0.5111630832009064,0.08204909888834595,0.05353742109235717,0.9056606613593787,-0.04016604172533476
2022-04-24,0.21829136327006327,0.6698060693988739,0.5822754176951854,0.5576923076923076,0.5345255361613028,0.5434986125782875,0.5832262786316333,0.5537650075028955,0.12604382777019013,0.49017117684296124,0.0831999002905977,0.06020190036936198,0.9024430361726482,-0.10354067894084021
2022-05-01,0.20659351091218014,0.647565486309542,0.4402278317741563,0.09615384615384664,0.50701689322501,0.5345255361613028,0.5434986125782875,0.5832262786316333,0.12533494643220025,0.45375536260356625,0.08432768566480443,0.06547025625477132,0.901308240777881,0.0
2022-05-08,0.19678248342355176,0.6288810116852752,0.4402278317741564,0.09615384615384664,0.5519601653526182,0.50701689322501,0.5345255361613028,0.5434986125782875,0.12462606509421031,0.4292796525668317,0.08543291533152701,0.06484176606036651,0.9029490695422584,0.026907452919924187
2022-05-15,0.19054821988149417,0.6168565683885536,0.47347896422959984,0.21153846153846126,0.5636397196226063,0.5519601653526182,0.50701689322501,0.5345255361613028,0.12349185495342652,0.4065522075327211,0.08651604040491515,0.06149790055013383,0.9035582661295747,-0.1073290202304986
2022-05-22,0.17758504377803766,0.5923954478173018,0.35733726502474455,0.0,0.5053725109857294,0.5636397196226063,0.5519601653526182,0.50701689322501,0.12197957476571472,0.3817303512494798,0.08757750297683552,0.06437346210025027,0.8990564367500199,0.004914014802429163
2022-05-29,0.16744435922733417,0.5730500330195639,0.36328889343226184,0.015625000000000354,0.5540931618402195,0.5053725109857294,0.5636397196226063,0.5519601653526182,0.12027825955453894,0.35868148470075567,0.08861773629731748,0.06152309145164494,0.8991441610585934,0.043172171865208574
2022-06-05,0.16227949284435825,0.5630949939762283,0.4164893759888815,0.15625000000000008,0.5706996471517144,0.5540931618402195,0.5053725109857294,0.5636397196226063,0.11919130816962115,0.3372789657626548,0.0896371649513898,0.05841627412774953,0.8992274564635103,-0.028573372444056114
2022-06-12,0.1561052289429775,0.5511449730081435,0.38601514327691705,0.06250000000000004,0.5395574955373038,0.5706996471517144,0.5540931618402195,0.5053725109857294,0.11786806300537331,0.3210280997834312,0.09063620503238068,0.055071327748227684,0.8989295282054797,-0.014598799421152636
2022-06-19,0.15020382639819982,0.5396257077704831,0.37079095638661,0.015625000000000354,0.5456233533688363,0.5395574955373038,0.5706996471517144,0.5540931618402195,0.1166393353528575,0.3059380099455806,0.09161526431175174,0.049205038637529196,0.8982225044289593,-0.019802627296179754
2022-06-26,0.14425234394042258,0.5278789817917133,0.3502293736566973,0.0,0.5433645594852632,0.5456233533688363,0.5395574955373038,0.5706996471517144,0.11593045401486762,0.297132446941954,0.09257474240553538,0.044677859335118565,0.897651549379241,0.0
2022-07-03,0.13965389876067225,0.5186850553863853,0.3502293736566973,0.11842105263157902,0.5519601653526182,0.5433645594852632,0.5456233533688363,0.5395574955373038,0.11404010378022789,0.29989432874559635,0.1395891690009337,0.042314228297927504,0.8979850511606186,-0.015113637810048184
2022-07-10,0.1351745915696766,0.509605871863116,0.33348102737092794,0.09090909090909098,0.5453998806038267,0.5519601653526182,0.5433645594852632,0.5456233533688363,0.11196071852212419,0.2876712949308102,0.13858076563958915,0.044719873836725633,0.8977031309880941,-0.020513539833103018
2022-07-17,0.13050855971476014,0.4999994992860083,0.3110934002023908,0.03896103896103899,0.5430559780085652,0.5453998806038267,0.5519601653526182,0.5433645594852632,0.10884164063496865,0.2763213349599372,0.13658562091503268,0.04373337549999099,0.8971561880666349,-0.11519571209143245
2022-07-24,0.12012049307012529,0.4782346893790648,0.21239455735455182,0.0,0.5019578639439422,0.5430559780085652,0.5453998806038267,0.5519601653526182,0.10496642265395723,0.2897217636769739,0.13467028197945843,0.04787783169654621,0.8963789065815043,0.09425253824618929
2022-07-31,0.11795001315569628,0.47332966083980726,0.33944988043949137,0.2741935483870967,0.5928717907973055,0.5019578639439422,0.5430559780085652,0.5453998806038267,0.10236719108132761,0.30216501891422215,0.13140799223155927,0.04896598783506214,0.8967204124056349,-0.016000341346441075
2022-08-07,0.11562029568089255,0.467985000206256,0.325019856876861,0.2258064516129034,0.5450149945982464,0.5928717907973055,0.5019578639439422,0.5430559780085652,0.10076039338188383,0.31371947020595276,0.12834143986853405,0.04353579443244691,0.896600351764339,-0.005390848634876423
2022-08-14,0.11385459417820193,0.4637507647197874,0.3200209382182004,0.22413793103448296,0.5496201925064441,0.5450149945982464,0.5928717907973055,0.5019578639439422,0.09910633692657406,0.33083362977916286,0.12545888064729036,0.03987360572344687,0.8961058797898166,0.0
2022-08-21,0.11288202011439935,0.4611648264568738,0.3200209382182005,0.24074074074074098,0.5519601653526182,0.5496201925064441,0.5450149945982464,0.5928717907973055,0.09716872793606837,0.34672534938285793,0.12274927497932128,0.0360129573434707,0.8962303871215308,-0.027398974188114503
2022-08-28,0.11088636251330444,0.4562663653585121,0.29276059194012366,0.19047619047619055,0.5400672594382449,0.5519601653526182,0.5496201925064441,0.5450149945982464,0.09608177655115052,0.3614819461577176,0.12020224565143035,0.03242806956206427,0.8955873956870349,-0.011173300598125189
2022-09-04,0.10910522415942428,0.4517334826861443,0.2818533525525227,0.1428571428571429,0.5471102387876975,0.5400672594382449,0.5519601653526182,0.5496201925064441,0.09485304889863472,0.3775993697860737,0.11780803808321288,0.029559289772377283,0.8943254249463024,-0.016997576368571136
2022-09-11,0.10718134168500804,0.44676929979813673,0.2651882721321566,0.08108108108108117,0.544582130863594,0.5471102387876975,0.5400672594382449,0.5519601653526182,0.09305721617572696,0.396203356152201,0.11555748296908847,0.026435378246048948,0.8936095077889453,-0.028987536873252298
2022-09-18,0.10450532197792683,0.4399541713618208,0.23791484056908008,0.0,0.539377721705054,0.544582130863594,0.5471102387876975,0.5400672594382449,0.09130864220868522,0.41930048229986633,0.1134419611618115,0.023534603257315496,0.8932466578508066,-0.017804624633506707
2022-09-25,0.10193274217187431,0.43318402280196866,0.22187719931876781,0.20754716981132057,0.5442318203367349,0.539377721705054,0.544582130863594,0.5471102387876975,0.08956006824164349,0.45424928976504736,0.11071581061807294,0.02498142769091955,0.8927166123529372,-0.024243611609992853
2022-10-02,0.09913940954331271,0.42568862274832997,0.20073381294297288,0.13207547169811293,0.5414368884619335,0.5442318203367349,0.539377721705054,0.544582130863594,0.08781149427460175,0.4867017538398584,0.10692714272153174,0.021724461734504937,0.8925449701027882,0.006116227017436054
2022-10-09,0.09786051841863497,0.421585708153511,0.2124999583974868,0.23728813559322018,0.554614998777034,0.5414368884619335,0.5442318203367349,0.539377721705054,0.08611017906342598,0.5269634004770708,0.10351734161464467,0.02330058199116688,0.8927157230148535,-0.02469261259037141
2022-10-16,0.09612716665158635,0.4162615430125788,0.19005127803382632,0.18181818181818202,0.5412419933400051,0.554614998777034,0.5414368884619335,0.5442318203367349,0.08436160509638423,0.5616248736327205,0.09949862196542512,0.020623721020639287,0.8923039594821127,0.018576385572935238
2022-10-23,0.09637529767476771,0.4156449110686107,0.22770549349624636,0.28888888888888864,0.5600235039408152,0.5412419933400051,0.554614998777034,0.5414368884619335,0.08294384242040442,0.5975010766971149,0.09596214867411192,0.019978242720196736,0.8928073248374718,0.0
2022-10-30,0.09717970688910892,0.4163998799923302,0.22770549349624636,0.3333333333333331,0.5519601653526182,0.5600235039408152,0.5412419933400051,0.554614998777034,0.08251851361761052,0.6308146938283383,0.0928500521777563,0.016158557961310056,0.8931079211097535,-0.06331227941432672
2022-11-06,0.09509965325055478,0.4099603442720625,0.1675103098134736,0.08333333333333338,0.5244785896874339,0.5519601653526182,0.5600235039408152,0.5412419933400051,0.08081719840643474,0.6693054845389663,0.09011140726096335,0.017672198194438375,0.8928251115991453,0.1457118111813936
2022-11-13,0.10204122651249344,0.4261020325077443,0.4141974046031814,0.7499999999999998,0.6152084041040153,0.5244785896874339,0.5519601653526182,0.5600235039408152,0.08039186960364081,0.6590609734765182,0.08770139973418556,0.02597838994948514,0.8931301545618453,0.07087433958665688
2022-11-20,0.11232968081375426,0.4506974529366922,0.5067502174833882,0.9999999999999999,0.5827241584371876,0.6152084041040153,0.5244785896874339,0.5519601653526182,0.08062816338297078,0.6327748657479346,0.07002801120448178,0.03093101482088608,0.8932866780645718,0.0
2022-11-27,0.12081862384267081,0.4708827440128668,0.5067502174833882,0.7999999999999997,0.5519601653526182,0.5827241584371876,0.6152084041040153,0.5244785896874339,0.08086445716230074,0.5921013246911743,0.07040149393090568,0.03691001450918676,0.8933559130343858,0.04628075256400639
2022-12-04,0.13078096693529045,0.4945267419866985,0.5651305385749832,0.9799999999999999,0.572048969849864,0.5519601653526182,0.5827241584371876,0.6152084041040153,0.08176237352375462,0.5543330365670396,0.07132026143790848,0.03556127410975266,0.893475084337598,-0.08381867188307147
2022-12-11,0.13350633660185038,0.5008602603059483,0.44436521438864457,0.66,0.5155775047563131,0.572048969849864,0.5519601653526182,0.5827241584371876,0.08199866730308457,0.5393238430716185,0.07220227824463117,0.03706913978284917,0.8933105567921185,0.06862850638909615
2022-12-18,0.1401329207347733,0.5164015875375954,0.5246324472975277,0.9199999999999998,0.5817493232942883,0.5155775047563131,0.572048969849864,0.5519601653526182,0.08299110117627043,0.5155507282822678,0.07304901437908495,0.03846930076501023,0.8934546295616735,0.02020270731751947
2022-12-25,0.14676048164076722,0.5318001847653729,0.5471720153091473,0.9999999999999999,0.560729431519054,0.5817493232942883,0.5155775047563131,0.572048969849864,0.08440886385225023,0.48712285400034044,0.07386188106816058,0.03424891530330341,0.8936155997548184,0.06297479916138839
2023-01-01,0.15629329372437015,0.5535891987741969,0.614161881698545,0.9999999999999999,0.5792952530190694,0.560729431519054,0.5817493232942883,0.5155775047563131,0.0865827666220859,0.4550804874875288,0.07464223308967317,0.034470387154860775,0.8938299302329837,-0.06297479916138843
2023-01-08,0.1593847353666777,0.5605255908783064,0.5210125809707775,0.7812499999999998,0.524625077686167,0.5792952530190694,0.560729431519054,0.5817493232942883,0.08833134058912764,0.4266545009146875,0.07613008565891463,0.035136084167211624,0.8910836542306002,0.0
2023-01-15,0.16169875332601066,0.5656511914416894,0.5210125809707775,0.7812499999999998,0.5519601653526182,0.524625077686167,0.5792952530190694,0.560729431519054,0.0900326558003034,0.3976701897915139,0.07803220915167298,0.038974543444298855,0.8915754581908716,0.0
2023-01-22,0.16337730808119735,0.569313776301216,0.5210125809707775,0.7812499999999998,0.5519601653526182,0.5519601653526182,0.524625077686167,0.5792952530190694,0.09192300603494312,0.3707561866057099,0.07978216276501067,0.03333793548350019,0.8923171661526552,-0.020202707317519466
2023-01-29,0.163214413460338,0.5688806934352769,0.49054382073082675,0.7187499999999998,0.5431908991861824,0.5519601653526182,0.5519601653526182,0.524625077686167,0.0934825449785209,0.35812219169327225,0.08139212008928133,0.03316443274342452,0.8920112338518716,0.02020270731751947
2023-02-05,0.16425954522618275,0.5711075759061637,0.517286656849407,0.7812499999999998,0.560729431519054,0.5431908991861824,0.5519601653526182,0.5519601653526182,0.09523111894556263,0.3429851302027994,0.08287328082761035,0.031623189319925867,0.8928649984121981,0.0
2023-02-12,0.16491477556310752,0.5724594375011961,0.5172866568494072,0.7307692307692304,0.5519601653526182,0.560729431519054,0.5431908991861824,0.5519601653526182,0.09745228047126434,0.33702186669296325,0.08423594870687305,0.03249225760620062,0.8934243920668287,0.0
2023-02-19,0.1652570605601442,0.5731162392935151,0.517286656849407,0.6956521739130432,0.5519601653526182,0.5519601653526182,0.560729431519054,0.5431908991861824,0.09853923185618216,0.33148455057668674,0.08548960315579472,0.027778714641170828,0.8942959433888287,0.0
2023-02-26,0.16535025977810006,0.5732255945715873,0.517286656849407,0.6410256410256407,0.5519601653526182,0.5519601653526182,0.5519601653526182,0.560729431519054,0.09901181941484208,0.3263427570401443,0.08664296524880268,0.022481764158976604,0.8948473330007062,0.04879016416943204
2023-03-05,0.1685583705087594,0.5800609002306727,0.5925924393468915,0.8823529411764703,0.5731382148675374,0.5519601653526182,0.5519601653526182,0.5519601653526182,0.09995699453216195,0.3022937313523546,0.08770405837436998,0.022163613070271808,0.8963805518569591,-0.048790164169432056
2023-03-12,0.16754812673490269,0.5777563660051603,0.4964079322905625,0.5882352941176467,0.530782115837699,0.5731382148675374,0.5519601653526182,0.5519601653526182,0.10000425328802795,0.2799624932136927,0.0886802640498919,0.02186818705933164,0.8961831188023837,-0.046043938501406846
2023-03-19,0.1635755297389985,0.5690821784302245,0.4227563870558007,0.3235294117647054,0.5319741532937446,0.530782115837699,0.5731382148675374,0.5519601653526182,0.10038232333495589,0.28231955414416654,0.09990662931839402,0.023894085800124955,0.8958629570922612,-0.005249355886143678
2023-03-26,0.15997617352253285,0.5612103565745433,0.4149506323344004,0.17241379310344762,0.549681609402445,0.5319741532937446,0.530782115837699,0.5731382148675374,0.10009877079975993,0.2845082535796066,0.09963585434173669,0.019794697964100556,0.8956299505143388,0.14660347419187544
2023-04-02,0.1669747522153356,0.5762504930488439,0.6139451818753776,0.7954545454545456,0.6155954428383191,0.549681609402445,0.5319741532937446,0.530782115837699,0.1010439459170798,0.2879948899851684,0.08636788048552754,0.0330097729591231,0.9003487783863099,0.0
2023-04-09,0.17226342151794904,0.5873431976364899,0.6139451818753776,0.7954545454545456,0.5519601653526182,0.6155954428383191,0.549681609402445,0.5319741532937446,0.10137475720814176,0.29123248093319004,0.08677871148459383,0.03331975497812192,0.9015591675181894,0.08701137698962969
2023-04-16,0.18277440106171233,0.6089485502029242,0.7044643173502003,0.9999999999999999,0.5897286640165801,0.5519601653526182,0.6155954428383191,0.549681609402445,0.10326510744278147,0.3052145039537227,0.08718132586367879,0.03682790747566796,0.9036526693671566,-0.012578782206860073
2023-04-23,0.18964156050821557,0.622447030130181,0.6785171727705519,0.7027027027027027,0.5465001699426997,0.5897286640165801,0.5519601653526182,0.6155954428383191,0.1050136814098232,0.3335218998899513,0.08817586554621848,0.04146561138824626,0.9022572979138731,0.03319806940959583
2023-04-30,0.1972178558386313,0.6368783831085882,0.7114365165523651,0.810810810810811,0.566370249223511,0.5465001699426997,0.5897286640165801,0.5519601653526182,0.10714032542379293,0.3598073389735921,0.09014021557422967,0.040251515790498314,0.9078939226881951,0.024194728587056756
2023-05-07,0.20460117715576676,0.6503796522027261,0.7346319523213094,0.8918918918918917,0.5624622238871485,0.566370249223511,0.5465001699426997,0.5897286640165801,0.10973955699642249,0.3893452475428161,0.09198670460056022,0.03912414130687524,0.9141406333879173,0.15812682820689777
2023-05-14,0.22400033485828083,0.6855281373689341,0.8518557029355154,0.9478260869565216,0.620597314958704,0.5624622238871485,0.566370249223511,0.5465001699426997,0.11418188004782587,0.4396989318647692,0.09372240428531092,0.056019032143794105,0.9205865558183822,0.0497615095590638
2023-05-21,0.24332138275837553,0.7180368807439453,0.8792862058268462,0.8985507246376808,0.5735598408470334,0.620597314958704,0.5624622238871485,0.566370249223511,0.11933308443721913,0.4938974350739281,0.09742909373520313,0.06664665469740996,0.9249612098519717,0.03184982588709917
2023-05-28,0.26070548749378425,0.7447947673375059,0.8957355990903033,0.864516129032258,0.5657850253661275,0.5735598408470334,0.620597314958704,0.5624622238871485,0.12495687638527225,0.5487593965013177,0.10276554944104789,0.07283480472424428,0.9285194515247491,0.2262734443231375
2023-06-04,0.2998829313546156,0.8031175000116041,0.979213749990326,0.9555555555555556,0.6501773017234977,0.5657850253661275,0.5735598408470334,0.620597314958704,0.13440862755847088,0.6120388561475375,0.10948130255574119,0.10618361876058646,0.9311990271708571,0.024692612590371414
2023-06-11,0.3321794654199891,0.8444039572950921,0.985818585010785,0.836431226765799,0.5626783373652312,0.6501773017234977,0.5657850253661275,0.5735598408470334,0.1438603787316695,0.6755093542855956,0.12095130581885247,0.12380908186738232,0.9359018469573221,-0.08126296407876575
2023-06-18,0.3448101912125998,0.8543211401429034,0.8166722036058431,0.7174721189591076,0.5166868452831721,0.5626783373652312,0.6501773017234977,0.5657850253661275,0.1522724372758163,0.7001524913538163,0.13551132844712646,0.1489164303201677,0.9332871929913223,0.04399156928153431
2023-06-25,0.3581138113770101,0.8639347755333626,0.8391380936673101,0.7765151515151515,0.5710553179995328,0.5166868452831721,0.5626783373652312,0.6501773017234977,0.16191322347247886,0.7230354043457355,0.1477417474548766,0.15336856901137585,0.9354669606344058,0.0025284463533586906
2023-07-02,0.3664952177188065,0.8662154310313589,0.840449054503706,0.7632653061224488,0.5530576726674387,0.5710553179995328,0.5166868452831721,0.5626783373652312,0.17164852718087345,0.741619737305211,0.15801529942138673,0.157962742374831,0.9386845858211362,-0.19451682988777294
2023-07-09,0.3474156774827126,0.8340723924135858,0.5640959213563359,0.4621848739495797,0.46752742926788704,0.5530576726674387,0.5710553179995328,0.5166868452831721,0.17665795530266873,0.7204379019915176,0.21195144724556486,0.18937139064498784,0.9353308919076038,0.14002864460370318
2023-07-16,0.3464409840963406,0.8260180185249988,0.6553458197687274,0.6580086580086578,0.6127415465881051,0.46752742926788704,0.5530576726674387,0.5710553179995328,0.18398306246189763,0.7007690549145165,0.210718954248366,0.19737451341566029,0.9358938429145691,-0.09798040836020379
2023-07-23,0.33184864657824203,0.801571869608118,0.5573448731589272,0.4770642201834861,0.5094304060236992,0.6127415465881051,0.46752742926788704,0.5530576726674387,0.18870893804849695,0.6825051254858726,0.20951111111111112,0.1960651375633812,0.935621705460965,0.15750638767423067
2023-07-30,0.3375469835777296,0.8030768307022873,0.6510751547924729,0.7383177570093457,0.6203280041140785,0.5094304060236992,0.6127415465881051,0.46752742926788704,0.19631759774292182,0.6798279243022182,0.2083274248366013,0.21141089339311975,0.9413855055812524,-0.03320867099665346
2023-08-06,0.3355686377341536,0.7952200736641355,0.6174431827488402,0.6714285714285713,0.5375454797153763,0.6203280041140785,0.5094304060236992,0.6127415465881051,0.20293382356416084,0.6773419517745389,0.20716741228758168,0.20495851776216562,0.9399830194232994,-0.053345980705292735
2023-08-13,0.3252805536358116,0.7778724428691267,0.5671152455002137,0.5637254901960783,0.528804600290871,0.5375454797153763,0.6203280041140785,0.5094304060236992,0.20832132173288406,0.6503479217530191,0.20603059998954248,0.20724782852256413,0.9390180876025138,0.05594001588233945
2023-08-20,0.3221748517521493,0.7697176576238327,0.6023282410561066,0.5999999999999999,0.5762417074705638,0.528804600290871,0.5375454797153763,0.6203280041140785,0.2126691272725554,0.6275412018184776,0.20491652393746404,0.20523321587693472,0.9398896389245137,-0.0025940351770465356
2023-08-27,0.31744728718187715,0.760015030289819,0.5996545786561842,0.5208333333333333,0.5508341882964197,0.5762417074705638,0.528804600290871,0.5375454797153763,0.2162607927183709,0.5872526680781457,0.2038247294064272,0.20290245955580277,0.9383226252210812,0.007762005335489109
2023-09-03,0.31282735836743003,0.750828868102221,0.6050691528512435,0.511111111111111,0.5553293717516621,0.5508341882964197,0.5762417074705638,0.528804600290871,0.21952164687312442,0.5549595448737408,0.2027547707660111,0.19199733883256243,0.9395223422959567,0.020408871631207033
2023-09-10,0.30999997146651176,0.7440517919865837,0.6200083733412249,0.5606060606060604,0.560818920007519,0.5553293717516621,0.5508341882964197,0.5762417074705638,0.21933261184966046,0.512798605207757,0.20170621129840324,0.1924521806153616,0.9419182190933728,0.010050335853501506
2023-09-17,0.3072847681638639,0.737657636865851,0.6276978379683491,0.6902654867256638,0.5563226534477161,0.560818920007519,0.5553293717516621,0.5508341882964197,0.21886002429100054,0.4725090605009385,0.2006786230201476,0.18137341923034336,0.9447667689753788,0.0
2023-09-24,0.30336394996635496,0.7301480978670428,0.6276978379683491,0.78,0.5519601653526182,0.5563226534477161,0.560818920007519,0.5553293717516621,0.2198997169200524,0.43689726362128806,0.1996715865074571,0.17246613168054054,0.9452968144732481,0.0
2023-10-01,0.2985432433833852,0.7219053475903842,0.6276978379683491,0.78,0.5519601653526182,0.5519601653526182,0.5563226534477161,0.560818920007519,0.22013601069938232,0.4092886156778598,0.19868469072502037,0.16419507895572366,0.946280422393791,0.0
2023-10-08,0.2930724328697323,0.7132236085916446,0.6276978379683491,0.78,0.5519601653526182,0.5519601653526182,0.5519601653526182,0.5563226534477161,0.22032504572284634,0.38664458662531825,0.19771753285823238,0.15881503860506,0.9481222415650786,0.03198304585305074
2023-10-15,0.2914590912629682,0.7090510053351341,0.6587011086906525,0.9052631578947369,0.5658428513456734,0.5519601653526182,0.5519601653526182,0.5519601653526182,0.2244365574831877,0.3668636160270127,0.1503267973856209,0.15427933142963418,0.9490871733858642,0.016807118316381407
2023-10-22,0.29089969301681595,0.7061503554783747,0.6749475676922094,0.9411764705882354,0.5592555288744822,0.5658428513456734,0.5519601653526182,0.5519601653526182,0.22656320149715742,0.3504551608723552,0.15126050420168066,0.150987692495691,0.9499267085368519,0.09097177820572659
2023-10-29,0.302099125529952,0.7158177086508273,0.7541571437636256,0.9561403508771923,0.5914477312605881,0.5592555288744822,0.5658428513456734,0.5519601653526182,0.23223425220107657,0.3576937964033361,0.15314659197012137,0.15943228509750407,0.9511539950923212,-0.055880458394456614
2023-11-05,0.3008613674526178,0.7120476465728027,0.6499662611919497,0.7368421052631573,0.5277044749908376,0.5914477312605881,0.5592555288744822,0.5658428513456734,0.23398282616811833,0.364415386539247,0.1569830065359477,0.16037302383204574,0.9504398566111315,0.01142869582362285
2023-11-12,0.2998268561022465,0.7086051580052304,0.6605494100342826,0.780701754385965,0.5569209497681639,0.5277044749908376,0.5914477312605881,0.5592555288744822,0.23658205774074792,0.3732318332911214,0.16058923622782445,0.15940638862764425,0.9515915494294885,0.022472855852058576
2023-11-19,0.30061893608764484,0.7071273371209812,0.681794485595322,0.8623853211009171,0.5617148210722379,0.5569209497681639,0.5277044749908376,0.5914477312605881,0.24059905198935738,0.38141853384643337,0.1639790921381886,0.15390835300736724,0.9525404731647681,0.011049836186584935
2023-11-26,0.3011775164543997,0.7054439592109424,0.6924370918583782,0.860869565217391,0.5567565004721022,0.5617148210722379,0.5569209497681639,0.5277044749908376,0.24385990614411085,0.3950102373782768,0.1671655566939309,0.15386352458349029,0.9536521457693599,-0.056512210263342334
2023-12-03,0.2916134110723571,0.6937023928816647,0.5869605259119943,0.6306306306306304,0.5274302543033659,0.5567565004721022,0.5617148210722379,0.5569209497681639,0.24598655015808057,0.37974793655956285,0.17138334857298224,0.16026252229255605,0.9527130047530008,0.034289073478632165
2023-12-10,0.2874719243482087,0.6876828267637475,0.6240240453251418,0.7657657657657658,0.5668438147174657,0.5274302543033659,0.5567565004721022,0.5617148210722379,0.24868029924244212,0.3681410285187162,0.1752637171017095,0.15838369089773727,0.9538184519910068,0.05890470341931506
2023-12-17,0.2915994760010145,0.6899838909153296,0.6828960988116122,0.9999999999999999,0.5775285713400171,0.5668438147174657,0.5274302543033659,0.5567565004721022,0.25227196468825763,0.3660930704040694,0.17883365614813856,0.1589392846392147,0.955680725938219,0.15293929264096123
2023-12-24,0.3190453254177772,0.7144070328414359,0.8006081453604146,0.8924731182795697,0.6183455929785464,0.5775285713400171,0.5668438147174657,0.5274302543033659,0.25936077806815655,0.402679635039648,0.18298577139233496,0.18935809073296334,0.9568119639806515,0.018018505502678212
2023-12-31,0.34193206447354507,0.7329894439635216,0.8120389208948495,0.9415204678362568,0.5597813483352251,0.6183455929785464,0.5775285713400171,0.5668438147174657,0.26692217900671544,0.43665287362982813,0.19296025193449845,0.1978222080761137,0.9615023330339452,0.05218575317057025
2024-01-07,0.367608286004126,0.7526870150944013,0.8439316518534212,0.731800766283525,0.5746121175121092,0.5597813483352251,0.6183455929785464,0.5775285713400171,0.27590134262125415,0.48832332715432963,0.20173779481160234,0.24018508901617697,0.9663741270563081,0.08912777989600733
2024-01-14,0.40345520870891227,0.7793097006869829,0.8907183779580068,0.8776978417266186,0.5906473181409879,0.5746121175121092,0.5597813483352251,0.6183455929785464,0.2874797378084224,0.5390075168053453,0.2166317584399388,0.26066022215985746,0.9702978866814752,0.015384918839479456
2024-01-21,0.4319620492491305,0.7976641266013011,0.8980711756213979,0.9103942652329748,0.5586382034062315,0.5906473181409879,0.5746121175121092,0.5597813483352251,0.2989163567279928,0.5862152861698813,0.23268963133791462,0.27553244458441845,0.9731660020013221,-0.03258628119802601
2024-01-28,0.44412875739231505,0.801814120783565,0.8221657604524364,0.8296296296296295,0.5378156366660096,0.5586382034062315,0.5906473181409879,0.5746121175121092,0.3090297304833152,0.5843153125215556,0.3174603174603174,0.3114245051877934,0.9702418583822038,-0.050131757710040394
2024-02-04,0.4400435892710124,0.7932721068901774,0.7207019732150981,0.7148148148148148,0.5301997784974672,0.5378156366660096,0.5586382034062315,0.5906473181409879,0.3157877325721523,0.5825510512766816,0.316031746031746,0.3309515098137864,0.9691123990159386,0.05170780216550619
2024-02-11,0.444132119897124,0.7912198172035916,0.7596478757432914,0.8333333333333331,0.5744046562292202,0.5301997784974672,0.5378156366660096,0.5586382034062315,0.32523948374535094,0.5809128086921558,0.314631746031746,0.3201009199330697,0.9704953197360507,-0.10798863806409573
2024-02-18,0.42246002761833046,0.7701982190985868,0.5873998805716718,0.5925925925925927,0.5050861946886099,0.5744046562292202,0.5301997784974672,0.5378156366660096,0.33138312200793,0.5625247759395147,0.31325974603174594,0.3238267095495451,0.9700462040037957,-0.09180754925312286
2024-02-25,0.3858187759688336,0.7386530806927607,0.4848817075269895,0.40740740740740755,0.5121098213944776,0.5050861946886099,0.5744046562292202,0.5301997784974672,0.3346912349185495,0.5304349601617749,0.31191518603174595,0.3401676195416038,0.9685770174895671,-0.02138079502495033
2024-03-03,0.3507805070978513,0.7089113291710075,0.4643126166618469,0.36666666666666664,0.5426795338274956,0.5121098213944776,0.5050861946886099,0.5744046562292202,0.3372432077353132,0.5006372740824453,0.30834614161568624,0.33325918189651854,0.9677810599046794,0.001962709167848689
2024-03-10,0.3213707844720803,0.6839446155698095,0.46618519735929614,0.31451612903225784,0.5528121065716667,0.5426795338274956,0.5121098213944776,0.5050861946886099,0.34102390820459255,0.4729679941516391,0.30491985897626883,0.31994353540179754,0.9685129851475427,0.1112256351102244
2024-03-17,0.31624169015883363,0.678301069868054,0.5679971013025396,0.5435684647302905,0.6002391996168327,0.5528121065716667,0.5426795338274956,0.5121098213944776,0.34693125268784175,0.4410380558422128,0.3016306276424282,0.3264408342430778,0.9694805849825794,0.0
2024-03-24,0.31032757362544316,0.672201459370041,0.5679971013025396,0.45812807881773415,0.5519601653526182,0.6002391996168327,0.5528121065716667,0.5426795338274956,0.35156261076270906,0.41980761284387996,0.29847296556194114,0.3113119896869362,0.9700159665089508,0.0
2024-03-31,0.3038658085324909,0.6658341023919713,0.5679971013025396,0.45812807881773415,0.5519601653526182,0.5519601653526182,0.6002391996168327,0.5528121065716667,0.3525077858800289,0.3978548424105139,0.2954416099646736,0.2949635539909955,0.9706900847763752,0.0
2024-04-07,0.29704861240390457,0.6593449575753133,0.5679971013025396,0.45812807881773415,0.5519601653526182,0.5519601653526182,0.5519601653526182,0.6002391996168327,0.3529803734386889,0.3813214170933227,0.2925315085912968,0.2820830865957169,0.9709017472402895,-0.03571808260207923
2024-04-14,0.2834083809350304,0.6477737796242635,0.5166820092080238,0.3596059113300493,0.5364562346977029,0.5519601653526182,0.5519601653526182,0.5519601653526182,0.3510900232040491,0.3564538468341842,0.289737811272855,0.2678224296920062,0.9706794127193712,-0.010969031370573933
2024-04-21,0.2692134875436649,0.6359501625244292,0.501508725273826,0.33004926108374416,0.5471989046876611,0.5364562346977029,0.5519601653526182,0.5519601653526182,0.3463168888615839,0.3380539644142697,0.2870558618471508,0.2637812827137973,0.9703779271090058,0.07947693679564391
2024-04-28,0.2716325392035186,0.6370495480094394,0.5898499564324149,0.6292134831460673,0.5864582354330379,0.5471989046876611,0.5364562346977029,0.5519601653526182,0.3431978109744283,0.3178281888071547,0.2844811903984749,0.26232901198498393,0.9707105395522997,-0.13815033848081718
2024-05-05,0.24697601885426318,0.6173924208952344,0.42322739495639145,0.22360248447204978,0.4919940890203186,0.5864582354330379,0.5471989046876611,0.5364562346977029,0.3374795015146432,0.3103412964190284,0.282009505807746,0.2752418568212743,0.9690448093215794,0.032601161375398036
2024-05-12,0.2321809039771353,0.6054459795056195,0.4561891359264016,0.33544303797468367,0.5661111529872246,0.4919940890203186,0.5864582354330379,0.5471989046876611,0.33402961233642564,0.3033891820586255,0.2796366886006462,0.27067075076240343,0.9700568760607997,-0.05826890812397576
2024-05-19,0.20971827322273454,0.587516112968085,0.40058600906334013,0.15540540540540562,0.5266677351581944,0.5661111529872246,0.4919940890203186,0.5864582354330379,0.3276496802945166,0.3071135313928654,0.27735878408183046,0.26872637517297543,0.9691088416636039,0.08617769624105241
2024-05-26,0.20633776101492166,0.5846635208456599,0.48514126242439853,0.5762711864406781,0.5893667932896914,0.5266677351581944,0.5661111529872246,0.4919940890203186,0.32646821139786675,0.30355704923141646,0.27517199574376733,0.2683010172905063,0.9701120150219875,0.027150989065950683
2024-06-02,0.2080127720775052,0.5858127852282083,0.5108314530046081,0.6818181818181813,0.5637454298748061,0.5893667932896914,0.5266677351581944,0.5661111529872246,0.3283585616325065,0.2937625660439202,0.2730726789392267,0.2669859529564042,0.9710138038388324,-0.019838342219664216
2024-06-09,0.20502064640135925,0.583293290502161,0.4882518929527622,0.581818181818182,0.5433490569258672,0.5637454298748061,0.5893667932896914,0.5266677351581944,0.3302489118671462,0.2807543363602785,0.2710573348068677,0.26714495552530915,0.97025786646771,-0.046606757188488446
2024-06-16,0.19377045360739167,0.5743008071284892,0.43848571626263916,0.35454545454545483,0.531729854012817,0.5433490569258672,0.5637454298748061,0.5893667932896914,0.3309105344492701,0.27720419752532405,0.2691226044398031,0.26913277908291117,0.9693792004410406,0.03192759452543928
2024-06-23,0.19008520294306075,0.5712966405056099,0.47191636040903323,0.5090909090909091,0.565818781925498,0.531729854012817,0.5433490569258672,0.5637454298748061,0.32954003052915626,0.27342577492668957,0.26726526328742106,0.25993754535325736,0.9701742686878446,-0.001850139288161366
2024-06-30,0.18640887108091542,0.568314205570272,0.46977878173481996,0.5000000000000003,0.5511570866558934,0.565818781925498,0.531729854012817,0.5433490569258672,0.3281222678531765,0.2694016869388641,0.2654822157811343,0.25185915861162644,0.9688464869289203,-0.009302392662313674
2024-07-07,0.1814569718889081,0.5643356062282637,0.4584932344841072,0.45454545454545425,0.5479223324048633,0.5511570866558934,0.565818781925498,0.531729854012817,0.3264682113978667,0.26566503380731177,0.263770490175099,0.2356169524979228,0.9679082352506447,-0.05770831762064673
2024-07-14,0.16728431276345604,0.5530266600662271,0.3936615020547813,0.19230769230769246,0.5269110672649664,0.5479223324048633,0.5511570866558934,0.565818781925498,0.3233963922665772,0.27379447662987333,0.26212723359330514,0.2361764196416719,0.9670251225335571,-0.0803727951497139
2024-07-21,0.14306890965063807,0.5334841343478803,0.3213443456713115,0.0,0.5170732354906458,0.5269110672649664,0.5479223324048633,0.5511570866558934,0.31942665677383375,0.29299478576650806,0.26054970727478305,0.23623588026781994,0.9664621715265919,0.14738350543267428
2024-07-28,0.14867694588798105,0.5380415784198128,0.47674790366243874,0.601626016260163,0.6159340262499972,0.5170732354906458,0.5269110672649664,0.5479223324048633,0.31923762175036985,0.29366793606781905,0.25796994612681146,0.25009243106924123,0.9679856076639244,-0.07097896945858088
2024-08-04,0.14083351359478183,0.5316573766789352,0.41088679947058,0.3008130081300815,0.5211507562165542,0.6159340262499972,0.5170732354906458,0.5269110672649664,0.31517336874589436,0.2915628111142793,0.2555449706477182,0.24961793545789612,0.9668419188883204,0.08202880564516572
2024-08-11,0.14902957560328403,0.5383271024321414,0.4860714906175509,0.7766990291262131,0.5875659096081661,0.5211507562165542,0.6159340262499972,0.5170732354906458,0.3167329076894722,0.28789346735730564,0.2175536881419234,0.2491773323902186,0.9685859108704039,0.0
2024-08-18,0.1554609475220388,0.5435320383985187,0.4860714906175509,0.7766990291262131,0.5519601653526182,0.5875659096081661,0.5211507562165542,0.6159340262499972,0.31748904778332804,0.274790401848104,0.21831932773109242,0.25106842386404155,0.9695677401147794,-0.02409755157906053
2024-08-25,0.1561319713280961,0.5440716498809578,0.46083484713169315,0.6504854368932036,0.5415002878503121,0.5519601653526182,0.5875659096081661,0.5211507562165542,0.31904858672690584,0.2626232695895596,0.22013744164332397,0.23902310001259336,0.9689087405947774,-0.015123161574220773
2024-09-01,0.15393781803250864,0.5422994098616479,0.44508590888115657,0.5728155339805822,0.5453957466814953,0.5415002878503121,0.5519601653526182,0.5875659096081661,0.31810341160958594,0.2587045293315597,0.22188283099906625,0.2388792263265327,0.9671780886839489,0.0038022859497384787
2024-09-08,0.15283499874634685,0.5414078113263613,0.44927466000951793,0.592233009708737,0.5536106004656013,0.5453957466814953,0.5415002878503121,0.5519601653526182,0.31654387266600825,0.26207386304125796,0.22355840478057887,0.23598536185976254,0.9681688113091611,0.02436859101695795
2024-09-15,0.15624201988617412,0.5441559865031909,0.4771971679675549,0.7474747474747474,0.5625376912935799,0.5536106004656013,0.5453957466814953,0.5415002878503121,0.31611854386321425,0.26382038985079354,0.22516695561083094,0.23283815741899982,0.9697918533118651,0.0183491386681964
2024-09-22,0.1621502274489773,0.548899677960159,0.49862188385028866,0.6511627906976742,0.5599248642604083,0.5625376912935799,0.5536106004656013,0.5453957466814953,0.31734727151573006,0.24933343795924767,0.22671116440787295,0.24049677860695678,0.9754933997662953,0.0018165309263977853
2024-09-29,0.16697071034424985,0.5527434194089474,0.5008440467685322,0.6589147286821703,0.552748655872368,0.5599248642604083,0.5625376912935799,0.5536106004656013,0.31781985907439003,0.23588126834566936,0.22977516121006722,0.240247642164156,0.978127619170136,0.040894587166652036
2024-10-06,0.17816853085895168,0.5616057366568691,0.551213388486034,0.8372093023255812,0.5697110298280884,0.552748655872368,0.5599248642604083,0.5625376912935799,0.31942665677383375,0.22338996799020377,0.23265531820412985,0.23035536502755655,0.9783250522247116,-0.04089458716665205
2024-10-13,0.17900404954666052,0.5622226708942112,0.48922367062754085,0.6589147286821703,0.5342093008771479,0.5697110298280884,0.552748655872368,0.5599248642604083,0.3201827968676897,0.21345380954411347,0.2353626657785487,0.22531008032385652,0.9779790997101626,0.04263523164443596
2024-10-20,0.18727372766483308,0.5686543383191299,0.5415613036083184,0.8449612403100772,0.5704665807791032,0.5342093008771479,0.5697110298280884,0.552748655872368,0.32349090977830913,0.2042273767013153,0.23790757249850245,0.21694481646889746,0.9785865176213115,0.025752496102414764
2024-10-27,0.19829363466202124,0.5771234129832201,0.5721445135811001,0.9504950495049505,0.5631383945484814,0.5704665807791032,0.5342093008771479,0.5697110298280884,0.32935099550569236,0.18622023849494418,0.24029978481525896,0.21653778472091068,0.9798342589527054,0.0
2024-11-03,0.20637600696725353,0.5832024898153155,0.5721445135811001,0.9473684210526315,0.5519601653526182,0.5631383945484814,0.5704665807791032,0.5342093008771479,0.331713933298992,0.16949932444617094,0.24254846439301012,0.20235848930635345,0.9809059113435318,0.07350246199292633
2024-11-10,0.2269648534671931,0.5985911400252875,0.6572118669705607,0.9712230215827337,0.5838649315294436,0.5519601653526182,0.5631383945484814,0.5704665807791032,0.3379520890733031,0.18009083703723455,0.24466222319609615,0.20713373927883344,0.9818228189077991,0.12562621311740935
2024-11-17,0.2703620940578921,0.6300948342958784,0.7681449916288081,0.88,0.6064899708382727,0.5838649315294436,0.5519601653526182,0.5631383945484814,0.3461751125939858,0.22491323190727952,0.24895479155889585,0.24653128795346468,0.9848412323637866,-0.02247285585205863
2024-11-24,0.29769222812183516,0.6487637848925614,0.7223570033803106,0.8159999999999998,0.5422055096329984,0.6064899708382727,0.5838649315294436,0.5519601653526182,0.35364199602081275,0.2665340271437499,0.25907331800524713,0.2499915163376269,0.9823688724911745,0.0632948503723138
2024-12-01,0.3326517017777143,0.6717448138096902,0.7721872400505683,0.9999999999999999,0.5794341756996481,0.5422055096329984,0.6064899708382727,0.5838649315294436,0.3638971460437333,0.30868455912782816,0.26817999180696334,0.2509043626576827,0.9870343400781253,0.003992021269537457
2024-12-08,0.35895233664933035,0.6877681165987355,0.7752196662239697,0.9999999999999999,0.5536929577207128,0.5794341756996481,0.5422055096329984,0.6064899708382727,0.3746721423811797,0.3485343482659587,0.2763759982285079,0.24899173819659204,0.9880535215220151,-0.00399202126953745
2024-12-15,0.3761825829129537,0.6971197042494945,0.7659495229657849,0.9427480916030531,0.5502273729845235,0.5536929577207128,0.5794341756996481,0.5422055096329984,0.38521084493929614,0.3884341675121902,0.2853957523906668,0.24905590808348377,0.9863006361590947,0.125163142954006
2024-12-22,0.4202146440388286,0.7225902504641708,0.8544683715027639,0.8513513513513512,0.6062889687917253,0.5502273729845235,0.5536929577207128,0.5794341756996481,0.39986105925775406,0.4480940810445701,0.29544034705597344,0.29926035349206664,0.9876960076123783,0.1494336899491194
2024-12-29,0.4969946554575939,0.7652136447470498,0.925803604010669,0.9888641425389751,0.6168239373610404,0.6062889687917253,0.5502273729845235,0.5536929577207128,0.420513135571193,0.5114485637547823,0.3157702650097441,0.36060019360612955,0.989145628688766,-0.0735625671770166
2025-01-05,0.530016592843184,0.7796409518313482,0.7778484039861335,0.6964618249534448,0.5200293096844693,0.6168239373610404,0.6062889687917253,0.5502273729845235,0.4378098402181464,0.5760923466209669,0.34229296184580527,0.4143383045178552,0.9872246584280314,0.008686265255960453
2025-01-12,0.5542056055636543,0.788130752518535,0.7831900906649862,0.7113594040968341,0.5557305596282273,0.5200293096844693,0.6168239373610404,0.6062889687917253,0.45439766352711,0.6361187164252813,0.374674705611098,0.3920109800702773,0.9880410707888436,0.010752791776261697
2025-01-19,0.5718608027047097,0.7924825397485886,0.7901215369723376,0.7264150943396223,0.5566275642133901,0.5557305596282273,0.5200293096844693,0.6168239373610404,0.4725450257796513,0.692778513990131,0.40058010062333216,0.37817913319323965,0.9888726018970783,-0.01400130573209307
2025-01-26,0.5765801242754456,0.7898275209684189,0.7617910115561726,0.7018867924528301,0.5458827038167628,0.5566275642133901,0.5557305596282273,0.5200293096844693,0.488943814065151,0.7460160248878994,0.5042016806722689,0.3708558103239896,0.9868324603331314,0.004329011089585479
2025-02-02,0.5767396338459289,0.7849438194245479,0.7650849095166894,0.6919999999999997,0.553839232840227,0.5458827038167628,0.5566275642133901,0.5557305596282273,0.5048227560361245,0.7896620920491156,0.5025210084033613,0.37095625062682785,0.987920120809464,0.009672294642507507
2025-02-09,0.5749803865081154,0.779300752765266,0.772819323327125,0.6847826086956518,0.5561585594008647,0.553839232840227,0.5458827038167628,0.5566275642133901,0.5211270268098923,0.8301905829845306,0.49904014939309055,0.35678813468070353,0.9888219096263089,-0.021622464013165657
2025-02-16,0.5621356217658668,0.7684739332519833,0.7235556422835072,0.6373626373626373,0.5425746340411192,0.5561585594008647,0.553839232840227,0.5458827038167628,0.5343594784523702,0.8639584707207002,0.4956985247432306,0.34409207159520705,0.988317654932866,-0.010989121575595206
2025-02-23,0.5440631279632985,0.7555552887719791,0.6990085164975801,0.5603015075376884,0.5471901842546814,0.5425746340411192,0.5561585594008647,0.553839232840227,0.5431023482875791,0.876518231425632,0.49249056507936506,0.33644327136753116,0.9863006361590947,-0.005540180375615468
2025-03-02,0.5237563525287098,0.7420464955235997,0.6863145696661934,0.5238095238095237,0.5495553729869086,0.5471901842546814,0.5425746340411192,0.5561585594008647,0.5523650644373136,0.8881808663659259,0.4875909911185808,0.31139907544154904,0.9857812627182295,0.0
2025-03-09,0.5035860509302231,0.7290766618007477,0.6863145696661934,0.5121951219512193,0.5519601653526182,0.5495553729869086,0.5471901842546814,0.5425746340411192,0.5594538778172126,0.9044901866475404,0.4829853915954435,0.3019450880159922,0.9870103279498661,0.0
2025-03-16,0.4837525342642781,0.7166922456296605,0.6863145696661934,0.5013850415512463,0.5519601653526182,0.5519601653526182,0.5495553729869086,0.5471901842546814,0.5664009149295136,0.9196345554804682,0.47865612804369445,0.2770648251498822,0.9878196256060089,-0.0454623740767574
2025-03-23,0.4511643982672814,0.6985168110582958,0.5764605780489398,0.3230769230769229,0.53222658942285,0.5519601653526182,0.5519601653526182,0.5495553729869086,0.5715993780747728,0.9450392374564437,0.4745866203050504,0.3137675191561049,0.985951126292211,0.004640379556502301
2025-03-30,0.4235236573332244,0.6831375780385535,0.5834693745338937,0.21454545454545446,0.5539743866549763,0.53222658942285,0.5519601653526182,0.5519601653526182,0.5722610006568967,0.9686292992912782,0.46873920515310197,0.3340472547990279,0.9880135013082497,-0.08071809001384068
2025-04-06,0.37656507817635015,0.6585671241387785,0.43214266943619767,0.12923076923076915,0.5169233554512114,0.5539743866549763,0.53222658942285,0.5519601653526182,0.5632818370423579,0.9350785219450406,0.46335958321330944,0.3570188391048845,0.986988983835858,0.0025062669760597587
2025-04-13,0.33785335247300996,0.6382574585820014,0.4362905293494905,0.2041666666666667,0.5530480454001678,0.5169233554512114,0.5539743866549763,0.53222658942285,0.5577053038501709,0.9018763317541009,0.45227105719823435,0.3507469212346123,0.9872522279086253,0.09086294059133981
2025-04-20,0.3305463305386508,0.6338340360400792,0.5715441115592073,0.5208333333333333,0.5914004887799404,0.5530480454001678,0.5169233554512114,0.5539743866549763,0.5553423660568713,0.8866253859194236,0.4400153370571353,0.36148460233335716,0.9875136933052253,-0.07718963869112998
2025-04-27,0.30124052373935656,0.6184879229090819,0.4498492497587184,0.24999999999999978,0.5184549288348108,0.5914004887799404,0.5530480454001678,0.5169233554512114,0.5494350215736221,0.8747963577380352,0.4292303033329682,0.371915350789525,0.9864073567291356,0.00738010729762268
2025-05-04,0.27854216768534434,0.6065604357490042,0.4599568459406353,0.27499999999999997,0.5551636035954514,0.5184549288348108,0.5914004887799404,0.5530480454001678,0.5444255934518268,0.8638122601410316,0.4197394736557011,0.37424033252434863,0.9872833547415538,0.04668711397265326
2025-05-11,0.2722059767553362,0.6029980599741893,0.5229695352953305,0.43750000000000017,0.5722253566724906,0.5551636035954514,0.5184549288348108,0.5914004887799404,0.5410702217853413,0.853612740943814,0.4113875435397061,0.3621378621936392,0.987607073804011,0.01739174271186902
2025-05-18,0.270814650178132,0.6019702839362043,0.5456709155610675,0.49999999999999956,0.5595092932264993,0.5722253566724906,0.5551636035954514,0.5184549288348108,0.5379984026540517,0.8595050154361303,0.35014005602240894,0.3757422612825483,0.9889108434346763,0.05043085362689212
2025-05-25,0.2832467395113659,0.6078593953018834,0.6084779889885623,0.6874999999999999,0.57385037895143,0.5595092932264993,0.5722253566724906,0.5551636035954514,0.5379984026540517,0.8649764131789957,0.35194211017740423,0.3846945609492977,0.989543162812168,-0.005479465764625708
2025-06-01,0.2898118327837669,0.6107235248333895,0.5977919251022255,0.6666666666666663,0.549581727008456,0.57385037895143,0.5595092932264993,0.5722253566724906,0.5382346964333816,0.8700569967973704,0.3537081232492997,0.3562038443389037,0.989268357344313,0.06899287148695142
2025-06-08,0.3148833448588102,0.622526710355055,0.6776963920818493,0.9374999999999997,0.581907481033973,0.549581727008456,0.57385037895143,0.5595092932264993,0.5417791031233311,0.8841423265591529,0.3554388160597572,0.35873098737696213,0.9897388171905762,-0.005141399500418764
2025-06-15,0.3309905886514619,0.6296820259737979,0.6664683352052181,0.9166666666666662,0.5497284693735325,0.581907481033973,0.549581727008456,0.57385037895143,0.5450872160339507,0.8955946642587755,0.35948456873949575,0.35969748646173094,0.9891447393506824,-0.01558473101669809
2025-06-22,0.3365798607064886,0.6316681439969478,0.6320454155987736,0.8200000000000002,0.5451953960437436,0.5497284693735325,0.581907481033973,0.549581727008456,0.5476864476065803,0.9103839942232714,0.3633684913120448,0.35369428121616014,0.9884741784355926,0.04303942948110806
2025-06-29,0.3527382810472063,0.6385267503309615,0.6831959645155816,0.9880000000000001,0.570642028473215,0.5451953960437436,0.5497284693735325,0.581907481033973,0.5541608971602213,0.9078115135288418,0.36957758631511484,0.3605410799718427,0.9888788272636639,0.24986458695182448
2025-07-06,0.4567913751194941,0.6845139125637437,0.871530068028457,0.9330985915492959,0.6604173653758532,0.570642028473215,0.5451953960437436,0.5497284693735325,0.5738205396004745,0.9365402726251555,0.37541413561800063,0.49157090251800634,0.9913236176556822,-0.023716526617316044
2025-07-13,0.5248837744976289,0.7118492053785986,0.8202969052754037,0.880281690140845,0.541665677035686,0.6604173653758532,0.570642028473215,0.5451953960437436,0.5952287560077694,0.9632169775003041,0.394606028111231,0.5157120013276484,0.9897752800520068,0.0
2025-07-20,0.5739592375305472,0.7295601029516747,0.8202969052754037,0.8712121212121211,0.5519601653526182,0.541665677035686,0.6604173653758532,0.570642028473215,0.6165424549033323,0.987988203455799,0.412262569205003,0.4893640105878467,0.9906352699789189,-0.07214067777768225
2025-07-27,0.5787693282197496,0.7285989849251031,0.6785514597732429,0.6996124031007753,0.520646500559238,0.5519601653526182,0.541665677035686,0.6604173653758532,0.6301529765927382,0.9607445277029509,0.42850658701127314,0.5587471132540175,0.9882349464910845,0.2301695420025925
2025-08-03,0.6773154557560939,0.7636105061231355,0.8269477123042965,0.9999999999999999,0.6518684571228508,0.520646500559238,0.5519601653526182,0.541665677035686,0.6610602029290976,0.9526466854336146,0.4434510833930417,0.6898807439359285,0.9901212325665557,0.13464074973790985
2025-08-10,0.8183783288169856,0.8102466098615595,0.886093143353395,0.6472809667673715,0.6104028558664937,0.6518684571228508,0.520646500559238,0.5519601653526182,0.7016554742179859,0.9775131826973309,0.4674533139893117,0.9492010157617787,0.9953941180646555,0.013048820975059378
2025-08-17,0.9285642014369485,0.8412798321800957,0.8912677844569954,0.6555727554179563,0.5576241876289413,0.6104028558664937,0.6518684571228508,0.520646500559238,0.7414473466571518,0.9891730138913075,0.5065359477124182,1.0,0.9983467205024512,-0.08417616499064351
2025-08-24,0.9606561045062699,0.8443175032071544,0.7472199409212255,0.5495356037151701,0.5154223298996122,0.5576241876289413,0.6104028558664937,0.6518684571228508,0.7740558882046873,1.0000000000000002,0.565751633986928,0.9896649130188326,0.997573885707739,0.014004048084016403
2025-08-31,0.9838444618828169,0.8441550477544024,0.7553807119031024,0.5454545454545454,0.5580388172444767,0.5154223298996122,0.5576241876289413,0.6104028558664937,0.8055774783673045,0.9902554314546756,0.6178614379084966,0.9897289826903188,0.9981581808287124,0.01068856450635508
2025-09-07,0.9981372888931013,0.8411362363936423,0.7619030674105025,0.5592532467532466,0.5565996854733727,0.5580388172444767,0.5154223298996122,0.5576241876289413,0.8381387611589738,0.9861160693421702,0.663718065359477,0.9686264253336538,0.9985646083329512,0.000625195393918318
2025-09-14,1.0,0.8345102058545077,0.762308359430115,0.5600649350649349,0.5522315401109182,0.5565996854733727,0.5580388172444767,0.5154223298996122,0.8676754835752195,0.9822723759519869,0.6718020541549953,0.901186557311234,0.9988314097580532,0.0
2025-09-21,0.9917716762050004,0.8252692556621466,0.762308359430115,0.5564648117839607,0.5519601653526182,0.5522315401109182,0.5565996854733727,0.5580388172444767,0.8974484997707952,0.9787032320896736,0.7111858076563958,0.8335033323526068,0.9991738049202675,-0.10536051565782628
2025-09-28,0.9227530203983495,0.79900452547547,0.5917520275722847,0.42553191489361697,0.506226967780866,0.5519601653526182,0.5522315401109182,0.5565996854733727,0.9203689963658017,0.9489245270220596,1.0,0.8442617560643471,0.998810065644045,0.11159106540846239
2025-10-05,0.9161603164822835,0.7917898506646595,0.6792841377568497,0.5460750853242321,0.6003978197215625,0.506226967780866,0.5519601653526182,0.5522315401109182,0.9493386137116555,0.9300715017624676,0.9934453781512604,0.9002561788157186,0.999542880224992,0.057330931739108436
2025-10-12,0.9337185175020886,0.7916745582066788,0.7192086275606722,0.5938661710037173,0.5768454538482856,0.6003978197215625,0.506226967780866,0.5519601653526182,0.9694235849547025,0.9129052744962386,0.9870218487394957,0.8763436444462886,1.0,-0.06356148148974462
2025-10-19,0.9037757484698302,0.778364098126001,0.6278185753655086,0.49628252788104077,0.5243704200597586,0.5768454538482856,0.6003978197215625,0.506226967780866,0.9859641495078001,0.8951181518673157,0.9807267899159663,0.8587395940337221,0.9993925820888511,-0.1479201300766222
2025-10-26,0.7988803955356208,0.744684729114316,0.4753567474267765,0.2918215613382899,0.4877533750631389,0.5243704200597586,0.5768454538482856,0.6003978197215625,0.9921077877703791,0.8425966024272303,0.9745576322689075,0.9090994397139484,0.9985806164184573,-0.03690455693545098
2025-11-02,0.6927460437382363,0.7112323683100024,0.44607514560311284,0.2317880794701987,0.5359412290073537,0.4877533750631389,0.5243704200597586,0.5768454538482856,1.0,0.7913726410504895,0.9607854110117645,0.8730541293827417,0.9949707931368269,-0.0228146777661714
2025-11-09,0.5934727271943339,0.6801106901865821,0.42843817867685613,0.12108559498956156,0.5420571370758325,0.5359412290073537,0.4877533750631389,0.5243704200597586,0.9922495640379773,0.7352446556577213,0.9403931883118429,0.9053698588381357,0.9908318136954108,0.0
2025-11-16,0.5106395643316772,0.6540453679110261,0.42843817867685613,0.19301164725457565,0.5519601653526182,0.5420571370758325,0.5359412290073537,0.4877533750631389,0.9745275305882298,0.6831258120787224,0.9093820880554856,0.837387826627587,0.9921053458312311,-0.007722046093910278
2025-11-23,0.4383197051348763,0.6312472362425874,0.4218691076014242,0.20345489443378126,0.548608303818285,0.5519601653526182,0.5420571370758325,0.5359412290073537,0.9552932169507704,0.633644855947337,0.8808518758196368,0.8271667804182602,0.9913467404458577,0.0
2025-11-30,0.37837204899213606,0.6122718539034029,0.4218691076014242,0.20345489443378126,0.5519601653526182,0.548608303818285,0.5519601653526182,0.5420571370758325,0.9425333528669524,0.5912421738118364,0.8546040805626559,0.8107751402567436,0.9915788576856965,0.08183001824763211
2025-12-07,0.3652232676707512,0.6078031899066028,0.5019691695586836,0.41458733205374265,0.5874796231727837,0.5519601653526182,0.548608303818285,0.5519601653526182,0.9339322592993418,0.553093735904528,0.8304561089262336,0.8001547773229536,0.9918536631535516,0.0
2025-12-14,0.35246772595990716,0.6035098961662038,0.5019691695586836,0.41458733205374265,0.5519601653526182,0.5874796231727837,0.5519601653526182,0.548608303818285,0.9245277668820091,0.5176701864191704,0.808239975020725,0.7396881080777749,0.992043092165374,-0.07410797215372185
2025-12-21,0.30705437738001107,0.5891743185246678,0.424279776598572,0.2226487523992322,0.5197925690667858,0.5519601653526182,0.5874796231727837,0.5519601653526182,0.910350140122211,0.483413398636699,0.7878011318276571,0.729544944512007,0.9918696712390577,0.052446475372542524
