,MACD,PPO,RSI,STOCH,Lag_1,Lag_2,Lag_3,Lag_4,SMA,ADX,SAR,ATR,OBV,Target_Return
2010-08-01,1.648894761947119,3.172486795060049,69.67631686352165,88.10068649885582,0.06627220164115431,0.06222761441189105,0.008177282420819554,0.05858593373886278,53.403571428571425,22.430113241360623,48.49,3.397207289111787,47330000.0,-0.09846304626742729
2010-08-08,1.589476859538074,3.047589381101382,54.80702149170673,40.68728522336767,-0.09846304626742729,0.06627220164115431,0.06222761441189105,0.008177282420819554,53.118571428571435,23.97030506407276,48.7522,3.7716924827466594,32430000.0,0.06527341001870675
2010-08-15,1.8175742082542072,3.455852567979817,60.695343608945244,65.91065292096219,0.06527341001870675,-0.09846304626742729,0.06627220164115431,0.06222761441189105,53.18142857142857,25.400483185162607,49.323712,3.78300016255047,44260000.0,-0.006217636610870562
2010-08-22,1.9468519121400192,3.675123155477821,59.87128089500989,63.436426116838476,-0.006217636610870562,0.06527341001870675,-0.09846304626742729,0.06627220164115431,53.18928571428571,26.80820026691996,49.87236352,3.650643008082579,32360000.0,0.0031136506732793536
2010-08-29,2.0403104902597846,3.8251978568064,60.16252116386543,64.67353951890033,0.0031136506732793536,-0.006217636610870562,0.06527341001870675,-0.09846304626742729,53.65071428571429,27.271672239811174,50.3990689792,3.6005970789338235,43520000.0,-0.045582877782392055
2010-09-05,1.884469655564331,3.5233310571148477,54.10160647366393,45.7865168539326,-0.045582877782392055,0.0031136506732793536,-0.006217636610870562,0.06527341001870675,54.00714285714286,27.702039071781588,50.904706220032004,3.5276972875814074,41010000.0,0.01221718393859185
2010-09-12,1.7951417120785536,3.344669753676955,55.377572829486,50.561797752809,0.01221718393859185,-0.045582877782392055,0.0031136506732793536,-0.006217636610870562,54.43571428571429,27.6854640285782,51.39011797123072,3.391433195611307,62450000.0,-0.011494379425735134
2010-09-19,1.6536438451073252,3.0738716621502817,53.859951435665685,46.06741573033709,-0.011494379425735134,0.01221718393859185,-0.045582877782392055,0.0031136506732793536,54.76142857142857,27.670072917032194,51.85611325238149,3.251330824496214,54360000.0,0.07480446777718823
2010-09-26,1.8669586918380432,3.442598586666814,61.495117548043744,76.26404494382021,0.07480446777718823,-0.011494379425735134,0.01221718393859185,-0.045582877782392055,55.40571428571428,28.525288736010427,52.30346872228623,3.3262357656036268,61460000.0,0.025485410431677968
2010-10-03,2.1356588288283476,3.900938786772205,63.805180457627365,73.07012374779025,0.025485410431677968,0.07480446777718823,-0.011494379425735134,0.01221718393859185,56.174285714285716,30.31873676497565,52.73292997339478,3.7286474966319387,84060000.0,0.025807883955872503
2010-10-10,2.44947621446088,4.425927026071506,66.08196843977314,80.67664281067013,0.025807883955872503,0.025485410431677968,0.07480446777718823,-0.011494379425735134,57.13214285714286,31.9840813633005,53.515154174991096,3.630886961158229,92700000.0,-0.006550067351457923
2010-10-17,2.634723724976844,4.7161707286254595,64.95442450957665,74.68164794007492,-0.006550067351457923,0.025807883955872503,0.025485410431677968,0.07480446777718823,57.847857142857144,33.43474972201261,54.25044492449163,3.5543950353612117,83540000.0,-0.024828861653869997
2010-10-24,2.6277840397688195,4.672805154402595,60.78623009446495,61.49019607843138,-0.024828861653869997,-0.006550067351457923,0.025807883955872503,0.025485410431677968,58.42357142857143,34.69060149390821,54.94161822902213,3.4669382471211247,62900000.0,0.012085726070649014
2010-10-31,2.651432046631264,4.681775726537428,62.054536151101665,63.32453825857523,0.012085726070649014,-0.024828861653869997,-0.006550067351457923,0.025807883955872503,58.81,35.91880677546577,55.59132113528081,3.2764426580410446,82810000.0,0.010336009330662073
2010-11-07,2.6907980685704302,4.716695556597093,63.164192748563934,68.95338610378192,0.010336009330662073,0.012085726070649014,-0.024828861653869997,-0.006550067351457923,58.96714285714286,37.38899252376755,56.202041867163956,3.1852681824666846,89350000.0,-0.018813399519704524
2010-11-14,2.598440415462143,4.531082489478305,59.753409486953345,58.75109938434478,-0.018813399519704524,0.010336009330662073,0.012085726070649014,-0.024828861653869997,59.443571428571424,37.871277437826016,56.77611935513412,3.0763204551476364,82960000.0,-0.012189246619516614
2010-11-21,2.4374372352153415,4.233961529438213,57.61601443536393,52.24274406332459,-0.012189246619516614,-0.018813399519704524,0.010336009330662073,0.012085726070649014,59.605000000000004,38.02197357464487,57.31575219382607,2.970154708351377,74380000.0,0.04630906742189668
2010-11-28,2.511666228067945,4.331515979658464,63.10848343541678,77.39665787159197,0.04630906742189668,-0.012189246619516614,-0.018813399519704524,0.010336009330662073,59.996428571428574,38.50239610353516,57.82300706219651,2.962286514897707,85220000.0,-0.02564243061333767
2010-12-05,2.4135645418063945,4.143205081385059,58.53819332496967,63.32453825857523,-0.02564243061333767,0.04630906742189668,-0.012189246619516614,-0.018813399519704524,60.260714285714286,38.94850273750472,58.29982663846472,2.8649803352621563,76900000.0,-0.001624695727001922
2010-12-12,2.301222029301684,3.9341137527726953,58.25423914887601,62.44503078276168,-0.001624695727001922,-0.02564243061333767,0.04630906742189668,-0.012189246619516614,60.70214285714285,38.56066163822073,58.74803704015684,2.7660531684577165,68310000.0,0.001624695727001983
2010-12-19,2.194956846805958,3.73774390621973,58.47118093449194,62.767857142857174,0.001624695727001983,-0.001624695727001922,-0.02564243061333767,0.04630906742189668,61.10214285714285,38.23002604182697,59.169354817747426,2.605620799282165,73760000.0,0.0012978587156000124
2010-12-26,2.0930686628357336,3.5510007259881173,58.65628459297705,59.704433497536975,0.0012978587156000124,0.001624695727001983,-0.001624695727001922,-0.02564243061333767,61.55357142857143,37.94870038892083,59.56539352868258,2.434505027904868,76070000.0,0.07373732722731428
2011-01-02,2.365913320262642,3.9766303084514685,67.78091559274614,100.0,0.07373732722731428,0.0012978587156000124,0.001624695727001983,-0.001624695727001922,62.035000000000004,38.76786624697492,59.937669916961624,2.603468954483092,85570000.0,0.09667835623884688
2011-01-09,3.0903823445115037,5.107551694714871,75.94508792258863,100.0,0.09667835623884688,0.07373732722731428,0.0012978587156000124,0.001624695727001983,62.887857142857136,40.49274458438016,60.454656323604695,3.1275068863057283,94530000.0,-0.06117166778193727
2011-01-16,3.2765574222619023,5.360815856801538,64.59470742713205,66.97108066971079,-0.06117166778193727,0.09667835623884688,0.07373732722731428,0.0012978587156000124,63.316428571428574,42.09441732625646,61.6,3.2419706801410335,82760000.0,-0.0016001167135077288
2011-01-23,3.376306472667345,5.47380125808353,64.33226911237111,66.1339421613394,-0.0016001167135077288,-0.06117166778193727,0.09667835623884688,0.07373732722731428,63.76642857142857,43.58168487228445,62.754000000000005,3.0454013458452454,75010000.0,-0.09603835285040821
2011-01-30,2.9142146292793925,4.7205648627866,51.45792250811243,18.264840182648392,-0.09603835285040821,-0.0016001167135077288,-0.06117166778193727,0.09667835623884688,63.87642857142857,42.27603508680483,73.14,3.2785869639991563,59210000.0,-0.012903404835907841
2011-02-06,2.4551487732998893,3.977592754304888,50.08505536804838,12.176560121765611,-0.012903404835907841,-0.09603835285040821,-0.0016001167135077288,-0.06117166778193727,63.87642857142857,40.55207128444859,72.9248,3.1515450379992167,54510000.0,0.03195159980660243
2011-02-13,2.2270470482641116,3.5999419781937205,53.430131203438286,27.39726027397261,0.03195159980660243,-0.012903404835907841,-0.09603835285040821,-0.0016001167135077288,63.973571428571425,39.22920009552217,72.443808,3.070006106713558,75130000.0,-0.045023681373955245
2011-02-20,1.79959359362622,2.9126875049263203,48.52702028083892,11.477761836441855,-0.045023681373955245,0.03195159980660243,-0.012903404835907841,-0.09603835285040821,63.95357142857143,37.19430894111804,71.98205568,3.2507199562340174,62450000.0,-0.0331078558462723
2011-02-27,1.2862372563044957,2.089233189617944,45.35727560743661,-2.7259684361549685,-0.0331078558462723,-0.045023681373955245,0.03195159980660243,-0.012903404835907841,63.845000000000006,35.30476715488563,71.2151323392,3.1713828165030162,54870000.0,0.003733247166368057
2011-03-06,0.8869268808381392,1.4450240739097886,45.781049247117174,8.0234833659491,0.003733247166368057,-0.0331078558462723,-0.045023681373955245,0.03195159980660243,63.54785714285714,32.92542802303353,70.49422439884799,3.032712615324229,62210000.0,0.018293704759260263
2011-03-13,0.6509210096797275,1.0621116191961255,47.93547725482653,15.133724722765821,0.018293704759260263,0.003733247166368057,-0.0331078558462723,-0.045023681373955245,63.44285714285714,31.363890858970187,69.47948644694016,3.009661714229641,73350000.0,0.01108090392064402
2011-03-20,0.5120455150720886,0.8359982906716521,49.26985852985894,19.504240052185228,0.01108090392064402,0.018293704759260263,0.003733247166368057,-0.0331078558462723,63.392857142857146,30.295866367620242,68.54592753118494,2.985400163213238,82910000.0,0.023086702497369722
2011-03-27,0.5106810048801123,0.8327931407056001,52.07343603211669,28.767123287671215,0.023086702497369722,0.01108090392064402,0.018293704759260263,0.003733247166368057,63.43714285714286,29.304129339938154,67.68705332869015,2.8735858658408637,87240000.0,0.046782977463116306
2011-04-03,0.7415130153578389,1.2035835502396712,57.394786271735846,48.20613176777561,0.046782977463116306,0.023086702497369722,0.01108090392064402,0.018293704759260263,63.68857142857143,29.140078078347326,66.89688906239495,2.886901161137945,96840000.0,0.042048236243499404
2011-04-10,1.1372758382066763,1.8318873175349546,61.69800477491939,66.470971950424,0.042048236243499404,0.046782977463116306,0.023086702497369722,0.01108090392064402,63.80285714285714,29.559332997460608,57.81,2.883551078199521,107160000.0,0.009076332254197102
2011-04-17,1.4838447069548408,2.3716290315976356,62.598817120821025,74.70628887353146,0.009076332254197102,0.042048236243499404,0.046782977463116306,0.023086702497369722,63.480000000000004,30.29417777504852,58.0146,2.8147260011852695,113970000.0,0.008127766078718958
2011-04-24,1.7831354764076153,2.82784367824596,63.435297949232734,93.88934764657313,0.008127766078718958,0.009076332254197102,0.042048236243499404,0.046782977463116306,63.50714285714286,30.72331002837571,58.490816,2.727245572529178,118810000.0,0.0060527638313510315
2011-05-01,2.0308061877861974,3.196052352430881,64.08408699946041,97.35755573905855,0.0060527638313510315,0.008127766078718958,0.009076332254197102,0.042048236243499404,63.57214285714286,31.1701406317984,58.94798336,2.658156603062809,127990000.0,0.006301940077277391
2011-05-08,2.2368068170681425,3.4937833703925767,64.78895605249389,99.02834008097174,0.006301940077277391,0.0060527638313510315,0.008127766078718958,0.009076332254197102,64.11785714285715,31.652711182868902,59.386864025600005,2.5082882742726085,137130000.0,-0.01119896844337518
2011-05-15,2.310490423291128,3.587136199015342,62.44917693275918,92.71255060728751,-0.01119896844337518,0.006301940077277391,0.0060527638313510315,0.008127766078718958,64.665,31.91502345097684,60.033252184064004,2.384839111824565,131880000.0,0.010770550014830394
2011-05-22,2.401718429040855,3.704913214261416,63.802807371961386,98.78542510121464,0.010770550014830394,-0.01119896844337518,0.006301940077277391,0.0060527638313510315,65.12285714285714,31.553289625788285,60.64085705302016,2.3573506038370957,137920000.0,0.07138015440082918
2011-05-29,2.859042724952573,4.358762702418168,71.45608364345026,99.82768523836874,0.07138015440082918,0.010770550014830394,-0.01119896844337518,0.006301940077277391,66.15071428571429,32.36381217328356,61.212005629838956,2.5611112749915885,146630000.0,-0.010562301550889245
2011-06-05,3.121743609499333,4.712395880660997,69.05797765842455,95.29006318207931,-0.010562301550889245,0.07138015440082918,0.010770550014830394,-0.01119896844337518,67.26357142857144,33.116440253100606,62.33264517945184,2.661746183920761,139480000.0,-0.032789822822990956
2011-06-12,3.10053497363711,4.65045626841583,62.22566767395364,80.60240963855422,-0.032789822822990956,-0.010562301550889245,0.07138015440082918,0.010770550014830394,68.18928571428572,33.815309184359286,63.36363356509569,2.6430500279264213,132820000.0,0.00041657988521629787
2011-06-19,3.0509779515383713,4.549044434106193,62.27590970393032,78.86017229953612,0.00041657988521629787,-0.032789822822990956,-0.010562301550889245,0.07138015440082918,69.03928571428573,33.497087778551695,64.31214287988803,2.598546454503105,142360000.0,-0.022889435737274814
2011-06-26,2.8473537552896317,4.229874783210649,57.77921837291561,66.57420249653265,-0.022889435737274814,0.00041657988521629787,-0.032789822822990956,-0.010562301550889245,69.725,33.19686083040382,65.18477144949699,2.557935993467169,136170000.0,0.0
2011-07-03,2.6553706527552663,3.931330577004187,57.77921837291561,57.04099821746886,0.0,-0.022889435737274814,0.00041657988521629787,-0.032789822822990956,70.30928571428572,32.92086465768896,65.98758973353723,2.4902262796480854,142430000.0,0.04445176257083359
2011-07-10,2.7299665621342513,4.01510419741516,63.74034568104015,83.83233532934126,0.04445176257083359,0.0,-0.022889435737274814,0.00041657988521629787,70.90928571428572,33.10021837798609,66.72618255485426,2.569495831101793,149730000.0,-0.021978906718775115
2011-07-17,2.629664592990906,3.8507722320171847,59.23685943268322,55.33980582524269,-0.021978906718775115,0.04445176257083359,0.0,-0.022889435737274814,71.19500000000001,33.266761118262,67.40568795046592,2.500246128880236,143110000.0,0.00221975673831281
2011-07-24,2.5338762742262873,3.694989950717841,59.544677971588264,57.5589459084604,0.00221975673831281,-0.021978906718775115,0.04445176257083359,0.0,71.44785714285715,33.42140794851821,68.03083291442864,2.347371405388791,150360000.0,0.030570066084678146
2011-07-31,2.6086418219266534,3.7802345465487823,63.67979791473892,88.62690707350909,0.030570066084678146,0.00221975673831281,-0.021978906718775115,0.04445176257083359,71.82071428571429,34.311816381575646,68.60596628127435,2.3975591621467345,162720000.0,-0.07825219689974837
2011-08-07,2.1907670593337514,3.1753909015554007,49.937386397291014,33.26403326403328,-0.07825219689974837,0.030570066084678146,0.00221975673831281,-0.021978906718775115,71.76357142857144,32.05783624368396,75.22,2.85487636485054,151710000.0,0.005797117684325915
2011-08-14,1.8703151278511712,2.7103091052865507,50.7548739968185,38.445807770961196,0.005797117684325915,-0.07825219689974837,0.030570066084678146,0.00221975673831281,71.70357142857144,29.91075187527992,75.02759999999999,3.0152423387897875,169850000.0,-0.04130380614123563
2011-08-21,1.3745728438935885,1.9975103759209185,45.19185496229341,9.815950920245479,-0.04130380614123563,0.005797117684325915,-0.07825219689974837,0.030570066084678146,71.49928571428572,27.917030676047602,74.64409599999999,3.0005821717333743,146040000.0,-0.004679607000026712
2011-08-28,0.9457767770448413,1.37843211935416,44.608889865652664,29.224806201550418,-0.004679607000026712,-0.04130380614123563,0.005797117684325915,-0.07825219689974837,71.2192857142857,27.08154846609966,74.27593216,3.0776834451809907,142440000.0,-0.019711846124132543
2011-09-04,0.49614137678391046,0.7260949588430771,42.1710270485991,19.23972071373156,-0.019711846124132543,-0.004679607000026712,-0.04130380614123563,0.005797117684325915,70.47714285714287,25.43166004648765,73.55857623039999,3.143563199096634,132960000.0,0.08756420768966976
2011-09-11,0.611257329550611,0.8922440089213888,54.48486311426162,65.24437548487205,0.08756420768966976,-0.019711846124132543,-0.004679607000026712,-0.04130380614123563,70.215,23.93066032920021,72.88426165657599,3.3425943991611606,167660000.0,-0.045261827998980285
2011-09-18,0.44479538565498444,0.6498997344532831,48.60214966331541,40.96198603568656,-0.045261827998980285,0.08756420768966976,-0.019711846124132543,-0.004679607000026712,69.90071428571427,22.536874877433302,72.25040595718143,3.3466947992210785,157400000.0,-0.055037448527546384
2011-09-25,0.020532661683716924,0.030146235822780625,42.84098610111888,21.30343377715487,-0.055037448527546384,-0.045261827998980285,0.08756420768966976,-0.019711846124132543,69.32571428571428,22.3774715409505,71.65458159975054,3.5833594564195725,149630000.0,0.02500516142867144
2011-10-02,-0.1828701295950168,-0.2692265328530689,45.92988132349801,32.655921513665014,0.02500516142867144,-0.055037448527546384,-0.045261827998980285,0.08756420768966976,68.98285714285714,20.913922216512596,70.7974150717705,3.9345480666753168,160400000.0,0.047773387264345255
2011-10-09,-0.08407892470404477,-0.12366389947218079,51.520400872407585,55.15066573230558,0.047773387264345255,0.02500516142867144,-0.055037448527546384,-0.045261827998980285,68.86928571428572,19.55491212953454,70.13,3.890651776198509,178540000.0,0.03526669994816538
2011-10-16,0.19131679336955187,0.2803850883538055,55.34626256766003,72.45970567624391,0.03526669994816538,0.047773387264345255,0.02500516142867144,-0.055037448527546384,68.70357142857144,18.639463073897552,60.94,3.789890935041473,186290000.0,0.026579637804712102
2011-10-23,0.558064814158044,0.8134881731802274,58.11342142762607,85.91450595655226,0.026579637804712102,0.03526669994816538,0.047773387264345255,0.02500516142867144,68.78928571428571,18.249425430490696,61.1468,3.6563272968242253,193940000.0,0.0005462988390439325
2011-10-30,0.842234177292525,1.221601897898034,58.171576984052265,86.19481429572531,0.0005462988390439325,0.026579637804712102,0.03526669994816538,0.047773387264345255,68.86642857142857,17.901626617415246,61.628928,3.4280182041939242,202730000.0,-0.0002731121142197231
2011-11-06,1.0536804398361568,1.521302658641958,58.12812022895133,91.23328380386324,-0.0002731121142197231,0.0005462988390439325,0.026579637804712102,0.03526669994816538,68.78214285714286,17.57867057670233,62.32679232,3.186016903894358,198160000.0,0.0013648152794139788
2011-11-13,1.2153129197226349,1.7470846737508623,58.29587703057169,100.0,0.0013648152794139788,-0.0002731121142197231,0.0005462988390439325,0.026579637804712102,69.105,17.306388384640872,62.9827847808,2.969872839330475,219480000.0,0.0005454049767051708
2011-11-20,1.331289216844823,1.9060992858853654,58.36772797259751,98.10426540284365,0.0005454049767051708,0.0013648152794139788,-0.0002731121142197231,0.0005462988390439325,69.40214285714285,16.829532845156564,63.809761998336,2.8313104936640126,237680000.0,0.0032661977866211022
2011-11-27,1.4261277491559952,2.0337838573839035,58.82609301336423,99.99999999999999,0.0032661977866211022,0.0005454049767051708,0.0013648152794139788,-0.0002731121142197231,69.91642857142857,16.170166514566315,64.7887857985024,2.7426454584022966,250510000.0,0.042038645404668826
2011-12-04,1.7362590465604057,2.458816605925406,64.38594603595996,97.29397293972941,0.042038645404668826,0.0032661977866211022,0.0005454049767051708,0.0013648152794139788,70.67857142857143,16.610477033619627,65.66990721865216,2.86031363994499,263680000.0,0.02114025621686308
2011-12-11,2.090279190719869,2.936182299727775,66.88517018210307,100.0,0.02114025621686308,0.042038645404668826,0.0032661977866211022,0.0005454049767051708,71.64999999999999,17.319729661186443,67.0535183524139,2.8845769513774906,274360000.0,0.1164215650580622
2011-12-18,3.1160182872468596,4.301429537409575,77.10007051187553,100.0,0.1164215650580622,0.02114025621686308,0.042038645404668826,0.0032661977866211022,72.8892857142857,19.656952794962983,68.64202578307595,3.369964311993384,284020000.0,-0.15358317513011363
2011-12-25,2.883807969286579,3.9683075290021033,53.903064877797256,53.795136330140046,-0.15358317513011363,0.1164215650580622,0.02114025621686308,0.042038645404668826,73.45642857142856,20.833964662673043,71.7521016577838,4.025681146850999,279400000.0,0.009748463447907557
2012-01-01,2.7280442390409263,3.7402073892648935,54.76791846938097,55.3875236294896,0.009748463447907557,-0.15358317513011363,0.1164215650580622,0.02114025621686308,74.33500000000001,21.926904254118103,74.3645653925384,3.7909896363616418,285950000.0,0.007834983929818656
2012-01-08,2.622781553075896,3.581552798232656,55.49698009353709,50.17793594306049,0.007834983929818656,0.009748463447907557,-0.15358317513011363,0.1164215650580622,75.14071428571428,23.042031765572034,88.08,3.5630618051929526,289040000.0,-0.021562760229207407
2012-01-15,2.3795953284243723,3.242876272426339,52.983167685460025,33.402489626556005,-0.021562760229207407,0.007834983929818656,0.009748463447907557,-0.15358317513011363,75.60000000000001,24.42331187662603,87.844,3.5778431048220285,278950000.0,-0.021223093415910325
2012-01-22,2.0359070290144956,2.77371674126958,50.60493518678789,10.323383084577094,-0.021223093415910325,-0.021562760229207407,0.007834983929818656,0.009748463447907557,75.77,25.10941617821684,87.33984,3.4358543116204543,266350000.0,0.020824289821392533
2012-01-29,1.8670810733057266,2.539070484649975,52.84127472280124,19.912881144990603,0.020824289821392533,-0.021223093415910325,-0.021562760229207407,0.007834983929818656,75.91357142857143,25.884617688043676,86.5184496,3.357579003647565,289500000.0,0.014650826301719409
2012-02-05,1.8020797567440923,2.443815879339933,54.43233601855603,26.82016179215924,0.014650826301719409,0.020824289821392533,-0.021223093415910325,-0.021562760229207407,76.13357142857141,27.01902914000529,85.746342624,3.346323360529882,296820000.0,0.023822980594496244
2012-02-12,1.8773969046602588,2.534701073744836,57.020915709871495,38.270068450528896,0.023822980594496244,0.014650826301719409,0.020824289821392533,-0.021223093415910325,76.48642857142856,28.07241120254107,85.02056206655999,3.2558716919206057,311880000.0,0.0029383604661035317
2012-02-19,1.9333588079602748,2.599021571620082,57.34708881586289,39.70130678282513,0.0029383604661035317,0.023822980594496244,0.014650826301719409,0.020824289821392533,76.84857142857143,29.191363475441115,84.33832834256638,3.194023713926277,328430000.0,-0.05277820534738753
2012-02-26,1.6336895435034648,2.196236164682889,50.163510861796944,14.623522090852491,-0.05277820534738753,0.0029383604661035317,0.023822980594496244,0.014650826301719409,76.92,28.644088070903596,83.6970286420124,3.365164877217257,319360000.0,0.052905764503119006
2012-03-04,1.7025675893734444,2.2797190467541815,56.100304377505665,36.64921465968592,0.052905764503119006,-0.05277820534738753,0.0029383604661035317,0.023822980594496244,77.26285714285714,28.468443351026043,82.8252663506514,3.413367385987453,352650000.0,-0.03109058707003112
2012-03-11,1.5456763992217475,2.066943978579714,52.127595362052126,20.942408376963368,-0.03109058707003112,0.052905764503119006,-0.05277820534738753,0.0029383604661035317,77.20857142857143,28.307560019626766,82.02324504259929,3.348126858416921,262640000.0,0.03109058707003118
2012-03-18,1.596594396690108,2.127406846662885,55.519734027311195,36.64921465968592,0.03109058707003118,-0.03109058707003112,0.052905764503119006,-0.05277820534738753,77.20857142857142,28.158168354756008,81.28538543919134,3.2804035113871413,343900000.0,-0.005115100666770489
2012-03-25,1.5863837748013339,2.107662309842883,54.822496750525694,34.21052631578948,-0.005115100666770489,0.03109058707003118,-0.03109058707003112,0.052905764503119006,76.48857142857142,27.685251178789258,80.60655460405604,3.2732318320023457,327160000.0,0.005115100666770409
2012-04-01,1.5922143841499974,2.1089073267623,55.4253421112347,87.50000000000007,0.005115100666770409,-0.005115100666770489,0.03109058707003118,-0.03109058707003112,76.69285714285715,27.359872760840183,79.98203023573156,3.0972867011450353,336840000.0,0.0
2012-04-08,1.5786376321109117,2.084991402298369,55.4253421112347,87.50000000000007,0.0,0.005115100666770409,-0.005115100666770489,0.03109058707003118,76.8442857142857,27.057735658458903,79.40746781687304,2.876051936777533,347190000.0,0.10821358464023258
2012-04-15,2.264768237982153,2.9575049753520455,66.8997906574468,100.0,0.10821358464023258,0.0,0.005115100666770409,-0.005115100666770489,77.59285714285714,28.642347694158342,72.8,3.310619655579137,377350000.0,0.008207980417829582
2012-04-22,2.8339615247703733,3.660074663521339,67.62108945185207,83.04347826086953,0.008207980417829582,0.10821358464023258,0.0,0.005115100666770409,78.50999999999999,30.605154874883915,73.0912,3.348432537323485,400050000.0,0.02422729533532427
2012-04-29,3.4199225155614954,4.363369284518457,69.75072539659831,94.78260869565213,0.02422729533532427,0.008207980417829582,0.10821358464023258,0.0,79.69428571428571,32.42776154270052,73.815552,3.329258784657522,425730000.0,-0.0071174677688639896
2012-05-06,3.788981154892852,4.783506673894722,68.31694551178413,91.30434782608691,-0.0071174677688639896,0.02422729533532427,0.008207980417829582,0.10821358464023258,80.72214285714287,34.120182019958804,74.51092992,3.244311728610556,413760000.0,-0.027150989065950745
2012-05-13,3.84349739761808,4.8163412939598516,63.08040821798706,78.26086956521739,-0.027150989065950745,-0.0071174677688639896,0.02422729533532427,0.008207980417829582,81.4992857142857,34.74684624840508,75.1784927232,3.275432319424088,399430000.0,-0.009216655104923952
2012-05-20,3.778591349637921,4.706180133460531,61.391191952766725,73.9130434782609,-0.009216655104923952,-0.027150989065950745,-0.0071174677688639896,0.02422729533532427,82.08785714285715,35.15438230683234,75.819353014272,3.3157585823223674,382720000.0,-0.028170876966696335
2012-05-27,3.4932251713100015,4.335919792059608,56.50279329919073,60.8695652173913,-0.028170876966696335,-0.009216655104923952,-0.027150989065950745,-0.0071174677688639896,82.48857142857142,34.841128537039936,76.43457889370112,3.2510615407279135,364300000.0,-0.08961215868968717
2012-06-03,2.655479872946998,3.307528434220793,44.94133837944557,14.285714285714237,-0.08961215868968717,-0.028170876966696335,-0.009216655104923952,-0.027150989065950745,82.66285714285713,32.480651104872045,91.2,3.533128573533063,354150000.0,0.010362787035546658
2012-06-10,2.032682503882569,2.5380939143659313,46.25718466563443,14.893617021276564,0.010362787035546658,-0.08961215868968717,-0.028170876966696335,-0.009216655104923952,82.60571428571428,30.28877920357329,90.912,3.5093336754235587,366270000.0,0.0404095383378767
2012-06-17,1.776842029500088,2.217178384887313,51.27354787647667,34.918648310387965,0.0404095383378767,0.010362787035546658,-0.08961215868968717,-0.028170876966696335,82.94857142857143,28.223488128833704,90.62976,3.53795269860759,375500000.0,0.002225245076965481
2012-06-24,1.5705072757303498,1.958189061031854,51.547510845384814,36.04505632040052,0.002225245076965481,0.0404095383378767,0.010362787035546658,-0.08961215868968717,83.13285714285715,26.358462944646732,90.3531648,3.4409560772784773,391210000.0,0.04325913095796716
2012-07-01,1.6765355196346263,2.0820104287336174,56.7553189868824,53.8888888888889,0.04325913095796716,0.002225245076965481,0.0404095383378767,0.010362787035546658,83.60142857142857,25.59296672642793,90.08210150400001,3.4508877860443006,400070000.0,0.03998910282373812
2012-07-08,2.0157139384241844,2.4861019795945167,61.095065145702144,77.84722222222226,0.03998910282373812,0.04325913095796716,0.002225245076965481,0.0404095383378767,84.28785714285713,25.655182383263035,89.81645947392,3.4572529441839928,409660000.0,0.05299619540643454
2012-07-15,2.6405891789183045,3.222293970695052,66.1710594693388,97.56097560975607,0.05299619540643454,0.03998910282373812,0.04325913095796716,0.002225245076965481,85.31642857142856,26.58489311926738,76.8,3.6324491624565645,430340000.0,0.008583743691391435
2012-07-22,3.163889276981564,3.8206312078854268,66.94671731587623,91.25475285171103,0.008583743691391435,0.05299619540643454,0.03998910282373812,0.04325913095796716,85.76214285714286,27.736527579979278,77.128,3.5451313651382383,446150000.0,0.04430310789537061
2012-07-29,3.8760601312820597,4.61853988872453,70.77182795674113,97.40740740740739,0.04430310789537061,0.008583743691391435,0.05299619540643454,0.03998910282373812,86.45928571428571,29.219715433228746,77.85128,3.634764839056936,457440000.0,-0.027353549581597247
2012-08-05,4.179258833297766,4.930743988363016,65.67551984725989,85.18518518518518,-0.027353549581597247,0.04430310789537061,0.008583743691391435,0.05299619540643454,86.81357142857144,30.589724175449184,79.0842032,3.677995921981441,448630000.0,0.019246367817699565
2012-08-12,4.5167591401955605,5.27229950891326,67.44468992093269,93.74999999999996,0.019246367817699565,-0.027353549581597247,0.04430310789537061,0.008583743691391435,87.34571428571428,32.1605203453858,80.243151008,3.586710498982766,454940000.0,-0.013381248365301517
2012-08-19,4.626803436024929,5.35403946792589,64.9315088714284,87.77777777777779,-0.013381248365301517,0.019246367817699565,-0.027353549581597247,0.04430310789537061,87.95714285714284,33.65807129798458,81.33256194751999,3.4848026061982824,429400000.0,0.027195742808490082
2012-08-26,4.870891662831127,5.579187089064013,67.59293612045012,100.0,0.027195742808490082,-0.013381248365301517,0.019246367817699565,-0.027353549581597247,88.81428571428572,35.109722577937035,82.3566082306688,3.4244595628984054,437930000.0,0.03593200922606337
2012-09-02,5.293799627846454,5.988920041630563,70.8425402704417,100.0,0.03593200922606337,0.027195742808490082,-0.013381248365301517,0.019246367817699565,90.10000000000001,36.87975273112103,83.31921173682866,3.436998165548519,441520000.0,0.0755075525081451
2012-09-09,6.202986214364472,6.892687265006753,76.48541347428697,100.0,0.0755075525081451,0.03593200922606337,0.027195742808490082,-0.013381248365301517,92.47142857142858,39.19679204771535,84.81367479788237,3.905784010866482,447640000.0,0.018018505502678212
2012-09-16,7.004166745518333,7.644482178144922,77.64995174223112,89.77243671695219,0.018018505502678212,0.0755075525081451,0.03593200922606337,0.027195742808490082,94.92857142857143,41.69801522253131,87.33230731809414,4.283942295804591,454260000.0,-0.02166149678117942
2012-09-23,7.360599734365152,7.918421593401305,72.97925396468428,82.79569892473117,-0.02166149678117942,0.018018505502678212,0.0755075525081451,0.03593200922606337,96.98571428571428,44.02057959914613,90.77243043992284,4.317946417532835,441920000.0,0.020589493819843895
2012-09-30,7.737855212984556,8.200597402264473,74.54568160343652,88.22184105202972,0.020589493819843895,-0.02166149678117942,0.018018505502678212,0.0755075525081451,99.19285714285715,46.17724652028847,93.7997387871321,4.283807387709062,448690000.0,0.015256637953291985
2012-10-07,8.082453035686555,8.438330753974837,75.69057731884976,92.25806451612901,0.015256637953291985,0.020589493819843895,-0.02166149678117942,0.018018505502678212,101.26714285714286,48.27391205199574,96.46377013267625,4.264964002872701,459530000.0,-0.022432843848452087
2012-10-14,8.059303716884003,8.315783639604271,70.674933977149,82.86311389759665,-0.022432843848452087,0.015256637953291985,0.020589493819843895,-0.02166149678117942,102.91499999999999,49.57496753161904,98.80811771675509,4.360323716953222,453080000.0,-0.028119435314379087
2012-10-21,7.7036248634987174,7.882010406171594,65.00513870773702,65.24761077324065,-0.028119435314379087,-0.022432843848452087,0.015256637953291985,0.020589493819843895,104.00071428571428,50.78309047698353,100.87114359074448,4.277443451456564,449710000.0,-0.048956844726530876
2012-10-28,6.925544566817948,7.0586123848943885,56.78599003689006,41.25000000000003,-0.048956844726530876,-0.028119435314379087,-0.022432843848452087,0.015256637953291985,104.66071428571429,48.43371626362061,116.0,4.874768919209666,437070000.0,0.0511766014648437
2012-11-04,6.667783142731096,6.744342913460162,62.17584548004568,65.35714285714285,0.0511766014648437,-0.048956844726530876,-0.028119435314379087,-0.022432843848452087,105.40357142857144,46.382773212974314,115.6192,5.0979997106946895,446180000.0,0.0014771051430134449
2012-11-11,6.402610709127657,6.4301872935232485,62.32578209485633,62.45059288537551,0.0014771051430134449,0.0511766014648437,-0.048956844726530876,-0.028119435314379087,106.34642857142856,44.478326094517044,115.24601600000001,4.963142588502213,454980000.0,0.018734840860580394
2012-11-18,6.285423067881339,6.2618172514307835,64.27955419879669,72.57905138339922,0.018734840860580394,0.0014771051430134449,0.0511766014648437,-0.048956844726530876,107.30357142857143,41.72907124809557,114.88029568000002,5.517203832180626,463740000.0,0.01589830045669975
2012-11-25,6.263177217128444,6.185594948962346,65.92278238367919,80.3125,0.01589830045669975,0.018734840860580394,0.0014771051430134449,0.0511766014648437,108.47928571428572,38.771198886800924,114.52188976640002,5.295260701310582,471030000.0,0.023078624930037355
2012-12-02,6.383375741841959,6.242263536714445,68.25100096512608,93.9075630252101,0.023078624930037355,0.01589830045669975,0.018734840860580394,0.0014771051430134449,109.65357142857142,36.376503652736666,96.96,5.12417065121697,483370000.0,0.1392620673335076
2012-12-09,7.773692241354354,7.44153824987371,78.57553218300885,99.71542401821287,0.1392620673335076,0.023078624930037355,0.01589830045669975,0.018734840860580394,111.79642857142856,36.36923648607887,97.3188,5.991015604701471,492600000.0,-0.13405100812075546
2012-12-16,7.453356823691934,7.0797858578699495,58.72777003122673,52.58964143426296,-0.13405100812075546,0.1392620673335076,0.023078624930037355,0.01589830045669975,112.18499999999999,36.36248840275377,98.710048,6.751657347222795,478520000.0,0.004839276640749232
2012-12-23,7.162115606734858,6.75219570332406,59.103969132424716,54.18326693227093,0.004839276640749232,-0.13405100812075546,0.1392620673335076,0.023078624930037355,112.47071428571428,35.72885612337256,100.04564608,6.76653896527831,485870000.0,0.027631938662085884
2012-12-30,7.111574874284329,6.643404751227044,61.30820811781954,63.431986340352886,0.027631938662085884,0.004839276640749232,-0.13405100812075546,0.1392620673335076,113.16,35.318497264791596,101.3278202368,6.62607189632986,492950000.0,0.009015838681620548
2013-01-06,7.077087692173151,6.550975156252359,62.04039886712901,66.50540694365397,0.009015838681620548,0.027631938662085884,0.004839276640749232,-0.13405100812075546,113.76357142857141,34.939762660010594,102.55870742732799,6.459923903734869,502530000.0,0.052373073553054324
2013-01-13,7.485542604283481,6.841025704884986,66.17054657784081,84.91747296528175,0.052373073553054324,0.009015838681620548,0.027631938662085884,0.004839276640749232,114.70642857142856,35.23600520317328,103.74035913023486,6.626357910610949,511620000.0,-0.0314027726037635
2013-01-20,7.407545255033355,6.708621843970176,61.78434242042954,73.76209447922595,-0.0314027726037635,0.052373073553054324,0.009015838681620548,0.027631938662085884,115.54928571428572,35.32673547400449,104.87474476502547,6.838760916995881,499920000.0,0.07159365318700882
2013-01-27,7.989541118099126,7.132440615667962,67.22724462494972,99.71542401821287,0.07159365318700882,-0.0314027726037635,0.052373073553054324,0.009015838681620548,117.26357142857144,36.01266965841796,105.96375497442445,7.002420851496175,509440000.0,-0.009132483563272474
2013-02-03,8.258745385536983,7.2823131795213785,65.89731696729062,92.13483146067419,-0.009132483563272474,0.07159365318700882,-0.0314027726037635,0.052373073553054324,119.26071428571427,36.789484419134546,107.00920477544747,6.872247933532163,499050000.0,0.0029772150698405037
2013-02-10,8.406654764463653,7.327629446541431,66.13181686094093,93.2303370786517,0.0029772150698405037,-0.009132483563272474,0.07159365318700882,-0.0314027726037635,120.89999999999999,37.03380727639218,108.60465248892062,6.777801652565579,506080000.0,0.012197582949394664
2013-02-17,8.555168895936532,7.371060269111429,67.13646577841193,91.38655462184873,0.012197582949394664,0.0029772150698405037,-0.009132483563272474,0.07159365318700882,122.64285714285714,37.652008201649274,110.10437333958538,7.0422443916680395,515980000.0,-0.02748264569383212
2013-02-24,8.286851832037087,7.080521614759913,62.66058822804097,73.22957198443572,-0.02748264569383212,0.012197582949394664,0.0029772150698405037,-0.009132483563272474,123.98214285714286,38.22605191795943,112.18242347241855,6.99636979226318,490230000.0,0.006172859107081016
2013-03-03,8.046012516081262,6.818798756680566,63.246976085008164,74.75083056478401,0.006172859107081016,-0.02748264569383212,0.012197582949394664,0.0029772150698405037,125.25214285714286,38.34471316714588,114.09422959462506,6.782343378530095,508680000.0,0.02611748815485428
2013-03-10,8.040044248411235,6.748321392028646,65.73856389889846,76.36887608069165,0.02611748815485428,0.006172859107081016,-0.02748264569383212,0.012197582949394664,126.5807142857143,39.333589938727236,115.85309122705506,7.0971759943493735,516300000.0,-0.022585272242486604
2013-03-17,7.706023021622343,6.422766469794899,61.828241883072074,65.6340057636888,-0.022585272242486604,0.02611748815485428,0.006172859107081016,-0.02748264569383212,126.4707142857143,40.251832655195635,118.26778210434955,6.910949137610133,508520000.0,0.0007662248478469074
2013-03-24,7.364484761071253,6.098268975668561,61.91012046814509,65.9942363112392,0.0007662248478469074,-0.022585272242486604,0.02611748815485428,0.006172859107081016,127.55071428571429,41.10448660620201,120.4410038939146,6.470881342066552,515430000.0,-0.010471299867295478
2013-03-31,6.904482024046075,5.687923290453348,60.02439044295841,54.545454545454504,-0.010471299867295478,0.0007662248478469074,-0.022585272242486604,0.02611748815485428,128.49357142857144,42.36934007544595,122.39690350452314,6.722246960490369,503440000.0,0.0030911925696728796
2013-04-07,6.497306295333544,5.325804316253388,60.40637769472475,55.70698466780237,0.0030911925696728796,-0.010471299867295478,0.0007662248478469074,-0.022585272242486604,129.23285714285714,43.62922321357122,124.15721315407083,6.870657891883915,520680000.0,-0.012422519998557096
2013-04-14,5.976615268047809,4.881204517087026,58.01822079725611,47.368421052631575,-0.012422519998557096,0.0030911925696728796,-0.010471299867295478,0.0007662248478469074,129.78071428571428,44.033445086187626,125.74149183866375,6.719182328177921,471410000.0,0.0
2013-04-21,5.500556881792065,4.477342959781184,58.01822079725611,47.368421052631575,0.0,-0.012422519998557096,0.0030911925696728796,-0.010471299867295478,129.86642857142857,44.397735991496425,140.0,6.382097876165212,485040000.0,0.009331327428884222
2013-04-28,5.160618751457335,4.184626325375934,59.413907475476975,35.30395984383704,0.009331327428884222,0.0,-0.012422519998557096,0.0030911925696728796,130.31785714285715,45.670376425330254,126.4,6.911233742153412,494560000.0,0.08028083126080289
2013-05-05,5.697013449896417,4.573761646075878,69.30461519117091,94.73684210526308,0.08028083126080289,0.009331327428884222,0.0,-0.012422519998557096,130.8892857142857,46.85211397103309,126.4,7.314002760571026,502550000.0,0.022599831917240777
2013-05-12,6.307613131580638,5.008449246008135,71.51929889111801,91.57127991675337,0.022599831917240777,0.08028083126080289,0.009331327428884222,0.0,131.775,48.19170957132595,126.688,7.250145420530238,515820000.0,-0.03916484879193609
2013-05-19,6.275375125702652,4.948620470757478,63.09333650690236,62.95525494276793,-0.03916484879193609,0.022599831917240777,0.08028083126080289,0.009331327428884222,132.23999999999998,48.060291841726546,127.41328,7.473706461920934,510060000.0,0.03300063762297057
2013-05-26,6.54715019088998,5.116582364368634,66.6478788842164,86.42779587404993,0.03300063762297057,-0.03916484879193609,0.022599831917240777,0.08028083126080289,132.92000000000002,48.03220582240334,128.1095488,7.477013143212295,517660000.0,0.0005619556202956779
2013-06-02,6.691849741211769,5.1863100011869605,66.70767263025053,86.8621064060804,0.0005619556202956779,0.03300063762297057,-0.03916484879193609,0.022599831917240777,133.86285714285714,48.00612594731751,128.777966848,7.335797918697131,532100000.0,-0.12227873009627362
2013-06-09,5.421493551393127,4.209055235834858,47.80013178728656,9.654178674351613,-0.12227873009627362,0.0005619556202956779,0.03300063762297057,-0.03916484879193609,133.57785714285714,45.14396926758895,144.82,8.183240924504478,521850000.0,-0.016079703276564945
2013-06-16,4.2040749576446785,3.2729395836711808,46.075367108188445,17.4464710547185,-0.016079703276564945,-0.12227873009627362,0.0005619556202956779,0.03300063762297057,132.9035714285714,41.9756445373663,144.40359999999998,8.198723715611301,504840000.0,0.0070717106021397445
2013-06-23,3.272546715162065,2.5529851720578765,46.977421852081314,20.935765265662177,0.0070717106021397445,-0.016079703276564945,-0.12227873009627362,0.0005619556202956779,132.505,39.03362871644527,143.411456,8.064529164496207,511760000.0,0.04325337328537605
2013-06-30,2.945764796235096,2.2951178985976206,52.360759450544705,42.82315622521813,0.04325337328537605,0.0070717106021397445,-0.016079703276564945,-0.12227873009627362,132.4935714285714,37.06249954934788,142.45899776,8.327062795603622,517630000.0,0.012195273093818206
2013-07-07,2.7838044347255106,2.1643702629152783,53.82418597967286,49.167327517843,0.012195273093818206,0.04325337328537605,0.0070717106021397445,-0.016079703276564945,132.6935714285714,35.232165322757446,141.54463784959998,8.067986881631933,522470000.0,0.06737540247277075
2013-07-14,3.3590912804405093,2.5928620618025486,61.20400222287495,85.64631245043614,0.06737540247277075,0.012195273093818206,0.04325337328537605,0.0070717106021397445,133.52214285714285,34.73403786459563,119.6,8.314559247229653,535730000.0,-0.03744891261447968
2013-07-21,3.357517256081138,2.582111842082351,55.78735021256793,65.06740681998413,-0.03744891261447968,0.06737540247277075,0.012195273093818206,0.04325337328537605,134.09428571428572,34.19577985370366,120.07839999999999,8.377805015284677,527290000.0,0.0453496309129177
2013-07-28,3.8213835645621543,2.918417333707367,60.378568677217075,90.0872323552736,0.0453496309129177,-0.03744891261447968,0.06737540247277075,0.012195273093818206,135.11714285714285,33.819197643346556,120.547232,8.286533228478628,536510000.0,-0.01643562074827534
2013-08-04,3.9561918283058617,3.005965266316913,57.99401079810929,80.88818398096751,-0.01643562074827534,0.0453496309129177,-0.03744891261447968,0.06737540247277075,135.88857142857142,33.59482624345169,121.00668736,7.951066569301584,531350000.0,-0.03193304710300915
2013-08-11,3.665728880204142,2.779029145564825,53.665213118264155,63.44171292624901,-0.03193304710300915,-0.01643562074827534,0.0453496309129177,-0.03744891261447968,135.5742857142857,32.155634412583844,121.9100198656,7.878847528637185,509970000.0,-0.011869575555383769
2013-08-18,3.268748178640635,2.475164289151362,52.14110299872661,58.25242718446604,-0.011869575555383769,-0.03193304710300915,-0.01643562074827534,0.0453496309129177,134.91714285714286,30.62435778516987,122.777219070976,7.571786990877385,503270000.0,-0.015037877364540559
2013-08-25,2.7609285614197745,2.090705235517256,50.221089360791126,50.16181229773465,-0.015037877364540559,-0.011869575555383769,-0.03193304710300915,-0.01643562074827534,134.51000000000002,28.620340676663293,123.60973030813696,7.459516491529,494690000.0,-0.006155268493431904
2013-09-01,2.2669852309883822,1.7175035971117703,49.42725427156432,47.50000000000001,-0.006155268493431904,-0.015037877364540559,-0.011869575555383769,-0.03193304710300915,133.715,26.759467647335757,124.40894109581149,7.2574081707055,484030000.0,-0.012193870174764606
2013-09-08,1.7273203968214546,1.3104048779818684,47.82904850646385,41.6840350145894,-0.012193870174764606,-0.006155268493431904,-0.015037877364540559,-0.011869575555383769,132.8007142857143,25.031514120103047,125.17618345197903,6.937593301369394,476840000.0,0.018349138668196617
2013-09-15,1.476274496584466,1.1198368630447668,50.434280613664484,51.68820341809087,0.018349138668196617,-0.012193870174764606,-0.006155268493431904,-0.015037877364540559,133.22857142857143,24.248004123932038,143.59,7.184908065557295,484020000.0,-0.006079046076382226
2013-09-22,1.1989448084034962,0.9097885313263042,49.5461215406524,47.47774480712161,-0.006079046076382226,0.018349138668196617,-0.012193870174764606,-0.006155268493431904,133.74285714285716,23.52045912748753,143.1502,6.95598606087463,479330000.0,0.05342516667358057
2013-09-29,1.5423594993340544,1.1660428976534871,56.902212554367395,76.96404793608524,0.05342516667358057,-0.006079046076382226,0.018349138668196617,-0.012193870174764606,134.70857142857142,22.065182276938685,142.719196,7.168415627955014,491150000.0,-0.02043866767727407
2013-10-06,1.5704780235749922,1.1850928200931692,53.6276625732746,63.66530241018642,-0.02043866767727407,0.05342516667358057,-0.006079046076382226,0.018349138668196617,135.07999999999998,20.713853772857615,142.29681208000002,6.884957368815371,486870000.0,0.013914541600330793
2013-10-13,1.7261779724979363,1.2989686892246077,55.49908431421777,72.30559345156888,0.013914541600330793,-0.02043866767727407,0.05342516667358057,-0.006079046076382226,135.47285714285712,19.459048733353765,141.88287583840003,6.548174699614273,489520000.0,-0.010969031370573933
2013-10-20,1.7088354484632475,1.2836916949818968,53.65801709977729,65.48431105047749,-0.010969031370573933,0.013914541600330793,-0.02043866767727407,0.05342516667358057,135.10142857142858,19.136592297063356,121.6,6.649019363927539,481110000.0,0.03241024415075454
2013-10-27,2.0331530099920485,1.5210912207797669,58.125890412176716,85.85720782173709,0.03241024415075454,-0.010969031370573933,0.013914541600330793,-0.02043866767727407,135.42071428571427,18.457287169572854,122.024,6.716946552218428,496040000.0,-0.0005696382950956446
2013-11-03,2.2576963643522845,1.6828002556537949,58.018321184188515,85.49340609367896,-0.0005696382950956446,0.03241024415075454,-0.010969031370573933,0.013914541600330793,135.28357142857143,18.11496894329581,122.43952,6.431450369917113,487420000.0,-0.040109997338165504
2013-11-10,1.9675500309951985,1.4659560330187376,51.00441464157011,62.64150943396221,-0.040109997338165504,-0.0005696382950956446,0.03241024415075454,-0.010969031370573933,134.91785714285714,16.904962323678117,122.8467296,6.5092039149230345,481650000.0,0.010326098539220594
2013-11-17,1.8294860942510809,1.3615383554678195,52.57050549888028,69.2452830188679,0.010326098539220594,-0.040109997338165504,-0.0005696382950956446,0.03241024415075454,134.96642857142857,16.33155285408444,123.245795008,6.458546492428533,486040000.0,-0.011438817025009578
2013-11-24,1.5768207752151113,1.1732665564558271,50.64055227661899,61.93396226415087,-0.011438817025009578,0.010326098539220594,-0.040109997338165504,-0.0005696382950956446,135.01857142857142,15.799101203747453,123.63687910784,6.302936028683638,479410000.0,-0.03881999184958198
2013-12-01,0.9516633796716292,0.7099817570061124,44.78094828636568,37.73584905660374,-0.03881999184958198,-0.011438817025009578,0.010326098539220594,-0.040109997338165504,134.84714285714284,15.68957373639619,124.0201415256832,6.309154883777665,469100000.0,-0.006191970247920995
2013-12-08,0.38720486886498406,0.28971047946334577,43.92733340380078,33.96226415094345,-0.006191970247920995,-0.03881999184958198,-0.011438817025009578,0.010326098539220594,134.67642857142857,15.837273035948547,124.39573869516954,6.258500963507831,464410000.0,0.003100777678247964
2013-12-15,-0.027538464318212164,-0.020655519086607087,44.49702477827077,35.849056603773526,0.003100777678247964,-0.006191970247920995,-0.03881999184958198,-0.011438817025009578,134.64785714285713,15.798343507919597,124.76382392126615,6.2100366089715555,471770000.0,0.015361285161487149
2013-12-22,-0.19262183402787514,-0.144648645016876,47.375931182605584,21.62162162162153,0.015361285161487149,0.003100777678247964,-0.006191970247920995,-0.03881999184958198,134.59071428571428,15.762194660464143,125.12454744284084,5.966462565473589,474640000.0,0.01212136053234504
2013-12-29,-0.1921302081989893,-0.14430878583089848,49.62697517519347,32.432432432432485,0.01212136053234504,0.015361285161487149,0.003100777678247964,-0.006191970247920995,134.705,15.165092221304688,125.47805649398401,5.766000953654049,480110000.0,-0.006042314455962698
2014-01-05,-0.25337317704301654,-0.19042890911917654,48.509642950599954,27.027027027027007,-0.006042314455962698,0.01212136053234504,0.015361285161487149,0.003100777678247964,134.24785714285716,14.591523130086367,125.82449536410434,5.585572314107332,473250000.0,0.0012113871862970882
2014-01-12,-0.2857045836639145,-0.2148353004757672,48.75813023302193,28.108108108108063,0.0012113871862970882,-0.006042314455962698,0.01212136053234504,0.015361285161487149,134.00214285714284,14.232277930966193,126.16400545682225,5.358031434528237,478760000.0,-0.0012871476318046735
2014-01-19,-0.32134081866703923,-0.24176629242408706,48.490369199317875,26.9594594594595,-0.0012871476318046735,0.0012113871862970882,-0.006042314455962698,0.01212136053234504,133.60857142857142,13.975049285874169,126.49672534768581,5.191029189204792,470170000.0,-0.05281370347486512
2014-01-26,-0.8872513638271187,-0.670420953461476,39.22489486424685,0.0,-0.05281370347486512,-0.0012871476318046735,0.0012113871862970882,-0.006042314455962698,132.83714285714285,14.718894998032654,142.8,5.305241389975878,459440000.0,-0.016103407566578735
2014-02-02,-1.4800616044644812,-1.124109852466732,36.98327270424754,2.0408163265306403,-0.016103407566578735,-0.05281370347486512,-0.0012871476318046735,0.0012113871862970882,131.60285714285715,15.818309392871347,142.448,5.18343843354903,443550000.0,-0.08112554481236846
2014-02-09,-2.6934592391009744,-2.0666924513659395,28.549452656044167,1.2345679012345654,-0.08112554481236846,-0.016103407566578735,-0.05281370347486512,-0.0012871476318046735,129.6885714285714,18.062596821040582,141.66208,5.568907116866957,424040000.0,0.020906684819313643
2014-02-16,-3.4219792179289925,-2.6472428427174117,32.68251148843355,11.979166666666686,0.020906684819313643,-0.08112554481236846,-0.016103407566578735,-0.05281370347486512,128.33999999999997,20.146578004340586,139.9567552,5.741128037090746,435190000.0,0.04714677842570187
2014-02-23,-3.5070364182309675,-2.725013464413356,41.22561364249849,39.538714991762745,0.04714677842570187,0.020906684819313643,-0.08112554481236846,-0.016103407566578735,127.29142857142857,22.301182601840452,138.353749888,6.016761748727121,513940000.0,-0.03967476358700094
2014-03-02,-3.9110323852113567,-3.059753707747705,36.95915513274122,20.300125052105056,-0.03967476358700094,0.04714677842570187,0.020906684819313643,-0.08112554481236846,126.01571428571427,22.753246503574633,136.24544989696,6.385564480960897,501000000.0,-0.004029670647728216
2014-03-09,-4.220476149823213,-3.323844384838446,36.554336306396586,19.607843137254928,-0.004029670647728216,-0.03967476358700094,0.04714677842570187,0.020906684819313643,125.07285714285715,23.21934319857058,134.3058139052032,6.209452732320832,494250000.0,0.04952627020193432
2014-03-16,-3.9433682599912174,-3.1140836269444634,44.7493611889489,45.94474153297684,0.04952627020193432,-0.004029670647728216,-0.03967476358700094,0.04714677842570187,124.60928571428572,22.965269376144608,132.52134879278694,6.273777537155058,510250000.0,-0.01906706271722578
2014-03-23,-3.8655957735417417,-3.064552109265136,42.441809661970495,35.65062388591801,-0.01906706271722578,0.04952627020193432,-0.004029670647728216,-0.03967476358700094,123.95214285714285,22.72934368389192,130.87964088936397,6.184221998786839,484800000.0,0.00041657988521629787
2014-03-30,-3.7566219363116318,-2.9888475371668664,42.510911992485944,35.873440285204985,0.00041657988521629787,-0.01906706271722578,0.04952627020193432,-0.004029670647728216,123.15571428571427,22.113308223947506,129.36926961821484,5.994634713159208,515400000.0,-0.007105568036012747
2014-04-06,-3.696239335218948,-2.9520937325771404,41.59663587227809,32.08556149732622,-0.007105568036012747,0.00041657988521629787,-0.01906706271722578,0.04952627020193432,122.1842857142857,22.05239399691595,127.97972804875765,5.963589376504978,485530000.0,0.006688988150796489
2014-04-13,-3.5429909801153485,-2.838442632394322,42.842598948895954,37.95066413662237,0.006688988150796489,-0.007105568036012747,0.00041657988521629787,-0.01906706271722578,121.32714285714285,21.99583078610093,126.70134980485703,5.651904421040336,495340000.0,-0.012916391933226913
2014-04-20,-3.505397642297851,-2.8189673089909353,41.02807035094712,30.64516129032253,-0.012916391933226913,0.006688988150796489,-0.007105568036012747,0.00041657988521629787,120.34857142857143,21.49786502797668,125.52524182046847,5.473911248108883,472680000.0,0.019560934651895585
2014-04-27,-3.24932995435195,-2.618581189635052,44.85025231349559,44.02201100550272,0.019560934651895585,-0.012916391933226913,0.006688988150796489,-0.007105568036012747,119.5492857142857,21.076137039721157,124.44322247483099,5.267917587529678,491580000.0,-0.013333530869465144
2014-05-04,-3.139313048361828,-2.5373231580865614,42.80723518730335,47.39960500329166,-0.013333530869465144,0.019560934651895585,-0.012916391933226913,0.006688988150796489,119.12071428571429,20.684532479198175,123.44776467684451,5.063066331277558,482900000.0,0.09011059628986892
2014-05-11,-2.1207036428326944,-1.7071778556493868,57.465422117571464,90.748031496063,0.09011059628986892,-0.013333530869465144,0.019560934651895585,-0.012916391933226913,119.63785714285714,20.859638065526834,112.0,5.63856159332916,507080000.0,0.07713706798351615
2014-05-18,-0.46406432348273086,-0.36989580089002566,66.15794667332256,95.0657894736842,0.07713706798351615,0.09011059628986892,-0.013333530869465144,0.019560934651895585,121.58785714285713,22.273635830038593,112.4064,6.090092908091363,522980000.0,-0.00021293963241906196
2014-05-25,0.8367677851075257,0.6609553627329119,66.1162130566124,94.96710526315789,-0.00021293963241906196,0.07713706798351615,0.09011059628986892,-0.013333530869465144,123.36428571428573,23.586633754228085,113.606144,5.936514843227694,488880000.0,0.013047189559483776
2014-06-01,1.9939807729192012,1.5603106108448705,67.47862385447874,76.44444444444446,0.013047189559483776,-0.00021293963241906196,0.07713706798351615,0.09011059628986892,124.87285714285714,25.62976469301163,114.75789824,6.280335211568572,502380000.0,-0.021315823169303694
2014-06-08,2.637791737467694,2.049940312469074,63.03748393709447,68.08333333333337,-0.021315823169303694,0.013047189559483776,-0.00021293963241906196,0.07713706798351615,126.50428571428573,26.545891562905034,116.9444243456,6.396739839313674,492280000.0,-0.04771708755610686
2014-06-15,2.5928254933108974,2.0097617190473582,54.65860428232283,49.99999999999998,-0.04771708755610686,-0.021315823169303694,0.013047189559483776,-0.00021293963241906196,127.7042857142857,26.485880407377476,118.999758884864,6.523401279362699,480990000.0,0.03249916739295455
2014-06-22,2.8790448120677183,2.220666735644496,58.65834057250116,60.442117510180346,0.03249916739295455,-0.04771708755610686,-0.021315823169303694,0.013047189559483776,128.79642857142858,26.608980164127416,120.93177335177215,6.5431583308367935,493060000.0,0.008683122573460857
2014-06-29,3.1662075853151634,2.4294573989465547,59.70240864496825,63.93251890634096,0.008683122573460857,0.03249916739295455,-0.04771708755610686,-0.021315823169303694,130.1392857142857,26.723287081109504,122.74786695066582,6.274361307205594,503080000.0,0.005317250438386195
2014-07-06,3.414141865377246,2.6060510572868663,60.367117895544986,66.08493310063992,0.005317250438386195,0.008683122573460857,0.03249916739295455,-0.04771708755610686,131.53142857142856,27.113390779590354,124.45499493362587,6.077621213833765,512440000.0,0.006785013352469792
2014-07-13,3.6452682458774177,2.767634657492317,61.25079181118202,67.53561685359205,0.006785013352469792,0.005317250438386195,0.008683122573460857,0.03249916739295455,133.05214285714285,27.523301213094502,126.05969523760831,5.916362555702781,517840000.0,0.01350368711431536
2014-07-20,3.9371733218148393,2.9713975514541335,63.03529790785396,73.32525007578059,0.01350368711431536,0.006785013352469792,0.005317250438386195,0.008683122573460857,134.65214285714288,28.100164404911478,127.56811352335181,5.72376523029544,525130000.0,0.01242251999855711
2014-07-27,4.263000109836298,3.196433027459775,64.66831550854974,78.72082449227044,0.01242251999855711,0.01350368711431536,0.006785013352469792,0.005317250438386195,136.4892857142857,29.087647256965788,128.9860267119507,5.657067713845764,540230000.0,0.021544572600431963
2014-08-03,4.720180640510222,3.5120146019458884,67.40397841055585,88.17073170731707,0.021544572600431963,0.01242251999855711,0.01350368711431536,0.006785013352469792,138.38357142857143,30.323170775271137,130.31886510923366,5.704420019999638,560650000.0,-0.07233423756100013
2014-08-10,4.204522302542387,3.1237993665224537,52.94934767429574,54.62992630567126,-0.07233423756100013,0.021544572600431963,0.01242251999855711,0.01350368711431536,139.65785714285715,30.039577174966617,131.57173320267964,5.962675732856807,555500000.0,0.02443628996422459
2014-08-17,4.023029048550029,2.979391594910062,56.27902804402572,46.176911544227956,0.02443628996422459,-0.07233423756100013,0.021544572600431963,0.01242251999855711,140.37142857142857,29.68843212476659,132.74942921051885,6.005341751938464,560350000.0,0.008297037279530474
2014-08-24,3.928320327632349,2.898801706344718,57.39955392085726,51.16988809766024,0.008297037279530474,0.02443628996422459,-0.07233423756100013,0.021544572600431963,140.42142857142858,29.21048438243374,133.8564634578877,6.023531626800001,581060000.0,-0.005239691942354912
2014-08-31,3.7503198160571856,2.7593894205571097,56.41473769201575,47.40590030518832,-0.005239691942354912,0.008297037279530474,0.02443628996422459,-0.07233423756100013,140.42071428571427,28.76180609593424,134.89707565041445,5.931850796314287,572140000.0,0.006298453290597093
2014-09-07,3.6391191894263955,2.6690771962548188,57.362248011904185,54.366347177848816,0.006298453290597093,-0.005239691942354912,0.008297037279530474,0.02443628996422459,140.35142857142858,28.400478675556446,135.8752511113896,5.651004310863266,578190000.0,0.010177311918683776
2014-09-14,3.626194263269241,2.649727451659007,58.92879841461144,62.087326943556945,0.010177311918683776,0.006298453290597093,-0.005239691942354912,0.008297037279530474,140.60071428571428,28.391023077528853,136.7947360447062,5.561646860087319,584550000.0,-0.016901810802603025
2014-09-21,3.3832907540205213,2.466961045267047,55.30673525340343,44.3925233644861,-0.016901810802603025,0.010177311918683776,0.006298453290597093,-0.005239691942354912,141.14357142857145,28.16890505810894,137.65905188202385,5.475100655795368,565820000.0,0.0037571376561173144
2014-09-28,3.1967049190932357,2.325652010226572,55.95063374732765,37.13286713286719,0.0037571376561173144,-0.016901810802603025,0.010177311918683776,0.006298453290597093,141.41,27.96265261150474,138.47150876910243,5.252593466095699,578040000.0,0.01871571819594112
2014-10-05,3.227081203191858,2.3394984865876736,59.144017171227794,52.83582089552246,0.01871571819594112,0.0037571376561173144,-0.016901810802603025,0.010177311918683776,141.78142857142856,28.32765290778608,138.86,5.181693932803149,585030000.0,-0.08428781652258907
2014-10-12,2.2855574234606593,1.6619122772249806,44.12548997468558,0.0,-0.08428781652258907,0.01871571819594112,0.0037571376561173144,-0.016901810802603025,141.26857142857142,26.318440893063222,151.2,5.700144366174352,567390000.0,0.02712940268264051
2014-10-19,1.812220474401073,1.3188154994702337,48.527255810850036,20.267260579064533,0.02712940268264051,-0.08428781652258907,0.01871571819594112,0.0037571376561173144,140.94785714285715,24.45274402224914,150.82319999999999,5.69584834001904,579320000.0,-0.04820210181787775
2014-10-26,0.9101790416688971,0.665170159965023,42.2281546283067,2.171860245514673,-0.04820210181787775,0.02712940268264051,-0.08428781652258907,0.01871571819594112,140.03357142857143,23.421070646773103,150.453936,5.779002030017681,569420000.0,-0.1295709914084257
2014-11-02,-1.0633312437100813,-0.7868863103248793,31.41939354778276,0.0,-0.1295709914084257,-0.04820210181787775,0.02712940268264051,-0.08428781652258907,137.86714285714285,24.472022484805432,149.60137856,6.491930456444991,547010000.0,0.13065065527516082
2014-11-09,-1.329832678195487,-0.9870197387495091,46.34177503509856,47.60479041916168,0.13065065527516082,-0.1295709914084257,-0.04820210181787775,0.02712940268264051,136.61142857142858,24.954758117815185,147.4562958464,7.325363995270349,588040000.0,-0.029171178903307577
2014-11-16,-1.8210251675706957,-1.3581019561648835,43.9256224385895,38.33070866141733,-0.029171178903307577,0.13065065527516082,-0.1295709914084257,-0.04820210181787775,135.82357142857143,25.403012634181383,144.76699217868799,7.424980852751038,577870000.0,0.08871613685300729
2014-11-23,-1.2525745519237148,-0.9322959841127894,52.3165459868135,75.14960629921255,0.08871613685300729,-0.029171178903307577,0.13065065527516082,-0.1295709914084257,135.62857142857143,24.425725245318223,142.29283280439296,7.8367679346973915,598110000.0,-0.0066305026332562035
2014-11-30,-0.8655254991869015,-0.6433497627926007,51.66838666980967,72.28346456692911,-0.0066305026332562035,0.08871613685300729,-0.029171178903307577,0.13065065527516082,135.285,23.518244098516714,140.01660618004152,7.677713082219006,573530000.0,-0.16081317398679246
2014-12-07,-2.1733870618667765,-1.631719532699569,39.80839535028003,8.28346456692912,-0.16081317398679246,-0.0066305026332562035,0.08871613685300729,-0.029171178903307577,133.54285714285714,24.39212316940219,137.9224776856382,8.58073357634622,540130000.0,0.009655306349966057
2014-12-14,-3.083154530497808,-2.3350005296422465,40.62461182283919,34.58752044870296,0.009655306349966057,-0.16081317398679246,-0.0066305026332562035,0.08871613685300729,131.81785714285712,26.140582639091974,135.99587947078714,9.024966892321489,557600000.0,0.09081648664551091
2014-12-21,-2.8689477947472426,-2.176754874969856,48.12035160536088,60.715120355223185,0.09081648664551091,0.009655306349966057,-0.16081317398679246,-0.0066305026332562035,130.78785714285715,26.043705435298914,132.67629152370844,9.237469257155668,563430000.0,0.026512931402731362
2014-12-28,-2.392416046854379,-1.8147467781628936,50.21506663278551,68.80112175741998,0.026512931402731362,0.09081648664551091,0.009655306349966057,-0.16081317398679246,130.17642857142854,24.864324054116512,102.8,9.661935738787406,570600000.0,-0.11732941804824235
2015-01-04,-3.1596642096522203,-2.4160567678392955,42.411984478743165,34.58752044870296,-0.11732941804824235,0.026512931402731362,0.09081648664551091,0.009655306349966057,128.48142857142858,24.692794607743966,103.5278,10.427511757445448,561170000.0,-0.05595865364804449
2015-01-11,-4.2353183063211475,-3.2748776401891,39.52076501162299,20.000000000000007,-0.05595865364804449,-0.11732941804824235,0.026512931402731362,0.09081648664551091,126.13857142857144,24.842254219080385,104.241044,10.425546631913631,547360000.0,0.03533936644530886
2015-01-18,-4.710713187684917,-3.6721818086940097,42.17402688446468,34.06593406593409,0.03533936644530886,-0.05595865364804449,-0.11732941804824235,0.026512931402731362,124.91285714285716,24.888656954259535,104.94002312,10.14372187249123,560630000.0,-0.013810201132810071
2015-01-25,-5.155530109691426,-4.0532477156207,41.40139857224192,29.72527472527475,-0.013810201132810071,0.03533936644530886,-0.05595865364804449,-0.11732941804824235,123.31428571428572,24.93174520835446,105.62502265760001,9.590598881599002,540370000.0,-0.0014973359031301107
2015-02-01,-5.458842169842498,-4.326340712681114,41.313699267680505,29.258241758241777,-0.0014973359031301107,-0.013810201132810071,0.03533936644530886,-0.05595865364804449,122.16071428571429,24.461689869113,106.29632220444802,9.379127532913358,517360000.0,-0.09469335817838832
2015-02-08,-6.451934613894281,-5.183321859470224,36.31833973230908,1.5855658829961687,-0.09469335817838832,-0.0014973359031301107,-0.013810201132810071,0.03533936644530886,121.4,24.84115389630623,139.19,9.482761280562404,460650000.0,0.04323767905464622
2015-02-15,-6.792711490414675,-5.511919996322531,39.805372736304015,23.615160349854236,0.04323767905464622,-0.09469335817838832,-0.0014973359031301107,-0.013810201132810071,119.83000000000001,25.493983600685006,138.4586,9.501135474807947,484000000.0,0.03859233919298604
2015-02-22,-6.644058484948729,-5.427957000351389,42.93434821505676,33.91642371234208,0.03859233919298604,0.04323767905464622,-0.09469335817838832,-0.0014973359031301107,118.82928571428572,25.35215626589486,136.84185599999998,9.382482940893095,510760000.0,0.03612526786133473
2015-03-01,-6.1232157201540645,-5.021544423284636,45.878307776195065,43.93681652490887,0.03612526786133473,0.03859233919298604,0.04323767905464622,-0.09469335817838832,117.28785714285713,24.43395216460039,135.28978175999998,9.340877016543589,539740000.0,-0.04329375733994719
2015-03-08,-6.037846423290404,-4.984048176312219,43.02387911846856,31.980558930741186,-0.04329375733994719,0.03612526786133473,0.03859233919298604,0.04323767905464622,115.46000000000001,23.90640506304794,133.79979048959999,9.473671515361904,516910000.0,-0.05546708151287251
2015-03-15,-6.380786758530661,-5.318987759140505,39.77389833783428,17.39975698663426,-0.05546708151287251,-0.04329375733994719,0.03612526786133473,0.03859233919298604,114.655,23.730806717972104,132.369398870016,9.311266407121767,498330000.0,0.07108194261040285
2015-03-22,-5.958523069519117,-4.988591807552632,45.50052274814415,36.23329283110571,0.07108194261040285,-0.05546708151287251,-0.04329375733994719,0.03612526786133473,114.32285714285716,23.188669259199113,130.99622291521536,9.27474737804164,520050000.0,0.16340388530774147
2015-03-29,-3.9603560987035706,-3.2880430267791763,56.91461302208464,84.01826484018264,0.16340388530774147,0.07108194261040285,-0.05546708151287251,-0.04329375733994719,114.62428571428573,22.67723695213775,98.04,10.587265422467238,548630000.0,-0.015075472056174512
2015-04-05,-2.508454841241786,-2.069176200461679,55.668431424929494,79.23576063446284,-0.015075472056174512,0.16340388530774147,0.07108194261040285,-0.05546708151287251,114.53642857142857,22.202335524152204,98.8722,10.931032178005294,539520000.0,-0.01522872070182456
2015-04-12,-1.500287704013985,-1.2316880306668112,54.39231044011531,62.04204204204203,-0.01522872070182456,-0.015075472056174512,0.16340388530774147,0.07108194261040285,115.35285714285715,22.799322275677167,99.68775600000001,11.788101308147773,529050000.0,-0.0659086499630401
2015-04-19,-1.3498400870518594,-1.108854709006486,49.33037490070698,45.56556556556554,-0.0659086499630401,-0.01522872070182456,-0.015075472056174512,0.16340388530774147,116.03857142857143,22.874691281559404,101.61984576,11.582522643280074,517820000.0,0.03904558319844714
2015-04-26,-0.8328815257618629,-0.6825777829167349,52.13409894917444,55.195195195195176,0.03904558319844714,-0.0659086499630401,-0.01522872070182456,-0.015075472056174512,116.78214285714286,22.853322808822504,103.4746519296,11.240199597331497,528170000.0,-0.02262485298611954
2015-05-03,-0.6425250287311002,-0.5263242485959824,50.38024362318328,49.56956956956955,-0.02262485298611954,0.03904558319844714,-0.0659086499630401,-0.01522872070182456,117.43785714285715,23.018211260021676,105.255265852416,10.980185340379247,519070000.0,0.010852945272464602
2015-05-10,-0.379168513636003,-0.31020764891037717,51.22293914013881,52.25225225225224,0.010852945272464602,-0.02262485298611954,0.03904558319844714,-0.0659086499630401,118.20142857142856,23.171321964706618,106.96465521831936,10.498743530352158,522410000.0,-0.012319818650964718
2015-05-17,-0.28976761418957153,-0.2370105037569928,50.18185403816503,49.209209209209206,-0.012319818650964718,0.010852945272464602,-0.02262485298611954,0.03904558319844714,119.58857142857143,23.319222571145364,108.60566900958659,9.967404706755575,505600000.0,-0.020931955009335444
2015-05-24,-0.4190430620399326,-0.34320234296620766,48.411165847190766,36.55376221868605,-0.020931955009335444,-0.012319818650964718,0.010852945272464602,-0.02262485298611954,120.46857142857142,23.150082570386086,110.18104224920313,9.478304370558748,497010000.0,-0.014173927901661663
2015-05-31,-0.6503666401330577,-0.5338606458306903,47.21735716079737,32.711979995453504,-0.014173927901661663,-0.020931955009335444,-0.012319818650964718,0.010852945272464602,120.92499999999998,22.50176765682364,111.693400559235,9.128425486947409,475270000.0,0.015172762677562368
2015-06-07,-0.6798040116859738,-0.5585759733821389,48.677101900116604,36.826551488974765,0.015172762677562368,-0.014173927901661663,-0.020931955009335444,-0.012319818650964718,121.21642857142857,21.914683582827603,113.1452645368656,8.704966523594022,489790000.0,-0.014919394997477176
2015-06-14,-0.8371147271569299,-0.6892109885324695,47.29194467772513,32.78017731302569,-0.014919394997477176,0.015172762677562368,-0.014173927901661663,-0.020931955009335444,121.73214285714286,21.316446822263003,114.53905395539097,8.34032605762302,474380000.0,-8.44487607646737e-05
2015-06-21,-0.9516218150369582,-0.7849466522207612,47.28380417083427,31.51192405649455,-8.44487607646737e-05,-0.014919394997477176,0.015172762677562368,-0.014173927901661663,122.67571428571429,20.763103137441018,115.87709179717532,7.916731339221376,464350000.0,-0.027483430081074553
2015-06-28,-1.2865590284468027,-1.0651470342288323,44.62819988582362,8.891358710752993,-0.027483430081074553,-8.44487607646737e-05,-0.014919394997477176,0.015172762677562368,122.83642857142856,19.786453908844617,147.99,7.692679100705563,446000000.0,-0.05339711405215392
2015-07-05,-2.0121473406232298,-1.6777760662958872,40.10209620150861,1.0461852513396184,-0.05339711405215392,-0.027483430081074553,-8.44487607646737e-05,-0.014919394997477176,121.13714285714285,18.70150231278048,147.3342,7.600344879226595,432490000.0,-0.06282464103727706
2015-07-12,-3.0881820884466578,-2.602923942015862,35.765411379296154,1.153176675369889,-0.06282464103727706,-0.05339711405215392,-0.027483430081074553,-8.44487607646737e-05,119.10499999999999,18.447567641314887,145.792832,7.599605959281838,419100000.0,-0.009502888068906284
2015-07-19,-3.9734152146507995,-3.3850975131365377,35.16800035443356,2.486678507992906,-0.009502888068906284,-0.06282464103727706,-0.05339711405215392,-0.027483430081074553,117.145,18.330917915398008,143.16706208,7.3374912479045635,412090000.0,-0.04829811082092227
2015-07-26,-5.003801108803316,-4.319012197819799,32.2988971876417,2.433090024330892,-0.04829811082092227,-0.009502888068906284,-0.06282464103727706,-0.05339711405215392,115.43071428571429,18.717252349819905,139.78489711359998,7.21267044448281,374640000.0,0.10948423284168841
2015-08-02,-4.860612836600282,-4.216597102228767,43.836593943360626,36.49635036496351,0.10948423284168841,-0.04829811082092227,-0.009502888068906284,-0.06282464103727706,114.17285714285715,17.600508001968873,135.40640740223998,7.648908269876894,384060000.0,-0.06167841760497137
2015-08-09,-5.2083643289016095,-4.558501324532456,39.64035603958393,18.716216216216242,-0.06167841760497137,0.10948423284168841,-0.04829811082092227,-0.009502888068906284,112.6542857142857,16.56353110753577,131.465766662016,7.680414822028545,374540000.0,-0.05589630641645406
2015-08-16,-5.861806502882388,-5.191792804743263,36.43121911643889,0.06756756756755414,-0.05589630641645406,-0.06167841760497137,0.10948423284168841,-0.04829811082092227,110.64571428571428,16.046881916531003,127.91918999581439,7.526099477597936,366440000.0,-0.03659138802367439
2015-08-23,-6.582175083603715,-5.908651840464512,34.54866827815583,16.58496732026141,-0.03659138802367439,-0.05589630641645406,-0.06167841760497137,0.10948423284168841,108.49928571428572,16.509351495045014,124.72727099623296,7.669949514912369,352620000.0,0.07319704951143262
2015-08-30,-6.510758158714694,-5.8907594054593035,41.21463499769828,38.206173558532306,0.07319704951143262,-0.03659138802367439,-0.05589630641645406,-0.06167841760497137,107.03642857142857,16.149020000755502,120.137598476685,7.7999531209900566,362670000.0,0.025965188749580974
2015-09-06,-6.17160520435759,-5.61515680615021,43.52321673653865,45.835760046592895,0.025965188749580974,0.07319704951143262,-0.03659138802367439,-0.05589630641645406,105.88142857142857,15.672250795825118,116.0986866594828,7.661385040919337,372800000.0,0.062383981081708825
2015-09-13,-5.3106551095837204,-4.835448821753687,48.94591929054685,64.99708794408852,0.062383981081708825,0.025965188749580974,0.07319704951143262,-0.03659138802367439,105.06714285714285,14.894617574538042,112.54444426034486,7.812000395139385,377560000.0,0.02952310771529627
2015-09-20,-4.315544293341119,-3.9234746391724236,51.43394600218552,74.49039021549216,0.02952310771529627,0.062383981081708825,0.025965188749580974,0.07319704951143262,104.61285714285714,14.259223275640792,86.48,7.539714652629429,386190000.0,-0.0005355708420439128
2015-09-27,-3.4915053997796264,-3.170015375980807,51.38431266652623,76.17910447761193,-0.0005355708420439128,0.02952310771529627,0.062383981081708825,0.025965188749580974,104.15499999999999,14.326226394685225,87.0064,7.535449320298755,374450000.0,0.0
2015-10-04,-2.8061016467069066,-2.5445417891854016,51.38431266652623,77.99511002444987,0.0,-0.0005355708420439128,0.02952310771529627,0.062383981081708825,103.92642857142857,13.923167555300083,88.294144,7.390774368848844,380130000.0,-0.03396312992626268
2015-10-11,-2.535473616274345,-2.3022619077988042,48.03344646989117,66.56479217603912,-0.03396312992626268,0.0,-0.0005355708420439128,0.02952310771529627,103.85857142857142,13.09868710528046,89.53037824,7.420004771073927,367860000.0,0.012484098249138422
2015-10-18,-2.186058793385314,-1.9856668137637696,49.327495972477664,70.72127139364304,0.012484098249138422,-0.03396312992626268,0.0,-0.0005355708420439128,104.36285714285715,12.333098115976524,90.71716311040001,7.117861573140075,373970000.0,-0.0012779554454920687
2015-10-25,-1.898556481510596,-1.7252296302918797,49.191698213948,70.29339853300733,-0.0012779554454920687,0.012484098249138422,-0.03396312992626268,0.0,104.92642857142857,12.111587335800355,91.85647658598401,7.132300032201498,350100000.0,-0.0060467431146991255
2015-11-01,-1.7043189838137636,-1.5500046014704991,48.513638468213344,68.27628361858189,-0.0060467431146991255,-0.0012779554454920687,0.012484098249138422,-0.03396312992626268,105.785,11.905898754208199,92.95021752254465,7.124278601329963,344260000.0,-0.06315492933349537
2015-11-08,-2.063998220845434,-1.8870275838773272,42.1933723866646,47.92176039119803,-0.06315492933349537,-0.0060467431146991255,-0.0012779554454920687,0.012484098249138422,105.36785714285715,11.303772151678983,94.00020882164286,7.149687272663536,299740000.0,-0.06219202025644762
2015-11-15,-2.813672857028706,-2.595943502887231,37.34698398441355,29.09535452322737,-0.06219202025644762,-0.06315492933349537,-0.0060467431146991255,-0.0012779554454920687,104.97214285714287,11.455607439854335,95.00820046877715,7.266852467473284,295060000.0,0.0
2015-11-22,-3.368960132020959,-3.134799553832157,37.34698398441355,29.09535452322737,0.0,-0.06219202025644762,-0.06315492933349537,-0.0060467431146991255,104.9707142857143,11.936423979606527,119.2,7.376363005510906,326050000.0,-0.00836824967051658
2015-11-29,-3.829439220610084,-3.5936644045321957,36.71185928881228,11.764705882352951,-0.00836824967051658,0.0,-0.06219202025644762,-0.06315492933349537,105.15857142857142,12.38289648080499,118.656,7.106622790831556,317110000.0,0.0
2015-12-06,-4.146573102318271,-3.922247877766942,36.71185928881228,21.052631578947384,0.0,-0.00836824967051658,0.0,-0.06219202025644762,104.8442857142857,13.187323428809552,118.12288000000001,7.201864020057873,332420000.0,-0.0256410664322316
2015-12-13,-4.540036136678623,-4.333684438004156,34.65293708675449,13.125000000000027,-0.0256410664322316,0.0,-0.00836824967051658,0.0,104.17071428571428,13.1097494269022,116.9499648,7.537445161482311,315160000.0,-0.002265739761963538
2015-12-20,-4.813318728993096,-4.6344637664915505,34.471518862519446,12.434210526315791,-0.002265739761963538,-0.0256410664322316,0.0,-0.00836824967051658,103.01214285714286,13.037716425131086,115.823966208,7.487627649947861,311030000.0,0.16143819881871785
2015-12-27,-3.678673253125609,-3.5295423287842937,54.35046822427546,65.78947368421052,0.16143819881871785,-0.002265739761963538,-0.0256410664322316,0.0,102.77928571428572,12.783392726857988,114.74300755968,8.152797103523012,321260000.0,-0.2167303364794966
2016-01-03,-4.4389518888063435,-4.30992471929491,38.08708868401717,0.0,-0.2167303364794966,0.16143819881871785,-0.002265739761963538,-0.0256410664322316,101.03642857142857,11.966037453804912,113.7052872572928,9.084740167557083,311410000.0,-0.12224503035983493
2016-01-10,-5.788128006347577,-5.724767440317105,33.026718514020445,15.84687291342086,-0.12224503035983493,-0.2167303364794966,0.16143819881871785,-0.002265739761963538,98.57357142857143,12.74068190214952,112.13897002185523,9.664401584160148,289350000.0,0.10845170822749933
2016-01-17,-6.070837180987056,-6.069781728157117,40.5236866919816,35.61095036723793,0.10845170822749933,-0.12224503035983493,-0.2167303364794966,0.16143819881871785,97.01214285714286,13.459994604183802,108.79985242010682,9.852658613862996,304640000.0,-0.07683604894797735
2016-01-24,-6.732893233129232,-6.832971679305238,37.288964500621276,21.38882706432228,-0.07683604894797735,0.10845170822749933,-0.12224503035983493,-0.2167303364794966,94.89714285714285,14.127927827501347,105.72786422649827,9.797468712872783,289310000.0,-0.040426288961676674
2016-01-31,-7.427747482150821,-7.663136334918044,35.76380641373021,14.426523297491034,-0.040426288961676674,-0.07683604894797735,0.10845170822749933,-0.12224503035983493,92.56571428571428,14.921878383816262,102.90163508837841,9.53836380481044,281690000.0,0.013957321433923692
2016-02-07,-7.80134841819735,-8.167217359274952,36.713524319878076,19.583333333333325,0.013957321433923692,-0.040426288961676674,-0.07683604894797735,0.10845170822749933,90.35857142857142,15.659118186108685,100.30150428130814,9.142766390181125,300660000.0,0.026218967526450736
2016-02-14,-7.84002324366746,-8.307759795150774,38.58766300741667,24.97395833333331,0.026218967526450736,0.013957321433923692,-0.040426288961676674,-0.07683604894797735,88.77499999999999,16.343698002523077,97.90938393880349,8.77471164802533,309230000.0,0.017719316214102356
2016-02-21,-7.666904964549545,-8.207743300450263,39.91149415475285,28.69791666666666,0.017719316214102356,0.026218967526450736,0.013957321433923692,-0.040426288961676674,87.73357142857142,16.71760498561253,95.70863322369921,8.364375101737805,321080000.0,-0.03779701571847058
2016-02-28,-7.684810529747196,-8.326019417695335,38.0462142612044,20.83333333333334,-0.03779701571847058,0.017719316214102356,0.026218967526450736,0.013957321433923692,86.47642857142856,17.342109111007876,93.68394256580328,8.239776880185104,310090000.0,0.02020270731751947
2016-03-06,-7.483627590460486,-8.188876853595623,39.6553133242438,24.99999999999999,0.02020270731751947,-0.03779701571847058,0.017719316214102356,0.026218967526450736,85.39071428571428,18.09954999719438,91.82122716053901,8.045507103029026,325530000.0,0.04879016416943204
2016-03-13,-6.921633805088149,-7.619547932712669,43.59920391551787,35.416666666666664,0.04879016416943204,0.02020270731751947,-0.03779701571847058,0.017719316214102356,84.59071428571428,18.02316108078954,90.10752898769589,8.156542309955524,333480000.0,0.11417866410870764
2016-03-20,-5.591961935578908,-6.139186351937306,52.15300069846525,61.87499999999999,0.11417866410870764,0.04879016416943204,0.02020270731751947,-0.03779701571847058,84.68857142857144,17.25769505887892,70.4,8.658217859244415,344340000.0,-0.10105092546315157
2016-03-27,-5.208407485842841,-5.746024181589426,45.52925310415496,38.30729166666666,-0.10105092546315157,0.11417866410870764,0.04879016416943204,0.02020270731751947,84.15499999999999,16.54690518139049,70.90060000000001,8.694773726441243,336440000.0,0.03248277260649617
2016-04-03,-4.624387247606975,-5.113101513420575,47.74830412653242,53.155339805825236,0.03248277260649617,-0.10105092546315157,0.11417866410870764,0.04879016416943204,82.66357142857143,15.375225468174653,71.39118800000001,8.525147031695441,341450000.0,-0.03613176729750856
2016-04-10,-4.363010853005022,-4.846497371724793,45.530421368075984,57.530962844586455,-0.03613176729750856,0.03248277260649617,-0.10105092546315157,0.11417866410870764,82.46357142857143,14.28723716304566,71.87196424000001,8.204065100860053,337710000.0,-0.0028342012358751373
2016-04-17,-4.1276531552057065,-4.605765699619605,45.35589713984694,49.03891233005159,-0.0028342012358751373,-0.03613176729750856,0.03248277260649617,-0.10105092546315157,82.96642857142858,13.611981622334495,72.34312495520001,7.915203307941478,331240000.0,0.09201500005690877
2016-04-24,-3.2460748659873815,-3.612843350447905,52.07413080822643,87.0660960532572,0.09201500005690877,-0.0028342012358751373,-0.03613176729750856,0.03248277260649617,83.41714285714285,13.340810187464355,72.80486245609602,7.931974500231371,337330000.0,-0.007035803229795524
2016-05-01,-2.5702391708335455,-2.8554392812518885,51.529988763878606,63.43390804597702,-0.007035803229795524,0.09201500005690877,-0.0028342012358751373,-0.03613176729750856,84.27785714285714,14.190894598663062,73.2573652069741,8.382547750214844,330100000.0,0.024676716150378766
2016-05-08,-1.8279720117149196,-2.023567813153402,53.38610352391349,71.69540229885058,0.024676716150378766,-0.007035803229795524,0.09201500005690877,-0.0028342012358751373,85.52928571428572,14.980258694776149,74.41667059869513,8.465222910913782,342450000.0,0.06602110109779398
2016-05-15,-0.7118598840668398,-0.7813246213060728,58.21148205397251,94.82758620689656,0.06602110109779398,0.024676716150378766,-0.007035803229795524,0.09201500005690877,87.16357142857143,15.757335547475279,75.52960377474733,8.424849845848513,348560000.0,0.11954515064978273
2016-05-22,1.1917819240228624,1.284589176456339,65.79133659796409,97.99999999999997,0.11954515064978273,0.06602110109779398,0.024676716150378766,-0.007035803229795524,89.56428571428572,17.6233641339574,76.59801962375744,8.834503428287906,353920000.0,-0.03566366666908055
2016-05-29,2.352164743192617,2.5016884386257696,62.024106025389024,88.05,-0.03566366666908055,0.11954515064978273,0.06602110109779398,0.024676716150378766,91.57857142857142,19.356104964262222,78.86613844633199,8.999896040553056,330390000.0,-0.044966067731028674
2016-06-05,2.849989860853327,3.0056406099760875,57.714042816868066,75.99999999999997,-0.044966067731028674,-0.03566366666908055,0.11954515064978273,0.06602110109779398,93.46428571428571,20.965078592402417,80.99817013955207,9.037046323370694,313710000.0,0.12782573789296275
2016-06-12,4.347488287956693,4.49961793051258,65.39234460286639,100.0,0.12782573789296275,-0.044966067731028674,-0.03566366666908055,0.11954515064978273,96.25642857142859,23.014140152194777,83.00227993117895,9.697971585987075,335680000.0,-0.026289318673539806
2016-06-19,5.224702288815962,5.328355870129196,62.73944615074396,90.87442806304016,-0.026289318673539806,0.12782573789296275,-0.044966067731028674,-0.03566366666908055,98.54214285714286,24.952989104675016,85.88929753668464,9.465973615559426,305940000.0,-0.10077335165092031
2016-06-26,4.965371921525474,5.037904695701091,54.21537316032203,61.279284022111064,-0.10077335165092031,-0.026289318673539806,0.12782573789296275,-0.044966067731028674,99.30785714285715,25.126281323684736,89.25936778301617,9.601261214448039,283790000.0,-0.008329791090402577
2016-07-03,4.636205714428627,4.684742285986317,53.60177395145936,58.98920768623323,-0.008329791090402577,-0.10077335165092031,-0.026289318673539806,0.12782573789296275,100.65785714285714,25.131545713489082,92.29243100471456,8.982599699130322,280840000.0,0.03039575003434984
2016-07-10,4.581546085342154,4.601077505328465,55.59855262713021,67.4387996841274,0.03039575003434984,-0.008329791090402577,-0.10077335165092031,-0.026289318673539806,102.03642857142857,25.577686768908983,95.0221879042431,8.715271149192441,293560000.0,0.029317911051653905
2016-07-17,4.740983172692168,4.723126982341808,57.55352453937581,75.83574624901289,0.029317911051653905,0.03039575003434984,-0.008329791090402577,-0.10077335165092031,103.86571428571429,26.14517550071438,97.47896911381879,8.40275178139298,307190000.0,-0.00018115942078524645
2016-07-24,4.810274529759084,4.757011041110052,57.53642004552794,73.55561943087093,-0.00018115942078524645,0.029317911051653905,0.03039575003434984,-0.008329791090402577,105.71071428571427,27.280504873889043,99.69007220243691,8.318269511293483,294530000.0,-0.03662602086203703
2016-07-31,4.4930495299709605,4.426113419193435,54.09944553728016,58.30959164292498,-0.03662602086203703,-0.00018115942078524645,0.029317911051653905,0.03039575003434984,106.69000000000001,27.173372617937478,101.68006498219322,8.18053597477252,290040000.0,-0.0191638537196849
2016-08-07,4.03216897993785,3.9637466406619226,52.384761932356106,44.82382855067201,-0.0191638537196849,-0.03662602086203703,-0.00018115942078524645,0.029317911051653905,107.57142857142857,26.75089920496436,119.59,7.9062119765744825,286680000.0,0.05597103400250725
2016-08-14,4.104559785696097,4.009555460988181,56.774503539793216,63.98587681443702,0.05597103400250725,-0.0191638537196849,-0.03662602086203703,-0.00018115942078524645,108.71785714285714,26.926619269513672,119.2398,7.884339692533447,297300000.0,0.014655240940862155
2016-08-21,4.244529108889068,4.117472751352494,57.907924281157726,60.981912144702875,0.014655240940862155,0.05597103400250725,-0.0191638537196849,-0.03662602086203703,109.52071428571428,27.22363180536374,118.896604,7.592601143066773,321610000.0,0.006760388672050678
2016-08-28,4.36644776257144,4.2063800073824,58.454916903915375,63.86375731772217,0.006760388672050678,0.014655240940862155,0.05597103400250725,-0.0191638537196849,109.46357142857143,27.49942916008166,118.56027191999999,7.23955820427629,341400000.0,0.005305052229693319
2016-09-04,4.460071234686424,4.2673544833551755,58.90891194455416,67.05694518360833,0.005305052229693319,0.006760388672050678,0.014655240940862155,0.05597103400250725,109.73357142857142,27.842475430425413,118.2306664816,6.938875475399413,346790000.0,0.022668799812712893
2016-09-11,4.690003342643351,4.451123463931584,60.90272635990224,80.8940926024481,0.022668799812712893,0.005305052229693319,0.006760388672050678,0.014655240940862155,110.53357142857143,28.375420196502468,117.90765315196799,6.668241512870884,354450000.0,-0.010224506366873966
2016-09-18,4.722571195399993,4.452442643956972,59.49185332952792,72.75842375785261,-0.010224506366873966,0.022668799812712893,0.005305052229693319,0.006760388672050678,110.22857142857141,28.956905981542597,117.59110008892863,6.420509976237249,338080000.0,0.04412605804255534
2016-09-25,5.107488217412751,4.768938850212036,63.49030489057291,100.0,0.04412605804255534,-0.010224506366873966,0.022668799812712893,0.005305052229693319,110.5142857142857,29.835599754140357,102.08,6.373330692220303,349680000.0,-0.028399474521698
2016-10-02,5.082822200842529,4.714795307328942,59.39493548721573,81.25,-0.028399474521698,0.04412605804255534,-0.010224506366873966,0.022668799812712893,111.35428571428572,30.65152968583828,102.4384,6.260949928490281,344480000.0,0.019695033891551653
2016-10-09,5.1906442995314706,4.778189752126514,61.25339341025219,57.96703296703297,0.019695033891551653,-0.028399474521698,0.04412605804255534,-0.010224506366873966,112.42214285714286,32.586133698985655,102.789632,6.853739219312403,348760000.0,-0.025197111045534924
2016-10-16,4.979842305062348,4.561222383064233,57.62926153828422,47.802197802197824,-0.025197111045534924,0.019695033891551653,-0.028399474521698,0.04412605804255534,113.04928571428572,33.97258938467063,103.92604672,6.657043560790088,346250000.0,0.0068728792877620504
2016-10-23,4.821751371446226,4.3936992426917,58.346572620037875,50.54945054945057,0.0068728792877620504,-0.025197111045534924,0.019695033891551653,-0.028399474521698,113.50571428571428,35.01061618419127,105.0170048512,6.425826163590797,350440000.0,-0.027779564107075706
2016-10-30,4.387671564522535,3.9877716059851784,54.38076626280832,39.560439560439555,-0.027779564107075706,0.0068728792877620504,-0.025197111045534924,0.019695033891551653,113.735,35.930942620719044,106.064324657152,6.234695723334311,338880000.0,0.0
2016-11-06,3.9975785925507097,3.6245166265080404,54.38076626280832,39.560439560439555,0.0,-0.027779564107075706,0.0068728792877620504,-0.025197111045534924,114.24785714285714,36.76481065750753,107.06975167086591,5.910074600239002,344920000.0,-0.006978518670222
2016-11-13,3.5833738014895715,3.243482727673429,53.342670570201406,26.76224611708484,-0.006978518670222,0.0,-0.027779564107075706,0.0068728792877620504,114.84857142857142,37.132296483600385,108.03496160403128,5.716497843079074,340450000.0,0.0
2016-11-20,3.218018209615593,2.9082370781360725,53.342670570201406,14.861111111111152,0.0,-0.006978518670222,0.0,-0.027779564107075706,115.02,37.47353332211518,108.96156313987002,5.365319425716282,349880000.0,0.014433058781746697
2016-11-27,3.0259245896617557,2.727699797255135,55.39280845350014,21.875000000000007,0.014433058781746697,0.0,-0.006978518670222,0.0,115.19214285714285,36.957703596333296,131.2,5.42779660959369,359730000.0,0.013452144707788822
2016-12-04,2.9645871428071615,2.6633965272778783,57.302394562875975,29.1044776119403,0.013452144707788822,0.014433058781746697,0.0,-0.006978518670222,115.42071428571428,36.646827493756525,130.7712,5.296525423194141,389980000.0,-0.020906684819313712
2016-12-11,2.691293278259465,2.4141867583409566,53.48447864661403,17.910447761193993,-0.020906684819313712,0.013452144707788822,0.014433058781746697,0.0,115.43500000000002,36.026031472837154,130.350976,5.175345035823132,378020000.0,-0.031839570230677086
2016-12-18,2.162515540756175,1.9417097821838358,48.339547049838096,2.0370370370370927,-0.031839570230677086,-0.020906684819313712,0.013452144707788822,0.014433058781746697,115.00928571428572,34.707052740768994,129.93915648,5.102820390407195,366630000.0,0.07314032336717109
2016-12-25,2.389683802931586,2.135713496777315,58.4382729562341,40.694444444444485,0.07314032336717109,-0.031839570230677086,-0.020906684819313712,0.013452144707788822,115.2642857142857,34.224213866404476,129.1255902208,5.3347617910923955,369360000.0,-0.04130075313649392
2017-01-01,2.1583235091609794,1.9267625040521257,52.141401898465,18.518518518518523,-0.04130075313649392,0.07314032336717109,-0.031839570230677086,-0.020906684819313712,114.80714285714285,33.775863483066,128.34456661196802,5.295850234585797,364470000.0,0.001231635591602612
2017-01-08,1.9636301335952737,1.7509636138453837,52.30317046799663,19.166666666666675,0.001231635591602612,-0.04130075313649392,0.07314032336717109,-0.031839570230677086,114.60000000000001,33.13447442475676,127.5947839474893,5.003289503543955,393600000.0,-0.0007915915801013262
2017-01-15,1.7815355500769101,1.58701347592017,52.18106187079097,46.07508532423218,-0.0007915915801013262,0.001231635591602612,-0.04130075313649392,0.07314032336717109,114.22071428571428,32.55310733889341,126.87499258958974,4.725911681862244,388530000.0,-0.0002640031695713957
2017-01-22,1.6161732917639142,1.438413185264491,52.137366970756084,45.73378839590452,-0.0002640031695713957,-0.0007915915801013262,0.001231635591602612,-0.04130075313649392,114.05071428571429,32.28833718238672,126.18399288600615,4.613346561729226,376760000.0,-0.06480846310168853
2017-01-29,0.899423108849021,0.8036059703999016,42.935301603471466,25.157232704402507,-0.06480846310168853,-0.0002640031695713957,-0.0007915915801013262,0.001231635591602612,113.31428571428572,30.36923775700746,125.5206331705659,5.078821807319996,360970000.0,-0.06288089803920098
2017-02-05,-0.19010393598571795,-0.1712028296696895,36.60261266975309,10.510948905109474,-0.06288089803920098,-0.06480846310168853,-0.0002640031695713957,-0.0007915915801013262,112.34285714285716,29.38401470155171,124.13879518033195,5.383905963939996,352850000.0,-0.08338160893905101
2017-02-12,-1.6797322026113761,-1.5321857849473863,30.609414552034437,8.336227856894773,-0.08338160893905101,-0.06288089803920098,-0.06480846310168853,-0.0002640031695713957,110.8,29.56397151755181,122.0348915659054,5.742198395087139,342660000.0,0.12260232209233228
2017-02-19,-1.870412671305445,-1.7126317256418822,45.12400797466567,50.01736714136854,0.12260232209233228,-0.08338160893905101,-0.06288089803920098,-0.06480846310168853,110.1707142857143,27.52533774951512,118.79140240931486,6.532755652580915,355800000.0,-0.008497540510440663
2017-02-26,-2.0686903869910367,-1.9020435909999134,44.39070661361201,46.96075026050714,-0.008497540510440663,0.12260232209233228,-0.08338160893905101,-0.06288089803920098,109.47857142857143,25.632320679195338,115.87226216838337,6.361844534539421,341470000.0,0.008497540510440719
2017-03-05,-2.130261926209215,-1.9650274881025096,45.34717825221637,50.01736714136854,0.008497540510440719,-0.008497540510440663,0.12260232209233228,-0.08338160893905101,108.73214285714286,24.575938370379657,113.24503595154503,6.753141353500892,357910000.0,0.0
2017-03-12,-2.1542252469504177,-1.9931362880174208,45.34717825221637,50.01736714136854,0.0,0.008497540510440719,-0.008497540510440663,0.12260232209233228,107.875,23.595011940765097,111.84,6.543631256822256,361580000.0,0.0
2017-03-19,-2.1484503529789833,-1.9933701282191372,45.34717825221637,50.01736714136854,0.0,0.0,0.008497540510440719,-0.008497540510440663,107.18928571428572,22.054157762793256,109.616,6.360514738477809,368040000.0,-0.023347363996991177
2017-03-26,-2.3108950901469,-2.153234450648664,42.83742679471228,41.681139284473765,-0.023347363996991177,0.0,0.0,0.008497540510440719,106.58642857142857,20.73952738892674,107.6144,6.134763685729395,364170000.0,-0.01587334915629012
2017-04-02,-2.539466948724069,-2.3782308723797203,41.20032924679229,40.000000000000014,-0.01587334915629012,-0.023347363996991177,0.0,0.0,105.27285714285715,19.731163427064654,105.81296,6.2108519938915805,362290000.0,-0.01612938192988353
2017-04-09,-2.8172429980512135,-2.653797002208605,39.57170596275246,33.84615384615389,-0.01612938192988353,-0.01587334915629012,-0.023347363996991177,0.0,104.18714285714285,18.968158841367064,104.191664,6.081505422899325,356830000.0,-0.02375555176903135
2017-04-16,-3.1870419768909812,-3.0233832013548856,37.28042926753451,24.961538461538495,-0.02375555176903135,-0.01612938192988353,-0.01587334915629012,-0.023347363996991177,102.92642857142856,17.782179965700056,102.7324976,6.040683606977944,353050000.0,0.023857172621717663
2017-04-23,-3.2553797298065774,-3.1034842713981923,40.97680545832561,33.884615384615394,0.023857172621717663,-0.02375555176903135,-0.01612938192988353,-0.01587334915629012,101.83785714285715,16.68091386686641,101.6,5.888491920765233,359580000.0,0.03426052933825691
2017-04-30,-2.9982041261956454,-2.8644868954562144,46.040119715332025,50.978758850479,0.03426052933825691,0.023857172621717663,-0.02375555176903135,-0.01612938192988353,100.99642857142855,15.743789987686634,89.6,5.754313926424859,363640000.0,0.1573998003820983
2017-05-07,-1.3777023954327063,-1.3028591210032214,63.23197530479647,86.5497076023392,0.1573998003820983,0.03426052933825691,0.023857172621717663,-0.02375555176903135,101.9042857142857,17.32008447736968,89.8564,6.911862931680226,381090000.0,-0.034393456950433346
2017-05-14,-0.4138597015821688,-0.3888097653652162,58.567045614470395,74.76608187134505,-0.034393456950433346,0.1573998003820983,0.03426052933825691,0.023857172621717663,102.98785714285714,18.783786503503933,91.21414399999999,7.161015579417352,352030000.0,0.0071808934255486075
2017-05-21,0.4122148842161977,0.3847058411478684,59.23410283224864,73.46938775510205,0.0071808934255486075,-0.034393456950433346,0.1573998003820983,0.03426052933825691,104.70214285714285,20.142938384914313,92.51757823999999,7.04237160945897,360090000.0,0.09875252399529756
2017-05-28,2.0151825524716998,1.8539274382924538,67.42655563011571,95.41176470588235,0.09875252399529756,0.0071808934255486075,-0.034393456950433346,0.1573998003820983,106.4192857142857,22.25647882181287,93.76887511039999,7.510773637354758,366830000.0,-0.025630259166334986
2017-06-04,2.9896423204499882,2.7205582684357426,63.71576015291217,85.88235294117648,-0.025630259166334986,0.09875252399529756,0.0071808934255486075,-0.034393456950433346,107.96785714285714,24.219052084647245,95.918742603776,7.548575520400846,359160000.0,0.050010420574661416
2017-06-11,4.229579263219861,3.7943918225786355,67.51846199945228,93.98099260823653,0.050010420574661416,-0.025630259166334986,0.09875252399529756,0.0071808934255486075,109.91071428571429,26.518608617076946,97.93961804754943,7.97224869751507,374140000.0,-0.0766440182224712
2017-06-18,4.380645765239336,3.9038411680900587,57.67317900575644,66.7869105900541,-0.0766440182224712,0.050010420574661416,-0.025630259166334986,0.09875252399529756,111.16214285714285,28.705625192757196,100.78284860374548,8.374945219121136,354520000.0,0.05818195538273589
2017-06-25,5.0298215629441785,4.433813223456127,62.1439430064974,85.54496263849528,0.05818195538273589,-0.0766440182224712,0.050010420574661416,-0.025630259166334986,112.93357142857143,30.736426298746004,104.14556374337093,8.608877703469625,366430000.0,-0.04445176257083392
2017-07-02,5.034391529089646,4.409745306291077,57.14386228865126,71.11569183200208,-0.04445176257083392,0.05818195538273589,-0.0766440182224712,0.050010420574661416,114.47642857142856,32.34994220812475,107.17200736903384,8.539672153221796,358070000.0,0.00016232448700521744
2017-07-09,4.982195445253865,4.3385361816100385,57.15712045655199,71.16722494202526,0.00016232448700521744,-0.04445176257083392,0.05818195538273589,-0.0766440182224712,116.135,33.7536773128861,109.89580663213044,8.172552713705953,364200000.0,0.03178927531959707
2017-07-16,5.2020167989978745,4.494116021706564,59.82095850359576,81.18475991649271,0.03178927531959707,0.00016232448700521744,-0.04445176257083392,0.05818195538273589,118.19214285714285,35.488898349704854,112.3472259689174,8.101656091298384,372560000.0,0.07640766186790365
2017-07-23,6.120657269321555,5.2158220372734725,65.65667849367263,85.46006944444447,0.07640766186790365,0.03178927531959707,0.00016232448700521744,-0.04445176257083392,121.13571428571427,37.78725446907742,114.55350337202566,8.91725208477707,395340000.0,0.023181514623701
2017-07-30,7.027504848414807,5.902274791264059,67.28793413487196,92.32804232804234,0.023181514623701,0.07640766186790365,0.03178927531959707,0.00016232448700521744,124.14357142857143,39.921442294209086,118.08708296738259,9.061734078721566,409910000.0,0.08378004933479391
2017-08-06,8.637513580201059,7.105363871251508,72.62765870256317,100.0,0.08378004933479391,0.023181514623701,0.07640766186790365,0.03178927531959707,127.78357142857143,42.318096327472325,121.19663301129667,9.321610215955742,446350000.0,-0.053638284771745495
2017-08-13,9.163902032965765,7.4330433601074315,65.18162072803155,78.99122807017541,-0.053638284771745495,0.08378004933479391,0.023181514623701,0.07640766186790365,129.61357142857145,44.59451727590606,125.62110438971514,9.34149520053033,428090000.0,0.04838892888560169
2017-08-20,10.044646239172152,8.009256624105806,68.32795950668634,94.24874191229331,0.04838892888560169,-0.053638284771745495,0.08378004933479391,0.023181514623701,132.24428571428572,46.70833672802309,130.22572768736072,9.18781697192102,436450000.0,-0.05392834202555551
2017-08-27,9.98363789657975,7.874073939206807,61.659021363153705,72.9617087783277,-0.05392834202555551,0.04838892888560169,-0.053638284771745495,0.08378004933479391,134.24571428571429,48.47775595509849,134.093611257383,9.10297290249809,429920000.0,0.024553733345651356
2017-09-03,10.10764973190956,7.876132509399218,63.38555677708532,80.23255813953486,0.024553733345651356,-0.05392834202555551,0.04838892888560169,-0.053638284771745495,135.64285714285714,50.050313367685554,137.34263345620172,8.729903409462512,439890000.0,-0.05286348955706777
2017-09-10,9.483355303955307,7.340234399918775,57.469096964584324,58.13953488372092,-0.05286348955706777,0.024553733345651356,-0.05392834202555551,0.04838892888560169,136.72857142857143,50.58426926720392,154.4,8.71776745164376,425290000.0,-0.0230493206772816
2017-09-17,8.631690378305052,6.651999799242311,55.142506794114034,47.648809523809526,-0.0230493206772816,-0.05286348955706777,0.024553733345651356,-0.05392834202555551,137.12928571428571,49.54219093153223,154.112,8.888641205097777,421450000.0,-0.0357911793456519
2017-09-24,7.482360987800661,5.758909543308553,51.741087688585026,33.33333333333333,-0.0357911793456519,-0.0230493206772816,-0.05286348955706777,0.024553733345651356,137.87785714285715,48.11782013518002,153.25992,8.711595404733648,415370000.0,0.02985296314968113
2017-10-01,6.815708491105767,5.22770954470798,54.26746666890597,45.238095238095234,0.02985296314968113,-0.0357911793456519,-0.0230493206772816,-0.05286348955706777,138.39214285714286,45.83002791655591,151.8883248,8.885052875824103,423700000.0,-0.02985296314968116
2017-10-08,5.896642193226796,4.518609672925998,51.371283217907326,33.33333333333333,-0.02985296314968116,0.02985296314968113,-0.0357911793456519,-0.0230493206772816,139.0207142857143,44.027514341291116,149.726058816,8.793263384693812,408190000.0,-0.030693536718352607
2017-10-15,4.791087205507068,3.676610396633205,48.585842953211724,12.961741424802083,-0.030693536718352607,-0.02985296314968116,0.02985296314968113,-0.0357911793456519,139.36285714285714,41.8212901406962,147.73677411072,8.45017314292997,400270000.0,-0.05137141633595166
2017-10-22,3.3589733295955284,2.590456459870537,44.41895704565512,0.0,-0.05137141633595166,-0.030693536718352607,-0.02985296314968116,0.02985296314968113,138.96285714285713,38.84892572526223,145.9066321818624,8.423732204149259,392740000.0,-0.046974379494148406
2017-10-29,1.7535396851679934,1.3629641631766032,41.113389733743766,2.09183673469386,-0.046974379494148406,-0.05137141633595166,-0.030693536718352607,-0.02985296314968116,137.44285714285715,36.891327880020235,143.47596896367617,8.279179903852881,374690000.0,-0.0077875274588058
2017-11-05,0.40394307275137464,0.31643678420892796,40.58873194387738,5.531505531505557,-0.0077875274588058,-0.046974379494148406,-0.05137141633595166,-0.030693536718352607,135.62857142857143,35.346444083842336,140.08285268803502,8.052095625006247,358930000.0,-0.036084565820618
2017-11-12,-0.9835066158685066,-0.7779491209765355,38.20831484539251,3.21428571428574,-0.036084565820618,-0.0077875274588058,-0.046974379494148406,-0.05137141633595166,132.6457142857143,34.26985557417071,136.26605331171012,7.875517366077231,244690000.0,-0.06492284089633689
2017-11-19,-2.6161409118998336,-2.09682992113669,34.48246131372275,0.9504132231405122,-0.06492284089633689,-0.036084565820618,-0.0077875274588058,-0.046974379494148406,129.7342857142857,33.874282335107054,131.99948478183651,7.855837554214572,219690000.0,0.016960863944542885
2017-11-26,-3.7234624724725336,-3.018260420625096,36.191284620514445,4.98220640569397,0.016960863944542885,-0.06492284089633689,-0.036084565820618,-0.0077875274588058,126.43714285714285,33.36900045700401,126.88757752110594,7.86184915748496,250910000.0,0.09166167129966428
2017-12-03,-3.7381051484486107,-3.043588659502403,45.00783672046907,27.58007117437723,0.09166167129966428,0.016960863944542885,-0.06492284089633689,-0.036084565820618,124.43571428571428,32.222772428893784,122.69581356730687,8.026002789093177,269520000.0,-0.01739174271186922
2017-12-10,-3.8665220011540953,-3.164980611344527,43.727012433714705,23.131672597864775,-0.01739174271186922,0.09166167129966428,0.016960863944542885,-0.06492284089633689,122.03571428571429,31.15841783136285,119.25856712519163,7.972002589872235,239490000.0,-0.017699577099400975
2017-12-17,-4.082614726195075,-3.3625921858020833,42.4267649672009,20.83333333333335,-0.017699577099400975,-0.01739174271186922,0.09166167129966428,0.016960863944542885,120.03571428571429,30.170088562226987,116.44002504265714,7.655430976309932,234240000.0,-0.03710865939559404
2017-12-24,-4.530862704774833,-3.7627605451913113,39.82511930424428,12.272727272727288,-0.03710865939559404,-0.017699577099400975,-0.01739174271186922,0.09166167129966428,117.97214285714287,29.66636705272695,114.12882053497886,7.557900192287794,231920000.0,0.023444297201536263
2017-12-31,-4.626203853750141,-3.865559710352797,42.21929252623859,19.54545454545456,0.023444297201536263,-0.03710865939559404,-0.017699577099400975,-0.01739174271186922,116.43500000000002,29.253271219123366,112.23363283868267,7.390193035695809,267840000.0,0.08963284741743452
2018-01-07,-3.8217423168647144,-3.191072252684419,50.75780484982408,48.97727272727273,0.08963284741743452,0.023444297201536263,-0.03710865939559404,-0.017699577099400975,115.35214285714287,27.49360750167792,103.6,7.828036390288965,428740000.0,-0.06046429868741149
2018-01-14,-3.713497610565696,-3.112266065734435,45.772671518459596,35.739436619718326,-0.06046429868741149,0.08963284741743452,0.023444297201536263,-0.03710865939559404,114.04857142857144,25.859634049764292,104.008,7.900319505268324,415950000.0,0.06508782079433816
2018-01-21,-2.9761150331454758,-2.4910494034032156,51.32734880920491,68.2515337423313,0.06508782079433816,-0.06046429868741149,0.08963284741743452,0.023444297201536263,113.57642857142858,24.611766748170215,104.40784,7.9074395406063,428030000.0,-0.04895492238712087
2018-01-28,-2.827155862424277,-2.372063585324841,47.3658696058166,58.82352941176469,-0.04895492238712087,0.06508782079433816,-0.06046429868741149,0.08963284741743452,113.14785714285713,23.45303282526143,104.79968319999999,7.805479573420135,389900000.0,-0.054028775258083674
2018-02-04,-3.163245904025345,-2.670092214795659,43.56963745311121,29.01960784313726,-0.054028775258083674,-0.04895492238712087,0.06508782079433816,-0.06046429868741149,112.68357142857143,22.23863881201197,105.18368953599999,7.882231032461554,377190000.0,-0.044053409093251596
2018-02-11,-3.767040142840699,-3.2071658598094697,40.83356467440646,19.99999999999999,-0.044053409093251596,-0.054028775258083674,-0.04895492238712087,0.06508782079433816,111.94642857142857,22.22887027904905,124.0,8.062071673000016,369020000.0,-0.007662872745569137
2018-02-18,-4.260986738575355,-3.658750353296221,40.37081735338748,25.149700598802394,-0.007662872745569137,-0.044053409093251596,-0.054028775258083674,-0.04895492238712087,111.44357142857143,22.5158584214038,123.52,8.189066553500016,326790000.0,0.007662872745569097
2018-02-25,-4.535606017415034,-3.9236551069166694,41.08977283534125,28.143712574850284,0.007662872745569097,-0.007662872745569137,-0.044053409093251596,-0.054028775258083674,111.49642857142858,22.4741056273151,122.4704,8.021276085392872,345930000.0,-0.01151644206155918
2018-03-04,-4.7948022499257235,-4.180013251146937,40.30476236300942,23.65269461077842,-0.01151644206155918,0.007662872745569097,-0.007662872745569137,-0.044053409093251596,111.33642857142857,22.757680998574955,121.462784,7.859756365007668,337820000.0,0.02666824708216149
2018-03-11,-4.719872776822413,-4.136885143102563,43.03926750501731,34.13173652694613,0.02666824708216149,-0.01151644206155918,0.007662872745569097,-0.007662872745569137,110.6507142857143,22.771085082285914,120.49547264,7.8697737675071195,375550000.0,-0.050106820054178866
2018-03-18,-5.022194440039783,-4.439020949177415,39.427130418945495,14.670658682634738,-0.050106820054178866,0.02666824708216149,-0.01151644206155918,0.007662872745569097,109.73642857142856,22.78353173144609,119.5668537344,7.713361355542326,364130000.0,0.027292142288007554
2018-03-25,-4.97846133355722,-4.426849818795638,42.23824843250358,25.149700598802394,0.027292142288007554,-0.050106820054178866,0.02666824708216149,-0.01151644206155918,109.16499999999999,22.79508933423768,118.675379585024,7.362406973003588,368450000.0,-0.007722046093910278
2018-04-01,-4.951280565417804,-4.429700260572433,41.64359249885153,22.1556886227545,-0.007722046093910278,0.027292142288007554,-0.050106820054178866,0.02666824708216149,108.82785714285714,22.80582139397273,117.81956440162304,6.950806474931903,345920000.0,0.0077220460939103185
2018-04-08,-4.809742578238286,-4.3253578310770315,42.51515375070853,25.149700598802394,0.0077220460939103185,-0.007722046093910278,0.027292142288007554,-0.050106820054178866,108.365,23.174822439049972,116.99798182555811,6.740034583865338,376830000.0,-0.030459207484708574
2018-04-15,-4.892928000496639,-4.430620604085946,40.0056927470376,14.802631578947349,-0.030459207484708574,0.0077220460939103185,-0.007722046093910278,0.027292142288007554,106.93928571428572,23.5174662666217,116.20926255253579,6.515746399303528,371630000.0,0.030459207484708654
2018-04-22,-4.65345301223185,-4.232037276721029,43.59133690425365,27.631578947368425,0.030459207484708654,-0.030459207484708574,0.0077220460939103185,-0.007722046093910278,106.24285714285715,23.61078975681364,115.45209205043436,6.347478799353276,402520000.0,-0.007722046093910278
2018-04-29,-4.476617018437707,-4.089834167166866,42.88360542615301,24.34210526315791,-0.007722046093910278,0.030459207484708654,-0.030459207484708574,0.0077220460939103185,104.94285714285714,23.69744728342044,114.72520836841699,6.071230313685184,393460000.0,-0.03550668845690987
2018-05-06,-4.574234208274916,-4.207081544363091,39.75562446872703,11.41732283464564,-0.03550668845690987,-0.007722046093910278,0.030459207484708654,-0.030459207484708574,103.8,24.239933465544652,114.02740003368031,5.946142434136243,386640000.0,-0.010496664805342854
2018-05-13,-4.681549850360753,-4.335816067271164,38.87347595502048,12.941176470588264,-0.010496664805342854,-0.03550668845690987,-0.007722046093910278,0.030459207484708654,103.01714285714286,25.077579675199868,113.3575040323331,5.904275117412226,375730000.0,-0.06540469702542034
2018-05-20,-5.2100558394552365,-4.877673830678469,33.99883044757959,6.363636363636311,-0.06540469702542034,-0.010496664805342854,-0.03550668845690987,-0.007722046093910278,102.12571428571428,26.608999276398073,112.36405379039311,6.225398323311352,359380000.0,-0.11367536584436327
2018-05-27,-6.356092658951425,-6.053082363758285,27.989836230568486,1.1976047904191893,-0.11367536584436327,-0.06540469702542034,-0.010496664805342854,-0.03550668845690987,100.58285714285715,28.887476201939457,110.67092948716167,6.535012728789113,332450000.0,0.1274449465681203
2018-06-03,-6.288103356175483,-6.036907402954479,40.727314275155784,45.859872611464944,0.1274449465681203,-0.11367536584436327,-0.06540469702542034,-0.010496664805342854,99.78285714285713,29.998122078993834,107.8118365384455,7.062511819589889,360720000.0,-0.06169356900533978
2018-06-10,-6.609899733132494,-6.419628834835729,37.185558236093,23.566878980891726,-0.06169356900533978,0.1274449465681203,-0.11367536584436327,-0.06540469702542034,98.66857142857143,31.029436107687186,105.23865288460095,7.060903832476326,350260000.0,0.004535155165391363
2018-06-17,-6.754784077094456,-6.62980654471883,37.60295926192857,28.72727272727276,0.004535155165391363,-0.06169356900533978,0.1274449465681203,-0.11367536584436327,97.38285714285713,32.07396877899161,102.92278759614086,6.750839273013731,360610000.0,0.03293577626410222
2018-06-24,-6.555194499547923,-6.483522421427951,40.74104221538643,42.33576642335767,0.03293577626410222,0.004535155165391363,-0.06169356900533978,0.1274449465681203,96.67999999999999,32.57542992771304,100.83850883652678,6.520065039227036,369320000.0,-0.027520600576325598
2018-07-01,-6.521952585520879,-6.508943757250515,38.97254707799194,31.021897810218967,-0.027520600576325598,0.03293577626410222,0.004535155165391363,-0.06169356900533978,95.60000000000001,32.898610580268105,98.96265795287411,6.282917536425105,364010000.0,-0.00995033085316798
2018-07-08,-6.4917835350949105,-6.537798692006123,38.33662876854037,27.007299270073002,-0.00995033085316798,-0.027520600576325598,0.03293577626410222,0.004535155165391363,94.51428571428572,33.88456121647185,97.2743921575867,6.251280569537598,349920000.0,-0.02298951822469872
2018-07-15,-6.553710535073478,-6.666286370628878,36.86437908591168,17.883211678832122,-0.02298951822469872,-0.00995033085316798,-0.027520600576325598,0.03293577626410222,93.22857142857143,34.800086807232475,95.75495294182804,6.096189100284912,338430000.0,-0.03309994842634484
2018-07-22,-6.750904503317955,-6.94595289762647,34.84674464838919,5.1094890510949105,-0.03309994842634484,-0.02298951822469872,-0.00995033085316798,-0.027520600576325598,91.96571428571428,35.744128686966526,94.38745764764523,5.889318450264561,306000000.0,-0.009661910911736859
2018-07-29,-6.892285481249459,-7.17227564306319,34.26963063341664,12.903225806451626,-0.009661910911736859,-0.03309994842634484,-0.02298951822469872,-0.00995033085316798,90.42285714285713,37.05611031713439,93.15671188288071,5.811509989531379,262140000.0,0.0
2018-08-05,-6.924509489814042,-7.2826956717414655,34.26963063341664,13.793103448275872,0.0,-0.009661910911736859,-0.03309994842634484,-0.02298951822469872,88.93714285714285,38.27437897371884,91.48190645693502,5.5678307045648525,265100000.0,0.0
2018-08-12,-6.870844431113198,-7.298360686424592,34.26963063341664,13.937282229965174,0.0,0.0,-0.009661910911736859,-0.03309994842634484,87.70857142857143,39.405628440547254,90.00807768210282,5.198699939953078,272300000.0,-0.029558802241544505
2018-08-19,-6.941951927218085,-7.456869662537638,32.26729327879934,3.57142857142856,-0.029558802241544505,0.0,0.0,-0.009661910911736859,86.38285714285715,40.688016627348894,88.71110836025048,5.004507087099287,268500000.0,-0.021223636451626803
2018-08-26,-7.0525694591838,-7.665811686163766,30.905995048385662,0.0,-0.021223636451626803,-0.029558802241544505,0.0,0.0,85.38285714285715,42.047463807474976,87.56977535702042,4.795613723735053,252990000.0,-0.05242290371667184
2018-09-02,-7.377952773867122,-8.13529642693557,27.88909728056771,3.1690140845070376,-0.05242290371667184,-0.021223636451626803,-0.029558802241544505,0.0,84.80571428571429,43.74023111473476,86.27480680703756,4.790212743468264,223660000.0,-0.004315001301413236
2018-09-09,-7.574330552905408,-8.467262615500307,27.65650790343244,24.425287356321828,-0.004315001301413236,-0.05242290371667184,-0.021223636451626803,-0.029558802241544505,83.4057142857143,45.750750138402836,84.24683771791155,4.956626118934816,213140000.0,0.005390848634876593
2018-09-16,-7.609961797987765,-8.614482156724769,28.459666066717077,29.032258064516142,0.005390848634876593,-0.004315001301413236,-0.05242290371667184,-0.021223636451626803,82.43428571428572,47.025404715593325,81.17840692868747,5.162581396153757,222160000.0,-0.01626052087178029
2018-09-23,-7.646881299998299,-8.767574863241547,27.47421987225181,24.193548387096776,-0.01626052087178029,0.005390848634876593,-0.004315001301413236,-0.05242290371667184,81.34857142857143,48.20901253727021,78.66229368152372,4.970968439285632,216830000.0,-0.019868203216725173
2018-09-30,-7.703534684194608,-8.950029544248466,26.29747297039684,18.38709677419356,-0.019868203216725173,-0.01626052087178029,0.005390848634876593,-0.004315001301413236,79.94857142857144,49.564129461211174,76.59908081884946,4.94161355076523,210280000.0,-0.019133954586543985
2018-10-07,-7.768621698203731,-9.149049908541564,25.199696049423636,14.652014652014662,-0.019133954586543985,-0.019868203216725173,-0.01626052087178029,0.005390848634876593,78.62857142857142,50.86997545636301,74.90724627145656,4.874355439996285,204530000.0,0.0056657375356773
2018-10-14,-7.699175664185759,-9.180278820243002,26.17581890846958,17.241379310344804,0.0056657375356773,-0.019133954586543985,-0.019868203216725173,-0.01626052087178029,77.39999999999999,52.08254673757542,73.51994194259437,4.7319014799965515,209200000.0,-0.005665737535677196
2018-10-21,-7.588935316574123,-9.157754607558068,25.813054062280628,16.66666666666668,-0.005665737535677196,0.0056657375356773,-0.019133954586543985,-0.019868203216725173,76.28571428571429,52.26695755098001,67.2,4.725337088568226,181650000.0,-0.06696570679518239
2018-10-28,-7.779841764267886,-9.533237912339626,22.059740474142842,0.8733624454148289,-0.06696570679518239,-0.005665737535677196,0.0056657375356773,-0.019133954586543985,75.04571428571428,52.82123641170113,74.0,4.72495586795621,159070000.0,-0.0036518604187711842
2018-11-04,-7.859898476685871,-9.773342624392408,21.87942110899661,24.999999999999968,-0.0036518604187711842,-0.06696570679518239,-0.005665737535677196,0.0056657375356773,73.84571428571428,53.805064465789556,73.8336,4.80460187738791,154370000.0,0.009708814126960903
2018-11-11,-7.781995348504111,-9.804545627171526,23.67119760297379,27.85714285714283,0.009708814126960903,-0.0036518604187711842,-0.06696570679518239,-0.005665737535677196,72.69142857142857,54.51458187103911,73.28025600000001,4.547130314717345,164050000.0,-0.01582504114439683
2018-11-18,-7.7152393894044025,-9.850720516334615,22.757745728272965,24.07407407407409,-0.01582504114439683,0.009708814126960903,-0.0036518604187711842,-0.06696570679518239,71.46285714285715,54.44983580918948,72.74904576,4.570906720808963,140460000.0,0.013406660280115279
2018-11-25,-7.504815325843026,-9.694291266676677,25.381633142472452,29.80392156862743,0.013406660280115279,-0.01582504114439683,0.009708814126960903,-0.0036518604187711842,70.46857142857144,54.51709197733582,72.2390839296,4.5129848121797504,160540000.0,-0.031983045853050764
2018-12-02,-7.420354132729784,-9.709823413170858,23.361601321449115,25.0,-0.031983045853050764,0.013406660280115279,-0.01582504114439683,0.009708814126960903,69.44571428571429,54.5795441334717,71.749520572416,4.362057325595482,150290000.0,-0.006269613013595374
2018-12-09,-7.301527224931888,-9.67456287897708,22.98279018319417,22.500000000000007,-0.006269613013595374,-0.031983045853050764,0.013406660280115279,-0.01582504114439683,68.68,55.020760411847554,71.27953974951936,4.336196088052948,131330000.0,0.006269613013595395
2018-12-16,-7.093312100874471,-9.505701449881295,24.304615945954097,25.0,0.006269613013595395,-0.006269613013595374,-0.031983045853050764,0.013406660280115279,67.9657142857143,55.27104615965114,70.82835815953858,4.272182081763452,147680000.0,0.024692612590371414
2018-12-23,-6.721709800249727,-9.089116812155549,29.515648812308143,39.106145251396626,0.024692612590371414,0.006269613013595395,-0.006269613013595374,-0.031983045853050764,67.33714285714287,54.804537386932374,70.39522383315703,4.121311933066062,154420000.0,-0.03096222560396681
2018-12-30,-6.513511874686188,-8.899885267485342,27.012356399696785,25.714285714285722,-0.03096222560396681,0.024692612590371414,0.006269613013595395,-0.006269613013595374,66.65142857142857,53.54263417738273,69.97941487983076,4.255503937847058,151610000.0,-0.019048194970694474
2019-01-06,-6.371892282011771,-8.802479316051292,25.608939271186514,17.14285714285713,-0.019048194970694474,-0.03096222560396681,0.024692612590371414,0.006269613013595395,65.98285714285714,52.370866911372346,69.58023828463753,4.094396513715126,142520000.0,0.03774032798284711
2019-01-13,-5.996869612172702,-8.34922811698682,33.09568539767537,34.28571428571426,0.03774032798284711,-0.019048194970694474,-0.03096222560396681,0.024692612590371414,65.58285714285714,51.12707257772828,69.19702875325203,3.973368191306903,152490000.0,-0.01367330190020971
2019-01-20,-5.704907467858064,-8.008028532426689,31.830730405339622,28.00000000000001,-0.01367330190020971,0.03774032798284711,-0.019048194970694474,-0.03096222560396681,65.09142857142857,49.97212069648736,68.82914760312195,3.7524133204992665,148890000.0,-0.07671075956805926
2019-01-27,-5.787673224103202,-8.227202630713283,26.074222875103686,0.0,-0.07671075956805926,-0.01367330190020971,0.03774032798284711,-0.019048194970694474,64.29142857142857,49.72981545631289,68.47598169899707,3.8215266547493187,122460000.0,0.05264373348542188
2019-02-03,-5.531291144533412,-7.929113013859592,34.696844046794894,34.782608695652115,0.05264373348542188,-0.07671075956805926,-0.01367330190020971,0.03774032798284711,64.04571428571428,49.50481773329374,67.91942279705725,3.777131893695796,130620000.0,0.06213178110700639
2019-02-10,-4.948299017867242,-7.118786093669804,43.55888386976487,78.26086956521739,0.06213178110700639,0.05264373348542188,-0.07671075956805926,-0.01367330190020971,64.10285714285713,47.73182438167917,67.39625742923381,3.7930510441460967,141360000.0,-0.036813973122716434
2019-02-17,-4.626600924121746,-6.695296832911368,40.04725795022711,52.173913043478215,-0.036813973122716434,0.06213178110700639,0.05264373348542188,-0.07671075956805926,63.94285714285714,46.83101708321599,66.90448198347978,3.9792616838499475,136800000.0,0.0
2019-02-24,-4.321833461225751,-6.288653308072077,40.04725795022711,52.173913043478215,0.0,-0.036813973122716434,0.06213178110700639,0.05264373348542188,63.857142857142854,45.79702320622516,59.2,3.906457277860665,194870000.0,-0.06453852113757118
2019-03-03,-4.352892190167914,-6.393971872226155,34.64806761822507,8.69565217391301,-0.06453852113757118,0.0,-0.036813973122716434,0.06213178110700639,63.42285714285714,45.436535842969064,59.3472,3.9131389008706177,193560000.0,0.0
2019-03-10,-4.327620343154869,-6.413219269896711,34.64806761822507,8.69565217391301,0.0,-0.06453852113757118,0.0,-0.036813973122716434,63.137142857142855,44.954684288765556,59.491456,3.6622004079512878,199840000.0,-0.07616136096556403
2019-03-17,-4.609500003265396,-6.921201214363338,29.56330294753336,0.0,-0.07616136096556403,0.0,-0.06453852113757118,0.0,62.565714285714286,45.154217417880034,66.56,3.7149003788119104,192490000.0,-0.040372455290387625
2019-03-24,-4.953314551747816,-7.548258175126141,27.39824616584302,0.0,-0.040372455290387625,-0.07616136096556403,0.0,-0.06453852113757118,61.808571428571426,45.61452102433179,66.3408,3.6066932088967745,184460000.0,-0.10660973505825826
2019-03-31,-5.5970061261799415,-8.702269684555027,22.954579781135863,11.458333333333332,-0.10660973505825826,-0.040372455290387625,-0.07616136096556403,0.0,60.55142857142857,46.81917860284356,65.823168,3.923357979689862,147190000.0,0.0033277900926745245
2019-04-07,-6.024775808413892,-9.544979893314387,23.35125460683598,13.207547169811306,0.0033277900926745245,-0.10660973505825826,-0.040372455290387625,-0.07616136096556403,59.44857142857143,47.93778921146162,64.59537791999999,3.6545466954263004,156680000.0,0.07671491758086182
2019-04-14,-5.984939795253439,-9.607239269060438,32.353101575326164,31.320754716981128,0.07671491758086182,0.0033277900926745245,-0.10660973505825826,-0.040372455290387625,58.705714285714286,47.69131382025256,63.44125524479999,3.667793360038708,162170000.0,-0.005399164677770673
2019-04-21,-5.907860983857034,-9.604290369134727,32.05745887578229,29.999999999999996,-0.005399164677770673,0.07671491758086182,0.0033277900926745245,-0.10660973505825826,57.771428571428565,47.46244381412986,62.35637993011199,3.4629509771788,153270000.0,0.021423925750467965
2019-04-28,-5.690800821266038,-9.349059392767298,34.63063879572145,35.28301886792455,0.021423925750467965,-0.005399164677770673,0.07671491758086182,0.0033277900926745245,56.980000000000004,46.96790136491184,61.33659713430527,3.295597335951743,167160000.0,-0.01141999468594894
2019-05-05,-5.503750257170346,-9.137733515715727,33.89014786709359,32.45283018867925,-0.01141999468594894,0.021423925750467965,-0.005399164677770673,0.07671491758086182,56.48285714285714,46.494635689795494,60.37800130624696,3.1230546690980474,149600000.0,-0.043825479540029556
2019-05-12,-5.473169327953826,-9.202753929968436,31.207295217034456,21.88679245283019,-0.043825479540029556,-0.01141999468594894,0.021423925750467965,-0.005399164677770673,55.597142857142856,46.35376801766959,59.47692122787214,3.059979335591044,131070000.0,-0.07472354619593655
2019-05-19,-5.674017097622318,-9.698381179678377,27.446729938894123,4.905660377358486,-0.07472354619593655,-0.043825479540029556,-0.01141999468594894,0.021423925750467965,54.16857142857143,46.696847658422776,58.62990595419981,3.0985522401916836,111830000.0,0.0
2019-05-26,-5.7667152978170435,-10.010244792279234,27.446729938894137,4.905660377358486,0.0,-0.07472354619593655,-0.043825479540029556,-0.01141999468594894,52.91142857142857,47.01542161055073,57.83371159694782,2.991512794463706,116720000.0,0.0
2019-06-02,-5.7736245395899175,-10.16878801600181,27.446729938894137,6.914893617021272,0.0,0.0,-0.07472354619593655,-0.043825479540029556,51.65428571428571,47.311240280383835,57.08528890113095,2.77783330914487,121420000.0,0.0
2019-06-09,-5.713241472151687,-10.200546769782749,27.446729938894137,6.914893617021272,0.0,0.0,0.0,-0.07472354619593655,50.68285714285714,47.6980070554549,56.3817715670631,2.6365595013488075,155730000.0,0.033901551675681416
2019-06-16,-5.473189308521718,-9.876568979661519,32.32202152807909,24.444444444444457,0.033901551675681416,0.0,0.0,0.0,49.825714285714284,47.35117368367836,55.72046527303931,2.6196623941096067,178750000.0,-0.03260928356562787
2019-06-23,-5.345590726663232,-9.763190691872289,30.217345129970994,36.12099644128115,-0.03260928356562787,0.033901551675681416,0.0,0.0,49.17285714285714,47.52856651092359,55.09883735665695,2.8325436516732063,163650000.0,-0.04220406551304157
2019-06-30,-5.33786430809419,-9.8856632311171,27.787896710393085,20.419847328244273,-0.04220406551304157,-0.03260928356562787,0.033901551675681416,0.0,48.54,47.69328842193702,54.082930368124394,2.893790533696549,157170000.0,-0.04055073959040423
2019-07-07,-5.412177064963522,-10.180066030266524,25.733838837121525,3.5305343511450804,-0.04055073959040423,-0.04220406551304157,-0.03260928356562787,0.033901551675681416,48.166428571428575,47.67810229995727,53.148295938674444,2.8449483527182235,143940000.0,0.01715387449377146
2019-07-14,-5.349690739833072,-10.19973439405446,28.125901471858498,10.591603053435104,0.01715387449377146,-0.04055073959040423,-0.04220406551304157,-0.03260928356562787,47.83428571428572,47.66400090097606,52.28843226358049,2.7474520418097788,158150000.0,0.01686457472134974
2019-07-21,-5.180737741627354,-9.993329693304483,30.535416776825457,25.021720243266735,0.01686457472134974,0.01715387449377146,-0.04055073959040423,-0.04220406551304157,47.28071428571429,47.89913233284572,51.49735768249405,2.7569197531090803,164990000.0,-0.1824571592078854
2019-07-28,-5.578045361362172,-10.99492194606906,22.451635053165802,0.0,-0.1824571592078854,0.01686457472134974,0.01715387449377146,-0.04055073959040423,46.220000000000006,48.770321696365365,50.48462191424464,3.087139770744146,161880000.0,0.0
2019-08-04,-5.8257587915092515,-11.720424193225384,22.451635053165802,0.0,0.0,-0.1824571592078854,0.01686457472134974,0.01715387449377146,45.07928571428572,49.579283248205044,48.85086728453528,2.866629787119564,163170000.0,0.0
2019-08-11,-5.953445851692756,-12.210888451302736,22.451635053165788,0.19788918205800818,0.0,0.0,-0.1824571592078854,0.01686457472134974,43.98142857142857,50.334562925888235,47.41316321039105,2.6640133737538805,171850000.0,0.014005076742969344
2019-08-18,-5.944158552956829,-12.406058059128322,24.217194866112308,4.179331306990861,0.014005076742969344,0.0,0.0,-0.1824571592078854,43.080714285714286,50.73668628894169,45.9329203609363,2.5108695613428895,177680000.0,0.009847052288277473
2019-08-25,-5.839626811178455,-12.382255173029488,25.51662284360195,8.243727598566263,0.009847052288277473,0.014005076742969344,0.0,0.0,42.46357142857143,50.87382436947242,44.659911510405216,2.3708074498183973,180740000.0,-0.01279335145990947
2019-09-01,-5.729470867492516,-12.340202688036214,24.919659268202608,3.9426523297490847,-0.01279335145990947,0.009847052288277473,0.014005076742969344,0.0,41.81214285714286,50.88414235897824,43.565123898948485,2.2543212034027973,171100000.0,0.009875964428512142
2019-09-08,-5.548357568393932,-12.119877619274694,26.350009864802843,7.258064516128991,0.009875964428512142,-0.01279335145990947,0.009847052288277473,0.014005076742969344,41.18714285714286,50.89372334923364,42.6236065530957,2.119726831731169,173090000.0,0.028797801553453392
2019-09-15,-5.255481250656935,-11.612187047783234,30.58401519496786,17.11469534050177,0.028797801553453392,0.009875964428512142,-0.01279335145990947,0.009847052288277473,40.64071428571429,50.17755014132405,41.8139016356623,2.0468892008932285,229700000.0,-0.0007744933909797853
2019-09-22,-4.968521386325598,-11.096888738445251,30.532462213298587,19.5426195426195,-0.0007744933909797853,0.028797801553453392,0.009875964428512142,-0.01279335145990947,39.97785714285715,49.51253216255085,41.117555406669574,1.9292542579722836,67110000.0,-0.04193099421938748
2019-09-29,-4.813911562290201,-10.889285597064598,27.852751315803545,11.199095022624462,-0.04193099421938748,-0.0007744933909797853,0.028797801553453392,0.009875964428512142,39.31142857142857,49.46696314058109,40.518697649735834,1.9757360966885489,61080000.0,-0.0904204572652864
2019-10-06,-4.89398749431615,-11.264601226562597,23.38960095658267,0.0,-0.0904204572652864,-0.04193099421938748,-0.0007744933909797853,0.028797801553453392,38.55285714285714,49.89124553370343,39.8181060257781,2.0638978040679383,46980000.0,0.0011785505194442023
2019-10-13,-4.8977622274496895,-11.458609306175594,23.553988116526853,0.38722168441431903,0.0011785505194442023,-0.0904204572652864,-0.04193099421938748,-0.0007744933909797853,37.923571428571435,50.28522204160275,38.756446941138044,1.9193336752059427,60560000.0,0.0
2019-10-20,-4.844904685289933,-11.51014339832616,23.553988116526853,0.38722168441431903,0.0,0.0011785505194442023,-0.0904204572652864,-0.04193099421938748,37.24142857142857,48.86119196356007,37.885886491733196,1.9879526984055182,64140000.0,0.009670405031682261
2019-10-27,-4.721954705702764,-11.374225178101069,25.091902817727842,5.572289156626467,0.009670405031682261,0.0,0.0011785505194442023,-0.0904204572652864,36.53,48.242041707005335,37.17202692322122,2.053813219947981,76330000.0,0.0
2019-11-03,-4.571814924479739,-11.15638219448946,25.091902817727842,7.660455486542393,0.0,0.009670405031682261,0.0,0.0011785505194442023,36.34571428571429,47.48620241142827,33.92,2.1149694185231254,78270000.0,0.04225578679609749
2019-11-10,-4.284020908712641,-10.55346809954185,32.187727187563965,38.30227743271226,0.04225578679609749,0.0,0.009670405031682261,0.0,36.26714285714286,47.43644012690662,33.985600000000005,2.069614460057188,264050000.0,0.0402738991379399
2019-11-17,-3.892455558368482,-9.647905838770182,38.42661824149164,68.73706004140789,0.0402738991379399,0.04225578679609749,0.0,0.009670405031682261,36.29357142857143,46.104026337050435,34.049888,2.106070570053103,294090000.0,0.010949501837036272
2019-11-24,-3.508608568117438,-8.739742265317835,40.08240601888441,77.22567287784675,0.010949501837036272,0.0402738991379399,0.04225578679609749,0.0,36.31214285714286,44.86678496075541,34.22189248,1.9899226721921668,325000000.0,0.0029173870313973964
2019-12-01,-3.1591146746943366,-7.903962270922479,40.544359495090546,79.50310559006206,0.0029173870313973964,0.010949501837036272,0.0402738991379399,0.04225578679609749,36.31214285714286,43.697672606274786,34.3870167808,1.8584996241784404,361370000.0,0.028715102671994203
2019-12-08,-2.761544078141256,-6.923485247902704,45.10243619900189,100.0,0.028715102671994203,0.0029173870313973964,0.010949501837036272,0.0402738991379399,36.425,42.05042173819676,34.545536109568005,1.8043210795942664,372480000.0,0.09516980594170762
2019-12-15,-2.1090708862191434,-5.259793461673183,57.483761311268886,100.0,0.09516980594170762,0.028715102671994203,0.0029173870313973964,0.010949501837036272,36.78857142857142,39.197973513460816,34.80440394299392,1.9525838596232477,388230000.0,0.0
2019-12-22,-1.573838945126674,-3.905919670055529,57.48376131126888,100.0,0.0,0.09516980594170762,0.028715102671994203,0.0029173870313973964,37.07357142857143,36.54927159049173,35.439251627554405,1.813113583935873,390110000.0,-0.03257926941768149
2019-12-29,-1.2458499434715833,-3.085817862535338,52.623578129286315,73.47140039447727,-0.03257926941768149,0.0,0.09516980594170762,0.028715102671994203,37.262857142857136,34.92864103805869,36.02331149735005,2.0128911850833107,381810000.0,-0.0009673519496791573
2020-01-05,-0.9778716664657807,-2.4178249945656978,52.48405091721544,73.07692307692304,-0.0009673519496791573,-0.03257926941768149,0.0,0.09516980594170762,37.56285714285714,33.42376981079944,36.82698034761505,1.8719703861487884,376970000.0,-0.09245917881547863
2020-01-12,-1.0479414304473806,-2.604259972836285,41.635734795380294,37.08086785009859,-0.09245917881547863,-0.0009673519496791573,-0.03257926941768149,0.0,37.83142857142857,33.057433109243604,37.55028231285355,1.9989725014238748,375180000.0,0.017625078105103015
2020-01-19,-1.037449747749811,-2.587185800281022,43.9268988198639,42.613065326633176,0.017625078105103015,-0.09245917881547863,-0.0009673519496791573,-0.03257926941768149,38.144999999999996,32.42343225577067,37.68,1.9040458941793124,377470000.0,0.05602783146966251
2020-01-26,-0.8411106829839028,-2.0957740315616187,50.789227234239036,64.82412060301507,0.05602783146966251,0.017625078105103015,-0.09245917881547863,-0.0009673519496791573,38.61642857142857,30.927730423560195,37.68,1.9258997588807902,388870000.0,-0.06572265389878808
2020-02-02,-0.8835104392729107,-2.210205914048087,44.01675733176822,37.76867963152504,-0.06572265389878808,0.05602783146966251,0.017625078105103015,-0.09245917881547863,38.88,29.870227577443778,44.06,1.97262120467502,351680000.0,0.0
2020-02-09,-0.9066611265161697,-2.2765323664928663,44.01675733176822,37.76867963152504,0.0,-0.06572265389878808,0.05602783146966251,0.017625078105103015,39.14357142857143,27.751998640724253,43.9384,2.061719690055376,353240000.0,-0.06106903334882139
2020-02-16,-1.0939539882991696,-2.767893993720571,38.785808133546254,11.00427350427344,-0.06106903334882139,0.0,-0.06572265389878808,0.05602783146966251,39.14071428571429,27.430940915318587,43.819232,2.1487397121942773,349780000.0,-0.17913603980729992
2020-02-23,-1.6956910852710365,-4.369443946913963,29.089632511893356,0.0,-0.17913603980729992,-0.06106903334882139,0.0,-0.06572265389878808,38.614285714285714,27.99806510995389,43.45446272,2.4138297327518288,291170000.0,0.007338258413935398
2020-03-01,-2.1302635562858043,-5.582135032219353,29.79917691811046,1.5503875968992167,0.007338258413935398,-0.17913603980729992,-0.06106903334882139,0.0,38.074285714285715,28.524680433543814,42.639394956800004,2.3356990375552695,319420000.0,-0.3764775712349121
2020-03-08,-3.1995124887755964,-8.679005391947227,20.377106338133004,0.0,-0.3764775712349121,0.007338258413935398,-0.17913603980729992,-0.06106903334882139,36.85214285714286,30.209125260957656,41.87323125939201,2.843149106301322,247270000.0,0.06876685724709249
2020-03-15,-3.883516495839949,-10.856075587988002,24.38643643950924,6.4392324093816695,0.06876685724709249,-0.3764775712349121,0.007338258413935398,-0.17913603980729992,35.65642857142857,31.777386515033033,40.17537275864065,2.7479241701369426,255370000.0,-0.1620935333411952
2020-03-22,-4.639206056977667,-13.440644283828199,21.732781151362033,0.0,-0.1620935333411952,0.06876685724709249,-0.3764775712349121,0.007338258413935398,33.94714285714286,33.422653286316525,38.21883548277658,2.7880724436985895,228910000.0,-0.1481435946256722
2020-03-29,-5.385011769470431,-16.239005592712854,19.90734763938123,0.0,-0.1481435946256722,-0.1620935333411952,0.06876685724709249,-0.3764775712349121,32.05285714285714,35.20525597556931,35.88977522484339,2.7817815548629765,201660000.0,0.009205342695776877
2020-04-05,-5.895999016928066,-18.472798512415594,20.32474562571663,0.5973715651135091,0.009205342695776877,-0.1481435946256722,-0.1620935333411952,0.06876685724709249,30.267142857142854,36.86052990130404,33.13600669336532,2.5995114438013354,237440000.0,0.37675302528672644
2020-04-12,-5.631661401495407,-17.980829291266826,37.76546406635247,30.584467574059243,0.37675302528672644,0.009205342695776877,-0.1481435946256722,-0.1620935333411952,29.01928571428571,36.04905783045735,30.76776575629417,2.9488320549583826,251320000.0,0.06411932180215148
2020-04-19,-5.23434091759238,-16.94796102451545,40.713654583220986,36.909527622097684,0.06411932180215148,0.37675302528672644,0.009205342695776877,-0.1481435946256722,28.145,34.88766335815448,28.731078550412988,2.85105833674707,255490000.0,-0.13984056181778737
2020-04-26,-5.128242636271295,-16.960976157408403,36.77176671747927,23.61889511609288,-0.13984056181778737,0.06411932180215148,0.37675302528672644,0.009205342695776877,26.985714285714284,34.34407208515447,26.97952755335517,2.884554169836565,248880000.0,0.22314355131420957
2020-05-03,-4.5455360895237575,-15.129587823013612,46.127962671840635,45.756605284227376,0.22314355131420957,-0.13984056181778737,0.06411932180215148,0.37675302528672644,26.063571428571432,32.63347299388966,16.22,3.0949431577053814,259150000.0,0.0
2020-05-10,-4.037198640197069,-13.517398616377704,46.127962671840635,45.756605284227376,0.0,0.22314355131420957,-0.13984056181778737,0.06411932180215148,25.325714285714287,31.04505955200091,16.4546,2.873875789297854,269370000.0,0.052142843002999366
2020-05-17,-3.4748579190414404,-11.655858741138086,48.4936377298615,66.17119425935418,0.052142843002999366,0.0,0.22314355131420957,-0.13984056181778737,24.693571428571428,29.22994809557461,16.684508,2.7743132329194364,273020000.0,0.09177743575534748
2020-05-24,-2.7713162381469516,-9.247277969419141,52.7234265253875,85.19522776572668,0.09177743575534748,0.052142843002999366,0.0,0.22314355131420957,24.42214285714286,27.371215844457954,17.18232768,2.784005144853762,290610000.0,-0.030527012741579228
2020-05-31,-2.2651076136495973,-7.539516089685986,51.171802816179905,90.88108441158346,-0.030527012741579228,0.09177743575534748,0.052142843002999366,0.0,24.500714285714285,25.73194978520493,18.0737880192,2.6908619202213506,134390000.0,0.0
2020-06-07,-1.8426922227909905,-6.119502219876237,51.171802816179905,90.88108441158346,0.0,-0.030527012741579228,0.09177743575534748,0.052142843002999366,24.56357142857143,24.209774158755692,19.223884977664,2.5250860687769685,148400000.0,-0.10010045307625046
2020-06-14,-1.7260682872431836,-5.761848195706377,46.314249661256675,72.70486752926678,-0.10010045307625046,0.0,-0.030527012741579228,0.09177743575534748,25.09,22.871247934232397,20.28197417945088,2.555437063864328,135240000.0,-0.08215652717833853
2020-06-21,-1.791322260392409,-6.0416248756388,43.01960766246882,59.08810844115833,-0.08215652717833853,-0.10010045307625046,0.0,-0.030527012741579228,25.353571428571428,22.151756672936465,21.25541624509481,2.546477273588305,116630000.0,-0.027495840561028828
2020-06-28,-1.8778736950775041,-6.406194434170949,42.00045775052781,54.77510782501539,-0.027495840561028828,-0.08215652717833853,-0.10010045307625046,0.0,25.803571428571427,21.59297867962336,22.150982945487225,2.475300325474855,83320000.0,0.0
2020-07-05,-1.9242843781489896,-6.634996334946325,42.00045775052781,54.35323383084576,0.0,-0.027495840561028828,-0.08215652717833853,-0.10010045307625046,26.43857142857143,21.074113400118335,22.97490430984825,2.298493159369508,98740000.0,-0.12678399651535951
2020-07-12,-2.177235376246035,-7.641497515391799,37.589065554837795,28.561549100968197,-0.12678399651535951,0.0,-0.027495840561028828,-0.08215652717833853,26.849285714285717,21.233491579082315,32.45,2.347886505128829,77680000.0,0.032906481712530536
2020-07-19,-2.2915732194702585,-8.16231041490305,39.28862717433187,7.163601161665037,0.032906481712530536,-0.12678399651535951,0.0,-0.027495840561028828,26.77785714285714,21.38148560240601,32.2434,2.233037469048198,200470000.0,0.0
2020-07-26,-2.35503935624741,-8.50539978915074,39.28862717433187,7.163601161665037,0.0,0.032906481712530536,-0.12678399651535951,0.0,26.59357142857143,21.518908624063727,32.040932,2.0735347926876124,203460000.0,0.03185805366489997
2020-08-02,-2.3188941431098797,-8.467479369892475,41.14733750108506,14.32720232333011,0.03185805366489997,0.0,0.032906481712530536,-0.12678399651535951,26.699285714285715,21.370203449729114,31.842513359999998,1.9782823074956402,217410000.0,0.11778303565638346
2020-08-09,-2.028821464519396,-7.4250618015100205,47.984131472343265,42.88480154888673,0.11778303565638346,0.03185805366489997,0.0,0.032906481712530536,26.620714285714282,20.219476741833063,31.648063092799998,2.0476907141030947,221320000.0,0.0
2020-08-16,-1.7784360728656594,-6.522388910485269,47.984131472343265,42.88480154888673,0.0,0.11778303565638346,0.03185805366489997,0.0,26.542142857142856,19.150944798786732,31.457501830943997,1.9542842345243023,238280000.0,0.027490587032299243
2020-08-23,-1.5029667651840626,-5.511759321612269,49.68459158834635,50.04840271055176,0.027490587032299243,0.0,0.11778303565638346,0.03185805366489997,26.410714285714285,17.907769910474364,31.27075179432512,1.867549646343995,240900000.0,0.07786992862552712
2020-08-30,-1.093719110844539,-3.986776037786724,54.47154046212345,71.44240077444334,0.07786992862552712,0.027490587032299243,0.0,0.11778303565638346,26.237142857142857,17.208473279944787,31.087736758438616,1.8920103858908526,249670000.0,0.025766859687853062
2020-09-06,-0.6991949473495289,-2.5293037420109803,56.04078578321385,88.39479392624729,0.025766859687853062,0.07786992862552712,0.027490587032299243,0.0,26.187142857142856,16.789487092354,30.908382023269844,1.8118667868986489,258140000.0,0.022861870951484113
2020-09-13,-0.3262863298266616,-1.1698977121377547,57.47573553964483,100.0,0.022861870951484113,0.025766859687853062,0.07786992862552712,0.027490587032299243,26.187142857142856,16.61081099650669,22.12,1.7324477306916024,260270000.0,0.22411176181424453
2020-09-20,0.5902236848117823,2.056916143961514,69.42259273096997,100.0,0.22411176181424453,0.022861870951484113,0.025766859687853062,0.07786992862552712,26.95357142857143,18.186734972379973,22.297,2.1644157499279166,272690000.0,-0.06973047063527354
2020-09-27,1.0933557625506083,3.7384664680954014,63.02555202978816,84.30547203848467,-0.06973047063527354,0.22411176181424453,0.022861870951484113,0.025766859687853062,27.69142857142857,19.650092949976596,22.95512,2.1962431963616367,265600000.0,-0.008335697057352669
2020-10-04,1.4511560426872805,4.880371585516362,62.314772795378005,82.50150330727602,-0.008335697057352669,-0.06973047063527354,0.22411176181424453,0.022861870951484113,28.45785714285714,21.41819492326717,23.5869152,2.234368682335805,259370000.0,0.012202037140206007
2020-10-11,1.7500462217950776,5.7911370300832665,62.974307074977354,85.14732411304871,0.012202037140206007,-0.008335697057352669,-0.06973047063527354,0.22411176181424453,29.255714285714284,23.06000389846556,24.193438592,2.1061994907403903,266110000.0,0.05548790256632943
2020-10-18,2.1294040974858532,6.908791888331489,65.98992411354307,97.59470835838846,0.05548790256632943,0.012202037140206007,-0.008335697057352669,-0.06973047063527354,30.415,24.920123754450024,24.77570104832,2.1036138128303623,280250000.0,0.0
2020-10-25,2.402355092998736,7.6558566115643405,65.98992411354307,97.48269351793581,0.0,0.05548790256632943,0.012202037140206007,-0.008335697057352669,31.521428571428572,26.647377906435597,25.3346730063872,1.9533556833424792,285180000.0,0.0
2020-11-01,2.5888283220416035,8.116553853588133,65.98992411354307,97.35973597359737,0.0,0.0,0.05548790256632943,0.012202037140206007,32.627857142857145,28.251256761850772,25.87128608613171,1.8138302773894448,304570000.0,0.193342738043292
2020-11-08,3.357958876738536,10.181901290632211,75.74148623042208,99.50914770191879,0.193342738043292,0.0,0.0,0.05548790256632943,34.26571428571428,30.82072492506296,26.386434642686442,2.2764138290044844,326220000.0,-0.04191507685217079
2020-11-15,3.76992203068356,11.139796299942397,70.64782416869815,90.30244839174266,-0.04191507685217079,0.193342738043292,0.0,0.0,35.55642857142857,33.20665964804571,27.601648564125256,2.593098555504164,309020000.0,-0.0042672720565692605
2020-11-22,4.034566415903349,11.651763063602278,70.14248568270342,82.5866050808314,-0.0042672720565692605,-0.04191507685217079,0.193342738043292,0.0,36.83357142857143,35.753170780882336,28.74394965027774,2.6635915158252956,306690000.0,-0.07305241698083008
2020-11-29,3.946244308415686,11.236271753639247,62.24379563397737,64.50617283950615,-0.07305241698083008,-0.0042672720565692605,-0.04191507685217079,0.193342738043292,37.83428571428571,35.56217393566539,30.300433678255523,2.6969064075520603,296240000.0,-0.01808014068405922
2020-12-06,3.7730432919120673,10.621258760815856,60.50893149693112,58.15991237677984,-0.01808014068405922,-0.07305241698083008,-0.0042672720565692605,-0.04191507685217079,38.62428571428571,35.15775399066266,31.732398983995083,2.5571273784411983,276830000.0,0.0
2020-12-13,3.594346845455817,10.013062687932441,60.50893149693112,55.65873476494487,0.0,-0.01808014068405922,-0.07305241698083008,-0.0042672720565692605,39.35928571428571,34.78222118458869,33.04980706527547,2.3744754228382554,280480000.0,0.01808014068405917
2020-12-20,3.4724126284834753,9.566710089609872,61.745508599140265,58.1564584596725,0.01808014068405917,0.0,-0.01808014068405922,-0.07305241698083008,40.097142857142856,34.56848890379827,34.261822500053434,2.2577271783498083,285960000.0,0.0
2020-12-27,3.3373084684227123,9.101559289501669,61.745508599140265,44.17475728155335,0.0,0.01808014068405917,0.0,-0.01808014068405922,40.27928571428571,34.37002321449287,35.37687670004916,2.096460951324822,288570000.0,0.0349744222718304
2021-01-03,3.3106905826950666,8.919011644952537,64.3195062884055,56.067961165048544,0.0349744222718304,0.0,0.01808014068405917,0.0,40.75285714285714,34.470624563474004,36.402726564045224,2.0517137405159067,308420000.0,0.034018449215121226
2021-01-10,3.3701701242737556,8.95187025475915,66.74558088522832,67.05587989991658,0.034018449215121226,0.0349744222718304,0.0,0.01808014068405917,41.35357142857142,34.8375315246495,37.3465084389216,2.0108770447647704,316960000.0,0.01636257507723099
2021-01-17,3.4365980258037965,8.998496870775861,67.90478370844058,68.61598440545805,0.01636257507723099,0.034018449215121226,0.0349744222718304,0.0,41.975,35.31065052629733,38.21478776380788,1.919385827281572,328000000.0,0.032373780811093614
2021-01-24,3.5675418457968107,9.19390542236072,70.174741681777,82.33502538071065,0.032373780811093614,0.01636257507723099,0.034018449215121226,0.0349744222718304,42.55428571428571,36.01261605349442,39.013604742703244,1.9401439824757456,341430000.0,-0.03237378081109351
2021-01-31,3.5114147321640203,8.943803793704818,65.20809032543869,67.3096446700507,-0.03237378081109351,0.032373780811093614,0.01636257507723099,0.034018449215121226,43.027857142857144,36.664441185891725,39.74851636328698,1.9072765551560498,335020000.0,0.0
2021-02-07,3.4274243755324676,8.636681769234666,65.20809032543869,66.03375527426155,0.0,-0.03237378081109351,0.032373780811093614,0.01636257507723099,43.50142857142857,37.26970738026064,40.42463505422403,1.7710425155020462,340640000.0,-0.0332271497985808
2021-02-14,3.2052960405586646,8.019680978643464,60.29254762088996,44.03341288782812,-0.0332271497985808,0.0,-0.03237378081109351,0.032373780811093614,43.285714285714285,37.0823250219526,41.046664249886106,1.7495394786804714,337900000.0,-0.1262362689193235
2021-02-21,2.5831123474531523,6.482408823319652,46.921655889586575,0.0,-0.1262362689193235,-0.0332271497985808,0.0,-0.03237378081109351,42.83785714285714,34.84421483800771,48.2,1.993143801631866,326910000.0,-0.04944226722481941
2021-02-28,1.9186309657043594,4.845024056986412,43.220846512233145,0.0,-0.04944226722481941,-0.1262362689193235,-0.0332271497985808,0.0,42.271428571428565,32.52273961522787,48.003,1.982919244372447,324310000.0,0.003009166543699039
2021-03-07,1.3849360829586743,3.5169812572462185,43.50616511076668,1.1044176706827251,0.003009166543699039,-0.04944226722481941,-0.1262362689193235,-0.0332271497985808,41.93642857142857,30.367084051218022,47.54288,1.8677107269172721,346490000.0,-0.054735142844684954
2021-03-14,0.7954607636227848,2.038126194761792,39.69783488740633,0.0,-0.054735142844684954,0.003009166543699039,-0.04944226722481941,-0.1262362689193235,41.515,28.962118251801154,47.1011648,1.873588532137467,344980000.0,0.03152326898346647
2021-03-21,0.41310305458614494,1.065038558390276,42.76889943145916,9.406779661017001,0.03152326898346647,-0.054735142844684954,0.003009166543699039,-0.04944226722481941,41.17285714285715,27.253418565543658,46.354694912,1.821189351270505,364330000.0,0.05016041921131856
2021-03-28,0.255607948593493,0.6604790988133703,47.53844221111884,25.000000000000014,0.05016041921131856,0.03152326898346647,-0.054735142844684954,0.003009166543699039,40.909285714285716,25.549657909260333,45.65301321728,1.8225329690368974,367160000.0,0.0
2021-04-04,0.1293014359372151,0.3348076774841841,47.53844221111884,25.000000000000014,0.0,0.05016041921131856,0.03152326898346647,-0.054735142844684954,40.645714285714284,24.88072920290748,44.993432424243196,1.9202091855342618,368250000.0,-0.0177043250880342
2021-04-11,-0.023779751311288067,-0.061772102310938146,45.945559939086394,19.406779661016994,-0.0177043250880342,0.0,0.05016041921131856,0.03152326898346647,40.230000000000004,23.165452444789885,44.3734264787886,1.8301942437103857,366380000.0,0.02168469388308899
2021-04-18,-0.07882877549388922,-0.2050620495937426,48.23788656808694,26.271186440677965,0.02168469388308899,-0.0177043250880342,0.0,0.05016041921131856,39.76642857142857,21.68072508716323,43.790620890061284,1.757323226302501,369390000.0,0.06782693781308241
2021-04-25,0.0903359921749427,0.23410842035144816,54.96651062626985,48.72881355932201,0.06782693781308241,0.02168469388308899,-0.0177043250880342,0.0,39.44,21.012167081144508,43.242783636657606,1.8210858529951792,378290000.0,0.0
2021-05-02,0.22184302106447973,0.5729081753933548,54.96651062626985,55.71705426356589,0.0,0.06782693781308241,0.02168469388308899,-0.0177043250880342,39.00785714285714,21.1698805041237,34.66,1.9360082920669526,379580000.0,0.0
2021-05-09,0.3223474679601068,0.8297812590248147,54.96651062626985,55.71705426356589,0.0,0.0,0.06782693781308241,0.02168469388308899,38.68142857142857,21.316328682604375,34.843599999999995,2.042721985490742,379967400.0,0.02178522087660484
2021-05-16,0.4684139438132675,1.2001700351970783,57.2950859907382,72.33115468409581,0.02178522087660484,0.0,0.0,0.06782693781308241,38.41857142857143,20.60331286555654,35.02352799999999,1.960384700812832,382467400.0,0.043588140994023396
2021-05-23,0.7242960665607399,1.841423522256479,61.7038997229874,92.3747276688453,0.043588140994023396,0.02178522087660484,0.0,0.0,38.39214285714286,20.38447022787336,35.199857439999995,1.9517857936119154,388437400.0,0.009459062337501456
2021-05-30,0.9492259796357061,2.394264936065069,62.62970810030452,96.84095860566441,0.009459062337501456,0.043588140994023396,0.02178522087660484,0.0,38.763571428571424,20.278544953244253,35.37266029119999,1.8416582369253498,397827400.0,-0.012942172790321557
2021-06-06,1.0699633647555729,2.682046845149547,60.47910262659796,90.74074074074073,-0.012942172790321557,0.009459062337501456,0.043588140994023396,0.02178522087660484,39.22714285714285,20.12527396238365,35.54200708537599,1.75011122000211,392887400.0,0.012023266224398494
2021-06-13,1.193846348940589,2.9726195955129304,61.79113484021064,92.28362877997913,0.012023266224398494,-0.012942172790321557,0.009459062337501456,0.043588140994023396,39.71999999999999,20.177149460325904,35.707966943668474,1.715103275716245,395257400.0,0.014375604096001767
2021-06-20,1.3275569906930613,3.2814727762351774,63.377445435021436,98.75706214689266,0.014375604096001767,0.012023266224398494,-0.012942172790321557,0.009459062337501456,40.39714285714285,20.225319565557992,36.04964826592173,1.6375958988793704,402857400.0,0.002488970625348168
2021-06-27,1.4259621146792583,3.5003964641036287,63.661127806953814,100.0,0.002488970625348168,0.014375604096001767,0.012023266224398494,-0.012942172790321557,41.00285714285714,20.30223215531974,36.37766233528486,1.5313390489594152,411567400.0,0.0
2021-07-04,1.486809865783215,3.626598111418702,63.66112780695381,66.06334841628959,0.0,0.002488970625348168,0.014375604096001767,0.012023266224398494,41.47714285714285,21.345387092812366,36.692555841873464,1.6898148311766,416887400.0,-0.03401844921512122
2021-07-11,1.3994762250152775,3.4026775150274133,56.79612360481237,52.669683257918564,-0.03401844921512122,0.0,0.002488970625348168,0.014375604096001767,41.84571428571429,20.32781225351149,37.371002491361054,1.6748280575211283,414037400.0,0.0
2021-07-18,1.3151039853821018,3.18811109182445,56.79612360481237,48.92578125000004,0.0,-0.03401844921512122,0.0,0.002488970625348168,42.26142857142857,19.38292133130353,38.00874234187939,1.555197481983905,419907400.0,-0.008688560000905284
2021-07-25,1.2044977693118781,2.9139602449360327,55.07416088998296,41.968911917098424,-0.008688560000905284,0.0,-0.03401844921512122,0.0,42.59285714285714,18.378299104971084,38.60821780136663,1.470540518985055,413007400.0,-0.008526816229161644
2021-08-01,1.0753960584954712,2.5983524471473465,53.3784323751413,11.04477611940301,-0.008526816229161644,-0.008688560000905284,0.0,-0.03401844921512122,42.70928571428571,17.065994539230296,39.17172473328463,1.444073339057551,409897400.0,0.0
2021-08-08,0.9619927687276828,2.321638686838175,53.3784323751413,11.04477611940301,0.0,-0.008526816229161644,-0.008688560000905284,0.0,42.82571428571429,15.847426013899565,39.70142124928755,1.3409252434105832,412577400.0,-0.09186701819548518
2021-08-15,0.5678221825138507,1.3779633523841992,39.075955054866945,0.0,-0.09186701819548518,0.0,-0.008526816229161644,-0.008688560000905284,42.67857142857143,15.889783708517419,48.0,1.5087162974526842,410597400.0,0.0
2021-08-22,0.252528165594029,0.6159870410584598,39.07595505486695,0.0,0.0,-0.09186701819548518,0.0,-0.008526816229161644,42.46785714285714,14.80740605973629,47.807,1.6330937047774925,413177400.0,-0.0800427076735365
2021-08-29,-0.23270251051800983,-0.5734244389309849,31.299984726541382,0.0,-0.0800427076735365,0.0,-0.09186701819548518,0.0,41.915,15.340647395955989,47.61786,1.880015583007672,404237400.0,0.01346821705086661
2021-09-05,-0.5719265158990368,-1.4215371971091346,33.61481971020828,3.809523809523841,0.01346821705086661,-0.0800427076735365,0.0,-0.09186701819548518,41.36714285714286,15.83580006530285,47.1291456,1.7800144699356957,419667400.0,0.0019490469764602324
2021-09-12,-0.8255985826118248,-2.0683552428520775,33.96426861350639,4.365079365079398,0.0019490469764602324,0.01346821705086661,-0.0800427076735365,0.0,40.864285714285714,16.27084314854117,46.659979776,1.6578705792260031,421977400.0,0.0
2021-09-19,-1.0149359729695675,-2.561549823656806,33.96426861350639,4.365079365079398,0.0,0.0019490469764602324,0.01346821705086661,-0.0800427076735365,40.32428571428572,15.65297990461475,46.20958058496,1.7573083949955741,423097400.0,0.015183176421390028
2021-09-26,-1.107836367432533,-2.8124317195489406,36.98684831167157,8.73015873015874,0.015183176421390028,0.0,0.0019490469764602324,0.01346821705086661,39.77857142857143,15.889730174725171,45.7771973615616,1.721072081067319,432537400.0,0.0
2021-10-03,-1.1679966609014372,-2.981365418535233,36.98684831167157,8.73015873015874,0.0,0.015183176421390028,0.0,0.0019490469764602324,39.22500000000001,15.289326059086031,45.36210946709913,1.8195669324196533,435197400.0,-0.032862884852686576
2021-10-10,-1.2959513448340445,-3.332274278838366,33.205102938842,12.146226415094347,-0.032862884852686576,0.0,0.015183176421390028,0.0,38.58714285714286,15.843218810469326,44.963625088415164,1.8474550086753925,418567400.0,0.07155658877110882
2021-10-17,-1.1724292157802836,-3.02013222112933,46.327198341541674,43.042452830188644,0.07155658877110882,-0.032862884852686576,0.0,0.015183176421390028,38.24214285714286,15.636547979167158,44.32320758311025,1.902636793770007,420947400.0,0.029860715297995527
2021-10-24,-0.9705537105013491,-2.4988235614015157,50.88788058601505,56.60377358490569,0.029860715297995527,0.07155658877110882,-0.032862884852686576,0.0,37.979285714285716,14.91824413101554,43.72121512812364,2.0431627370721492,450987400.0,-0.009510417396487272
2021-10-31,-0.8308443692087266,-2.1396141145420824,49.432499628981,57.16129032258065,-0.009510417396487272,0.029860715297995527,0.07155658877110882,-0.032862884852686576,37.71642857142857,14.251247700589035,43.15534222043622,1.9236511129955676,445097400.0,0.0
2021-11-07,-0.7119171716807884,-1.8337394493035193,49.432499628981,57.16129032258065,0.0,-0.009510417396487272,0.029860715297995527,0.07155658877110882,37.479285714285716,13.642133620318488,42.62342168721005,2.020533176353027,446617400.0,-0.02908628992613121
2021-11-14,-0.6991745847665243,-1.8050959237801545,44.95879217263026,43.0609597924773,-0.02908628992613121,0.0,-0.009510417396487272,0.029860715297995527,37.16285714285714,13.268442464515092,42.12341638597744,1.955495092327811,404817400.0,-0.092416206007416
2021-11-21,-0.9460665798078622,-2.4634432580307406,34.811004832354826,0.0,-0.092416206007416,-0.02908628992613121,0.0,-0.009510417396487272,36.87285714285714,13.563816386128858,41.6534114028188,2.05295972859011,389917400.0,0.009577783273234247
2021-11-28,-1.1023943072071134,-2.891607747004168,36.34888770068959,4.280155642023324,0.009577783273234247,-0.092416206007416,-0.02908628992613121,0.0,36.60642857142857,13.838092170484497,41.21160671864967,1.9298911765479592,398207400.0,0.0011547345393967433
2021-12-05,-1.2091195146315172,-3.193040870078779,36.54429930537258,4.798962386510991,0.0011547345393967433,0.009577783273234247,-0.092416206007416,-0.02908628992613121,36.55357142857143,14.08128685961203,40.79631031553069,1.7948989496516763,401007400.0,0.021125535852268826
2021-12-12,-1.2199256513357497,-3.237201962471139,40.20183539320964,14.396887159533065,0.021125535852268826,0.0011547345393967433,0.009577783273234247,-0.092416206007416,36.519285714285715,14.084583058553566,40.40593169659885,1.7195490246765566,416597400.0,0.0
2021-12-19,-1.2144897111315274,-3.2373146993309185,40.201835393209635,14.396887159533065,0.0,0.021125535852268826,0.0011547345393967433,0.009577783273234247,36.480000000000004,14.087643814713564,40.038975794802916,1.5967240943425167,421017400.0,0.040686392106324444
2021-12-26,-1.0791254877677545,-2.8801610540907068,47.21171430477828,39.50471698113202,0.040686392106324444,0.0,0.021125535852268826,0.0011547345393967433,36.54571428571428,14.535845351689005,39.69403724711474,1.721958087603765,424337400.0,-0.04068639210632436
2022-01-02,-1.078038127721861,-2.889068175964532,41.91965129532338,22.169811320754672,-0.04068639210632436,0.040686392106324444,0.0,0.021125535852268826,36.46714285714286,14.9520324931662,39.20011426734556,1.7039610813463533,411987400.0,-0.0427070092160263
2022-01-09,-1.182963550731806,-3.191768254367703,37.377006155452904,4.716981132075457,-0.0427070092160263,-0.04068639210632436,0.040686392106324444,0.0,36.28285714285715,15.773786505710929,38.74570512595792,1.7143924326787567,391807400.0,0.04270700921602645
2022-01-16,-1.1336263345631679,-3.0688504832107295,43.921448169444126,22.169811320754672,0.04270700921602645,-0.0427070092160263,-0.04068639210632436,0.040686392106324444,36.28857142857142,15.978175836951888,38.32764871588129,1.6976501160588453,418197400.0,0.010397733131197679
2022-01-23,-1.0525373323277591,-2.856033086766355,45.45609936665187,26.53301886792454,0.010397733131197679,0.04270700921602645,-0.0427070092160263,-0.04068639210632436,36.13357142857143,16.029169465142353,37.943036818610786,1.639960822054642,454557400.0,-0.010397733131197675
2022-01-30,-1.00652700485184,-2.739185707165994,44.154805007531074,22.169811320754672,-0.010397733131197675,0.010397733131197679,0.04270700921602645,-0.0427070092160263,35.87,16.076520691319217,37.58919387312192,1.549249334765025,415767400.0,-0.0011305823702860267
2022-02-06,-0.9621995174578686,-2.6258858355281482,44.00812894716448,21.698113207547134,-0.0011305823702860267,-0.010397733131197675,0.010397733131197679,0.04270700921602645,35.63,16.13268485067959,37.26365836327217,1.4414458108532373,365777400.0,0.0011305823702860774
2022-02-13,-0.9133138846852873,-2.498752727853635,44.20771953713662,36.1538461538461,0.0011305823702860774,-0.0011305823702860267,-0.010397733131197675,0.010397733131197679,35.392857142857146,16.313070477941118,36.9641656942104,1.3934853957922915,424067400.0,0.0
2022-02-20,-0.8646050398100726,-2.3710189695479755,44.20771953713662,56.119402985074586,0.0,0.0011305823702860774,-0.0011305823702860267,-0.010397733131197675,35.235,16.480571417541107,36.68863243867357,1.3046650103785562,442877400.0,0.0
2022-02-27,-0.816589790522535,-2.2442036161671943,44.20771953713662,56.119402985074586,0.0,0.0,0.0011305823702860774,-0.0011305823702860267,35.31428571428571,16.636108004312526,36.435141843579686,1.2114746524943736,448407400.0,-0.0427070092160263
2022-03-06,-0.887727816972216,-2.4520222607460735,37.95535966756328,11.940298507462664,-0.0427070092160263,0.0,0.0,0.0011305823702860774,35.26428571428571,17.30772268660793,36.20193049609331,1.2306550344590608,422707400.0,-0.032966725261757555
2022-03-13,-1.0210954694103194,-2.840064787652202,34.09560334153426,0.0,-0.032966725261757555,-0.0427070092160263,0.0,0.0,35.13285714285714,18.289067914752877,35.98737605640585,1.2213225319976995,405287400.0,0.0
2022-03-20,-1.113949379788771,-3.1184586014590194,34.09560334153426,0.0,0.0,-0.032966725261757555,-0.0427070092160263,0.0,34.94857142857143,18.080485233749208,35.67063845076527,1.3326566368550066,408767400.0,-0.09552348713528781
2022-03-27,-1.4125221086631896,-4.003206037837051,25.818683631775485,0.0,-0.09552348713528781,0.0,-0.032966725261757555,-0.0427070092160263,34.550714285714285,19.49554298551652,35.6,1.4510383056510778,403707400.0,-0.006052473082922654
2022-04-03,-1.6447084676541124,-4.7170404359829785,25.41863881061134,3.6220472440944382,-0.006052473082922654,-0.09552348713528781,0.0,-0.032966725261757555,34.035000000000004,20.898066541913092,34.9076,1.3766784266760006,391847400.0,0.11158059118813698
2022-04-10,-1.528675461534128,-4.400311113889015,43.68902814242687,58.74015748031489,0.11158059118813698,-0.006052473082922654,-0.09552348713528781,0.0,33.87428571428571,20.659685784097544,34.139336,1.5390585390562863,428747400.0,0.07997309160611989
2022-04-17,-1.2001746680038323,-3.446121696127888,53.38643351619467,96.5773809523809,0.07997309160611989,0.11158059118813698,-0.006052473082922654,-0.09552348713528781,34.01642857142857,19.39013002703442,29.42,1.6819829291236945,465007400.0,0.15926943393584492
2022-04-24,-0.43453815263959683,-1.2286780019209327,67.09499266952116,90.77253218884121,0.15926943393584492,0.07997309160611989,0.11158059118813698,-0.006052473082922654,34.495714285714286,19.607455884549783,29.5,2.0968412913291448,497847400.0,0.20362395211663134
2022-05-01,0.9289039964650243,2.5400507230617517,77.85360118802427,85.97986057319905,0.20362395211663134,0.15926943393584492,0.07997309160611989,0.11158059118813698,35.627857142857145,21.481237821126744,30.056,2.8849240562342056,515287400.0,0.09527495675435736
2022-05-08,2.398166033553096,6.299804550868283,81.40599376043983,96.10115911485775,0.09527495675435736,0.20362395211663134,0.15926943393584492,0.07997309160611989,37.154999999999994,23.48348705050265,31.567040000000002,3.12671519507462,546467400.0,0.0
2022-05-15,3.521967731743999,8.926897845102525,81.40599376043983,85.02175264139217,0.0,0.09527495675435736,0.20362395211663134,0.15926943393584492,38.685,25.677190616274768,33.672876800000004,3.2476641097121473,549267400.0,-0.10520397826463701
2022-05-22,3.9099950709905045,9.69815810560013,67.58944850777223,67.40211311373524,-0.10520397826463701,0.0,0.09527495675435736,0.20362395211663134,39.80714285714286,25.288675038012194,36.465589120000004,3.4206881018755655,548810900.0,-0.08425819354942156
2022-05-29,3.839988056770636,9.40932605546852,59.648146531308136,54.56805469235549,-0.08425819354942156,-0.10520397826463701,0.0,0.09527495675435736,40.63428571428572,23.53531058755428,38.979030208000005,3.787781808884454,538030900.0,-0.011130251888503546
2022-06-05,3.6998972273189352,8.974031053893345,58.71277660488883,52.952144188937226,-0.011130251888503546,-0.08425819354942156,-0.10520397826463701,0.0,41.424285714285716,21.90718645498622,41.24112718720001,3.5543688225355643,533580900.0,0.007932295853187235
2022-06-12,3.577491053505561,8.59068761109801,59.20300413610084,54.10192666252329,0.007932295853187235,-0.011130251888503546,-0.08425819354942156,-0.10520397826463701,42.34642857142857,20.452522345523963,42.55,3.3269139066401663,536110900.0,-0.056668651741511866
2022-06-19,3.2350076859480126,7.732431187956886,54.35642230560451,46.084524549409565,-0.056668651741511866,0.007932295853187235,-0.011130251888503546,-0.08425819354942156,43.16285714285714,19.506762866268627,61.6,3.3764200561658684,528560900.0,-0.02031801432254773
2022-06-26,2.8588169257710376,6.814868508510015,52.75211820999114,43.318831572405216,-0.02031801432254773,-0.056668651741511866,0.007932295853187235,-0.011130251888503546,43.91571428571428,18.851895957708255,61.2242,3.3459614807254496,517940900.0,-0.05134184868340143
2022-07-03,2.3583960518344185,5.6295134044421395,48.95797527901298,36.5755127408328,-0.05134184868340143,-0.02031801432254773,-0.056668651741511866,0.007932295853187235,44.72714285714286,18.45803065015571,60.427232000000004,3.3569642321022033,514680900.0,0.0
2022-07-10,1.9394521072762743,4.63525547276632,48.95797527901298,36.417445482866036,0.0,-0.05134184868340143,-0.02031801432254773,-0.056668651741511866,45.551428571428566,17.442264190724686,59.19319808,3.366466786952046,516920900.0,-0.11569127008079876
2022-07-17,1.2301432947902597,2.9670790356794217,41.738115434704724,14.103448275862057,-0.11569127008079876,0.0,-0.05134184868340143,-0.02031801432254773,45.80428571428571,17.629417495449964,58.0332061952,3.4474334450269,465430900.0,-0.04202649905777855
2022-07-24,0.5399424497394989,1.3171070686344506,39.62638310402816,0.5645464809935965,-0.04202649905777855,-0.11569127008079876,0.0,-0.05134184868340143,45.75214285714286,18.006790391411762,56.325749699584,3.319759627524978,453660900.0,-0.011722793289641991
2022-07-31,-0.03967294110925934,-0.09787692974972317,39.04868094045903,2.684076895175923,-0.011722793289641991,-0.04202649905777855,-0.11569127008079876,0.0,45.22785714285714,18.481696441370815,54.196174729625604,3.1647767969874794,445060900.0,0.0
2022-08-07,-0.4933354502801208,-1.2300614317455696,39.04868094045903,2.684076895175923,0.0,-0.011722793289641991,-0.04202649905777855,-0.11569127008079876,44.02428571428571,18.32600345243127,51.77623376207053,3.149435597202659,447660900.0,0.0
2022-08-14,-0.8431469836729022,-2.123193273212012,39.04868094045903,2.684076895175923,0.0,0.0,-0.011722793289641991,-0.04202649905777855,42.45214285714286,18.18143139127312,49.646685710622066,3.1351901974024687,449630900.0,0.0
2022-08-21,-1.1076073362322276,-2.8150980681586293,39.04868094045903,4.332552693208443,0.0,0.0,0.0,-0.011722793289641991,40.88,18.047185905911977,47.77268342534742,3.121962326159435,455930900.0,-0.0031686617323101666
2022-08-28,-1.310958241100849,-3.361587119752559,38.84432152009276,18.947368421052605,-0.0031686617323101666,0.0,0.0,0.0,39.705,18.78475747952597,46.123561414305726,3.112536445719475,448060900.0,0.029284253214608924
2022-09-04,-1.373173813392782,-3.543387055238241,41.90994829234825,25.980066445182707,0.029284253214608924,-0.0031686617323101666,0.0,0.0,38.89857142857143,19.170445087795606,44.11546281630292,2.9823552710252272,452080900.0,0.0
2022-09-11,-1.4062695032124637,-3.6501600263602647,41.90994829234825,25.980066445182707,0.0,0.029284253214608924,-0.0031686617323101666,0.0,38.12928571428572,18.906230293999066,42.388498022020514,2.9857584659519967,454820900.0,0.0
2022-09-18,-1.4161733114391382,-3.696021898071101,41.90994829234825,27.32354996505937,0.0,0.0,0.029284253214608924,-0.0031686617323101666,37.333571428571425,18.660887985473703,40.903308298937645,2.988918575526854,456190900.0,0.0
2022-09-25,-1.4077939781530375,-3.6929016888642576,41.90994829234825,30.31007751937982,0.0,0.0,0.0,0.029284253214608924,36.722142857142856,18.433070127557297,39.62604513708637,2.9918529629892214,464920900.0,0.0
2022-10-02,-1.3851857372234448,-3.6508459348113163,41.90994829234824,30.31007751937982,0.0,0.0,0.0,0.0,36.174285714285716,18.22152497377778,31.78,2.9945777513471343,465853300.0,-0.04118397279383464
2022-10-09,-1.4665589303729263,-3.8933756526945813,38.047543414345405,19.14728682170542,-0.04118397279383464,0.0,0.0,0.0,35.67857142857143,19.129361971309468,31.9188,3.0335364833937675,460583300.0,-0.10066757072312292
2022-10-16,-1.7752523559986173,-4.77579076840097,31.03219555928196,0.8547008547008577,-0.10066757072312292,-0.04118397279383464,0.0,0.0,34.948571428571434,20.150552872906797,38.72,3.0561410202942128,456893300.0,-0.003558147050096648
2022-10-23,-2.005650312189694,-5.464338729621374,30.826911076147752,6.539833531510116,-0.003558147050096648,-0.10066757072312292,-0.04118397279383464,0.0,34.53214285714286,21.184535799285094,38.5636,2.8849880902731977,448313300.0,-0.047786131761723284
2022-10-30,-2.2781769124853852,-6.299436401553478,28.19722182448244,0.0,-0.047786131761723284,-0.003558147050096648,-0.10066757072312292,-0.04118397279383464,34.120714285714286,22.27753627037048,38.233456000000004,2.7817746552536837,442493300.0,-0.06458384280813582
2022-11-06,-2.612513400893853,-7.353213906424045,25.234998976567184,8.46343467543137,-0.06458384280813582,-0.047786131761723284,-0.003558147050096648,-0.10066757072312292,33.607142857142854,23.700457154800866,37.70464864,2.7880764655927064,421733300.0,0.09800941446599123
2022-11-13,-2.6181330040526944,-7.448366922404224,36.349684243329044,31.799506984387854,0.09800941446599123,-0.06458384280813582,-0.047786131761723284,-0.003558147050096648,33.29642857142857,24.655019665124406,36.8122767488,2.7917852894789417,434343300.0,0.17119257850768838
2022-11-20,-2.1395941403845242,-6.074808211829417,51.78715813581659,78.47165160230077,0.17119257850768838,0.09800941446599123,-0.06458384280813582,-0.047786131761723284,33.39142857142857,23.916715732613362,26.55,2.998086340230446,448293300.0,-0.08404423960695205
2022-11-27,-1.9724244421785784,-5.6241951793756915,45.6751367317273,54.56039441248971,-0.08404423960695205,0.17119257850768838,0.09800941446599123,-0.06458384280813582,33.278571428571425,23.672473605548863,26.741,3.1503658873568425,443523300.0,0.06700234092652203
2022-12-04,-1.6354974770066448,-4.659347532982749,50.63429180773927,73.45932621199674,0.06700234092652203,-0.08404423960695205,0.17119257850768838,0.09800941446599123,33.337857142857146,22.92452330115589,26.92818,3.089625466831354,452533300.0,-0.013046129449009625
2022-12-11,-1.3895803678034895,-3.959354272576146,49.65792657055864,69.67953985209533,-0.013046129449009625,0.06700234092652203,-0.08404423960695205,0.17119257850768838,33.29071428571429,22.229998018505274,27.111616400000003,2.9317950763433998,448383300.0,-0.010618552921935597
2022-12-18,-1.2105902638089603,-3.452532910629963,48.84211362323837,66.63927691043547,-0.010618552921935597,-0.013046129449009625,0.06700234092652203,-0.08404423960695205,33.21714285714286,21.58508168461542,27.291384072000003,2.7488097137474425,435173300.0,0.08645823307393766
2022-12-25,-0.8068733417185499,-2.2879789090279345,55.50203975264447,92.3582580115037,0.08645823307393766,-0.010618552921935597,-0.013046129449009625,0.06700234092652203,33.36714285714286,20.192637848281027,27.467556390560002,2.776037591336911,436833300.0,0.1368007183904204
2023-01-01,-0.0394384501466547,-0.10996938200010412,64.34874817276135,100.0,0.1368007183904204,0.08645823307393766,-0.010618552921935597,-0.013046129449009625,33.91285714285714,19.808690264275192,27.8804541349376,2.9734634776699886,440413300.0,0.0
2023-01-08,0.5622776438215951,1.5440307263998552,64.34874817276135,90.8008658008658,0.0,0.1368007183904204,0.08645823307393766,-0.010618552921935597,34.45857142857143,19.767898000032776,28.807426886841345,2.882501800693561,443783300.0,-0.01183995259028129
2023-01-15,0.986616148852896,2.6744395969536643,63.01126120120172,88.04112554112554,-0.01183995259028129,0.0,0.1368007183904204,0.08645823307393766,35.07071428571429,19.31203546683577,30.105232735894038,2.7887516720725927,441233300.0,-0.10194117754233095
2023-01-22,0.9767774716112925,2.6383429591295804,53.302579023772424,65.58441558441558,-0.10194117754233095,-0.01183995259028129,0.0,0.1368007183904204,35.620714285714286,18.105575236587903,31.299214117022515,2.8924122669245507,436763300.0,-0.003626946981139507
2023-01-29,0.9467696478851124,2.549599095231216,53.005870036174834,64.82683982683983,-0.003626946981139507,-0.10194117754233095,-0.01183995259028129,0.0,36.16857142857143,16.973331597632953,32.39767698766072,2.6958113907156545,432833300.0,-0.031639865711573824
2023-02-05,0.8167433512576494,2.198586027909796,50.41537153802947,58.33333333333332,-0.031639865711573824,-0.003626946981139507,-0.10194117754233095,-0.01183995259028129,36.73357142857143,16.003252968914907,33.40826282864786,2.6218248628073937,400023300.0,0.01224722443490505
2023-02-12,0.7422584367916087,1.9955282966332417,51.39597380452067,58.34292289988492,0.01224722443490505,-0.031639865711573824,-0.003626946981139507,-0.10194117754233095,37.462857142857146,15.031718343285899,34.338001802356025,2.467408801178294,409603300.0,0.012360446650709215
2023-02-19,0.7129354019616088,1.9126422727717018,52.431100812851234,51.84921763869131,0.012360446650709215,0.01224722443490505,-0.031639865711573824,-0.003626946981139507,38.02285714285715,14.037466432301908,35.19336165816755,2.357593886808416,413883300.0,-0.006029642071938491
2023-02-26,0.6634893159613284,1.7773227553942068,51.849161372844364,50.21337126600285,-0.006029642071938491,0.012360446650709215,0.01224722443490505,-0.031639865711573824,38.160714285714285,13.11423251495963,35.98029272551414,2.199194323464958,409303300.0,-0.009776798711162077
2023-03-05,0.5876727036709539,1.573201365437925,50.87098419228272,33.66336633663362,-0.009776798711162077,-0.006029642071938491,0.012360446650709215,0.01224722443490505,38.480000000000004,12.237485142349758,36.704269307473005,2.068537586074604,403803300.0,-0.02609428486181562
2023-03-12,0.4441961817492057,1.1906849636618229,48.298435815776216,19.96161228406908,-0.02609428486181562,-0.009776798711162077,-0.006029642071938491,0.012360446650709215,38.565714285714286,12.21100096915778,37.370327762875164,2.148642044212133,400723300.0,-0.04629940115779508
2023-03-19,0.19430208415524675,0.5231985838230385,44.1807992165917,12.126537785588772,-0.04629940115779508,-0.02609428486181562,-0.009776798711162077,-0.006029642071938491,38.565714285714286,11.97253210030533,45.03,2.212310469625552,390773300.0,-0.026614240778841117
2023-03-26,-0.07708847189876877,-0.20883770239166766,42.04156542187114,4.042179261862924,-0.026614240778841117,-0.04629940115779508,-0.02609428486181562,-0.009776798711162077,38.526428571428575,11.751096722085196,44.8024,2.1200025789380126,385563300.0,0.0
2023-04-02,-0.28883789932685744,-0.7869070953277725,42.04156542187114,4.042179261862924,0.0,-0.026614240778841117,-0.04629940115779508,-0.02609428486181562,38.26357142857143,11.54547815659507,44.579352,1.968573823299583,390963300.0,-0.017746694681335357
2023-04-09,-0.4993100957525485,-1.3691445972350398,40.556261303484256,1.2006861063464882,-0.017746694681335357,0.0,-0.026614240778841117,-0.04629940115779508,37.56214285714286,11.556547128184018,44.36076496,1.8808185502067558,383223300.0,-0.005686084450577002
2023-04-16,-0.6736765163623915,-1.8591605569790264,40.07344687519613,4.137235116044435,-0.005686084450577002,-0.017746694681335357,0.0,-0.026614240778841117,36.847142857142856,11.695189080550367,43.9211343616,1.8157600823348452,374863300.0,-0.12176755395286776
2023-04-23,-1.107340503833207,-3.0986179465805805,31.86094584353748,0.0,-0.12176755395286776,-0.005686084450577002,-0.017746694681335357,0.0,35.895714285714284,12.68752016350496,43.260466299903996,1.9824915050252134,364563300.0,0.051852460059181836
2023-04-30,-1.3092443059390249,-3.6993791197899926,37.52761427458715,13.832599118942731,0.051852460059181836,-0.12176755395286776,-0.005686084450577002,-0.017746694681335357,35.35285714285714,13.608970454819938,42.159628995911675,2.038027826094841,381983300.0,-0.04880625699283779
2023-05-07,-1.5705735605126492,-4.492330242999709,34.60595674169738,0.7929515418502189,-0.04880625699283779,0.051852460059181836,-0.12176755395286776,-0.005686084450577002,34.714285714285715,14.464602868183846,41.14685867623874,2.083168695659495,369143300.0,0.16876837079727725
2023-05-14,-1.3234603148308821,-3.7849577313051044,50.01131851110194,48.72246696035243,0.16876837079727725,-0.04880625699283779,0.051852460059181836,-0.12176755395286776,34.55,13.892749776796801,40.215109982139644,2.375799503112389,383403300.0,0.01304612944900978
2023-05-21,-1.0780757455379657,-3.079766924715793,51.0611771953628,52.77533039647579,0.01304612944900978,0.16876837079727725,-0.04880625699283779,0.051852460059181836,34.385714285714286,13.361743334794545,39.35790118356847,2.2982423957472187,396133300.0,0.06279355070299236
2023-05-28,-0.6900613309006403,-1.9597670048015468,56.03325756545374,73.0396475770925,0.06279355070299236,0.01304612944900978,0.16876837079727725,-0.04880625699283779,34.35214285714286,13.112405982474252,29.5,2.3912250817652745,418213300.0,0.0
2023-06-04,-0.37819748660187,-1.068281929774552,56.03325756545374,73.0396475770925,0.0,0.06279355070299236,0.01304612944900978,0.16876837079727725,34.335,12.880878441033982,29.6918,2.2768518616391833,425063300.0,0.06851644152637651
2023-06-11,0.08423939980431072,0.2354517130892804,61.341018507936504,82.11077844311377,0.06851644152637651,0.0,0.06279355070299236,0.01304612944900978,34.535714285714285,13.80920685639003,29.879764,2.4763624429506703,438323300.0,-0.004705891037412617
2023-06-18,0.4304308133726309,1.1919567005964737,60.78080062008293,80.68862275449102,-0.004705891037412617,0.06851644152637651,0.0,0.06279355070299236,34.792142857142856,14.671226099220648,30.398973440000002,2.4009079827399082,424183300.0,0.029356315510964938
2023-06-25,0.7924847036227689,2.1706579788425566,63.074540800489224,89.67065868263472,0.029356315510964938,-0.004705891037412617,0.06851644152637651,0.0,35.25285714285714,15.650108927396142,30.897414502400004,2.360843126829915,436383300.0,-0.029356315510964907
2023-07-02,0.9713874985068074,2.64047955340677,59.33724429168257,80.68862275449102,-0.029356315510964907,0.029356315510964938,-0.004705891037412617,0.06851644152637651,35.693571428571424,16.759194082394234,31.375917922304005,2.376497189199207,413103300.0,-0.11372598368330575
2023-07-09,0.7550704574785527,2.055944832080627,48.231959557416175,48.278443113772475,-0.11372598368330575,-0.029356315510964907,0.029356315510964938,-0.004705891037412617,35.825,16.280818861040398,31.835281205411846,2.516033104256406,404983300.0,0.1127324416244281
2023-07-16,0.9192087249637808,2.4852557908538735,56.8488203511548,80.38922155688624,0.1127324416244281,-0.11372598368330575,-0.029356315510964907,0.029356315510964938,36.30571428571429,15.224858639120727,32.276269957195375,2.77417359680952,417683300.0,-0.17884846970074708
2023-07-23,0.5116337638771142,1.3926047952321317,44.5747397064565,31.062874251497,-0.17884846970074708,0.1127324416244281,-0.11372598368330575,-0.029356315510964907,36.32928571428572,14.321970160134473,32.69961915890756,3.0795897684659828,409993300.0,0.15215335642565794
2023-07-30,0.6276176688505117,1.699933689099701,53.62351396883838,72.45508982035929,0.15215335642565794,-0.17884846970074708,0.1127324416244281,-0.11372598368330575,37.02071428571429,13.483573715361524,33.10603439255126,3.2546190707184124,415583300.0,0.0
2023-08-06,0.7113359115635589,1.9179924246917224,53.62351396883837,72.26827430293896,0.0,0.15215335642565794,-0.17884846970074708,0.1127324416244281,37.6,13.391486818646754,33.19,3.2650034228099543,417813300.0,0.0
2023-08-13,0.7688207352098146,2.0643626656678955,53.62351396883838,65.57530402245088,0.0,0.0,0.15215335642565794,-0.17884846970074708,38.285000000000004,13.017177798209742,33.5768,3.174646035466386,418701600.0,-0.11453410781048422
2023-08-20,0.46686359436047553,1.2593440570435457,46.37338710487921,18.09720785935884,-0.11453410781048422,0.0,0.0,0.15215335642565794,38.278571428571425,12.739479816979014,33.948128,3.2907427472187867,413411600.0,0.028496779461145327
2023-08-27,0.30553690458551586,0.8260241862574227,48.17102876806754,28.541882109617422,0.028496779461145327,-0.11453410781048422,0.0,0.0,38.31142857142857,12.25246231988761,42.86,3.187118265274588,419091600.0,-0.023358315400139905
2023-09-03,0.10944862166113722,0.2970077748428932,46.7831435196818,19.958634953464315,-0.023358315400139905,0.028496779461145327,-0.11453410781048422,0.0,38.12071428571429,11.493797071642932,42.685,3.090895532040689,393971600.0,0.07221470692811785
2023-09-10,0.1643714926273816,0.44524536798835984,51.546919908004334,47.156153050672195,0.07221470692811785,-0.023358315400139905,0.028496779461145327,-0.11453410781048422,38.11785714285714,10.847044131258695,42.5135,3.057974422609212,427811600.0,-0.03614201350769174
2023-09-17,0.09863446569065815,0.2674506693288815,49.13360225668944,34.58646616541351,-0.03614201350769174,0.07221470692811785,-0.023358315400139905,0.028496779461145327,37.82785714285715,10.246487829473333,42.34543,2.9352619638514112,424841600.0,0.03375506104166436
2023-09-24,0.14572215722807869,0.39451206264308847,51.418529238127306,48.0128893662728,0.03375506104166436,-0.03614201350769174,0.07221470692811785,-0.023358315400139905,37.64071428571429,10.120154548285607,42.1807214,2.814886109290596,426841600.0,-0.05934755657060115
2023-10-01,0.007848158777591152,0.021309086045636146,47.4349437862824,24.704618689581135,-0.05934755657060115,0.03375506104166436,-0.03614201350769174,0.07221470692811785,37.212857142857146,9.595350750441957,42.019306972,2.768822815769839,424141600.0,0.08710529574997102
2023-10-08,0.15740159977760726,0.4257538155804484,53.241784196936045,59.3984962406015,0.08710529574997102,-0.05934755657060115,0.03375506104166436,-0.03614201350769174,37.10142857142857,9.091699655504849,41.861120832560005,2.80176404321485,427141600.0,-0.10015142519898076
2023-10-15,-0.021579625647198952,-0.05859827090331747,46.87148284118071,19.76369495166491,-0.10015142519898076,0.08710529574997102,-0.05934755657060115,0.03375506104166436,37.035714285714285,9.010476283529156,41.706098415908805,2.895209468699503,423671600.0,-0.05275175484289269
2023-10-22,-0.3051509033942921,-0.83465812022682,44.09961213343195,0.42964554242748804,-0.05275175484289269,-0.10015142519898076,0.08710529574997102,-0.05934755657060115,36.535000000000004,9.365853965431459,41.55417644759063,2.882694506649539,420361600.0,0.03285777310282679
2023-10-29,-0.43529762067883837,-1.1960190023942578,46.212052253515715,11.974110032362526,0.03285777310282679,-0.05275175484289269,-0.10015142519898076,0.08710529574997102,36.58428571428572,9.695847527197884,41.221209389687004,2.8646448990317155,431621600.0,0.019893981740065902
2023-11-05,-0.4772610302815039,-1.314971811908504,47.539188126772615,19.41747572815538,0.019893981740065902,0.03285777310282679,-0.05275175484289269,-0.10015142519898076,36.28785714285714,10.002270120266706,40.90156101409952,2.7093131205294503,452021600.0,0.05119337503665755
2023-11-12,-0.3579188465766805,-0.9849975243985202,51.010449267617524,51.48514851485149,0.05119337503665755,0.019893981740065902,0.03285777310282679,-0.05275175484289269,36.12285714285714,9.485793851891282,40.59469857353554,2.6472193262059176,469891600.0,-0.051193375036657655
2023-11-19,-0.40711891522302324,-1.123389961771725,47.61730901508395,32.78688524590171,-0.051193375036657655,0.05119337503665755,0.019893981740065902,0.03285777310282679,35.82642857142857,9.006208745542674,40.30011063059412,2.5895608029054946,461331600.0,-0.025442251192596493
2023-11-26,-0.5112258759547927,-1.41671181389652,46.03996233921304,16.757741347905306,-0.025442251192596493,-0.051193375036657655,0.05119337503665755,0.019893981740065902,35.769999999999996,8.920248436625156,40.01730620537035,2.4738778884122445,451081600.0,0.0
2023-12-03,-0.5869652226710897,-1.6330890977820713,46.03996233921304,16.757741347905306,0.0,-0.025442251192596493,-0.051193375036657655,0.05119337503665755,35.64142857142857,8.840428149773178,39.74581395715554,2.300743753525656,524131600.0,0.022869718689111453
2023-12-10,-0.5765961612930113,-1.607559452804997,47.83892690692929,31.14754098360656,0.022869718689111453,0.0,-0.025442251192596493,-0.051193375036657655,35.628571428571426,8.396384289994646,39.48518139886932,2.235690628273823,531581600.0,-0.05138367897402723
2023-12-17,-0.7015024959820622,-1.9666764128715333,44.31447480444135,0.8960573476702003,-0.05138367897402723,0.022869718689111453,0.0,-0.025442251192596493,35.30285714285714,8.177878263566825,39.23497414291455,2.204569869111407,520661600.0,0.0
2023-12-24,-0.7913692539751125,-2.2301025058234427,44.31447480444135,0.8960573476702003,0.0,-0.05138367897402723,0.022869718689111453,0.0,35.072857142857146,7.618869239498241,38.86927569433968,2.115672021317735,530541600.0,0.02851396028491586
2023-12-31,-0.7761780329842054,-2.193409168171875,46.807699983373915,18.10035842293904,0.02851396028491586,0.0,-0.05138367897402723,0.022869718689111453,34.82214285714286,7.099789431434556,38.525519152679294,2.0331240197950398,542311600.0,0.012223667916734064
2024-01-07,-0.7219264720028988,-2.043593381559582,47.9066159797573,25.62724014336918,0.012223667916734064,0.02851396028491586,0.0,-0.05138367897402723,34.75642857142857,6.850016261639196,38.202388003518536,1.9207580183811086,567361600.0,0.06441195831251983
2024-01-14,-0.48771882198047223,-1.3761556538510218,53.564210154184984,57.38461538461533,0.06441195831251983,0.012223667916734064,0.02851396028491586,0.0,34.62428571428571,8.668769877235748,33.14,2.1457038742110295,691211600.0,-0.03308821287525289
2024-01-21,-0.3943912463562924,-1.1122878575324224,50.483594055173405,38.92307692307694,-0.03308821287525289,0.06441195831251983,0.012223667916734064,0.02851396028491586,34.67,10.35761252028969,33.27,2.07815359748167,685841600.0,0.007819084796255553
2024-01-28,-0.29444068145009084,-0.8295475471324545,51.189004697526634,43.23076923076927,0.007819084796255553,-0.03308821287525289,0.06441195831251983,0.012223667916734064,34.864285714285714,11.017882407856433,33.397400000000005,2.0611426262329795,691421600.0,-0.02592424695766026
2024-02-04,-0.2861666983304261,-0.8070183837727338,48.73245441861996,29.076923076923087,-0.02592424695766026,0.007819084796255553,-0.03308821287525289,0.06441195831251983,34.91357142857142,11.63099016059698,33.522252,1.9796324386449096,654301600.0,0.0
2024-02-11,-0.27642307396794763,-0.7802408458357779,48.73245441861996,29.076923076923087,0.0,-0.02592424695766026,0.007819084796255553,-0.03308821287525289,34.91357142857143,11.980360722008319,33.644606960000004,1.9303729787417023,695491600.0,-0.11130960028152072
2024-02-18,-0.5599980340945763,-1.594295564295501,39.83908667158263,0.0,-0.11130960028152072,0.0,-0.02592424695766026,0.007819084796255553,34.51857142857143,11.602590414231125,39.64,2.056060623117295,690841600.0,-0.04503207827885596
2024-02-25,-0.8858758742610888,-2.5498328915586925,37.111410379510986,15.31058617672791,-0.04503207827885596,-0.11130960028152072,0.0,-0.02592424695766026,34.15642857142857,12.37309684096145,39.474000000000004,2.132770578608917,683731600.0,-0.11407662849819106
2024-03-03,-1.3887616365082138,-4.06677244127824,31.649351359496876,0.0,-0.11407662849819106,-0.04503207827885596,-0.11130960028152072,0.0,33.62642857142857,13.526010664548226,39.02344,2.21114410870828,674991600.0,0.02730796995635474
2024-03-10,-1.707902770616272,-5.0748504586925485,34.0444007846213,5.731990704879926,0.02730796995635474,-0.11407662849819106,-0.04503207827885596,-0.11130960028152072,33.14928571428571,14.596573500735945,38.285833600000004,2.1060623866576886,687491600.0,-0.06233248637666002
2024-03-17,-2.0709004936853646,-6.261568110226479,31.387419454794866,0.0,-0.06233248637666002,0.02730796995635474,-0.11407662849819106,-0.04503207827885596,32.497142857142855,15.865514213382566,37.59248358400001,2.074200787610711,656151600.0,0.04729460901211953
2024-03-24,-2.231985313825703,-6.8407532526040535,35.471382265558304,9.36599423631122,0.04729460901211953,-0.06233248637666002,0.02730796995635474,-0.11407662849819106,32.059285714285714,17.058988973492916,36.64988489728,2.0281864456385175,713761600.0,-0.015642777070453577
2024-03-31,-2.3662599129234003,-7.35223346363235,34.723513073193715,6.340057636887601,-0.015642777070453577,0.04729460901211953,-0.06233248637666002,0.02730796995635474,31.59142857142857,18.167215536452527,35.560896407552,1.913315985235766,686531600.0,-0.031651831941665924
2024-04-07,-2.5107057109295923,-7.91719347598647,33.23236009198935,0.36023054755041184,-0.031651831941665924,-0.015642777070453577,0.04729460901211953,-0.06233248637666002,30.995714285714286,19.47086927301824,34.5808067667968,1.83593627200464,648731600.0,0.0
2024-04-14,-2.5952634647984887,-8.298237163716616,33.23236009198935,0.36023054755041184,0.0,-0.031651831941665924,-0.015642777070453577,0.04729460901211953,30.37,20.681404885543547,33.69872609011712,1.760512252575737,663671600.0,-0.04395877009659102
2024-04-21,-2.7204837737863876,-8.836225513983251,31.157112138893382,0.0,-0.04395877009659102,0.0,-0.031651831941665924,-0.015642777070453577,29.500714285714285,22.174449732735308,32.904853481105405,1.7140470916774702,602151600.0,-0.04555653160236699
2024-04-28,-2.875337477138313,-9.50354639498966,29.210404345153407,0.0,-0.04555653160236699,-0.04395877009659102,0.0,-0.031651831941665924,28.638571428571428,23.89376894033801,31.920271063372756,1.6701865851290791,524541600.0,-0.08577947045871993
2024-05-05,-3.1186520597970784,-10.529328194156436,26.111749081461397,3.118644067796615,-0.08577947045871993,-0.04555653160236699,-0.04395877009659102,0.0,27.61785714285714,26.096468087101897,30.75543311450057,1.7223161147627164,165391600.0,-0.021466059894877803
2024-05-12,-3.310438105358255,-11.41722916421432,25.42308917487223,2.4470899470899528,-0.021466059894877803,-0.08577947045871993,-0.04555653160236699,-0.04395877009659102,26.630000000000003,28.224420540319596,29.226563816180477,1.6657221065653798,33671600.0,0.03202872985680493
2024-05-19,-3.3679293022468286,-11.830244663454957,28.47049300954376,9.618874773139764,0.03202872985680493,-0.021466059894877803,-0.08577947045871993,-0.04555653160236699,25.69142857142857,29.981270393590567,27.71518232926799,1.6060276703821386,64821600.0,0.10978197373487746
2024-05-26,-3.1719702194416186,-11.26024631487234,38.442368173341045,34.25309229305424,0.10978197373487746,0.03202872985680493,-0.021466059894877803,-0.08577947045871993,25.197857142857146,29.663286462072186,26.47584950999975,1.6991685510691286,73481600.0,0.03142885593017929
2024-06-02,-2.92007099252082,-10.447330844480481,41.155333698952326,47.973713033954006,0.03142885593017929,0.10978197373487746,0.03202872985680493,-0.021466059894877803,24.858571428571427,28.49177806795671,20.83,1.7485136545641908,114161600.0,0.14624280189481106
2024-06-09,-2.37274172934902,-8.461541366166774,52.60463173990764,97.31934731934732,0.14624280189481106,0.03142885593017929,0.10978197373487746,0.03202872985680493,25.033571428571427,26.889926668908267,20.9406,1.92361982209532,281141600.0,-0.08769701294381191
2024-06-16,-2.112324309720414,-7.559042603797213,46.58121600619964,68.76456876456878,-0.08769701294381191,0.14624280189481106,0.03142885593017929,0.10978197373487746,24.98071428571429,25.402493226934716,21.279376,1.9612184062313687,277821600.0,0.017062728493551636
2024-06-23,-1.8475263392453485,-6.6246983550975855,47.790000755297015,74.12587412587415,0.017062728493551636,-0.08769701294381191,0.14624280189481106,0.03142885593017929,25.079285714285714,24.399288947694263,21.60460096,1.9032742343576994,286751600.0,-0.013328594206846683
2024-06-30,-1.6477270593660727,-5.92493267663933,46.895631795655056,69.93006993006992,-0.013328594206846683,0.017062728493551636,-0.08769701294381191,0.14624280189481106,25.062857142857144,23.467742116970985,21.9168169216,1.8001832176178638,283241600.0,0.02029215542277005
2024-07-07,-1.428537001804063,-5.142655142204806,48.481927537096006,76.34032634032634,0.02029215542277005,-0.013328594206846683,0.017062728493551636,-0.08769701294381191,25.115714285714287,22.840744330276255,22.216544244736,1.710884416359445,287171600.0,0.08301631213133592
2024-07-14,-1.0514674467135556,-3.765426529490621,54.753915981699606,97.80701754385966,0.08301631213133592,0.02029215542277005,-0.013328594206846683,0.017062728493551636,25.397142857142857,23.227855135164038,22.50428247494656,1.7722498151909132,293421600.0,0.0016792615197199939
2024-07-21,-0.7400714426202697,-2.6371596102525334,54.87872138370492,98.35526315789475,0.0016792615197199939,0.08301631213133592,0.02029215542277005,-0.013328594206846683,25.682142857142857,23.58731516827412,22.951025526449765,1.6492319712487051,320321600.0,-0.13641185548987678
2024-07-28,-0.7908002548819937,-2.833356124835166,44.77111023631517,56.68859649122809,-0.13641185548987678,0.0016792615197199939,0.08301631213133592,0.02029215542277005,25.775000000000002,22.139507146947007,23.37096399486278,1.867143973302369,302291600.0,0.1758906664636642
2024-08-04,-0.4226726832365415,-1.502076009810219,56.20178866882594,100.0,0.1758906664636642,-0.13641185548987678,0.0016792615197199939,0.08301631213133592,26.303571428571427,20.746628820517255,23.765706155171014,2.090919403780771,306091600.0,-0.06669137449867228
2024-08-11,-0.28898102245180013,-1.024646595718159,51.60123146302111,80.33431661750247,-0.06669137449867228,0.1758906664636642,-0.13641185548987678,0.0016792615197199939,26.827857142857145,19.4532418031182,24.34444966275733,2.084425160653573,303991600.0,-0.012142386825725536
2024-08-18,-0.20886384066942654,-0.7397048336699216,50.817270630533116,76.02040816326529,-0.012142386825725536,-0.06669137449867228,0.1758906664636642,-0.13641185548987678,27.359999999999996,18.31416333321467,24.876893689736743,2.042680506321175,298911600.0,-0.012291638511556511
2024-08-25,-0.1716339821143542,-0.607751005492092,49.99921624116827,66.62546353522868,-0.012291638511556511,-0.012142386825725536,-0.06669137449867228,0.1758906664636642,27.817857142857143,17.256447611161388,25.366742194557805,1.9432033272982339,294491600.0,-0.04702493864486286
2024-09-01,-0.2442130504018145,-0.867575054992398,46.974445278741605,43.10099573257469,-0.04702493864486286,-0.012291638511556511,-0.012142386825725536,-0.06669137449867228,28.00142857142857,17.11476311697455,25.81740281899318,1.9686888039197885,290501600.0,0.03636764417087479
2024-09-08,-0.2185218583147588,-0.7766105843046864,49.505018161748666,47.82608695652174,0.03636764417087479,-0.04702493864486286,-0.012291638511556511,-0.012142386825725536,28.200714285714287,16.72147081463437,26.0,1.8994967464969466,306491600.0,0.0
2024-09-15,-0.19590315387829094,-0.6964782035065955,49.505018161748666,47.82608695652174,0.0,0.03636764417087479,-0.04702493864486286,-0.012291638511556511,28.11642857142857,16.3562708196042,26.0,1.7638184074614502,308891600.0,0.04196419909903221
2024-09-22,-0.08022293639812261,-0.28440678852175766,52.6499055019762,68.69565217391303,0.04196419909903221,0.0,0.03636764417087479,-0.04702493864486286,28.29285714285714,15.369145393657307,26.4,1.7235456640713467,325461600.0,0.02702867238791942
2024-09-29,0.0751415979398864,0.2651440306222953,54.676530716890724,82.6086956521739,0.02702867238791942,0.04196419909903221,0.0,0.03636764417087479,28.493571428571425,14.49402293691945,26.767999999999997,1.6682924023519647,338831600.0,-0.03390155167568134
2024-10-06,0.11623755392618662,0.4094484621584963,51.69787713153423,65.21739130434783,-0.03390155167568134,0.02702867238791942,0.04196419909903221,0.0,28.648571428571426,13.524967997030327,27.106559999999998,1.6634143736125389,310361600.0,-0.03509131981127006
2024-10-13,0.06733851597897456,0.2374417832214359,48.83293061066542,47.82608695652174,-0.03509131981127006,-0.03390155167568134,0.02702867238791942,0.04196419909903221,28.692857142857143,12.886832389938613,27.4180352,1.6160276326402148,307981600.0,0.0
2024-10-20,0.028259913416583515,0.09974083483700058,48.83293061066542,47.82608695652174,0.0,-0.03509131981127006,-0.03390155167568134,0.02702867238791942,28.567857142857143,12.42733314994909,27.704592383999998,1.5220256588801995,379631600.0,0.0
2024-10-27,-0.00267927563846726,-0.009464511732810411,48.83293061066542,47.82608695652174,0.0,0.0,-0.03509131981127006,-0.03390155167568134,28.439285714285713,12.000655284244532,27.75,1.4133095403887566,383331600.0,-0.03636764417087483
2024-11-03,-0.1066609277398527,-0.3780731881909656,45.671775849710926,20.0,-0.03636764417087483,0.0,0.0,-0.03509131981127006,28.510714285714283,12.15939108272056,31.0,1.383787430360988,358781600.0,0.0
2024-11-10,-0.18691252493905708,-0.6646497621618895,45.671775849710926,24.390243902439018,0.0,-0.03636764417087483,0.0,0.0,28.224999999999998,12.05913939986895,30.92,1.3099454710494889,362851600.0,0.05406722127027579
2024-11-17,-0.12799953100750372,-0.45470589385144006,51.17065863038742,60.97560975609754,0.05406722127027579,0.0,-0.03636764417087483,0.0,28.189285714285713,11.401610808817711,30.841600000000003,1.3485207945459539,367191600.0,-0.05406722127027582
2024-11-24,-0.20004206247415368,-0.712786891045881,46.141186624350254,24.390243902439018,-0.05406722127027582,0.05406722127027579,0.0,-0.03636764417087483,28.071428571428573,10.978961227364154,30.764768000000004,1.3593407377926714,364691600.0,0.011049836186584935
2024-12-01,-0.23027433570330658,-0.822169669378856,47.25772820171269,31.707317073170735,0.011049836186584935,-0.05406722127027582,0.05406722127027579,0.0,28.0,10.586500901728709,30.689472640000005,1.3408163993789093,377261600.0,0.007299302481611535
2024-12-08,-0.2353819647494717,-0.8415368193226879,48.03121710783337,16.12903225806451,0.007299302481611535,0.011049836186584935,-0.05406722127027582,0.05406722127027579,28.035714285714285,10.315961124565828,30.615683187200005,1.2700437994232732,383571600.0,0.05310982531394833
2024-12-15,-0.11704313320729653,-0.4173144356770125,53.5350662965715,64.51612903225804,0.05310982531394833,0.007299302481611535,0.011049836186584935,-0.05406722127027582,28.107142857142858,10.617276700528185,30.543369523456004,1.357897813750182,397971600.0,0.11394425934921769
2024-12-22,0.2562085796329505,0.9028861889176528,63.30146013053379,100.0,0.11394425934921769,0.05310982531394833,0.007299302481611535,0.011049836186584935,28.428571428571427,11.977809896591639,27.0,1.510905112768026,411931600.0,-0.010827638652063503
2024-12-29,0.5178022739706662,1.80695120606322,61.900304487352344,93.63636363636361,-0.010827638652063503,0.11394425934921769,0.05310982531394833,0.007299302481611535,28.639285714285712,13.241162150079134,27.11,1.4672690332845952,398461600.0,-0.004676547883901793
2025-01-05,0.7048879060133686,2.438735857396964,61.274326449202825,90.9090909090909,-0.004676547883901793,-0.010827638652063503,0.11394425934921769,0.05310982531394833,28.782142857142855,14.434820733923653,27.2178,1.37674981662141,363241600.0,-0.0031298930089277044
2025-01-12,0.8354548495680376,2.868439415351897,60.832657846420084,89.09090909090907,-0.0031298930089277044,-0.004676547883901793,-0.010827638652063503,0.11394425934921769,28.989285714285717,14.791791720376086,27.323444000000002,1.3534105440055948,307921600.0,-0.028618805305652563
2025-01-19,0.8564351631841696,2.9265232195654884,56.860249077263106,72.72727272727273,-0.028618805305652563,-0.0031298930089277044,-0.004676547883901793,-0.010827638652063503,29.20357142857143,15.123264779224773,27.42697512,1.3210240765766237,263101600.0,0.14396068892150835
2025-01-26,1.246018768858523,4.188481559665327,68.62700079989054,100.0,0.14396068892150835,-0.028618805305652563,-0.0031298930089277044,-0.004676547883901793,29.760714285714283,16.973460057645834,27.528435617600003,1.5695223568211503,324291600.0,-0.05158736879049312
2025-02-02,1.3934587018642581,4.635034503013883,61.81762612216932,79.54545454545458,-0.05158736879049312,0.14396068892150835,-0.028618805305652563,-0.0031298930089277044,30.189285714285713,18.691498530465392,27.859298192896002,1.7002707599053537,298621600.0,-0.02985296314968116
2025-02-09,1.4133223678731497,4.6673384123399675,58.35351803575692,68.1818181818182,-0.02985296314968116,-0.05158736879049312,0.14396068892150835,-0.028618805305652563,30.61785714285714,20.207168718629507,28.17692626518016,1.7002514199121144,292021600.0,0.02985296314968113
2025-02-16,1.492550911123729,4.884546223108677,60.72376523148725,75.2688172043011,0.02985296314968113,-0.02985296314968116,-0.05158736879049312,0.14396068892150835,31.11785714285714,22.31752501178048,28.481849214572954,1.8145191756326773,313041600.0,0.023256862164267183
2025-02-23,1.6014330927459852,5.1875134261124956,62.559587429036156,83.87096774193549,0.023256862164267183,0.02985296314968113,-0.02985296314968116,-0.05158736879049312,31.567857142857143,24.155500108707393,28.950938261698575,1.7849106630874858,320981600.0,-0.083881483980702
2025-03-02,1.4451278721623346,4.668546741312581,53.18884397000239,53.00546448087434,-0.083881483980702,0.023256862164267183,0.02985296314968113,-0.02985296314968116,31.925,24.40980798929902,29.39188196599666,1.8788456157240938,315221600.0,0.0
2025-03-09,1.3061978233043448,4.209197007340153,53.18884397000239,53.00546448087434,0.0,-0.083881483980702,0.023256862164267183,0.02985296314968113,32.260714285714286,24.18601165488528,29.80636904803686,1.8160709288866586,335221600.0,0.03530681383214492
2025-03-16,1.2742019408850709,4.085436060217465,56.30635248974297,62.048192771084345,0.03530681383214492,0.0,-0.083881483980702,0.023256862164267183,32.66428571428572,24.45702460888987,30.195986905154648,1.7720658625376118,389271600.0,0.028254667657599708
2025-03-23,1.3103965977829617,4.172636548381059,58.75028752136731,58.4905660377359,0.028254667657599708,0.03530681383214492,0.0,-0.083881483980702,33.028571428571425,25.03972130916859,30.56222769084537,1.7169183009277824,413241600.0,-0.0029368596733097135
2025-03-30,1.3158437324148373,4.1644867468318765,58.38012075687891,56.60377358490569,-0.0029368596733097135,0.028254667657599708,0.03530681383214492,0.0,33.135714285714286,25.653798086365978,30.906494029394647,1.615709850861512,376421600.0,-0.060624621816434854
2025-04-06,1.1455719007741223,3.622172927735609,51.40421171532236,18.8679245283019,-0.060624621816434854,-0.0029368596733097135,0.028254667657599708,0.03530681383214492,33.125,24.88380546514367,31.230104387630966,1.6431591472285467,372661600.0,0.1233232160319989
2025-04-13,1.3341558286821176,4.173747833944896,61.74264518212277,98.1132075471699,0.1233232160319989,-0.060624621816434854,-0.0029368596733097135,0.028254667657599708,33.425000000000004,25.634203701827015,31.53429812437311,1.8293620652836506,400921600.0,0.07450252729792108
2025-04-20,1.6900645376848829,5.202360254564324,66.81177644273323,64.0,0.07450252729792108,0.1233232160319989,-0.060624621816434854,-0.0029368596733097135,33.93214285714286,27.765679808612635,31.82024023691072,2.22012191776339,448581600.0,0.1650797503594486
2025-04-27,2.5080549559897847,7.48952671235502,75.538132061256,100.0,0.1650797503594486,0.07450252729792108,0.1233232160319989,-0.060624621816434854,35.003571428571426,30.072036081889504,31.95,2.5615417807802907,494111600.0,0.0570376335994491
2025-05-04,3.335733432371228,9.636851807089007,77.94676996167335,72.54098360655739,0.0570376335994491,0.1650797503594486,0.07450252729792108,0.1233232160319989,35.925000000000004,33.05260150531099,33.355,3.0500030821531268,554501600.0,0.12165415514392679
2025-05-11,4.448749521474966,12.315083333808662,82.32099551412865,98.36065573770492,0.12165415514392679,0.0570376335994491,0.1650797503594486,0.07450252729792108,37.425000000000004,35.49824379956486,36.0004,3.3678600048564746,617921600.0,-0.01834913866819654
2025-05-18,5.190300593889859,13.859830135327677,79.6213746806764,79.3103448275862,-0.01834913866819654,0.12165415514392679,0.0570376335994491,0.1650797503594486,38.925000000000004,38.1199106162211,38.328352,3.5558700045095835,485761600.0,0.05406722127027579
2025-05-25,5.951455415936984,15.300640405285701,81.57363515408346,89.65517241379311,0.05406722127027579,-0.01834913866819654,0.12165415514392679,0.0570376335994491,40.56785714285714,40.16908106006799,41.36238272,3.5875935756160415,549961600.0,-0.0008775779413590076
2025-06-01,6.475990328755245,16.095795549143137,81.43361195100155,89.48275862068967,-0.0008775779413590076,0.05406722127027579,-0.01834913866819654,0.12165415514392679,42.14999999999999,42.249427093844126,43.9716491392,3.6170511773577525,508661600.0,0.027707400150535192
2025-06-08,6.940785598584306,16.68827687433217,82.470550750695,94.99999999999999,0.027707400150535192,-0.0008775779413590076,0.05406722127027579,-0.01834913866819654,44.04642857142857,44.18117698235054,46.215618259711995,3.5265475218321987,554771600.0,-0.01289231436539456
2025-06-15,7.166015105161669,16.74636389447813,80.20915988598205,92.15686274509804,-0.01289231436539456,0.027707400150535192,-0.0008775779413590076,0.05406722127027579,45.88928571428571,45.97494473596364,48.145431703352315,3.349651270272756,498431600.0,0.02393276621162836
2025-06-22,7.372493891167736,16.753034780446693,81.24308617354438,97.14795008912657,0.02393276621162836,-0.01289231436539456,0.027707400150535192,-0.0008775779413590076,47.75,47.68250750656106,49.80507126488299,3.2103904652532735,578221600.0,0.05184213023608543
2025-06-29,7.701530046686237,16.97656243196885,83.35068918126993,97.90660225442834,0.05184213023608543,0.02393276621162836,-0.01289231436539456,0.027707400150535192,49.767857142857146,49.559126354105956,51.23236128779937,3.302505432020897,666171600.0,0.11573156992331342
2025-07-06,8.48181159250062,17.973584643305877,87.13221309713875,92.35436893203882,0.11573156992331342,0.05184213023608543,0.02393276621162836,-0.01289231436539456,52.339285714285715,51.82281919721191,53.11518348175147,3.838040758305119,765271600.0,0.055569851154810786
2025-07-13,9.315572785460589,18.943207409306353,88.59132630512859,97.67711962833914,0.055569851154810786,0.11573156992331342,0.05184213023608543,0.02393276621162836,55.339285714285715,53.99461746232715,56.721450455036205,4.028180704140468,903671600.0,-0.026011048913266433
2025-07-20,9.711077164156166,19.08834769804363,83.73433847587725,92.33817701453103,-0.026011048913266433,0.055569851154810786,0.11573156992331342,0.05184213023608543,57.90357142857143,56.01128727993416,60.37716036402897,3.88331065384472,835151600.0,0.052679295995427665
2025-07-27,10.22138883220363,19.382357141794998,85.4925191682373,93.11224489795917,0.052679295995427665,-0.026011048913266433,0.055569851154810786,0.11573156992331342,60.54642857142858,58.05289516274825,63.30172829122317,4.120217035712955,910461600.0,-0.019934214900817253
2025-08-03,10.385064482870973,19.10855831008206,81.82890402341118,86.53846153846153,-0.019934214900817253,0.052679295995427665,-0.026011048913266433,0.055569851154810786,62.58214285714286,59.94867391107563,66.38138263297854,3.933058676019172,876621600.0,-0.04110167568555192
2025-08-10,10.155635839002123,18.259537622906954,74.9143900571411,76.92307692307692,-0.04110167568555192,-0.019934214900817253,0.052679295995427665,-0.026011048913266433,64.21071428571429,59.244037586240935,78.7,4.152125913446374,814311600.0,-0.021202207650602937
2025-08-17,9.740492191082062,17.183978705718587,71.65414008527243,66.14785992217898,-0.021202207650602937,-0.04110167568555192,-0.019934214900817253,0.052679295995427665,65.28214285714286,58.589732427465854,78.476,4.105545491057348,736801600.0,0.0028530689824064807
2025-08-24,9.32018885221499,16.157100832972542,71.83017274693076,66.92607003891051,0.0028530689824064807,-0.021202207650602937,-0.04110167568555192,-0.019934214900817253,66.43928571428572,57.98216335146042,78.25648,3.8480065274103943,748451600.0,-0.024514565763585818
2025-08-31,8.749065850513261,14.959270647689065,67.96648484967969,56.223175965665234,-0.024514565763585818,0.0028530689824064807,-0.021202207650602937,-0.04110167568555192,67.26071428571429,56.15600086857855,78.0413504,3.873148918309652,700641600.0,0.025226562945675563
2025-09-07,8.341501494758198,14.05302779201582,69.76916658087777,61.059907834101374,0.025226562945675563,-0.024514565763585818,0.0028530689824064807,-0.021202207650602937,68.21071428571429,54.46791646772986,77.559696384,3.7214954241446767,775521600.0,0.07801492082792684
2025-09-14,8.381825700422944,13.834497394635225,74.7528295257126,86.93586698337293,0.07801492082792684,0.025226562945675563,-0.024514565763585818,0.0028530689824064807,69.45357142857144,53.69009997892084,77.09730852864,3.8842457509914854,788211600.0,-0.005942572786802929
2025-09-21,8.282001921950332,13.424949205137809,73.71958346923655,84.61538461538461,-0.005942572786802929,0.07801492082792684,0.025226562945675563,-0.024514565763585818,70.71785714285714,53.087829039877974,66.0,4.106799625920665,746591600.0,0.006600684031352093
2025-09-28,8.149296660503694,12.986711756367805,74.14717229391609,86.63366336633662,0.006600684031352093,-0.005942572786802929,0.07801492082792684,0.025226562945675563,71.91785714285714,52.528577453623875,66.22,4.149171081212047,778591600.0,0.025975486403260736
2025-10-05,8.111999983752021,12.69869248273583,75.8404479117728,95.55555555555554,0.025975486403260736,0.006600684031352093,-0.005942572786802929,0.07801492082792684,73.03571428571429,52.26185671841632,66.4356,3.9956588611254724,789741600.0,-0.025975486403260677
2025-10-12,7.830790336909516,12.088596272485207,70.84350566209652,74.34944237918214,-0.025975486403260677,0.025975486403260736,0.006600684031352093,-0.005942572786802929,73.46428571428571,52.18980102142107,66.89817599999999,3.9566832281879387,761091600.0,-0.019934214900817253
2025-10-19,7.401571492951319,11.300376517185997,67.26392938010645,63.19702602230482,-0.019934214900817253,-0.025975486403260677,0.025975486403260736,0.006600684031352093,73.5,49.964743517628406,67.65128544,4.3883487118888,717171600.0,-0.04110167568555192
2025-10-26,6.741624290500297,10.223410094676069,60.66210820548247,40.892193308550176,-0.04110167568555192,-0.019934214900817253,-0.025975486403260677,0.025975486403260736,73.45714285714287,47.89861869267808,68.35920831359999,4.396323803896743,692841600.0,-0.06500483030899588
2025-11-02,5.788769652790791,8.768032749792154,52.3605162230572,7.434944237918214,-0.06500483030899588,-0.04110167568555192,-0.019934214900817253,-0.025975486403260677,72.81428571428572,45.19919573585485,79.45,4.403729246475547,687171600.0,0.04380262265839284
2025-11-09,5.215578473356956,7.864733466607161,56.62241096113154,51.41388174807197,0.04380262265839284,-0.06500483030899588,-0.04110167568555192,-0.019934214900817253,72.49285714285715,42.703574664611935,79.20100000000001,4.807034300298723,716501600.0,-0.02166149678117942
2025-11-16,4.587402153591341,6.900652852908575,54.02017687172965,43.70179948586117,-0.02166149678117942,0.04380262265839284,-0.06500483030899588,-0.04110167568555192,72.27857142857144,40.38621224131494,78.43296000000001,4.570817564563099,710161600.0,-0.02587944798782072
2025-11-23,3.903361992480484,5.869897147044505,51.07123740491602,34.70437017994858,-0.02587944798782072,-0.02166149678117942,0.04380262265839284,-0.06500483030899588,72.04642857142858,38.69054178942701,77.6956416,4.422902024237163,660381600.0,0.1165338162559516
2025-11-30,3.981069991695847,5.930588190387471,61.68901755001599,77.12082262210795,0.1165338162559516,-0.02587944798782072,-0.02166149678117942,0.04380262265839284,72.38928571428572,36.12225510082414,76.987815936,4.69626616536308,670171600.0,0.09409732337911558
2025-12-07,4.586897398583147,6.71984057046326,68.32807479733415,100.0,0.09409732337911558,0.1165338162559516,-0.02587944798782072,-0.02166149678117942,73.38214285714285,34.91318837023677,60.0,4.960818582122861,686041600.0,-0.03582841525513984
2025-12-14,4.777937134479643,6.915357536588986,63.67137426808953,87.0535714285714,-0.03582841525513984,0.09409732337911558,0.1165338162559516,-0.02587944798782072,74.04285714285713,33.79048354897706,60.448,5.013617254828371,677501600.0,-0.0018885746878682475
2025-12-21,4.86119690323639,6.9593246131073965,63.43057469314908,86.38392857142853,-0.0018885746878682475,-0.03582841525513984,0.09409732337911558,0.1165338162559516,74.28571428571429,32.7479719292359,60.88704,4.737644593769202,657461600.0,-0.059050561991986474
