,MACD,PPO,RSI,STOCH,Lag_1,Lag_2,Lag_3,Lag_4,SMA,ADX,SAR,ATR,OBV,Target_Return
2010-08-01,0.07927578458148465,3.9409585373830867,55.21088769034664,69.76744186046514,0.03636764417087479,-0.009216655104924063,0.0712890837473019,0.12024912815157675,2.087142857142857,22.592960868235505,2.4941304195567056,0.3434554993155743,404880000.0,-0.09352605801082348
2010-08-08,0.06934612480212055,3.4437320372038958,50.72656675478822,46.511627906976756,-0.09352605801082348,0.03636764417087479,-0.009216655104924063,0.0712890837473019,2.073571428571429,22.372610580043425,2.442882594383303,0.3439229636501761,383460000.0,-0.004914014802429152
2010-08-15,0.05997848680059992,2.9767488311198385,50.50568142160809,48.148148148148124,-0.004914014802429152,-0.09352605801082348,0.03636764417087479,-0.009216655104924063,2.052857142857143,21.928301970287226,2.394709638720305,0.3293570376751635,369110000.0,-0.08209736218720061
2010-08-22,0.03919212099541314,1.9555327955491026,46.98070961155028,28.395061728395078,-0.08209736218720061,-0.004914014802429152,-0.09352605801082348,0.03636764417087479,2.0364285714285715,20.74223897520911,2.3494270603970864,0.32368867784122324,354690000.0,0.015915455305899363
2010-08-29,0.02485303529624483,1.2448614649928837,47.71752302512033,32.09876543209875,0.015915455305899363,-0.08209736218720061,-0.004914014802429152,-0.09352605801082348,2.0292857142857144,19.64089476549371,2.306861436773261,0.31413948656685015,361150000.0,-0.015915455305899457
2010-09-05,0.010942321027139101,0.5506725070788958,47.01390872739143,28.395061728395078,-0.015915455305899457,0.015915455305899363,-0.08209736218720061,-0.004914014802429152,2.0142857142857142,18.61821799932941,2.2668497505668657,0.2967009518120752,356620000.0,-0.04372281101383169
2010-09-12,-0.006462851930446822,-0.32765033280405925,45.10394673307031,21.126760563380294,-0.04372281101383169,-0.015915455305899457,0.015915455305899363,-0.08209736218720061,1.967142857142857,18.061268784800713,2.2292387655328536,0.29265088382549836,336160000.0,-0.14396068892150835
2010-09-19,-0.039171031860971706,-2.017888279895126,39.87083897105868,0.0,-0.14396068892150835,-0.04372281101383169,-0.015915455305899457,0.015915455305899363,1.9421428571428572,17.00617943254296,2.1938844396008825,0.2903186778379628,320850000.0,-0.06669137449867228
2010-09-26,-0.07232791320983356,-3.797129673612154,37.897813342977095,10.89108910891088,-0.06669137449867228,-0.14396068892150835,-0.04372281101383169,-0.015915455305899457,1.9228571428571428,16.859470523510826,2.142373684432812,0.2895816294209655,304310000.0,0.08586129060639257
2010-10-03,-0.08711090670868749,-4.6317226720969495,41.921470767874226,23.762376237623762,0.08586129060639257,-0.06669137449867228,-0.14396068892150835,-0.04372281101383169,1.8921428571428573,16.573684997409014,2.0621363159895307,0.28318294160518226,330610000.0,0.09646026618756211
2010-10-10,-0.08493677447321768,-4.541297043620574,46.51461950274511,39.6039603960396,0.09646026618756211,0.08586129060639257,-0.06669137449867228,-0.14396068892150835,1.887857142857143,15.86029727691718,1.9899226843905777,0.27438416006195493,337890000.0,0.0
2010-10-17,-0.08226545406681551,-4.421289783515077,46.51461950274511,39.6039603960396,0.0,0.09646026618756211,0.08586129060639257,-0.06669137449867228,1.8671428571428572,15.03025005794532,1.92493041595152,0.2733567200575296,360350000.0,0.07205331764005757
2010-10-24,-0.06886467079608116,-3.699700892496844,50.22404964041661,52.475247524752476,0.07205331764005757,0.0,0.09646026618756211,0.08586129060639257,1.845,14.259491926042879,1.34,0.2652598114819918,400100000.0,0.1395294112730761
2010-10-31,-0.035244516714496354,-1.87198132199102,57.121807414455006,80.19801980198018,0.1395294112730761,0.07205331764005757,0.0,0.09646026618756211,1.8442857142857143,14.969443295609688,1.3506,0.2734555392332781,430880000.0,0.126530197165539
2010-11-07,0.014631609893178465,0.7604718426854009,62.862058122464234,90.1639344262295,0.126530197165539,0.1395294112730761,0.07205331764005757,0.0,1.8585714285714288,16.466678550289696,1.386576,0.28392300071661536,492350000.0,-0.06344622173896224
2010-11-14,0.04157579330496741,2.1308602843197604,58.499656457267676,77.8688524590164,-0.06344622173896224,0.126530197165539,0.1395294112730761,0.07205331764005757,1.8764285714285713,17.652547841644367,1.45698144,0.2879285006654286,478110000.0,-0.08661447283677094
2010-11-21,0.047055415142637,2.398150040878008,53.44075026275976,62.295081967213115,-0.08661447283677094,-0.06344622173896224,0.126530197165539,0.1395294112730761,1.8814285714285715,18.700138284721906,1.5231625536,0.2859336077607551,456980000.0,0.02817087696669644
2010-11-28,0.05559864689417138,2.8125438446473887,54.77090909425723,67.21311475409836,0.02817087696669644,-0.08661447283677094,-0.06344622173896224,0.126530197165539,1.9021428571428571,19.44886143162044,1.585372800384,0.27622406434927266,473320000.0,-0.004640379556502336
2010-12-05,0.06086073847279039,3.0588836949993095,54.49148771828355,66.39344262295081,-0.004640379556502336,0.02817087696669644,-0.08661447283677094,-0.06344622173896224,1.9200000000000002,20.14410435374051,1.64385043236096,0.2607794883243246,462800000.0,0.004640379556502301
2010-12-12,0.06508761092358517,3.2507101733944532,54.74014860871933,67.21311475409836,0.004640379556502301,-0.004640379556502336,0.02817087696669644,-0.08661447283677094,1.9407142857142858,20.424246664887615,1.6988194064193023,0.25215238201544427,476810000.0,0.11365931847252128
2010-12-19,0.08839826471354062,4.3477363884219375,60.74578667854742,88.52459016393442,0.11365931847252128,0.004640379556502301,-0.004640379556502336,0.02817087696669644,1.9857142857142858,21.47484715379282,1.7504902420341442,0.2569986404429125,490420000.0,-0.04652001563489282
2010-12-26,0.09687928104796661,4.717291593699475,57.28262351785258,79.50819672131148,-0.04652001563489282,0.11365931847252128,0.004640379556502301,-0.004640379556502336,2.04,22.680756684004738,1.7990608275120956,0.26078445183984733,482310000.0,0.09097177820572659
2011-01-02,0.11996977212424964,5.7429649835762815,61.9543411061731,80.15267175572518,0.09097177820572659,-0.04652001563489282,0.11365931847252128,0.004640379556502301,2.117142857142857,24.51618488968975,1.8447171778613698,0.27644270527985826,550860000.0,0.10851758221059335
2011-01-09,0.15982733895467938,7.457639387895504,67.06716799028158,100.0,0.10851758221059335,0.09097177820572659,-0.04652001563489282,0.11365931847252128,2.2057142857142855,26.28609293341961,1.9203398036324602,0.28598251204558267,618730000.0,0.014084739881739023
2011-01-16,0.19242426636935006,8.761544405476718,67.71170486573078,93.7984496124031,0.014084739881739023,0.10851758221059335,0.09097177820572659,-0.04652001563489282,2.2857142857142856,28.187314604107552,2.010305823269214,0.2934123326137553,668600000.0,-0.02120220765060305
2011-01-23,0.2109839756957239,9.414892359852143,65.63659694026785,88.61788617886178,-0.02120220765060305,0.014084739881739023,0.10851758221059335,0.09097177820572659,2.3614285714285717,29.952734726889215,2.121869124476908,0.28959716599848706,636380000.0,-0.03267078228954871
2011-01-30,0.21594119553039537,9.488985388077044,62.54050216258074,76.53061224489797,-0.03267078228954871,-0.02120220765060305,0.014084739881739023,0.10851758221059335,2.4214285714285713,31.29963737260183,2.2200448295396793,0.2817687969985951,608930000.0,-0.1214798975377096
2011-02-06,0.1926348441697492,8.430737781997903,53.227163756044156,39.999999999999986,-0.1214798975377096,-0.03267078228954871,-0.02120220765060305,0.014084739881739023,2.439285714285714,31.038700477337837,2.306439449994918,0.2937853114986954,529170000.0,0.012422519998557329
2011-02-13,0.17457277579123964,7.604475904358473,53.94197856518954,43.33333333333335,0.012422519998557329,-0.1214798975377096,-0.03267078228954871,-0.02120220765060305,2.4385714285714286,30.01890179693771,2.94,0.2906577892487886,575420000.0,0.016326893287428666
2011-02-20,0.16162303246572662,7.000994683443432,54.930989913257584,47.7777777777778,0.016326893287428666,0.012422519998557329,-0.1214798975377096,-0.03267078228954871,2.4514285714285715,29.071945879423303,2.9262,0.28275366144530373,599230000.0,-0.02045061047129088
2011-02-27,0.14564676025951862,6.286477292806392,53.38775392101538,42.22222222222221,-0.02045061047129088,0.016326893287428666,0.012422519998557329,-0.1214798975377096,2.474285714285714,28.13412703692026,2.9126760000000003,0.27541411419921064,583130000.0,0.032523191705560145
2011-03-06,0.13785171211779446,5.915380340303009,55.539986373321035,51.111111111111114,0.032523191705560145,-0.02045061047129088,0.016326893287428666,0.012422519998557329,2.4985714285714287,27.35265758788075,2.89942248,0.267170248899267,609290000.0,-0.03666398437159136
2011-03-13,0.12299403380598495,5.264498794646367,52.5976476188988,41.11111111111113,-0.03666398437159136,0.032523191705560145,-0.02045061047129088,0.016326893287428666,2.5171428571428573,27.106186821359614,2.8864340304000002,0.26522951683503365,583990000.0,0.056466611667770956
2011-03-20,0.12111985240720502,5.149387169234145,56.46158212197323,53.57142857142855,0.056466611667770956,-0.03666398437159136,0.032523191705560145,-0.02045061047129088,2.5449999999999995,27.38539132485055,2.8737053497920004,0.27485597991824556,598920000.0,-0.17062551703076334
2011-03-27,0.08636236154027266,3.695200231689187,45.13998052589504,4.819277108433739,-0.17062551703076334,0.056466611667770956,-0.03666398437159136,0.032523191705560145,2.525714285714286,26.17809294813363,2.8612312427961606,0.28665198135265657,586540000.0,0.06744128079553248
2011-04-03,0.07011233466116273,3.003444067602872,49.24967558749464,22.89156626506023,0.06744128079553248,-0.17062551703076334,0.056466611667770956,-0.03666398437159136,2.525,25.057030169753634,2.8311819930843143,0.2868911255417525,616630000.0,0.0425596144187959
2011-04-10,0.06455903913295824,2.7598092445029385,51.839883321757455,36.47058823529412,0.0425596144187959,0.06744128079553248,-0.17062551703076334,0.056466611667770956,2.5157142857142856,23.673049642547458,2.8023347133609415,0.2885417594316273,640440000.0,-0.05129329438755058
2011-04-17,0.04989980144980155,2.137157401670952,48.63224065274807,22.352941176470576,-0.05129329438755058,0.0425596144187959,0.06744128079553248,-0.17062551703076334,2.4771428571428573,22.96461021322207,2.759594630559285,0.2850744909007968,611240000.0,0.025975486403260736
2011-04-24,0.04263230980117605,1.8256009355792486,50.288519117262226,30.864197530864196,0.025975486403260736,-0.05129329438755058,0.0425596144187959,0.06744128079553248,2.44,21.673666586814168,2.719418952725728,0.27685488440788275,618590000.0,0.00851068966790861
2011-05-01,0.03804800939497488,1.6280137989384018,50.85732613286448,36.0,0.00851068966790861,0.025975486403260736,-0.05129329438755058,0.0425596144187959,2.4085714285714284,20.577020819711276,2.6816538155621843,0.2670795355216054,630490000.0,-0.0656691035078572
2011-05-08,0.02205691352806527,0.9475970351931264,46.554844086004024,16.000000000000014,-0.0656691035078572,0.00851068966790861,0.025975486403260736,-0.05129329438755058,2.3728571428571428,20.01292624771018,2.646154586628453,0.26728814012720503,608720000.0,-0.004535155165391151
2011-05-15,0.008479195529454753,0.3657645882536497,46.273787339590946,16.66666666666671,-0.004535155165391151,-0.0656691035078572,0.00851068966790861,0.025975486403260736,2.358571428571429,19.489124145137737,2.6127853114307458,0.2553389872609761,598690000.0,-0.04652001563489293
2011-05-22,-0.01023245470341072,-0.4444936627596112,43.44895206618116,16.66666666666668,-0.04652001563489293,-0.004535155165391151,-0.0656691035078572,0.00851068966790861,2.335,18.53941563960546,2.581418192744901,0.2535290595994778,584520000.0,-0.10008345855698265
2011-05-29,-0.04073038631373649,-1.7925007330933522,38.399971877965356,0.0,-0.10008345855698265,-0.04652001563489293,-0.004535155165391151,-0.0656691035078572,2.294285714285714,18.00623718857926,2.532504737325309,0.24970555534237224,572940000.0,-0.059638266319731105
2011-06-05,-0.07293554200486074,-3.2610842977560743,35.92714112524308,6.796116504854375,-0.059638266319731105,-0.10008345855698265,-0.04652001563489293,-0.004535155165391151,2.249285714285714,18.311207635960976,2.469254263592778,0.24472658710363135,557520000.0,0.04905615698919421
2011-06-12,-0.09015684014457515,-4.079251184105112,39.36749791816551,20.909090909090907,0.04905615698919421,-0.059638266319731105,-0.10008345855698265,-0.04652001563489293,2.205,18.87258421986249,2.379343751961645,0.24367468802480055,567960000.0,-0.010695289116747806
2011-06-19,-0.10421732341478318,-4.7714263990287,38.868045347404234,19.090909090909104,-0.010695289116747806,0.04905615698919421,-0.059638266319731105,-0.10008345855698265,2.165714285714286,19.393862476342463,2.2772356266870144,0.2334122103087434,558200000.0,-0.010810916104215617
2011-06-26,-0.11564115135110287,-5.356980207562263,38.34415512154197,21.839080459770134,-0.010810916104215617,-0.010695289116747806,0.04905615698919421,-0.059638266319731105,2.1149999999999998,20.24454182880844,2.1894226389508322,0.22888276671526173,544930000.0,-0.08503704268591218
2011-07-03,-0.13523940798097045,-6.367258263683549,34.57960119866891,7.777777777777761,-0.08503704268591218,-0.010810916104215617,-0.010695289116747806,0.04905615698919421,2.082142857142857,21.304479857721496,2.113903469497716,0.22824828337845732,537950000.0,-0.09946079353063793
2011-07-10,-0.1618165103778071,-7.779702881229779,31.074997908006722,5.714285714285719,-0.09946079353063793,-0.08503704268591218,-0.010810916104215617,-0.010695289116747806,2.027142857142857,22.81119415071681,2.034878914378081,0.23194483456571038,522480000.0,-0.04000533461369925
2011-07-17,-0.18558128849068112,-9.120373443566448,29.85312878639023,13.93442622950819,-0.04000533461369925,-0.09946079353063793,-0.08503704268591218,-0.010810916104215617,1.9607142857142859,24.70771947581165,1.9332007097900266,0.23180591781101678,509190000.0,0.040005334613699206
2011-07-24,-0.197299205376942,-9.877768310187228,32.70280317776971,19.999999999999996,0.040005334613699206,-0.04000533461369925,-0.09946079353063793,-0.08503704268591218,1.907142857142857,25.78080498605417,1.8065605678320213,0.22739120939594418,539360000.0,-0.013158084577511199
2011-07-31,-0.2058269270926516,-10.494399907362926,32.23274922104545,18.260869565217387,-0.013158084577511199,0.040005334613699206,-0.04000533461369925,-0.09946079353063793,1.8478571428571429,26.77724153127937,1.705248454265617,0.21757755158194816,534350000.0,-0.047466537238923724
2011-08-07,-0.21574663012242246,-11.221097072009927,30.576219445571,12.173913043478251,-0.047466537238923724,-0.013158084577511199,0.040005334613699206,-0.04000533461369925,1.782142857142857,28.179623597831387,1.6241987634124937,0.21632201218323757,478780000.0,-0.03533936644530885
2011-08-14,-0.2250484301585971,-11.950135160233925,29.4134219231792,8.999999999999988,-0.03533936644530885,-0.047466537238923724,-0.013158084577511199,0.040005334613699206,1.7235714285714285,29.399278021402115,1.559359010729995,0.20944186845586346,442930000.0,0.007168489478612497
2011-08-21,-0.2289737899572113,-12.39414990236623,29.986896696139,11.111111111111093,0.007168489478612497,-0.03533936644530885,-0.047466537238923724,-0.013158084577511199,1.6664285714285716,30.78083106808325,1.507487208583996,0.20448173499473032,466740000.0,0.02817087696669644
2011-08-28,-0.22624894319023148,-12.450044571076427,32.354325334552584,17.499999999999986,0.02817087696669644,0.007168489478612497,-0.03533936644530885,-0.047466537238923724,1.6192857142857142,31.973399034567755,1.4659897668671968,0.19773303963796388,474670000.0,0.02739897418811456
2011-09-04,-0.21834487300880578,-12.18257254904661,34.73110283091522,30.508474576271183,0.02739897418811456,0.02817087696669644,0.007168489478612497,-0.03533936644530885,1.5892857142857142,32.619770262243414,1.3,0.1971806796638236,484390000.0,0.0067340321813441194
2011-09-11,-0.2088662439719764,-11.801141125516619,35.34273527494989,32.75862068965517,0.0067340321813441194,0.02739897418811456,0.02817087696669644,0.007168489478612497,1.567857142857143,33.21997211651367,1.304,0.19023920254497906,498840000.0,-0.11359717772370533
2011-09-18,-0.21182325832805593,-12.192684710850923,30.429342582636025,8.333333333333343,-0.11359717772370533,0.0067340321813441194,0.02739897418811456,0.02817087696669644,1.5285714285714285,34.234743401871256,1.5,0.19165068807748056,484280000.0,-0.05406722127027582
2011-09-25,-0.21731011278563317,-12.768357919296818,28.558733647059242,21.621621621621614,-0.05406722127027582,-0.11359717772370533,0.0067340321813441194,0.02739897418811456,1.4857142857142858,35.73743446076635,1.4956,0.19438992464337482,475960000.0,0.10536051565782614
2011-10-02,-0.20796437069073637,-12.381953541850267,36.91192431617136,43.4782608695652,0.10536051565782614,-0.05406722127027582,-0.11359717772370533,0.0067340321813441194,1.4542857142857142,35.97935159801887,1.479776,0.19336207288313378,485630000.0,-0.06644509940815263
2011-10-09,-0.20545173092190572,-12.435037150676473,34.14775545498044,32.30769230769231,-0.06644509940815263,0.10536051565782614,-0.05406722127027582,-0.11359717772370533,1.4271428571428573,35.79359742218395,1.1,0.19455049624862422,480880000.0,0.0592766099295401
2011-10-16,-0.1947600418617459,-11.928138823464831,38.552628108327376,60.41666666666663,0.0592766099295401,-0.06644509940815263,0.10536051565782614,-0.05406722127027582,1.417142857142857,35.62111140176581,1.1078000000000001,0.19279688937372247,498730000.0,-0.02181904739463961
2011-10-23,-0.18655703713527605,-11.568909645471459,37.53858453087925,54.16666666666667,-0.02181904739463961,0.0592766099295401,-0.06644509940815263,0.10536051565782614,1.409285714285714,35.460945811377535,1.115444,0.1911685401327423,448870000.0,-0.045120435280469655
2011-10-30,-0.18279050024547483,-11.500461443600196,35.52595837948118,44.44444444444444,-0.045120435280469655,-0.02181904739463961,0.0592766099295401,-0.06644509940815263,1.3928571428571428,35.5456308454598,1.1229351200000002,0.18679935869468928,442570000.0,-0.055350095083164956
2011-11-06,-0.18334047276491283,-11.731573705192758,33.28388073213779,32.49999999999998,-0.055350095083164956,-0.045120435280469655,-0.02181904739463961,0.0592766099295401,1.3728571428571428,35.894011238348845,1.1302764176000002,0.18274226164506865,437570000.0,-0.11170398958000116
2011-11-13,-0.19205238316886075,-12.564645915104085,29.5535716600818,11.111111111111121,-0.11170398958000116,-0.055350095083164956,-0.045120435280469655,-0.02181904739463961,1.3485714285714288,36.701698687610985,1.49,0.18254638581327803,426830000.0,0.0
2011-11-20,-0.1966893228509412,-13.140898059306624,29.5535716600818,20.000000000000018,0.0,-0.11170398958000116,-0.055350095083164956,-0.045120435280469655,1.3278571428571428,37.634886175275824,1.4812,0.17665021539804387,433560000.0,0.026907452919924187
2011-11-27,-0.1956876166434438,-13.315669964580087,31.605119843408488,25.99999999999998,0.026907452919924187,0.0,-0.11170398958000116,-0.055350095083164956,1.3085714285714285,37.48820465748175,1.4619520000000001,0.17188948572675503,448460000.0,-0.12221763272424915
2011-12-04,-0.2030431161487556,-14.151135860215874,27.823780435517364,7.407407407407414,-0.12221763272424915,0.026907452919924187,0.0,-0.11170398958000116,1.2771428571428574,37.890703802385985,1.4434739200000002,0.17175452246055825,442700000.0,-0.040821994520255166
2011-12-11,-0.20968297341190567,-14.981135145395921,26.76276777209705,5.263157894736827,-0.040821994520255166,-0.12221763272424915,0.026907452919924187,0.0,1.24,38.379315995906055,1.4144654848000002,0.16520062799908983,433890000.0,0.08961215868968714
2011-12-18,-0.20531610404928058,-14.945699853570174,32.957490775449685,21.42857142857143,0.08961215868968714,-0.040821994520255166,-0.12221763272424915,0.026907452919924187,1.2085714285714286,38.14728496058894,1.3757082460160002,0.16197201171344058,443100000.0,-0.03883983331626401
2011-12-25,-0.20274586618341472,-15.053864522170631,31.675129107942993,14.285714285714281,-0.03883983331626401,0.08961215868968714,-0.040821994520255166,-0.12221763272424915,1.1857142857142857,37.73876631456748,1.3400515863347202,0.1568311537339091,437880000.0,-0.040409538337876666
2012-01-01,-0.20161253604709906,-15.286514578750138,30.40123790170975,8.771929824561392,-0.040409538337876666,-0.03883983331626401,0.08961215868968714,-0.040821994520255166,1.1649999999999998,37.78593318791998,1.3072474594279426,0.15205749989577272,432400000.0,-0.04211148535012685
2012-01-08,-0.20161790376312405,-15.628268855635138,29.139189260687772,1.7543859649122824,-0.04211148535012685,-0.040409538337876666,-0.03883983331626401,0.08961215868968714,1.1314285714285715,37.82973099889016,1.2685227134851484,0.1440533927603604,431370000.0,-0.010810916104215617
2012-01-15,-0.2001221901074386,-15.84911577853679,28.817112067290367,3.6363636363636402,-0.010810916104215617,-0.04211148535012685,-0.040409538337876666,-0.03883983331626401,1.1035714285714284,37.238182030037144,1.2336704421366336,0.14019243613462035,421040000.0,-0.010929070532190317
2012-01-22,-0.1974674607178566,-15.96926149269621,28.478128506258813,5.263157894736847,-0.010929070532190317,-0.010810916104215617,-0.04211148535012685,-0.040409538337876666,1.0692857142857144,36.80182263694348,1.1936299890802375,0.13517869069643318,403950000.0,-0.0800427076735365
2012-01-29,-0.1987212486808012,-16.46169928923882,26.15847397254707,0.0,-0.0800427076735365,-0.010929070532190317,-0.010810916104215617,-0.04211148535012685,1.032142857142857,36.623455631769765,1.1497217906090043,0.1333802127895451,392570000.0,0.011834457647002798
2012-02-05,-0.1966412107750649,-16.654402768910685,27.072357153644248,8.888888888888873,0.011834457647002798,-0.0800427076735365,-0.010929070532190317,-0.010810916104215617,1.0,36.626311223128994,1.1001663041115635,0.1274244833045776,400900000.0,0.079137320558724
2012-02-12,-0.18718658038424496,-16.117269862024887,33.29573733772983,29.268292682926834,0.079137320558724,0.011834457647002798,-0.0800427076735365,-0.010929070532190317,0.9778571428571429,35.92825561141482,1.047936369371482,0.12689416306853632,414390000.0,0.083381608939051
2012-02-19,-0.17126415964631791,-14.899688267955682,39.63575621253046,50.0,0.083381608939051,0.079137320558724,0.011834457647002798,-0.0800427076735365,0.9707142857142858,33.73145153117104,0.8,0.129258865706498,540070000.0,0.0
2012-02-26,-0.1568376002687818,-13.777290032315173,39.63575621253046,50.0,0.0,0.083381608939051,0.079137320558724,0.011834457647002798,0.9635714285714284,31.691562028087528,0.8,0.12288323244174815,558600000.0,0.08617769624105241
2012-03-04,-0.1365679300981334,-12.0345990297686,46.295663828466,93.54838709677419,0.08617769624105241,0.0,0.083381608939051,0.079137320558724,0.9607142857142856,29.81195610811802,0.8056000000000001,0.12624871583876615,579570000.0,0.12893368337589303
2012-03-11,-0.10716499272684898,-9.379152143352922,55.17263969642325,100.0,0.12893368337589303,0.08617769624105241,0.0,0.083381608939051,0.9778571428571429,28.978896349697617,0.8177760000000001,0.13080237899313998,969600000.0,-0.08408311721054144
2012-03-18,-0.09088445783223165,-7.955603180373181,49.31975436258791,67.99999999999997,-0.08408311721054144,0.12893368337589303,0.08617769624105241,0.0,0.9907142857142858,28.57292000502582,0.8431094400000001,0.1307450662079157,896710000.0,-0.035718082602079114
2012-03-25,-0.08028421587397339,-7.0470794654824696,47.16446379216269,60.00000000000001,-0.035718082602079114,-0.08408311721054144,0.12893368337589303,0.08617769624105241,0.9942857142857143,26.778392005104774,0.8796606848000001,0.13283470433592173,885680000.0,0.01801850550267843
2012-04-01,-0.06946882156623291,-6.10538411880497,48.37915181109551,64.00000000000001,0.01801850550267843,-0.035718082602079114,-0.08408311721054144,0.12893368337589303,1.0021428571428572,25.31674449613238,0.9132878300160001,0.12977508259764162,890880000.0,0.11778303565638346
2012-04-08,-0.049035463387048894,-4.275558469085113,56.00405003912563,92.0,0.11778303565638346,0.01801850550267843,-0.035718082602079114,-0.08408311721054144,1.022857142857143,24.4239647702076,0.94422480361472,0.13264829098352435,935160000.0,-0.048790164169432056
2012-04-15,-0.037253938165328515,-3.2371829819018934,52.42972230671862,76.9230769230769,-0.048790164169432056,0.11778303565638346,0.01801850550267843,-0.035718082602079114,1.042142857142857,23.969910370862216,0.9726868193255425,0.13388769877041548,915640000.0,0.0
2012-04-22,-0.027598852157823206,-2.390635069399236,52.42972230671862,76.9230769230769,0.0,-0.048790164169432056,0.11778303565638346,0.01801850550267843,1.0621428571428573,23.115944735011578,1.0074181373929882,0.13218143457252865,933480000.0,0.03278982282299097
2012-04-29,-0.01652892605897649,-1.423933435002867,54.666742824876074,84.6153846153846,0.03278982282299097,0.0,-0.048790164169432056,0.11778303565638346,1.0857142857142856,22.15010177180889,1.0386763236536893,0.13273990353163373,953880000.0,0.05491575759611463
2012-05-06,-0.002083497621885977,-0.1777962291129709,58.35733087471517,82.25806451612905,0.05491575759611463,0.03278982282299097,0.0,-0.048790164169432056,1.1192857142857142,22.37141159482037,1.0668086912883203,0.1404013389936599,1004010000.0,-0.023167059281534418
2012-05-13,0.006864726909987073,0.5818269232867476,56.24402229174434,77.4193548387097,-0.023167059281534418,0.05491575759611463,0.03278982282299097,0.0,1.1500000000000001,22.57691357333103,1.1,0.13894410049411277,980640000.0,-0.0729067708080879
2012-05-20,0.006617726450229844,0.5605352061493559,50.352901398437325,53.99999999999999,-0.0729067708080879,-0.023167059281534418,0.05491575759611463,0.03278982282299097,1.1692857142857143,22.76773683909093,1.1384,0.13544809331596186,972790000.0,-0.042925044717034
2012-05-27,0.002360187896856214,0.20042348129141596,47.383551666321274,41.666666666666664,-0.042925044717034,-0.0729067708080879,-0.023167059281534418,0.05491575759611463,1.1792857142857145,21.57880606318964,1.42,0.13720180093625028,949040000.0,-0.035718082602079114
2012-06-03,-0.004193270375979274,-0.3578326686390719,45.09259561926606,33.333333333333364,-0.035718082602079114,-0.042925044717034,-0.0729067708080879,-0.023167059281534418,1.1864285714285714,20.47479891413844,1.4123999999999999,0.13454452944080383,922420000.0,-0.009132483563272587
2012-06-10,-0.010077680471494377,-0.8644513706705681,44.51316385104908,21.42857142857145,-0.009132483563272587,-0.035718082602079114,-0.042925044717034,-0.0729067708080879,1.1864285714285714,19.361197620959217,1.404952,0.12993420590931784,914870000.0,0.0
2012-06-17,-0.01457312791987242,-1.2561144591208937,44.51316385104908,21.42857142857145,0.0,-0.009132483563272587,-0.035718082602079114,-0.042925044717034,1.1757142857142857,18.327139277292794,1.39765296,0.12493890548722371,926780000.0,0.09614386055290215
2012-06-24,-0.009154197824785326,-0.7870346409973212,52.328040428921966,47.61904761904762,0.09614386055290215,0.0,-0.009132483563272587,-0.035718082602079114,1.18,17.366942243888257,1.3904999008,0.12744326938099343,961310000.0,-0.03390155167568134
2012-07-01,-0.007995159171087174,-0.6875228134115469,49.592756587434536,31.578947368421034,-0.03390155167568134,0.09614386055290215,0.0,-0.009132483563272587,1.1842857142857144,16.667753433984853,1.383489902784,0.12262589299663676,909830000.0,0.07472354619593657
2012-07-08,0.00018351965071161658,0.01569421321001043,55.25952796389788,55.26315789473685,0.07472354619593657,-0.03390155167568134,0.09614386055290215,0.0,1.1935714285714287,16.307325694246266,1.37662010472832,0.12100975778259128,937860000.0,-0.04919024419077178
2012-07-15,0.0018029002700614694,0.15397876612480327,51.13253707855595,39.4736842105263,-0.04919024419077178,0.07472354619593657,-0.03390155167568134,0.09614386055290215,1.1885714285714286,16.345773104072066,1.3698877026337535,0.12308048936954906,837730000.0,-0.051735674399188865
2012-07-22,-0.001735224888796072,-0.14858310332694435,47.32615610200132,23.68421052631576,-0.051735674399188865,-0.04919024419077178,0.07472354619593657,-0.03390155167568134,1.1835714285714285,15.766336688949679,1.3632899485810783,0.12214616870029556,777370000.0,-0.026907452919924156
2012-07-29,-0.0068806480202223685,-0.5917196595745974,45.502250016656866,15.789473684210545,-0.026907452919924156,-0.051735674399188865,-0.04919024419077178,0.07472354619593657,1.1764285714285714,15.107480261007314,1.3568241496094569,0.1205642995074173,721880000.0,-0.009132483563272587
2012-08-05,-0.011631271293901513,-1.0049239302640982,44.881337436238226,13.15789473684212,-0.009132483563272587,-0.026907452919924156,-0.051735674399188865,-0.04919024419077178,1.1657142857142857,14.495685006489406,1.3504876666172678,0.11623827811403034,679680000.0,-0.0469569830877711
2012-08-12,-0.019209323473634354,-1.6722231624009054,41.809308782615275,12.903225806451623,-0.0469569830877711,-0.009132483563272587,-0.026907452919924156,-0.051735674399188865,1.1464285714285716,13.956612139819281,1.3442779132849225,0.11650697253445676,657950000.0,-0.029270382300113224
2012-08-19,-0.02732079656631803,-2.3998168742571373,40.038493997520945,6.666666666666671,-0.029270382300113224,-0.0469569830877711,-0.009132483563272587,-0.026907452919924156,1.127142857142857,13.567440843724148,1.3305067967535256,0.11175647449628127,625950000.0,0.03883983331626396
2012-08-26,-0.03017370800284991,-2.6657543675097597,43.47609695683642,20.000000000000014,0.03883983331626396,-0.029270382300113224,-0.0469569830877711,-0.009132483563272587,1.1171428571428572,12.936029676693767,1.310076388948314,0.10805958346083262,690350000.0,0.06453852113757116
2012-09-02,-0.026480989521467935,-2.341337580228172,48.987733081161934,43.333333333333364,0.06453852113757116,0.03883983331626396,-0.029270382300113224,-0.0469569830877711,1.1157142857142857,12.856032729395043,1.2908718056114152,0.11105532749934457,741190000.0,0.20148205453303028
2012-09-09,-0.0033430364147275515,-0.2910222445589325,62.901189505035084,97.4358974358975,0.20148205453303028,0.06453852113757116,0.03883983331626396,-0.029270382300113224,1.135,14.497170779525785,0.99,0.1216942326779628,828090000.0,0.11697167658550421
2012-09-16,0.02838434036593518,2.4101390415529784,69.07749386337791,100.0,0.11697167658550421,0.20148205453303028,0.06453852113757116,0.03883983331626396,1.167142857142857,16.82685954757836,0.9978,0.13300178748667973,913410000.0,0.03822121282019788
2012-09-23,0.05770482826684242,4.7729916051170145,70.9177717009962,81.33333333333334,0.03822121282019788,0.11697167658550421,0.20148205453303028,0.06453852113757116,1.2035714285714287,19.713063561645818,1.019488,0.1449302312376312,998410000.0,-0.006269613013595374
2012-09-30,0.07922139481864354,6.403230453521661,70.16825242758759,80.00000000000001,-0.006269613013595374,0.03822121282019788,0.11697167658550421,0.20148205453303028,1.2314285714285715,22.393110146137037,1.06271872,0.14529235757780043,951330000.0,0.22941316432780512
2012-10-07,0.12788284844391629,9.8849489974277,79.66001538591206,96.19047619047619,0.22941316432780512,-0.006269613013595374,0.03822121282019788,0.11697167658550421,1.2914285714285716,25.71854457939745,1.1033555968,0.1670571891793861,1014020000.0,-0.0888312137066157
2012-10-14,0.1509893109885725,11.323311491246137,69.7502433610512,69.42148760330579,-0.0888312137066157,0.22941316432780512,-0.006269613013595374,0.03822121282019788,1.332857142857143,29.076825171312915,1.178287149056,0.18512453280942998,951710000.0,-0.13431233760759406
2012-10-21,0.14902441057782068,11.012878409473323,59.047640219986846,50.413223140495866,-0.13431233760759406,-0.0888312137066157,0.22941316432780512,-0.006269613013595374,1.362142857142857,30.607459572153925,1.2804584341504002,0.18975849475161355,926660000.0,0.0
2012-10-28,0.14578667480782626,10.629989480302491,59.047640219986846,50.413223140495866,0.0,-0.13431233760759406,-0.0888312137066157,0.22941316432780512,1.3957142857142857,32.028762944363436,1.3724125907353601,0.18691860226935542,952970000.0,-0.025317807984289897
2012-11-04,0.13839771744036256,9.989503908154035,57.27504071673626,47.107438016528924,-0.025317807984289897,0.0,-0.13431233760759406,-0.0888312137066157,1.4285714285714286,32.52542351089252,1.4551713316618242,0.18356727353583002,922640000.0,-0.012903404835907954
2012-11-11,0.12943602471724613,9.26607471102863,56.363944706143535,45.45454545454545,-0.012903404835907954,-0.025317807984289897,0.0,-0.13431233760759406,1.4607142857142856,32.1610634352034,2.2,0.18545532542612791,888070000.0,0.00647251450561752
2012-11-18,0.12173742187472181,8.644754399744318,56.73453564411131,46.28099173553719,0.00647251450561752,-0.012903404835907954,-0.025317807984289897,0.0,1.497142857142857,31.90578683852402,2.1838,0.18077994503854736,928090000.0,-0.046212843155131564
2012-11-25,0.10873438634995525,7.692346792099111,53.320808826035254,39.99999999999999,-0.046212843155131564,0.00647251450561752,-0.012903404835907954,-0.025317807984289897,1.530714285714286,31.006972003818635,2.167924,0.1792956632500797,899620000.0,0.05903353158419314
2012-12-02,0.10448717177812994,7.331766923720654,56.91068907090594,47.05882352941176,0.05903353158419314,-0.046212843155131564,0.00647251450561752,-0.012903404835907954,1.567857142857143,29.88823262401585,2.15236552,0.18291740158935973,943750000.0,0.06771817405495086
2012-12-09,0.10874377378848776,7.530686483067149,60.871504850928865,51.4018691588785,0.06771817405495086,0.05903353158419314,-0.046212843155131564,0.00647251450561752,1.6078571428571429,29.60870199496471,2.1210708992000002,0.18485187290440547,974540000.0,0.0059347355198145265
2012-12-16,0.11163719389587934,7.634720067341673,61.220491962224195,45.74468085106381,0.0059347355198145265,0.06771817405495086,0.05903353158419314,-0.046212843155131564,1.6307142857142856,29.349137839417228,2.091028063232,0.18093388198266222,1001880000.0,-0.005934735519814578
2012-12-23,0.11183417894986558,7.5647386592380546,60.638058639284125,37.34939759036142,-0.005934735519814578,0.0059347355198145265,0.06771817405495086,0.05903353158419314,1.6407142857142856,29.10811398069456,2.0621869407027202,0.17301003326961492,994760000.0,0.16430305129127634
2012-12-30,0.1346456723232181,8.884454573191602,69.89217115959302,73.49397590361444,0.16430305129127634,-0.005934735519814578,0.0059347355198145265,0.06771817405495086,1.6678571428571427,30.022991568553238,2.0344994630746114,0.18493788803607103,1031870000.0,0.08237099743312756
2013-01-06,0.1645447549111927,10.530740462519086,73.66984174965819,77.22772277227723,0.08237099743312756,0.16430305129127634,-0.005934735519814578,0.0059347355198145265,1.707857142857143,31.865741035541618,1.37,0.20101375317635167,1160020000.0,0.27126904281045083
2013-01-13,0.2395421016121846,14.468028131542304,82.81930943101099,100.0,0.27126904281045083,0.08237099743312756,0.16430305129127634,-0.005934735519814578,1.7664285714285715,34.302316734123366,1.3902,0.2345127708066123,1324580000.0,-0.003552401604367772
2013-01-20,0.29477316125983144,16.92958850545461,82.35930194872304,83.23699421965318,-0.003552401604367772,0.27126904281045083,0.08237099743312756,0.16430305129127634,1.8364285714285715,36.895609178072455,1.447392,0.24990471574899714,1224880000.0,0.014134510934904716
2013-01-27,0.3378770038753973,18.53100016369101,82.77151807443065,85.54913294797689,0.014134510934904716,-0.003552401604367772,0.27126904281045083,0.08237099743312756,1.9257142857142857,39.30366644745376,1.54654848,0.2477686646240688,1301150000.0,0.01739174271186902
2013-02-03,0.37178597454143425,19.536199352686758,83.29693033118642,88.43930635838149,0.01739174271186902,0.014134510934904716,-0.003552401604367772,0.27126904281045083,2.0185714285714282,41.76195292176244,1.6397555712,0.2522137600080639,1499250000.0,-0.03509131981127017
2013-02-10,0.38613874672090587,19.605909845773457,78.16278794629918,82.65895953757224,-0.03509131981127017,0.01739174271186902,0.014134510934904716,-0.003552401604367772,2.107142857142857,43.59039077453887,1.727370236928,0.2541984914360593,1404980000.0,-0.05505977718302731
2013-02-17,0.38101754262538146,18.863103693553498,71.08507002988509,73.98843930635837,-0.05505977718302731,-0.03509131981127017,0.01739174271186902,0.014134510934904716,2.1864285714285714,44.83481078511272,1.80972802271232,0.24675574204776937,1365520000.0,0.014981553615616894
2013-02-24,0.3758540061673452,18.16118648893127,71.81792755360901,76.30057803468206,0.014981553615616894,-0.05505977718302731,-0.03509131981127017,0.01739174271186902,2.267857142857143,44.22860659175226,1.8871443413495808,0.256987474758643,1436700000.0,-0.037883317902301365
2013-03-03,0.3595480558806523,17.05556950516592,67.23030994047197,70.52023121387282,-0.037883317902301365,0.014981553615616894,-0.05505977718302731,-0.03509131981127017,2.347142857142857,43.95988075456447,1.959915680868606,0.26434551227588277,1398500000.0,0.0038535693159899723
2013-03-10,0.3434730457599593,16.016202651287276,67.45419957285729,67.74193548387096,0.0038535693159899723,-0.037883317902301365,0.014981553615616894,-0.05505977718302731,2.420714285714286,43.71034962003295,2.0283207400164898,0.261892261399034,1425920000.0,0.04879016416943204
2013-03-17,0.3373348122379354,15.418182134619162,70.2954688010724,75.49668874172184,0.04879016416943204,0.0038535693159899723,-0.037883317902301365,0.014981553615616894,2.4957142857142856,43.47864213796796,2.0926214956155005,0.25818567129910297,1450280000.0,0.014545711002378716
2013-03-24,0.33187226674645887,14.87535410008245,71.13060336913036,77.24137931034483,0.014545711002378716,0.04879016416943204,0.0038535693159899723,-0.037883317902301365,2.572857142857143,43.391673162790084,2.1530642058785703,0.2526009804920242,1476160000.0,0.09629427042007302
2013-03-31,0.3461466568400713,15.10445351965131,76.17922063050557,90.25974025974024,0.09629427042007302,0.014545711002378716,0.04879016416943204,0.0038535693159899723,2.670714285714286,44.194593584697195,2.209880353525856,0.27027233902830816,1590400000.0,-0.03333642026759172
2013-04-07,0.3454083965790553,14.758204080112211,71.3782682359028,79.67479674796748,-0.03333642026759172,0.09629427042007302,0.014545711002378716,0.04879016416943204,2.7399999999999998,43.99668400204148,2.2890899252437875,0.2881100290977147,1524180000.0,-0.0811732900438225
2013-04-14,0.3225461311713751,13.617787501763248,61.740556479290724,53.846153846153854,-0.0811732900438225,-0.03333642026759172,0.09629427042007302,0.014545711002378716,2.7807142857142857,43.39375587941264,2.3619627312242844,0.3039593127335922,1452900000.0,-0.11686434013931098
2013-04-21,0.27702673655086896,11.67719059347979,51.897452583311136,12.359550561797738,-0.11686434013931098,-0.0811732900438225,-0.03333642026759172,0.09629427042007302,2.7521428571428572,42.1316414504174,3.2,0.3115336475383357,1407550000.0,0.0832163060210782
2013-04-28,0.25495853009262825,10.661216137345763,57.05832617585661,35.95505617977526,0.0832163060210782,-0.11686434013931098,-0.0811732900438225,-0.03333642026759172,2.739285714285714,40.95967805206468,3.1822000000000004,0.3171383869998831,1425480000.0,0.0037950709685517555
2013-05-05,0.2355608352311278,9.774840957057043,57.29329841984778,37.07865168539326,0.0037950709685517555,0.0832163060210782,-0.11686434013931098,-0.0811732900438225,2.724285714285714,39.87142632502287,3.1647560000000006,0.30877135935703437,1456240000.0,0.09047758496611602
2013-05-12,0.23762177703216114,9.716957255882798,62.77699831920242,65.1685393258427,0.09047758496611602,0.0037950709685517555,0.0832163060210782,-0.11686434013931098,2.7235714285714283,39.441734623717586,3.1476608800000005,0.3052876908315319,1507120000.0,-0.060624621816434854
2013-05-19,0.22296728098417118,9.042492997402558,57.38136849076608,46.06741573033709,-0.060624621816434854,0.09047758496611602,0.0037950709685517555,0.0832163060210782,2.7178571428571425,39.18491020045609,3.1309076624000007,0.304195712914994,1459690000.0,0.021819047394639673
2013-05-26,0.21373122532282096,8.586865119938892,58.72960847340324,52.808988764044905,0.021819047394639673,-0.060624621816434854,0.09047758496611602,0.0037950709685517555,2.7271428571428573,38.701220885117,3.114489509152001,0.2981817334210658,1473980000.0,-0.010850016024065705
2013-06-02,0.20166615350469375,8.039703133901433,57.74595092947106,49.43820224719099,-0.010850016024065705,0.021819047394639673,-0.060624621816434854,0.09047758496611602,2.7314285714285718,38.47154715328497,3.098399718968961,0.29474018103384686,1423090000.0,-0.03327478888487221
2013-06-09,0.18273578494627873,7.252544294337976,54.781613879857005,39.325842696629216,-0.03327478888487221,-0.010850016024065705,0.021819047394639673,-0.060624621816434854,2.7364285714285717,37.86852921306522,3.082631724589582,0.28725873953142916,1385190000.0,-0.02666824708216141
2013-06-16,0.16023779493673684,6.346494955268048,52.52323040280603,32.222222222222214,-0.02666824708216141,-0.03327478888487221,-0.010850016024065705,0.021819047394639673,2.7357142857142853,35.69900510400877,3.06717909009779,0.2924545438506128,1248850000.0,0.022901764286684414
2013-06-23,0.14557141763653458,5.7445111846412376,54.26368203057835,38.88888888888888,0.022901764286684414,-0.02666824708216141,-0.03327478888487221,-0.010850016024065705,2.73,33.68444700274206,3.0364919264938783,0.2951363621469976,1286550000.0,0.0
2013-06-30,0.13242173265618762,5.207956342376486,54.26368203057835,38.88888888888888,0.0,0.022901764286684414,-0.02666824708216141,-0.03327478888487221,2.721428571428571,31.904121361854212,3.0070322494341233,0.28548376485078353,1308340000.0,-0.007575793808457656
2013-07-07,0.11901475174387954,4.66880260026549,53.50540730111359,47.14285714285714,-0.007575793808457656,0.0,0.022901764286684414,-0.02666824708216141,2.6914285714285713,30.02874678012578,2.9787509594567583,0.277234924504299,1274330000.0,0.03731776300719528
2013-07-14,0.11513162137960498,4.492861184440943,56.759031739548725,65.15151515151516,0.03731776300719528,-0.007575793808457656,0.0,0.022901764286684414,2.6757142857142857,28.769226523203688,2.951600921078488,0.26743242989684907,1296710000.0,-0.037317763007195165
2013-07-21,0.10280003352862543,4.003830148993448,52.78134898029106,51.5625,-0.037317763007195165,0.03731776300719528,-0.007575793808457656,0.0,2.669285714285714,26.768366036685343,2.9255368842353486,0.26761582776135984,1162680000.0,0.04461706548880669
2013-07-28,0.10153967229462557,3.934033404969402,56.70258565549954,70.31250000000001,0.04461706548880669,-0.037317763007195165,0.03731776300719528,-0.007575793808457656,2.6928571428571426,25.491020313590184,2.900515408865935,0.26564326863554844,1262920000.0,0.018018505502678212
2013-08-04,0.10338366651534203,3.9804657016293183,58.25803479040216,78.12499999999999,0.018018505502678212,0.04461706548880669,-0.037317763007195165,0.03731776300719528,2.7050000000000005,24.750531346543024,2.3,0.2680973208758664,1430220000.0,-0.01801850550267825
2013-08-11,0.09966162590176841,3.8205191560583427,56.08808758496548,70.31250000000001,-0.01801850550267825,0.018018505502678212,0.04461706548880669,-0.037317763007195165,2.712857142857143,24.15104254953897,2.312,0.2718046550990188,1324470000.0,-0.056089466651043585
2013-08-18,0.08364394022558708,3.2072648630591587,50.06358467959842,46.875000000000036,-0.056089466651043585,-0.01801850550267825,0.018018505502678212,0.04461706548880669,2.692142857142857,22.721260810795606,2.3363199999999997,0.2738186083062317,1301540000.0,-0.01941808585710174
2013-08-25,0.06615266010634979,2.5407568600725696,48.20490213645076,40.32258064516128,-0.01941808585710174,-0.056089466651043585,-0.01801850550267825,0.018018505502678212,2.68,21.39360633910534,2.3596671999999996,0.26497442199864374,1289670000.0,-0.060624621816434854
2013-09-01,0.03972897727667579,1.5347825369770953,43.042129867076625,16.129032258064527,-0.060624621816434854,-0.01941808585710174,-0.056089466651043585,-0.01801850550267825,2.652857142857143,20.280587085189925,2.92,0.258904820427312,1280150000.0,0.02469261259037163
2013-09-08,0.023360234577909367,0.9057690622432792,45.554028941143024,31.34328358208955,0.02469261259037163,-0.060624621816434854,-0.01941808585710174,-0.056089466651043585,2.632142857142857,19.83042472932189,2.909,0.2554116189682183,1291980000.0,-0.033060862260888176
2013-09-15,0.0038877411862503486,0.1516099184505985,42.841134898232724,19.40298507462685,-0.033060862260888176,0.02469261259037163,-0.060624621816434854,-0.01941808585710174,2.6121428571428567,19.166658345976504,2.88264,0.25502507475620273,1280110000.0,-0.03419136474827931
2013-09-22,-0.017794556954636942,-0.6992717095592522,40.259140918872966,17.333333333333318,-0.03419136474827931,-0.033060862260888176,0.02469261259037163,-0.060624621816434854,2.5914285714285716,18.940411419213994,2.8573344,0.2518089979879025,1248570000.0,-0.021978906718775115
2013-09-29,-0.03856792949288579,-1.5287168864152167,38.689667529582536,10.666666666666677,-0.021978906718775115,-0.03419136474827931,-0.033060862260888176,0.02469261259037163,2.562857142857143,18.730324987220232,2.816094336,0.24096549813162377,1197760000.0,0.05617027146705449
2013-10-06,-0.0440334728833327,-1.7527081278987076,44.72343453037728,27.999999999999996,0.05617027146705449,-0.021978906718775115,-0.03419136474827931,-0.033060862260888176,2.5435714285714286,18.320945994502626,2.7773286758399998,0.23303939112222208,1210130000.0,0.016667052485211643
2013-10-13,-0.044622904623616844,-1.781017310088808,46.46909887282041,33.333333333333336,0.016667052485211643,0.05617027146705449,-0.021978906718775115,-0.03419136474827931,2.5285714285714285,17.651789459950248,2.7408889552896,0.2242508631849205,1213640000.0,-0.012474174225175688
2013-10-20,-0.04696934938168962,-1.8810920240738278,45.31327648377879,29.33333333333336,-0.012474174225175688,0.016667052485211643,0.05617027146705449,-0.021978906718775115,2.504285714285714,16.47319477864505,2.706635617972224,0.2225186586717119,1176110000.0,-0.06481750007647082
2013-10-27,-0.06023828075189819,-2.4310330168192964,39.96122445407877,9.333333333333371,-0.06481750007647082,-0.012474174225175688,0.016667052485211643,0.05617027146705449,2.4764285714285714,15.884254882823429,2.6744374808938907,0.21876732590944675,1163330000.0,0.017699577099400638
2013-11-03,-0.06675680782825122,-2.7101331317495463,41.93089420268251,14.66666666666665,0.017699577099400638,-0.06481750007647082,-0.012474174225175688,0.016667052485211643,2.442857142857143,15.337382122417639,2.6441712320402573,0.21099823120162914,1205140000.0,-0.00881062968215492
2013-11-10,-0.0726985961891744,-2.9695006799905124,41.2030381194512,11.99999999999998,-0.00881062968215492,0.017699577099400638,-0.06481750007647082,-0.012474174225175688,2.404285714285714,14.448205151328269,2.615720958117842,0.20735550040151277,1173980000.0,0.034786116085415604
2013-11-17,-0.07014360306808376,-2.8745460941807544,45.29369847209846,35.41666666666665,0.034786116085415604,-0.00881062968215492,0.017699577099400638,-0.06481750007647082,2.375,13.622540821030999,2.5889777006307715,0.20040153608711903,1187320000.0,-0.025975486403260677
2013-11-24,-0.07212879531716565,-2.970342612190716,42.88391033804433,22.916666666666643,-0.025975486403260677,0.034786116085415604,-0.00881062968215492,0.017699577099400638,2.3521428571428573,13.086067669846555,2.563839038592925,0.1946585692237534,1165610000.0,0.0
2013-12-01,-0.07286216479645002,-3.014179063911596,42.88391033804433,28.947368421052605,0.0,-0.025975486403260677,0.034786116085415604,-0.00881062968215492,2.332857142857143,12.587914029461,2.5402086962773494,0.18861152856491387,1183420000.0,-0.03118292743668794
2013-12-08,-0.07819044954749677,-3.255280755888576,40.00411329215782,12.12121212121213,-0.03118292743668794,0.0,-0.025975486403260677,0.034786116085415604,2.3192857142857144,12.529629925866866,2.5179961745007082,0.18585356223884858,1167590000.0,0.031182927436687845
2013-12-15,-0.07588992677925699,-3.1714316366925677,44.0503350062635,33.333333333333286,0.031182927436687845,-0.03118292743668794,0.0,-0.025975486403260677,2.3064285714285715,12.475508972529454,2.497116404030666,0.1782925935075022,1182560000.0,0.06782259633876109
2013-12-22,-0.06045914766705485,-2.522904504600212,52.01614529899599,81.8181818181818,0.06782259633876109,0.031182927436687845,-0.03118292743668794,0.0,2.310714285714286,12.20318766343584,2.4774894197888258,0.17770026539982348,1200780000.0,0.024292692569044483
2013-12-29,-0.04289418799034861,-1.7842218549630182,54.62508615260998,73.80952380952384,0.024292692569044483,0.06782259633876109,0.031182927436687845,-0.03118292743668794,2.3249999999999997,13.0790117045146,2.17,0.17715024644269323,1572630000.0,-0.016129381929883644
2014-01-05,-0.03183452798164366,-1.3219079856831595,52.57286495593776,64.28571428571429,-0.016129381929883644,0.024292692569044483,0.06782259633876109,0.031182927436687845,2.34,12.565911565556325,2.1788,0.1809252288396437,1553410000.0,-0.016393809775676383
2014-01-12,-0.02599764873856536,-1.0791445608099086,50.52852399879986,54.76190476190477,-0.016393809775676383,-0.016129381929883644,0.024292692569044483,0.06782259633876109,2.3428571428571425,12.08946143652364,2.187424,0.1737162839225263,1535750000.0,-0.050858417233491084
2014-01-19,-0.030700975271896525,-1.278665705103565,44.88905647325122,26.190476190476165,-0.050858417233491084,-0.016393809775676383,-0.016129381929883644,0.024292692569044483,2.334285714285714,11.737122925025812,2.19587552,0.17416512078520302,1519540000.0,0.004338401598598362
2014-01-26,-0.03323832825075268,-1.388242117614857,45.43558698514597,40.000000000000036,0.004338401598598362,-0.050858417233491084,-0.016393809775676383,-0.016129381929883644,2.3285714285714287,12.34122261774794,2.61,0.1788676121576885,1537310000.0,-0.008695706967553932
2014-02-02,-0.036442940091728104,-1.5270131264394409,44.485400711271474,36.00000000000003,-0.008695706967553932,0.004338401598598362,-0.050858417233491084,-0.016393809775676383,2.332142857142857,12.902172332418488,2.6,0.17394849700356788,1516550000.0,0.004357305368955626
2014-02-09,-0.03774065090626211,-1.5856487653028852,45.10357559426184,40.38461538461538,0.004357305368955626,-0.008695706967553932,0.004338401598598362,-0.050858417233491084,2.3335714285714286,13.997049072980392,2.5902000000000003,0.1765236043604559,1541950000.0,-0.04445176257083369
2014-02-16,-0.046304490992791436,-1.9564210934062083,40.273954056381996,21.153846153846214,-0.04445176257083369,0.004357305368955626,-0.008695706967553932,0.004338401598598362,2.329285714285714,15.01372033207359,2.5701920000000005,0.17820048976328046,1498700000.0,0.03132247112904107
2014-02-23,-0.04690232022306029,-1.9877017195512423,44.73498412082287,34.61538461538464,0.03132247112904107,-0.04445176257083369,0.004357305368955626,-0.008695706967553932,2.3242857142857143,16.01162471166997,2.5509843200000004,0.17975759763733185,1556430000.0,0.013129291441792581
2014-03-02,-0.04444304317870662,-1.887010616539158,46.57664819609643,40.38461538461538,0.013129291441792581,0.03132247112904107,-0.04445176257083369,0.004357305368955626,2.325714285714285,15.526185927512202,2.5325449472000003,0.18477491209180813,1615160000.0,-0.04445176257083369
2014-03-09,-0.04998699372026749,-2.1328129759784984,41.60020535130468,21.153846153846214,-0.04445176257083369,0.013129291441792581,0.03132247112904107,-0.04445176257083369,2.32,15.393490517923677,2.5148431493120005,0.18229098979953612,1559150000.0,0.009049835519917856
2014-03-16,-0.052165450768837385,-2.2344988150041436,42.91390417077951,25.000000000000064,0.009049835519917856,-0.04445176257083369,0.013129291441792581,0.03132247112904107,2.3207142857142857,15.397871190549212,2.4978494233395203,0.17784163338528353,1596320000.0,0.11878353598996683
2014-03-23,-0.03094155870411175,-1.3184552594837013,57.37152933725567,78.84615384615387,0.11878353598996683,0.009049835519917856,-0.04445176257083369,0.013129291441792581,2.3364285714285713,15.459853355106885,2.09,0.19513865957204898,1816440000.0,0.0
2014-03-30,-0.013960542884692728,-0.5920120763942814,57.37152933725567,73.21428571428574,0.0,0.11878353598996683,0.009049835519917856,-0.04445176257083369,2.3407142857142857,15.814202825073272,2.0999999999999996,0.19477161245975977,2275560000.0,0.04688358589885046
2014-04-06,0.009075415867098702,0.3817132750816093,62.13766689052545,91.37931034482763,0.04688358589885046,0.0,0.11878353598996683,0.009049835519917856,2.349285714285714,16.242724276892144,2.1219999999999994,0.19371649728406262,2346580000.0,-0.08770558041910557
2014-04-13,0.009470250605772446,0.39804164563932243,50.90138687580185,53.44827586206897,-0.08770558041910557,0.04688358589885046,0.0,0.11878353598996683,2.3449999999999998,15.44215529654542,2.1548799999999995,0.210593890335201,2307990000.0,-0.021053409197832267
2014-04-20,0.005683066989567553,0.23908094643783404,48.74403448564282,44.827586206896584,-0.021053409197832267,-0.08770558041910557,0.04688358589885046,0.0,2.3400000000000003,14.69876981479489,2.1857871999999996,0.20983718388268663,2272170000.0,-0.07509045135506995
2014-04-27,-0.010910117518736051,-0.4618134692479574,42.19579898551928,15.517241379310395,-0.07509045135506995,-0.021053409197832267,-0.08770558041910557,0.04688358589885046,2.3314285714285714,14.17755266995607,2.67,0.20770595646249473,2236030000.0,0.009132483563272474
2014-05-04,-0.02219070233272058,-0.9441173889183736,43.16318172310874,18.965517241379363,0.009132483563272474,-0.07509045135506995,-0.021053409197832267,-0.08770558041910557,2.323571428571429,14.08340146617704,2.66,0.20286981671517368,2255970000.0,0.04445176257083359
2014-05-11,-0.02279867388404533,-0.9715276087533071,47.86159643533635,36.20689655172413,0.04445176257083359,0.009132483563272474,-0.07509045135506995,-0.021053409197832267,2.3242857142857143,13.145910189464031,2.6376,0.20052197266408983,2274610000.0,-0.013129291441792623
2014-05-18,-0.025408353317315946,-1.085361917851681,46.61659995914479,31.03448275862071,-0.013129291441792623,0.04445176257083359,0.009132483563272474,-0.07509045135506995,2.3221428571428575,12.27538257537338,2.6160959999999998,0.19119897461665483,2258490000.0,0.05568890586058863
2014-05-25,-0.016793049701590235,-0.7160076330696383,52.39538784707153,53.44827586206897,0.05568890586058863,-0.013129291441792623,0.04445176257083359,0.009132483563272474,2.3364285714285713,12.00635955980337,2.59545216,0.1889704764297509,2312770000.0,-0.01680711831638129
2014-06-01,-0.013042677356487786,-0.5558456958874598,50.581043846633804,45.61403508771927,-0.01680711831638129,0.05568890586058863,-0.013129291441792623,0.04445176257083359,2.3428571428571425,11.874385238566939,2.5756340736,0.18618687097048298,2287960000.0,0.004228336109521105
2014-06-08,-0.009157996147572511,-0.39000061366113004,51.03751643651619,47.36842105263159,0.004228336109521105,-0.01680711831638129,0.05568890586058863,-0.013129291441792623,2.347857142857143,11.751837654561681,2.556608710656,0.17860209447259132,2328280000.0,0.02087758502155518
2014-06-15,-0.0020214738767982965,-0.0858915494636427,53.35736126346242,56.14035087719297,0.02087758502155518,0.004228336109521105,-0.01680711831638129,0.05568890586058863,2.363571428571429,11.833212631672925,2.53834436222976,0.1729876591531205,2346450000.0,-0.050858417233491084
2014-06-22,-0.005979794332723998,-0.25450757432070426,47.536125324495856,35.087719298245574,-0.050858417233491084,0.02087758502155518,0.004228336109521105,-0.01680711831638129,2.369285714285714,12.408562878577877,2.5208105877405695,0.17491711207075475,2321620000.0,0.0
2014-06-29,-0.009012896748816779,-0.3842004676027673,47.53612532449586,35.087719298245574,0.0,-0.050858417233491084,0.02087758502155518,0.004228336109521105,2.355,12.503582127006739,2.5039781642309467,0.16956588977998654,2346930000.0,0.004338401598598362
2014-07-06,-0.010488827168845916,-0.44762340859298266,48.08353702447847,36.8421052631579,0.004338401598598362,0.0,-0.050858417233491084,0.02087758502155518,2.3414285714285716,12.59181428626211,2.487819037661709,0.16388261193855894,2383270000.0,0.02985296314968113
2014-07-13,-0.0059416065330415435,-0.25327082916542937,51.86934198628524,69.99999999999996,0.02985296314968113,0.004338401598598362,0.0,-0.050858417233491084,2.3242857142857143,12.953644899712446,2.4723062761552406,0.15789099680009047,2398160000.0,-0.051735674399188865
2014-07-20,-0.011883908239656016,-0.5079498117759121,45.71502338865689,39.999999999999936,-0.051735674399188865,0.02985296314968113,0.004338401598598362,0.0,2.314285714285714,12.805318513337369,2.457414025109031,0.15732735417151258,2376090000.0,0.017544309650909525
2014-07-27,-0.013213245380284011,-0.5654778989189119,47.93269758275572,49.99999999999994,0.017544309650909525,-0.051735674399188865,0.02985296314968113,0.004338401598598362,2.310714285714286,12.383268016234746,2.44311746410467,0.1603754003021188,2387390000.0,-0.04445176257083369
2014-08-03,-0.022081378520316886,-0.9491126356136718,43.18310215852104,25.00000000000003,-0.04445176257083369,0.017544309650909525,-0.051735674399188865,0.02985296314968113,2.312142857142857,11.70715450225235,2.429392765540483,0.156777157423396,2370060000.0,-0.04652001563489293
2014-08-10,-0.03675491441612211,-1.5912948392673112,39.01931024224197,0.0,-0.04652001563489293,-0.04445176257083369,0.017544309650909525,-0.051735674399188865,2.305,11.451661750577903,2.4162170549188637,0.15557878903601058,2343800000.0,0.08223809823697201
2014-08-17,-0.033473440665928056,-1.4506082077659823,48.62231045798553,46.34146341463411,0.08223809823697201,-0.04652001563489293,-0.04445176257083369,0.017544309650909525,2.3035714285714284,10.83697423523228,2.403568372722109,0.15803744696200983,2366030000.0,-0.00881062968215492
2014-08-24,-0.03211646333268847,-1.3939295812254873,47.7230510673466,41.46341463414631,-0.00881062968215492,0.08223809823697201,-0.04652001563489293,-0.04445176257083369,2.302857142857143,11.202389110992552,2.09,0.163891915036152,2293460000.0,-0.008888947417245815
2014-08-31,-0.032282746466672396,-1.4040366478973545,46.791091125266526,36.58536585365861,-0.008888947417245815,-0.00881062968215492,0.08223809823697201,-0.04652001563489293,2.2914285714285714,10.839524750391233,2.09,0.16432820681928398,2162810000.0,0.02643325706815543
2014-09-07,-0.027258805942396158,-1.1855086721789259,49.94891893181708,51.21951219512192,0.02643325706815543,-0.008888947417245815,-0.00881062968215492,0.08223809823697201,2.287142857142857,10.502579272690008,2.0972,0.16330476347504938,2177860000.0,-0.05818195538273583
2014-09-14,-0.033382398911212086,-1.4579033812230862,43.87341486926367,19.51219512195123,-0.05818195538273583,0.02643325706815543,-0.008888947417245815,-0.00881062968215492,2.2728571428571427,10.189701329110298,2.104256,0.16235442322683155,2153490000.0,-0.009259325412796712
2014-09-21,-0.0393951011071656,-1.7283088260384134,43.0067246066253,14.634146341463422,-0.009259325412796712,-0.05818195538273583,0.02643325706815543,-0.008888947417245815,2.2535714285714286,9.518025726583614,2.45,0.156471964424915,2136410000.0,0.06744128079553248
2014-09-28,-0.03169114868397038,-1.3893974458645126,50.84897966499605,58.33333333333327,0.06744128079553248,-0.009259325412796712,-0.05818195538273583,0.02643325706815543,2.2535714285714286,9.81284414598836,2.4432,0.1560096812517068,2178230000.0,0.008658062743114531
2014-10-05,-0.023698694236350626,-1.037677041239362,51.80128501943221,63.88888888888883,0.008658062743114531,0.06744128079553248,-0.009259325412796712,-0.05818195538273583,2.255,10.454603362361187,2.4365360000000003,0.15558041830515631,2216770000.0,0.012848142477849059
2014-10-12,-0.014773566743356614,-0.6454936288397418,53.26403743030851,72.22222222222221,0.012848142477849059,0.008658062743114531,0.06744128079553248,-0.009259325412796712,2.257857142857143,11.591201257359447,2.43000528,0.15518181699764516,2266250000.0,-0.05241374268404028
2014-10-19,-0.01718523532584415,-0.7522951887422181,47.105825177238785,38.888888888888886,-0.05241374268404028,0.012848142477849059,0.008658062743114531,0.06744128079553248,2.2471428571428573,12.11372078051235,2.43,0.1562402586406705,2187020000.0,0.05666003356549126
2014-10-26,-0.008508505750005835,-0.37155438284043635,53.39252769477204,74.99999999999993,0.05666003356549126,-0.05241374268404028,0.012848142477849059,0.008658062743114531,2.254285714285714,12.74257564106659,2.4236,0.15865166873776548,2251000000.0,-0.07020425867324846
2014-11-02,-0.01437706798261118,-0.6296587709543705,46.126068814066606,30.555555555555618,-0.07020425867324846,0.05666003356549126,-0.05241374268404028,0.012848142477849059,2.2471428571428573,12.308975853729908,2.42,0.1651765495422108,1862440000.0,0.04445176257083359
2014-11-09,-0.010833895167899232,-0.47422504820482625,50.64693038500478,58.33333333333327,0.04445176257083359,-0.07020425867324846,0.05666003356549126,-0.05241374268404028,2.254285714285714,11.90634747977442,2.4137999999999997,0.1669496531463386,1881380000.0,0.0
2014-11-16,-0.007934441878106213,-0.34713523604936924,50.64693038500478,58.33333333333327,0.0,0.04445176257083359,-0.07020425867324846,0.05666003356549126,2.2685714285714282,11.532478275387177,2.4077239999999995,0.16002467792160016,1992390000.0,0.025752496102414764
2014-11-23,-0.0007860446638452423,-0.034307174182888305,53.369821275886196,73.52941176470581,0.025752496102414764,0.0,0.04445176257083359,-0.07020425867324846,2.2742857142857145,11.375885975688288,2.4017695199999993,0.15502291521291447,2112380000.0,0.01680711831638119
2014-11-30,0.008014392409024573,0.34856463925523795,55.14648791742773,87.87878787878788,0.01680711831638119,0.025752496102414764,0.0,0.04445176257083359,2.2842857142857143,11.693270238447925,2.11,0.15394984984056345,2149730000.0,-0.03390155167568134
2014-12-07,0.008436223250627872,0.3666660013350193,50.96415700266236,63.63636363636361,-0.03390155167568134,0.01680711831638119,0.025752496102414764,0.0,2.2899999999999996,11.987984196724733,2.1166,0.14938200342338037,2006080000.0,-0.02178735418490718
2014-12-14,0.004681974214840512,0.20369593003000136,48.48896904050781,48.48484848484852,-0.02178735418490718,-0.03390155167568134,0.01680711831638119,0.025752496102414764,2.287857142857143,11.983245457924529,2.123068,0.15371186032171033,1951420000.0,0.026088436084297874
2014-12-21,0.006473579964980214,0.2813567640476233,51.53106392277899,66.66666666666671,0.026088436084297874,-0.02178735418490718,-0.03390155167568134,0.01680711831638119,2.299285714285714,11.14618683358657,2.12940664,0.15416101315587388,1974280000.0,0.08629581345283606
2014-12-28,0.024555623444833863,1.0590897882034507,60.35585274906044,100.0,0.08629581345283606,0.026088436084297874,-0.02178735418490718,-0.03390155167568134,2.327142857142857,11.261897448314324,2.13,0.16600665507331144,1990590000.0,-0.019881370553828933
2015-01-04,0.03445402647383755,1.477915321554049,57.66382415553681,87.80487804878052,-0.019881370553828933,0.08629581345283606,0.026088436084297874,-0.02178735418490718,2.3407142857142857,11.369343019132952,2.1464,0.17129189399664635,1920900000.0,-0.012121360532344963
2015-01-11,0.039423384670648876,1.6841879069861663,56.04849812510823,80.48780487804876,-0.012121360532344963,-0.019881370553828933,0.08629581345283606,0.026088436084297874,2.3507142857142855,11.469113906321677,2.162144,0.17048533013974307,1902200000.0,0.004056800695614469
2015-01-18,0.043665207934012074,1.8578048879379385,56.48606909095281,82.92682926829272,0.004056800695614469,-0.012121360532344963,-0.019881370553828933,0.08629581345283606,2.3592857142857144,11.56175830156835,2.17725824,0.1647363779869043,1906810000.0,-0.06265096496166737
2015-01-25,0.03452515256560407,1.470333983733871,48.66032370837784,46.34146341463411,-0.06265096496166737,0.004056800695614469,-0.012121360532344963,-0.019881370553828933,2.3657142857142857,10.969427023847516,2.1917679104,0.16582663670212544,1888230000.0,0.012848142477849059
2015-02-01,0.029363853885904234,1.250453761199623,50.147910806825706,53.65853658536589,0.012848142477849059,-0.06265096496166737,0.004056800695614469,-0.012121360532344963,2.3649999999999998,10.419405123106742,2.2056971939839998,0.16541044836625934,1914550000.0,-0.012848142477849137
2015-02-08,0.02259230815239688,0.962947145694362,48.63043385122633,46.34146341463411,-0.012848142477849137,0.012848142477849059,-0.06265096496166737,0.004056800695614469,2.373571428571428,10.561923102252857,2.54,0.16359541634009797,1903670000.0,-0.048574670148557035
2015-02-15,0.008254575077399462,0.3533520559017071,43.43987691051093,19.51219512195123,-0.048574670148557035,-0.012848142477849137,0.012848142477849059,-0.06265096496166737,2.367142857142857,10.785918247063359,2.5334,0.16048145803009092,1897840000.0,0.07410797215372183
2015-02-22,0.010488492752801726,0.44835450627011786,51.97173516929135,60.97560975609754,0.07410797215372183,-0.048574670148557035,-0.012848142477849137,0.012848142477849059,2.3728571428571428,10.291584881938764,2.520064,0.16187563959937012,1906120000.0,-0.03854867011723502
2015-03-01,0.0049396989913326195,0.21148903308433037,47.85599536540333,39.02439024390246,-0.03854867011723502,0.07410797215372183,-0.048574670148557035,-0.012848142477849137,2.367857142857143,9.832561042894497,2.50726144,0.1595988081994151,1867380000.0,0.04691691978775166
2015-03-08,0.009310989360651334,0.3978305665566805,52.77818384234144,65.85365853658534,0.04691691978775166,-0.03854867011723502,0.07410797215372183,-0.048574670148557035,2.367857142857143,9.916687497691695,2.4949709824000004,0.158913179042314,1893370000.0,-0.0469169197877516
2015-03-15,0.003854752591761823,0.16496533919699657,47.9079875161261,39.02439024390246,-0.0469169197877516,0.04691691978775166,-0.03854867011723502,0.07410797215372183,2.3657142857142857,9.222132489111946,2.4831721431040004,0.16041938053929156,1884120000.0,-0.08661447283677094
2015-03-22,-0.01562070074673283,-0.6735467776740649,40.88941869490368,8.333333333333341,-0.08661447283677094,-0.0469169197877516,0.04691691978775166,-0.03854867011723502,2.3535714285714286,9.934155529759378,2.47184525737984,0.16610371050077072,1850770000.0,0.12935602121404194
2015-03-29,-0.007567329992029137,-0.32555812564973385,52.36119296462612,68.75000000000001,0.12935602121404194,-0.08661447283677094,-0.0469169197877516,0.04691691978775166,2.357857142857143,9.47038827603197,2.06,0.18138201689357278,1876280000.0,-0.03838424300831545
2015-04-05,-0.008350958831027544,-0.3595508162542536,49.17178184821818,51.06382978723403,-0.03838424300831545,0.12935602121404194,-0.08661447283677094,-0.0469169197877516,2.3407142857142853,9.039747254713664,2.06,0.1812833014011747,1833460000.0,-0.013129291441792623
2015-04-12,-0.011262907820772217,-0.48573986873549807,48.11961042514507,47.72727272727273,-0.013129291441792623,-0.03838424300831545,0.12935602121404194,-0.08661447283677094,2.3249999999999997,8.57415456344989,2.0684,0.1761916370153765,1819690000.0,0.038881787544207264
2015-04-19,-0.006236509931588863,-0.26861012712731086,51.47427084003817,68.18181818181814,0.038881787544207264,-0.013129291441792623,-0.03838424300831545,0.12935602121404194,2.317857142857143,8.73118122821662,2.076632,0.18074937722856385,1858940000.0,-0.03010980147137034
2015-04-26,-0.0078114231530941325,-0.3367839245337772,48.829616814167494,52.27272727272728,-0.03010980147137034,0.038881787544207264,-0.013129291441792623,-0.03838424300831545,2.305,8.876991702642872,2.08469936,0.17998156456938072,1850820000.0,-0.06308397542657689
2015-05-03,-0.020124401624038946,-0.8723692143362362,43.964477736642884,21.4285714285714,-0.06308397542657689,-0.03010980147137034,0.038881787544207264,-0.013129291441792623,2.292857142857143,8.35461592080269,2.48,0.18141145281442497,1792170000.0,0.0
2015-05-10,-0.029541984168237168,-1.287093533135476,43.964477736642884,21.4285714285714,0.0,-0.06308397542657689,-0.03010980147137034,0.038881787544207264,2.2785714285714285,7.869552694808234,2.4722,0.1734534918991089,1842540000.0,-0.009345862418237658
2015-05-17,-0.038179212837700316,-1.6723212556525306,43.25051660452445,16.666666666666632,-0.009345862418237658,0.0,-0.06308397542657689,-0.03010980147137034,2.2649999999999997,7.378424340181875,2.464556,0.166778242477744,1817080000.0,-0.009434032233358642
2015-05-24,-0.04610662318741987,-2.030957216869397,42.507122620385395,11.904761904761864,-0.009434032233358642,-0.009345862418237658,0.0,-0.06308397542657689,2.257857142857143,7.062380311718364,2.45706488,0.1605797965864766,1786970000.0,-0.038652154434279225
2015-05-31,-0.05817389200059164,-2.5827516415578256,39.5768147232601,4.255319148936172,-0.038652154434279225,-0.009434032233358642,-0.009345862418237658,0.0,2.2328571428571427,7.4684884886587435,2.4497235824,0.16268123968744258,1775670000.0,0.009804000096620835
2015-06-07,-0.0653699129567733,-2.9216815407676946,40.67782981062534,10.41666666666663,0.009804000096620835,-0.038652154434279225,-0.009434032233358642,-0.009345862418237658,2.2157142857142857,7.929123765597967,2.432134639104,0.15820400828119668,1782060000.0,0.0
2015-06-14,-0.07026286484031452,-3.1599761273755065,40.67782981062534,10.41666666666663,0.0,0.009804000096620835,-0.038652154434279225,-0.009434032233358642,2.190714285714286,8.356856522755818,2.40620656075776,0.1540465791182541,1786650000.0,-0.03474294844387286
2015-06-21,-0.07887970332638972,-3.576522064846478,37.87630381361574,3.8461538461538494,-0.03474294844387286,0.0,0.009804000096620835,-0.038652154434279225,2.1685714285714286,9.113983861201223,2.3818341671122942,0.15447182346695024,1772100000.0,0.015037877364540502
2015-06-28,-0.08233871121916891,-3.758032533473058,39.79017261168956,9.615384615384581,0.015037877364540502,-0.03474294844387286,0.0,0.009804000096620835,2.162142857142857,9.817030675471958,2.3480874337433106,0.15129526464788237,1835380000.0,0.05328136661293678
2015-07-05,-0.07533549847169718,-3.4466719492685094,46.3202921629743,34.78260869565221,0.05328136661293678,0.015037877364540502,-0.03474294844387286,0.0,2.142857142857143,9.567536540886016,2.3170404390438457,0.15120274574446224,1847290000.0,-0.03357629553360444
2015-07-12,-0.07457417226246221,-3.4276088504583586,43.11565560604846,19.56521739130432,-0.03357629553360444,0.05328136661293678,0.015037877364540502,-0.03474294844387286,2.125,9.335863415913353,2.2884772039203383,0.1482596924770007,1843390000.0,0.047628048989254664
2015-07-19,-0.06515063552004197,-2.9971018649508094,48.58783160903209,41.304347826086946,0.047628048989254664,-0.03357629553360444,0.05328136661293678,0.015037877364540502,2.1164285714285715,9.35358631392921,2.262199027606711,0.1455268573000721,1848320000.0,-0.047628048989254705
2015-07-26,-0.0650022732800255,-3.0029438221316913,44.02674268967286,27.272727272727224,-0.047628048989254705,0.047628048989254664,-0.03357629553360444,0.05328136661293678,2.0942857142857143,9.5716680386517,2.2380231053981743,0.14513208177863837,1827770000.0,0.042966035883443554
2015-08-02,-0.056965781231237855,-2.6338967452863757,48.69473517055241,60.000000000000085,0.042966035883443554,-0.047628048989254705,0.047628048989254664,-0.03357629553360444,2.0835714285714286,9.268298307283576,2.2157812569663204,0.14547979022302135,1836040000.0,0.00466201310581115
2015-08-09,-0.049222480837102456,-2.2768716049109936,49.201657339086324,79.16666666666657,0.00466201310581115,0.042966035883443554,-0.047628048989254705,0.047628048989254664,2.0835714285714286,8.986597842441748,2.195318756409015,0.1408026623499484,1854960000.0,-0.00466201310581119
2015-08-16,-0.04339257333927993,-2.008702734897978,48.68363671980168,74.99999999999999,-0.00466201310581119,0.00466201310581115,0.042966035883443554,-0.047628048989254705,2.0828571428571427,8.725018839374334,2.1764932558962937,0.1364596150392378,1842470000.0,-0.052770035980064335
2015-08-23,-0.04710540850948419,-2.190356159602586,43.28502209619916,29.166666666666575,-0.052770035980064335,-0.00466201310581119,0.00466201310581115,0.042966035883443554,2.0757142857142856,8.744506589820158,2.15917379542459,0.13742678539357797,1829910000.0,0.033901551675681416
2015-08-30,-0.0438934655971428,-2.044566025832656,47.29070493601824,58.333333333333336,0.033901551675681416,-0.052770035980064335,-0.00466201310581119,0.00466201310581115,2.0749999999999997,8.48763355249311,2.143239891790623,0.13475344357975097,1839970000.0,0.0
2015-09-06,-0.04087677567326109,-1.9071299514388678,47.29070493601823,63.63636363636363,0.0,0.033901551675681416,-0.052770035980064335,-0.00466201310581119,2.08,8.16578420945683,1.96,0.1358424833240545,1845200000.0,-0.009569451016150672
2015-09-13,-0.03964288156568152,-1.8536211630436057,46.209248521415944,54.54545454545455,-0.009569451016150672,0.0,0.033901551675681416,-0.052770035980064335,2.082142857142857,7.866924105208854,1.9644,0.13113944880090772,1841390000.0,0.023754086008107057
2015-09-20,-0.03423578069432187,-1.6012770079513252,49.32898241428808,77.27272727272717,0.023754086008107057,-0.009569451016150672,0.0,0.033901551675681416,2.0878571428571426,7.308183321205926,1.968712,0.12748663102941432,1904870000.0,0.0
2015-09-27,-0.029609296755856995,-1.3852723422105964,49.32898241428808,73.68421052631567,0.0,0.023754086008107057,-0.009569451016150672,0.0,2.0985714285714288,6.7893525932032075,1.97293776,0.12338044309874188,1931740000.0,-0.028573372444056114
2015-10-04,-0.030433455530497255,-1.4271659387961997,45.64471572911754,42.10526315789462,-0.028573372444056114,0.0,0.023754086008107057,-0.009569451016150672,2.1028571428571428,6.895982580522149,1.9770790048,0.12171041144883175,1931740000.0,0.028573372444056163
2015-10-11,-0.025946019179796664,-1.2168323575016489,49.69119730486474,73.68421052631567,0.028573372444056163,-0.028573372444056114,0.0,0.023754086008107057,2.1035714285714286,6.8271087604341005,1.981137424704,0.11801681063105805,1937260000.0,0.0046838493124264375
2015-10-18,-0.021336819541158736,-1.000398257086078,50.35455630435168,62.500000000000064,0.0046838493124264375,0.028573372444056163,-0.028573372444056114,0.0,2.11,7.349403215131062,1.9851146762099199,0.12172989558598248,1946730000.0,-0.042966035883443485
2015-10-25,-0.024661955783922274,-1.1596366648776129,44.648469047917196,45.45454545454542,-0.042966035883443485,0.0046838493124264375,0.028573372444056163,-0.028573372444056114,2.1028571428571428,7.821076879225861,2.23,0.13017776018698374,1687800000.0,-0.02469261259037141
2015-11-01,-0.030974675566327825,-1.462924585668424,41.813622181848636,30.303030303030322,-0.02469261259037141,-0.042966035883443485,0.0046838493124264375,0.028573372444056163,2.099285714285714,8.259059567313885,2.2234,0.12802220588791347,1680550000.0,-0.025317807984289897
2015-11-08,-0.039556154876573046,-1.8792251191323626,39.13752965592358,20.000000000000014,-0.025317807984289897,-0.02469261259037141,-0.042966035883443485,0.0046838493124264375,2.085714285714286,9.348093535474904,2.216932,0.12744919118163395,1673960000.0,0.020305266160745523
2015-11-15,-0.04263787051990997,-2.0338556778053722,42.31804833836982,31.428571428571452,0.020305266160745523,-0.025317807984289897,-0.02469261259037141,-0.042966035883443485,2.0742857142857143,10.067947599858908,2.20345472,0.12477424895437439,1723490000.0,-0.04628075256400634
2015-11-22,-0.05174590561916359,-2.4855644594754,37.56182478734557,5.714285714285718,-0.04628075256400634,0.020305266160745523,-0.025317807984289897,-0.02469261259037141,2.057142857142857,10.73638351678691,2.1905165311999997,0.12229037402906194,1713060000.0,-0.015915455305899457
2015-11-29,-0.0606852960175055,-2.93709940761774,36.10512869650887,14.2857142857143,-0.015915455305899457,-0.04628075256400634,0.020305266160745523,-0.025317807984289897,2.045714285714286,12.203320615713961,2.1780958699519997,0.1264124901698432,1704800000.0,0.05715841383994862
2015-12-06,-0.0582225928137281,-2.8266390640732757,44.59036049297815,40.47619047619047,0.05715841383994862,-0.015915455305899457,-0.04628075256400634,0.020305266160745523,2.037142857142857,13.565476493289081,2.15601011775488,0.12738302658628298,1707090000.0,-0.06791120561621039
2015-12-13,-0.06599998953083963,-3.228579629898154,38.14343231828909,13.636363636363651,-0.06791120561621039,0.05715841383994862,-0.015915455305899457,-0.04628075256400634,2.019285714285714,15.255163301409436,2.135249510689587,0.1318556675444056,1598630000.0,-0.027398974188114503
2015-12-20,-0.07532985887295451,-3.7178811816178126,35.98825048163043,8.51063829787235,-0.027398974188114503,-0.06791120561621039,0.05715841383994862,-0.015915455305899457,1.999285714285714,17.061627860957195,2.10762954983442,0.12886597700551952,1588510000.0,0.016529301951210506
2015-12-27,-0.07938796324215636,-3.9464679946338372,38.24293974322063,20.000000000000018,0.016529301951210506,-0.027398974188114503,-0.06791120561621039,0.05715841383994862,1.977857142857143,18.96818560119874,2.072866594850978,0.12680412150512527,2132840000.0,-0.02210034700066597
2016-01-03,-0.08485356679931266,-4.252876181274601,36.401854372267984,22.807017543859665,-0.02210034700066597,0.016529301951210506,-0.027398974188114503,-0.06791120561621039,1.9535714285714285,21.218220113528478,2.031722603468861,0.12988954139761633,2130180000.0,-0.04572224933809522
2016-01-10,-0.09455050899595308,-4.789603452777034,32.98195211525223,8.77192982456141,-0.04572224933809522,-0.02210034700066597,0.016529301951210506,-0.027398974188114503,1.927857142857143,23.30753787497752,1.9796814389832205,0.12704028844064374,2130180000.0,-0.0540672212702757
2016-01-17,-0.10824981688225588,-5.557399998170618,29.611502523050305,0.0,-0.0540672212702757,-0.04572224933809522,-0.02210034700066597,0.016529301951210506,1.8914285714285715,25.78227739525088,1.9349260375255697,0.12939455355202634,2107950000.0,0.048202101817877686
2016-01-24,-0.11136751033298031,-5.7718602635721785,35.88359961581669,24.99999999999998,0.048202101817877686,-0.0540672212702757,-0.04572224933809522,-0.02210034700066597,1.8599999999999999,28.282829367050656,1.8845378715214784,0.12872351401259588,2116540000.0,0.05158736879049326
2016-01-31,-0.10536151505553648,-5.4899861852162,42.13093406190021,44.680851063829806,0.05158736879049326,0.048202101817877686,-0.0540672212702757,-0.04572224933809522,1.8414285714285714,28.991336754082315,1.8297210546476124,0.1309575487259819,2171500000.0,-0.02259983191724092
2016-02-07,-0.1026461453645986,-5.3836486139766695,40.25363735261492,41.46341463414633,-0.02259983191724092,0.05158736879049326,0.048202101817877686,-0.0540672212702757,1.8235714285714286,28.744820903318885,1.58,0.1323177238169832,2119070000.0,-0.011494379425735134
2016-02-14,-0.1009444039216747,-5.330976529543988,39.31045728388019,36.58536585365852,-0.011494379425735134,-0.02259983191724092,0.05158736879049326,0.048202101817877686,1.8078571428571428,28.515913327609987,1.5854000000000001,0.12786645783005585,2116250000.0,-0.01749315744751723
2016-02-21,-0.10085392952711425,-5.366832454241615,37.87682111148936,29.26829268292681,-0.01749315744751723,-0.011494379425735134,-0.02259983191724092,0.05158736879049326,1.7871428571428571,28.735987175561373,1.5906920000000002,0.12801885369933758,2097780000.0,-0.04204823624349951
2016-02-28,-0.10521775808377365,-5.654595067814733,34.69712367211723,12.195121951219472,-0.04204823624349951,-0.01749315744751723,-0.011494379425735134,-0.02259983191724092,1.7678571428571428,29.18432443869344,1.5958781600000003,0.12887464986367062,2060240000.0,0.042048236243499404
2016-03-06,-0.10185360372692531,-5.509052639852985,40.11140801988884,29.99999999999998,0.042048236243499404,-0.04204823624349951,-0.01749315744751723,-0.011494379425735134,1.7557142857142858,29.60063761160179,1.6009605968000002,0.12824074630197987,2064220000.0,0.01749315744751712
2016-03-13,-0.09566398303450052,-5.199023205101207,42.31866036062273,37.499999999999986,0.01749315744751712,0.042048236243499404,-0.04204823624349951,-0.01749315744751723,1.7378571428571428,30.860291644980503,1.85,0.1297949787089813,2072690000.0,-0.01749315744751723
2016-03-20,-0.0921175396653986,-5.034668452135468,40.7031112172432,44.4444444444444,-0.01749315744751723,0.01749315744751712,0.042048236243499404,-0.04204823624349951,1.727142857142857,32.029970390260736,1.8446,0.12552390880119693,2070750000.0,-0.011834457647002796
2016-03-27,-0.08988465623188113,-4.942578535248355,39.61727022193214,45.161290322580605,-0.011834457647002796,-0.01749315744751723,0.01749315744751712,0.042048236243499404,1.7185714285714286,33.79099899761464,1.839308,0.12798648674396856,1965220000.0,-0.048790164169431945
2016-04-03,-0.09349268594941718,-5.1871586936522736,35.533837418968616,24.24242424242426,-0.048790164169431945,-0.011834457647002796,-0.01749315744751723,0.01749315744751712,1.702142857142857,35.52258679327745,1.82733568,0.13027316626225652,1877180000.0,-0.025317807984289897
2016-04-10,-0.09844492933552784,-5.516875681231447,33.66539683736838,32.558139534883736,-0.025317807984289897,-0.048790164169431945,-0.011834457647002796,-0.01749315744751723,1.6857142857142857,37.56094745096023,1.8088955392000001,0.13382508295780965,1870520000.0,-0.039220713153281385
2016-04-17,-0.1059893373521612,-6.010634509025267,31.029726602867612,18.604651162790706,-0.039220713153281385,-0.025317807984289897,-0.048790164169431945,-0.011834457647002796,1.6707142857142858,39.45371091880853,1.777783896064,0.12926614846082324,1867570000.0,-0.06187540371808753
2016-04-24,-0.11787182981702005,-6.785206811889009,27.54601599067179,0.0,-0.06187540371808753,-0.039220713153281385,-0.025317807984289897,-0.048790164169431945,1.6557142857142857,41.513096620575865,1.74916118437888,0.12646142357076445,1863040000.0,0.15110653744603006
2016-05-01,-0.10749062784712882,-6.213369461137105,44.64863038178556,52.27272727272725,0.15110653744603006,-0.06187540371808753,-0.039220713153281385,-0.025317807984289897,1.6514285714285712,41.11923696546463,1.715245065940992,0.1338570361728527,1878840000.0,0.06491954609931569
2016-05-08,-0.08935731430550842,-5.160772771232776,50.648602358472694,77.27272727272727,0.06491954609931569,0.15110653744603006,-0.06187540371808753,-0.039220713153281385,1.6485714285714284,39.47532537244921,1.41,0.14001010501764893,1895130000.0,-0.10854016857520601
2016-05-15,-0.08849095965830767,-5.146287143602619,42.52529809418705,43.24324324324327,-0.10854016857520601,0.06491954609931569,0.15110653744603006,-0.06187540371808753,1.6357142857142857,37.94883603607775,1.41,0.14286652608781686,1890470000.0,0.07955263170195369
2016-05-22,-0.07643337741724365,-4.448804647273226,48.899762546584675,78.37837837837837,0.07955263170195369,-0.10854016857520601,0.06491954609931569,0.15110653744603006,1.6335714285714287,36.98087426236528,1.4167999999999998,0.1490903456529728,1900910000.0,-0.09237332013101504
2016-05-29,-0.07808133004983153,-4.5778956749956885,42.97686406421013,40.00000000000003,-0.09237332013101504,0.07955263170195369,-0.10854016857520601,0.06491954609931569,1.6228571428571428,36.08205261534657,1.4234639999999998,0.14986960667776048,1887130000.0,-0.032789822822990956
2016-06-05,-0.08247124929131999,-4.878843069529007,41.1860870928209,28.57142857142859,-0.032789822822990956,-0.09237332013101504,0.07955263170195369,-0.10854016857520601,1.6135714285714287,36.17704151890702,1.75,0.14987892048649187,1880240000.0,0.006644542718668511
2016-06-12,-0.08417308061395246,-5.019195094842237,41.70923108400054,31.428571428571452,0.006644542718668511,-0.032789822822990956,-0.09237332013101504,0.07955263170195369,1.5999999999999999,35.89023194357144,1.743,0.14417328330888532,1884390000.0,0.04531519621204249
2016-06-19,-0.07896314127283599,-4.728794605104314,45.37223452722187,51.42857142857146,0.04531519621204249,0.006644542718668511,-0.032789822822990956,-0.09237332013101504,1.5892857142857142,34.58665683482999,1.73614,0.14530376307253637,1889250000.0,-0.09278173345096621
2016-06-26,-0.08514950627597462,-5.151797376002277,39.963279810211986,11.428571428571436,-0.09278173345096621,0.04531519621204249,0.006644542718668511,-0.032789822822990956,1.5707142857142855,33.80633623846714,1.7294172,0.14492492285306952,1860920000.0,-0.04255961441879601
2016-07-03,-0.09381233348611473,-5.746180341555911,37.879120275294575,0.0,-0.04255961441879601,-0.09278173345096621,0.04531519621204249,0.006644542718668511,1.5492857142857142,33.479771257449784,1.722828856,0.13885885693499314,1860238000.0,0.007220247973487097
2016-07-10,-0.09873264160247985,-6.11486680254553,38.45521582689287,16.279069767441825,0.007220247973487097,-0.04255961441879601,-0.09278173345096621,0.04531519621204249,1.5342857142857143,33.54492058804084,1.70911570176,0.1346546528682079,1894468000.0,-0.07466152876901952
2016-07-17,-0.10943963352723896,-6.880460549555031,34.963371216540224,8.000000000000007,-0.07466152876901952,0.007220247973487097,-0.04255961441879601,-0.09278173345096621,1.515,33.9985336990399,1.6857687596544,0.13503646337762162,1882018000.0,-0.03149866705937105
2016-07-24,-0.11977201029418971,-7.6514167751970215,33.647255788001374,9.090909090909099,-0.03149866705937105,-0.07466152876901952,0.007220247973487097,-0.04255961441879601,1.4971428571428569,34.67998399113698,1.650907258882048,0.13324814456493436,1848888000.0,0.023716526617316065
2016-07-31,-0.1241090916894454,-8.037009930171957,35.605099857389476,22.950819672131164,0.023716526617316065,-0.03149866705937105,-0.07466152876901952,0.007220247973487097,1.4878571428571428,35.60573107721571,1.6058165329938432,0.13373041995315335,1852908000.0,-0.2076393647782445
2016-08-07,-0.14523804045564925,-9.638391524003566,28.388450959355552,0.0,-0.2076393647782445,0.023716526617316065,-0.03149866705937105,-0.07466152876901952,1.4449999999999998,36.896751144456346,1.549918549034582,0.14132110424221384,1842178000.0,-0.019418085857101627
2016-08-14,-0.1617323673755453,-10.99617526583296,27.881297047970364,5.263157894736847,-0.019418085857101627,-0.2076393647782445,0.023716526617316065,-0.03149866705937105,1.3928571428571428,38.32504706317771,1.4785299521697404,0.13622673965348428,1806598000.0,0.0
2016-08-21,-0.17281216918030085,-12.022446736563708,27.881297047970364,5.263157894736847,0.0,-0.019418085857101627,-0.2076393647782445,0.023716526617316065,1.3535714285714289,39.651321844847566,1.3987651598225819,0.13078197253537827,1826338000.0,-0.009852296443011594
2016-08-28,-0.1803212769284106,-12.827384899183972,27.595423143889633,10.958904109589039,-0.009852296443011594,0.0,-0.019418085857101627,-0.2076393647782445,1.304285714285714,41.07630695960332,1.3317627342509688,0.12786897449713694,1821178000.0,0.0
2016-09-04,-0.18414953767774556,-13.378707308911464,27.595423143889633,10.958904109589039,0.0,-0.009852296443011594,0.0,-0.019418085857101627,1.2657142857142858,41.954776704696876,1.2594454420857943,0.12373547631877002,1840628000.0,0.0
2016-09-11,-0.18505031703773467,-13.714603783340701,27.595423143889633,10.958904109589039,0.0,0.0,-0.009852296443011594,0.0,1.2307142857142856,42.81649300419052,1.2001452625103515,0.11846865658171503,1848468000.0,0.019608471388376337
2016-09-18,-0.18205177873530154,-13.733097294591445,29.40354817733609,13.698630136986301,0.019608471388376337,0.0,0.0,-0.009852296443011594,1.1964285714285714,43.146756707238644,1.1515191152584883,0.11214946682587824,1863018000.0,0.0
2016-09-25,-0.17762783244438918,-13.624450586055097,29.403548177336077,17.241379310344826,0.0,0.019608471388376337,0.0,0.0,1.157142857142857,42.99030067597172,1.1116456745119603,0.10771021919545838,1876888000.0,0.02871010588243136
2016-10-02,-0.1697443664621141,-13.20260910171687,32.34280187675866,27.659574468085115,0.02871010588243136,0.0,0.019608471388376337,0.0,1.1300000000000001,42.845020075509574,1.0789494530998074,0.10287377496721137,1881848000.0,-0.028710105882431367
2016-10-09,-0.164026615433698,-12.948636288075733,30.954870865616357,21.276595744680854,-0.028710105882431367,0.02871010588243136,0.0,0.019608471388376337,1.105,42.710116660794725,0.93,0.09766850532669627,1874938000.0,-0.04976150955906394
2016-10-16,-0.1616662507768627,-12.979949161965829,28.74112655003806,11.904761904761887,-0.04976150955906394,-0.028710105882431367,0.02871010588243136,0.0,1.0757142857142858,42.9385387186714,0.9326000000000001,0.0942636120890751,1873957000.0,-0.07410797215372185
2016-10-23,-0.16355865737590225,-13.399251628274419,25.943790686574886,0.0,-0.07410797215372185,-0.04976150955906394,-0.028710105882431367,0.02871010588243136,1.0485714285714285,43.584341530912205,1.06,0.09253049693985546,1871027000.0,-0.09201889872025214
2016-10-30,-0.16955916217713374,-14.228130993007868,23.16846064844998,4.255319148936151,-0.09201889872025214,-0.07410797215372185,-0.04976150955906394,-0.028710105882431367,1.0185714285714285,44.68911942371091,1.0570000000000002,0.09306403287272293,1761957000.0,-0.0368139731227162
2016-11-06,-0.1747212766262225,-15.027180999577208,22.20900213384732,5.263157894736849,-0.0368139731227162,-0.09201889872025214,-0.07410797215372185,-0.04976150955906394,0.9842857142857143,45.84782117575058,1.04712,0.08998803052467129,1699097000.0,-0.11934675763256625
2016-11-13,-0.1839540298085428,-16.2911101761663,19.588225250692176,2.7027027027027044,-0.11934675763256625,-0.0368139731227162,-0.09201889872025214,-0.07410797215372185,0.9607142857142856,47.245897990136186,1.0310928000000001,0.0907031712014805,1671097000.0,0.0
2016-11-20,-0.18909132612165935,-17.219571171091687,19.588225250692176,2.7027027027027044,0.0,-0.11934675763256625,-0.0368139731227162,-0.09201889872025214,0.9385714285714286,48.544112174922816,1.0046053760000002,0.08708151611566047,1677007000.0,0.01398624197473987
2016-11-27,-0.19016366567043552,-17.770480312459867,20.792687352612944,12.499999999999982,0.01398624197473987,0.0,-0.11934675763256625,-0.0368139731227162,0.9171428571428571,49.8676125365922,0.9802369459200002,0.08586140782168471,1680867000.0,-0.028170876966696335
2016-12-04,-0.19043215203291908,-18.263468576333157,20.142843594619805,7.499999999999979,-0.028170876966696335,0.01398624197473987,0.0,-0.11934675763256625,0.8950000000000001,51.09657715814234,0.9492132513280002,0.08258559297727866,1677157000.0,0.02817087696669644
2016-12-11,-0.1868768960259427,-18.343005273752,22.74312383304583,12.499999999999982,0.02817087696669644,-0.028170876966696335,0.01398624197473987,0.0,0.8742857142857142,52.23775859243889,0.9212919261952002,0.07882947919318732,1702887000.0,0.16598513747426116
2016-12-18,-0.17159141743328665,-17.05191911837457,37.0837249548079,44.99999999999998,0.16598513747426116,0.02817087696669644,-0.028170876966696335,0.01398624197473987,0.8628571428571429,50.997692612614216,0.8961627335756801,0.08248451639367395,1783577000.0,-0.11191791620398532
2016-12-25,-0.16483964454806277,-16.683423913545504,32.57550396897179,22.49999999999999,-0.11191791620398532,0.16598513747426116,0.02817087696669644,-0.028170876966696335,0.8435714285714286,49.846202774205594,0.8735464602181121,0.08302133665126865,1780237000.0,-0.08223809823697212
2017-01-01,-0.16245760431550205,-16.805243508241958,29.960544447829534,7.69230769230767,-0.08223809823697212,-0.11191791620398532,0.16598513747426116,0.02817087696669644,0.8200000000000001,49.313464119531375,0.8531918141963009,0.08209124117617804,1756377000.0,0.09531017980432493
2017-01-08,-0.15315591918383187,-16.085493895841612,36.37732551078533,25.641025641025635,0.09531017980432493,-0.08223809823697212,-0.11191791620398532,0.16598513747426116,0.7992857142857143,48.47021597981445,0.8348726327766708,0.08194186680645103,1779267000.0,0.03822121282019788
2017-01-15,-0.14172974514410364,-15.063730907068168,38.958444068978864,41.93548387096775,0.03822121282019788,0.09531017980432493,-0.08223809823697212,-0.11191791620398532,0.7828571428571429,46.70808162260482,0.67,0.08180316203456169,1818287000.0,-0.0915671935254905
2017-01-22,-0.13674650627942642,-14.779448943195014,35.35431806981161,21.428571428571416,-0.0915671935254905,0.03822121282019788,0.09531017980432493,-0.08223809823697212,0.765,45.34908686688233,0.6734,0.08238865046066442,1801347000.0,0.02702867238791942
2017-01-29,-0.12968845296630993,-14.216073191324115,37.14354283057892,34.78260869565216,0.02702867238791942,-0.0915671935254905,0.03822121282019788,0.09531017980432493,0.7535714285714287,44.4392609986391,0.676732,0.08078946114204553,1813237000.0,-0.06899287148695156
2017-02-05,-0.12666931201767084,-14.12863888479048,34.56769340606208,16.666666666666625,-0.06899287148695156,0.02702867238791942,-0.0915671935254905,0.03822121282019788,0.7442857142857143,43.59442269241324,0.67999736,0.07930449963189944,1807007000.0,0.055569851154810786
2017-02-12,-0.11966948008335054,-13.522782685496182,38.2566376660362,38.88888888888887,0.055569851154810786,-0.06899287148695156,0.02702867238791942,-0.0915671935254905,0.74,42.80992997948922,0.6831974128,0.07649703537247805,1852957000.0,0.0
2017-02-19,-0.1128215265156256,-12.905535809160403,38.2566376660362,38.88888888888887,0.0,0.055569851154810786,-0.06899287148695156,0.02702867238791942,0.7421428571428572,41.69473223033525,0.686333464544,0.07317581856015819,1859777000.0,-0.013605652055778598
2017-02-26,-0.10696832612477969,-12.38735934415054,37.64134132961205,33.333333333333314,-0.013605652055778598,0.0,0.055569851154810786,-0.06899287148695156,0.7435714285714285,40.980945361195715,0.68940679525312,0.07223468866300402,1825637000.0,0.0
2017-03-05,-0.10116347309919083,-11.850875734437748,37.64134132961205,25.000000000000018,0.0,-0.013605652055778598,0.0,0.055569851154810786,0.7442857142857143,40.31814326842329,0.6924186593480576,0.06921792518707516,1846797000.0,0.013605652055778678
2017-03-12,-0.09466493043698643,-11.20004037743986,38.78321333967013,38.88888888888887,0.013605652055778678,0.0,-0.013605652055778598,0.0,0.7471428571428571,40.12868506296487,0.84,0.06927378767371264,1858147000.0,0.0
2017-03-19,-0.0884946770072026,-10.567468558579787,38.78321333967013,38.88888888888887,0.0,0.013605652055778678,0.0,-0.013605652055778598,0.7485714285714286,39.72688928810449,0.8366,0.06718280283987603,1865847000.0,-0.027398974188114503
2017-03-26,-0.08424738811483978,-10.165875563701386,37.20306190491892,29.411764705882323,-0.027398974188114503,0.0,0.013605652055778678,0.0,0.7392857142857142,39.77502264678039,0.833268,0.0673840312084563,1841957000.0,0.0
2017-04-02,-0.07995965592720689,-9.743175737851871,37.20306190491892,29.411764705882323,0.0,-0.027398974188114503,0.0,0.013605652055778678,0.7364285714285713,39.819717908408016,0.83000264,0.06471374326499514,1852907000.0,0.0
2017-04-09,-0.07568910044199928,-9.307377900741798,37.203061904918926,29.411764705882323,0.0,0.0,-0.027398974188114503,0.0,0.7378571428571429,39.96952823339044,0.8268025872,0.06223419017463835,1857557000.0,0.0
2017-04-16,-0.07148066978615863,-8.865146009002132,37.203061904918926,29.411764705882323,0.0,0.0,0.0,-0.027398974188114503,0.7342857142857143,39.83830525094517,0.823666535456,0.05850317659073561,1860027000.0,0.01379332213233577
2017-04-23,-0.0665711509556719,-8.314549262203954,38.87785906712023,39.999999999999986,0.01379332213233577,0.0,0.0,0.0,0.7292857142857142,38.93379720643188,0.82059320474688,0.057181521119968784,1871517000.0,-0.04196419909903219
2017-04-30,-0.06435917864169316,-8.113840873099546,35.79370319883972,33.33333333333325,-0.04196419909903219,0.01379332213233577,0.0,0.0,0.7271428571428571,38.37417850045893,0.8175813406519424,0.055239983897113876,1857307000.0,0.06899287148695142
2017-05-07,-0.05790410997812934,-7.329613757421138,43.796322278114005,79.99999999999999,0.06899287148695142,-0.04196419909903219,0.01379332213233577,0.0,0.7271428571428571,36.880788558811794,0.8146297138389036,0.056294270761605744,1912727000.0,-0.027028672387919374
2017-05-14,-0.05378228569780852,-6.84638353288905,41.56468459051166,54.545454545454504,-0.027028672387919374,0.06899287148695142,-0.04196419909903219,0.01379332213233577,0.7292857142857142,35.26556573713006,0.8117371195621255,0.05727325142149105,1874007000.0,0.02702867238791942
2017-05-21,-0.04834459105427735,-6.174879010309409,44.604486743000756,72.7272727272727,0.02702867238791942,-0.027028672387919374,0.06899287148695142,-0.04196419909903219,0.7299999999999999,33.94019911711683,0.808902377170883,0.05746801917709883,1915227000.0,0.051959738930711166
2017-05-28,-0.04034247028166138,-5.149349680284013,50.18581579042292,100.0,0.051959738930711166,0.02702867238791942,-0.027028672387919374,0.06899287148695142,0.7335714285714285,32.006784742688936,0.8061243296274653,0.05836316066444892,1952587000.0,0.2939912416450457
2017-06-04,-0.012074797650333702,-1.5019652733129947,71.24565278431206,100.0,0.2939912416450457,0.051959738930711166,0.02702867238791942,-0.027028672387919374,0.7571428571428571,32.66217029615743,0.67,0.07348007775984543,2018927000.0,0.018692133012152546
2017-06-11,0.011805285438602153,1.4320153528709862,72.18375758895934,82.00000000000001,0.018692133012152546,0.2939912416450457,0.051959738930711166,0.02702867238791942,0.7821428571428573,33.96300065108245,0.6778000000000001,0.0775172150627136,2078267000.0,-0.06701071028296031
2017-06-18,0.02479617349473584,2.9585044267589753,64.27930582823909,68.00000000000001,-0.06701071028296031,0.018692133012152546,0.2939912416450457,0.051959738930711166,0.8014285714285715,33.5468033351779,0.6974880000000001,0.08340884255823407,2016577000.0,0.029270382300113237
2017-06-25,0.0370848046100003,4.34713949539791,65.997796683648,74.00000000000001,0.029270382300113237,-0.06701071028296031,0.018692133012152546,0.2939912416450457,0.8228571428571428,33.160334398980815,0.7163884800000001,0.08173678237550307,2038887000.0,0.0
2017-07-02,0.04629003064492254,5.339530297810718,65.997796683648,72.91666666666669,0.0,0.029270382300113237,-0.06701071028296031,0.018692133012152546,0.8457142857142858,32.65831615647426,0.7345329408000001,0.08089844077725285,2093107000.0,-0.019418085857101627
2017-07-09,0.05137913901251212,5.850044343812185,63.63093043455864,68.75000000000001,-0.019418085857101627,0.0,0.029270382300113237,-0.06701071028296031,0.8671428571428572,31.758790757512124,0.7519516231680001,0.08083426643602051,2065127000.0,0.009756174945364656
2017-07-16,0.05557853572201943,6.248229581329463,64.3199388984902,70.21276595744683,0.009756174945364656,-0.019418085857101627,0.0,0.029270382300113237,0.8892857142857142,30.92351717276157,0.7686735582412801,0.07934610454773335,2093607000.0,-0.009756174945364685
2017-07-23,0.05743756692494373,6.387810396736106,63.03390834815005,68.08510638297874,-0.009756174945364685,0.009756174945364656,-0.019418085857101627,0.0,0.9107142857142857,29.8403921692416,0.784726615911629,0.0793928113657524,2045817000.0,0.009756174945364656
2017-07-30,0.05903723448364573,6.495707501907715,63.81309549527277,70.21276595744683,0.009756174945364656,-0.009756174945364685,0.009756174945364656,-0.019418085857101627,0.9321428571428572,28.948610253694017,0.8001375512751638,0.07800761055391293,2083307000.0,0.00966191091173689
2017-08-06,0.060415467078256846,6.577057114841164,64.616300065573,72.34042553191492,0.00966191091173689,0.009756174945364656,-0.009756174945364685,0.009756174945364656,0.9564285714285715,28.120527046399836,0.8149320492241573,0.0781499240857763,2114977000.0,0.0
2017-08-13,0.06080678358881253,6.555470286146928,64.616300065573,72.34042553191492,0.0,0.00966191091173689,0.009756174945364656,-0.009756174945364685,0.9771428571428571,27.47848747278965,0.829134767255191,0.07685350093679229,2147167000.0,0.01904819497069441
2017-08-20,0.06201585739521576,6.615853513700578,66.34880541753697,76.59574468085108,0.01904819497069441,0.0,0.00966191091173689,0.009756174945364656,1.000714285714286,27.01300080388265,0.8427693765649833,0.07636396515559284,2172557000.0,0.0
2017-08-27,0.06225640402535826,6.57777960786521,66.34880541753697,75.55555555555559,0.0,0.01904819497069441,0.0,0.00966191091173689,1.022857142857143,26.580763182754726,0.8558586015023839,0.0751951105016219,2227497000.0,-0.07847161544149532
2017-09-03,0.05535362541335764,5.833148337248932,54.06767382888282,47.22222222222222,-0.07847161544149532,0.0,0.01904819497069441,0.0,1.0364285714285715,25.748567508626547,0.8684242574422886,0.0755383168943632,2160137000.0,0.040005334613699206
2017-09-10,0.052505538177022526,5.502500115341367,58.23076991419317,37.50000000000001,0.040005334613699206,-0.07847161544149532,0.0,0.01904819497069441,1.0335714285714286,24.761159118615442,0.880487287144597,0.07514272283048011,2177847000.0,-0.019802627296179754
2017-09-17,0.04808033549126689,5.020899241171694,55.52113358284591,43.74999999999996,-0.019802627296179754,0.040005334613699206,-0.07847161544149532,0.0,1.0278571428571428,23.418039727668397,0.8920677956588131,0.07548967119973153,2161247000.0,0.04879016416943204
2017-09-24,0.0480539762874268,4.982535675313595,60.47308207276407,90.9090909090909,0.04879016416943204,-0.019802627296179754,0.040005334613699206,-0.07847161544149532,1.0307142857142857,22.535603379499417,0.9031850838324605,0.07581183754260785,2275547000.0,-0.048790164169432056
2017-10-01,0.04349709683954728,4.497768678014724,53.99880554604468,45.45454545454545,-0.048790164169432056,0.04879016416943204,-0.019802627296179754,0.040005334613699206,1.0278571428571428,21.716198199056794,0.9138576804791622,0.07539670628956444,2270027000.0,0.02955880224154443
2017-10-08,0.04182436112580068,4.304058939631701,56.975158007055256,72.72727272727273,0.02955880224154443,-0.048790164169432056,0.04879016416943204,-0.019802627296179754,1.0271428571428571,21.819407266331417,0.9241033732599957,0.07429694155459554,2279417000.0,0.00966191091173689
2017-10-15,0.04083490310362525,4.180484141501275,57.95177954953839,81.81818181818181,0.00966191091173689,0.02955880224154443,-0.048790164169432056,0.04879016416943204,1.0285714285714287,21.915244257372137,0.9339392383295959,0.07256144572926729,2330377000.0,0.009569451016150672
2017-10-22,0.04039205248108191,4.1123191547998665,58.95512533988657,90.9090909090909,0.009569451016150672,0.00966191091173689,0.02955880224154443,-0.048790164169432056,1.03,22.330008329152935,0.943381668796412,0.0716641996057482,2344257000.0,-0.019231361927887644
2017-10-29,0.037989339856797755,3.8538124150184156,56.0732611764717,72.72727272727273,-0.019231361927887644,0.009569451016150672,0.00966191091173689,0.02955880224154443,1.0307142857142857,22.71514639580653,0.9524464020445556,0.07011675677676618,2292697000.0,0.00966191091173689
2017-11-05,0.03647166654880529,3.6848339710158426,57.199815827732806,81.81818181818181,0.00966191091173689,-0.019231361927887644,0.009569451016150672,0.00966191091173689,1.0314285714285716,23.0727746005563,0.9611485459627733,0.06725127414985431,2300107000.0,-0.019418085857101627
2017-11-12,0.0332715331417025,3.35392964749976,54.2056062959374,63.63636363636363,-0.019418085857101627,0.00966191091173689,-0.019231361927887644,0.009569451016150672,1.03,22.775214391755902,0.9695026041242624,0.06601904028200757,2294157000.0,-0.019802627296179754
2017-11-19,0.028789701747058305,2.9004105746138715,51.312934927145605,45.45454545454545,-0.019802627296179754,-0.019418085857101627,0.00966191091173689,-0.019231361927887644,1.0271428571428571,22.498908483584106,0.9775224999592919,0.0627319659761499,2277527000.0,0.0
2017-11-26,0.024950207614535813,2.5122159369480825,51.312934927145605,45.45454545454545,0.0,-0.019802627296179754,-0.019418085857101627,0.00966191091173689,1.022857142857143,20.957550110077257,1.17,0.06182253983499634,2308227000.0,0.12221763272424911
2017-12-03,0.032028094460969436,3.192300348408969,65.2802792040228,81.8181818181818,0.12221763272424911,0.0,-0.019802627296179754,-0.019418085857101627,1.0278571428571428,22.127554036252064,0.95,0.07169235841821088,2380657000.0,-0.12221763272424915
2017-12-10,0.0268380845034919,2.675652629862907,49.872336867996346,22.72727272727275,-0.12221763272424915,0.12221763272424911,0.0,-0.019802627296179754,1.0292857142857144,23.213986253414387,0.95,0.07728576138833868,2324297000.0,0.0
2017-12-17,0.02246599026896101,2.2402761354554364,49.872336867996346,22.72727272727275,0.0,-0.12221763272424915,0.12221763272424911,0.0,1.0278571428571428,23.740368786248315,0.9543999999999999,0.07605106414631449,2370437000.0,0.0769610411361284
2017-12-24,0.025166304013770624,2.4953222635604617,57.09911745276851,59.09090909090914,0.0769610411361284,0.0,-0.12221763272424915,0.12221763272424911,1.0335714285714286,24.90896358555713,0.9587119999999999,0.07704741670729202,2380377000.0,0.26662866325394846
2017-12-31,0.053319925278065616,5.135423573339355,73.84788520165922,100.00000000000001,0.26662866325394846,0.0769610411361284,0.0,-0.12221763272424915,1.0592857142857144,27.911500868869677,0.96,0.09868688694248544,2462197000.0,0.3035135376684616
2018-01-07,0.11465601116572621,10.396345916119087,84.02462174519715,100.0,0.3035135376684616,0.26662866325394846,0.0769610411361284,0.0,1.1242857142857143,31.69685829422472,0.978,0.13163782358945075,2525567000.0,0.18144857550760987
2018-01-14,0.19171811821542373,16.10012882032422,87.88360852002786,78.3625730994152,0.18144857550760987,0.3035135376684616,0.26662866325394846,0.0769610411361284,1.2142857142857142,35.76496943445559,1.03,0.18223512190448998,2764957000.0,-0.18144857550760984
2018-01-21,0.2195962007390848,17.651557464294758,69.74115698541414,56.14035087719298,-0.18144857550760984,0.18144857550760987,0.3035135376684616,0.26662866325394846,1.2764285714285715,38.87140591018818,1.1604,0.2156468989113121,2682257000.0,0.1726765894347728
2018-01-28,0.2676534311979182,20.275902796877382,75.00541942128042,77.19298245614034,0.1726765894347728,-0.18144857550760984,0.18144857550760987,0.3035135376684616,1.3635714285714287,41.75595406622559,1.2803680000000002,0.23095783470336123,2764467000.0,0.038881787544207264
2018-02-04,0.30943441311070297,22.148501356654464,76.12376432402064,82.45614035087718,0.038881787544207264,0.1726765894347728,-0.18144857550760984,0.18144857550760987,1.4585714285714284,44.5238246954602,1.3907385600000002,0.23588941793883542,4564467000.0,-0.1214975530607991
2018-02-11,0.3171040210126206,21.893154479828148,66.50943284110403,66.66666666666666,-0.1214975530607991,0.038881787544207264,0.1726765894347728,-0.18144857550760984,1.5335714285714286,46.76752442954409,1.4922794752000001,0.24261160237177573,4546097000.0,-0.08483887993702943
2018-02-18,0.3059379984740931,20.624823578878974,61.262968638675744,56.7251461988304,-0.08483887993702943,-0.1214975530607991,0.038881787544207264,0.1726765894347728,1.5978571428571426,46.60048248395229,1.5856971171840002,0.2517107736309346,4515767000.0,0.0
2018-02-25,0.2937032173003282,19.37748723472297,61.262968638675744,56.7251461988304,0.0,-0.08483887993702943,-0.1214975530607991,0.038881787544207264,1.6635714285714285,46.44537210590276,1.6716413478092802,0.24658857551443925,4529327000.0,-0.06453852113757105
2018-03-04,0.2711978677505087,17.64746235820225,57.54671217960622,49.411764705882355,-0.06453852113757105,0.0,-0.08483887993702943,-0.1214975530607991,1.7207142857142856,46.42610501621955,2.66,0.24540367726340787,4402647000.0,-0.05129329438755058
2018-03-11,0.24329541020862155,15.700672648847066,54.85888959481603,44.11764705882352,-0.05129329438755058,-0.06453852113757105,0.0,-0.08483887993702943,1.762142857142857,46.00065611295896,2.6416,0.23716055745887873,4379977000.0,0.01739174271186924
2018-03-18,0.2210550755509193,14.136752386522511,55.60326926288807,45.882352941176464,0.01739174271186924,-0.05129329438755058,-0.06453852113757105,0.0,1.815,45.605596417074125,2.603136,0.22307766049753025,4393407000.0,0.0057306747089850745
2018-03-25,0.20190888656780914,12.799365732827592,55.86452958200445,45.50898203592814,0.0057306747089850745,0.01739174271186924,-0.05129329438755058,-0.06453852113757105,1.8685714285714285,45.42291407664943,2.56621056,0.21285782760484953,4440197000.0,-0.10219094089654719
2018-04-01,0.171046101620155,10.8416414204862,50.431320627168034,33.74233128834356,-0.10219094089654719,0.0057306747089850745,0.01739174271186924,-0.05129329438755058,1.9042857142857141,44.18628322800374,2.5307621376,0.20979655420450313,4335437000.0,0.10788896201118492
2018-04-08,0.15927558803871467,10.00988770841528,55.37967976225135,31.297709923664115,0.10788896201118492,-0.10219094089654719,0.0057306747089850745,0.01739174271186924,1.929285714285714,43.55708197826457,2.473716409344,0.21695394318989575,4360347000.0,-0.0346855579878901
2018-04-15,0.1434522444858628,8.970008564393563,53.46376224268584,11.1111111111111,-0.0346855579878901,0.10788896201118492,-0.10219094089654719,0.0057306747089850745,1.9142857142857141,42.97282367493534,2.42009342478336,0.21217151867633177,4304157000.0,-0.060624621816434736
2018-04-22,0.12144304660843352,7.59351646038059,50.33800123871273,2.5000000000000027,-0.060624621816434736,-0.0346855579878901,0.10788896201118492,-0.10219094089654719,1.865,42.208753116781054,2.3696878192963586,0.2070164101994509,4297367000.0,0.030771658666753472
2018-04-29,0.10680401070322909,6.662530242192901,51.85370325356972,8.749999999999982,0.030771658666753472,-0.060624621816434736,-0.0346855579878901,0.10788896201118492,1.8464285714285713,41.49925902706635,2.322306550138577,0.19651523804234725,4325717000.0,-0.04969966855227241
2018-05-06,0.08773577447318881,5.481408812847484,49.26301425602014,0.0,-0.04969966855227241,0.030771658666753472,-0.060624621816434736,-0.0346855579878901,1.7964285714285713,40.51715917302573,2.2777681571302626,0.18819272103932244,4306527000.0,-0.0590335315841931
2018-05-13,0.06461694808813512,4.059688679892896,46.45130367225344,0.0,-0.0590335315841931,-0.04969966855227241,0.030771658666753472,-0.060624621816434736,1.7335714285714285,38.90659178624888,2.2211467045598416,0.1854646695365137,4285397000.0,-0.09193749532568549
2018-05-20,0.035397161625906115,2.2491941638921547,42.6634665111256,15.384615384615403,-0.09193749532568549,-0.0590335315841931,-0.04969966855227241,0.030771658666753472,1.6807142857142858,36.41428123888094,2.1470320341038573,0.1900743359981913,4270847000.0,-0.05324451451881236
2018-05-27,0.006516734493095422,0.4198899738142251,40.73716795975838,10.389610389610398,-0.05324451451881236,-0.09193749532568549,-0.0590335315841931,-0.04969966855227241,1.635,34.261219692663175,2.0369881900113946,0.19078331199832047,4217007000.0,0.0458095360312942
2018-06-03,-0.011398320776121906,-0.7419305719565259,43.1082922637222,18.181818181818198,0.0458095360312942,-0.05324451451881236,-0.09193749532568549,-0.0590335315841931,1.5935714285714284,32.26194825688954,1.9198098434097994,0.18572736114129756,4252327000.0,0.057987257650349316
2018-06-10,-0.01892267096395761,-1.2386457073518935,46.19918675726014,31.88405797101449,0.057987257650349316,0.0458095360312942,-0.05324451451881236,-0.09193749532568549,1.5664285714285715,30.36659124285605,1.8190364653324276,0.18317540677406202,4273017000.0,-0.043172171865208546
2018-06-17,-0.029388498934894924,-1.9394907409722772,44.25711934890794,23.18840579710147,-0.043172171865208546,0.057987257650349316,0.0458095360312942,-0.05324451451881236,1.5414285714285716,28.66459529946732,1.7323713601858877,0.1793771634330576,4243637000.0,0.028987536873252187
2018-06-24,-0.03406242684449068,-2.2606848967974265,45.8901696639621,28.98550724637681,0.028987536873252187,-0.043172171865208546,0.057987257650349316,0.0458095360312942,1.5171428571428571,27.08417049489207,1.6578393697598635,0.17085022318783918,4483017000.0,0.04196419909903221
2018-07-01,-0.03254983558455016,-2.165270338386865,48.33518172680433,37.68115942028986,0.04196419909903221,0.028987536873252187,-0.043172171865208546,0.057987257650349316,1.4964285714285714,25.993997606274284,1.5937418579934826,0.1679323501029935,4612427000.0,0.0
2018-07-08,-0.030993818664829753,-2.066166702585903,48.33518172680433,37.68115942028986,0.0,0.04196419909903221,0.028987536873252187,-0.043172171865208546,1.487857142857143,24.981694209700628,1.538617997874395,0.16522289652420824,4638137000.0,-0.07095173597228437
2018-07-15,-0.03739871915604809,-2.5105056621846766,44.452604014808166,28.571428571428594,-0.07095173597228437,0.0,0.04196419909903221,0.028987536873252187,1.4592857142857143,24.041698198596517,1.4912114781719796,0.16127840391533624,4307387000.0,0.06407885668452239
2018-07-22,-0.03481112017730381,-2.341425819178763,48.46484989281743,48.07692307692307,0.06407885668452239,-0.07095173597228437,0.0,0.04196419909903221,1.4414285714285715,23.168844759714126,1.4504418712279026,0.15618708934995507,4339367000.0,0.0
2018-07-29,-0.03238709111786253,-2.182379328142592,48.46484989281743,54.34782608695652,0.0,0.06407885668452239,-0.07095173597228437,0.0,1.4307142857142856,22.589010108614527,1.2,0.15217372582495828,4420417000.0,-0.056752816592449365
2018-08-05,-0.03650060577365233,-2.473644244935768,45.10611229195144,39.534883720930274,-0.056752816592449365,0.0,0.06407885668452239,-0.07095173597228437,1.4107142857142858,21.840046557660724,1.2056,0.15058988826603267,4401217000.0,-0.08369901887664694
2018-08-12,-0.048082412347007164,-3.294192854020124,40.908080811462355,13.953488372093037,-0.08369901887664694,-0.056752816592449365,0.0,0.06407885668452239,1.3885714285714286,20.63318534418546,1.216976,0.1519763248184589,4383757000.0,0.04652001563489291
2018-08-19,-0.05182220482075239,-3.575745964612241,43.971206473249694,41.379310344827616,0.04652001563489291,-0.08369901887664694,-0.056752816592449365,0.0,1.3771428571428572,19.512528503101287,1.22789696,0.14683515875999756,4401877000.0,0.03717900324175403
2018-08-26,-0.050173071233849065,-3.4760387594843047,46.461805844425534,58.620689655172455,0.03717900324175403,0.04652001563489291,-0.08369901887664694,-0.056752816592449365,1.3785714285714283,18.329872633337054,1.23,0.14063264741999773,4422337000.0,0.05675281659244942
2018-09-02,-0.041927475731473374,-2.9037921072946427,50.27078725654505,85.18518518518518,0.05675281659244942,0.03717900324175403,0.04652001563489291,-0.08369901887664694,1.3907142857142858,17.83060493917745,1.24,0.1391588868899979,4442987000.0,0.0
2018-09-09,-0.03498944534378334,-2.4225217478066883,50.27078725654505,84.6153846153846,0.0,0.05675281659244942,0.03717900324175403,0.04652001563489291,1.3985714285714288,17.262672523538793,1.25,0.13850468068356947,4470067000.0,0.0
2018-09-16,-0.029154926432131356,-2.0179784492732975,50.27078725654505,84.6153846153846,0.0,0.0,0.05675281659244942,0.03717900324175403,1.4007142857142856,16.735306709017184,1.2596,0.12861148920617166,4489007000.0,0.033901551675681416
2018-09-23,-0.02026286829414614,-1.3985474407284169,52.887267707226385,100.0,0.033901551675681416,0.0,0.0,0.05675281659244942,1.4107142857142858,16.245609881247116,1.268816,0.12656781140573084,4514897000.0,0.0
2018-09-30,-0.013065240199779948,-0.8994136218096919,52.887267707226385,100.0,0.0,0.033901551675681416,0.0,0.0,1.417857142857143,15.423188328095176,1.28268704,0.12681296773389292,4521727000.0,0.006644542718668511
2018-10-07,-0.006479460465450115,-0.44474642888181987,53.45530320701159,100.0,0.006644542718668511,0.0,0.033901551675681416,0.0,1.4214285714285715,14.772062079466716,1.2957258176,0.11918347003861485,4530407000.0,-0.006644542718668613
2018-10-14,-0.002043542320713465,-0.13996077887766603,52.77011495213528,96.42857142857142,-0.006644542718668613,0.006644542718668511,0.0,0.033901551675681416,1.4242857142857144,14.16744484859743,1.312867752192,0.11138465075014235,4513217000.0,0.0
2018-10-21,0.0014551803547435682,0.09946285409936804,52.77011495213528,96.42857142857142,0.0,-0.006644542718668613,0.006644542718668511,0.0,1.4342857142857144,14.40163113094541,1.32863833201664,0.11414288998227504,4654637000.0,0.06453852113757116
2018-10-28,0.01215696956936374,0.8252171733226322,58.8825548413689,100.00000000000001,0.06453852113757116,0.0,-0.006644542718668613,0.006644542718668511,1.445,13.459371899862122,1.3431472654553087,0.11313268355496968,4717507000.0,0.0
2018-11-04,0.02040302129512761,1.376185330272178,58.8825548413689,100.00000000000001,0.0,0.06453852113757116,0.0,-0.006644542718668613,1.455714285714286,12.584416899570499,1.35,0.10933749187247185,4735567000.0,0.0
2018-11-11,0.026631090068359953,1.785792232390039,58.8825548413689,97.36842105263159,0.0,0.0,0.06453852113757116,0.0,1.4721428571428572,11.713178505667727,1.375,0.10224195673872385,4746127000.0,0.006230549750636163
2018-11-18,0.03200486372182265,2.1335575552370596,59.53660948474104,97.36842105263159,0.006230549750636163,0.0,0.0,0.06453852113757116,1.497142857142857,11.890413355921158,1.4032,0.1035103884002436,4760447000.0,0.030583423372080185
2018-11-25,0.03983896144209309,2.6349966520366523,62.72898397022145,100.0,0.030583423372080185,0.006230549750636163,0.0,0.0,1.5214285714285716,11.574669709296032,1.433552,0.09968821780022619,4774287000.0,0.01197619104671562
2018-12-02,0.047118223628150435,3.091001463376322,63.95403148720738,83.72093023255812,0.01197619104671562,0.030583423372080185,0.006230549750636163,0.0,1.5435714285714288,11.172880605726485,1.46978368,0.10185334510021003,4796177000.0,0.07453305186256698
2018-12-09,0.06265475982944135,4.053945342767672,70.6962515042544,69.01408450704228,0.07453305186256698,0.01197619104671562,0.030583423372080185,0.006230549750636163,1.5692857142857142,12.781310516963,1.5202226176,0.1224352490216236,4855007000.0,0.0055096558109697
2018-12-16,0.07491096614293768,4.784023568282341,71.1433806737809,69.11764705882356,0.0055096558109697,0.07453305186256698,0.01197619104671562,0.030583423372080185,1.5957142857142856,14.167733414584722,1.62,0.1272613026629362,4862637000.0,0.01634913800152941
2018-12-23,0.08605288315615645,5.422687880569634,72.49907882591785,73.52941176470591,0.01634913800152941,0.0055096558109697,0.07453305186256698,0.01197619104671562,1.6242857142857143,15.62451946489784,1.64,0.12031406675844077,4869057000.0,0.0628479036596637
2018-12-30,0.10337429525305253,6.399767543470795,77.1278810895902,91.17647058823532,0.0628479036596637,0.01634913800152941,0.0055096558109697,0.07453305186256698,1.657857142857143,17.58922654858289,1.63,0.12029163341855213,4897037000.0,0.0050633019565466345
2019-01-06,0.11656486831753732,7.09766775974619,77.46822673402606,92.64705882352943,0.0050633019565466345,0.0628479036596637,0.01634913800152941,0.0055096558109697,1.6921428571428572,19.46077332584886,1.71,0.11241365960294127,4914847000.0,0.015037877364540502
2019-01-13,0.12796415070917044,7.66465655791237,78.50175587247757,94.28571428571428,0.015037877364540502,0.0050633019565466345,0.0628479036596637,0.01634913800152941,1.7278571428571428,21.5218453456804,1.774,0.11295554105987403,4940917000.0,0.11723009121321011
2019-01-20,0.15537995143527428,9.069185622375628,84.77086701485084,95.78947368421052,0.11723009121321011,0.015037877364540502,0.0050633019565466345,0.0628479036596637,1.782142857142857,24.30849550430027,1.8292,0.1256015738413116,4949817000.0,0.08072321127244134
2019-01-27,0.19024555084820127,10.761433491901219,87.70527269843879,100.0,0.08072321127244134,0.11723009121321011,0.015037877364540502,0.0050633019565466345,1.8499999999999999,27.269662333766764,1.92336,0.1416300328526465,5024897000.0,0.02020270731751947
2019-02-03,0.2193824671876945,12.040225083735832,88.34188412634364,96.15384615384615,0.02020270731751947,0.08072321127244134,0.11723009121321011,0.015037877364540502,1.9142857142857144,30.21219347898363,2.01,0.1450850305060289,5047537000.0,-0.06187540371808741
2019-02-10,0.22774463848287918,12.236541662818242,75.68139220061562,81.73076923076924,-0.06187540371808741,0.02020270731751947,0.08072321127244134,0.11723009121321011,1.967857142857143,32.40228949699357,2.1,0.15115038546988396,5002807000.0,0.06187540371808745
2019-02-17,0.24366662866021382,12.767412926515373,78.93282582288691,96.15384615384615,0.06187540371808745,-0.06187540371808741,0.02020270731751947,0.08072321127244134,2.0321428571428575,34.435950085145656,2.188,0.1539253579363208,5124627000.0,-0.008032171697264267
2019-02-24,0.2517688531164135,12.905681447607293,77.44600503760631,93.4782608695652,-0.008032171697264267,0.06187540371808745,-0.06187540371808741,0.02020270731751947,2.0942857142857143,36.32434920271545,2.2584,0.14864497522658363,5091797000.0,-0.05384323202082316
2019-03-03,0.2448772186804855,12.365007417485517,68.4239191221012,79.34782608695653,-0.05384323202082316,-0.008032171697264267,0.06187540371808745,-0.06187540371808741,2.1435714285714282,37.23855627733969,2.31,0.14731319128182765,5081947000.0,-0.017167803622365446
2019-03-10,0.23349628322577853,11.646749013327879,65.88079198490468,74.72527472527473,-0.017167803622365446,-0.05384323202082316,-0.008032171697264267,0.06187540371808745,2.1885714285714286,36.13288050746528,2.54,0.16179082047598284,5061847000.0,0.00431966114451638
2019-03-17,0.2227163903968683,10.981171097411831,66.21882534742394,75.82417582417581,0.00431966114451638,-0.017167803622365446,-0.05384323202082316,-0.008032171697264267,2.225,35.10618157829619,2.5322,0.1652343332991269,5087327000.0,0.033901551675681416
2019-03-24,0.21811429327567788,10.610171732157458,68.8754960856152,80.55555555555554,0.033901551675681416,0.00431966114451638,-0.017167803622365446,-0.05384323202082316,2.2664285714285715,33.54991629416393,2.524556,0.16986045234918928,5134437000.0,0.08004270767353656
2019-03-31,0.22797744461063507,10.876645415170142,74.31404867676768,100.0,0.08004270767353656,0.033901551675681416,0.00431966114451638,-0.017167803622365446,2.32,33.19329288637221,2.15,0.18629899146710432,5510077000.0,0.003838776307165667
2019-04-07,0.23390467207123544,10.960346510541001,74.55347072304349,89.47368421052632,0.003838776307165667,0.08004270767353656,0.033901551675681416,0.00431966114451638,2.3657142857142857,33.26277072421801,2.159,0.18656334921945403,5793277000.0,0.04860769906537701
2019-04-14,0.2462533013116346,11.301306709849534,77.4908236005075,100.0,0.04860769906537701,0.003838776307165667,0.08004270767353656,0.033901551675681416,2.4199999999999995,33.538251195917944,2.18024,0.18680882427520734,5816657000.0,-0.0036563112031105433
2019-04-21,0.2523241270548344,11.366990979330692,76.75684062132234,98.63013698630134,-0.0036563112031105433,0.04860769906537701,0.003838776307165667,0.08004270767353656,2.4714285714285715,33.79405449106788,2.2138256,0.17703676539840685,5774707000.0,-0.02974196919873753
2019-04-28,0.24782321700116094,11.006225936171514,70.96576456654635,85.93749999999996,-0.02974196919873753,-0.0036563112031105433,0.04860769906537701,0.003838776307165667,2.4992857142857146,32.074325595162115,2.245396064,0.1843912821556635,5755247000.0,0.011257154524634468
2019-05-05,0.24386582915852628,10.679978514436504,71.82425131180403,89.83050847457628,0.011257154524634468,-0.02974196919873753,-0.0036563112031105433,0.04860769906537701,2.5157142857142856,30.47743447753533,2.2750723001599997,0.18193476200168757,5846337000.0,-0.06952606264861033
2019-05-12,0.22362723949083785,9.725301898898971,60.303035588815455,59.322033898305065,-0.06952606264861033,0.011257154524634468,-0.02974196919873753,-0.0036563112031105433,2.5157142857142856,28.498386009433556,2.3029679621503996,0.18322513614442418,5821517000.0,-0.18874212459687742
2019-05-19,0.17092034172281023,7.488485208372728,42.68713524712696,9.459459459459435,-0.18874212459687742,-0.06952606264861033,0.011257154524634468,-0.02974196919873753,2.4957142857142856,28.603681805720647,2.74,0.20585191213410817,5766457000.0,0.10536051565782635
2019-05-26,0.14602553188492173,6.394132347641309,50.94215636402708,40.540540540540505,0.10536051565782635,-0.18874212459687742,-0.06952606264861033,0.011257154524634468,2.481428571428571,28.70145647370152,2.7252,0.2090053469816719,5800317000.0,0.06317890162153167
2019-06-02,0.13682275458304405,5.959028485568129,55.448991934442006,60.810810810810814,0.06317890162153167,0.10536051565782635,-0.18874212459687742,-0.06952606264861033,2.4792857142857145,27.8312162440897,2.710696,0.21407639362583822,5818887000.0,-0.041672696400568074
2019-06-09,0.12007615977863262,5.220580549170761,52.01806939721268,47.29729729729729,-0.041672696400568074,0.06317890162153167,0.10536051565782635,-0.18874212459687742,2.4792857142857145,27.023136030878725,2.69648208,0.21592807979542122,5781927000.0,0.02935221201252737
2019-06-16,0.11117126459251336,4.814821013488153,54.156418084033945,56.75675675675673,0.02935221201252737,-0.041672696400568074,0.06317890162153167,0.10536051565782635,2.487142857142857,26.272775832897103,2.6825524384,0.20907607409574827,5848077000.0,-0.09531017980432477
2019-06-23,0.08537772831173651,3.710672920931387,47.05825534561777,27.027027027027042,-0.09531017980432477,0.02935221201252737,-0.041672696400568074,0.06317890162153167,2.478571428571428,26.376907557941063,2.668901389632,0.21628492594605198,5821567000.0,0.04445176257083359
2019-06-30,0.07217335967794547,3.136874575757932,50.25015862346873,40.540540540540505,0.04445176257083359,-0.09531017980432477,0.02935221201252737,-0.041672696400568074,2.4714285714285715,26.47360130262474,2.65552336183936,0.2151217169499054,5877767000.0,-0.039916607405442554
2019-07-07,0.05382608100841724,2.3463051223950324,47.47587025644638,28.378378378378365,-0.039916607405442554,0.04445176257083359,-0.09531017980432477,0.02935221201252737,2.4435714285714285,26.77748404916303,2.6424128946025727,0.21047016573919786,5858987000.0,0.031182927436687845
2019-07-14,0.04442207542963139,1.9372605799740044,49.7974323694244,37.837837837837796,0.031182927436687845,-0.039916607405442554,0.04445176257083359,-0.09531017980432477,2.4199999999999995,27.389679730160797,2.6295646367105214,0.2104365824721123,5887637000.0,0.008733679968754631
2019-07-21,0.03814347190859246,1.66307456741794,50.47102514452254,41.09589041095888,0.008733679968754631,0.031182927436687845,-0.039916607405442554,0.04445176257083359,2.3885714285714283,26.810662541507153,2.616973343976311,0.21183396943839,5960367000.0,-0.021978906718775115
2019-07-28,0.028801050666655392,1.2575090735945584,48.71137405465152,35.71428571428571,-0.021978906718775115,0.008733679968754631,0.031182927436687845,-0.039916607405442554,2.3542857142857145,26.50861688846789,2.604633877096785,0.20741725733564786,5942677000.0,0.06453852113757116
2019-08-04,0.033119084728765014,1.4409315725548166,53.903640847429934,57.14285714285712,0.06453852113757116,-0.021978906718775115,0.008733679968754631,0.031182927436687845,2.3364285714285713,25.519806147040153,2.5925411995548493,0.215458881811673,6153877000.0,0.008298802814695064
2019-08-11,0.037720175977098425,1.6347102986433628,54.5641187785861,64.61538461538461,0.008298802814695064,0.06453852113757116,-0.021978906718775115,0.008733679968754631,2.317857142857143,24.46380309950789,2.5806903755637522,0.21649753311083922,6189197000.0,-0.012474174225175688
2019-08-18,0.03850199759927353,1.6641827889929393,53.3297715342652,86.66666666666666,-0.012474174225175688,0.008298802814695064,0.06453852113757116,-0.021978906718775115,2.31,23.48322884108507,2.5690765680524774,0.21317628074577927,6170887000.0,0.04499736593073572
2019-08-25,0.04745069547876346,2.0388051817629718,57.15685281371615,99.99999999999999,0.04499736593073572,-0.012474174225175688,0.008298802814695064,0.06453852113757116,2.3407142857142857,21.858142820006794,2.557695036691428,0.220806546406795,6184237000.0,-0.08338160893905114
2019-09-01,0.037966618940144414,1.632727318999407,49.24917898050222,53.48837209302324,-0.08338160893905114,0.04499736593073572,-0.012474174225175688,0.008298802814695064,2.3407142857142853,20.34913437186268,2.5465411359575993,0.2257489359491668,6171937000.0,0.021506205220963682
2019-09-08,0.03409201060999978,1.4649522206564918,51.071670518386455,65.11627906976747,0.021506205220963682,-0.08338160893905114,0.04499736593073572,-0.012474174225175688,2.3335714285714286,19.021431046060055,2.5356103132384473,0.2203382976670835,6223157000.0,-0.07509045135506995
2019-09-15,0.01710658231019968,0.7385388994635926,45.13673277132635,25.581395348837273,-0.07509045135506995,0.021506205220963682,-0.08338160893905114,0.04499736593073572,2.3214285714285716,18.15961363460114,2.5248981069736782,0.2188855621194347,6125897000.0,-0.0861776962410524
2019-09-22,-0.0107550106005867,-0.4690681582338975,39.85552873620856,0.0,-0.0861776962410524,-0.07509045135506995,0.021506205220963682,-0.08338160893905114,2.2914285714285714,18.329076959239643,2.514400144834205,0.21753659339661796,6105337000.0,-0.05129329438755058
2019-09-29,-0.040438537689087894,-1.786354655216249,37.248062504825235,14.285714285714267,-0.05129329438755058,-0.0861776962410524,-0.07509045135506995,0.021506205220963682,2.27,19.46968514434987,2.5041121419375205,0.2162839795825738,6091357000.0,0.025975486403260736
2019-10-06,-0.05924542030612878,-2.644287689207372,39.383446794245685,21.428571428571416,0.025975486403260736,-0.05129329438755058,-0.0861776962410524,-0.07509045135506995,2.245,20.101387336595756,2.47594765626002,0.20940655246953283,6095537000.0,-0.08004270767353637
2019-10-13,-0.08527080788009345,-3.8621198014744826,35.48250787906143,5.405405405405411,-0.08004270767353637,0.025975486403260736,-0.05129329438755058,-0.0861776962410524,2.2157142857142857,21.010307084093174,2.448909750009619,0.2080203701502805,6082667000.0,0.0749013081731177
2019-10-20,-0.09352123053342654,-4.274214547923046,41.32416626871458,24.324324324324316,0.0749013081731177,-0.08004270767353637,0.025975486403260736,-0.05129329438755058,2.1914285714285713,20.721502180045995,2.4075751650090416,0.2031617722824033,6095937000.0,0.06001800972625295
2019-10-27,-0.08934681830417546,-4.101207279332524,45.849965751811204,40.54054054054055,0.06001800972625295,0.0749013081731177,-0.08004270767353637,0.025975486403260736,2.1742857142857144,19.623924821829043,2.368720655108499,0.19722164569080308,6164677000.0,0.06575137756278043
2019-11-03,-0.07388997888462967,-3.389233796996117,50.63401176058373,59.45945945945948,0.06575137756278043,0.06001800972625295,0.0749013081731177,-0.08004270767353637,2.1707142857142854,18.67421693312206,2.332197415801989,0.19313438528431717,6223997000.0,0.013544225107757034
2019-11-10,-0.058544706075758235,-2.6808250972692758,51.62037529809079,63.513513513513516,0.013544225107757034,0.06575137756278043,0.06001800972625295,0.0749013081731177,2.1585714285714284,17.959300118097,2.2978655708538698,0.1850533577640088,6263227000.0,-0.0890517776159024
2019-11-17,-0.06101157545825808,-2.807482481798881,45.429348142770834,37.837837837837846,-0.0890517776159024,0.013544225107757034,0.06575137756278043,0.06001800972625295,2.1314285714285717,16.753721307305323,2.2655936366026377,0.18540668935229387,6246227000.0,-0.034916265106227876
2019-11-24,-0.06783306485527918,-3.143144828440611,43.36578443917285,28.378378378378375,-0.034916265106227876,-0.0890517776159024,0.013544225107757034,0.06575137756278043,2.1014285714285714,16.25662863423752,2.2352580184064794,0.1800204972557015,6236067000.0,0.0050633019565466345
2019-12-01,-0.07160678942724408,-3.3384167092252364,43.758811549075496,36.06557377049179,0.0050633019565466345,-0.034916265106227876,-0.0890517776159024,0.013544225107757034,2.0642857142857145,15.4708665915316,2.2067425373020906,0.17787617602315137,6257347000.0,-0.010152371464017962
2019-12-08,-0.07534282104998313,-3.535173701823586,43.11437466546756,33.89830508474575,-0.010152371464017962,0.0050633019565466345,-0.034916265106227876,-0.0890517776159024,2.04,15.084406722323525,2.1799379850639653,0.17517073487864052,6234417000.0,-0.03109058707003112
2019-12-15,-0.08219762849173051,-3.888057110972111,41.156179985697484,25.925925925925917,-0.03109058707003112,-0.010152371464017962,0.0050633019565466345,-0.034916265106227876,2.007857142857143,14.516596627938373,2.1547417059601273,0.16980139667302335,6219457000.0,0.020834086902842053
2019-12-22,-0.08344059582082908,-3.9710759188945706,43.01438007385088,38.29787234042552,0.020834086902842053,-0.03109058707003112,-0.010152371464017962,0.0050633019565466345,1.9907142857142854,14.513909459585108,2.1310572036025195,0.17481558262495023,6236397000.0,0.02544666566116439
2019-12-29,-0.07947493665336092,-3.7972305005381326,45.33803459113249,48.93617021276596,0.02544666566116439,0.020834086902842053,-0.03109058707003112,-0.010152371464017962,1.99,14.511414231828505,2.1087937713863685,0.1687573267231681,6266147000.0,0.0
2020-01-05,-0.07546224144633218,-3.618695802913298,45.33803459113249,48.93617021276596,0.0,0.02544666566116439,0.020834086902842053,-0.03109058707003112,1.9964285714285714,13.892710197671196,2.0878661451031864,0.16313180338579894,6302597000.0,-0.04628075256400634
2020-01-12,-0.0786379105411521,-3.7959722977691355,41.78146119043522,29.78723404255317,-0.04628075256400634,0.0,0.02544666566116439,0.020834086902842053,1.992857142857143,14.405203617351242,2.07,0.165765246001099,6277687000.0,0.020834086902842053
2020-01-19,-0.07703892865770712,-3.7363707176511376,43.88826899475717,34.09090909090907,0.020834086902842053,-0.04628075256400634,0.0,0.02544666566116439,2.0028571428571427,14.430502532633202,2.0513999999999997,0.16249629985816336,6297147000.0,-0.05292240145434244
2020-01-26,-0.08288543654209946,-4.0522240034413874,39.99189780629168,20.40816326530614,-0.05292240145434244,0.020834086902842053,-0.04628075256400634,0.0,1.9957142857142856,14.974714071873818,2.0339159999999996,0.1651751355825803,6288797000.0,-0.08503704268591218
2020-02-02,-0.09848728247383631,-4.877775121206422,34.975906319915865,23.943661971830977,-0.08503704268591218,-0.05292240145434244,0.020834086902842053,-0.04628075256400634,1.9692857142857143,16.418163250694214,2.0104027199999996,0.17623405446953885,6233047000.0,-0.08004270767353637
2020-02-09,-0.11995895911580878,-6.042983393955262,31.31057984510271,5.633802816901413,-0.08004270767353637,-0.08503704268591218,-0.05292240145434244,0.020834086902842053,1.9235714285714285,17.758508916741725,1.9613624479999996,0.17364590772171468,6219277000.0,-0.06624938554120072
2020-02-16,-0.14339165210748717,-7.367779400129741,28.809536126038637,0.0,-0.06624938554120072,-0.08004270767353637,-0.08503704268591218,-0.05292240145434244,1.8685714285714285,19.345815522581553,1.9172262031999996,0.1683854857415922,6209687000.0,-0.04196419909903219
2020-02-23,-0.16490283149290486,-8.652956024740536,27.39554695856279,17.283950617283942,-0.04196419909903219,-0.06624938554120072,-0.08004270767353637,-0.08503704268591218,1.8228571428571425,21.464889117884535,1.8623590588159997,0.17350080818862132,6184287000.0,0.10821358464023279
2020-03-01,-0.16711355230492275,-8.88840650696834,36.36487908907376,37.03703703703705,0.10821358464023279,-0.04196419909903219,-0.06624938554120072,-0.08004270767353637,1.7935714285714286,22.939108493325183,1.7780287905817598,0.17253646474657697,6214737000.0,-0.34937564145712074
2020-03-08,-0.2036363272738264,-11.174429025125326,26.30391208449636,5.825242718446608,-0.34937564145712074,0.10821358464023279,-0.04196419909903219,-0.06624938554120072,1.7307142857142854,25.2613412390827,1.7055047599003135,0.19735528869325006,6168357000.0,-0.056089466651043585
2020-03-15,-0.23471671988736853,-13.302988910450612,25.3199060347701,4.629629629629634,-0.056089466651043585,-0.34937564145712074,0.10821358464023279,-0.04196419909903219,1.6650000000000003,27.523762669295387,1.5990239983162633,0.19111562521516076,6147137000.0,0.12629372532429206
2020-03-22,-0.24522452925823623,-14.248106007675975,31.736809088473734,17.592592592592588,0.12629372532429206,-0.056089466651043585,-0.34937564145712074,0.10821358464023279,1.6135714285714287,29.01576043943738,1.489399678619336,0.19103593769979213,6185457000.0,-0.06115442315333046
2020-03-29,-0.25624660749172823,-15.29067527280338,30.333362573977894,11.111111111111123,-0.06115442315333046,0.12629372532429206,-0.056089466651043585,-0.34937564145712074,1.5542857142857145,30.24840980223709,1.3995077364678554,0.19024765643552127,5879187000.0,0.2249437318183575
2020-04-05,-0.23962576727589724,-14.4818492893068,41.480813341125526,37.03703703703704,0.2249437318183575,-0.06115442315333046,0.12629372532429206,-0.056089466651043585,1.5114285714285713,30.05046195032373,0.99,0.1966585381186983,5886457000.0,-0.029199154692262124
2020-04-12,-0.22706384668200275,-13.912414777238535,40.48420846056608,37.11340206185568,-0.029199154692262124,0.2249437318183575,-0.06115442315333046,0.12629372532429206,1.4657142857142857,29.07908969358009,0.998,0.20404007111021988,5874407000.0,-0.05324451451881236
2020-04-19,-0.22021830950237575,-13.712103744173977,38.730522464485524,29.89690721649485,-0.05324451451881236,-0.029199154692262124,0.2249437318183575,-0.06115442315333046,1.4214285714285713,28.177101169460997,1.01888,0.19589435174520414,5858517000.0,0.0
2020-04-26,-0.2123453865325553,-13.423737680448497,38.730522464485524,31.182795698924735,0.0,-0.05324451451881236,-0.029199154692262124,0.2249437318183575,1.3742857142857143,27.213124299195844,1.0389248,0.18690189804911814,5863867000.0,-0.015748356968139168
2020-05-03,-0.2053526931911569,-13.18033772512088,38.182458320345575,37.5,-0.015748356968139168,0.0,-0.05324451451881236,-0.029199154692262124,1.332857142857143,26.98429328057215,1.0581678079999999,0.1906946196170383,5789847000.0,0.03125254350410453
2020-05-10,-0.19434300247420788,-12.628612402729079,40.01083441718626,45.58823529411766,0.03125254350410453,-0.015748356968139168,0.0,-0.05324451451881236,1.305,26.77180733470729,1.0766410956799999,0.1820735753586784,5804967000.0,0.030305349495329058
2020-05-17,-0.18031155815210553,-11.830100110756137,41.86263341147368,61.40350877192983,0.030305349495329058,0.03125254350410453,-0.015748356968139168,0.0,1.2892857142857144,26.146919027961424,1.0943754518528,0.17406831997591565,5846987000.0,0.02941388520629319
2020-05-24,-0.1640725455561327,-10.840630149561223,43.73313643033382,68.42105263157893,0.02941388520629319,0.030305349495329058,0.03125254350410453,-0.015748356968139168,1.2835714285714286,25.020217359427924,1.111400433778688,0.16877772569192168,5855147000.0,-0.07522342123758739
2020-05-31,-0.15745710781790745,-10.523798301329453,40.24687527133197,50.877192982456144,-0.07522342123758739,0.02941388520629319,0.030305349495329058,0.03125254350410453,1.2750000000000001,24.3917275916878,1.1277444164275405,0.1638650309996416,5846177000.0,0.053244514518812285
2020-06-07,-0.14489564397379473,-9.754847313805872,43.63413274240666,67.92452830188681,0.053244514518812285,-0.07522342123758739,0.02941388520629319,0.030305349495329058,1.26,23.80812995021483,1.143434639770439,0.15716038592823864,5856187000.0,-0.11778303565638351
2020-06-14,-0.1453686208027798,-9.927976427010268,38.58636505445974,39.622641509433954,-0.11778303565638351,0.053244514518812285,-0.07522342123758739,0.02941388520629319,1.2671428571428571,23.783371801385304,1.1584972541796215,0.15664892979050732,5852987000.0,0.07232066157962629
2020-06-21,-0.13690307705565696,-9.432964930061093,42.85772775164181,56.60377358490567,0.07232066157962629,-0.11778303565638351,0.053244514518812285,-0.07522342123758739,1.285,23.760382091757887,1.1729573640124367,0.1518882919483282,5854557000.0,-0.11488027599842214
2020-06-28,-0.13987847067764703,-9.788518025948328,38.38536029748108,25.99999999999998,-0.11488027599842214,0.07232066157962629,-0.11778303565638351,0.053244514518812285,1.282857142857143,24.369247511123426,1.52,0.15675341395201906,5844207000.0,0.12260232209233247
2020-07-05,-0.1286497509150737,-9.06335443609897,45.006974272196686,46.34146341463414,0.12260232209233247,-0.11488027599842214,0.07232066157962629,-0.11778303565638351,1.2964285714285713,24.934622543391423,1.5126,0.15627102724116057,5863687000.0,-0.039220713153281385
2020-07-12,-0.12237483086274326,-8.698203271253455,43.33517575224883,30.769230769230788,-0.039220713153281385,0.12260232209233247,-0.11488027599842214,0.07232066157962629,1.2864285714285713,25.459613644783136,1.505348,0.15368023958107768,5569677000.0,-0.057629112836636416
2020-07-19,-0.12164804357544434,-8.751087669554824,41.03695387530343,16.129032258064527,-0.057629112836636416,-0.039220713153281385,0.12260232209233247,-0.11488027599842214,1.2742857142857145,25.94710538178973,1.49824104,0.14770307961100068,5500087000.0,0.008438868645864604
2020-07-26,-0.11889460004749841,-8.645188458442876,41.51414120845152,19.354838709677434,0.008438868645864604,-0.057629112836636416,-0.039220713153281385,0.12260232209233247,1.2678571428571428,26.399776280438708,1.4912762192,0.13786714535307207,5511807000.0,0.00836824967051658
2020-08-02,-0.1145846987073984,-8.411206346581736,42.01947209495316,22.580645161290338,0.00836824967051658,0.008438868645864604,-0.057629112836636416,-0.039220713153281385,1.262142857142857,27.056475108534414,1.484450694816,0.1323052063992812,5552337000.0,-0.01680711831638129
2020-08-09,-0.11149762844142375,-8.266532849911636,41.251788198416136,13.333333333333343,-0.01680711831638129,0.00836824967051658,0.008438868645864604,-0.057629112836636416,1.2564285714285715,27.182051751311537,1.4706726670233599,0.1292834059421897,5520967000.0,0.0
2020-08-16,-0.1078083554017979,-8.067790854749134,41.251788198416136,13.333333333333343,0.0,-0.01680711831638129,0.00836824967051658,0.008438868645864604,1.2478571428571428,27.29865863389029,1.4574457603424256,0.12290601980346187,5541847000.0,0.01680711831638119
2020-08-23,-0.10209387247443513,-7.698306627028415,42.470749508816716,20.000000000000014,0.01680711831638119,0.0,-0.01680711831638129,0.00836824967051658,1.237857142857143,27.27546743999166,1.4447479299287285,0.11769844696035746,5560777000.0,0.0
2020-08-30,-0.09645325055157894,-7.324604743837336,42.470749508816716,25.000000000000025,0.0,0.01680711831638119,0.0,-0.01680711831638129,1.2249999999999999,25.840260911146547,1.4325580127315793,0.1214342721774748,5598377000.0,-0.03390155167568134
2020-09-06,-0.09412566071969364,-7.211471509240254,40.52058889799305,8.695652173913043,-0.03390155167568134,0.0,0.01680711831638119,0.0,1.2164285714285714,24.5075691343618,1.4208556922223161,0.1156175384505123,5581087000.0,0.025533302005164845
2020-09-13,-0.08883623095716575,-6.8510191056782785,42.647638920194815,21.73913043478261,0.025533302005164845,-0.03390155167568134,0.0,0.01680711831638119,1.2049999999999998,23.3684612068195,1.4096214645334235,0.11093057141833285,5600917000.0,-0.025533302005164762
2020-09-20,-0.08607287452262513,-6.690148711345564,41.06610244339209,8.695652173913043,-0.025533302005164762,0.025533302005164845,-0.03390155167568134,0.0,1.202142857142857,22.31071813124451,1.3988366059520865,0.10657838774559479,5359517000.0,0.0984400728132527
2020-09-27,-0.07335431464345366,-5.7037335051821865,49.18377121824286,60.869565217391305,0.0984400728132527,-0.025533302005164762,0.025533302005164845,-0.03390155167568134,1.2014285714285715,21.244329300404562,1.388483141714003,0.10896564576376659,5681487000.0,0.08961215868968714
2020-10-04,-0.052981034799163274,-4.092734680594158,55.748000540399445,72.2222222222222,0.08961215868968714,0.0984400728132527,-0.025533302005164762,0.025533302005164845,1.2192857142857143,21.843727437813552,1.14,0.1168966710663547,5784887000.0,-0.014388737452099669
2020-10-11,-0.038010732530284086,-2.9219997103611033,54.484749386222376,66.66666666666664,-0.014388737452099669,0.08961215868968714,0.0984400728132527,-0.025533302005164762,1.2249999999999999,22.400311422550466,1.1472,0.11783262313304364,5761477000.0,0.01438873745209967
2020-10-18,-0.024253250894777256,-1.8539529928741048,55.569003662400405,72.2222222222222,0.01438873745209967,-0.014388737452099669,0.08961215868968714,0.0984400728132527,1.2357142857142855,22.428302901401555,1.154256,0.12227315005211195,5774047000.0,0.23450730996452498
2020-10-25,0.01631746264751177,1.2155446253439652,69.86918391229219,100.0,0.23450730996452498,0.01438873745209967,-0.014388737452099669,0.08961215868968714,1.2778571428571428,24.06394539504715,1.16117088,0.13996792504838967,5813787000.0,0.02785695450296628
2020-11-01,0.05190628422454724,3.767393347220607,71.21733754933702,85.00000000000001,0.02785695450296628,0.23450730996452498,0.01438873745209967,-0.014388737452099669,1.3228571428571427,26.19037196284783,1.1855240448,0.14211307325921899,5909697000.0,0.18048837571229362
2020-11-08,0.107915688203996,7.508739848751415,78.63096278424513,68.66666666666669,0.18048837571229362,0.02785695450296628,0.23450730996452498,0.01438873745209967,1.3928571428571428,29.52252086136696,1.230792602112,0.19481928231213191,6011127000.0,-0.12699969076130754
2020-11-15,0.12982715071548445,8.814007412947992,65.5075559916116,51.333333333333336,-0.12699969076130754,0.18048837571229362,0.02785695450296628,0.23450730996452498,1.4457142857142855,32.61665912427758,1.34432919394304,0.21376076214697964,5943067000.0,0.010362787035546658
2020-11-22,0.14711018088014938,9.7581694084433,65.97794254935755,52.666666666666664,0.010362787035546658,-0.12699969076130754,0.18048837571229362,0.02785695450296628,1.5,35.489787511266016,1.4487828584275968,0.21134927913648108,6006577000.0,-0.04211148535012685
2020-11-29,0.15259278079969985,9.94954494459593,62.31708572220841,47.33333333333334,-0.04211148535012685,0.010362787035546658,-0.12699969076130754,0.18048837571229362,1.5471428571428572,37.98142275254459,1.544880229753389,0.2091100449124467,5983297000.0,0.01069528911674795
2020-12-06,0.15674475759365314,10.052120608417653,62.87172854644596,48.666666666666664,0.01069528911674795,-0.04211148535012685,0.010362787035546658,-0.12699969076130754,1.5957142857142856,39.34617922318039,1.6332898113731178,0.2091736131329862,6008037000.0,0.021053409197832263
2020-12-13,0.16140234901234973,10.17645342650771,64.0125932597445,51.333333333333336,0.021053409197832263,0.01069528911674795,-0.04211148535012685,0.010362787035546658,1.6500000000000001,40.63667460510288,1.71,0.1978040693377729,6029197000.0,0.0
2020-12-20,0.16321211608953545,10.132519205806826,64.0125932597445,51.333333333333336,0.0,0.021053409197832263,0.01069528911674795,-0.04211148535012685,1.702142857142857,41.83499174545948,1.71,0.18653235009936053,6047837000.0,0.06062462181643484
2020-12-27,0.17234270720596823,10.49226132670308,67.48841995938767,58.50340136054423,0.06062462181643484,0.0,0.021053409197832263,0.01069528911674795,1.7650000000000001,43.237852850397736,1.7852,0.18249432509226335,6062227000.0,-0.009852296443011594
2021-01-03,0.17593684318373248,10.531813544085535,66.33839841155601,53.6764705882353,-0.009852296443011594,0.06062462181643484,0.0,0.021053409197832263,1.8178571428571428,44.65344857834342,1.8543839999999998,0.18231615901424456,6032397000.0,-0.009950330853168092
2021-01-10,0.17515234181948802,10.333880671859974,65.14295545196285,51.851851851851855,-0.009950330853168092,-0.009852296443011594,0.06062462181643484,0.0,1.8607142857142858,45.19867884942047,2.65,0.18357929051322705,5978657000.0,0.0
2021-01-17,0.1725416659150858,10.045915983275561,65.14295545196285,51.851851851851855,0.0,-0.009950330853168092,-0.009852296443011594,0.06062462181643484,1.905,45.70496410113487,2.6338,0.17475219833371083,6056957000.0,0.0
2021-01-24,0.1685299777744278,9.69424363118597,65.14295545196285,45.83333333333334,0.0,0.0,-0.009950330853168092,-0.009852296443011594,1.9478571428571432,46.175086120583956,2.617924,0.16941275559558863,6082287000.0,-0.0779615414697118
2021-01-31,0.1515005357522663,8.673445959213122,55.734778644054614,14.89361702127661,-0.0779615414697118,0.0,0.0,-0.009950330853168092,1.9535714285714285,45.50350491675264,2.6023655199999998,0.17088327305304657,6048617000.0,-0.027398974188114503
2021-02-07,0.1324432745012596,7.56531798774205,52.987667422751535,10.526315789473694,-0.027398974188114503,-0.0779615414697118,0.0,0.0,1.952142857142857,43.91406037746607,2.5706708991999996,0.17439161069211467,6017617000.0,0.0
2021-02-14,0.11600304674618256,6.612428982614863,52.987667422751535,18.181818181818198,0.0,-0.027398974188114503,-0.0779615414697118,0.0,1.925,42.49069870254259,2.5184306452479994,0.17122078135696364,6024897000.0,-0.05129329438755058
2021-02-21,0.09462106720307473,5.403720996254469,48.044188401472745,13.33333333333334,-0.05129329438755058,0.0,-0.027398974188114503,-0.0779615414697118,1.9100000000000001,39.98149701004561,2.4693248065331193,0.16970501126003765,6009857000.0,-0.15123096972392353
2021-02-28,0.05764520212282709,3.3316728621181237,37.89201531579116,5.970149253731347,-0.15123096972392353,-0.05129329438755058,0.0,-0.027398974188114503,1.8764285714285713,37.940120130538276,2.40377882201047,0.17758322474146354,5998887000.0,0.04652001563489291
2021-03-07,0.0336026274631136,1.958049317837186,41.75771439188321,16.417910447761205,0.04652001563489291,-0.15123096972392353,-0.05129329438755058,0.0,1.8535714285714284,35.91069086456127,2.3064009398094227,0.17847013725993044,6005797000.0,-0.033006296468170084
2021-03-14,0.01039431253070977,0.6116541096170821,39.84978106680224,8.955223880597021,-0.033006296468170084,0.04652001563489291,-0.15123096972392353,-0.05129329438755058,1.8257142857142858,34.02622083186833,2.2187608458284807,0.17357941316993544,5997927000.0,0.12595240897761437
2021-03-21,0.008047122056254574,0.473727147257148,49.74166944931389,38.805970149253724,0.12595240897761437,-0.033006296468170084,0.04652001563489291,-0.15123096972392353,1.8092857142857142,31.913862593889842,2.1398847612456326,0.17760945508636863,6019397000.0,0.09045711015525139
2021-03-28,0.01887998282918857,1.104162573059941,55.97872084955766,62.68656716417911,0.09045711015525139,0.12595240897761437,-0.033006296468170084,0.04652001563489291,1.8042857142857145,30.678932430300538,2.0688962851210695,0.18206592258019944,6028077000.0,-0.17049981782878784
2021-04-04,0.004018207277165953,0.23653369942872757,45.06296674884385,19.402985074626876,-0.17049981782878784,0.09045711015525139,0.12595240897761437,-0.033006296468170084,1.7699999999999998,28.992639919352907,2.0050066566089626,0.19191835668161378,6018037000.0,-0.05264373348542203
2021-04-11,-0.014053191884984662,-0.8352158987221365,42.59539335413443,8.196721311475416,-0.05264373348542203,-0.17049981782878784,0.09045711015525139,0.12595240897761437,1.7314285714285713,27.101966035468788,1.9475059909480663,0.2010670454900699,6006437000.0,0.08419209122034803
2021-04-18,-0.017681174796812194,-1.0542044359816836,47.615270125328514,30.508474576271205,0.08419209122034803,-0.05264373348542203,-0.17049981782878784,0.09045711015525139,1.7035714285714285,25.346340286147818,1.8957553918532597,0.19884797081220776,6015207000.0,-0.006230549750636086
2021-04-25,-0.021119837479334658,-1.2635361713313644,47.272818573091186,28.813559322033917,-0.006230549750636086,0.08419209122034803,-0.05264373348542203,-0.17049981782878784,1.675,23.71611637606406,1.8491798526679337,0.19250168718276436,6007857000.0,-0.006269613013595374
2021-05-02,-0.024370985307757165,-1.463326879297124,46.90949105590115,28.571428571428594,-0.006269613013595374,-0.006230549750636086,0.08419209122034803,-0.05264373348542203,1.6457142857142857,22.28014908341357,1.8072618674011403,0.19018013809828122,5996337000.0,-0.07169192845611656
2021-05-09,-0.03541537764845559,-2.1441599033774206,42.994943735562764,10.000000000000009,-0.07169192845611656,-0.006269613013595374,-0.006230549750636086,0.08419209122034803,1.6192857142857144,20.94675088309526,1.7695356806610263,0.1844529853769754,5985117000.0,0.12078153865263996
2021-05-16,-0.028508102386627154,-1.7245571341595975,50.65465829844772,48.0,0.12078153865263996,-0.07169192845611656,-0.006269613013595374,-0.006230549750636086,1.6099999999999999,20.22406019915721,1.7355821125949236,0.18627777213576288,6004367000.0,0.0
2021-05-23,-0.02277154082950683,-1.376487623232156,50.65465829844772,57.142857142857125,0.0,0.12078153865263996,-0.07169192845611656,-0.006269613013595374,1.6007142857142858,19.62055574939995,1.7050239013354311,0.1836865026974941,6040387000.0,-0.018127384592556715
2021-05-30,-0.02041074142344934,-1.2345744169720254,49.43819548222339,49.99999999999997,-0.018127384592556715,0.0,0.12078153865263996,-0.07169192845611656,1.5957142857142856,18.969981360044013,1.677521511201888,0.17985175250481594,6017927000.0,-0.02469261259037141
2021-06-06,-0.021519394408179737,-1.3047465619990695,47.79025245579379,39.02439024390246,-0.02469261259037141,-0.018127384592556715,0.0,0.12078153865263996,1.605,18.365876569927785,1.6527693600816993,0.17343377018304335,5933277000.0,-0.006269613013595374
2021-06-13,-0.022940482707804133,-1.3946241227944238,47.36517951247791,36.58536585365856,-0.006269613013595374,-0.02469261259037141,-0.018127384592556715,0.0,1.6085714285714285,17.50644229584737,1.6304924240735295,0.16818850088425455,5846397000.0,0.018692133012152546
2021-06-20,-0.021399278581210268,-1.302391146314328,48.835456563804506,43.90243902439026,0.018692133012152546,-0.006269613013595374,-0.02469261259037141,-0.018127384592556715,1.6178571428571427,16.708396184201273,1.6104431816661764,0.16117503653537923,5883087000.0,-0.037740327982847086
2021-06-27,-0.02473424083437803,-1.511020994340728,46.064034414302576,29.268292682926845,-0.037740327982847086,0.018692133012152546,-0.006269613013595374,-0.02469261259037141,1.6085714285714288,15.967353366244183,1.5923988634995587,0.1546625339257093,5870647000.0,0.006389798098770988
2021-07-04,-0.026267510510399772,-1.609563184041079,46.60788300221301,36.11111111111113,0.006389798098770988,-0.037740327982847086,0.018692133012152546,-0.006269613013595374,1.5885714285714285,15.943318442866286,1.43,0.15147235293101577,5910827000.0,-0.00638979809877101
2021-07-11,-0.02796716611969985,-1.7193270888022942,46.10721125413525,33.33333333333336,-0.00638979809877101,0.006389798098770988,-0.037740327982847086,0.018692133012152546,1.5885714285714287,15.921000299729666,1.4344,0.1442243277216575,5887837000.0,-0.025975486403260677
2021-07-18,-0.03217097417690429,-1.9874138060762843,44.06800222239237,30.769230769230795,-0.025975486403260677,-0.00638979809877101,0.006389798098770988,-0.037740327982847086,1.5914285714285714,15.272749127238855,1.438712,0.1389225900272534,5784997000.0,0.0130720815673527
2021-07-25,-0.03350249360432156,-2.0771545022727778,45.36902976924441,38.461538461538495,0.0130720815673527,-0.025975486403260677,-0.00638979809877101,0.006389798098770988,1.5864285714285715,14.67080160992596,1.44293776,0.13257097645387816,5802097000.0,0.00647251450561752
2021-08-01,-0.03336619123430018,-2.0746973330113754,46.04482320341152,42.30769230769235,0.00647251450561752,0.0130720815673527,-0.025975486403260677,-0.00638979809877101,1.582857142857143,13.979682051361902,1.4470790048,0.12595876385002971,5864327000.0,-0.01298719552681119
2021-08-08,-0.034474601728051946,-2.1513710596394247,44.84986993517765,22.72727272727275,-0.01298719552681119,0.00647251450561752,0.0130720815673527,-0.025975486403260677,1.5785714285714287,13.916759149985927,1.4511374247039999,0.12196170928931331,5820757000.0,0.0
2021-08-15,-0.03495014155389131,-2.188375652898399,44.84986993517765,15.000000000000016,0.0,-0.01298719552681119,0.00647251450561752,0.0130720815673527,1.582142857142857,13.572020320503379,1.4551146762099199,0.11539301576864806,5830237000.0,0.006514681021193672
2021-08-22,-0.0341267024823535,-2.142488877890112,45.667522848984326,20.00000000000002,0.006514681021193672,0.0,-0.01298719552681119,0.00647251450561752,1.5728571428571432,13.373505762366696,1.4590123826857215,0.11000780035660176,5842087000.0,-0.019672765598704893
2021-08-29,-0.035485812013401175,-2.236431335735628,43.580071675003964,6.250000000000009,-0.019672765598704893,0.006514681021193672,0.0,-0.01298719552681119,1.5614285714285714,13.315132215027855,1.462832135032007,0.10572152890255879,5827847000.0,-0.006644542718668613
2021-09-05,-0.0369439654976873,-2.33779285128325,42.87652664955655,6.250000000000009,-0.006644542718668613,-0.019672765598704893,0.006514681021193672,0.0,1.5514285714285714,12.93259584696662,1.466575492331367,0.1038842768380903,5809117000.0,-0.006688988150796652
2021-09-12,-0.03846310038711187,-2.444267803264183,42.1438325941629,5.882352941176478,-0.006688988150796652,-0.006644542718668613,-0.019672765598704893,0.006514681021193672,1.5435714285714288,12.411457926360194,1.4702439824847395,0.10146397134965528,5794047000.0,-0.01351371916672282
2021-09-19,-0.0408104214499132,-2.6061462961307593,40.647754349667835,0.0,-0.01351371916672282,-0.006688988150796652,-0.006644542718668613,-0.019672765598704893,1.5350000000000001,11.92754414293994,1.65,0.10064511625325133,5780967000.0,0.0
2021-09-26,-0.042184414630741296,-2.7061693731381444,40.647754349667835,10.00000000000001,0.0,-0.01351371916672282,-0.006688988150796652,-0.006644542718668613,1.5242857142857142,11.119509698236667,1.6463999999999999,0.09631332223516195,5798127000.0,0.040005334613699206
2021-10-03,-0.03799384615839041,-2.4406834896105267,47.17259859461854,40.00000000000004,0.040005334613699206,0.0,-0.01351371916672282,-0.006688988150796652,1.5221428571428572,11.028519295122225,1.6385439999999998,0.09514808493265038,5818387000.0,-0.006557400546159052
2021-10-10,-0.035075379735227674,-2.2571449236991477,46.259809863385314,46.666666666666664,-0.006557400546159052,0.040005334613699206,0.0,-0.01351371916672282,1.5185714285714287,11.52956032625447,1.6310022399999997,0.09692322172317536,5804457000.0,0.0065574005461590396
2021-10-17,-0.03159139174288961,-2.035271494491089,47.356811655176735,53.333333333333336,0.0065574005461590396,-0.006557400546159052,0.040005334613699206,0.0,1.5164285714285715,11.994812712305842,1.6237621503999997,0.0921429916000914,5810257000.0,-0.02649161544697634
2021-10-24,-0.031692638851537724,-2.047872617345408,43.52915438933342,44.99999999999999,-0.02649161544697634,0.0065574005461590396,-0.006557400546159052,0.040005334613699206,1.5142857142857142,11.87562508098732,1.6168116643839998,0.09627563505722773,5769777000.0,0.03947881097378742
2021-10-31,-0.02662446904946414,-1.7201858279999034,50.050771735131335,75.0,0.03947881097378742,-0.02649161544697634,0.0065574005461590396,-0.006557400546159052,1.5150000000000001,11.439076080789041,1.6038029645209597,0.09797023255314005,5879287000.0,-0.032789822822990956
2021-11-07,-0.026338871978899503,-1.7056328177821358,45.35056302895281,50.0,-0.032789822822990956,0.03947881097378742,-0.02649161544697634,0.0065574005461590396,1.5114285714285713,11.033709152033497,1.591574786649702,0.09668664451363006,5695877000.0,-0.006688988150796652
2021-11-14,-0.026612676302771865,-1.7278582430685727,44.45146484478188,52.94117647058823,-0.006688988150796652,-0.032789822822990956,0.03947881097378742,-0.02649161544697634,1.5085714285714285,10.657297003903349,1.58008029945072,0.0926375984769422,5599177000.0,0.0
2021-11-21,-0.02652391699751222,-1.72626412571797,44.45146484478188,52.94117647058823,0.0,-0.006688988150796652,-0.032789822822990956,0.03947881097378742,1.5057142857142858,10.638348620406065,1.5692754814836767,0.08744919858573204,5657497000.0,-0.01351371916672282
2021-11-28,-0.027747550966354062,-1.8117098625558936,42.49719700175744,41.1764705882353,-0.01351371916672282,0.0,-0.006688988150796652,-0.032789822822990956,1.5007142857142857,10.942271016003797,1.559118952594656,0.08477425582960832,5641137000.0,0.0
2021-12-05,-0.02839002714175587,-1.8591948979275292,42.49719700175744,41.1764705882353,0.0,-0.01351371916672282,0.0,-0.006688988150796652,1.4978571428571428,10.803315572403728,1.5495718154389766,0.08371895184177916,5903337000.0,0.026847250036188056
2021-12-12,-0.02537897540291989,-1.6633805761642362,47.818454874880885,64.70588235294119,0.026847250036188056,0.0,-0.01351371916672282,0.0,1.4985714285714287,10.07826284644649,1.4,0.08631045528165208,5930097000.0,-0.040546094394349905
2021-12-19,-0.02751699497616311,-1.8101667765677958,41.599849566587515,29.41176470588235,-0.040546094394349905,0.026847250036188056,0.0,-0.01351371916672282,1.4957142857142856,9.404999600914769,1.403,0.08443113704724836,5914677000.0,0.04054609439435001
2021-12-26,-0.02409217276173936,-1.585652835159415,48.77403048306821,64.70588235294119,0.04054609439435001,-0.040546094394349905,0.026847250036188056,0.0,1.4985714285714287,9.61334230890719,1.40594,0.08554319868673063,5956937000.0,0.019672765598704928
2022-01-02,-0.01874119042551836,-1.232233616314275,51.9522651777821,82.3529411764706,0.019672765598704928,0.04054609439435001,-0.040546094394349905,0.026847250036188056,1.5035714285714286,9.806803394900154,1.4088212,0.08229011306624988,5967927000.0,0.01929320293467885
2022-01-09,-0.011942088134456297,-0.783319783880432,54.96155391027338,100.0,0.01929320293467885,0.019672765598704928,0.04054609439435001,-0.040546094394349905,1.5064285714285715,10.501958874966364,1.411644776,0.08069796213294632,5992767000.0,0.0063492276786587445
2022-01-16,-0.0056813431698412575,-0.3716561428684106,55.951887864505004,99.99999999999999,0.0063492276786587445,0.01929320293467885,0.019672765598704928,0.04054609439435001,1.5107142857142857,11.312409532243304,1.41797898496,0.07993382198059303,6019477000.0,0.08489944378648627
2022-01-23,0.01045663471605196,0.6777570118094809,66.91894946809231,100.0,0.08489944378648627,0.0063492276786587445,0.01929320293467885,0.019672765598704928,1.5242857142857142,13.750961017771798,1.4277002458624,0.08565283469626495,6070587000.0,-0.011696039763191298
2022-01-30,0.021385744060087086,1.3757564063403083,64.45021709961111,84.37499999999999,-0.011696039763191298,0.08489944378648627,0.0063492276786587445,0.01929320293467885,1.5392857142857144,16.26919991827412,1.451084226193408,0.08453477507510318,6050167000.0,0.01749315744751712
2022-02-06,0.03209788677623937,2.047746301457835,66.44961115758255,93.74999999999999,0.01749315744751712,-0.011696039763191298,0.08489944378648627,0.0063492276786587445,1.5521428571428573,17.110130549924424,1.4809758035740672,0.08706800542688152,6075537000.0,-0.0595413936910167
2022-02-13,0.03214759532278322,2.0448753575325616,55.28738276754148,62.49999999999998,-0.0595413936910167,0.01749315744751712,-0.011696039763191298,0.08489944378648627,1.5614285714285714,17.890994707885422,1.5078782232166605,0.08799171932496141,6027767000.0,-0.024845998586530662
2022-02-20,0.02862930321169621,1.8195462686804127,51.556700595749184,50.000000000000036,-0.024845998586530662,-0.0595413936910167,0.01749315744751712,-0.011696039763191298,1.5685714285714287,17.661399335918286,1.5320904008949945,0.09027802508746417,5969437000.0,-0.04502368137395513
2022-02-27,0.019962501093759633,1.2719237858675283,45.73994768479685,28.125000000000018,-0.04502368137395513,-0.024845998586530662,-0.0595413936910167,0.01749315744751712,1.5707142857142855,17.31254020794654,1.75,0.09811530900978815,5951777000.0,0.0065574005461590396
2022-03-06,0.013742499421943277,0.8772466312218906,46.66568729279079,31.25000000000002,0.0065574005461590396,-0.04502368137395513,-0.024845998586530662,-0.0595413936910167,1.575,16.988599589115633,1.7438,0.09539278693766043,5968057000.0,0.0
2022-03-13,0.008712669058873912,0.5571323876224941,46.66568729279079,31.25000000000002,0.0,0.0065574005461590396,-0.04502368137395513,-0.024845998586530662,1.5792857142857142,16.687797585915508,1.737724,0.0957218735849704,5980627000.0,-0.013158084577511199
2022-03-20,0.003077187503091494,0.19727413499918628,44.88924816098253,22.580645161290338,-0.013158084577511199,0.0,0.0065574005461590396,-0.04502368137395513,1.5792857142857142,16.538762209112,1.73176952,0.0953131683289011,5964057000.0,0.0
2022-03-27,-0.001373143487941153,-0.08823918584741672,44.88924816098253,22.580645161290338,0.0,-0.013158084577511199,0.0,0.0065574005461590396,1.5835714285714286,16.534715315568764,1.7259341296000001,0.0913622277339796,6023737000.0,-0.026847250036188052
2022-04-03,-0.008035104879913213,-0.518467994266357,41.24719371739341,24.324324324324337,-0.026847250036188052,0.0,-0.013158084577511199,0.0,1.5807142857142857,17.674614189140677,1.7202154470080002,0.09412206861012393,5995897000.0,-0.048790164169432056
2022-04-10,-0.018747067738239753,-1.2183834743985513,35.77669355649148,5.405405405405409,-0.048790164169432056,-0.026847250036188052,0.0,-0.013158084577511199,1.570714285714286,18.35781424935172,1.7066068291276801,0.09597049228082936,5908507000.0,0.04879016416943204
2022-04-17,-0.02134194384959831,-1.3916275074018598,43.803237839800595,24.324324324324337,0.04879016416943204,-0.048790164169432056,-0.026847250036188052,0.0,1.5635714285714286,18.99221430526197,1.693542555962573,0.0955440285464844,5922817000.0,0.04652001563489291
2022-04-24,-0.017547707824598913,-1.1438658953954575,50.469648166780104,43.24324324324327,0.04652001563489291,0.04879016416943204,-0.048790164169432056,-0.026847250036188052,1.5607142857142857,17.74652941930588,1.6810008537240702,0.09800516936459266,5944377000.0,0.00647251450561752
2022-05-01,-0.013577321106156726,-0.8843717987296313,51.357385131913986,45.94594594594597,0.00647251450561752,0.04652001563489291,0.04879016416943204,-0.048790164169432056,1.5485714285714285,16.508604785656434,1.6689608195751073,0.09743337155283605,5965997000.0,-0.019544596072970283
2022-05-08,-0.012705054348332911,-0.8281652427745629,48.546294086344176,40.00000000000003,-0.019544596072970283,0.00647251450561752,0.04652001563489291,0.04879016416943204,1.5357142857142858,16.214083192721333,1.657402386792103,0.10047384501334777,5943997000.0,0.025975486403260736
2022-05-15,-0.008685984331823215,-0.5654799006991531,52.295623926644815,54.545454545454575,0.025975486403260736,-0.019544596072970283,0.00647251450561752,0.04652001563489291,1.5235714285714284,15.940598856424453,1.646306291320419,0.09758285608382293,5956987000.0,0.02531780798429
2022-05-22,-0.0022472715344799,-0.14585326344885965,55.76675099258453,68.75000000000006,0.02531780798429,0.025975486403260736,-0.019544596072970283,0.00647251450561752,1.5214285714285716,15.208314605721302,1.6356540396676023,0.0963269377921213,6000277000.0,-0.06453852113757118
2022-05-29,-0.005154294026197048,-0.3351829986916519,46.6315723703889,46.153846153846196,-0.06453852113757118,0.02531780798429,0.025975486403260736,-0.019544596072970283,1.5150000000000001,15.81147310852987,1.6254278780808982,0.10230358509268409,5948477000.0,0.013245226750020723
2022-06-05,-0.005777695761574275,-0.3760443444549135,48.45036009996955,60.869565217391305,0.013245226750020723,-0.06453852113757118,0.02531780798429,0.025975486403260736,1.5150000000000001,16.37154886113783,1.6156107629576621,0.09928190044320664,5973487000.0,0.019544596072970346
2022-06-12,-0.003807110844714856,-0.24762591173597548,51.140192978515316,73.91304347826086,0.019544596072970346,0.013245226750020723,-0.06453852113757118,0.02531780798429,1.5164285714285715,16.71773772477288,1.6061863324393557,0.09719033612583475,6064397000.0,-0.01298719552681119
2022-06-19,-0.003815260999942449,-0.24824506127364643,49.2935490029311,65.21739130434783,-0.01298719552681119,0.019544596072970346,0.013245226750020723,-0.06453852113757118,1.5164285714285715,17.479114163074907,1.5971388791417815,0.09739102640256084,6040517000.0,0.006514681021193672
2022-06-26,-0.0029804468936398543,-0.19389772870558486,50.260658242182664,69.56521739130434,0.006514681021193672,-0.01298719552681119,0.019544596072970346,0.013245226750020723,1.5185714285714287,18.186106570069644,1.5884533239761103,0.09543452451666365,6073977000.0,0.00647251450561752
2022-07-03,-0.0014947042531621157,-0.09718006664359045,51.261734294023164,73.91304347826086,0.00647251450561752,0.006514681021193672,-0.01298719552681119,0.019544596072970346,1.5214285714285716,19.463612184702363,1.5801151910170659,0.09718920133690197,6120487000.0,-0.019544596072970283
2022-07-10,-0.002706789600330106,-0.1761386564496632,48.13200395183686,57.142857142857146,-0.019544596072970283,0.00647251450561752,0.006514681021193672,-0.01298719552681119,1.5250000000000001,20.649867398289892,1.5721105833763833,0.0966756869556947,6110387000.0,-0.01324522675002068
2022-07-17,-0.005221024107651573,-0.3403499022679286,46.110801926952135,42.10526315789474,-0.01324522675002068,-0.019544596072970283,0.00647251450561752,0.006514681021193672,1.5321428571428573,21.75139009662117,1.564426160041328,0.09334170931600223,6095167000.0,0.03278982282299097
2022-07-24,-0.0031427631192835204,-0.20471351754853317,51.58454592892505,71.42857142857143,0.03278982282299097,-0.01324522675002068,-0.019544596072970283,0.00647251450561752,1.537857142857143,23.68517722762343,1.38,0.10096015865057352,6119227000.0,-0.02614528010432236
2022-07-31,-0.004669564189715647,-0.3045366873732187,47.43363126601238,52.38095238095239,-0.02614528010432236,0.03278982282299097,-0.01324522675002068,-0.019544596072970283,1.5357142857142858,25.480836706411242,1.3843999999999999,0.10017729017553256,6101947000.0,0.0
2022-08-07,-0.005812561447863462,-0.37950775678117926,47.43363126601238,52.38095238095239,0.0,-0.02614528010432236,0.03278982282299097,-0.01324522675002068,1.532857142857143,27.230894543143723,1.388712,0.09730748373442309,6135507000.0,0.006600684031352093
2022-08-14,-0.005844111305980837,-0.38178196477986814,48.632096416935006,57.142857142857146,0.006600684031352093,0.0,-0.02614528010432236,0.03278982282299097,1.532857142857143,28.60126253527429,1.39293776,0.09535694918196432,6145977000.0,0.0065574005461590396
2022-08-21,-0.005004509499024534,-0.3269445642226823,49.863100766375,61.9047619047619,0.0065574005461590396,0.006600684031352093,0.0,-0.02614528010432236,1.530714285714286,29.61267477546695,1.3970790048,0.09140288138325259,6160667000.0,-0.02649161544697634
2022-08-28,-0.0074805535591127015,-0.4896687187907762,45.19731244615584,44.99999999999999,-0.02649161544697634,0.0065574005461590396,0.006600684031352093,0.0,1.522857142857143,30.94880775443918,1.4011374247039998,0.09201696128444883,5787487000.0,-0.01351371916672282
2022-09-04,-0.01093066724084446,-0.71751594247466,43.02928599208622,35.0,-0.01351371916672282,-0.02649161544697634,0.0065574005461590396,0.006600684031352093,1.5207142857142857,32.189502663484824,1.4051146762099198,0.09187289262127393,5457787000.0,0.02020270731751947
2022-09-11,-0.01111601935911466,-0.7305142389280039,47.12630141852627,50.0,0.02020270731751947,-0.01351371916672282,-0.02649161544697634,0.0065574005461590396,1.5192857142857144,33.34157650759864,1.4090123826857215,0.08959625743404008,5485157000.0,-0.006688988150796652
2022-09-18,-0.011932280769621384,-0.7853674965600589,45.94033198834591,44.99999999999999,-0.006688988150796652,0.02020270731751947,-0.01351371916672282,-0.02649161544697634,1.5150000000000001,34.41135936284718,1.412832135032007,0.0846250961887515,5467977000.0,0.03947881097378742
2022-09-25,-0.007649496623783225,-0.5027282418600689,53.50144199592474,75.0,0.03947881097378742,-0.006688988150796652,0.02020270731751947,-0.01351371916672282,1.5164285714285715,33.91799507813592,1.416575492331367,0.08286616074669782,5480667000.0,0.0
2022-10-02,-0.004206865208966626,-0.276095246714729,53.50144199592474,75.0,0.0,0.03947881097378742,-0.006688988150796652,0.02020270731751947,1.5171428571428571,34.25481322025581,1.4202439824847395,0.08623286355050512,5525547000.0,0.0
2022-10-09,-0.0014617053801619928,-0.09580877217832075,53.50144199592474,75.0,0.0,0.0,0.03947881097378742,-0.006688988150796652,1.5171428571428571,34.56757292365286,1.4238391028350448,0.08150194472546904,5533547000.0,0.019169916107720123
2022-10-16,0.0030988808718093175,0.20258429094983807,57.23659593704261,89.99999999999999,0.019169916107720123,0.0,0.0,0.03947881097378742,1.5214285714285716,34.85799264823583,1.427362320778344,0.08139466295936412,5557177000.0,-0.07898841131863044
2022-10-23,-0.0029359746956980626,-0.1925843412949247,42.522527641438536,30.0,-0.07898841131863044,0.019169916107720123,0.0,0.0,1.5185714285714285,35.62446174807796,1.430815074362777,0.08415218703369527,5513017000.0,-0.04196419909903219
2022-10-30,-0.012417004274848376,-0.8194471268486091,37.35207681178637,27.999999999999936,-0.04196419909903219,-0.07898841131863044,0.019169916107720123,0.0,1.5078571428571428,37.44002181019848,1.6,0.09028417367414561,5441867000.0,0.007117467768863955
2022-11-06,-0.018905936232588738,-1.254132459050993,38.69012937085693,34.615384615384556,0.007117467768863955,-0.04196419909903219,-0.07898841131863044,0.019169916107720123,1.500714285714286,39.18986517465529,1.5946,0.09026387555456376,5623427000.0,0.007067167223092353
2022-11-13,-0.02297668421962107,-1.530747883310584,40.06862508144357,38.4615384615384,0.007067167223092353,0.007117467768863955,-0.04196419909903219,-0.07898841131863044,1.4942857142857142,40.01507076174294,1.583616,0.09167359872923776,5639137000.0,0.01398624197473987
2022-11-20,-0.024308732537442923,-1.6243820662405137,42.8368772215299,46.15384615384611,0.01398624197473987,0.007067167223092353,0.007117467768863955,-0.04196419909903219,1.4885714285714287,40.27218592092033,1.57307136,0.08941119882000649,5670557000.0,-0.028170876966696335
2022-11-27,-0.028266220734739722,-1.897897911519866,38.960787602273676,30.76923076923071,-0.028170876966696335,0.01398624197473987,0.007067167223092353,0.007117467768863955,1.479285714285714,40.610937584673025,1.5629485055999999,0.08659611319000603,5656117000.0,-0.007168489478612516
2022-12-04,-0.0318424155248187,-2.1486330742505175,38.03422395373956,26.92307692307686,-0.007168489478612516,-0.028170876966696335,0.01398624197473987,0.007067167223092353,1.4721428571428572,41.304984169217,1.553230565376,0.08398210510500559,5596877000.0,-0.02181904739463961
2022-12-11,-0.03667456340280251,-2.4898734590158016,35.3204150299438,15.384615384615397,-0.02181904739463961,-0.007168489478612516,-0.028170876966696335,0.01398624197473987,1.4642857142857142,42.03941447627849,1.5439013427609598,0.08155481188321946,5402857000.0,0.03610500464211614
2022-12-18,-0.03605388651629071,-2.455508419794357,42.663361580767,34.615384615384556,0.03610500464211614,-0.02181904739463961,-0.007168489478612516,-0.028170876966696335,1.457857142857143,42.16070971783221,1.5349452890505215,0.07930089674870378,5428697000.0,-0.0071174677688639896
2022-12-25,-0.03595445150245635,-2.457201257425167,41.645048794823246,30.76923076923071,-0.0071174677688639896,0.03610500464211614,-0.02181904739463961,-0.007168489478612516,1.4514285714285715,42.273341013560675,1.5263474774885006,0.07720797555236777,5380537000.0,0.0
2023-01-01,-0.03546680923802814,-2.4316580986616607,41.645048794823246,30.76923076923071,0.0,-0.0071174677688639896,0.03610500464211614,-0.02181904739463961,1.4407142857142856,41.27699919114618,1.5180935783889606,0.07669312015577008,5422757000.0,0.10178269430994238
2023-01-08,-0.022714761204780887,-1.5501583725191748,58.76639911958015,85.18518518518518,0.10178269430994238,0.0,-0.0071174677688639896,0.03610500464211614,1.4407142857142858,38.94379465070385,1.32,0.08478646871607223,5539457000.0,0.0
2023-01-15,-0.012464982703464189,-0.8470409956962357,58.76639911958015,85.18518518518518,0.0,0.10178269430994238,0.0,-0.0071174677688639896,1.4407142857142858,36.77724757743597,1.3254000000000001,0.08301600666492423,5722707000.0,0.019169916107720123
2023-01-22,-0.0018993159835896112,-0.12836497264203758,61.39374551456505,78.78787878787882,0.019169916107720123,0.0,0.10178269430994238,0.0,1.4407142857142856,35.918797869816174,1.3306920000000002,0.08708629190314392,5744887000.0,0.03115516777979548
2023-01-29,0.010388876642905664,0.6968841979812479,65.35587858092788,77.49999999999997,0.03115516777979548,0.019169916107720123,0.0,0.10178269430994238,1.4528571428571428,35.81449567091395,1.3434643200000003,0.09300869962434791,5773057000.0,-0.0764703639918379
2023-02-05,0.010325336659186668,0.6919604519614627,51.654220515207676,47.49999999999999,-0.0764703639918379,0.03115516777979548,0.019169916107720123,0.0,1.4607142857142856,35.0117295311871,1.3660564608000003,0.09493664965118019,5718597000.0,0.0131580845775112
2023-02-12,0.011753328561866061,0.7861826636884096,53.407448502565465,51.282051282051285,0.0131580845775112,-0.0764703639918379,0.03115516777979548,0.019169916107720123,1.4692857142857143,34.093635982522095,1.3872930731520003,0.0924411746760959,5736207000.0,-0.013158084577511199
2023-02-19,0.011142742974941333,0.7447864394557875,51.400074657739886,44.73684210526315,-0.013158084577511199,0.0131580845775112,-0.0764703639918379,0.03115516777979548,1.4757142857142858,33.24112054447602,1.4072554887628803,0.08798109077066049,5720737000.0,-0.006644542718668613
2023-02-26,0.00973966033020024,0.6508779918691985,50.38044348464535,42.10526315789473,-0.006644542718668613,-0.013158084577511199,0.0131580845775112,-0.0764703639918379,1.48,32.80114565577793,1.4260201594371076,0.08598244142989904,5655577000.0,0.0
2023-03-05,0.008529385775714271,0.569896367276942,50.38044348464535,42.10526315789473,0.0,-0.006644542718668613,-0.013158084577511199,0.0131580845775112,1.487142857142857,32.19109022072643,1.4436589498708812,0.08341226704204911,5675777000.0,0.006644542718668511
2023-03-12,0.008281684791137334,0.5529808478340283,51.496338269764685,44.73684210526315,0.006644542718668511,0.0,-0.006644542718668613,-0.013158084577511199,1.4957142857142858,30.05303716409869,1.72,0.08745424796761704,5746487000.0,-0.006644542718668613
2023-03-19,0.00719551809619956,0.4803998457747892,50.27864304989327,38.88888888888887,-0.006644542718668613,0.006644542718668511,0.0,-0.006644542718668613,1.5057142857142858,28.21255216292158,1.7136,0.08835037311278726,5737807000.0,0.06453852113757116
2023-03-26,0.014239740564881309,0.9459185730717193,60.370397074341014,66.66666666666669,0.06453852113757116,-0.006644542718668613,0.006644542718668511,0.0,1.5192857142857144,27.190556615955355,1.707328,0.08918248931901675,5769087000.0,-0.07796154146971193
2023-04-02,0.01002379246410623,0.6666940984792479,47.82591120515956,29.411764705882373,-0.07796154146971193,0.06453852113757116,-0.006644542718668613,0.006644542718668511,1.525,25.903977735723593,1.70118144,0.09138374008194414,5767997000.0,0.0
2023-04-09,0.006606467969606067,0.4399133483458131,47.82591120515956,25.000000000000018,0.0,-0.07796154146971193,0.06453852113757116,-0.006644542718668613,1.5307142857142857,25.69298292276442,1.6951578112,0.09414204436180527,5789827000.0,0.07796154146971192
2023-04-16,0.013426439172266935,0.8897324267418332,57.95767255152102,62.50000000000004,0.07796154146971192,0.0,-0.07796154146971193,0.06453852113757116,1.5342857142857143,25.912499019542043,1.6892546549760001,0.09813189833596205,5842177000.0,0.0
2023-04-23,0.018616713599739043,1.2281936760675995,57.95767255152103,62.50000000000004,0.0,0.07796154146971192,0.0,-0.07796154146971193,1.5378571428571426,26.9757402023414,1.4,0.10183676274053619,5867677000.0,0.07811777926395186
2023-04-30,0.03284138201328868,2.1441858475569213,66.20348527954155,89.18918918918918,0.07811777926395186,0.0,0.07796154146971192,0.0,1.5485714285714285,28.440654592049402,1.406,0.1088484225447836,5926987000.0,0.022858138076050184
2023-05-07,0.04680268767047657,3.020885090260925,68.2658920868355,100.00000000000001,0.022858138076050184,0.07811777926395186,0.0,0.07796154146971192,1.5585714285714285,29.800932239635404,1.4205599999999998,0.11035924950587049,5979327000.0,-0.011363758650315095
2023-05-14,0.055612227001088366,3.5553821022044136,66.09409248485079,79.54545454545453,-0.011363758650315095,0.022858138076050184,0.07811777926395186,0.0,1.5757142857142856,31.49849905468204,1.4345375999999999,0.1131907316840226,5961697000.0,0.02817087696669644
2023-05-21,0.06586913414614215,4.164612242587482,68.7691009340704,90.9090909090909,0.02817087696669644,-0.011363758650315095,0.022858138076050184,0.07811777926395186,1.595,31.858376291028218,1.458865344,0.11796282227802099,5980157000.0,0.1445812288111077
2023-05-28,0.09549070944045912,5.899751798696465,78.8379562972818,68.00000000000001,0.1445812288111077,0.02817087696669644,-0.011363758650315095,0.022858138076050184,1.635714285714286,34.48559522307669,1.48173342336,0.1595369064010195,6064037000.0,0.09180754925312269
2023-06-04,0.1335646990933803,8.009633769021447,83.04323873189863,87.99999999999999,0.09180754925312269,0.1445812288111077,0.02817087696669644,-0.011363758650315095,1.6914285714285715,36.92515565997884,1.5551947494912,0.16814141308666095,6106787000.0,0.25762972738537915
2023-06-11,0.2153199365810723,12.216408996350905,90.12369786030757,80.72916666666669,0.25762972738537915,0.09180754925312269,0.1445812288111077,0.02817087696669644,1.7950000000000002,40.308982361604286,1.622779169531904,0.23041702643761375,6275217000.0,-0.13789927144460012
2023-06-18,0.24660600656053355,13.532246435452947,71.80929864472546,60.317460317460316,-0.13789927144460012,0.25762972738537915,0.09180754925312269,0.1445812288111077,1.8707142857142856,43.45110715597077,1.7925012525787136,0.25395866740635564,6099147000.0,0.26803507506798446
2023-06-25,0.33132750290842417,17.11174688185827,80.62453534526844,100.0,0.26803507506798446,-0.13789927144460012,0.25762972738537915,0.09180754925312269,2.0035714285714286,46.513052920010864,1.9452511273208422,0.2922473340201874,6200177000.0,0.21597506183559723
2023-07-02,0.4585443162532572,21.817573807207378,85.59744228842737,99.63636363636364,0.21597506183559723,0.26803507506798446,-0.13789927144460012,0.25762972738537915,2.1871428571428573,49.65342098004594,2.115020992042341,0.3299439530187454,6537797000.0,-0.2932933096195673
2023-07-09,0.46843162794788995,21.523158884234885,62.860134460872715,53.33333333333333,-0.2932933096195673,0.21597506183559723,0.26803507506798446,-0.13789927144460012,2.3035714285714284,52.66314839109986,2.4041180531564135,0.4113765278031207,6267637000.0,0.24162129907524635
2023-07-16,0.5386461128602327,23.332908291850984,69.79002485154433,80.19169329073482,0.24162129907524635,-0.2932933096195673,0.21597506183559723,0.26803507506798446,2.4807142857142854,54.0865366072051,2.752259164651387,0.46413534724575495,6482647000.0,-0.12348105677102116
2023-07-23,0.5508238875025508,22.981802693313096,62.94505918717312,64.35643564356435,-0.12348105677102116,0.24162129907524635,-0.2932933096195673,0.21597506183559723,2.616428571428571,55.59302572671191,2.81,0.5059828224424867,6381027000.0,0.04196419909903221
2023-07-30,0.5660534956980694,22.73659969352737,64.17883358814586,69.1029900332226,0.04196419909903221,-0.12348105677102116,0.24162129907524635,-0.2932933096195673,2.762857142857143,56.172297020600965,4.58,0.5162697636965948,6482417000.0,-0.027779564107075706
2023-08-06,0.5635575648461475,21.944013870395832,62.68047643903446,65.2027027027027,-0.027779564107075706,0.04196419909903221,-0.12348105677102116,0.24162129907524635,2.892857142857143,56.74626071806249,4.5484,0.5065362091468381,6261777000.0,0.01398624197473987
2023-08-13,0.5591683590237451,21.14383143845732,63.143804617584294,66.89189189189189,0.01398624197473987,-0.027779564107075706,0.04196419909903221,-0.12348105677102116,3.0235714285714286,57.27922700856247,4.517432,0.4774979084934925,6322767000.0,-0.06602110109779395
2023-08-20,0.5310096552139001,19.679216846934445,59.485290581434384,59.12162162162162,-0.06602110109779395,0.01398624197473987,-0.027779564107075706,0.04196419909903221,3.139285714285714,56.54578668412844,4.487083360000001,0.46767662931538595,6241977000.0,0.043548245245735244
2023-08-27,0.514862412568422,18.65989917444455,61.069498165434645,63.19444444444445,0.043548245245735244,-0.06602110109779395,0.01398624197473987,-0.027779564107075706,3.2621428571428575,55.82405551162212,4.457341692800001,0.4542711557928584,6458927000.0,0.08701137698962969
2023-09-03,0.5218711265918401,18.380586985982802,64.27851684266982,71.09374999999999,0.08701137698962969,0.043548245245735244,-0.06602110109779395,0.01398624197473987,3.387857142857143,55.76983635486823,4.428194858944001,0.45682321609336857,6548297000.0,-0.013106347505300434
2023-09-10,0.5174264310080012,17.78294785899956,63.3991493982526,63.92694063926941,-0.013106347505300434,0.08701137698962969,0.043548245245735244,-0.06602110109779395,3.4957142857142856,55.1267428214366,4.399630961765121,0.45990727208669935,6357397000.0,-0.029453266913495382
2023-09-17,0.4992725933738482,16.829006240815524,61.40874145149765,55.88235294117648,-0.029453266913495382,-0.013106347505300434,0.08701137698962969,0.043548245245735244,3.5478571428571426,54.529584540392946,4.371638342529819,0.44777103836622084,6266177000.0,0.005420067469339113
2023-09-24,0.4809552266419752,15.92011305718512,61.64452204610275,53.19148936170213,0.005420067469339113,-0.029453266913495382,-0.013106347505300434,0.08701137698962969,3.6285714285714286,53.84654455509507,4.344205575679222,0.4336445356257765,6275567000.0,-0.055569851154810765
2023-10-01,0.44516862619230846,14.564502828005143,57.83891504310874,38.983050847457626,-0.055569851154810765,0.005420067469339113,-0.029453266913495382,-0.013106347505300434,3.6385714285714283,53.21229314017562,4.317321464165638,0.41695564022393533,6245987000.0,-0.052798185566970884
2023-10-08,0.3976985702708622,12.928881578476492,54.573499580125535,28.813559322033885,-0.052798185566970884,-0.055569851154810765,0.005420067469339113,-0.029453266913495382,3.5778571428571424,51.809335407379365,4.290975034882325,0.4000302373507972,6233067000.0,0.02674750836702836
2023-10-15,0.3631542407566708,11.711687417933032,55.91372065551306,41.66666666666667,0.02674750836702836,-0.052798185566970884,-0.055569851154810765,0.005420067469339113,3.599285714285714,50.65782706027558,4.265155534184679,0.3893137918257402,6270447000.0,0.028903746182348995
2023-10-22,0.3399282932369294,10.85652326371333,57.417019728001435,40.79999999999998,0.028903746182348995,0.02674750836702836,-0.052798185566970884,-0.055569851154810765,3.5671428571428576,49.98008241728585,4.239852423500985,0.3865056638381873,6302227000.0,-0.028903746182348877
2023-10-29,0.30988029112616955,9.831986607965181,55.38323516845613,41.41414141414142,-0.028903746182348877,0.028903746182348995,0.02674750836702836,-0.052798185566970884,3.560714285714286,48.97555932213657,4.215055375030966,0.37032668784974526,6262037000.0,0.06801487629897465
2023-11-05,0.3019523089467855,9.469556864804861,59.125327591314274,54.05405405405403,0.06801487629897465,-0.028903746182348877,0.028903746182348995,0.02674750836702836,3.5607142857142855,48.362661201103265,4.190754267530346,0.3610176387176206,6274957000.0,-0.027779564107075706
2023-11-12,0.2843226669663941,8.842448314001317,56.9808629156184,40.540540540540505,-0.027779564107075706,0.06801487629897465,-0.028903746182348877,0.028903746182348995,3.560714285714286,47.89772998155006,4.16693918217974,0.34951637880921915,6251127000.0,0.0
2023-11-19,0.2672701250505156,8.24853759858745,56.9808629156184,40.540540540540505,0.0,-0.027779564107075706,0.06801487629897465,-0.028903746182348877,3.557142857142857,47.46600813482208,4.143600398536145,0.33669378032284636,6282117000.0,0.005617992304223274
2023-11-26,0.25245949961727154,7.733147453041138,57.33975841294103,43.243243243243214,0.005617992304223274,0.0,-0.027779564107075706,0.06801487629897465,3.5714285714285716,47.50747727030472,4.1207283905654215,0.3397870817283573,6317837000.0,0.06243547094079237
2023-12-03,0.2563262802651032,7.7573615676110235,61.334698244143176,55.172413793103416,0.06243547094079237,0.005617992304223274,0.0,-0.027779564107075706,3.5914285714285716,48.083332509275074,3.0,0.35980229017633175,6367867000.0,0.09531017980432474
2023-12-10,0.28674810236508375,8.510956928212233,66.85698974107164,85.14851485148512,0.09531017980432474,0.06243547094079237,0.005617992304223274,0.0,3.615714285714286,48.82684945641892,3.0238,0.37195926944945096,6435117000.0,0.0737661502396093
2023-12-17,0.332842144154355,9.639412733666388,70.65753248245525,100.0,0.0737661502396093,0.09531017980432474,0.06243547094079237,0.005617992304223274,3.6664285714285714,49.75212654827765,3.076048,0.3739621787744902,6510887000.0,-0.04779066383634844
2023-12-24,0.3484105000387778,9.912288853120266,65.3606083192459,72.93233082706764,-0.04779066383634844,0.0737661502396093,0.09531017980432474,0.06243547094079237,3.7100000000000004,50.80242469025372,3.16148512,0.37939345171916944,6482847000.0,0.2963853475800825
2023-12-31,0.4747001178965018,12.8925343431853,77.92226479460517,100.0,0.2963853475800825,-0.04779066383634844,0.0737661502396093,0.09531017980432474,3.8578571428571427,52.6921176424051,3.2805663104000002,0.46086534802494306,6682427000.0,0.10985645959625417
2024-01-07,0.6216825806864961,15.996876615485439,81.23912726284718,71.889400921659,0.10985645959625417,0.2963853475800825,-0.04779066383634844,0.0737661502396093,4.067857142857143,55.08945819572825,3.5295096793600003,0.56794639459459,7012687000.0,0.07908668465617008
2024-01-14,0.7720342813830845,18.762837976330545,83.36779780504872,74.74332648870637,0.07908668465617008,0.10985645959625417,0.2963853475800825,-0.04779066383634844,4.328571428571428,57.4220996695915,4.0251685178368,0.6580930806949763,7278477000.0,-0.05454557574005267
2024-01-21,0.8515174168988384,19.808280417393018,76.81520550261718,67.0103092783505,-0.05454557574005267,0.07908668465617008,0.10985645959625417,0.2963853475800825,4.556428571428571,58.9786602187314,4.609644925339648,0.6718007177881923,7108047000.0,0.0
2024-01-28,0.9040866265832737,20.22902375064416,76.81520550261718,67.0103092783505,0.0,-0.05454557574005267,0.07908668465617008,0.10985645959625417,4.777142857142857,58.01881061529816,8.2,0.7731006665176071,7207967000.0,-0.1678808726391603
2024-02-04,0.8536028264604436,18.754185949135117,61.388600349593744,44.957983193277315,-0.1678808726391603,0.0,-0.05454557574005267,0.07908668465617008,4.932142857142857,56.590439460422076,8.1382,0.8443077617663494,7165817000.0,-0.04209221548530451
2024-02-11,0.7859747457207842,17.046836498573793,58.53401000717973,39.361702127659576,-0.04209221548530451,-0.1678808726391603,0.0,-0.05454557574005267,5.053571428571429,55.26409481660857,8.005872,0.8268572073544672,7125807000.0,-0.2069207158073225
2024-02-18,0.644260725247026,14.031997614474479,48.06824114403173,18.08510638297872,-0.2069207158073225,-0.04209221548530451,-0.1678808726391603,0.0,5.110714285714286,51.97828069271766,7.87883712,0.8699388354005767,7099847000.0,0.1392620673335078
2024-02-25,0.5777410713117792,12.500787127007287,53.84494583409228,31.91489361702128,0.1392620673335078,-0.2069207158073225,-0.04209221548530451,-0.1678808726391603,5.214285714285714,48.92716757767611,7.6413068928,0.8720860614433927,7148297000.0,-0.05129329438755058
2024-03-03,0.49909756955269113,10.776977944560125,51.47334882310878,25.485961123110158,-0.05129329438755058,0.1392620673335078,-0.2069207158073225,-0.04209221548530451,5.298571428571428,46.2188725244637,7.418028479232,0.8747941999117218,7093447000.0,0.05129329438755048
2024-03-10,0.45173758874938574,9.697126816625243,53.67087825656847,25.925925925925934,0.05129329438755048,-0.05129329438755058,0.1392620673335078,-0.2069207158073225,5.384285714285714,44.12292126265029,7.208146770478081,0.8651660427751703,7140707000.0,0.023716526617316065
2024-03-17,0.4190568335473728,8.930056665475316,54.730583769863244,28.0373831775701,0.023716526617316065,0.05129329438755048,-0.05129329438755058,0.1392620673335078,5.451428571428572,42.176680805252126,7.010857964249396,0.8176541825769438,7165357000.0,0.053244514518812285
2024-03-24,0.4110128591463944,8.661925679603534,57.1911023012573,34.57943925233646,0.053244514518812285,0.023716526617316065,0.05129329438755048,-0.05129329438755058,5.515714285714286,40.74457365872674,6.8254064863944315,0.8121074552500193,7204867000.0,-0.1388364448542158
2024-03-31,0.3441862369331341,7.2586873055471814,49.89041782538315,18.22429906542057,-0.1388364448542158,0.053244514518812285,0.023716526617316065,0.05129329438755048,5.545,38.982288005988714,6.651082097210765,0.8162426370178749,7172407000.0,0.01687803778735173
2024-04-07,0.29428861284088637,6.202665741409065,50.66552587249662,20.093457943925245,0.01687803778735173,-0.1388364448542158,0.053244514518812285,0.023716526617316065,5.474285714285714,37.10301566094747,6.487217171378119,0.8000824486594552,7183987000.0,-0.12697789880907462
2024-04-14,0.20637123085589515,4.386253737415908,45.29008430450834,6.775700934579441,-0.12697789880907462,0.01687803778735173,-0.1388364448542158,0.053244514518812285,5.3149999999999995,34.96774175035538,6.3331841410954315,0.7879337023266368,7168487000.0,-0.09721222507580621
2024-04-21,0.10402717111431059,2.242253842504416,42.00618896653092,0.0,-0.09721222507580621,-0.12697789880907462,0.01687803778735173,-0.1388364448542158,5.090000000000001,32.60028876537117,6.188393092629705,0.7623670093033057,7158237000.0,0.244894797246572
2024-04-28,0.10721598845507163,2.302143622976149,52.15950268469595,31.360946745562128,0.244894797246572,-0.09721222507580621,-0.12697789880907462,0.01687803778735173,4.967142857142856,31.114721687371798,5.998921645219329,0.7836265086387838,7166777000.0,-0.08999645383308315
2024-05-05,0.07498824148894467,1.6152156154628938,48.53375049591556,23.021582733812956,-0.08999645383308315,0.244894797246572,-0.09721222507580621,-0.12697789880907462,4.814285714285715,29.903575250867753,5.824607913601782,0.7697960437360135,7153957000.0,0.004474280394921107
2024-05-12,0.05047945692586531,1.090134985112959,48.716563541421024,34.196891191709874,0.004474280394921107,-0.08999645383308315,0.244894797246572,-0.09721222507580621,4.735714285714286,28.065348847716283,5.664239280513639,0.7712391834691553,7168137000.0,-0.08863607271663183
2024-05-19,0.0003887629584857777,0.008467442162773776,45.41569016181726,16.666666666666654,-0.08863607271663183,0.004474280394921107,-0.08999645383308315,0.244894797246572,4.646428571428571,26.358424330504203,5.516700138072548,0.74543638464993,7160227000.0,-0.014742281737203319
2024-05-26,-0.04364683787588408,-0.9591798207588323,44.898398583731144,13.095238095238107,-0.014742281737203319,-0.08863607271663183,0.004474280394921107,-0.08999645383308315,4.624285714285714,25.13532454535228,5.380964127026744,0.7257623571749351,7139297000.0,-0.03526813883745799
2024-06-02,-0.08881835604667643,-1.9727535332032042,43.64909998906259,5.8823529411764754,-0.03526813883745799,-0.014742281737203319,-0.08863607271663183,0.004474280394921107,4.545714285714285,23.56123775720394,5.256086996864605,0.6953507602338682,7116037000.0,0.09531017980432493
2024-06-09,-0.09208586052753454,-2.052495987832401,47.990587934257164,32.40223463687151,0.09531017980432493,-0.03526813883745799,-0.014742281737203319,-0.08863607271663183,4.5128571428571425,22.429060309232906,5.110478297178144,0.6871114202171633,7177057000.0,0.004651171175730659
2024-06-16,-0.09200101804926053,-2.056599056243438,48.210944404048504,33.519553072625676,0.004651171175730659,0.09531017980432493,-0.03526813883745799,-0.014742281737203319,4.463571428571429,21.634161677903524,4.942420901516766,0.6537463187730802,7201137000.0,0.0
2024-06-23,-0.09088610137198838,-2.037189907963043,48.210944404048504,33.519553072625676,0.0,0.004651171175730659,0.09531017980432493,-0.03526813883745799,4.405714285714286,20.300446339672742,4.794530393334754,0.6470501531464317,7228927000.0,-0.0597549305020151
2024-06-30,-0.108919872050798,-2.4577906454090512,45.421094511560646,20.710059171597607,-0.0597549305020151,0.0,0.004651171175730659,0.09531017980432493,4.3100000000000005,18.9018753147542,4.664386746134584,0.6365465707788294,7203817000.0,-0.05310982531394829
2024-07-07,-0.13855977931139485,-3.157313271047775,43.16167211969227,17.857142857142858,-0.05310982531394829,-0.0597549305020151,0.0,0.004651171175730659,4.2492857142857146,17.99143006971563,4.549860336598433,0.6260789585803416,7173327000.0,0.04320875433123674
2024-07-14,-0.1466416464892264,-3.36238766124084,45.52409998935436,29.999999999999968,0.04320875433123674,-0.05310982531394829,-0.0597549305020151,0.0,4.194999999999999,17.146016627894102,4.416879889474653,0.5977876043960315,7209757000.0,-0.004987541511038939
2024-07-21,-0.15289790542924475,-3.527481913652445,45.285624699616605,28.57142857142857,-0.004987541511038939,0.04320875433123674,-0.05310982531394829,-0.0597549305020151,4.18,16.403181017690933,4.302516704948202,0.5686599183677435,7197067000.0,0.004987541511038968
2024-07-28,-0.15446166493576374,-3.5828141313106556,45.59255870165351,29.999999999999968,0.004987541511038968,-0.004987541511038939,0.04320875433123674,-0.05310982531394829,4.194285714285714,15.994499405441585,4.204164366255454,0.5508984956271904,7221287000.0,-0.004987541511038939
2024-08-04,-0.15552202734188825,-3.626801153233649,45.31877574477626,28.57142857142857,-0.004987541511038939,0.004987541511038968,-0.004987541511038939,0.04320875433123674,4.131428571428572,15.05040191103134,3.6,0.5465486030823911,7154127000.0,0.004987541511038968
2024-08-11,-0.15298502321743523,-3.5842391409644634,45.670122424252625,34.999999999999964,0.004987541511038968,-0.004987541511038939,0.004987541511038968,-0.004987541511038939,4.1,14.173739951936112,3.6128,0.5182237028622202,7184137000.0,0.007434978487518212
2024-08-18,-0.14686076046217966,-3.4538387935286248,46.228242695046696,49.99999999999997,0.007434978487518212,0.004987541511038968,-0.004987541511038939,0.004987541511038968,4.069285714285714,13.404554607592704,3.625344,0.4976362955149188,7253767000.0,0.012270092591814401
2024-08-25,-0.13640031801333663,-3.2163548374444675,47.2017561984902,55.555555555555515,0.012270092591814401,0.007434978487518212,0.004987541511038968,-0.004987541511038939,4.069285714285714,12.716502677963488,3.63763712,0.4770908458352817,7280107000.0,-0.02469261259037141
2024-09-01,-0.1346276030689335,-3.187964377485833,45.430230842791836,44.94382022471909,-0.02469261259037141,0.012270092591814401,0.007434978487518212,0.004987541511038968,4.066428571428571,11.814556720916807,3.6496843776,0.45729864256133307,7252857000.0,0.01242251999855711
2024-09-08,-0.1277159021515928,-3.033501220401485,46.51118403271623,50.56179775280895,0.01242251999855711,-0.02469261259037141,0.012270092591814401,0.007434978487518212,4.077142857142857,10.977035475087746,3.6614906900479998,0.4303487395212378,7296787000.0,-0.00992563979996993
2024-09-15,-0.12403618317474141,-2.9565135662777924,45.73074723372019,46.06741573033704,-0.00992563979996993,0.01242251999855711,-0.02469261259037141,0.012270092591814401,4.057142857142857,10.824622554721358,3.67306087624704,0.4188952581268636,7273657000.0,0.20044396379810314
2024-09-22,-0.04874254371225284,-1.1475451357065234,61.293308988308596,92.85714285714289,0.20044396379810314,-0.00992563979996993,0.01242251999855711,-0.02469261259037141,4.099285714285714,12.307840112517141,3.6965384411971582,0.4596884539749448,7352427000.0,0.02020270731751947
2024-09-29,0.018780878017185643,0.4364310646991912,62.59136601504214,82.84023668639054,0.02020270731751947,0.20044396379810314,-0.00992563979996993,0.01242251999855711,4.148571428571429,14.15068263401192,3.7747461347253286,0.47971070726244874,7402237000.0,-0.004008021397538711
2024-10-06,0.06987437506427074,1.605048082453237,62.14250574433732,73.7967914438503,-0.004008021397538711,0.02020270731751947,0.20044396379810314,-0.00992563979996993,4.214285714285714,16.12658804324847,3.8959664439473025,0.5111599424579881,7327537000.0,-0.040989344533197004
2024-10-13,0.0931541875648163,2.1243769201291864,57.68735839083977,61.01694915254239,-0.040989344533197004,-0.004008021397538711,0.02020270731751947,0.20044396379810314,4.280714285714286,17.961357351825274,4.053369799552573,0.5025056608538461,7250367000.0,0.004175371410480592
2024-10-20,0.11192721231521752,2.5347259286035086,58.01153967989057,62.14689265536723,0.004175371410480592,-0.040989344533197004,-0.004008021397538711,0.02020270731751947,4.336428571428572,19.665071709789448,4.195032819597316,0.48661239936428563,7355737000.0,-0.021053409197832267
2024-10-27,0.11738269082547159,2.6456566324928175,55.71311673905271,56.49717514124295,-0.021053409197832267,0.004175371410480592,-0.040989344533197004,-0.004008021397538711,4.386428571428572,21.24709218504189,4.322529537637584,0.4668543708382652,7309837000.0,0.11066556788751938
2024-11-03,0.1641938755178316,3.651151235350309,64.13067502364537,87.2093023255814,0.11066556788751938,-0.021053409197832267,0.004175371410480592,-0.040989344533197004,4.474285714285714,23.463433805312274,4.4372765838738255,0.492079058635532,7663897000.0,-0.05079216684010508
2024-11-10,0.17825740910280974,3.9319528199682714,58.47271807113339,70.00000000000003,-0.05079216684010508,0.11066556788751938,-0.021053409197832267,0.004175371410480592,4.545,25.52146530984906,4.540548925486443,0.4855019830187083,7598017000.0,-0.05774800173510097
2024-11-17,0.16490824129499693,3.6270442359466517,53.04510921605827,51.592356687898096,-0.05774800173510097,-0.05079216684010508,0.11066556788751938,-0.021053409197832267,4.594285714285715,26.820873079488933,4.58,0.4715375556602291,7572987000.0,0.03545731183672942
2024-11-24,0.16613144895218035,3.634209332276614,55.73182922794331,62.420382165605105,0.03545731183672942,-0.05774800173510097,-0.05079216684010508,0.11066556788751938,4.653571428571428,28.027466008440246,4.6690000000000005,0.45142773025592703,7626817000.0,-0.04827800026579072
2024-12-01,0.14684898829667326,3.2083055406815233,51.443066479034435,47.770700636942706,-0.04827800026579072,0.03545731183672942,-0.05774800173510097,-0.05079216684010508,4.692857142857143,27.569689961350466,5.47,0.458468606666218,7576897000.0,0.04211148535012663
2024-12-08,0.14602257053755263,3.1762251946381332,54.707037506274176,58.66666666666664,0.04211148535012663,-0.04827800026579072,0.03545731183672942,-0.05774800173510097,4.753571428571428,27.35065256958134,5.4475999999999996,0.45286370619005956,7731197000.0,0.030459207484708654
2024-12-15,0.15567682932413884,3.3643945593946034,57.03947782998293,68.24324324324324,0.030459207484708654,0.04211148535012663,-0.04827800026579072,0.03545731183672942,4.821428571428571,27.28607546379815,5.425648,0.4455162986050553,8042777000.0,0.1222176327242493
2024-12-22,0.21331846422161682,4.535842825714083,65.36330477407694,64.81481481481482,0.1222176327242493,0.030459207484708654,0.04211148535012663,-0.04827800026579072,4.938571428571429,29.253477263130264,4.35,0.5179794201332657,8072167000.0,0.10889408823913739
2024-12-29,0.30790016148634525,6.386312762457394,71.34288436069616,94.66019417475728,0.10889408823913739,0.1222176327242493,0.030459207484708654,0.04211148535012663,5.038571428571428,31.080350362510085,4.3911999999999995,0.5459808901237467,8113397000.0,-0.08269171584511341
2025-01-05,0.3386077572181261,6.919186709759269,62.41651146732615,70.3883495145631,-0.08269171584511341,0.10889408823913739,0.1222176327242493,0.030459207484708654,5.095714285714285,32.776732526219924,4.431576,0.5534108265434791,8080867000.0,-0.02266879981271294
2025-01-12,0.34843726661233454,7.03735849248953,60.303861649088304,64.07766990291262,-0.02266879981271294,-0.08269171584511341,0.10889408823913739,0.1222176327242493,5.1450000000000005,33.829190595440245,4.4711444799999995,0.5317386246475163,8043697000.0,-0.003533572581311016
2025-01-19,0.3505722125295936,7.007225938302218,59.96757021602704,63.10679611650487,-0.003533572581311016,-0.02266879981271294,-0.08269171584511341,0.10889408823913739,5.207142857142857,34.09219409021347,4.509921590399999,0.5151858657441223,7988827000.0,0.026202372394023902
2025-01-26,0.3602155779914975,7.116007216858211,61.69299041275532,70.3883495145631,0.026202372394023902,-0.003533572581311016,-0.02266879981271294,-0.08269171584511341,5.278571428571428,35.13835051319415,4.547923158591999,0.5298154467623992,8092157000.0,0.025533302005164845
2025-02-02,0.37563171243610594,7.325367639633814,63.39217865193342,77.66990291262137,0.025533302005164845,0.026202372394023902,-0.003533572581311016,-0.02266879981271294,5.367857142857143,36.10978147739049,4.5851646954201595,0.5198286291365135,8191327000.0,0.015012792389185134
2025-02-09,0.3906086643521256,7.518371183190804,64.41217958077235,82.03883495145631,0.015012792389185134,0.025533302005164845,0.026202372394023902,-0.003533572581311016,5.424285714285714,37.01182451557281,4.621661401511756,0.4984122984839054,8373287000.0,-0.015012792389185209
2025-02-16,0.3907118755187833,7.440307674212014,62.53571870965929,77.66990291262137,-0.015012792389185209,0.015012792389185134,0.025533302005164845,0.026202372394023902,5.492857142857142,37.7705573802147,4.657428173481521,0.47709713430648354,8332767000.0,-0.07864312731911323
2025-02-23,0.35044274608503834,6.650133726932651,54.05619130249208,55.8252427184466,-0.07864312731911323,-0.015012792389185209,0.015012792389185134,0.025533302005164845,5.549285714285714,36.43498607604093,4.69247961001189,0.4965901961417347,8272597000.0,-0.07159365318700882
2025-03-02,0.2845858185106218,5.41179644992792,48.12222630641751,37.378640776699044,-0.07159365318700882,-0.07864312731911323,-0.015012792389185209,0.015012792389185134,5.566428571428572,34.51545525107324,4.726830017811652,0.4968337535601823,8228267000.0,0.053244514518812285
2025-03-09,0.25208154968724017,4.784154741640068,52.27910398308078,43.88888888888889,0.053244514518812285,-0.07159365318700882,-0.07864312731911323,-0.015012792389185209,5.62,32.733033770746104,4.760493417455419,0.4884884854487407,8249187000.0,-0.0168071183163814
2025-03-16,0.21656303081208605,4.107700730674274,50.86818739800813,35.67251461988301,-0.0168071183163814,0.053244514518812285,-0.07159365318700882,-0.07864312731911323,5.652857142857143,31.195435833252557,4.793483549106311,0.4785964507738306,8226547000.0,0.026023773421305293
2025-03-23,0.19743526780947818,3.7355553311730376,52.993399390370264,34.24657534246575,0.026023773421305293,-0.0168071183163814,0.053244514518812285,-0.07159365318700882,5.6850000000000005,29.244384727083848,4.825813878124184,0.48583956143284274,8253597000.0,-0.029797362804944695
2025-03-30,0.16743562137940682,3.1677411475186203,50.31477606873524,20.56737588652482,-0.029797362804944695,0.026023773421305293,-0.0168071183163814,0.053244514518812285,5.659285714285715,27.4326944142129,4.8574976005617,0.4761367356162111,8245417000.0,-0.017159620282826284
2025-04-06,0.13484403945978496,2.55420157399401,48.81993749657742,41.95121951219514,-0.017159620282826284,-0.029797362804944695,0.026023773421305293,-0.0168071183163814,5.580714285714286,27.005805808906562,6.41,0.5099841116436246,8227617000.0,0.01904819497069441
2025-04-13,0.11574984804743416,2.1918848890031444,50.57693287463134,48.97959183673469,0.01904819497069441,-0.017159620282826284,-0.029797362804944695,0.026023773421305293,5.545000000000001,26.433162866870124,6.3686,0.4878423893833656,8242037000.0,0.0
2025-04-20,0.09947092488337006,1.8831145605276205,50.57693287463134,48.97959183673469,0.0,0.01904819497069441,-0.017159620282826284,-0.029797362804944695,5.518571428571429,26.104998095180058,6.328028,0.4708536472845538,8252127000.0,0.037041271680349076
2025-04-27,0.10153762696413704,1.9163882954820897,54.22215901319154,59.18367346938776,0.037041271680349076,0.0,0.01904819497069441,-0.017159620282826284,5.507857142857143,25.187275856764124,6.288267439999999,0.4829355296213714,8275957000.0,0.09531017980432474
2025-05-04,0.1458743579167141,2.724555885700515,62.42882777408473,97.71428571428571,0.09531017980432474,0.037041271680349076,0.0,0.01904819497069441,5.525714285714286,23.837541894314192,6.2493020912,0.5020115632198449,8330207000.0,-0.025105921131076243
2025-05-11,0.16698291512552288,3.095428937019528,59.306167684841746,83.8709677419355,-0.025105921131076243,0.09531017980432474,0.037041271680349076,0.0,5.522142857142858,22.907160490072773,6.211116049376,0.5125821658469988,8285727000.0,0.008438868645864604
2025-05-18,0.1856066233076321,3.4146180383094076,60.02396637694015,86.55913978494624,0.008438868645864604,-0.025105921131076243,0.09531017980432474,0.037041271680349076,5.515714285714287,22.04323490042003,4.34,0.5066834397150703,8330427000.0,-0.05173567439918875
2025-05-25,0.1741510485408213,3.1945375576648782,53.88268198011247,70.43010752688174,-0.05173567439918875,0.008438868645864604,-0.025105921131076243,0.09531017980432474,5.494285714285715,20.769003131894326,4.3772,0.4990631940211368,8305427000.0,0.0
2025-06-01,0.16319125579143012,2.985445536218056,53.88268198011247,70.43010752688174,0.0,-0.05173567439918875,0.008438868645864604,-0.025105921131076243,5.505000000000001,19.585787918263318,4.4136560000000005,0.4905586801624842,8326157000.0,0.02274813752593643
2025-06-08,0.16311516454000952,2.971419048696063,56.138032718829415,77.41935483870968,0.02274813752593643,0.0,-0.05173567439918875,0.008438868645864604,5.552142857142857,18.542314485380246,4.449382880000001,0.48051877443659247,8363937000.0,-0.0316370849431827
2025-06-15,0.14683771225425346,2.6709140877182276,52.32252302237481,67.74193548387095,-0.0316370849431827,0.02274813752593643,0.0,-0.05173567439918875,5.566428571428571,18.592162327383875,4.484395222400001,0.510481719119693,8318197000.0,0.0035650661644961446
2025-06-22,0.13400679992490883,2.4335139456453327,52.7071441058512,68.81720430107528,0.0035650661644961446,-0.0316370849431827,0.02274813752593643,0.0,5.588571428571429,18.63844960924439,4.518707317952001,0.4947330248968577,8355607000.0,-0.003565066164496257
2025-06-29,0.12083150622043792,2.1915056630387766,52.25318443987912,67.74193548387095,-0.003565066164496257,0.0035650661644961446,-0.0316370849431827,0.02274813752593643,5.599285714285714,18.937907884206947,4.552333171592961,0.4893949516899393,8326877000.0,0.09531017980432493
2025-07-06,0.1538043501132842,2.7655147491457455,62.097011068079084,89.21568627450982,0.09531017980432493,-0.003565066164496257,0.0035650661644961446,-0.0316370849431827,5.661428571428571,17.805705847846337,4.585286508161102,0.5172953122835151,8375087000.0,0.001622060371868051
2025-07-13,0.17868273948672986,3.187017119588224,62.24669362493082,70.43010752688173,0.001622060371868051,0.09531017980432493,-0.003565066164496257,0.0035650661644961446,5.730714285714285,17.117612923010643,4.657075047834658,0.5203456471204069,8468207000.0,0.06737081111508332
2025-07-20,0.230440078859238,4.056923043075438,68.08339600284296,93.54838709677419,0.06737081111508332,0.001622060371868051,0.09531017980432493,-0.003565066164496257,5.823571428571428,16.47866949280607,4.780850544964578,0.517463815183235,8530757000.0,-0.01526747213078842
2025-07-27,0.2603873951327502,4.535656909689037,65.54551213559986,72.88888888888887,-0.01526747213078842,0.06737081111508332,0.001622060371868051,0.09531017980432493,5.909285714285715,16.845007576476984,4.897199512266703,0.5240735426701468,8424727000.0,0.2504593619611726
2025-08-03,0.4284613620691742,7.220248120478908,80.22873525321259,84.38287153652391,0.2504593619611726,-0.01526747213078842,0.06737081111508332,0.001622060371868051,6.112857142857143,19.36427947839019,5.0742235512853675,0.6630682896222793,8880427000.0,-0.10735851832049927
2025-08-10,0.48745422662541404,8.056892475678449,66.25729490562154,62.972292191435756,-0.10735851832049927,0.2504593619611726,-0.01526747213078842,0.06737081111508332,6.216428571428572,21.703603387309595,5.4638011961568305,0.6942776975064022,8515207000.0,0.006644542718668511
2025-08-17,0.5321072774700406,8.636350287001527,66.62547649720878,64.23173803526447,0.006644542718668511,-0.10735851832049927,0.2504593619611726,-0.01526747213078842,6.334285714285714,23.875832731306186,5.814421076541148,0.7125435762559448,8581977000.0,0.03257617043461267
2025-08-24,0.5809709808101902,9.247242232447178,68.47754439437107,70.52896725440804,0.03257617043461267,0.006644542718668511,-0.10735851832049927,0.2504593619611726,6.466428571428572,25.89290283644588,6.129978968887033,0.6973618922376631,8781267000.0,-0.03922071315328127
2025-08-31,0.5887021332184528,9.237709113088236,63.89531551104478,62.972292191435756,-0.03922071315328127,0.03257617043461267,0.006644542718668511,-0.10735851832049927,6.598571428571428,27.615131274637413,6.41398107199833,0.668978899934973,8751247000.0,0.051959738930711166
2025-09-07,0.6199592795985049,9.558510824723486,67.060300491163,73.04785894206549,0.051959738930711166,-0.03922071315328127,0.03257617043461267,0.006644542718668511,6.759285714285714,29.415760358163556,6.669582964798497,0.6604804070824749,8804947000.0,-0.06538275926285174
2025-09-14,0.5974973939464263,9.117019683261173,59.98207664346154,60.45340050377833,-0.06538275926285174,0.051959738930711166,-0.03922071315328127,0.03257617043461267,6.875,30.03894363879008,6.899624668318648,0.6775889494337267,8774997000.0,0.020067563050809173
2025-09-21,0.5850557753421324,8.827763282805826,61.301719479450384,59.31232091690543,0.020067563050809173,-0.06538275926285174,0.051959738930711166,-0.03922071315328127,7.014285714285714,30.61761382794328,7.0,0.6756183101884605,8910137000.0,0.05789397841890267
2025-09-28,0.604538202072761,8.983908763601924,65.0276333957617,72.20630372492835,0.05789397841890267,0.020067563050809173,-0.06538275926285174,0.051959738930711166,7.184285714285714,31.863633699837965,7.0,0.7023598594607134,8996337000.0,-0.05789397841890262
2025-10-05,0.5770154514819676,8.498108550967286,58.91852670092204,59.07780979827088,-0.05789397841890262,0.05789397841890267,0.020067563050809173,-0.06538275926285174,7.323571428571428,33.222620270391,7.197,0.7343341552135195,8906497000.0,0.03257617043461267
2025-10-12,0.5688193881816943,8.286092604548434,61.104721349472335,58.362989323843394,0.03257617043461267,-0.05789397841890262,0.05789397841890267,0.020067563050809173,7.440714285714286,34.48453637161881,7.3743,0.7283102869839825,8946947000.0,0.02531780798429
2025-10-19,0.5718701147905207,8.22971953517236,62.809805947491974,65.35714285714285,0.02531780798429,0.03257617043461267,-0.05789397841890262,0.05789397841890267,7.571428571428571,35.48883547436061,7.53387,0.7191452664851266,8983707000.0,-0.0317486983145803
2025-10-26,0.5478002269223303,7.816576606719976,59.30978921015042,50.6072874493927,-0.0317486983145803,0.02531780798429,0.03257617043461267,-0.05789397841890262,7.653571428571428,36.077778676861826,8.97,0.7106348903076175,8950347000.0,-0.03278982282299084
2025-11-02,0.5027562950948621,7.136744542881413,55.95207630292886,33.783783783783775,-0.03278982282299084,-0.0317486983145803,0.02531780798429,0.03257617043461267,7.725,34.49595589582704,8.9406,0.7705895409999306,8806417000.0,-0.00668898815079654
2025-11-09,0.457747444858585,6.470253153704405,55.278038149868706,35.89743589743592,-0.00668898815079654,-0.03278982282299084,-0.0317486983145803,0.02531780798429,7.660714285714286,33.02712045629473,8.852976,0.7619760023570785,8706947000.0,-0.03413300636945847
2025-11-16,0.39732458561524986,5.608815326229699,51.910750131252016,23.07692307692309,-0.03413300636945847,-0.00668898815079654,-0.03278982282299084,-0.0317486983145803,7.639285714285714,32.11940360836669,8.76885696,0.7646920021887157,8635767000.0,-0.006968669316093316
2025-11-23,0.34146821913553893,4.816993459986704,51.23848802985864,27.90697674418608,-0.006968669316093316,-0.03413300636945847,-0.00668898815079654,-0.03278982282299084,7.610714285714287,29.852297811420744,8.6881026816,0.8064997163180931,8606337000.0,-0.0070175726586466465
2025-11-30,0.2898261289404891,4.088016039429884,50.533718268330055,25.58139534883721,-0.0070175726586466465,-0.006968669316093316,-0.03413300636945847,-0.00668898815079654,7.560714285714285,27.74712814282808,8.559816520704,0.7810354508668007,8566317000.0,-0.007067167223092443
2025-12-07,0.24207433600772355,3.4158891443426134,49.79610116167322,23.255813953488378,-0.007067167223092443,-0.0070175726586466465,-0.006968669316093316,-0.03413300636945847,7.528571428571428,25.792327736277745,8.43922752946176,0.7502472043763149,8549777000.0,0.007067167223092353
2025-12-14,0.20589188472413067,2.9049184589042754,50.57306021443442,25.58139534883721,0.007067167223092353,-0.007067167223092443,-0.0070175726586466465,-0.006968669316093316,7.471428571428571,24.61915029912078,8.325873877694054,0.7430866897780065,9010037000.0,0.0
2025-12-21,0.17519746409197978,2.4715346603282224,50.57306021443442,25.58139534883721,0.0,0.007067167223092353,-0.007067167223092443,-0.0070175726586466465,7.45,23.529771250332168,8.21932144503241,0.718580497651006,9145237000.0,-0.007067167223092443
