,MACD,PPO,RSI,STOCH,Lag_1,Lag_2,Lag_3,Lag_4,SMA,ADX,SAR,ATR,OBV,Target_Return
2010-08-01,-0.007493518199788052,-1.55964509591587,39.579252156440724,0.0,0.0,0.0,0.0,0.0,0.4707142857142857,46.53948160509691,0.532562179777133,0.01664529891950215,811300000.0,0.0
2010-08-08,-0.007175327496476702,-1.4958321936586962,39.579252156440724,0.0,0.0,0.0,0.0,0.0,0.47,46.87552576786093,0.5313109361815904,0.015456348996680568,815300000.0,0.0
2010-08-15,-0.00684426267198518,-1.4289532563575031,39.57925215644072,0.0,0.0,0.0,0.0,0.0,0.47,47.18756677614181,0.5300847174579586,0.014352324068346241,834770000.0,0.0
2010-08-22,-0.006506884103828159,-1.3604022348302542,39.57925215644072,0.0,0.0,0.0,0.0,0.0,0.47,47.477319140974046,0.5288830231087994,0.013327158063464366,849530000.0,0.0
2010-08-29,-0.006168403640413711,-1.2912967225708405,39.57925215644072,0.0,0.0,0.0,0.0,0.0,0.47,47.74637490831827,0.5277053626466235,0.01237521820178834,852920000.0,0.0
2010-09-05,-0.0058329171959674575,-1.2225237611310735,39.57925215644072,0.0,0.0,0.0,0.0,0.0,0.47,47.996212406566485,0.526551255393691,0.011491274044517745,868590000.0,0.0
2010-09-12,-0.005503599700222184,-1.1547786184249065,39.57925215644072,0.0,0.0,0.0,0.0,0.0,0.47,48.22820436922554,0.5254202302858172,0.01067046875562362,870330000.0,0.0
2010-09-19,-0.005182868332328006,-1.088597566048981,39.57925215644072,0.0,0.0,0.0,0.0,0.0,0.47,48.44362547740894,0.5243118256801008,0.009908292415936219,939380000.0,0.0
2010-09-26,-0.004872519046002666,-1.0243855387272573,39.57925215644072,0.0,0.0,0.0,0.0,0.0,0.47,48.64365936357924,0.5232255891664988,0.009200557243369347,1005380000.0,0.0
2010-10-03,-0.004573840613172231,-0.9624394347440866,39.57925215644072,0.0,0.0,0.0,0.0,0.0,0.47,48.8294051150231,0.5221610773831687,0.00854337458312868,1084370000.0,0.0
2011-02-27,-0.0010200114829530538,-0.21654465447085827,39.57925215644072,0.0,0.0,0.0,0.0,0.0,0.47,53.33528182896192,0.5041266880548112,0.0032305561216990496,1371340000.0,0.19290366612449145
2011-03-06,0.007031175227260544,1.4698188972092159,96.75618558333758,100.0,0.19290366612449145,0.0,0.0,0.0,0.47714285714285715,56.45928761400376,0.47,0.010142659255863402,1438900000.0,0.21962860920676536
2011-03-13,0.024427048858028988,4.929499813478435,98.66330846993215,100.0,0.21962860920676536,0.19290366612449145,0.0,0.0,0.4942857142857142,59.48352352062859,0.47,0.019418183594730302,1479360000.0,0.21465693743689115
2011-03-20,0.05133917721423753,9.797415450301978,99.24430595109611,99.99999999999999,0.21465693743689115,0.21962860920676536,0.19290366612449145,0.0,0.5235714285714285,62.32910845776367,0.47959999999999997,0.03017402762367814,1521420000.0,0.22314355131420976
2011-03-27,0.08938897376438104,15.77433529722914,99.52938580140389,100.0,0.22314355131420976,0.21465693743689115,0.21962860920676536,0.19290366612449145,0.5685714285714286,64.9897345431741,0.503624,0.043733025650558276,4231420000.0,0.22677331936478837
2011-04-03,0.14051757250008456,22.413960112136515,99.68978528079916,100.0,0.22677331936478837,0.22314355131420976,0.21465693743689115,0.21962860920676536,0.6335714285714286,67.47060004619141,0.55133408,0.06060923810408981,6921420000.0,0.22603790934057427
2011-04-10,0.2068944795152361,29.196423986053343,99.78735080278551,100.0,0.22603790934057427,0.22677331936478837,0.22314355131420976,0.21465693743689115,0.7235714285714285,69.78051258011027,0.634200672,0.08128000681094054,8311420000.0,-0.1974645368965183
2011-04-17,0.2318120621679589,30.44855732740057,76.75986566270498,70.8955223880597,-0.1974645368965183,0.22603790934057427,0.22677331936478837,0.22314355131420976,0.7914285714285715,71.92641019287665,0.76569659136,0.10333143489587336,7490210000.0,-0.14364270222884315
2011-04-24,0.23353595670022942,29.337199095558063,66.61351314869832,56.71641791044776,-0.14364270222884315,-0.1974645368965183,0.22603790934057427,0.22677331936478837,0.8457142857142858,71.70226300762478,0.9118990685696,0.10952204668902525,7479870000.0,-0.09368548407732288
2011-05-01,0.22345027912066673,27.24879101673298,61.541637940233066,48.50746268656717,-0.09368548407732288,-0.14364270222884315,-0.1974645368965183,0.22603790934057427,0.892142857142857,69.68924794882507,1.81,0.11598475763980916,7358860000.0,-0.06453852113757118
2011-05-08,0.20741790746578803,24.778990170622304,58.48970030336285,43.28358208955224,-0.06453852113757118,-0.09368548407732288,-0.14364270222884315,-0.1974645368965183,0.9335714285714286,67.94603753950204,1.7944,0.11984298923696565,7240190000.0,-0.019231361927887644
2011-05-15,0.19089775408984844,22.422612960118542,57.610625496963806,41.791044776119406,-0.019231361927887644,-0.06453852113757118,-0.09368548407732288,-0.14364270222884315,0.9735714285714285,65.59715034861959,1.779112,0.1198542042914681,7196650000.0,-0.1129404111805954
2011-05-22,0.16700421222448436,19.49965734238259,52.90128560003127,33.58208955223881,-0.1129404111805954,-0.019231361927887644,-0.06453852113757118,-0.09368548407732288,1.0057142857142858,63.02631968972336,1.74634752,0.11986461827064897,7034730000.0,-0.07913732055872398
2011-05-29,0.140796973301769,16.448833348968773,50.09493882418773,28.35820895522388,-0.07913732055872398,-0.1129404111805954,-0.019231361927887644,-0.06453852113757118,1.032857142857143,59.96682493841291,1.6961666688,0.12058857410845977,7011040000.0,0.0
2011-06-05,0.11865971234178663,13.869776973331192,50.09493882418773,27.27272727272727,0.0,-0.07913732055872398,-0.1129404111805954,-0.019231361927887644,1.06,57.12586552648178,1.6260733352960002,0.1184036759578555,7058040000.0,0.011696039763191236
2011-06-12,0.10076117783078309,11.773111725194624,50.52973991913247,21.487603305785125,0.011696039763191236,0.0,-0.07913732055872398,-0.1129404111805954,1.0807142857142857,54.48783178683145,1.56158746847232,0.11280341338943725,7089830000.0,0.13062018241706422
2011-06-19,0.09516248352352075,11.000754268384915,55.536073434615105,22.429906542056074,0.13062018241706422,0.011696039763191236,0.0,-0.07913732055872398,1.1,52.653245769192154,1.5022604709945344,0.11546031243304888,7126330000.0,0.0
2011-06-26,0.08969156936799016,10.267260244722385,55.536073434615105,16.161616161616163,0.0,0.13062018241706422,0.011696039763191236,0.0,1.1071428571428572,51.556759635033515,1.4476796333149717,0.11721314725925969,7161440000.0,0.0
2011-07-03,0.0843831144670133,9.573189321702054,55.53607343461511,16.161616161616163,0.0,0.0,0.13062018241706422,0.011696039763191236,1.0985714285714285,50.53859393902906,1.3974652626497739,0.10884077959788399,7167210000.0,0.0
2011-07-10,0.07926243767032759,8.918394719659602,55.536073434615105,16.161616161616163,0.0,0.0,0.0,0.13062018241706422,1.07,49.59315436416779,1.351268041637792,0.10106643819803514,7168790000.0,0.0
2011-07-17,0.07434723576215119,8.302210014975305,55.53607343461511,16.161616161616163,0.0,0.0,0.0,0.0,1.0164285714285715,48.715246187510886,1.3087665983067687,0.09384740689817549,7171350000.0,0.040005334613699206
2011-07-24,0.07283991534107681,8.050986806692007,57.607487422390065,37.03703703703704,0.040005334613699206,0.0,0.0,0.0,0.9878571428571429,48.142923498613094,1.269665270442227,0.09428687783402011,7643480000.0,-0.07109592168373034
2011-07-31,0.06524483620386956,7.18487500343991,52.957918090635545,32.5,-0.07109592168373034,0.040005334613699206,0.0,0.0,0.9678571428571429,47.49544020105211,1.233692048806849,0.09469495798873297,7565930000.0,-0.0540672212702757
2011-08-07,0.05456214074077126,6.012443657378125,49.86219682328885,20.000000000000018,-0.0540672212702757,-0.07109592168373034,0.040005334613699206,0.0,0.9521428571428572,46.536959618324104,1.200596684902301,0.09435960384668061,7532240000.0,-0.11778303565638339
2011-08-14,0.037593508788306695,4.179262527978578,44.28629663658508,13.513513513513521,-0.11778303565638339,-0.0540672212702757,-0.07109592168373034,0.040005334613699206,0.9342857142857143,44.18104609700971,1.170148950110117,0.098333917857632,7499440000.0,0.048790164169431834
2011-08-21,0.027061463711152922,3.0232364521742054,46.8467568124819,24.32432432432431,0.048790164169431834,-0.11778303565638339,-0.0540672212702757,-0.07109592168373034,0.9207142857142857,42.06526873853282,1.1281340550991052,0.098452923724944,7525350000.0,-0.10008345855698253
2011-08-28,0.01211970231211612,1.3692921548924915,42.62728270552815,7.692307692307697,-0.10008345855698253,0.048790164169431834,-0.11778303565638339,-0.0540672212702757,0.9092857142857144,39.61809773475427,1.0903206495891946,0.099277714887448,7510410000.0,0.025975486403260736
2011-09-04,0.0018705194232738753,0.21320800038475674,43.985605942629874,20.930232558139544,0.025975486403260736,-0.10008345855698253,0.048790164169431834,-0.11778303565638339,0.9042857142857142,36.97344079441462,1.0470821716384913,0.098615020966916,7529250000.0,0.0500104205746612
2011-09-11,-0.0029899004403292073,-0.34245616447767213,46.70337231093824,30.232558139534873,0.0500104205746612,0.025975486403260736,-0.10008345855698253,0.048790164169431834,0.902142857142857,35.0217037053099,0.9970906676091025,0.0987139480407077,7578320000.0,-0.050010420574661305
2011-09-18,-0.009954731952379281,-1.1492670787757118,44.38423785731768,20.930232558139544,-0.050010420574661305,0.0500104205746612,0.025975486403260736,-0.10008345855698253,0.8964285714285715,33.01087072969519,0.9540979741438281,0.10094866603779999,7513710000.0,-0.09402894964827645
2011-09-25,-0.02088211012333152,-2.443461059469656,40.58604388829313,12.765957446808496,-0.09402894964827645,-0.050010420574661305,0.0500104205746612,0.025975486403260736,0.8771428571428571,30.827892549585993,0.9171242577636922,0.10302376132081428,7483150000.0,0.08112554481236853
2011-10-02,-0.02441914874589135,-2.8784475846551536,44.93571361614309,31.57894736842105,0.08112554481236853,-0.09402894964827645,-0.050010420574661305,0.0500104205746612,0.862142857142857,29.079172678750613,0.8743843765215015,0.10280777836932756,7493890000.0,-0.15415067982725822
2011-10-09,-0.03568698072942522,-4.276999269364897,39.26087056838745,2.6315789473684235,-0.15415067982725822,0.08112554481236853,-0.09402894964827645,-0.050010420574661305,0.8392857142857143,27.019364401746458,0.8384828762780613,0.10475007991437559,7473400000.0,0.0
2011-10-16,-0.04410836498171611,-5.369410761826781,39.26087056838745,5.128205128205132,0.0,-0.15415067982725822,0.08112554481236853,-0.09402894964827645,0.8164285714285714,25.291884687799037,0.8083256160735715,0.10226793134906302,7500670000.0,0.0
2011-10-23,-0.050203656176739275,-6.201704391222719,39.26087056838745,11.904761904761914,0.0,0.0,-0.15415067982725822,0.08112554481236853,0.7935714285714285,23.96744783440973,0.7780270051803286,0.09853450768127281,7520770000.0,-0.1643030512912763
2011-10-30,-0.06238425576056961,-7.886445476103762,34.33720528565722,0.0,-0.1643030512912763,0.0,0.0,-0.15415067982725822,0.7607142857142858,23.18683870932224,0.744421604144263,0.09863918570403905,7501650000.0,-0.11332868530700324
2011-11-06,-0.07600285365946147,-9.877254618393163,31.76331324293656,0.0,-0.11332868530700324,-0.1643030512912763,0.0,0.0,0.7285714285714285,22.959967740278042,0.7075372833154103,0.09587924386803627,7483160000.0,0.19885085874516517
2011-11-13,-0.07703163715677619,-10.16703722881504,40.56019715282573,28.947368421052627,0.19885085874516517,-0.11332868530700324,-0.1643030512912763,0.0,0.7078571428571429,22.173945665484414,0.6660298266523282,0.09688786930603367,7520970000.0,-0.016529301951210582
2011-11-20,-0.07775753149619047,-10.423512342738176,40.054656667528754,26.315789473684205,-0.016529301951210582,0.19885085874516517,-0.11332868530700324,-0.1643030512912763,0.6935714285714286,21.111668038440573,0.5,0.09711016435560269,7510120000.0,-0.10536051565782616
2011-11-27,-0.08222645120375216,-11.252735262444622,37.06923652370128,11.42857142857144,-0.10536051565782616,-0.016529301951210582,0.19885085874516517,-0.11332868530700324,0.6721428571428572,20.408962313166302,0.5,0.09803086690163106,7498370000.0,-0.07696104113612844
2011-12-04,-0.0879815711888361,-12.328678173014312,35.18636670426703,0.0,-0.07696104113612844,-0.10536051565782616,-0.016529301951210582,0.19885085874516517,0.6535714285714286,19.852449138671425,0.64,0.0946000906943717,7489620000.0,0.0
2011-12-11,-0.09148792934023975,-13.11074553505764,35.18636670426703,2.7777777777777803,0.0,-0.07696104113612844,-0.10536051565782616,-0.016529301951210582,0.6335714285714287,19.43587045694625,0.6372,0.09141436993048802,7503180000.0,0.131028262406404
2011-12-18,-0.08760843297065313,-12.727467600599496,41.243536098379124,22.222222222222214,0.131028262406404,0.0,-0.07696104113612844,-0.10536051565782616,0.6157142857142858,18.64752946814288,0.631312,0.09059905779259601,7516790000.0,-0.05406722127027559
2011-12-25,-0.085963717205642,-12.691121827178135,39.5381316447794,15.62500000000001,-0.05406722127027559,0.131028262406404,0.0,-0.07696104113612844,0.5985714285714286,17.915498549968323,0.62565952,0.08769912509312487,7512970000.0,0.07145896398214485
2012-01-01,-0.08050459554125267,-12.013068218825707,42.92678582752896,28.124999999999982,0.07145896398214485,-0.05406722127027559,0.131028262406404,0.0,0.5892857142857143,17.090946055225633,0.6202331392,0.08572061615790168,7518870000.0,0.0
2012-01-08,-0.07531007462993622,-11.351030306022531,42.92678582752897,29.999999999999982,0.0,0.07145896398214485,-0.05406722127027559,0.131028262406404,0.5757142857142857,16.32529016725028,0.615023813632,0.07959771500376585,7520390000.0,-0.07145896398214487
2012-01-15,-0.07357294201132725,-11.24419853805627,40.306831537485074,22.72727272727275,-0.07145896398214487,0.0,0.07145896398214485,-0.05406722127027559,0.5671428571428571,16.14824031945298,0.61002286108672,0.0789121639320683,7510780000.0,0.018349138668196617
2012-01-22,-0.07057578178864132,-10.91504458269174,41.27185160204012,35.29411764705885,0.018349138668196617,-0.07145896398214487,0.0,0.07145896398214485,0.5592857142857143,16.471032238900793,0.61,0.07756129507977771,7523810000.0,-0.07550755250814517
2012-01-29,-0.07061418011230736,-11.094592049908275,38.58481947450921,11.76470588235295,-0.07550755250814517,0.018349138668196617,-0.07145896398214487,0.0,0.5485714285714286,16.590886552960335,0.6052,0.0770212025740793,7489730000.0,-0.08167803101426724
2012-02-05,-0.07303042745862909,-11.700922464743515,36.05674367274361,0.0,-0.08167803101426724,-0.07550755250814517,0.018349138668196617,-0.07145896398214487,0.5421428571428571,17.071487016983006,0.600592,0.07437683096164506,7461760000.0,0.0
2012-02-12,-0.0740912431577857,-12.09209703639536,36.05674367274361,0.0,0.0,-0.08167803101426724,-0.07550755250814517,0.018349138668196617,0.5399999999999999,17.51775887643263,0.59275648,0.07049277160724185,7489520000.0,0.0
2012-02-19,-0.07407802191743507,-12.302206295957959,36.05674367274361,0.0,0.0,0.0,-0.08167803101426724,-0.07550755250814517,0.53,17.932154174492997,0.5853910912,0.065457573635296,7562960000.0,0.0
2012-02-26,-0.07322346941382785,-12.361244061698844,36.05674367274359,0.0,0.0,0.0,0.0,-0.08167803101426724,0.5207142857142857,18.31694980840619,0.578467625728,0.06078203266134629,7600270000.0,0.1388364448542159
2012-03-04,-0.06613544714560193,-11.238264764550115,44.600626003649786,50.00000000000004,0.1388364448542159,0.0,0.0,0.0,0.5207142857142857,17.28701339571026,0.57195956818432,0.0635833160426787,7824810000.0,-0.07696104113612844
2012-03-11,-0.06301935622724142,-10.829368715101062,41.21194811766998,21.428571428571445,-0.07696104113612844,0.1388364448542159,0.0,0.0,0.5207142857142857,16.33064386963547,0.57,0.06404165061105879,7646670000.0,0.03922071315328133
2012-03-18,-0.058264363556420506,-10.091816354843251,43.52251922423682,35.714285714285744,0.03922071315328133,-0.07696104113612844,0.1388364448542159,0.0,0.5221428571428571,15.44258645256602,0.564,0.06303867556741174,7684260000.0,-0.059423420470800764
2012-03-25,-0.05626812299031969,-9.85650698013998,40.92423429524272,14.285714285714297,-0.059423420470800764,0.03922071315328133,-0.07696104113612844,0.1388364448542159,0.5164285714285713,14.976630963606102,0.47,0.06425019874116805,7616840000.0,0.0
2012-04-01,-0.05406288467795772,-9.570646323572378,40.92423429524272,14.285714285714297,0.0,-0.059423420470800764,0.03922071315328133,-0.07696104113612844,0.5128571428571428,14.331060728591584,0.56,0.06251804168822749,7686650000.0,0.0
2012-04-08,-0.05171903261353794,-9.246514513148238,40.92423429524272,14.285714285714297,0.0,0.0,-0.059423420470800764,0.03922071315328133,0.5064285714285715,13.731602653220962,0.5582,0.059481038710496946,8361450000.0,0.0
2012-04-15,-0.04929329059596066,-8.894503200344536,40.92423429524273,14.285714285714297,0.0,0.0,0.0,-0.059423420470800764,0.5,13.381632945729342,0.556436,0.057375250231175734,8396490000.0,-0.020619287202735703
2012-04-22,-0.04762875436457148,-8.680239578567447,39.85739467921154,10.00000000000001,-0.020619287202735703,0.0,0.0,0.0,0.4957142857142857,13.461295280632678,0.55470728,0.056848446643234615,8370230000.0,0.09909090264423097
2012-04-29,-0.041793248720439546,-7.636011246918257,47.26043034129362,60.000000000000064,0.09909090264423097,-0.020619287202735703,0.0,0.0,0.4942857142857143,13.732993495501319,0.5530131344,0.057073557597289284,8411250000.0,0.05505977718302739
2012-05-06,-0.03435183263206909,-6.265641613661003,51.14607431405361,90.00000000000009,0.05505977718302739,0.09909090264423097,-0.020619287202735703,0.0,0.49785714285714283,14.544879063777538,0.47,0.057282589197482914,8493650000.0,0.20875481386211003
2012-05-13,-0.01775981908554447,-3.178453073888664,63.64552830589252,100.0,0.20875481386211003,0.05505977718302739,0.09909090264423097,-0.020619287202735703,0.5135714285714286,16.93839155109733,0.47,0.06247668996909127,8542880000.0,0.20854475189305718
2012-05-20,0.008205545591482344,1.4139441072041408,72.85196053340883,100.0,0.20854475189305718,0.20875481386211003,0.05505977718302739,0.09909090264423097,0.5407142857142857,20.23275773177844,0.47879999999999995,0.06944264068558474,8739590000.0,0.079137320558724
2012-05-27,0.03403931511802494,5.621770740167414,75.74585228300619,81.81818181818183,0.079137320558724,0.20854475189305718,0.20875481386211003,0.05505977718302739,0.5728571428571428,23.94729456881309,0.501072,0.07662530920804299,9021430000.0,0.22314355131420957
2012-06-03,0.07223911386254678,11.185555723645804,82.38864899534224,100.00000000000001,0.22314355131420957,0.079137320558724,0.20854475189305718,0.20875481386211003,0.6214285714285713,27.73331298612542,0.54258624,0.0904377871217542,9137070000.0,0.16034265007517948
2012-06-10,0.11729890930212883,16.805336004269826,85.98356899649207,96.70329670329673,0.16034265007517948,0.22314355131420957,0.079137320558724,0.20854475189305718,0.6792857142857144,31.651394264281915,0.603327616,0.10040651661305747,9353580000.0,-0.24183568432636227
2012-06-17,0.12813152499636404,17.678143117956406,65.2008451012663,64.83516483516485,-0.24183568432636227,0.16034265007517948,0.22314355131420957,0.079137320558724,0.7192857142857143,33.378380865546106,0.6965283020799999,0.11394890828355338,9312140000.0,-0.028710105882431367
2012-06-24,0.1327652663522878,17.76339721576389,63.49119037999777,61.538461538461554,-0.028710105882431367,-0.24183568432636227,0.16034265007517948,0.22314355131420957,0.7557142857142857,34.53249650288974,0.7785449058303999,0.112952557691871,8997580000.0,-0.08085209662909502
2012-07-01,0.12850092962143267,16.854439169496082,59.04496503038585,52.74725274725275,-0.08085209662909502,-0.028710105882431367,-0.24183568432636227,0.16034265007517948,0.7885714285714285,34.2813860913292,0.8507195171307519,0.11488451785673735,8933090000.0,0.05129329438755048
2012-07-08,0.1276841309904615,16.369450777421243,60.888482948660126,58.24175824175825,0.05129329438755048,-0.08085209662909502,-0.028710105882431367,-0.24183568432636227,0.8250000000000001,34.242444899683,0.89,0.11524990943839897,9007190000.0,0.03922071315328133
2012-07-15,0.1287799824221456,16.11214134027841,62.348626504172366,62.63736263736265,0.03922071315328133,0.05129329438755048,-0.08085209662909502,-0.028710105882431367,0.8642857142857144,34.66041021776015,0.89,0.11701777304994189,9142630000.0,-0.039220713153281385
2012-07-22,0.12498009414301314,15.351149653344631,59.93881149513394,58.24175824175825,-0.039220713153281385,0.03922071315328133,0.05129329438755048,-0.08085209662909502,0.9007142857142857,34.74765933098462,0.92,0.11365936068923176,9106440000.0,-0.020202707317519466
2012-07-29,0.11898325752382943,14.397303084850362,58.71680388730793,56.04395604395605,-0.020202707317519466,-0.039220713153281385,0.03922071315328133,0.05129329438755048,0.9364285714285714,34.238376281503676,1.38,0.11196940635428662,9069110000.0,0.02020270731751947
2012-08-05,0.11452438829200362,13.64547666853348,59.60373857417643,56.81818181818183,0.02020270731751947,-0.020202707317519466,-0.039220713153281385,0.03922071315328133,0.97,33.82129985679814,1.3705999999999998,0.10897159161469472,9125310000.0,-0.05129329438755058
2012-08-12,0.10573724700448195,12.476580846272752,56.34465325541205,46.91358024691358,-0.05129329438755058,0.02020270731751947,-0.020202707317519466,-0.039220713153281385,0.9978571428571429,33.22555509397673,1.3613879999999998,0.10690219221364508,9084290000.0,-0.0540672212702757
2012-08-19,0.09365914773927853,11.00091845674248,53.211290316760646,30.434782608695667,-0.0540672212702757,-0.05129329438755058,0.02020270731751947,-0.020202707317519466,1.012857142857143,32.458213214069254,1.3523602399999999,0.10283774991267045,9060360000.0,-0.06899287148695156
2012-08-26,0.07834258395327276,9.210998031688021,49.64359969999867,0.0,-0.06899287148695156,-0.0540672212702757,-0.05129329438755058,0.02020270731751947,1.012142857142857,31.118737407127206,1.3342658304,0.10192076777605112,8999910000.0,-0.15415067982725836
2012-09-02,0.05587698458870094,6.645187321755926,43.37919806703712,0.0,-0.15415067982725836,-0.06899287148695156,-0.0540672212702757,-0.05129329438755058,0.9978571428571428,29.0029628667632,1.3046098805759998,0.10392642722061891,8922210000.0,0.15415067982725836
2012-09-09,0.047211606344792045,5.615081940071902,50.15310359726485,21.739130434782613,0.15415067982725836,-0.15415067982725836,-0.06899287148695156,-0.0540672212702757,0.9757142857142858,27.282795104903933,1.2578410901299197,0.10721739670486041,8952640000.0,0.13353139262452257
2012-09-16,0.04945711790475171,5.821021146478978,55.8423385368304,41.53846153846153,0.13353139262452257,0.15415067982725836,-0.15415067982725836,-0.06899287148695156,0.9478571428571428,26.293695935442,1.2010569811169278,0.11170186836879895,9058220000.0,0.12699969076130752
2012-09-23,0.06102317832460902,7.034900853987603,61.031278991732876,88.88888888888893,0.12699969076130752,0.13353139262452257,0.15415067982725836,-0.15415067982725836,0.9500000000000001,25.8788194067312,1.149951283005235,0.11872316348531332,9106700000.0,0.0
2012-09-30,0.06938948573817694,7.850189874255363,61.031278991732876,74.07407407407409,0.0,0.12699969076130752,0.13353139262452257,0.15415067982725836,0.9542857142857143,26.249327544248647,0.69,0.12381436609350523,9338730000.0,-0.009216655104924063
2012-10-07,0.0743558008258649,8.276050452311736,60.3981066142776,72.22222222222224,-0.009216655104924063,0.0,0.12699969076130752,0.13353139262452257,0.9635714285714286,26.405565696233648,0.7008,0.1256847685153977,9239750000.0,0.03636764417087479
2012-10-14,0.0805903120674909,8.809061850388115,62.09222015384063,79.62962962962965,0.03636764417087479,-0.009216655104924063,0.0,0.12699969076130752,0.9721428571428571,26.55064398021972,0.711384,0.12599299933572644,9361950000.0,-0.08376988306545882
2012-10-21,0.07737700535289593,8.379702759637926,56.26049176554997,62.96296296296297,-0.08376988306545882,0.03636764417087479,-0.009216655104924063,0.0,0.9714285714285715,26.579866668914324,0.72175632,0.12342207081174598,9329220000.0,-0.08085209662909502
2012-10-28,0.06759590174057362,7.304842279678586,51.61954650815264,48.148148148148145,-0.08085209662909502,-0.08376988306545882,0.03636764417087479,-0.009216655104924063,0.9678571428571429,25.349522471152017,0.7319211936,0.12389192289662125,9219280000.0,-0.0430173850836907
2012-11-04,0.055971437067209084,6.056073864038844,49.42422816926766,40.740740740740755,-0.0430173850836907,-0.08085209662909502,-0.08376988306545882,0.03636764417087479,0.9628571428571429,24.031639457720782,0.7418827697279999,0.1214710712611483,9164840000.0,0.02173998663640582
2012-11-11,0.047821540960530706,5.171864347969726,50.55649110819877,44.444444444444464,0.02173998663640582,-0.0430173850836907,-0.08085209662909502,-0.08376988306545882,0.9578571428571429,23.040697284393257,0.75164511433344,0.1192231375996377,9206140000.0,-0.010810916104215617
2012-11-18,0.040093599099622734,4.337708308644157,49.954302740286,42.59259259259261,-0.010810916104215617,0.02173998663640582,-0.0430173850836907,-0.08085209662909502,0.9557142857142856,22.022880755402404,0.7612122120467711,0.11356434205680643,9181510000.0,-0.03315220731690051
2012-11-25,0.031188874290083768,3.383612103231395,48.103180213233,37.037037037037045,-0.03315220731690051,-0.010810916104215617,0.02173998663640582,-0.0430173850836907,0.9550000000000001,20.486706801507882,0.7705879678058357,0.11188117476703455,8972940000.0,0.011173300598125255
2012-12-02,0.024654530074176284,2.6794014780732933,48.78446301173536,38.8888888888889,0.011173300598125255,-0.03315220731690051,-0.010810916104215617,0.02173998663640582,0.9592857142857144,19.079756703344252,0.779776208449719,0.10888966228367494,8990400000.0,-0.0454623740767574
2012-12-09,0.01606318312354582,1.7542066230711306,46.17336667838949,31.481481481481485,-0.0454623740767574,0.011173300598125255,-0.03315220731690051,-0.010810916104215617,0.9692857142857143,18.042070121175403,0.7887806842807246,0.10825468640626958,8853280000.0,0.011560822401076006
2012-12-16,0.009946735420077069,1.0902799430534382,46.937993844277074,14.285714285714276,0.011560822401076006,-0.0454623740767574,0.011173300598125255,-0.03315220731690051,0.9714285714285715,17.07850400916147,0.7976050705951101,0.10480792309153604,8917770000.0,0.11905936001598816
2012-12-23,0.013816222428241764,1.5061437563115205,54.58104871500779,40.47619047619047,0.11905936001598816,0.011560822401076006,-0.0454623740767574,0.011173300598125255,0.9728571428571428,16.35098951067135,0.8062529691832079,0.10732164287071203,9016350000.0,0.0497615095590638
2012-12-30,0.02067902595397475,2.2339507390436855,57.57256963140856,52.38095238095238,0.0497615095590638,0.11905936001598816,0.011560822401076006,-0.0454623740767574,0.9685714285714286,16.131835957721428,0.8147279097995437,0.10537009695137546,9191720000.0,-0.019608471388376313
2013-01-06,0.024224766312267332,2.5994546439139805,55.98415192388559,55.555555555555564,-0.019608471388376313,0.0497615095590638,0.11905936001598816,0.011560822401076006,0.9628571428571429,16.655583028882727,0.8230333516035528,0.1057008043119915,8988980000.0,0.08535984895115685
2013-01-13,0.03390618948400903,3.5903583876671243,61.17520505520204,80.5555555555556,0.08535984895115685,-0.019608471388376313,0.0497615095590638,0.11905936001598816,0.9642857142857143,17.291329183809655,0.8311726845714817,0.10743646114684924,9427230000.0,-0.04652001563489293
2013-01-20,0.03711635077829101,3.8979884231575084,57.1431820718153,72.72727272727276,-0.04652001563489293,0.08535984895115685,-0.019608471388376313,0.0497615095590638,0.9592857142857144,17.625252651584578,0.8391492308800521,0.10976242820778857,9346640000.0,0.2586945355785287
2013-01-27,0.06393780078630917,6.508323975295542,70.23981310373338,100.0,0.2586945355785287,-0.04652001563489293,0.08535984895115685,-0.019608471388376313,0.9828571428571429,19.392859871984708,0.8469662462624511,0.12406511190723225,9493440000.0,0.13077023118319456
2013-02-03,0.09937981659559614,9.700846266312423,75.23502728875918,69.15887850467291,0.13077023118319456,0.2586945355785287,-0.04652001563489293,0.08535984895115685,1.0257142857142858,22.635488636737158,0.867487596411953,0.1616318896281442,9983570000.0,0.17693070815907824
2013-02-10,0.14994686810890556,13.812387199176232,80.73381076727485,84.55284552845528,0.17693070815907824,0.13077023118319456,0.2586945355785287,-0.04652001563489293,1.092857142857143,25.93367615465773,0.9282383406272359,0.18508675465470534,10357700000.0,-0.2030759882634005
2013-02-17,0.16073362507108335,14.389318585522787,63.51985729468821,56.91056910569106,-0.2030759882634005,0.17693070815907824,0.13077023118319456,0.2586945355785287,1.1342857142857143,27.45989474945556,1.017179273377057,0.2040091293222264,10164960000.0,-0.07563741420562008
2013-02-24,0.1585781369352275,13.934874477062253,59.12735426024229,47.967479674796735,-0.07563741420562008,-0.2030759882634005,0.17693070815907824,0.13077023118319456,1.1685714285714286,28.653972031948438,1.0990049315068924,0.21872276294206738,9881970000.0,0.0
2013-03-03,0.15508220592354305,13.399159101561233,59.12735426024229,47.967479674796735,0.0,-0.07563741420562008,-0.2030759882634005,0.17693070815907824,1.205,29.53281601189434,1.174284536986341,0.22024256558906258,10005350000.0,0.014184634991956381
2013-03-10,0.15217135164460438,12.930348791260709,59.714782667570006,49.593495934959336,0.014184634991956381,0.0,-0.07563741420562008,-0.2030759882634005,1.2421428571428572,30.348885421844106,1.2435417740274337,0.21522523947555813,10111300000.0,0.0
2013-03-17,0.1481566213503407,12.39944448938329,59.714782667570006,48.33333333333332,0.0,0.014184634991956381,0.0,-0.07563741420562008,1.282142857142857,31.106664159654603,1.307258432105239,0.2062805795130183,10198570000.0,-0.007067167223092443
2013-03-24,0.14252506204457505,11.771139244590891,59.22122381876921,47.499999999999986,-0.007067167223092443,0.0,0.014184634991956381,0.0,1.3207142857142855,31.195189621715507,2.04,0.20154625240494553,10142890000.0,-0.03610500464211609
2013-03-31,0.13250005048541857,10.84419179778015,56.69786795544386,37.61467889908258,-0.03610500464211609,-0.007067167223092443,0.0,0.014184634991956381,1.3478571428571426,31.01814265442667,2.0258,0.20072152009030655,10022570000.0,0.0
2013-04-07,0.12313572461445066,9.99408654031884,56.69786795544386,35.23809523809525,0.0,-0.03610500464211609,-0.007067167223092443,0.0,1.3714285714285717,30.853741899087034,1.9967679999999999,0.19995569722671322,10142890000.0,-0.11686434013931098
2013-04-14,0.1024299339791972,8.324592359452327,49.377677144601186,20.95238095238095,-0.11686434013931098,0.0,-0.03610500464211609,-0.007067167223092443,1.3857142857142857,29.81977859112197,1.96889728,0.20067314742480513,10085920000.0,-0.008298802814695066
2013-04-21,0.08424243494611616,6.8590478504505725,48.92418196963856,19.999999999999996,-0.008298802814695066,-0.11686434013931098,0.0,-0.03610500464211609,1.3928571428571428,28.69151722392498,1.9227634432,0.1920536368944619,10050300000.0,0.0
2013-04-28,0.06903294214303424,5.630259648448568,48.92418196963856,14.285714285714276,0.0,-0.008298802814695066,-0.11686434013931098,0.0,1.4035714285714287,27.303812173423996,1.863342367744,0.18404980568771462,10085370000.0,-0.00836824967051658
2013-05-05,0.055532251859787385,4.539057526673702,48.40855749526146,9.574468085106368,-0.00836824967051658,0.0,-0.008298802814695066,-0.11686434013931098,1.3914285714285712,26.670120155646817,1.7910081309696,0.1866176767100207,10032000000.0,0.08841095734405315
2013-05-12,0.05309687056254497,4.319968869155106,54.13481024704367,21.276595744680847,0.08841095734405315,-0.00836824967051658,0.0,-0.008298802814695066,1.3735714285714287,26.38233589933913,1.708087155253248,0.18900212837359068,10158930000.0,-0.08841095734405308
2013-05-19,0.041808786975673806,3.409603927359329,48.35493660472438,11.68831168831167,-0.08841095734405308,0.08841095734405315,-0.00836824967051658,0.0,1.3264285714285715,25.832449649439564,1.6351166966228583,0.1897876906326199,10073160000.0,0.04919024419077178
2013-05-26,0.03727471821700612,3.0354770466771,51.402804776194415,21.428571428571416,0.04919024419077178,-0.08841095734405308,0.08841095734405315,-0.00836824967051658,1.3078571428571428,25.45334800812916,1.5709026930281154,0.18765999844457565,10169450000.0,0.03922071315328133
2013-06-02,0.03728620601899579,3.0232761740826892,53.847186255155606,39.99999999999999,0.03922071315328133,0.04919024419077178,-0.08841095734405308,0.08841095734405315,1.3007142857142857,25.101325055483787,1.5143943698647415,0.18211285569853455,10285080000.0,-0.12260232209233252
2013-06-09,0.02490448043914162,2.029483456354617,46.320005874820914,11.111111111111073,-0.12260232209233252,0.03922071315328133,0.04919024419077178,-0.08841095734405308,1.282857142857143,24.77444659945594,1.4646670454809725,0.18981908029149633,9696710000.0,0.025752496102414764
2013-06-16,0.01731304893994956,1.414877983222379,47.888972216273785,20.51282051282048,0.025752496102414764,-0.12260232209233252,0.03922071315328133,0.04919024419077178,1.2657142857142856,24.47091660457294,1.4209070000232558,0.18126057455638941,9832240000.0,0.0813456394539524
2013-06-23,0.019145254472605622,1.5592919648983041,52.837349453261034,51.16279069767442,0.0813456394539524,0.025752496102414764,-0.12260232209233252,0.03922071315328133,1.2557142857142858,25.356372845176573,1.3823981600204651,0.1897419620880759,10280320000.0,0.16524957289530717
2013-06-30,0.03871014194722111,3.099986730011536,61.81794235660444,93.74999999999999,0.16524957289530717,0.0813456394539524,0.025752496102414764,-0.12260232209233252,1.262857142857143,27.03509846753027,1.06,0.19833182193892762,12240320000.0,-0.11200505837649487
2013-07-07,0.04083408350770634,3.250547138378569,54.100320842896906,54.716981132075475,-0.11200505837649487,0.16524957289530717,0.0813456394539524,0.025752496102414764,1.2621428571428572,28.790312705181694,1.06,0.2034509775147185,12142170000.0,0.057569851821477704
2013-07-14,0.048414560986631106,3.8148907180687517,56.99151815401713,69.81132075471695,0.057569851821477704,-0.11200505837649487,0.16524957289530717,0.0813456394539524,1.2671428571428571,30.420154497286596,1.0812000000000002,0.20391876483509574,12844250000.0,-0.02120220765060305
2013-07-21,0.05140878623665346,4.020108459307494,55.577728416500925,64.15094339622638,-0.02120220765060305,0.057569851821477704,-0.11200505837649487,0.16524957289530717,1.2807142857142857,31.933579018526853,1.101552,0.1986388530611603,11824250000.0,0.0
2013-07-28,0.053168834096509965,4.128754049066722,55.57772841650092,64.15094339622638,0.0,-0.02120220765060305,0.057569851821477704,-0.11200505837649487,1.295,33.055639874153364,1.1210899200000002,0.19159322069964885,11868640000.0,0.0
2013-08-04,0.05394187633318914,4.161915781669085,55.57772841650092,64.15094339622638,0.0,0.0,-0.02120220765060305,0.057569851821477704,1.3092857142857142,33.53509776052736,1.1398463232000002,0.1879079906496739,11952640000.0,-0.07410797215372172
2013-08-11,0.045955605990608106,3.5449369844976575,50.37509449661585,45.283018867924525,-0.07410797215372172,0.0,0.0,-0.02120220765060305,1.3171428571428572,33.70160460395781,1.1578524702720003,0.1837717056032686,11869640000.0,0.0
2013-08-18,0.039174845967325345,3.021254594061828,50.37509449661585,45.283018867924525,0.0,-0.07410797215372172,0.0,0.0,1.3171428571428572,32.4792089041464,1.59,0.18564515520303512,11997270000.0,0.07410797215372183
2013-08-25,0.04139305568164997,3.173589220534611,55.235026311994055,64.15094339622638,0.07410797215372183,0.0,-0.07410797215372172,0.0,1.332142857142857,32.070826519273666,1.5816000000000001,0.1852419298313898,12226660000.0,0.04196419909903221
2013-09-01,0.04744557832755514,3.6057492397734774,57.89916671504373,75.47169811320752,0.04196419909903221,0.07410797215372183,0.0,-0.07410797215372172,1.3471428571428572,31.459838571491478,1.573368,0.1862960777005762,12381500000.0,-0.07833184326990696
2013-09-08,0.042871964123320394,3.2519105418523098,51.811246723560856,54.716981132075475,-0.07833184326990696,0.04196419909903221,0.07410797215372183,0.0,1.3507142857142855,30.892492619979443,1.56530064,0.18156064357910648,12307530000.0,0.10536051565782614
2013-09-15,0.050765890725434915,3.8117767834792584,58.25686963382376,83.01886792452828,0.10536051565782614,-0.07833184326990696,0.04196419909903221,0.07410797215372183,1.3757142857142857,30.879891705809168,1.5573946272,0.18144916903774172,12523650000.0,0.03278982282299097
2013-09-22,0.060360666374095207,4.4778650233318995,60.16936277743282,90.74074074074073,0.03278982282299097,0.10536051565782614,-0.07833184326990696,0.04196419909903221,1.4021428571428571,31.323670881759313,1.17,0.17991708553504587,12748330000.0,0.19832189814039566
2013-09-29,0.09431257702334084,6.794225646622561,70.17576198808548,84.70588235294117,0.19832189814039566,0.03278982282299097,0.10536051565782614,-0.07833184326990696,1.4457142857142855,33.41143927599594,1.1785999999999999,0.20063729371111405,13123670000.0,-0.10008345855698253
2013-10-06,0.1054793152582385,7.470361171761899,61.38367939536204,63.52941176470588,-0.10008345855698253,0.19832189814039566,0.03278982282299097,0.10536051565782614,1.4600000000000002,35.35008135635852,1.2122559999999998,0.21130605844603448,12807000000.0,-0.04179712867846148
2013-10-13,0.10744209518292225,7.5194181978925325,58.32342279220113,55.29411764705882,-0.04179712867846148,-0.10008345855698253,0.19832189814039566,0.03278982282299097,1.4807142857142856,37.15024900240949,1.2445657599999997,0.20692705427131772,12727360000.0,0.10961972501722261
2013-10-20,0.12291216953778372,8.426862253159452,63.62439360511095,77.64705882352942,0.10961972501722261,-0.04179712867846148,-0.10008345855698253,0.19832189814039566,1.5092857142857141,39.17686837083824,1.2755831295999998,0.2107179789662236,12977210000.0,0.02162246401316571
2013-10-27,0.1368227728695095,9.188584919977066,64.64396581066399,82.3529411764706,0.02162246401316571,0.10961972501722261,-0.04179712867846148,-0.10008345855698253,1.542857142857143,41.05872921295066,1.3053598044159997,0.20352383761149334,13055500000.0,0.18942638241769902
2013-11-03,0.17727327094571033,11.465397883229658,72.6833743091957,100.0,0.18942638241769902,0.02162246401316571,0.10961972501722261,-0.04179712867846148,1.6042857142857143,43.515641092186215,1.3339454122393597,0.21684356349638664,13364740000.0,0.473867834992565
2013-11-10,0.3162327976897914,18.59626825111158,85.3152485776759,100.0,0.473867834992565,0.18942638241769902,0.02162246401316571,0.10961972501722261,1.7635714285714286,46.74628037474558,1.389508687504998,0.2992118803895019,13712650000.0,0.4806219855632457
2013-11-17,0.6001898879002274,29.869584303576495,91.90584228591621,99.57627118644068,0.4806219855632457,0.473867834992565,0.18942638241769902,0.02162246401316571,2.09,50.14032468841537,1.5687479925045982,0.43998246036168037,14656140000.0,-0.500094088976066
2013-11-24,0.6315501165505668,29.73078287172345,61.334645317384854,49.45770065075923,-0.500094088976066,0.4806219855632457,0.473867834992565,0.18942638241769902,2.2514285714285713,53.10011957963671,2.0008731932541384,0.5735551417644176,14154900000.0,0.16055070167272575
2013-12-01,0.6983816333956976,30.677745714373504,64.72610838994882,62.906724511930584,0.16055070167272575,-0.500094088976066,0.4806219855632457,0.473867834992565,2.4499999999999997,55.32599737099738,2.3897858739287248,0.6347297744955307,14647140000.0,-0.04401688541677421
2013-12-08,0.7284247690048948,30.298325913975756,62.9984399948598,58.46153846153847,-0.04401688541677421,0.16055070167272575,-0.500094088976066,0.4806219855632457,2.6314285714285717,57.39288389154657,2.7398072865358523,0.650820504888707,14341910000.0,-0.01005033585350145
2013-12-15,0.7404708180547801,29.39051227209999,62.598571228466135,57.39514348785872,-0.01005033585350145,-0.04401688541677421,0.16055070167272575,-0.500094088976066,2.8178571428571426,59.312135660627966,3.054826557882267,0.6350476116823708,14042460000.0,0.15198383174216798
2013-12-22,0.7933220437428119,29.6648949866624,66.33769302840889,71.2359550561798,0.15198383174216798,-0.01005033585350145,-0.04401688541677421,0.16055070167272575,3.04,61.24009721297606,3.33834390209404,0.6454013537050586,14165910000.0,-0.0742748474148518
2013-12-29,0.799364205820412,28.618005265914352,62.8996229251957,62.90322580645163,-0.0742748474148518,0.15198383174216798,-0.01005033585350145,-0.04401688541677421,3.235,63.03578283652056,3.593509511884636,0.6378726855832687,14067370000.0,-0.04540803953899514
2014-01-05,0.7798318347322586,26.990534697328684,60.94127328777193,58.139534883720934,-0.04540803953899514,-0.0742748474148518,0.15198383174216798,-0.01005033585350145,3.3921428571428573,63.70820598275715,3.8231585606961724,0.6273103508987495,13946890000.0,0.0024420036555515873
2014-01-12,0.756439443312968,25.392718942947827,61.010079179177474,58.07962529274004,0.0024420036555515873,-0.04540803953899514,-0.0742748474148518,0.15198383174216798,3.562857142857143,64.33259890426255,5.89,0.5967881829774103,14094860000.0,-0.02469261259037141
2014-01-19,0.7215144706247716,23.62063075314353,59.87420048172293,55.52941176470589,-0.02469261259037141,0.0024420036555515873,-0.04540803953899514,-0.0742748474148518,3.7314285714285718,64.93734255515353,5.8522,0.572017598479024,13944580000.0,-0.020202707317519466
2014-01-26,0.6795474467736238,21.78945599507788,58.928978207502986,51.951219512195124,-0.020202707317519466,-0.02469261259037141,0.0024420036555515873,-0.04540803953899514,3.880714285714286,62.956425797317856,5.777712,0.5875877700162365,13815280000.0,0.047331374705772145
2014-02-02,0.6540798645908308,20.49040035339603,60.52297320399832,55.38847117794487,0.047331374705772145,-0.020202707317519466,-0.02469261259037141,0.0024420036555515873,4.040714285714286,61.564835332174326,5.62484928,0.579902929300791,13985760000.0,-0.12971525616335378
2014-02-09,0.5867866892101148,18.205765048027324,54.52570063164959,37.1900826446281,-0.12971525616335378,0.047331374705772145,-0.020202707317519466,-0.02469261259037141,4.137142857142857,58.598641162565876,5.4811583232,0.5956241486364489,13843440000.0,-0.034952825246960334
2014-02-16,0.517485350217131,15.959174298521217,53.119889240510744,9.62406015037595,-0.034952825246960334,-0.12971525616335378,0.047331374705772145,-0.020202707317519466,4.126857142857143,55.84431800507231,5.3460888238079995,0.5795795665909882,13703740000.0,0.0886117403986378
2014-02-23,0.4830585421717206,14.707145813374838,56.28182707611028,22.18390804597702,0.0886117403986378,-0.034952825246960334,-0.12971525616335378,0.047331374705772145,3.979642857142857,53.418481723603904,5.219123494379519,0.5708238832630604,13812940000.0,-0.02525722456595296
2014-03-02,0.4430026835358949,13.358222667949882,55.10460510474476,30.249999999999996,-0.02525722456595296,0.0886117403986378,-0.034952825246960334,-0.12971525616335378,3.990642857142858,50.66802507196541,5.099776084716748,0.568122177315699,13567940000.0,0.025257224565952915
2014-03-09,0.41414977225670446,12.352268309363428,56.093619230138195,38.859060402684584,0.025257224565952915,-0.02525722456595296,0.0886117403986378,-0.034952825246960334,3.9641428571428574,48.40589587768759,4.987589519633743,0.5466134503645776,13721400000.0,-0.004736850962269308
2014-03-16,0.3853886620264939,11.38424387521764,55.842604074459004,37.6510067114094,-0.004736850962269308,0.025257224565952915,-0.02525722456595296,0.0886117403986378,3.949214285714286,45.71772628016988,4.882134148455719,0.5306410610528222,13642380000.0,-0.056987745517902165
2014-03-23,0.34171099831876184,10.050977257636902,52.87006352949629,23.55704697986577,-0.056987745517902165,-0.004736850962269308,0.025257224565952915,-0.02525722456595296,3.9221428571428576,43.10872555359338,4.783006099548375,0.5179524138347634,13568480000.0,-0.035240930076808195
2014-03-30,0.29370472620223387,8.628179225191548,51.13904463259128,15.234899328859056,-0.035240930076808195,-0.056987745517902165,-0.004736850962269308,0.025257224565952915,3.839785714285714,40.59238724613817,4.689825733575472,0.4938843842751375,13508860000.0,0.05624197822775672
2014-04-06,0.2687003280915379,7.850406449829345,53.768254544457285,36.49572649572649,0.05624197822775672,-0.035240930076808195,-0.056987745517902165,-0.004736850962269308,3.7952857142857144,37.94366017365205,4.602236189560944,0.4858212139697705,13618560000.0,-0.0024640669551591835
2014-04-13,0.2453299269724285,7.132841828583102,53.62840682168633,35.72649572649573,-0.0024640669551591835,0.05624197822775672,-0.035240930076808195,-0.056987745517902165,3.763714285714286,36.387877827633574,4.519902018187287,0.49197684154335836,13514250000.0,-0.05088940550919854
2014-04-20,0.20978525456318398,6.095780758350376,50.76854577216536,20.25641025641026,-0.05088940550919854,-0.0024640669551591835,0.05624197822775672,-0.035240930076808195,3.7184999999999997,34.717385601437336,4.44250789709605,0.47719278143311844,13453430000.0,-0.062483140408789904
2014-04-27,0.16279401259510706,4.7492029855477975,47.59710928564679,2.3076923076923186,-0.062483140408789904,-0.05088940550919854,-0.0024640669551591835,0.05624197822775672,3.665428571428571,32.714274213960046,4.369757423270287,0.4581075827593243,13396420000.0,0.07052684939167722
2014-05-04,0.14310806504068596,4.168850928898132,51.30945391044835,20.82239720034995,0.07052684939167722,-0.062483140408789904,-0.05088940550919854,-0.0024640669551591835,3.635071428571429,31.19149447928561,4.30137197787407,0.4485284697050868,13500550000.0,-0.0054511682826279585
2014-05-11,0.12453807120128868,3.6245131598682963,50.99884443221123,23.223753976670185,-0.0054511682826279585,0.07052684939167722,-0.062483140408789904,-0.05088940550919854,3.5897857142857146,29.96674611396721,4.237089659201626,0.4334907218690092,13435330000.0,0.06380105134490464
2014-05-18,0.12683749971798575,3.6701506590321475,54.56861155962784,54.04101326899878,0.06380105134490464,-0.0054511682826279585,0.07052684939167722,-0.062483140408789904,3.5965714285714285,28.95779117801923,4.176664279649528,0.4235985274497943,13546240000.0,0.0024262041824637975
2014-05-25,0.12791155340237292,3.6808680037338988,54.70826262556132,55.12665862484919,0.0024262041824637975,0.06380105134490464,-0.0054511682826279585,0.07052684939167722,3.6128571428571425,28.109766917981908,4.119864422870556,0.410341489774809,13599710000.0,0.11844098944391386
2014-06-01,0.16454892818754896,4.664969509551124,61.34758731138777,100.0,0.11844098944391386,0.0024262041824637975,0.06380105134490464,-0.0054511682826279585,3.6394285714285717,28.20667797916254,3.23,0.4211742405051798,13753630000.0,-0.02298395597899756
2014-06-08,0.18379987506268636,5.150310951496794,59.438762402529896,66.42628205128207,-0.02298395597899756,0.11844098944391386,0.0024262041824637975,0.06380105134490464,3.666,28.853864315420136,3.24902,0.42987608046909553,12493630000.0,0.13080496760480978
2014-06-15,0.24233779782739306,6.6406144944002525,66.23843969711592,93.64548494983279,0.13080496760480978,-0.02298395597899756,0.11844098944391386,0.0024262041824637975,3.7265714285714284,29.827815499416168,3.2992592,0.4521706461498744,12695000000.0,-0.031187785604896108
2014-06-22,0.274031751015384,7.379581983989011,63.373159636507715,59.714964370546326,-0.031187785604896108,0.13080496760480978,-0.02298395597899756,0.11844098944391386,3.7782142857142857,31.476793348847053,3.3864236479999996,0.49537274285345484,11712740000.0,0.10025223136808327
2014-06-29,0.3337118368348593,8.763573868770347,68.2902226615141,82.32779097387174,0.10025223136808327,-0.031187785604896108,0.13080496760480978,-0.02298395597899756,3.878857142857143,33.00798706617574,3.54446975616,0.5042032612210652,11911480000.0,0.10166632578361842
2014-07-06,0.41926504553291144,10.654609881705952,72.7155071265912,94.06639004149379,0.10166632578361842,0.10025223136808327,-0.031187785604896108,0.13080496760480978,4.0265,34.95255042244583,3.6898721756671997,0.5165458854195605,12161970000.0,0.018829570934843866
2014-07-13,0.4898920318857112,12.064716696898472,73.4986635280855,98.4232365145228,0.018829570934843866,0.10166632578361842,0.10025223136808327,-0.031187785604896108,4.167357142857143,36.758216396125206,3.8875849581004798,0.4952926078895918,12304320000.0,-0.07008475484010146
2014-07-20,0.5092505877816569,12.275549418538125,66.08618178500313,80.08849557522124,-0.07008475484010146,0.018829570934843866,0.10166632578361842,0.10025223136808327,4.281642857142857,36.793490711055725,4.065526462290432,0.5177717073260496,11988840000.0,0.0
2014-07-27,0.5186141220274081,12.260554838906819,66.08618178500313,80.08849557522124,0.0,-0.07008475484010146,0.018829570934843866,0.10166632578361842,4.408857142857143,36.82624543206264,4.26682328681558,0.5005022996599032,12097450000.0,0.014377848891077212
2014-08-03,0.5261027699746208,12.20378153420003,66.85940081518086,81.9707401032702,0.014377848891077212,0.0,-0.07008475484010146,0.018829570934843866,4.556500000000001,36.940724275176976,4.44396449239771,0.4790378496841958,12183590000.0,0.00711213928090242
2014-08-10,0.5290058101614736,12.053445581769239,67.26132270802043,83.53500432152117,0.00711213928090242,0.014377848891077212,0.0,-0.07008475484010146,4.689857142857143,37.06255562618706,4.599848753309985,0.459820860421039,12326320000.0,0.015911529033443658
2014-08-17,0.5321121144655718,11.911291673055018,68.20124292224213,87.25151253241141,0.015911529033443658,0.00711213928090242,0.014377848891077212,0.0,4.8307142857142855,37.17568473783928,4.7370269029127865,0.4419765132481076,12407490000.0,0.0641598701631842
2014-08-24,0.5572795937412547,12.203174452700264,71.8541428435463,97.9425632233176,0.0641598701631842,0.015911529033443658,0.00711213928090242,0.014377848891077212,4.981000000000001,37.90945790820599,4.8577436745632525,0.44783533373038564,12596520000.0,0.04806032392283925
2014-08-31,0.593461754498656,12.68111464481203,74.36648774385866,79.25736235595389,0.04806032392283925,0.0641598701631842,0.015911529033443658,0.00711213928090242,5.151071428571429,39.532100800308896,4.997639560124397,0.48798995274964385,12840900000.0,-0.05618412627089812
2014-09-07,0.5884824017644412,12.36296417860578,66.8808400433615,64.72491909385111,-0.05618412627089812,0.04806032392283925,0.0641598701631842,0.015911529033443658,5.264000000000001,40.94175160694265,5.276897230504494,0.5027763846960979,12711540000.0,-0.030305349495328922
2014-09-14,0.5641540496021422,11.70074802133642,63.33464707087729,57.81192828393706,-0.030305349495328922,-0.05618412627089812,0.04806032392283925,0.0641598701631842,5.371428571428572,41.52291223912078,6.743,0.4879352143606623,12589810000.0,-0.013688974565402726
2014-09-21,0.532601590790061,10.930057611924456,61.77599135072318,49.58982772764562,-0.013688974565402726,-0.030305349495328922,-0.05618412627089812,0.04806032392283925,5.4326428571428576,41.71122156526865,6.71804,0.4693684133349007,12426730000.0,0.0
2014-09-28,0.501811469603501,10.198775298535482,61.77599135072318,38.85572139303484,0.0,-0.013688974565402726,-0.030305349495328922,-0.05618412627089812,5.504071428571429,41.88608022526311,6.664958400000001,0.4439849552395506,12534650000.0,-0.05307025739561147
2014-10-05,0.44923446332225225,9.0879705751539,55.80330885467586,16.353591160221004,-0.05307025739561147,0.0,-0.013688974565402726,-0.030305349495328922,5.521142857142857,41.1557064790696,6.614000064000001,0.43812888700815417,12413560000.0,-0.15750301283601206
2014-10-12,0.34213584628341476,6.971118587755469,43.651439979639406,11.163153786104589,-0.15750301283601206,-0.05307025739561147,0.0,-0.013688974565402726,5.4456428571428575,38.43510860437077,6.527420060160001,0.489119680793286,12238320000.0,0.06395070569468947
2014-10-19,0.2778604529192723,5.673983259990035,48.34148259868967,22.67759562841528,0.06395070569468947,-0.15750301283601206,-0.05307025739561147,0.0,5.3837142857142855,35.908839149293286,6.3397064553472005,0.5017539893080513,12400810000.0,-0.21311421526121088
2014-10-26,0.15142405694543548,3.141978234127986,37.8342573268622,1.630988786952091,-0.21311421526121088,0.06395070569468947,-0.15750301283601206,-0.05307025739561147,5.283714285714285,34.909081252583725,6.167009938919424,0.5346287043574761,12245980000.0,-0.27152774280814607
2014-11-02,-0.02235288072005215,-0.47766100750322854,30.65165813186887,0.0,-0.27152774280814607,-0.21311421526121088,0.06395070569468947,-0.15750301283601206,5.1183571428571435,35.03262867460252,5.930308945027482,0.5617980826176564,12057800000.0,0.29108575170780276
2014-11-09,-0.07919403836999273,-1.712792633523459,43.223579870992786,27.810499359795127,0.29108575170780276,-0.27152774280814607,-0.21311421526121088,0.06395070569468947,5.018357142857142,34.87401510936352,5.570631871624184,0.6012410767163952,12228870000.0,-0.06013098730295153
2014-11-16,-0.1410930189974966,-3.0976175851337304,41.35776249414025,21.946222791293206,-0.06013098730295153,0.29108575170780276,-0.27152774280814607,-0.21311421526121088,4.899285714285715,34.201555478562604,5.188063409596798,0.6141524283795098,12116030000.0,0.005128908530348944
2014-11-23,-0.18646580417291947,-4.150509617670623,41.58307737576411,22.432778489116515,0.005128908530348944,-0.06013098730295153,0.29108575170780276,-0.27152774280814607,4.775428571428571,33.577128678533185,4.859054532253246,0.598855826352402,12197930000.0,0.022891603801825915
2014-11-30,-0.21302891729699347,-4.7965479751596085,42.657039557827765,24.635083226632513,0.022891603801825915,0.005128908530348944,-0.06013098730295153,0.29108575170780276,4.631928571428571,33.194271676708574,4.576106897737792,0.5805804101843732,12292300000.0,-0.2685676764284656
2014-12-07,-0.3028088045902475,-6.997320194465299,35.36939458378319,1.8809657495788805,-0.2685676764284656,0.022891603801825915,0.005128908530348944,-0.06013098730295153,4.404071428571428,33.532884468778676,4.332771932054501,0.6037532380283466,12202000000.0,0.009592399691439508
2014-12-14,-0.36746474130615603,-8.699036035692318,35.7392753881892,14.995537042546859,0.009592399691439508,-0.2685676764284656,0.022891603801825915,0.005128908530348944,4.202,34.32542960894916,4.123503861566871,0.6006994353120361,12391530000.0,0.25396273491348187
2014-12-21,-0.34628674595473274,-8.261896745834768,45.84729799752851,42.382445141065844,0.25396273491348187,0.009592399691439508,-0.2685676764284656,0.022891603801825915,4.072785714285714,33.160047059104706,2.429,0.6265066185040336,12878220000.0,-0.2002006187722363
2014-12-28,-0.3804716584747885,-9.256861314214236,40.32177741513808,21.38728323699423,-0.2002006187722363,0.25396273491348187,0.009592399691439508,-0.2685676764284656,3.9,32.07790611996343,2.429,0.6307561457537455,12819990000.0,-0.04730499939833339
2015-01-04,-0.4143262576460591,-10.295434479903916,39.25958840765656,16.849226804123713,-0.04730499939833339,-0.2002006187722363,0.25396273491348187,0.009592399691439508,3.7169999999999996,31.544282752346074,2.4583199999999996,0.6190592781999066,12662240000.0,-0.039383328000375105
2015-01-11,-0.4452228665962452,-11.310149493433515,38.39133040609007,14.0840220385675,-0.039383328000375105,-0.04730499939833339,-0.2002006187722363,0.25396273491348187,3.5462142857142855,31.048775339558528,2.4870535999999994,0.587126472614199,12570990000.0,0.006672544510785216
2015-01-18,-0.4628401771230717,-12.001474910611522,38.6349194739747,15.82840236686392,0.006672544510785216,-0.039383328000375105,-0.04730499939833339,-0.2002006187722363,3.4312142857142858,30.627658378421447,2.5152125279999993,0.5554031531417563,12654910000.0,-0.06171902514759033
2015-01-25,-0.4850094069988127,-12.865579360457488,37.209012161572204,11.015859408486932,-0.06171902514759033,0.006672544510785216,-0.039383328000375105,-0.04730499939833339,3.282928571428571,30.483455599044895,2.5428082774399994,0.5320172136316309,12593240000.0,-0.007098852901168665
2015-02-01,-0.49836695853110147,-13.512723021217266,37.045410439936205,13.50737797956867,-0.007098852901168665,-0.06171902514759033,0.006672544510785216,-0.039383328000375105,3.198571428571429,30.36360025245974,2.5698521118911994,0.5110159840865144,12507250000.0,-0.20576635430372245
2015-02-08,-0.5427198327113154,-15.177785333440921,32.96999931828961,4.038004750593823,-0.20576635430372245,-0.007098852901168665,-0.06171902514759033,0.006672544510785216,3.144142857142857,30.94661251344212,3.895,0.5220862709374776,12331010000.0,0.07196710214313834
2015-02-15,-0.5583613172375648,-16.027845046370434,35.46710091698857,11.733966745843246,0.07196710214313834,-0.20576635430372245,-0.007098852901168665,-0.06171902514759033,3.0305,31.487981041497186,3.85882,0.5215801087276578,12436030000.0,0.08972237244325047
2015-02-22,-0.5467828641770756,-16.012706916028378,38.786996770439686,24.346917450365737,0.08972237244325047,0.07196710214313834,-0.20576635430372245,-0.007098852901168665,2.948857142857143,31.99068038897689,3.8233636,0.5061101009613965,12535640000.0,0.04407687971733374
2015-03-01,-0.5223064936689767,-15.548088065574362,40.51749416142664,32.11719181868435,0.04407687971733374,0.08972237244325047,0.07196710214313834,-0.20576635430372245,2.874071428571429,31.834539741180524,3.788616328,0.491102236607011,12651730000.0,0.06881787804875902
2015-03-08,-0.482020944197743,-14.509568930104304,43.36617378610337,42.62023217247099,0.06881787804875902,0.04407687971733374,0.08972237244325047,0.07196710214313834,2.8067142857142855,31.413640314850948,3.75456400144,0.48052350542079597,12785060000.0,-0.11642763680865349
2015-03-15,-0.47001350863825486,-14.398248877349445,39.960189622972685,25.26257600884468,-0.11642763680865349,0.06881787804875902,0.04407687971733374,0.08972237244325047,2.7808571428571427,31.235196920677534,3.7211927214112,0.47341468360502487,12720960000.0,0.11642763680865349
2015-03-22,-0.4302012613065962,-13.301614302407389,44.64242516804736,42.62023217247099,0.11642763680865349,-0.11642763680865349,0.06881787804875902,0.04407687971733374,2.775428571428571,31.135899841684818,3.688488866982976,0.4708850633475231,12867200000.0,0.1795759874085281
2015-03-29,-0.34927484232815553,-10.75389326005224,51.87620323635322,84.85041374920432,0.1795759874085281,0.11642763680865349,-0.11642763680865349,0.06881787804875902,2.7495714285714286,29.041184294617818,3.6564390896433165,0.49167898739412863,12997990000.0,-0.12111557861206408
2015-04-05,-0.3130017238427314,-9.68542480073389,47.26087243805083,61.51337247227657,-0.12111557861206408,0.1795759874085281,0.11642763680865349,-0.11642763680865349,2.7448571428571427,27.096091286627033,3.62503030785045,0.5028447740088338,12734630000.0,-0.009620243376990573
2015-04-12,-0.28332903301976176,-8.814048210480657,46.926545546494324,59.62165688193085,-0.009620243376990573,-0.12111557861206408,0.1795759874085281,0.11642763680865349,2.748285714285714,25.289933493492732,3.594249701693441,0.48257014729391706,12602110000.0,0.015873349156290163
2015-04-19,-0.25302331761122643,-7.901590941772513,47.58744114858119,62.75277234181343,0.015873349156290163,-0.009620243376990573,-0.12111557861206408,0.1795759874085281,2.7632857142857143,23.66082128464405,3.5640847076595725,0.46031513677292296,12801250000.0,0.0
2015-04-26,-0.22639606687677594,-7.0953626219484685,47.58744114858119,62.75277234181343,0.0,0.015873349156290163,-0.009620243376990573,-0.12111557861206408,2.7769285714285714,22.041662859285847,3.534523013506381,0.4396497698605713,13048560000.0,0.0
2015-05-03,-0.20295424858765632,-6.38183548255802,47.58744114858119,62.75277234181343,0.0,0.0,0.015873349156290163,-0.009620243376990573,2.8027857142857147,20.561868057513323,3.5055525532362535,0.4197462148705305,13281970000.0,-0.003286233650818758
2015-05-10,-0.18307300350543843,-5.775804305934445,47.43374755803353,62.10045662100455,-0.003286233650818758,0.0,0.0,0.015873349156290163,2.829285714285714,19.187772884438832,3.4771615021715285,0.39519291380834976,13216790000.0,-0.03824686228604899
2015-05-17,-0.17450424449794077,-5.537255614475691,45.62468807542565,52.62440354464892,-0.03824686228604899,-0.003286233650818758,0.0,0.0,2.8830714285714287,18.060789923108565,3.449338272128098,0.3778934199648963,13143040000.0,0.009530364850694062
2015-05-24,-0.16356855872855736,-5.21469898937601,46.16774560539348,44.87603305785123,0.009530364850694062,-0.03824686228604899,-0.003286233650818758,0.0,2.927285714285714,17.076561603095424,3.422071506685536,0.3584010328245465,13163120000.0,-0.0910847023772656
2015-05-31,-0.1736381090946697,-5.59407356425824,42.019584564316915,21.76121930567313,-0.0910847023772656,0.009530364850694062,-0.03824686228604899,-0.003286233650818758,2.9375,17.134551102722384,3.3953500765518254,0.3600152447656503,13116090000.0,-0.028605638835385545
2015-06-07,-0.18561125414966106,-6.049827567477555,40.850673908080935,15.3259949195597,-0.028605638835385545,-0.0910847023772656,0.009530364850694062,-0.03824686228604899,2.9340714285714284,17.18839849523313,3.369163075020789,0.35472844156810385,13030030000.0,0.01101207254918682
2015-06-14,-0.19056330507138242,-6.274871044044201,41.519190252779076,17.78154106689246,0.01101207254918682,-0.028605638835385545,-0.0910847023772656,0.009530364850694062,2.9191428571428575,17.484300192656164,3.3434998135203733,0.3443906957418107,13078690000.0,-0.007201092327017712
2015-06-21,-0.19378712496650463,-6.445153122932291,41.1907156074232,16.172734970364083,-0.007201092327017712,0.01101207254918682,-0.028605638835385545,-0.0910847023772656,2.9252857142857143,17.46882203202497,3.318349817249966,0.3360770746173957,13031600000.0,-0.022308617463991716
2015-06-28,-0.1987312901268825,-6.681309852772534,40.14657132605064,5.158371040724014,-0.022308617463991716,-0.007201092327017712,0.01101207254918682,-0.028605638835385545,2.9048571428571432,17.663170349950256,3.293702820904967,0.3230001407161532,12999550000.0,-0.0767743607790269
2015-07-05,-0.21549687490920766,-7.353642872200668,36.85106944474062,1.6351118760757044,-0.0767743607790269,-0.022308617463991716,-0.007201092327017712,0.01101207254918682,2.8307142857142855,18.296488418763285,3.2695487644868675,0.3169287020935708,12957240000.0,-0.1649182281740251
2015-07-12,-0.25505399261719264,-8.908748522844748,31.539032124065827,7.618283881315173,-0.1649182281740251,-0.0767743607790269,-0.022308617463991716,-0.007201092327017712,2.758571428571429,19.92240296026793,3.24587778919713,0.3282909376583158,12889980000.0,0.08175572128262895
2015-07-19,-0.2694186404782388,-9.57699323835577,36.24178069994564,21.41138732959101,0.08175572128262895,-0.1649182281740251,-0.0767743607790269,-0.022308617463991716,2.7007857142857143,21.249387588740117,3.1930026776292446,0.3347701563970075,12961240000.0,-0.11039369947015812
2015-07-26,-0.29587050258614367,-10.75839821998496,32.992306297290924,3.0473135525260657,-0.11039369947015812,0.08175572128262895,-0.1649182281740251,-0.0767743607790269,2.623214285714286,22.942509256160612,3.1422425705240746,0.3285722880829356,12916720000.0,0.25544000987636684
2015-08-02,-0.2676732948064551,-9.790354266219815,45.994747590914756,48.83720930232558,0.25544000987636684,-0.11039369947015812,0.08175572128262895,-0.1649182281740251,2.5864285714285713,22.259120045164742,3.0935128677031116,0.36088855321986874,13024000000.0,-0.03413300636945847
2015-08-09,-0.24931168421203864,-9.189987062596678,44.60712313001772,44.748078565328775,-0.03413300636945847,0.25544000987636684,-0.11039369947015812,0.08175572128262895,2.5435714285714286,21.624544349240008,3.046732352994987,0.365039370847021,12970360000.0,-0.08523043261863493
2015-08-16,-0.248039064125678,-9.26062109875705,41.43922583065909,28.346456692913403,-0.08523043261863493,-0.03413300636945847,0.25544000987636684,-0.11039369947015812,2.487142857142857,21.431064903567435,3.0018230588751877,0.38182227292937665,12860820000.0,-0.11190620996046047
2015-08-23,-0.26320109609077225,-10.011777444037923,37.9823749900657,15.456874466268133,-0.11190620996046047,-0.08523043261863493,-0.03413300636945847,0.25544000987636684,2.4218571428571427,21.855581900857032,2.9587101365201804,0.38447782486299265,12701360000.0,0.14515511691868044
2015-08-30,-0.2470323052247827,-9.478172302258905,44.5540517940968,44.07836153161174,0.14515511691868044,-0.11190620996046047,-0.08523043261863493,-0.03413300636945847,2.377,21.781978346505106,2.8909275283289695,0.3821579802299218,12790420000.0,-0.05893177837633538
2015-09-06,-0.24215895277735777,-9.402173949406786,42.499795697709736,33.64312267657992,-0.05893177837633538,0.14515511691868044,-0.11190620996046047,-0.08523043261863493,2.341,21.641024744677733,2.827211876629231,0.3813609816420703,12709230000.0,0.017194993790402492
2015-09-13,-0.2325498139336215,-9.119986611204917,43.304127903062756,40.81632653061225,0.017194993790402492,-0.05893177837633538,0.14515511691868044,-0.11190620996046047,2.313142857142857,21.510139257266598,2.7673191640314774,0.3649780543819224,12769730000.0,-0.009013129965751722
2015-09-20,-0.2239665876152115,-8.871225895930875,42.96348709365078,38.77551020408164,-0.009013129965751722,0.017194993790402492,-0.05893177837633538,0.14515511691868044,2.2817857142857143,21.498239845681713,2.7110200141895886,0.34497962192607073,12735190000.0,-0.012756437218488133
2015-09-27,-0.21692313009947517,-8.67975161776742,42.45991779169923,38.512035010940934,-0.012756437218488133,-0.009013129965751722,0.017194993790402492,-0.05893177837633538,2.2497857142857143,21.629765386797242,2.658098813338213,0.32983822035992283,12692920000.0,-0.026482383839799617
2015-10-04,-0.21347970178829145,-8.638026555087947,41.396211259269556,32.27571115973743,-0.026482383839799617,-0.012756437218488133,-0.009013129965751722,0.017194993790402492,2.217857142857143,21.86785705417506,2.6083528845379202,0.31649263319135695,12657690000.0,-0.03643739620243109
2015-10-11,-0.21441172004262565,-8.787250973137763,39.95880801118664,23.960612691466096,-0.03643739620243109,-0.026482383839799617,-0.012756437218488133,-0.009013129965751722,2.1940714285714287,22.35200439711893,2.561591711465645,0.30274315939197427,12611130000.0,-0.0383226790066782
2015-10-18,-0.2188409455120599,-9.098323344862939,38.5001862970012,15.536105032822773,-0.0383226790066782,-0.03643739620243109,-0.026482383839799617,-0.012756437218488133,2.190642857142857,23.057438825758613,2.517636208777706,0.2920472194354047,12567490000.0,-0.13389385592908185
2015-10-25,-0.23952092620165022,-10.171504911439586,34.18890594482747,0.0,-0.13389385592908185,-0.0383226790066782,-0.03643739620243109,-0.026482383839799617,2.157285714285714,24.274657048166002,2.476318036251044,0.2888295609043044,12484170000.0,0.0694568009779911
2015-11-01,-0.24310186917837617,-10.49082636990546,37.94575988668821,26.033057851239686,0.0694568009779911,-0.13389385592908185,-0.0383226790066782,-0.03643739620243109,2.149142857142857,25.843794732317892,2.4161325933509605,0.2906988779825684,12558510000.0,-0.04765444570550466
2015-11-08,-0.249997458471499,-10.983354148813257,36.39402769129868,19.861231569817875,-0.04765444570550466,0.0694568009779911,-0.13389385592908185,-0.0383226790066782,2.0940714285714286,26.217889005716785,2.3278193340158646,0.2930775295552421,12459240000.0,-0.03288441677850767
2015-11-15,-0.2570980203567492,-11.509234067210334,35.361861283504126,14.917606244579373,-0.03288441677850767,-0.04765444570550466,0.0694568009779911,-0.13389385592908185,2.041,26.66752078888374,2.248337400614278,0.27957199172986763,12432580000.0,-0.051756436039982125
2015-11-22,-0.2665916455334352,-12.182605382177092,33.80411251354431,10.141509433962275,-0.051756436039982125,-0.03288441677850767,-0.04765444570550466,0.0694568009779911,1.9960714285714285,27.317327768602972,2.1768036605528502,0.27045970660630564,12387770000.0,-0.05458207480582102
2015-11-29,-0.2778519883865833,-12.985212761762845,32.27306995315959,0.0,-0.05458207480582102,-0.051756436039982125,-0.03288441677850767,-0.04765444570550466,1.962,28.0990125094668,2.112423294497565,0.25728401327728384,12352140000.0,-0.044007100728832294
2015-12-06,-0.28877274716455825,-13.817386438906459,31.10859981273073,21.342512908777977,-0.044007100728832294,-0.05458207480582102,-0.051756436039982125,-0.03288441677850767,1.9007857142857143,29.547939100945968,2.0544809650478086,0.2654780123289064,12301790000.0,-0.04033926624430148
2015-12-13,-0.29866482031351804,-14.644134131702135,30.081400155776223,16.903914590747327,-0.04033926624430148,-0.044007100728832294,-0.05458207480582102,-0.051756436039982125,1.8449285714285715,30.89337093589091,1.9542232492420717,0.2608010114482702,12258470000.0,-0.020072358489388088
2015-12-20,-0.30524505061183693,-15.333494172630793,29.57371437849828,15.326395458845786,-0.020072358489388088,-0.04033926624430148,-0.044007100728832294,-0.05458207480582102,1.784357142857143,32.26572293574527,1.8659964593330232,0.2523152249162509,12234640000.0,0.04737541953636956
2015-12-27,-0.3015771962801852,-15.461476164644711,32.50896049418604,21.665089877010402,0.04737541953636956,-0.020072358489388088,-0.04033926624430148,-0.044007100728832294,1.73,32.98863678876958,1.7883568842130604,0.24179270885080442,12262500000.0,-0.13353139262452263
2016-01-03,-0.3097054905071799,-16.301344443896042,28.99338003394564,4.664723032069952,-0.13353139262452263,0.04737541953636956,-0.020072358489388088,-0.04033926624430148,1.6647142857142858,33.9642432686254,1.720034058107493,0.239521801075747,12222840000.0,-0.30600197947379515
2016-01-10,-0.3391882795396437,-18.552554656557476,23.864730049926465,2.261712439418419,-0.30600197947379515,-0.13353139262452263,0.04737541953636956,-0.020072358489388088,1.5796428571428571,35.5728571026315,1.659909971134594,0.24827024385605082,12169420000.0,0.2673809286339278
2016-01-17,-0.33560712246206226,-18.821275430646885,34.54223190146293,28.34710743801654,0.2673809286339278,-0.30600197947379515,-0.13353139262452263,0.04737541953636956,1.5204285714285715,37.11660119596936,1.5542225751757508,0.25503665500919004,12262570000.0,-0.040172765883554236
2016-01-24,-0.33280584985185424,-19.15116692635579,33.68830094230812,25.170648464163822,-0.040172765883554236,0.2673809286339278,-0.30600197947379515,-0.13353139262452263,1.4632857142857143,37.88701901184229,1.4457069631476307,0.25110546536567646,12197320000.0,-0.06710372134711624
2016-01-31,-0.33288113940394903,-19.695127009148603,32.32567394276329,18.686006825938563,-0.06710372134711624,-0.040172765883554236,0.2673809286339278,-0.30600197947379515,1.4183571428571429,38.72659697539069,1.3545538490440099,0.24474078926812817,12122250000.0,-0.025903390948847874
2016-02-07,-0.3313802279202176,-20.156833996444508,31.815098090560312,16.296928327645045,-0.025903390948847874,-0.06710372134711624,-0.040172765883554236,0.2673809286339278,1.3625714285714285,39.52874361020287,1.2779852331969683,0.23268787574897615,12092390000.0,0.025903390948847894
2016-02-14,-0.32419426903216353,-20.219908042421277,32.95550667874694,23.960612691466082,0.025903390948847894,-0.025903390948847874,-0.06710372134711624,-0.040172765883554236,1.3149285714285717,40.29517117440558,1.2136675958854535,0.2214958846240493,12132920000.0,-0.017503901528871435
2016-02-21,-0.31638539219357775,-20.225629389516516,32.557578577570965,22.83105022831051,-0.017503901528871435,0.025903390948847894,-0.025903390948847874,-0.06710372134711624,1.2699999999999998,41.14734826449479,1.159640780543781,0.21517475000804578,12099540000.0,0.0
2016-02-28,-0.3066617947594312,-20.068034908292482,32.557578577570965,26.917900403768517,0.0,-0.017503901528871435,0.025903390948847894,-0.025903390948847874,1.2312142857142856,41.866032964575744,0.876,0.20794798215032825,12149980000.0,0.06040592307308083
2016-03-06,-0.2902041409889813,-19.35230965215564,35.73128535396884,37.34265734265735,0.06040592307308083,0.0,-0.017503901528871435,0.025903390948847894,1.203357142857143,42.37183113878249,0.88114,0.1991659834253048,12224430000.0,-0.06880541249305738
2016-03-13,-0.28006547617180266,-19.08399996945687,33.788917863653154,29.4753086419753,-0.06880541249305738,0.06040592307308083,0.0,-0.017503901528871435,1.1747857142857143,42.929006241539525,0.8919744000000001,0.19243984175206874,12154500000.0,0.06001800972625295
2016-03-20,-0.263665491187725,-18.27507691826165,36.99217832592206,42.131147540983605,0.06001800972625295,-0.06880541249305738,0.06040592307308083,0.0,1.1550714285714285,43.18525923942671,0.902375424,0.18683699591263528,12236440000.0,-0.174059226236641
2016-03-27,-0.26225051159976975,-18.6468386261313,32.36742064858228,12.459016393442617,-0.174059226236641,0.06001800972625295,-0.06880541249305738,0.06040592307308083,1.1244285714285716,43.76516189223877,0.91849289856,0.18642006763316132,12194490000.0,0.07777770104268424
2016-04-03,-0.2520108493972433,-18.28217334631658,36.03131811577871,25.88832487309643,0.07777770104268424,-0.174059226236641,0.06001800972625295,-0.06880541249305738,1.0945,44.30364292699283,0.9336433246464001,0.1792472056593641,12253450000.0,-0.028587456851912506
2016-04-10,-0.2434297938323322,-18.026257305098653,35.25664183172903,27.678571428571427,-0.028587456851912506,0.07777770104268424,-0.174059226236641,0.06001800972625295,1.0754285714285714,44.697856312664065,1.171,0.1739438338265524,12191580000.0,0.02955880224154443
2016-04-17,-0.23153945350275995,-17.452505369469936,36.77112178014269,34.375,0.02955880224154443,-0.028587456851912506,0.07777770104268424,-0.174059226236641,1.0823571428571428,45.06391159935878,1.1664400000000001,0.16723355998179867,12209320000.0,-0.03960913809504583
2016-04-24,-0.22277591673739416,-17.113654479056095,35.57616857106858,12.335958005249353,-0.03960913809504583,0.02955880224154443,-0.028587456851912506,0.07777770104268424,1.066,45.051306161579895,1.1619712000000002,0.1610025914116702,12156630000.0,0.058840500022933395
2016-05-01,-0.20858481623190928,-16.256368598288425,38.78943229165673,37.41258741258743,0.058840500022933395,-0.03960913809504583,0.02955880224154443,-0.028587456851912506,1.0573571428571429,45.03960111221379,1.1575917760000003,0.15378812059655092,12194740000.0,0.20585205420414882
2016-05-08,-0.1759440985568781,-13.707002371539156,49.61489900691008,97.19887955182072,0.20585205420414882,0.058840500022933395,-0.03960913809504583,0.02955880224154443,1.0712857142857142,42.529627029784315,0.943,0.1606603976967973,12374190000.0,-0.09763846956391606
2016-05-15,-0.15793847532365568,-12.385465814752164,45.300884592512304,55.773955773955755,-0.09763846956391606,0.20585205420414882,0.058840500022933395,-0.03960913809504583,1.0786428571428572,39.810834989587065,0.95014,0.16989894071845463,12168790000.0,0.15780699103036885
2016-05-22,-0.12607722093496387,-9.832768659407492,52.68504826791237,75.30864197530866,0.15780699103036885,-0.09763846956391606,0.20585205420414882,0.058840500022933395,1.0982857142857143,37.73442658401323,0.9661344,0.1834775878099936,12391340000.0,-0.022141125877213518
2016-05-29,-0.10207108463687242,-7.934042923644046,51.56066223867866,70.01763668430335,-0.022141125877213518,0.15780699103036885,-0.09763846956391606,0.20585205420414882,1.1171428571428572,35.80633306455181,0.998766336,0.18322918868070834,12317920000.0,0.0074349784875179905
2016-06-05,-0.08130193415105325,-6.296621623173805,51.92893974026284,71.78130511463847,0.0074349784875179905,-0.022141125877213518,0.15780699103036885,-0.09763846956391606,1.1367142857142858,34.45449791658946,1.02944035584,0.177998532346372,12376280000.0,0.1186057424078468
2016-06-12,-0.05054203637269272,-3.8636343737885506,57.802451194923194,92.02551834130782,0.1186057424078468,0.0074349784875179905,-0.022141125877213518,0.15780699103036885,1.1636428571428572,33.9171993998011,1.0582739344896,0.180998637178774,12433560000.0,0.27443684570176036
2016-06-19,0.012424174551922462,0.9139482605841902,69.23317631290769,89.0480202190396,0.27443684570176036,0.1186057424078468,0.0074349784875179905,-0.022141125877213518,1.2302857142857142,35.293960802398296,1.099212019730432,0.21164159166600444,12651690000.0,-0.12216763397420753
2016-06-26,0.04326751160622866,3.113194025558702,60.74235906091871,69.6714406065712,-0.12216763397420753,0.27443684570176036,0.1186057424078468,0.0074349784875179905,1.2757857142857143,36.57238210480998,1.2022908177573888,0.22223862083271845,12521810000.0,-0.10097591734000222
2016-07-03,0.053378188653263825,3.798130694044365,55.340037232218585,55.349620893007604,-0.10097591734000222,-0.12216763397420753,0.27443684570176036,0.1186057424078468,1.3220714285714286,37.44313614351331,1.2950617359816499,0.2206501479160957,12514410000.0,-0.012578782206860073
2016-07-10,0.05909591923252755,4.166627803823619,54.72340297034598,53.664700926706,-0.012578782206860073,-0.10097591734000222,-0.12216763397420753,0.27443684570176036,1.3614285714285714,36.82033589612048,1.3785555623834849,0.22774656592208883,12418060000.0,-0.15732025458853735
2016-07-17,0.044554586561209364,3.152622121467905,48.08746105515841,33.33333333333335,-0.15732025458853735,-0.012578782206860073,-0.10097591734000222,-0.12216763397420753,1.3864285714285713,35.56262658678941,2.13,0.23505038264193964,12352380000.0,-0.03007745523727795
2016-07-24,0.029463176786687084,2.096118589791968,47.01957475365172,28.0701754385965,-0.03007745523727795,-0.15732025458853735,-0.012578782206860073,-0.10097591734000222,1.4064285714285716,34.39475365669628,2.1132,0.23540392673894392,12282460000.0,-0.05491575759611477
2016-07-31,0.011719614407369905,0.8411170809415688,45.13076342002333,21.92982456140351,-0.05491575759611477,-0.03007745523727795,-0.15732025458853735,-0.012578782206860073,1.4242857142857144,32.064405030471306,2.096736,0.23430364625759076,12196350000.0,-0.09289374689269633
2016-08-07,-0.01109052266368904,-0.8072688308157159,42.25801060265767,7.407407407407394,-0.09289374689269633,-0.05491575759611477,-0.03007745523727795,-0.15732025458853735,1.43,29.999597598099477,2.05646656,0.22828195723919142,12151610000.0,-0.07342746855481708
2016-08-14,-0.03521709133572992,-2.6089729153387147,40.25128798240674,3.571428571428575,-0.07342746855481708,-0.09289374689269633,-0.05491575759611477,-0.03007745523727795,1.412857142857143,28.247410515659084,2.0178078976,0.22197610315067776,12079750000.0,0.09962984094884114
2016-08-21,-0.04494341047951478,-3.3645756353367258,44.17666570182178,13.392857142857137,0.09962984094884114,-0.07342746855481708,-0.09289374689269633,-0.05491575759611477,1.4121428571428571,26.454510068751357,1.957339423744,0.2154063814970579,12122090000.0,-0.03509131981126994
2016-08-28,-0.05524245356391,-4.185673137385287,43.068599658622595,9.821428571428582,-0.03509131981126994,0.09962984094884114,-0.07342746855481708,-0.09289374689269633,1.3942857142857144,25.001686570552465,1.90049905831936,0.21073449710441092,12094610000.0,0.0
2016-09-04,-0.06268196078314947,-4.80322031188149,43.068599658622595,9.821428571428582,0.0,-0.03509131981126994,0.09962984094884114,-0.07342746855481708,1.3785714285714286,23.652636179367782,1.8470691148201983,0.20282489016838154,12143690000.0,-0.07410797215372196
2016-09-11,-0.07417807657277398,-5.770955189294412,40.700645081680065,2.678571428571431,-0.07410797215372196,0.0,-0.03509131981126994,0.09962984094884114,1.3564285714285713,22.51704017386086,1.7968449679309864,0.19476596944206856,12120340000.0,0.028437935320533625
2016-09-18,-0.07994650829885863,-6.297897378150531,41.988719685688984,5.357142857142862,0.028437935320533625,-0.07410797215372196,0.0,-0.03509131981126994,1.3242857142857143,21.390867582614217,1.7496342698551273,0.1872826859104922,12146650000.0,-0.038099846232270404
2016-09-25,-0.08674574673611746,-6.93033785884489,40.71870589838905,2.020202020202022,-0.038099846232270404,0.028437935320533625,-0.07410797215372196,0.0,1.2550000000000001,20.411284924844782,1.7052562136638196,0.17819106548831418,12100580000.0,0.0
2016-10-02,-0.09108422987942721,-7.373685869146157,40.718705898389054,2.531645569620255,0.0,-0.038099846232270404,0.028437935320533625,-0.07410797215372196,1.2021428571428572,19.639778194437607,1.6635408408439905,0.16903456081057744,12144510000.0,-0.009756174945364685
2016-10-09,-0.09424305023524604,-7.729178091740319,40.364719061576444,5.405405405405411,-0.009756174945364685,0.0,-0.038099846232270404,0.028437935320533625,1.1607142857142858,19.134653378786176,1.624328390393351,0.16196066360982192,12087380000.0,-0.04000533461369925
2016-10-16,-0.09883479780478788,-8.225346690620059,38.907673658441674,4.477611940298511,-0.04000533461369925,-0.009756174945364685,0.0,-0.038099846232270404,1.117857142857143,18.878197984064176,1.572782119161883,0.15539204478054897,12007590000.0,0.02020270731751947
2016-10-23,-0.09971055675181018,-8.40265216826582,40.072475837229895,8.33333333333334,0.02020270731751947,-0.04000533461369925,-0.009756174945364685,0.0,1.092857142857143,18.64006083182232,1.5105039072456947,0.14643547015336691,12055340000.0,-0.08338160893905101
2016-10-30,-0.10564215641968455,-9.053204253291272,37.03105659136856,14.285714285714297,-0.08338160893905101,0.02020270731751947,-0.04000533461369925,-0.009756174945364685,1.0650000000000002,19.241653000195214,1.4544535165211252,0.1459757937138407,11995850000.0,-0.06744128079553265
2016-11-06,-0.11387184668460382,-9.952354701618033,34.89209443872606,0.0,-0.06744128079553265,-0.08338160893905101,0.02020270731751947,-0.04000533461369925,1.037857142857143,19.800274299398616,1.38311909453859,0.13983466559142352,11960250000.0,-0.20585205420414873
2016-11-13,-0.13178545761370497,-11.859012161908922,29.927724772752,5.882352941176455,-0.20585205420414873,-0.06744128079553265,-0.08338160893905101,0.02020270731751947,1.0071428571428571,21.362405515215013,1.3203448031939593,0.14341790376346467,11913210000.0,0.02817087696669644
2016-11-20,-0.14272306779902666,-13.187191132141265,31.244582016326646,11.53846153846153,0.02817087696669644,-0.20585205420414873,-0.06744128079553265,-0.08338160893905101,0.9835714285714287,22.85972124145207,1.229296530746805,0.13888805349464575,11976810000.0,-0.013986241974739952
2016-11-27,-0.1504636675989337,-14.265895742173784,30.93157847678694,9.999999999999988,-0.013986241974739952,0.02817087696669644,-0.20585205420414873,-0.06744128079553265,0.9514285714285714,24.250085844386486,1.1382090858273162,0.1332531925307425,11945070000.0,0.179971379449001
2016-12-04,-0.1436454632530042,-13.818105889406581,39.99468289779597,38.77551020408163,0.179971379449001,-0.013986241974739952,0.02817087696669644,-0.20585205420414873,0.9321428571428572,23.69905349592972,1.0616956320949456,0.13802082163568946,11997520000.0,0.05715841383994862
2016-12-11,-0.13267797593635855,-12.891262335996476,42.87758986719074,51.063829787234056,0.05715841383994862,0.179971379449001,-0.013986241974739952,0.02817087696669644,0.9164285714285715,22.82196487862288,0.9974243309597542,0.13530504866171164,12042980000.0,-0.05715841383994864
2016-12-18,-0.1265618194810224,-12.457683029149567,40.76824499057935,40.42553191489361,-0.05715841383994864,0.05715841383994862,0.179971379449001,-0.013986241974739952,0.9028571428571429,22.007525448266527,0.95,0.12992611661444653,11993380000.0,0.023256862164267183
2016-12-25,-0.11873221747777019,-11.812694210142734,41.997407503380835,48.83720930232557,0.023256862164267183,-0.05715841383994864,0.05715841383994862,0.179971379449001,0.8885714285714286,21.251260262935627,0.66,0.12493139399912892,12011800000.0,0.02272825107755609
2017-01-01,-0.1096493986150765,-11.002389345025387,43.26531633494876,57.5,0.02272825107755609,0.023256862164267183,-0.05715841383994864,0.05715841383994862,0.8785714285714287,20.798921276376056,0.665,0.12100772299919114,12036680000.0,-0.022728251077556175
2017-01-08,-0.10287910578971737,-10.421105421022986,42.27023189482073,53.84615384615383,-0.022728251077556175,0.02272825107755609,0.023256862164267183,-0.05715841383994864,0.8671428571428571,20.15254159249516,0.6699,0.11736431421353465,11972960000.0,0.0
2017-01-15,-0.09640233385201757,-9.851691351593725,42.27023189482073,58.33333333333333,0.0,-0.022728251077556175,0.02272825107755609,0.023256862164267183,0.8564285714285714,19.905731423684227,0.6799040000000001,0.1154097203411393,12044960000.0,-0.07145896398214487
2017-01-22,-0.09501566257487926,-9.835463186574108,39.138297852186625,42.85714285714287,-0.07145896398214487,0.0,-0.022728251077556175,0.02272825107755609,0.8442857142857143,19.850910686619716,0.6895078400000001,0.11288045460248651,11984450000.0,-0.06371581438610774
2017-01-29,-0.09683504362470119,-10.184707659429328,36.698100244583436,34.48275862068966,-0.06371581438610774,-0.07145896398214487,0.0,-0.022728251077556175,0.8271428571428572,20.06105390547455,0.6987275264000001,0.10910327927373749,11933600000.0,0.05129329438755048
2017-02-05,-0.09396606816658781,-10.000442401637825,39.92504258186431,48.27586206896554,0.05129329438755048,-0.06371581438610774,-0.07145896398214487,0.0,0.8185714285714285,20.592272726223705,0.7075784253440002,0.10988161646847051,11974960000.0,-0.012578782206860073
2017-02-12,-0.09144517778582562,-9.84831568842343,39.38450665725668,44.82758620689656,-0.012578782206860073,0.05129329438755048,-0.06371581438610774,-0.07145896398214487,0.8135714285714286,21.08554734549077,0.7160752883302401,0.10703292957786546,11954780000.0,-0.051959738930711104
2017-02-19,-0.09161889412242707,-10.009588328546352,37.21414600698615,31.034482758620687,-0.051959738930711104,-0.012578782206860073,0.05129329438755048,-0.06371581438610774,0.8171428571428573,21.720354139877703,0.72,0.10581629175087508,11922530000.0,-0.08338160893905114
2017-02-26,-0.09549723149016409,-10.627079651287508,34.1721750589129,10.34482758620687,-0.08338160893905114,-0.051959738930711104,-0.012578782206860073,0.05129329438755048,0.8150000000000001,22.879991355189194,0.92,0.10468655662581258,11883780000.0,0.0425596144187959
2017-03-05,-0.09505436496642339,-10.735870836499299,36.947439799273674,20.68965517241378,0.0425596144187959,-0.08338160893905114,-0.051959738930711104,-0.012578782206860073,0.8157142857142857,23.46428282915801,0.9148000000000001,0.10363751686682596,11926890000.0,-0.013986241974739952
2017-03-12,-0.09442186994108326,-10.823250199915613,36.39660768958385,17.241379310344808,-0.013986241974739952,0.0425596144187959,-0.08338160893905114,-0.051959738930711104,0.8057142857142857,24.006839197843338,0.9097040000000001,0.1012348370906241,11884930000.0,0.04138521616285428
2017-03-19,-0.0904571303065167,-10.486674582338349,39.319353430061334,30.769230769230756,0.04138521616285428,-0.013986241974739952,0.0425596144187959,-0.08338160893905114,0.7942857142857144,24.510641540193998,0.9047099200000001,0.09686092015557952,11911660000.0,-0.041385216162854364
2017-03-26,-0.08871316472038604,-10.42105033200663,37.46529019999951,19.2307692307692,-0.041385216162854364,0.04138521616285428,-0.013986241974739952,0.0425596144187959,0.7842857142857141,24.978458000948184,0.8998157216,0.0920851401444667,11872850000.0,0.05480823649499516
2017-04-02,-0.0831449504894245,-9.853804012350295,41.4309014086588,34.6153846153846,0.05480823649499516,-0.041385216162854364,0.04138521616285428,-0.013986241974739952,0.7757142857142857,25.011292210235204,0.895019407168,0.08907905870557623,11902890000.0,0.051959738930711166
2017-04-09,-0.07464398548807949,-8.888292198061714,45.175040689808235,50.0,0.051959738930711166,0.05480823649499516,-0.041385216162854364,0.04138521616285428,0.7685714285714286,24.461155664950777,0.89031901902464,0.08771626879803507,11948190000.0,0.20526312603636124
2017-04-16,-0.05277406720511035,-6.212766226816454,58.142478231662686,100.0,0.20526312603636124,0.051959738930711166,0.05480823649499516,-0.041385216162854364,0.7757142857142857,23.95061628437343,0.66,0.09573653531246114,12045280000.0,-0.09737416402517636
2017-04-23,-0.04221758915201357,-4.956809925169784,51.57404580811923,54.999999999999986,-0.09737416402517636,0.20526312603636124,0.051959738930711166,0.05480823649499516,0.7764285714285714,24.286456196224844,0.6662,0.10389821136157106,11905250000.0,0.10763066419236536
2017-04-30,-0.02548852413432212,-2.9596112176620113,57.34070218834417,79.99999999999999,0.10763066419236536,-0.09737416402517636,0.20526312603636124,0.051959738930711166,0.7885714285714286,24.598307542944013,0.681952,0.10504833912145885,11958700000.0,0.1512309697239235
2017-05-07,0.0006722934622659382,0.07623560098245748,64.60359602303441,79.99999999999999,0.1512309697239235,0.10763066419236536,-0.09737416402517636,0.20526312603636124,0.8157142857142857,26.574784279561573,0.69707392,0.11968774346992607,12098950000.0,0.05129329438755048
2017-05-14,0.025947323847487214,2.8657504527664086,66.88075019684231,89.99999999999999,0.05129329438755048,0.1512309697239235,0.10763066419236536,-0.09737416402517636,0.8442857142857143,28.410084106420737,0.7308494848,0.12185290465064562,12208270000.0,-0.025317807984289897
2017-05-21,0.043060839689498365,4.655092701423714,64.64151602367473,84.99999999999999,-0.025317807984289897,0.05129329438755048,0.1512309697239235,0.10763066419236536,0.8714285714285713,30.333015054097817,0.762598515712,0.1195776971755995,12159090000.0,0.02531780798429
2017-05-28,0.05837130549518221,6.174277728280989,65.87204905125428,89.99999999999999,0.02531780798429,-0.025317807984289897,0.05129329438755048,0.1512309697239235,0.9035714285714285,32.1620803994583,0.79244260476928,0.11817929023448526,12221830000.0,0.23638877806423053
2017-06-04,0.09522855015211196,9.63892480939152,75.61893233310214,100.0,0.23638877806423053,0.02531780798429,-0.025317807984289897,0.05129329438755048,0.9628571428571427,34.72978597688532,0.8204960484831232,0.13259505521773632,12345450000.0,0.20186615286692497
2017-06-11,0.1501425902662068,14.264598607777875,81.6240234516502,89.31297709923665,0.20186615286692497,0.23638877806423053,0.02531780798429,-0.025317807984289897,1.0442857142857143,37.92156021087913,0.8764563646044733,0.15740969413075515,12626310000.0,-0.26290204345329415
2017-06-18,0.157153389896723,14.544332879153036,61.120517579575306,55.81395348837209,-0.26290204345329415,0.20186615286692497,0.23638877806423053,0.02531780798429,1.0957142857142856,39.519443937103226,0.9888107281440259,0.18330900169284406,12399090000.0,0.0
2017-06-25,0.16085525980784854,14.538606426688517,61.12051757957531,55.81395348837209,0.0,-0.26290204345329415,0.20186615286692497,0.23638877806423053,1.145,40.916245507968476,1.0899296553296234,0.18092978728621234,12508300000.0,0.0
2017-07-02,0.1619224768629144,14.324718090549176,61.12051757957531,55.81395348837209,0.0,0.0,-0.26290204345329415,0.20186615286692497,1.1964285714285714,41.197832098157356,1.180936689796661,0.18229194533719717,12614250000.0,-0.028370697129215576
2017-07-09,0.1577224619987876,13.719734269899591,59.387314696811686,52.34375,-0.028370697129215576,0.0,0.0,-0.26290204345329415,1.2421428571428572,41.52148612642818,1.25,0.1771282349559688,12578130000.0,0.06947237281476738
2017-07-16,0.16061165306536873,13.671200337514216,62.26800665756745,58.53658536585366,0.06947237281476738,-0.028370697129215576,0.0,0.0,1.292142857142857,42.068862209550275,1.25,0.1794762181733996,12647320000.0,0.0
2017-07-23,0.16104493207120418,13.440971824611669,62.26800665756745,55.652173913043484,0.0,0.06947237281476738,-0.028370697129215576,0.0,1.3292857142857142,43.15301913632935,1.325,0.19022791687529964,12799350000.0,0.0
2017-07-30,0.1595491257986117,13.080136597788123,62.26800665756745,55.263157894736835,0.0,0.0,0.06947237281476738,-0.028370697129215576,1.3728571428571428,43.73987461618119,2.0,0.1852116370984925,12956400000.0,-0.0694723728147674
2017-08-06,0.14858176617423147,12.056386294487705,57.20055721700961,41.9047619047619,-0.0694723728147674,0.0,0.0,0.06947237281476738,1.4021428571428571,44.33986016322585,1.9878,0.18269652016288587,12906230000.0,-0.03663413317978027
2017-08-13,0.13430726201069465,10.828072969352446,54.79921801940228,30.52631578947369,-0.03663413317978027,-0.0694723728147674,0.0,0.0,1.4164285714285714,44.0425817506792,1.963488,0.1796467687226797,12867760000.0,-0.015037877364540559
2017-08-20,0.11999752499355676,9.628604889848088,53.82582413504611,19.04761904761906,-0.015037877364540559,-0.03663413317978027,-0.0694723728147674,0.0,1.425,43.83769256688806,1.92247872,0.17752914238534542,12839570000.0,-0.01526747213078842
2017-08-27,0.10582325781496071,8.46422567938735,52.81550090537443,16.66666666666668,-0.01526747213078842,-0.015037877364540559,-0.03663413317978027,-0.0694723728147674,1.4342857142857144,43.132627547260554,1.8839299968,0.1712770607863922,12805710000.0,-0.031252543504104426
2017-09-03,0.09032121648910962,7.220127395138879,50.76323504555826,6.329113924050638,-0.031252543504104426,-0.01526747213078842,-0.015037877364540559,-0.03663413317978027,1.4385714285714284,42.56280937555237,1.831615597056,0.16475727073022134,12785430000.0,0.05406722127027579
2017-09-10,0.0827304864874987,6.582530944493757,54.122863511303855,12.987012987012998,0.05406722127027579,-0.031252543504104426,-0.01526747213078842,-0.015037877364540559,1.425,42.28820283531216,1.78348634929152,0.16227460853520553,12812820000.0,-0.07816477284933639
2017-09-17,0.06786332780831628,5.408159478206133,48.98104833953373,10.666666666666677,-0.07816477284933639,0.05406722127027579,-0.031252543504104426,-0.01526747213078842,1.3800000000000001,40.9846339803804,1.7392074413481984,0.1642549936398337,12772660000.0,0.10047053036363453
2017-09-24,0.0658122681273805,5.212347462485776,54.97018099330184,33.87096774193551,0.10047053036363453,-0.07816477284933639,0.05406722127027579,-0.031252543504104426,1.375,39.87531723494591,1.6802866972133785,0.1618082083798456,12830240000.0,-0.022305757514298277
2017-10-01,0.06106215278616456,4.817096025792888,53.41194448030823,29.032258064516146,-0.022305757514298277,0.10047053036363453,-0.07816477284933639,0.05406722127027579,1.3678571428571427,39.00088521535692,1.6272580274920407,0.1545361934955709,12785720000.0,0.13353139262452257
2017-10-08,0.0718013826152839,5.5819714565263885,60.959970323492584,59.67741935483872,0.13353139262452257,-0.022305757514298277,0.10047053036363453,-0.07816477284933639,1.3742857142857143,38.80939510343122,1.5795322247428367,0.15706932253160155,12839570000.0,-0.03344793406754013
2017-10-15,0.07540845575644273,5.801027812673503,58.283835410181936,51.612903225806456,-0.03344793406754013,0.13353139262452257,-0.022305757514298277,0.10047053036363453,1.3800000000000001,39.18743194196569,1.15,0.16727865663648714,12778050000.0,-0.041672696400568074
2017-10-22,0.07258882980428583,5.549308403389267,55.154786209493025,41.93548387096774,-0.041672696400568074,-0.03344793406754013,0.13353139262452257,-0.022305757514298277,1.3742857142857143,39.538466149176266,1.1602,0.1674730383053095,12719850000.0,0.027973852042406162
2017-10-29,0.07274338121152124,5.516783605145978,56.81915229300484,58.82352941176471,0.027973852042406162,-0.041672696400568074,-0.03344793406754013,0.13353139262452257,1.3714285714285714,39.66016339925882,1.1701959999999998,0.16551067842635878,12780310000.0,-0.02797385204240618
2017-11-05,0.0688446009042385,5.194427986063248,54.635457077939876,50.98039215686274,-0.02797385204240618,0.027973852042406162,-0.041672696400568074,-0.03344793406754013,1.3657142857142859,39.98603340241511,1.1799920799999999,0.16225991568161888,12727360000.0,-0.04348511193973866
2017-11-12,0.06021912230560633,4.537372872671532,51.44179245344682,39.215686274509835,-0.04348511193973866,-0.02797385204240618,0.027973852042406162,-0.041672696400568074,1.362857142857143,39.460702357607424,1.1895922384,0.15924135027578895,12685020000.0,-0.03007745523727795
2017-11-19,0.04958412770775378,3.739636300899095,49.36988539286179,31.37254901960787,-0.03007745523727795,-0.04348511193973866,-0.02797385204240618,0.027973852042406162,1.3607142857142858,38.77224809194514,1.199000393632,0.15143839668466116,12623160000.0,0.037457562534900415
2017-11-26,0.04467540968712602,3.3630153811555785,51.97380205396529,41.176470588235325,0.037457562534900415,-0.03007745523727795,-0.04348511193973866,-0.02797385204240618,1.3635714285714287,38.29879446749091,1.2082203857593599,0.1463356540643282,12734200000.0,0.057158413839948415
2017-12-03,0.046702192893903094,3.493849518388445,55.88334023592768,56.86274509803922,0.057158413839948415,0.037457562534900415,-0.03007745523727795,-0.04348511193973866,1.3735714285714287,39.002612929837085,1.2172559780441727,0.15945453591687617,12919290000.0,-0.02105340919783238
2017-12-10,0.04536474733916873,3.380063311195126,54.10466001431341,50.98039215686274,-0.02105340919783238,0.057158413839948415,0.037457562534900415,-0.03007745523727795,1.3842857142857146,39.656158644872825,1.2261108584832894,0.15663635477995647,12824900000.0,0.04167269640056808
2017-12-17,0.048586238743987264,3.5947223352047217,57.049098476642,62.7450980392157,0.04167269640056808,-0.02105340919783238,0.057158413839948415,0.037457562534900415,1.3942857142857144,40.04489099227857,1.2347886413136235,0.15401947229567384,13385710000.0,-0.006825965070399871
2017-12-24,0.04975878911820142,3.659733117597616,56.39965143375477,52.38095238095238,-0.006825965070399871,0.04167269640056808,-0.02105340919783238,0.057158413839948415,1.4107142857142858,40.448905043356284,1.243292868487351,0.14658950998884,13078990000.0,0.15219181534192533
2017-12-31,0.0692557013587598,5.000983698777937,66.31181564059523,70.90909090909089,0.15219181534192533,-0.006825965070399871,0.04167269640056808,-0.02105340919783238,1.435,42.004297157473225,1.251627011117604,0.16611883070392283,13591790000.0,0.21605969642580475
2018-01-07,0.11644837389641971,8.094804228362142,76.24665100828348,78.4313725490196,0.21605969642580475,0.15219181534192533,-0.006825965070399871,0.04167269640056808,1.4907142857142859,44.24167642289846,1.2759619306728998,0.2028246285107855,14463300000.0,0.16960278438617996
2018-01-14,0.18320675410231924,12.075459864349696,81.75763982206117,79.86577181208055,0.16960278438617996,0.21605969642580475,0.15219181534192533,-0.006825965070399871,1.5607142857142855,46.77730396453027,1.3392042148325258,0.25190858361715796,15304790000.0,-0.19845093872383832
2018-01-21,0.19752506618269838,12.689109107852117,63.46188807261994,49.66442953020133,-0.19845093872383832,0.16960278438617996,0.21605969642580475,0.15219181534192533,1.602142857142857,48.721023038931285,1.4560678776459237,0.28034368478736094,11204790000.0,0.11940773138338547
2018-01-28,0.22723285979344898,14.092361760291727,67.92767388663759,67.11409395973155,0.11940773138338547,-0.19845093872383832,0.16960278438617996,0.21605969642580475,1.6664285714285714,50.52590503658938,1.56358244743425,0.29031913587397806,11569150000.0,-0.07644169549994201
2018-02-04,0.23435739484696083,14.190306947296936,62.54492498829946,55.70469798657719,-0.07644169549994201,0.11940773138338547,-0.19845093872383832,0.16960278438617996,1.7157142857142857,51.47800616373399,1.6624958516395099,0.29315348331155106,11410360000.0,-0.014117881545785157
2018-02-11,0.23487539359433374,13.935122230104941,61.61699563414649,53.691275167785236,-0.014117881545785157,-0.07644169549994201,0.11940773138338547,-0.19845093872383832,1.7657142857142856,51.60667177838565,1.7534961835083491,0.29292823450358313,11251900000.0,0.0
2018-02-18,0.23260459040672732,13.547647030192635,61.61699563414649,53.691275167785236,0.0,-0.014117881545785157,-0.07644169549994201,0.11940773138338547,1.8199999999999998,51.726146991990774,1.8372164888276812,0.2855762177533272,11355390000.0,-0.05855330875157402
2018-02-25,0.21860205696450907,12.58384635287412,57.64923260800548,45.63758389261746,-0.05855330875157402,0.0,-0.014117881545785157,-0.07644169549994201,1.8685714285714285,51.407587399136204,1.9142391697214667,0.278749345056661,11177080000.0,0.0
2018-03-04,0.20514021957286221,11.68295904300723,57.64923260800548,45.27027027027028,0.0,-0.05855330875157402,0.0,-0.014117881545785157,1.9135714285714285,51.038234192493796,2.8,0.26741010612404237,11230690000.0,-0.1634061098014189
2018-03-11,0.16832379176376144,9.612944915607644,48.57926876081799,22.91666666666666,-0.1634061098014189,0.0,-0.05855330875157402,0.0,1.9314285714285713,49.04047585600639,2.7822,0.27259509854375363,11177410000.0,0.07958743791834745
2018-03-18,0.14872888346017787,8.465595144600824,52.34711111677431,32.63888888888889,0.07958743791834745,-0.1634061098014189,0.0,-0.05855330875157402,1.9614285714285713,46.89535980393723,2.737312,0.2688383057906284,11237540000.0,0.010869672236903891
2018-03-25,0.1332772728695053,7.55642150328171,52.87831583400367,30.147058823529424,0.010869672236903891,0.07958743791834745,-0.1634061098014189,0.0,1.9885714285714287,45.59168775444077,2.66967328,0.26320699823415494,11304490000.0,-0.03857227478623973
2018-04-01,0.11406843525151955,6.462930517351484,50.74611449601507,25.000000000000007,-0.03857227478623973,0.010869672236903891,0.07958743791834745,-0.1634061098014189,2.0114285714285716,43.05558855865468,2.6060928832,0.2622636412174296,11202730000.0,-0.08191712246788681
2018-04-08,0.08655075979296623,4.92967862386855,46.69104011539895,3.3333333333333184,-0.08191712246788681,-0.03857227478623973,0.010869672236903891,0.07958743791834745,2.007142857142857,40.70063930542473,2.525605452544,0.25638766684475606,11166200000.0,-0.006116227017436094
2018-04-15,0.06320727321098873,3.6192973397504433,46.405790640398195,2.4999999999999845,-0.006116227017436094,-0.08191712246788681,-0.03857227478623973,0.010869672236903891,1.9728571428571429,38.51390071313978,2.4515570163404803,0.24450283349870205,11126670000.0,0.042048236243499404
2018-04-22,0.04978195155033993,2.856173747789483,48.765385811571036,11.235955056179758,0.042048236243499404,-0.006116227017436094,-0.08191712246788681,-0.03857227478623973,1.9157142857142857,37.362284868143504,2.3834324550332417,0.24846691682022332,11208560000.0,-0.017804624633506707
2018-04-29,0.036303059063503174,2.089318451067042,47.79419913217835,8.045977011494234,-0.017804624633506707,0.042048236243499404,-0.006116227017436094,-0.08191712246788681,1.8885714285714283,36.177345530030316,2.3207578586305826,0.23500499419020734,11171830000.0,-0.018127384592556715
2018-05-06,0.022935800744032786,1.325516915229252,46.79065865412323,5.1282051282051055,-0.018127384592556715,-0.017804624633506707,0.042048236243499404,-0.006116227017436094,1.8407142857142857,34.8966567694978,2.263097229940136,0.22607606603376396,11138730000.0,-0.03096222560396681
2018-05-13,0.008212896924002955,0.47751231345796186,45.09129680362644,0.0,-0.03096222560396681,-0.018127384592556715,-0.017804624633506707,0.042048236243499404,1.8014285714285714,33.521432831935265,2.210049451544925,0.21635634703135226,11109890000.0,-0.17855507399847773
2018-05-20,-0.02415647668911447,-1.428489748027929,37.47044401919926,0.0,-0.17855507399847773,-0.03096222560396681,-0.018127384592556715,-0.017804624633506707,1.7457142857142858,31.418042832401294,2.1480445063904328,0.2201880365291128,11057270000.0,-0.062035390919452635
2018-05-27,-0.055623575939401704,-3.3540917408340385,35.48327041388872,10.416666666666677,-0.062035390919452635,-0.17855507399847773,-0.03096222560396681,-0.018127384592556715,1.6842857142857144,30.23766894394664,2.049879165623581,0.21731746249131906,10983500000.0,0.13453089295760606
2018-06-03,-0.06528442491396413,-3.9772104582631815,42.82982475750681,31.818181818181827,0.13453089295760606,-0.062035390919452635,-0.17855507399847773,-0.03096222560396681,1.6442857142857144,28.20902752237837,1.9238960824362796,0.22108050088479628,11035710000.0,0.04779066383634848
2018-06-10,-0.0665254384990035,-4.078853039012534,45.432131913322195,40.229885057471265,0.04779066383634848,0.13453089295760606,-0.062035390919452635,-0.17855507399847773,1.6092857142857144,26.32528905949355,1.8155506308952005,0.21028903653588227,11064110000.0,-0.027028672387919374
2018-06-17,-0.06993050112547006,-4.321182896868957,44.19418839608655,35.63218390804598,-0.027028672387919374,0.04779066383634848,0.13453089295760606,-0.062035390919452635,1.5928571428571427,24.900790394159735,1.7223735425698725,0.20741124821189066,11020360000.0,-0.04196419909903219
2018-06-24,-0.07658768123309545,-4.78031628069859,42.33093666267426,28.73563218390804,-0.04196419909903219,-0.027028672387919374,0.04779066383634848,0.13453089295760606,1.5621428571428573,23.62534339915364,1.6422412466100904,0.1990247304824699,10944540000.0,-0.08961215868968704
2018-07-01,-0.09050327611817965,-5.734283265902414,38.80697748418558,16.66666666666668,-0.08961215868968704,-0.04196419909903219,-0.027028672387919374,0.04779066383634848,1.5214285714285716,22.867012311615618,1.5733274720846777,0.19338010687657922,10899350000.0,-0.039845908547199674
2018-07-08,-0.10436303534588753,-6.7223207959812585,37.40955112965936,10.256410256410264,-0.039845908547199674,-0.08961215868968704,-0.04196419909903219,-0.027028672387919374,1.482142857142857,22.47975270904251,1.5140616259928228,0.18599581352825215,10818130000.0,-0.05001042057466142
2018-07-15,-0.11881882351180262,-7.795728284190555,35.74608660485248,2.564102564102566,-0.05001042057466142,-0.039845908547199674,-0.08961215868968704,-0.04196419909903219,1.4485714285714286,22.38528121538505,1.4630929983538277,0.18699611256194842,10686790000.0,0.041847109935500504
2018-07-22,-0.12480191881544767,-8.311134650146808,38.211785983702576,11.250000000000009,0.041847109935500504,-0.05001042057466142,-0.039845908547199674,-0.08961215868968704,1.419285714285714,22.387008494467647,1.4192599785842919,0.18149639023609496,10782670000.0,-0.016529301951210582
2018-07-29,-0.1296627266024577,-8.765255311923562,37.590398999128396,11.666666666666675,-0.016529301951210582,0.041847109935500504,-0.05001042057466142,-0.039845908547199674,1.3835714285714285,21.894714180324918,1.3729783820108052,0.1799609337906596,10719710000.0,-0.03390155167568134
2018-08-05,-0.13518429707259427,-9.286994273336232,36.318345008767054,5.0000000000000036,-0.03390155167568134,-0.016529301951210582,0.041847109935500504,-0.05001042057466142,1.3471428571428572,21.489587443341925,1.3341018408890764,0.17210658137704105,10680820000.0,-0.008658062743114541
2018-08-12,-0.13876747283042112,-9.683764683493166,35.99044568132065,10.169491525423703,-0.008658062743114541,-0.03390155167568134,-0.016529301951210582,0.041847109935500504,1.3121428571428573,21.378698202693236,1.3014455463468242,0.16624182556439523,10622720000.0,-0.04445176257083369
2018-08-19,-0.1439820125514486,-10.223635596688279,34.32189126515783,9.090909090909099,-0.04445176257083369,-0.008658062743114541,-0.03390155167568134,-0.016529301951210582,1.2771428571428571,21.486126104078462,1.263385348004396,0.16222455230979557,10601490000.0,0.13580154115906162
2018-08-26,-0.13366312472545672,-9.565554738409897,43.36957897764795,41.99999999999999,0.13580154115906162,-0.04445176257083369,-0.008658062743114541,-0.03390155167568134,1.272142857142857,20.450467393615664,1.05,0.16563708428766732,10668990000.0,-0.05715841383994864
2018-09-02,-0.1296393450928366,-9.380699125846249,40.72623336513442,27.99999999999998,-0.05715841383994864,0.13580154115906162,-0.04445176257083369,-0.008658062743114541,1.2678571428571428,19.488784305328778,1.05,0.16166300683854823,10645020000.0,0.03306086226088821
2018-09-09,-0.12181855654770302,-8.887182994740861,42.869058632384345,35.999999999999986,0.03306086226088821,-0.05715841383994864,0.13580154115906162,-0.04445176257083369,1.2535714285714283,19.087998442099934,1.0552000000000001,0.16082993492150904,10697540000.0,0.024097551579060524
2018-09-16,-0.11190975006308035,-8.213437841979857,44.48990608078503,41.99999999999999,0.024097551579060524,0.03306086226088821,-0.05715841383994864,0.13580154115906162,1.2364285714285714,18.47954525029305,1.0602960000000001,0.15719922528425842,10735290000.0,0.007905179507113247
2018-09-23,-0.10207339455446607,-7.529386302876671,45.04954190505641,56.410256410256416,0.007905179507113247,0.024097551579060524,0.03306086226088821,-0.05715841383994864,1.2228571428571429,17.75319886554409,1.06529008,0.15454213776395426,10777250000.0,0.0
2018-09-30,-0.0932036186482359,-6.907445107829211,45.04954190505641,62.85714285714287,0.0,0.007905179507113247,0.024097551579060524,0.03306086226088821,1.2135714285714285,16.675380757023113,1.0701842784,0.14778912792367183,10790980000.0,-0.007905179507113261
2018-10-07,-0.08598993531830379,-6.404232454956407,44.52889317626461,69.99999999999997,-0.007905179507113261,0.0,0.007905179507113247,0.024097551579060524,1.212142857142857,15.901136965391737,1.080576907264,0.14008990450055242,10761870000.0,0.0
2018-10-14,-0.07935824683680925,-5.937417579050836,44.52889317626462,69.99999999999997,0.0,-0.007905179507113261,0.0,0.007905179507113247,1.2142857142857142,15.094777207755888,1.09055383097344,0.13294062560765582,10780430000.0,0.0
2018-10-21,-0.0732581120226834,-5.504379046017532,44.52889317626462,60.000000000000014,0.0,0.0,-0.007905179507113261,0.0,1.2207142857142856,14.58742168134457,1.1001316777345023,0.13487343806425184,10834020000.0,0.0
2018-10-28,-0.06764395384041721,-5.102686528295431,44.52889317626462,60.000000000000014,0.0,0.0,0.0,-0.007905179507113261,1.2235714285714288,14.116305835391202,1.1181237770704322,0.13309676391680528,10858510000.0,-0.02409755157906053
2018-11-04,-0.06486768798433507,-4.919554788076262,42.544805044296375,51.42857142857143,-0.02409755157906053,0.0,0.0,0.0,1.2257142857142858,13.132562852771798,1.1350363504462062,0.12787556649417633,10839170000.0,-0.041499730906752734
2018-11-11,-0.06594192199470572,-5.040260121515529,39.394261708278144,37.142857142857125,-0.041499730906752734,-0.02409755157906053,0.0,0.0,1.227142857142857,12.433236726753398,1.150934169419434,0.12302731174459232,10817050000.0,-0.00851068966790862
2018-11-18,-0.06682980423081131,-5.148440364999925,38.77579782751168,34.28571428571427,-0.00851068966790862,-0.041499730906752734,-0.02409755157906053,0.0,1.2285714285714284,11.961261408394247,1.4,0.11781107519140717,10798700000.0,-0.03478611608541554
2018-11-25,-0.06995472844165396,-5.441363079079163,36.31958005985431,15.624999999999952,-0.03478611608541554,-0.00851068966790862,-0.041499730906752734,-0.02409755157906053,1.2307142857142856,11.958230756218523,1.395,0.11582456982059237,10747990000.0,0.008810629682154906
2018-12-02,-0.07080810520579939,-5.55434174901827,37.38738677659931,18.749999999999957,0.008810629682154906,-0.03478611608541554,-0.00851068966790862,-0.041499730906752734,1.2221428571428572,11.955416579198209,1.3832,0.11255138626197862,10770170000.0,0.008733679968754631
2018-12-09,-0.0698720544631124,-5.520959202822744,38.497994503716896,21.87499999999996,0.008733679968754631,0.008810629682154906,-0.03478611608541554,-0.00851068966790862,1.2192857142857143,11.500081012120631,1.371872,0.112369144386123,10802870000.0,0.0425596144187959
2018-12-16,-0.0643538146565843,-5.104526595990847,43.859985370635,33.33333333333331,0.0425596144187959,0.008733679968754631,0.008810629682154906,-0.03478611608541554,1.217142857142857,10.81422061341821,1.36099712,0.11434277692997137,10844160000.0,0.08770558041910566
2018-12-23,-0.05052210182062544,-3.9958293445276425,53.47097499735286,56.756756756756765,0.08770558041910566,0.0425596144187959,0.008733679968754631,0.008810629682154906,1.2207142857142856,11.752110614208728,1.1,0.12546115000640198,10929950000.0,-0.12160713209478699
2018-12-30,-0.05107535128737428,-4.06443882959124,42.72865536477661,16.216216216216175,-0.12160713209478699,0.08770558041910566,0.0425596144187959,0.008733679968754631,1.2128571428571429,11.994425818216635,1.1074000000000002,0.12935678214880184,10882900000.0,0.10622221325530762
2019-01-06,-0.040556383191096224,-3.221033651514968,51.77177054517339,51.35135135135135,0.10622221325530762,-0.12160713209478699,0.08770558041910566,0.0425596144187959,1.2142857142857142,12.115939629562115,1.1146520000000002,0.13083129770960172,10958540000.0,-0.01562531790308087
2019-01-13,-0.03344828701092273,-2.654799937382883,50.451905335132835,45.945945945945944,-0.01562531790308087,0.10622221325530762,-0.12160713209478699,0.08770558041910566,1.2149999999999999,12.469598475730852,1.1217589600000002,0.1286290621589159,10928680000.0,0.023347363996991107
2019-01-20,-0.02510492633402439,-1.987900436130689,52.411709214278495,54.05405405405406,0.023347363996991107,-0.01562531790308087,0.10622221325530762,-0.12160713209478699,1.217857142857143,12.797995975744678,1.1287237808000001,0.1280127005761362,11007980000.0,-0.039220713153281385
2019-01-27,-0.022270613252875604,-1.7648030287789263,48.937463408127265,40.540540540540526,-0.039220713153281385,0.023347363996991107,-0.01562531790308087,0.10622221325530762,1.217142857142857,13.102936511471801,1.1355493051840002,0.12386893624926933,10918100000.0,0.0620353909194527
2019-02-03,-0.01341443504681461,-1.0587774307009719,54.17188695364255,62.16216216216218,0.0620353909194527,-0.039220713153281385,0.023347363996991107,-0.01562531790308087,1.2221428571428572,13.831590717093032,1.1422383190803203,0.12216401223146438,11056800000.0,0.251314428280906
2019-02-10,0.02399042747983482,1.8457145656412937,69.93652365679088,100.0,0.251314428280906,0.0620353909194527,-0.039220713153281385,0.023347363996991107,1.2564285714285715,16.526056160648192,1.1487935526987139,0.1412951542149312,11340680000.0,-0.16492981408208543
2019-02-17,0.032282095528009425,2.4625576054253946,55.79433746470715,57.37704918032786,-0.16492981408208543,0.251314428280906,0.0620353909194527,-0.039220713153281385,1.2757142857142856,19.02805978680656,1.1712418105907654,0.15405978605672183,11152930000.0,-0.1564521768155375
2019-02-24,0.021658392767713197,1.658802635702416,47.448570192942135,22.950819672131136,-0.1564521768155375,-0.16492981408208543,0.251314428280906,0.0620353909194527,1.2807142857142857,19.446095899844558,1.1927921381671347,0.16376980133838456,11045410000.0,0.04725288485054551
2019-03-03,0.017874484419700742,1.3694355488399772,49.760822923816555,30.508474576271183,0.04725288485054551,-0.1564521768155375,-0.16492981408208543,0.251314428280906,1.2928571428571427,19.8342722905227,1.21,0.1563576726713571,11100130000.0,-0.039220713153281385
2019-03-10,0.010717582045392415,0.8236991685960026,47.870557933219025,22.033898305084733,-0.039220713153281385,0.04725288485054551,-0.1564521768155375,-0.16492981408208543,1.3007142857142857,19.99690327110169,1.21,0.1501892674805459,11068590000.0,0.015873349156290163
2019-03-17,0.00658362625873643,0.506883183690149,48.70985126022527,22.807017543859665,0.015873349156290163,-0.039220713153281385,0.04725288485054551,-0.1564521768155375,1.3092857142857142,19.84625813854479,1.71,0.1451757483747926,11107910000.0,-0.04839654086185021
2019-03-24,-0.0015165798562648547,-0.11735838198638887,46.3014374671688,12.280701754385975,-0.04839654086185021,0.015873349156290163,-0.039220713153281385,0.04725288485054551,1.31,19.77829741562567,1.6998,0.14123462349087884,11076790000.0,-0.04220035449037653
2019-03-31,-0.011834216215810045,-0.9227700378994381,44.33420074341006,12.698412698412676,-0.04220035449037653,-0.04839654086185021,0.015873349156290163,-0.039220713153281385,1.2992857142857144,18.553451046137003,1.689804,0.14257500752724464,11032040000.0,0.025533302005164845
2019-04-07,-0.017389809190202055,-1.3632468021078428,45.8215889924968,17.460317460317444,0.025533302005164845,-0.04220035449037653,-0.04839654086185021,0.015873349156290163,1.3014285714285716,17.41609370304038,1.66541184,0.13810536413244143,11253950000.0,0.0
2019-04-14,-0.021544307284780295,-1.697371008340408,45.8215889924968,17.460317460317444,0.0,0.025533302005164845,-0.04220035449037653,-0.04839654086185021,1.294285714285714,16.35997617016495,1.6419953664,0.13109783812298131,11288750000.0,-0.060624621816434736
2019-04-21,-0.03013778234708786,-2.395275719464744,42.73177071112448,11.940298507462698,-0.060624621816434736,0.0,0.025533302005164845,-0.04220035449037653,1.2835714285714286,16.07324474182125,1.619515551744,0.13244799254276834,11230180000.0,0.10981486600720641
2019-04-28,-0.02615674107286048,-2.0798787251139896,49.53731884616276,31.34328358208955,0.10981486600720641,-0.060624621816434736,0.0,0.025533302005164845,1.2799999999999998,15.433461929866542,1.5847446186393601,0.14013027878971346,11371470000.0,-0.10092591858996065
2019-05-05,-0.0323122586947866,-2.5887987831924706,44.3035939573989,13.432835820895503,-0.10092591858996065,0.10981486600720641,-0.060624621816434736,0.0,1.2714285714285711,14.839377890194315,1.5520599415209986,0.1422638303047339,11314330000.0,0.09289374689269643
2019-05-12,-0.02799179804307861,-2.2437375159584403,49.5639548490543,29.850746268656714,0.09289374689269643,-0.10092591858996065,0.10981486600720641,-0.060624621816434736,1.2650000000000001,14.28772842478439,1.5213363450297386,0.14138784242582433,11497870000.0,-0.08408311721054144
2019-05-19,-0.03226503487671972,-2.6028891798028266,45.36889140020164,14.92537313432834,-0.08408311721054144,0.09289374689269643,-0.10092591858996065,0.10981486600720641,1.2242857142857144,13.95019229114527,1.4924561643279544,0.14200299653826545,11447750000.0,0.01739174271186924
2019-05-26,-0.03364987815234488,-2.7275792536344436,46.34698715640816,26.086956521739108,0.01739174271186924,-0.08408311721054144,0.09289374689269643,-0.10092591858996065,1.2035714285714287,13.63676588133751,1.465308794468277,0.13757421107124648,11466770000.0,0.0
2019-06-02,-0.03435139492780781,-2.796817218389944,46.34698715640816,39.99999999999996,0.0,0.01739174271186924,-0.08408311721054144,0.09289374689269643,1.1978571428571427,13.345727072230305,1.4397902668001803,0.13060462456615746,11482370000.0,-0.026202372394024072
2019-06-09,-0.036902709838181336,-3.022445723427605,44.947066757685974,29.999999999999947,-0.026202372394024072,0.0,0.01739174271186924,-0.08408311721054144,1.1857142857142855,12.948863615726134,1.4158028507921694,0.12413286566857476,11469620000.0,0.017544309650909525
2019-06-16,-0.036885617989178554,-3.034107013802419,46.11559272701592,36.66666666666662,0.017544309650909525,-0.026202372394024072,0.0,0.01739174271186924,1.1785714285714286,12.693140159521516,1.3932546797446392,0.11812337526367656,11490630000.0,-0.017544309650909508
2019-06-23,-0.03804731961187802,-3.146093479267499,45.085028792153835,32.25806451612898,-0.017544309650909508,0.017544309650909525,-0.026202372394024072,0.0,1.1685714285714286,12.22935686079727,1.372059398959961,0.11897170560198536,11425990000.0,-0.03603993648319669
2019-06-30,-0.04171478020388597,-3.4747538095370607,43.01461176116792,21.875000000000014,-0.03603993648319669,-0.017544309650909508,0.017544309650909525,-0.026202372394024072,1.16,11.910914633193665,1.3446946470431642,0.11833086948755782,11358780000.0,-0.06637506894487269
2019-07-07,-0.04969681023803596,-4.186266318797443,39.58838576664041,3.0303030303030325,-0.06637506894487269,-0.03603993648319669,-0.017544309650909508,0.017544309650909525,1.1500000000000001,11.731934656298302,1.3122251823388478,0.11559295023844654,11311280000.0,0.0
2019-07-14,-0.05538419205695089,-4.714517014161393,39.58838576664041,5.882352941176475,0.0,-0.06637506894487269,-0.03603993648319669,-0.017544309650909508,1.137857142857143,11.686894925386719,1.275958160458186,0.10947916807855751,11360510000.0,-0.009852296443011594
2019-07-21,-0.060006679897331994,-5.161624196243992,39.07274734059229,17.50000000000001,-0.009852296443011594,0.0,-0.06637506894487269,-0.03603993648319669,1.1249999999999998,12.330364011656403,1.23732401799404,0.10808779893008913,11298450000.0,-0.07182573457125561
2019-07-28,-0.06852849595578059,-5.979440381267591,35.57927508055187,6.976744186046491,-0.07182573457125561,-0.009852296443011594,0.0,-0.06637506894487269,1.112142857142857,13.23897221107735,1.1897521751149935,0.10822438472079703,11245160000.0,-0.07738666361542011
2019-08-04,-0.08000822653199213,-7.107930235946124,32.4543412104515,6.976744186046517,-0.07738666361542011,-0.07182573457125561,-0.009852296443011594,0.0,1.085,14.731893534102479,1.1393967835942946,0.10835121438359725,11198330000.0,0.04495138786226627
2019-08-11,-0.08489965958706391,-7.651048427064577,35.91793436906967,21.739130434782606,0.04495138786226627,-0.07738666361542011,-0.07182573457125561,-0.009852296443011594,1.0692857142857142,16.367522204371934,1.0795174268754357,0.10918327049905459,11268810000.0,0.12386948171278571
2019-08-18,-0.07819181187138446,-7.084211345226307,45.02539831759466,47.826086956521735,0.12386948171278571,0.04495138786226627,-0.07738666361542011,-0.07182573457125561,1.0542857142857143,15.276033031373407,0.81,0.11781303689197926,11445840000.0,-0.009756174945364685
2019-08-25,-0.07284302164546586,-6.636910907411879,44.458353003951146,53.846153846153854,-0.009756174945364685,0.12386948171278571,0.04495138786226627,-0.07738666361542011,1.0457142857142858,14.26250737073192,0.81,0.11511210568540932,11341420000.0,-0.019802627296179754
2019-09-01,-0.06941769572321665,-6.366735116144834,43.28425374108161,52.77777777777778,-0.019802627296179754,-0.009756174945364685,0.12386948171278571,0.04495138786226627,1.0342857142857143,13.648977698560499,0.8162,0.11117552670788008,11285440000.0,0.04879016416943204
2019-09-08,-0.06195434697247193,-5.69783157974611,47.049118110334554,68.5714285714286,0.04879016416943204,-0.019802627296179754,-0.009756174945364685,0.12386948171278571,1.0264285714285715,12.720285530085999,0.822276,0.10823441765731723,11371710000.0,0.0
2019-09-15,-0.05540096151849849,-5.108119442934817,47.049118110334554,68.5714285714286,0.0,0.04879016416943204,-0.019802627296179754,-0.009756174945364685,1.0207142857142857,12.002829517115845,0.82823048,0.10407481639608028,11423510000.0,-0.028987536873252298
2019-09-22,-0.05202835511987569,-4.818404129620073,44.97178370212885,60.000000000000014,-0.028987536873252298,0.0,0.04879016416943204,-0.019802627296179754,1.0114285714285713,11.441284387414544,0.8340658704,0.1016409009392174,11336950000.0,-0.009852296443011594
2019-09-29,-0.049590804749217954,-4.614751778695871,44.27011992917003,64.51612903225804,-0.009852296443011594,-0.028987536873252298,0.0,0.04879016416943204,1.002857142857143,10.919849624120483,0.839784552992,0.0965236937292733,11292930000.0,0.0
2019-10-06,-0.04711590568674584,-4.404061550093054,44.27011992917003,64.51612903225804,0.0,-0.009852296443011594,-0.028987536873252298,0.0,0.9971428571428571,10.68950458101642,0.84538886193216,0.09105771560575379,11359330000.0,1.3961466575629022
2019-10-13,0.20026033609367255,15.490384471305346,91.49832071869474,98.79154078549848,1.3961466575629022,0.0,-0.009852296443011594,-0.028987536873252298,1.2157142857142857,16.001665567283837,0.8508810846935169,0.30669645020534286,11371720000.0,-0.02985296314968116
2019-10-20,0.38221881229093846,25.645828052964546,88.34671939794065,95.16616314199396,-0.02985296314968116,1.3961466575629022,0.0,-0.009852296443011594,1.4257142857142857,20.934386483103584,0.9816458413057763,0.29621813233353267,11348200000.0,0.02985296314968113
2019-10-27,0.5299957516216631,31.506138869569934,88.763524422665,94.23631123919307,0.02985296314968113,-0.02985296314968116,1.3961466575629022,0.0,1.645,25.51477019065049,1.1071800076535452,0.3093454085954232,11357940000.0,-0.009852296443011594
2019-11-03,0.6365446841272551,34.28088265596467,87.63829241470918,93.0835734870317,-0.009852296443011594,0.02985296314968113,-0.02985296314968116,1.3961466575629022,1.8664285714285715,29.767983633372616,1.2975492071943324,0.295820736552893,11349460000.0,0.07622736538788431
2019-11-10,0.7382961875532628,36.15078374993054,88.85544478753111,90.79283887468031,0.07622736538788431,-0.009852296443011594,0.02985296314968113,-0.02985296314968116,2.1157142857142857,33.92282855785578,1.4764962547626725,0.3289763982276863,11368050000.0,-0.06637506894487269
2019-11-17,0.7872662123166219,35.89558402171289,81.3112982504606,83.28981723237598,-0.06637506894487269,0.07622736538788431,-0.009852296443011594,0.02985296314968113,2.342142857142857,37.780898844875864,1.7359765543816588,0.32833522692570877,11354570000.0,-0.009852296443011594
2019-11-24,0.8134704629167855,34.912730612685486,80.26289696548962,81.81818181818183,-0.009852296443011594,-0.06637506894487269,0.07622736538788431,-0.009852296443011594,2.557142857142857,40.998935632489214,1.974698430031126,0.33345413928815815,11336460000.0,-0.020000666706669543
2019-12-01,0.8183487736386592,33.39175620230659,78.09414540279352,79.67914438502675,-0.020000666706669543,-0.009852296443011594,-0.06637506894487269,0.07622736538788431,2.7671428571428573,43.987112649558746,2.194322555628636,0.3182074150532897,11332190000.0,0.0
2019-12-08,0.8128449000032196,31.72019291202074,78.09414540279352,79.62466487935657,0.0,-0.020000666706669543,-0.009852296443011594,-0.06637506894487269,2.9785714285714286,46.36319282559244,2.3963767511783454,0.3069068854066262,11341580000.0,-0.010152371464017962
2019-12-15,0.7960786753600324,29.892940938695144,76.88938487032694,78.55227882037535,-0.010152371464017962,0.0,-0.020000666706669543,-0.009852296443011594,3.1835714285714287,48.36481038138813,2.5822666110840777,0.29641353644901003,11325100000.0,0.0
2019-12-22,0.7738706227152554,28.077417712626833,76.88938487032694,78.55227882037535,0.0,-0.010152371464017962,0.0,-0.020000666706669543,3.388571428571429,49.045031941211576,2.7532852821973517,0.30095542670265213,11333360000.0,0.07847161544149531
2019-12-29,0.7731791783614814,26.97656876904948,79.78310231232999,87.1313672922252,0.07847161544149531,0.0,-0.010152371464017962,0.0,3.6185714285714283,50.036416811152314,2.9106224596215635,0.31088718193817705,11377320000.0,0.0
2020-01-05,0.7638262897269126,25.736399838048246,79.78310231232999,87.1313672922252,0.0,0.07847161544149531,0.0,-0.010152371464017962,3.849285714285714,51.03960059544414,3.0553726628518385,0.31439524037116445,11426020000.0,-0.028710105882431367
2020-01-12,0.7382213053012312,24.17840998362078,75.66281279209255,46.428571428571445,-0.028710105882431367,0.0,0.07847161544149531,0.0,4.071428571428571,51.9711283951437,3.1885428498236914,0.31479558034465277,11406370000.0,0.03809984623227038
2020-01-19,0.7225111744229769,22.979923390586844,77.34294584900968,60.714285714285744,0.03809984623227038,-0.028710105882431367,0.0,0.07847161544149531,4.085714285714285,52.836118494864714,3.311059421837796,0.31231018174860614,11415300000.0,-0.09811785595852349
2020-01-26,0.6700600898383278,20.9484857767994,65.22069166715161,36.36363636363637,-0.09811785595852349,0.03809984623227038,-0.028710105882431367,0.0,4.08,50.85432027296099,4.72,0.3528594544808486,11406580000.0,0.020408871631207033
2020-02-02,0.6277116892111718,19.284489544133464,66.35643289692018,42.424242424242436,0.020408871631207033,-0.09811785595852349,0.03809984623227038,-0.028710105882431367,4.071428571428571,49.014079066907534,4.6936,0.35051235058935937,11415450000.0,-0.06252035698133393
2020-02-09,0.5682340341419052,17.274428991651682,60.02375300642208,24.242424242424267,-0.06252035698133393,0.020408871631207033,-0.09811785595852349,0.03809984623227038,4.048571428571429,47.30528366128647,4.667728,0.34547575411869086,11403090000.0,0.0
2020-02-16,0.5151591302085263,15.510560616996083,60.02375300642208,33.33333333333335,0.0,-0.06252035698133393,0.020408871631207033,-0.09811785595852349,4.002857142857143,45.39892263253662,4.64237344,0.33794177168164147,11413690000.0,-0.05526267867504953
2020-02-23,0.45175105299338814,13.541456334761776,54.955013810986536,12.500000000000005,-0.05526267867504953,0.0,-0.06252035698133393,0.020408871631207033,3.962857142857143,43.0124229951685,4.6175259712,0.33094593084723856,11395990000.0,-0.0346855579878901
2020-03-01,0.38735155029784263,11.59458882591813,52.111556091469865,17.2413793103448,-0.0346855579878901,-0.05526267867504953,0.0,-0.06252035698133393,3.9171428571428573,40.03412474409345,4.593175451776,0.3358783643581501,11380400000.0,-0.1941560144409575
2020-03-08,0.2846185889232946,8.622880048086614,40.756464440723974,13.33333333333332,-0.1941560144409575,-0.0346855579878901,-0.05526267867504953,0.0,3.834285714285714,38.863462730370365,4.53744843370496,0.37188705261828225,11360920000.0,-0.15415067982725822
2020-03-15,0.16897745292986466,5.225004091562743,35.24301845967972,0.0,-0.15415067982725822,-0.1941560144409575,-0.0346855579878901,-0.05526267867504953,3.7228571428571433,38.08958170275287,4.418801527682663,0.3824665488598335,11348280000.0,0.13976194237515863
2020-03-22,0.10516770304407386,3.287617313695819,42.74944922353129,27.272727272727256,0.13976194237515863,-0.15415067982725822,-0.1941560144409575,-0.0346855579878901,3.64,37.80733416763707,4.25729740546805,0.3980046525127025,11359630000.0,-0.09097177820572663
2020-03-29,0.03483051777122803,1.1062173574252396,39.46507075664661,16.363636363636356,-0.09097177820572663,0.13976194237515863,-0.15415067982725822,-0.1941560144409575,3.5399999999999996,37.545247170743835,4.047567664921245,0.39814717733322375,11353500000.0,0.10536051565782614
2020-04-05,0.001662289790836713,0.05323090104135045,44.794005289693565,29.090909090909076,0.10536051565782614,-0.09097177820572663,0.13976194237515863,-0.15415067982725822,3.4371428571428573,36.997468078547186,3.8588108984291205,0.39827952180942205,11360120000.0,0.04196419909903221
2020-04-12,-0.014770507513354403,-0.4752768101098626,46.94942733378641,34.54545454545453,0.04196419909903221,0.10536051565782614,-0.09097177820572663,0.13976194237515863,3.3428571428571425,35.757811990104045,3.6889298085862086,0.40125955596589197,11366770000.0,0.013605652055778678
2020-04-19,-0.024285998193124048,-0.7842228553203333,47.682682243367694,37.03703703703703,0.013605652055778678,0.04196419909903221,0.10536051565782614,-0.09097177820572663,3.2599999999999993,34.606702765121135,3.5360368277275875,0.38974101625404256,11376970000.0,-0.11441035117774409
2020-04-26,-0.05699145672350614,-1.8606509909706526,42.60881573221148,23.52941176470588,-0.11441035117774409,0.013605652055778678,0.04196419909903221,0.10536051565782614,3.142857142857143,33.836185139109084,3.398433144954829,0.38761665795018235,11367760000.0,0.07302513501488982
2020-05-03,-0.06601150022481983,-2.166821164724564,46.44453533693838,36.95652173913042,0.07302513501488982,-0.11441035117774409,0.013605652055778678,0.04196419909903221,3.0685714285714285,33.12070448638361,3.274589830459346,0.37421546809659784,11372280000.0,0.01398624197473987
2020-05-10,-0.06913533487428403,-2.278583559653888,47.20453424845856,39.13043478260868,0.01398624197473987,0.07302513501488982,-0.11441035117774409,0.013605652055778678,2.991428571428571,32.11460156813718,3.163130847413411,0.35891436323255516,11375470000.0,0.06713930283762852
2020-05-17,-0.054840500655211066,-1.805428507710097,50.95238077081537,53.488372093023266,0.06713930283762852,0.01398624197473987,0.07302513501488982,-0.11441035117774409,2.9457142857142857,30.527135074302034,2.16,0.36184905157308694,11390220000.0,-0.08112554481236846
2020-05-24,-0.06216118039063634,-2.0563414815896395,46.67087038301224,43.58974358974357,-0.08112554481236846,0.06713930283762852,0.01398624197473987,0.07302513501488982,2.882857142857143,29.053059044312256,2.1784000000000003,0.35314554788929503,11376860000.0,0.08112554481236853
2020-05-31,-0.048043067016503294,-1.5870824437798834,51.09633256134432,63.88888888888889,0.08112554481236853,-0.08112554481236846,0.06713930283762852,0.01398624197473987,2.851428571428571,27.684274159321745,2.196432,0.34506372304005967,11384020000.0,-0.026317308317373417
2020-06-07,-0.04281613412205143,-1.4153525751635225,49.61824895471795,67.74193548387098,-0.026317308317373417,0.08112554481236853,-0.08112554481236846,0.06713930283762852,2.8228571428571425,26.41325962325913,2.21410336,0.33470202853719827,11379920000.0,-0.013423020332140661
2020-06-14,-0.041423908815890975,-1.3715174452353396,48.85723461555385,86.95652173913042,-0.013423020332140661,-0.026317308317373417,0.08112554481236853,-0.08112554481236846,2.834285714285714,25.395124516348424,2.2314212928000003,0.32222331221311273,11373830000.0,-0.06995858860691047
2020-06-21,-0.055815482620854784,-1.8598860083008162,45.130121317514785,65.2173913043478,-0.06995858860691047,-0.013423020332140661,-0.026317308317373417,0.08112554481236853,2.86,24.921798992306304,2.2483928669440005,0.31635021848360473,11364870000.0,-0.029413885206293226
2020-06-28,-0.07283662468889318,-2.4464500663006388,43.69425910136562,44.44444444444447,-0.029413885206293226,-0.06995858860691047,-0.013423020332140661,-0.026317308317373417,2.8542857142857145,25.513243133169286,2.2650250096051203,0.322325202877633,11350620000.0,-0.030305349495328922
2020-07-05,-0.09172399668306763,-3.1100325057274407,42.246740488472426,29.411764705882373,-0.030305349495328922,-0.029413885206293226,-0.06995858860691047,-0.013423020332140661,2.86,26.06244126397063,2.281324509413018,0.31358768838637346,11344970000.0,-0.0800427076735365
2020-07-12,-0.12143092349692974,-4.1748847651381125,38.78724036312869,0.0,-0.0800427076735365,-0.030305349495328922,-0.029413885206293226,-0.06995858860691047,2.8314285714285714,26.806173102648923,2.297298019224758,0.30833142493020393,11335380000.0,0.03278982282299097
2020-07-19,-0.13693998668731266,-4.760055643275715,40.87293692822796,11.76470588235295,0.03278982282299097,-0.0800427076735365,-0.030305349495328922,-0.029413885206293226,2.8,27.496781238564473,2.3129520588402626,0.30345060886376085,11344910000.0,0.0
2020-07-26,-0.1475303924725151,-5.181122481969859,40.87293692822796,11.76470588235295,0.0,0.03278982282299097,-0.0800427076735365,-0.030305349495328922,2.7657142857142856,28.13806022191463,2.3282930176634573,0.2874898510877779,11348420000.0,-0.01626052087178029
2020-08-02,-0.15733734409941125,-5.5847294539933925,40.08100627361812,11.111111111111118,-0.01626052087178029,0.0,0.03278982282299097,-0.0800427076735365,2.751428571428572,29.115007426562762,2.3433271573101884,0.28409771886722235,11333360000.0,-0.033336420267591836
2020-08-09,-0.1696096014241939,-6.093600386684444,38.47536424273132,14.285714285714247,-0.033336420267591836,-0.01626052087178029,0.0,0.03278982282299097,2.717142857142857,30.367213536250592,3.08,0.28380502466242075,11298800000.0,0.033336420267591926
2020-08-16,-0.1709099785142758,-6.196953030504578,41.01985361485439,23.80952380952378,0.033336420267591926,-0.033336420267591836,-0.01626052087178029,0.0,2.685714285714286,31.52997635238929,3.0632,0.274961808615105,11316640000.0,-0.06782259633876117
2020-08-23,-0.1827446331744329,-6.71222809945577,37.66478247929752,23.076923076923055,-0.06782259633876117,0.033336420267591926,-0.033336420267591836,-0.01626052087178029,2.6285714285714286,33.388286377789846,3.046736,0.2838931079997403,11270060000.0,0.034486176071169404
2020-08-30,-0.18355247220248305,-6.809067628994332,40.29431182912162,30.769230769230756,0.034486176071169404,-0.06782259633876117,0.033336420267591926,-0.033336420267591836,2.5942857142857143,35.11385997280465,3.0064665600000002,0.27218645742833025,11300210000.0,0.033336420267591926
2020-09-06,-0.17571186207115508,-6.564336040142205,42.88879324118427,38.46153846153845,0.033336420267591926,0.034486176071169404,-0.06782259633876117,0.033336420267591926,2.5485714285714285,36.0868570085748,2.9678078976,0.26131599618344953,11313360000.0,-0.016529301951210582
2020-09-13,-0.17075740271389028,-6.428479945996322,41.908200760707736,37.499999999999986,-0.016529301951210582,0.033336420267591926,0.034486176071169404,-0.06782259633876117,2.5057142857142862,36.99035425607566,2.9306955816960003,0.2483648535989174,11306000000.0,-0.03390155167568134
2020-09-20,-0.17131151686174428,-6.510390152255442,39.94130363128649,33.333333333333314,-0.03390155167568134,-0.016529301951210582,0.033336420267591926,0.034486176071169404,2.46,38.052342242673824,2.8950677584281603,0.2420530783418519,11290580000.0,0.050430853626891904
2020-09-27,-0.16022073430679518,-6.121881773809802,44.1738004180933,52.631578947368425,0.050430853626891904,-0.03390155167568134,-0.016529301951210582,0.033336420267591926,2.437142857142857,39.03847394451497,2.860865048091034,0.23619214417457676,11303900000.0,0.016260520871780326
2020-10-04,-0.1465146142502758,-5.620004409027622,45.55123876138661,68.74999999999997,0.016260520871780326,0.050430853626891904,-0.03390155167568134,-0.016529301951210582,2.422857142857143,38.326137658420414,2.8280304461673924,0.24217841959067843,11332120000.0,-0.01626052087178029
2020-10-11,-0.1372974020777864,-5.29156231469374,44.37219559278488,66.66666666666664,-0.01626052087178029,0.016260520871780326,0.050430853626891904,-0.03390155167568134,2.4114285714285715,37.66468253561833,2.796509228320697,0.23630853247705857,11308330000.0,0.0
2020-10-18,-0.1285112967907618,-4.974902338908714,44.37219559278488,66.66666666666664,0.0,-0.01626052087178029,0.016260520871780326,0.050430853626891904,2.414285714285714,37.380294086428144,2.766248859187869,0.23085792301441152,11324040000.0,0.15180601286800413
2020-10-25,-0.08825424795573333,-3.3915046661901633,57.21569483104027,100.0,0.15180601286800413,0.0,-0.01626052087178029,0.016260520871780326,2.44,35.025029047281954,2.04,0.24579664279909638,11338290000.0,0.179971379449001
2020-11-01,-0.011035713991472296,-0.4146721982564822,68.26325823032583,100.00000000000001,0.179971379449001,0.15180601286800413,0.0,-0.01626052087178029,2.505714285714286,34.38723633937984,2.056,0.2796683111705895,11361030000.0,0.3022808718729335
2020-11-08,0.14531539625393464,5.180737909359604,80.11334723647401,76.19047619047618,0.3022808718729335,0.179971379449001,0.15180601286800413,0.0,2.66,36.58812291435154,2.10976,0.402549146086976,11461700000.0,-0.1397619423751586
2020-11-15,0.21829344107578974,7.544421800868974,66.70250365268089,58.33333333333333,-0.1397619423751586,0.3022808718729335,0.179971379449001,0.15180601286800413,2.777142857142857,38.631803305396694,2.3071744,0.46522420708076345,11358820000.0,0.009950330853168092
2020-11-22,0.27617318056783224,9.272622486043877,67.09793203597337,59.52380952380952,0.009950330853168092,-0.1397619423751586,0.3022808718729335,0.179971379449001,2.891428571428571,39.01474699910763,2.492743936,0.5005653351464232,11412250000.0,-0.06124362524071867
2020-11-29,0.2992279829554114,9.84550908633706,62.31611900727332,49.36708860759492,-0.06124362524071867,0.009950330853168092,-0.1397619423751586,0.3022808718729335,3.0,39.370337571839215,2.66717929984,0.4933820969216787,11393320000.0,-0.0540672212702757
2020-12-06,0.2979264408607185,9.670514049702435,58.57015770703509,42.30769230769231,-0.0540672212702757,-0.06124362524071867,0.009950330853168092,-0.1397619423751586,3.088571428571428,38.272066983675934,2.8311485418496,0.5038548042844159,11371710000.0,0.06453852113757116
2020-12-13,0.3126568401784291,9.966712744638553,61.55657754509897,49.99999999999999,0.06453852113757116,-0.0540672212702757,-0.06124362524071867,0.009950330853168092,3.1885714285714286,37.25224429466717,2.985279629338624,0.4992937468355291,11382400000.0,-0.03174869831458019
2020-12-20,0.31106206083842025,9.781225880140825,59.2565724575356,46.15384615384615,-0.03174869831458019,0.06453852113757116,-0.0540672212702757,-0.06124362524071867,3.282857142857143,36.30526608344475,3.130162851578307,0.4836299077758484,11368370000.0,-0.032789822822990956
2020-12-27,0.29669507348270496,9.239119344471804,56.96442409055783,42.30769230769231,-0.032789822822990956,-0.03174869831458019,0.06453852113757116,-0.0540672212702757,3.3742857142857146,35.195714744074714,3.2663530804836083,0.4690849143632878,11355290000.0,0.08515780834030677
2021-01-03,0.3075848118965152,9.424164606566887,61.26710885816702,51.94805194805194,0.08515780834030677,-0.032789822822990956,-0.03174869831458019,0.06453852113757116,3.48,34.465449362516146,3.394371895654592,0.46129313476591005,11388310000.0,0.0
2021-01-10,0.31261141821050886,9.437619660402499,61.26710885816701,51.315789473684205,0.0,0.08515780834030677,-0.032789822822990956,-0.03174869831458019,3.5828571428571427,33.93609014827073,3.5147095819153162,0.45405791085405933,11446420000.0,0.1512309697239235
2021-01-17,0.3640412503002697,10.691963586669177,68.55855632749294,67.90123456790123,0.1512309697239235,0.0,0.08515780834030677,-0.032789822822990956,3.7342857142857144,35.363179307019216,3.6,0.5416252029359122,11630250000.0,-0.11122563511022425
2021-01-24,0.361896061763185,10.475088401765708,59.51017291427799,52.500000000000014,-0.11122563511022425,0.1512309697239235,0.0,0.08515780834030677,3.8514285714285714,36.15643484639063,3.68,0.5372234027262042,11554990000.0,-0.019802627296179754
2021-01-31,0.3497094204675979,10.005393341512352,58.13307116054115,45.205479452054796,-0.019802627296179754,-0.11122563511022425,0.1512309697239235,0.0,3.934285714285714,36.67944043792071,3.8336,0.524564588245761,11497260000.0,-0.030459207484708574
2021-02-07,0.3266035400170084,9.26873496950353,56.03830405755995,25.862068965517246,-0.030459207484708574,-0.019802627296179754,-0.11122563511022425,0.1512309697239235,3.968571428571429,36.05950380893119,5.6,0.5270956890853495,11459220000.0,-0.03141619623337893
2021-02-14,0.2952060149914244,8.336291895942937,53.94492555877432,20.689655172413794,-0.03141619623337893,-0.030459207484708574,-0.019802627296179754,-0.11122563511022425,3.9085714285714284,35.48384836772663,5.5592,0.520874568436396,11434630000.0,-0.03243527575315373
2021-02-21,0.2576699937891411,7.261311649149096,51.85866387299859,15.517241379310358,-0.03243527575315373,-0.03141619623337893,-0.030459207484708574,-0.019802627296179754,3.882857142857143,34.647633967777715,5.519216,0.5179549564052248,11397590000.0,-0.11641035184441122
2021-02-28,0.19341618807465544,5.485928716922173,45.536813024697246,7.812500000000008,-0.11641035184441122,-0.03243527575315373,-0.03141619623337893,-0.030459207484708574,3.825714285714286,32.85200284748259,5.43764736,0.5238153166619944,11380310000.0,0.024391453124159048
2021-03-07,0.14725248059949259,4.194698312859777,46.93024159785938,10.937499999999993,0.024391453124159048,-0.11641035184441122,-0.03243527575315373,-0.03141619623337893,3.7914285714285714,31.18463109292283,5.2937885183999995,0.5092570797575663,11402250000.0,-0.01212136053234485
2021-03-14,0.10621535957935668,3.0404816089043907,46.292496757980565,9.374999999999993,-0.01212136053234485,0.024391453124159048,-0.11641035184441122,-0.03243527575315373,3.7685714285714282,29.636357320831628,5.158561207296,0.4843101454891687,11388410000.0,-0.012270092591814247
2021-03-21,0.06966245439743446,2.0049031263999826,45.624799162182235,7.812500000000008,-0.012270092591814247,-0.01212136053234485,0.024391453124159048,-0.11641035184441122,3.7257142857142855,28.0976189843679,5.0314475348582395,0.46400227795422805,11368710000.0,0.012270092591814183
2021-03-28,0.04342114743840719,1.2548777808946823,46.45648775864155,9.374999999999993,0.012270092591814183,-0.012270092591814247,-0.01212136053234485,0.024391453124159048,3.6942857142857144,26.459760916422717,4.911960682766745,0.4451449723860689,11388060000.0,-0.02469261259037141
2021-04-04,0.015985124636452852,0.46456014323513944,44.974842607979625,6.250000000000006,-0.02469261259037141,0.012270092591814183,-0.012270092591814247,-0.01212136053234485,3.665714285714285,24.938892710473617,4.79964304180074,0.42763461721563545,11373490000.0,-0.012578782206860073
2021-04-11,-0.008883384677174533,-0.2597399275479929,44.21551840992576,7.575757575757583,-0.012578782206860073,-0.02469261259037141,0.012270092591814183,-0.012270092591814247,3.6114285714285717,23.188778502053687,4.6940644592926954,0.4170892874145187,11365390000.0,0.012578782206860185
2021-04-18,-0.02507514115164433,-0.736680106042422,45.21168104252692,9.0909090909091,0.012578782206860185,-0.012578782206860073,-0.02469261259037141,0.012270092591814183,3.56,21.786140242749422,4.55533930254928,0.4101543383134816,11380020000.0,0.11778303565638346
2021-04-25,-0.005566401738175575,-0.16283949937649575,54.04858982925076,40.00000000000002,0.11778303565638346,0.012578782206860185,-0.012578782206860073,-0.02469261259037141,3.491428571428571,21.798284833159467,4.427712158345337,0.42942902843394715,11434170000.0,-0.05715841383994864
2021-05-02,-0.0061727580183568165,-0.18064962364974615,49.729601196225715,31.428571428571416,-0.05715841383994864,0.11778303565638346,0.012578782206860185,-0.012578782206860073,3.442857142857143,21.561121564582027,4.3102951856777105,0.42446981211723667,11427470000.0,0.03468555798789011
2021-05-09,0.002995170913334455,0.0874602219485814,52.19780742840708,48.275862068965516,0.03468555798789011,-0.05715841383994864,0.11778303565638346,0.012578782206860185,3.4085714285714284,21.597351823883546,4.202271570823494,0.41986482553743404,11437030000.0,0.0
2021-05-16,0.01014388821407941,0.2955958048041828,52.19780742840709,51.851851851851855,0.0,0.03468555798789011,-0.05715841383994864,0.11778303565638346,3.382857142857143,21.630994207520665,4.102889845157614,0.40416019514190304,11446080000.0,0.011299555253933466
2021-05-23,0.018820018427323948,0.5469058253897657,53.08823580456896,60.00000000000001,0.011299555253933466,0.0,0.03468555798789011,-0.05715841383994864,3.3685714285714283,21.516267258258324,4.011458657545005,0.38957732406033857,11460730000.0,-0.011299555253933394
2021-05-30,0.022212200008328686,0.6443886196247753,52.0442169628169,60.86956521739132,-0.011299555253933394,0.011299555253933466,0.0,0.03468555798789011,3.36,21.5108999082991,3.9273419649414048,0.37603608662745724,11450000000.0,0.022472855852058576
2021-06-06,0.03099852802754066,0.8963383503010594,53.992936058153724,69.56521739130437,0.022472855852058576,-0.011299555253933394,0.011299555253933466,0.0,3.3857142857142857,21.505915940479817,3.8499546077460924,0.357747794725496,11457490000.0,0.021978906718775167
2021-06-13,0.0439109100593722,1.2637070892787312,55.92186465464882,78.26086956521742,0.021978906718775167,0.022472855852058576,-0.011299555253933394,0.011299555253933466,3.4114285714285715,21.722692199271084,3.778758239126405,0.3464800951022463,11465440000.0,-0.03315220731690051
2021-06-20,0.04395438988420475,1.2626642365420995,52.37464052014295,65.21739130434784,-0.03315220731690051,0.021978906718775167,0.022472855852058576,-0.011299555253933394,3.431428571428572,21.561395665546577,3.713257579996293,0.3417315168806573,11448500000.0,0.011173300598125255
2021-06-27,0.04667843373688907,1.3375324621110427,53.434944854700184,69.56521739130437,0.011173300598125255,-0.03315220731690051,0.021978906718775167,0.022472855852058576,3.457142857142857,21.411620312802395,3.6529969735965895,0.32589355138918175,11451850000.0,0.03278982282299097
2021-07-04,0.057853357738429256,1.6496835399197312,56.55953241494202,79.1666666666667,0.03278982282299097,0.011173300598125255,-0.03315220731690051,0.021978906718775167,3.488571428571429,22.187300466207798,2.96,0.3311868691470973,11473010000.0,-0.010810916104215617
2021-07-11,0.06275845936085034,1.7830342638930279,55.22918628350676,75.00000000000001,-0.010810916104215617,0.03278982282299097,0.011173300598125255,-0.03315220731690051,3.5228571428571427,22.907574894369958,2.9792,0.324673521350876,11463190000.0,0.021506205220963463
2021-07-18,0.07226805796119917,2.0428832389289537,57.387953962559926,82.60869565217389,0.021506205220963463,-0.010810916104215617,0.03278982282299097,0.011173300598125255,3.565714285714286,23.576401149091964,2.9980160000000002,0.3100539841115277,11468390000.0,0.0816780310142673
2021-07-25,0.10442209609011988,2.9186662315544214,64.71663179993952,100.0,0.0816780310142673,0.021506205220963463,-0.010810916104215617,0.03278982282299097,3.6285714285714286,24.913707229687986,3.0164556800000004,0.3164786995321328,11513740000.0,-0.07109592168373034
2021-08-01,0.10608782857186583,2.951641536590568,55.69111832924709,63.6363636363636,-0.07109592168373034,0.0816780310142673,0.021506205220963463,-0.010810916104215617,3.642857142857143,26.155491447384293,3.0589974528000003,0.32815879242269475,11489150000.0,0.0
2021-08-08,0.10618391152967943,2.9418371492151776,55.69111832924709,57.89473684210524,0.0,-0.07109592168373034,0.0816780310142673,0.021506205220963463,3.6714285714285713,27.308576792388006,3.1226576056320003,0.3132903072496451,11500860000.0,0.020834086902842053
2021-08-15,0.1114308835162321,3.0701581351013867,57.648287261371344,68.42105263157893,0.020834086902842053,0.0,-0.07109592168373034,0.0816780310142673,3.6971428571428575,28.773184750806134,3.1824981492940805,0.3080552853032419,11516620000.0,-0.05292240145434244
2021-08-22,0.09831747543143754,2.706065889972921,51.52127413055205,42.10526315789476,-0.05292240145434244,0.020834086902842053,0.0,-0.07109592168373034,3.7085714285714286,29.61645268140725,3.2387482603364357,0.30033705063872457,11498800000.0,0.021506205220963463
2021-08-29,0.09330477706948814,2.5614770350775964,53.64362201292982,49.999999999999964,0.021506205220963463,-0.05292240145434244,0.020834086902842053,0.0,3.7228571428571433,29.44194582651379,3.2916233647162496,0.29602726130738705,11560780000.0,-0.03243527575315373
2021-09-05,0.0787414974175964,2.1617892956684592,50.10052080420478,33.33333333333336,-0.03243527575315373,0.021506205220963463,-0.05292240145434244,0.020834086902842053,3.7314285714285718,29.533963546551977,3.3413259628332748,0.28916817121400223,11549820000.0,0.02173998663640582
2021-09-12,0.0728159478622099,1.9959587998777117,52.35961406397037,44.44444444444447,0.02173998663640582,-0.03243527575315373,0.021506205220963463,-0.05292240145434244,3.7399999999999998,29.380130652958165,3.388046405063278,0.2770847304130021,11557340000.0,0.0
2021-09-19,0.06734361191012983,1.8432681439935321,52.35961406397037,44.44444444444447,0.0,0.02173998663640582,-0.03243527575315373,0.021506205220963463,3.742857142857143,29.376583415127698,3.4319636207594812,0.2687215353835019,11567120000.0,0.01069528911674795
2021-09-26,0.06547960383473761,1.7883862181195669,53.57831848251704,43.74999999999996,0.01069528911674795,0.0,0.02173998663640582,-0.03243527575315373,3.7571428571428567,29.776278734062213,3.473245803513912,0.2666699971418232,11579420000.0,0.031416196233378914
2021-10-03,0.0728456419086072,1.9808072444733604,57.122066996405515,59.999999999999964,0.031416196233378914,0.01069528911674795,0.0,0.02173998663640582,3.777142857142857,30.51515025004317,3.5120510553030773,0.26762214020312153,11600450000.0,0.020408871631207033
2021-10-10,0.08416837097607077,2.275747150685203,59.34997020503695,73.33333333333331,0.020408871631207033,0.031416196233378914,0.01069528911674795,0.0,3.794285714285714,31.201245229168343,3.5485279919848924,0.25993484447432713,11615900000.0,0.02985296314968113
2021-10-17,0.10165292086110833,2.727653338085936,62.49769250266717,87.5,0.02985296314968113,0.020408871631207033,0.031416196233378914,0.01069528911674795,3.8228571428571425,32.40598561951524,3.582816312465799,0.25565378415473233,11639760000.0,0.04785602117763514
2021-10-24,0.13014762039085426,3.4542669421617926,67.07393293287186,86.36363636363636,0.04785602117763514,0.02985296314968113,0.020408871631207033,0.031416196233378914,3.86,34.067749606711274,3.6289910074685348,0.2631070852865372,11692220000.0,-0.028437935320533514
2021-10-31,0.14141671409204193,3.7246372907236105,62.171850908181526,72.72727272727272,-0.028437935320533514,0.04785602117763514,0.02985296314968113,0.020408871631207033,3.865714285714286,35.32610916909446,3.7060919067216815,0.26431372205178455,11671620000.0,-0.039220713153281385
2021-11-07,0.13587065685972943,3.5644337942276407,56.26706096668431,54.545454545454525,-0.039220713153281385,-0.028437935320533514,0.04785602117763514,0.02985296314968113,3.8800000000000003,35.9283017551703,3.7754827160495132,0.26257702761951424,11647050000.0,-0.040821994520255166
2021-11-14,0.11721353900695197,3.0733010170360457,51.04601864302354,36.36363636363633,-0.040821994520255166,-0.039220713153281385,-0.028437935320533514,0.04785602117763514,3.882857142857143,35.94030877897518,3.8379344444445618,0.2581072399324061,11633550000.0,0.0
2021-11-21,0.10126037215355721,2.6536704973652023,51.046018643023544,36.36363636363633,0.0,-0.040821994520255166,-0.039220713153281385,-0.028437935320533514,3.8800000000000003,35.680307425856135,4.4,0.25109957993723425,11644440000.0,0.02061928720273561
2021-11-28,0.0939892542809142,2.4581513095212197,53.54561055294263,45.45454545454543,0.02061928720273561,0.0,-0.040821994520255166,-0.039220713153281385,3.897142857142857,36.07032225060304,4.388,0.26173532422743184,11655930000.0,0.0
2021-12-05,0.08722140689601243,2.276894831781901,53.54561055294263,39.99999999999997,0.0,0.02061928720273561,0.0,-0.040821994520255166,3.9085714285714284,36.43247887358232,4.36288,0.25446851535404386,11666860000.0,-0.01025650016718911
2021-12-12,0.07773410302583539,2.0272989825399956,52.00578294345768,34.999999999999964,-0.01025650016718911,0.0,0.02061928720273561,0.0,3.9257142857142857,36.76876716634879,4.3387648,0.24486362140018358,11660070000.0,0.020408871631207033
2021-12-19,0.07579693785090091,1.9719918175410431,54.8051014923697,44.999999999999964,0.020408871631207033,-0.01025650016718911,0.0,0.02061928720273561,3.942857142857143,37.213838265883304,4.3156142079999995,0.23594479130017046,11667130000.0,-0.03077165866675366
2021-12-26,0.06384278350756611,1.6611008977908042,50.08603590353307,26.315789473684166,-0.03077165866675366,0.020408871631207033,-0.01025650016718911,0.0,3.9514285714285715,37.76106344457197,4.293389639679999,0.2305201633501583,11658950000.0,0.02061928720273561
2022-01-02,0.060131206360992895,1.5622245164562716,52.99206289983524,29.411764705882305,0.02061928720273561,-0.03077165866675366,0.020408871631207033,-0.01025650016718911,3.962857142857143,38.26920111049715,4.272054054092799,0.225483008825147,11674320000.0,0.1512309697239235
2022-01-09,0.10759215068933514,2.7575450079080346,68.69464049218958,86.95652173913042,0.1512309697239235,0.02061928720273561,-0.03077165866675366,0.020408871631207033,4.011428571428572,40.29019402884773,3.76,0.26651993676620794,11774410000.0,-0.05406722127027559
2022-01-16,0.12440523071080811,3.163338647507627,60.52918306772272,60.86956521739136,-0.05406722127027559,0.1512309697239235,0.02061928720273561,-0.03077165866675366,4.0371428571428565,42.16683031017327,3.7784,0.2846256555686216,11734720000.0,0.02739897418811456
2022-01-23,0.14573279789901816,3.670577950085451,62.90353390318995,73.91304347826093,0.02739897418811456,-0.05406722127027559,0.1512309697239235,0.02061928720273561,4.062857142857143,43.90942114283269,3.796432,0.29000953731372003,11756640000.0,0.026668247082161055
2022-01-30,0.17035430725845302,4.244027474505567,65.16050164701849,83.33333333333333,0.026668247082161055,0.02739897418811456,-0.05406722127027559,0.1512309697239235,4.082857142857143,45.82913346248169,3.81410336,0.29215171321988287,11789630000.0,0.01739174271186924
2022-02-06,0.1940850703490815,4.780008944281812,66.6186127531138,84.6153846153846,0.01739174271186924,0.026668247082161055,0.02739897418811456,-0.05406722127027559,4.117142857142857,47.719378714826476,3.8503392256,0.2884265908470341,11811870000.0,0.008583743691391435
2022-02-13,0.21365663607138075,5.20320630920632,67.35431022199549,88.46153846153845,0.008583743691391435,0.01739174271186924,0.026668247082161055,0.02739897418811456,4.1657142857142855,48.8268612593583,3.9073188720639997,0.2878246915008173,11834640000.0,0.07410797215372204
2022-02-20,0.25527359911795244,6.113728150277518,73.10035081688379,79.99999999999999,0.07410797215372204,0.008583743691391435,0.01739174271186924,0.026668247082161055,4.251428571428571,50.638839015330525,3.9608797397401596,0.32155149925075893,11892400000.0,-0.15415067982725822
2022-02-27,0.22753448356620076,5.435442570042305,53.00571241630906,35.00000000000002,-0.15415067982725822,0.07410797215372204,0.008583743691391435,0.01739174271186924,4.285714285714286,50.12665769265303,4.072809360560947,0.3585835350185618,11861200000.0,0.018349138668196617
2022-03-06,0.20959033909042812,4.987908181175524,54.50226734895087,40.00000000000002,0.018349138668196617,-0.15415067982725822,0.07410797215372204,0.008583743691391435,4.32,49.27598095542187,5.36,0.3672561396600931,11873330000.0,0.03571808260207903
2022-03-13,0.20590657530923373,4.8695065893407,57.42265716950865,48.71794871794869,0.03571808260207903,0.018349138668196617,-0.15415067982725822,0.07410797215372204,4.365714285714286,48.48606684227865,5.3352,0.3553092725415149,11887870000.0,-0.06336961393258914
2022-03-20,0.17833773957970234,4.213725979006562,51.22591370811401,28.94736842105265,-0.06336961393258914,0.03571808260207903,0.018349138668196617,-0.15415067982725822,4.394285714285714,47.350558183127156,5.3108960000000005,0.3499300387885495,11879140000.0,-0.08786135579133439
2022-03-27,0.12598793677645403,2.9931766870521956,44.56674122479707,5.263157894736845,-0.08786135579133439,-0.06336961393258914,0.03571808260207903,0.018349138668196617,4.3914285714285715,44.593030343679494,5.287078080000001,0.3535064645893674,11844700000.0,0.02020270731751947
2022-04-03,0.08991914042887927,2.144159787557663,46.23924863193981,10.52631578947369,0.02020270731751947,-0.08786135579133439,-0.06336961393258914,0.03571808260207903,4.402857142857143,41.8848967746801,5.2307949568000005,0.3482560028329841,11881580000.0,0.009950330853168092
2022-04-10,0.06382627559327059,1.5261069625008192,47.09869486783046,13.157894736842113,0.009950330853168092,0.02020270731751947,-0.08786135579133439,-0.06336961393258914,4.411428571428571,39.50384896481751,5.147347259392,0.33480914548777096,11887670000.0,0.00985229644301164
2022-04-17,0.04584666609992194,1.0981983365019665,47.99404143533761,15.789473684210536,0.00985229644301164,0.009950330853168092,0.02020270731751947,-0.08786135579133439,4.377142857142857,37.29287599851653,5.06890642382848,0.3194656350957873,11903440000.0,0.15415067982725816
2022-04-24,0.08548262258120154,2.0265810548110936,60.296397774354766,60.526315789473664,0.15415067982725816,0.00985229644301164,0.009950330853168092,0.02020270731751947,4.408571428571428,37.241445899836016,4.995172038398771,0.353789518303231,11964140000.0,0.0
2022-05-01,0.1155622736980888,2.713867436922047,60.296397774354766,60.526315789473664,0.0,0.15415067982725816,0.00985229644301164,0.009950330853168092,4.4314285714285715,37.19368937963269,4.925861716094845,0.3485188384244288,11999380000.0,0.08068891125014287
2022-05-08,0.16972083484438993,3.92416968318477,65.81349180890389,86.84210526315789,0.08068891125014287,0.0,0.15415067982725816,0.00985229644301164,4.474285714285714,37.97982301410809,3.84,0.37219606425125534,12061080000.0,0.0077220460939103185
2022-05-15,0.21340949859326397,4.861456316251808,66.31753645585306,60.71428571428572,0.0077220460939103185,0.08068891125014287,0.0,0.15415067982725816,4.514285714285714,39.59090093440085,3.8695999999999997,0.4256106310904514,12145860000.0,0.0
2022-05-22,0.24520649157493768,5.5104571469525565,66.31753645585306,60.71428571428572,0.0,0.0077220460939103185,0.08068891125014287,0.0,4.551428571428572,39.96939764685253,3.9580159999999998,0.4466384431554192,12179160000.0,-0.023347363996991177
2022-05-29,0.2577516400184159,5.732249793068064,63.081546138547736,55.35714285714286,-0.023347363996991177,0.0,0.0077220460939103185,0.08068891125014287,4.554285714285714,40.320858879843364,4.04289536,0.4490214115014607,12090680000.0,0.08306659869861328
2022-06-05,0.2997428344967137,6.5555797881766615,69.04578164999205,74.99999999999999,0.08306659869861328,-0.023347363996991177,0.0,0.0077220460939103185,4.640000000000001,41.217849322936914,4.1243795456,0.4798055963942135,12194230000.0,-0.08306659869861333
2022-06-12,0.29412633063217,6.380268590710736,58.81348991971337,55.35714285714286,-0.08306659869861333,0.08306659869861328,-0.023347363996991177,0.0,4.688571428571429,42.05076902009522,4.202604363776,0.47981948236605537,12175050000.0,-0.01587334915629012
2022-06-19,0.2799923024689841,6.035838709719641,57.15500315471799,51.785714285714285,-0.01587334915629012,-0.08306659869861333,0.08306659869861328,-0.023347363996991177,4.72,41.84891601873577,4.27770018922496,0.47126094791133716,12160770000.0,-0.008032171697264267
2022-06-26,0.26253695501954777,5.630673940490863,56.30013491425727,50.0,-0.008032171697264267,-0.01587334915629012,-0.08306659869861333,0.08306659869861328,4.768571428571429,41.661481088902,4.349792181655962,0.4518851659176702,12142180000.0,0.0
2022-07-03,0.24586923886948142,5.248403057876318,56.30013491425727,50.0,0.0,-0.008032171697264267,-0.01587334915629012,-0.08306659869861333,4.8428571428571425,41.612213765557826,4.419000494389723,0.43675051120926517,12159600000.0,0.0
2022-07-10,0.23000855825197064,4.8885517470885915,56.30013491425727,46.15384615384615,0.0,0.0,-0.008032171697264267,-0.01587334915629012,4.911428571428572,41.41299212792152,4.485440474614134,0.41698261755146054,12167000000.0,-0.04115807249350756
2022-07-17,0.1990065029732726,4.22598455777167,51.490662239549984,36.538461538461526,-0.04115807249350756,0.0,0.0,-0.008032171697264267,4.962857142857142,40.20609564679235,4.549222855629569,0.4129124305834991,12161720000.0,-0.060624621816434736
2022-07-24,0.1501130807124884,3.199242710820223,45.61558004666024,25.92592592592595,-0.060624621816434736,-0.04115807249350756,0.0,0.0,4.991428571428571,37.471339590046526,6.08,0.44341868554182057,12139410000.0,0.02643325706815543
2022-07-31,0.11966822759406792,2.554110736021554,48.336270431503834,31.481481481481467,0.02643325706815543,-0.060624621816434736,-0.04115807249350756,0.0,4.9799999999999995,34.931923251639695,6.0368,0.4346030651459762,12147520000.0,-0.07210329390134369
2022-08-07,0.06892461643183978,1.4805638577823244,42.26427470717751,16.66666666666668,-0.07210329390134369,0.02643325706815543,-0.060624621816434736,-0.04115807249350756,4.945714285714286,32.865631163706915,5.994464000000001,0.42641713192126357,12142850000.0,0.0
2022-08-14,0.028382760205800217,0.6133503651148582,42.26427470717751,16.66666666666668,0.0,-0.07210329390134369,0.02643325706815543,-0.060624621816434736,4.882857142857143,31.325741299278416,5.95297472,0.415958765355459,12151380000.0,-0.028437935320533514
2022-08-21,-0.013276902195864082,-0.2890766191523189,40.074845962693075,13.333333333333346,-0.028437935320533514,0.0,-0.07210329390134369,0.02643325706815543,4.808571428571428,29.99063672415125,5.9123152256000004,0.4005331392586405,12143260000.0,0.05608946665104358
2022-08-28,-0.026619635961317556,-0.5813950459232553,46.089933370816816,26.666666666666693,0.05608946665104358,-0.028437935320533514,0.0,-0.07210329390134369,4.751428571428571,27.935393564979375,5.872468921088,0.3976379150258804,12147970000.0,-0.027651531330510123
2022-09-04,-0.04634263664979166,-1.017074849165962,43.7265576978436,20.000000000000018,-0.027651531330510123,0.05608946665104358,-0.028437935320533514,0.0,4.694285714285714,25.96407665339707,5.83341954266624,0.3949494925240318,12133380000.0,-0.018868484304382805
2022-09-11,-0.06764877523307078,-1.49333129291744,42.173940867256604,17.073170731707336,-0.018868484304382805,-0.027651531330510123,0.05608946665104358,-0.028437935320533514,4.6000000000000005,24.31486991751171,5.795151151812915,0.38102452877231524,12124720000.0,0.0
2022-09-18,-0.08357069263896744,-1.8548144339327313,42.173940867256604,22.580645161290338,0.0,-0.018868484304382805,-0.027651531330510123,0.05608946665104358,4.537142857142857,22.783463662761022,5.7576481287766565,0.3652370624314356,12129930000.0,0.04652001563489291
2022-09-25,-0.07913834083288673,-1.7594952962820976,47.57148196117852,38.70967741935487,0.04652001563489291,0.0,-0.018868484304382805,-0.027651531330510123,4.494285714285715,21.361443569063958,5.720895166201124,0.3677201294006188,12148510000.0,-0.04652001563489293
2022-10-02,-0.09071825504940012,-2.02689375477394,43.22632599907846,22.580645161290338,-0.04652001563489293,0.04652001563489291,0.0,-0.018868484304382805,4.44,20.040996339202394,5.684877262877101,0.36431154872914606,12138550000.0,0.0
2022-10-09,-0.0987570111443965,-2.2166167320648222,43.22632599907846,25.00000000000002,0.0,-0.04652001563489293,0.04652001563489291,0.0,4.385714285714286,18.814866768616657,5.649579717619559,0.34686072381992133,12143390000.0,0.03738753207162041
2022-10-16,-0.09116621308612416,-2.04948753622039,47.661769746214695,42.30769230769235,0.03738753207162041,0.0,-0.04652001563489293,0.04652001563489291,4.342857142857143,17.743465713871803,5.6149881232671675,0.33637067211849836,12148900000.0,-0.03738753207162033
2022-10-23,-0.0969436081904842,-2.188414505288134,43.962962423124765,35.000000000000036,-0.03738753207162033,0.03738753207162041,0.0,-0.04652001563489293,4.302857142857143,16.74859330589444,5.581088360801824,0.3237727669671771,12139850000.0,0.009478743954543739
2022-10-30,-0.0971744036917297,-2.200610751501103,45.1098236301301,33.33333333333337,0.009478743954543739,-0.03738753207162033,0.03738753207162041,0.0,4.285714285714286,15.824783212772601,5.547866593585788,0.31207471218380733,12156060000.0,0.018692133012152546
2022-11-06,-0.08986605938425285,-2.038381521818623,47.42727618897387,57.14285714285723,0.018692133012152546,0.009478743954543739,-0.03738753207162033,0.03738753207162041,4.265714285714286,14.966959554873753,5.515309261714072,0.30121223274210684,12180060000.0,0.02739897418811456
2022-11-13,-0.0735433843925346,-1.6672665202051309,50.78387607780996,78.5714285714287,0.02739897418811456,0.018692133012152546,0.009478743954543739,-0.03738753207162033,4.277142857142858,14.72304790807861,5.4834030764797905,0.29112564468909924,12195060000.0,0.06959329179919518
2022-11-20,-0.03438979704127387,-0.7750920484346736,58.40966724655686,86.36363636363635,0.06959329179919518,0.02739897418811456,0.018692133012152546,0.009478743954543739,4.311428571428572,16.019507800359076,5.452135014950195,0.3074738129255921,12219270000.0,-0.01694955831377332
2022-11-27,-0.009703769378134552,-0.21782355233957773,56.070627461405124,77.27272727272725,-0.01694955831377332,0.06959329179919518,0.02739897418811456,0.018692133012152546,4.348571428571429,17.22336341461951,5.421492314651191,0.2940828262880498,12204400000.0,0.0
2022-12-04,0.009747719752565942,0.21799410739799605,56.070627461405124,77.27272727272725,0.0,-0.01694955831377332,0.06959329179919518,0.02739897418811456,4.368571428571429,17.882126159232257,5.391462468358167,0.2902197672674749,12221180000.0,-0.025975486403260677
2022-12-11,0.015303755740977643,0.341746348966325,52.41887603860809,63.6363636363636,-0.025975486403260677,0.0,-0.01694955831377332,0.06959329179919518,4.388571428571429,18.264555188301365,5.362033218991003,0.28091835531979814,12218650000.0,0.0
2022-12-18,0.01948237361519123,0.4344699999634649,52.418876038608104,63.6363636363636,0.0,-0.025975486403260677,0.0,-0.01694955831377332,4.414285714285714,18.38542372151383,5.333192554611183,0.26942418708266963,12221520000.0,-0.00881062968215492
2022-12-25,0.019343314985413862,0.4311137335882671,51.13150863121168,59.09090909090905,-0.00881062968215492,0.0,-0.025975486403260677,0.0,4.437142857142858,18.497658788068268,5.30492870351896,0.2644653165767646,12216030000.0,0.034786116085415604
2023-01-01,0.031777462042022364,0.7059880012665385,55.80686082522385,74.99999999999997,0.034786116085415604,-0.00881062968215492,0.0,-0.025975486403260677,4.457142857142857,18.77304573962388,5.277230129448581,0.25986065110699563,12228860000.0,0.041847109935500504
2023-01-08,0.057111594783900266,1.2609649522249975,60.84908358412123,100.0,0.041847109935500504,0.034786116085415604,-0.00881062968215492,0.0,4.505714285714285,19.798723553274222,5.25008552685961,0.2612991760279245,12241130000.0,0.008163310639160835
2023-01-15,0.07950031308840355,1.7441370642475016,61.788115412334754,99.99999999999999,0.008163310639160835,0.041847109935500504,0.034786116085415604,-0.00881062968215492,4.557142857142857,20.889807442471017,5.2234838163224175,0.2569206634545013,12249830000.0,-0.016393809775676383
2023-01-22,0.08975357884733448,1.9601028115500116,58.752947523285464,84.99999999999999,-0.016393809775676383,0.008163310639160835,0.041847109935500504,0.034786116085415604,4.591428571428572,22.043560552871295,5.197414139995969,0.2557120446363227,12238480000.0,0.07940677760441062
2023-01-29,0.12867276337245404,2.7803192388970346,67.38084795551019,96.42857142857142,0.07940677760441062,-0.016393809775676383,0.008163310639160835,0.041847109935500504,4.6657142857142855,24.046258042117106,3.92,0.27458975573372824,12252690000.0,-0.015384918839479456
2023-02-05,0.15131687930099513,3.241999462330467,64.47598998090328,73.52941176470591,-0.015384918839479456,0.07940677760441062,-0.016393809775676383,0.008163310639160835,4.731428571428571,26.41688264192989,3.9472,0.2921190588956048,12239070000.0,-0.07232066157962613
2023-02-12,0.1386156381703545,2.9636353356692418,53.33342653767347,41.93548387096773,-0.07232066157962613,-0.015384918839479456,0.07940677760441062,-0.016393809775676383,4.765714285714286,27.33836073801271,4.010112,0.29696769754591873,12233070000.0,0.08004270767353656
2023-02-19,0.1589936898409876,3.3714095632094376,61.32999254009636,72.41379310344831,0.08004270767353656,-0.07232066157962613,-0.015384918839479456,0.07940677760441062,4.819999999999999,28.19401897008962,4.0705075200000005,0.3071842905783531,12241410000.0,-0.015504186535965312
2023-02-26,0.16676573955625784,3.5139118891295853,59.1470350882279,47.22222222222222,-0.015504186535965312,0.08004270767353656,-0.07232066157962613,-0.015384918839479456,4.845714285714286,30.33237353498089,4.1284872192,0.34809969839418503,12211860000.0,0.07522342123758753
2023-03-05,0.20286331993652684,4.2234909536938385,65.7175435605518,74.99999999999997,0.07522342123758753,-0.015504186535965312,0.08004270767353656,-0.07232066157962613,4.905714285714285,32.31798848809421,4.233577986048,0.3689497199374575,12286240000.0,-0.06744128079553253
2023-03-12,0.20011511858276076,4.143476553568249,56.854772737131796,50.0,-0.06744128079553253,0.07522342123758753,-0.015504186535965312,0.08004270767353656,4.9399999999999995,34.16177380169943,4.33236330688512,0.37688188279906765,12265940000.0,0.03802739558923932
2023-03-19,0.21163587115650273,4.346662080828605,60.07608961448065,63.888888888888914,0.03802739558923932,-0.06744128079553253,0.07522342123758753,-0.015504186535965312,4.997142857142856,35.87386016433286,4.425221508472013,0.38139031974199133,12287600000.0,0.03663413317978017
2023-03-26,0.2342047129603566,4.7601432303821305,63.04728823596217,52.83018867924526,0.03663413317978017,0.03802739558923932,-0.06744128079553253,0.07522342123758753,5.0685714285714285,38.628258178981106,4.512508217963692,0.4512910111889919,12512610000.0,-0.014493007302566639
2023-04-02,0.24283608801511036,4.894318253983834,61.08887028468341,48.076923076923094,-0.014493007302566639,0.03663413317978017,0.03802739558923932,-0.06744128079553253,5.137142857142857,41.18591347829733,4.676307560526596,0.44477022467549243,12452940000.0,0.20991778909494851
2023-04-09,0.3489394606304863,6.848923856608742,74.65459237962477,100.0,0.20991778909494851,-0.014493007302566639,0.03663413317978017,0.03802739558923932,5.285714285714286,44.1137606158769,4.827002955684469,0.5101437800558143,12900410000.0,0.37135949562165355
2023-04-16,0.6705994880569994,12.31963273680067,86.60176246236838,100.0,0.37135949562165355,0.20991778909494851,-0.014493007302566639,0.03663413317978017,5.637142857142856,47.4662556520985,5.020302660116021,0.6908477957661133,13200860000.0,0.13709645878901877
2023-04-23,1.029841965521566,17.53602397376208,89.1989597593345,79.12621359223299,0.13709645878901877,0.37135949562165355,0.20991778909494851,-0.014493007302566639,6.088571428571429,50.808085022266596,5.4,0.8672158103542481,13747180000.0,-0.37049651027041763
2023-04-30,1.0219568186288877,16.997144804944313,59.28822174645477,36.58536585365853,-0.37049651027041763,0.13709645878901877,0.37135949562165355,0.20991778909494851,6.297142857142857,50.19462317880491,6.458400000000001,1.0538432524718018,13592780000.0,0.28896990263620953
2023-05-07,1.2115401728454058,19.12588927098675,67.9384982114459,68.29268292682926,0.28896990263620953,-0.37049651027041763,0.13709645878901877,0.37135949562165355,6.662857142857143,48.96722668762645,12.96,1.2157115915809589,13616820000.0,0.019121041446778595
2023-05-14,1.3622218301621043,20.492082710979496,68.49306944993049,70.73170731707317,0.019121041446778595,0.28896990263620953,-0.37049651027041763,0.13709645878901877,7.048571428571428,48.642570133098424,12.841600000000001,1.3203036207537475,13713570000.0,0.15089864444088097
2023-05-21,1.6019613413912879,22.67534940174926,72.84348421505865,91.70731707317071,0.15089864444088097,0.019121041446778595,0.28896990263620953,-0.37049651027041763,7.582857142857143,48.34110333246525,12.725568,1.3688533621284797,13738800000.0,-0.05009394531891543
2023-05-28,1.723672225215962,23.271988746424334,69.25128910312819,78.77358490566037,-0.05009394531891543,0.15089864444088097,0.019121041446778595,0.28896990263620953,8.045714285714286,48.46044538370057,7.04,1.4053638362621597,13702140000.0,0.07581883655735129
2023-06-04,1.8727770803467907,24.036672459980863,71.56664903335843,89.62264150943396,0.07581883655735129,-0.05009394531891543,0.15089864444088097,0.019121041446778595,8.58,48.57126300270479,7.1688,1.3735521336720053,13714870000.0,0.10536051565782635
2023-06-11,2.0799358462715514,25.207573688625274,74.68992221090403,85.82375478927203,0.10536051565782635,0.07581883655735129,-0.05009394531891543,0.15089864444088097,9.185714285714285,49.455117769530204,7.295024,1.5240126955525763,13750690000.0,-0.0864920313534435
2023-06-18,2.126001137565634,24.746431049206937,68.0226231157747,74.61538461538461,-0.0864920313534435,0.10536051565782635,0.07581883655735129,-0.05009394531891543,9.734285714285715,50.27584005301095,7.62242304,1.529440360155964,13716160000.0,0.08934510033584996
2023-06-25,2.23359074028817,24.832128547124316,70.91506092261464,85.99221789883268,0.08934510033584996,-0.0864920313534435,0.10536051565782635,0.07581883655735129,10.354285714285712,51.0862291056282,7.9367261184,1.5173374772876809,13739130000.0,0.1626613694951669
2023-07-02,2.4902653208794643,26.070107608619175,75.78908355090923,97.54385964912281,0.1626613694951669,0.08934510033584996,-0.0864920313534435,0.10536051565782635,11.137142857142859,52.37349064923977,8.238457073664,1.6146705146242755,13838850000.0,-0.17990317592967292
2023-07-09,2.4460044900506563,24.79015198307221,63.26647206541526,58.33333333333333,-0.17990317592967292,0.1626613694951669,0.08934510033584996,-0.0864920313534435,11.73142857142857,53.99931788082045,8.75214964924416,1.9279083350082558,13739580000.0,0.16034265007517928
2023-07-16,2.574905497349448,24.91210193562963,68.25121118722272,72.30769230769229,0.16034265007517928,-0.17990317592967292,0.1626613694951669,0.08934510033584996,12.405714285714286,55.3703851291851,9.635977677304627,2.055914882507666,13778630000.0,-0.10398971352404764
2023-07-23,2.518917335006911,23.64777125829453,62.1921061328102,59.24764890282131,-0.10398971352404764,0.16034265007517928,-0.17990317592967292,0.1626613694951669,12.748571428571427,56.606719089253964,10.449099463120257,2.131920962328547,13745150000.0,0.02702867238791942
2023-07-30,2.4782551869037057,22.583166670404164,63.07467209166548,62.38244514106582,0.02702867238791942,-0.10398971352404764,0.16034265007517928,-0.17990317592967292,13.017142857142858,57.01207091189918,11.197171506070637,2.179640893590794,13781750000.0,0.03665331764803558
2023-08-06,2.4628275188809248,21.76870451805702,64.33006514865977,66.77115987460814,0.03665331764803558,0.02702867238791942,-0.10398971352404764,0.16034265007517928,13.574285714285713,57.422961881047925,11.885397785584987,2.1468094011914514,13811260000.0,0.0671059166428169
2023-08-13,2.5088277502718395,21.428023048388155,66.68265469823177,68.4,0.0671059166428169,0.03665331764803558,0.02702867238791942,-0.10398971352404764,14.022857142857143,58.09810593958455,12.518565962738188,2.110608729677776,13855690000.0,0.3323428432792017
2023-08-20,3.039582031273019,24.20163134790704,76.72440481284418,100.0,0.3323428432792017,0.0671059166428169,0.03665331764803558,0.02702867238791942,14.925714285714287,59.50880202980813,13.101080685719133,2.428422391843649,13966740000.0,0.13976194237515882
2023-08-27,3.6983828835528865,27.183239745501968,80.14343697768122,78.37837837837837,0.13976194237515882,0.3323428432792017,0.0671059166428169,0.03665331764803558,15.954285714285716,61.312977597831036,14.110972617147219,2.834963649569102,14106270000.0,0.004487666469387977
2023-09-03,4.181963233532235,28.67744941229496,80.25116546156846,78.95833333333334,0.004487666469387977,0.13976194237515882,0.3323428432792017,0.0671059166428169,17.034285714285712,62.98828348242374,16.118455903089554,2.8696091031713093,14145100000.0,-0.0775582343458745
2023-09-10,4.353634866894605,28.381687430884266,73.12993427017307,67.94055201698514,-0.0775582343458745,0.004487666469387977,0.13976194237515882,0.3323428432792017,17.905714285714286,62.35211815984433,17.88504119471881,3.0360655958019303,14080020000.0,0.019169916107720123
2023-09-17,4.476811960077153,27.847939919978128,73.73238333159964,69.84815618221259,0.019169916107720123,-0.0775582343458745,0.004487666469387977,0.13976194237515882,18.71142857142857,61.858962449961304,19.439636251352553,3.039203767530364,14113890000.0,-0.05362779603140813
2023-09-24,4.4170012842506345,26.512733717522785,69.14138578912211,61.86252771618626,-0.05362779603140813,0.019169916107720123,-0.0775582343458745,0.004487666469387977,19.505714285714284,60.61168394181999,20.807679901190248,2.990689212706766,14090920000.0,0.006655598611736067
2023-10-01,4.3325684039392485,25.17102578577485,69.39018001585593,62.749445676274945,0.006655598611736067,-0.05362779603140813,0.019169916107720123,-0.0775582343458745,20.225714285714282,59.453496755688775,22.01155831304742,2.8227828403705684,14099010000.0,0.014815085785140682
2023-10-08,4.245761236698826,23.918630962723437,69.97670886519629,64.7450110864745,0.014815085785140682,0.006655598611736067,-0.05362779603140813,0.019169916107720123,20.794285714285714,58.744411947571734,22.92,2.7925840660583847,14115040000.0,0.016207810226853303
2023-10-15,4.161274011804494,22.765402622703604,70.64966058105134,66.96230598669622,0.016207810226853303,0.014815085785140682,0.006655598611736067,-0.05362779603140813,21.585714285714285,58.0859760543202,23.76,2.6702566327685,14131510000.0,0.0
2023-10-22,4.0476583910262605,21.566914967249428,70.64966058105134,66.96230598669622,0.0,0.016207810226853303,0.014815085785140682,0.006655598611736067,22.205714285714286,57.43162565627863,30.84,2.5652383018564646,14151490000.0,-0.003220614700042172
2023-10-29,3.9061343759888807,20.32885589788372,70.28424843845265,66.51884700665188,-0.003220614700042172,0.0,0.016207810226853303,0.014815085785140682,22.934285714285718,56.863085855795624,30.711199999999998,2.476292708866717,14130720000.0,-0.003231020581446532
2023-11-05,3.7443576191819474,19.08193483798865,69.89493153336527,63.57142857142857,-0.003231020581446532,-0.003220614700042172,0.0,0.016207810226853303,23.62857142857143,56.335156041061396,30.584975999999997,2.3451289439476652,14120720000.0,0.00323102058144654
2023-11-12,3.581320472177289,17.901193904581735,70.07345140803113,60.26315789473684,0.00323102058144654,-0.003231020581446532,-0.003220614700042172,0.0,24.28857142857143,55.461394307236496,30.46127648,2.240476876522832,14139170000.0,0.03953083875663522
2023-11-19,3.4925441265505377,17.090803724466454,72.2857548954291,64.3059490084986,0.03953083875663522,0.00323102058144654,-0.003231020581446532,-0.003220614700042172,24.942857142857143,54.84589451379868,30.2076254208,2.1890142424854866,14156570000.0,0.04694275924719164
2023-11-26,3.4821063158566403,16.64131411001831,74.7758241451129,57.964601769911496,0.04694275924719164,0.03953083875663522,0.00323102058144654,-0.003231020581446532,25.217142857142857,54.748299861207215,29.964120403968,2.224084653736523,14200090000.0,0.008836581800498164
2023-12-03,3.4533917198331388,16.14092910985715,75.23952886408344,72.87234042553192,0.008836581800498164,0.04694275924719164,0.03953083875663522,0.00323102058144654,25.259999999999998,54.657676255229426,29.73035558780928,2.1395071784696285,14221300000.0,0.02032000249095753
2023-12-10,3.4362120024946883,15.71009513046335,76.33281202469274,98.05194805194803,0.02032000249095753,0.008836581800498164,0.04694275924719164,0.03953083875663522,25.33428571428571,54.06885697870426,29.50594136429691,2.1152566657217977,14237750000.0,0.2345722471378325
2023-12-17,3.970715505976024,17.36982415195307,85.43516657068565,85.99439775910363,0.2345722471378325,0.02032000249095753,0.008836581800498164,0.04694275924719164,26.07714285714286,55.018235535700555,24.12,2.6613097610273835,14289800000.0,-0.016036998909817076
2023-12-24,4.2995633733078265,18.116810251378983,82.82502793830194,82.07282913165265,-0.016036998909817076,0.2345722471378325,0.02032000249095753,0.008836581800498164,26.745714285714286,55.899801338625686,24.381600000000002,2.6826447780968565,14274030000.0,0.3797326941416863
2023-12-31,5.784563116963138,22.485625976786167,91.14707658759447,100.0,0.3797326941416863,-0.016036998909817076,0.2345722471378325,0.02032000249095753,28.65142857142857,57.66447641421956,24.637968,3.633884436804224,14321860000.0,0.08983781591731743
2024-01-07,7.261818607098057,26.005925640128524,92.33672890238128,87.17948717948718,0.08983781591731743,0.3797326941416863,-0.016036998909817076,0.2345722471378325,30.88571428571429,59.615650658083375,25.67804928,4.3714641198896365,14485170000.0,0.29756091345647706
2024-01-14,9.868080673647093,31.4458252926138,95.16125274121534,91.98250728862973,0.29756091345647706,0.08983781591731743,0.3797326941416863,-0.016036998909817076,34.465714285714284,61.78179510806025,27.7373663232,5.844930968468948,14595980000.0,-0.12248576518328959
2024-01-21,11.111527242326282,32.733369168908546,80.79629347322313,76.31195335276969,-0.12248576518328959,0.29756091345647706,0.08983781591731743,0.3797326941416863,37.402857142857144,63.79321495446736,31.838377017344,6.598864470721166,14523900000.0,-0.06899287148695143
2024-01-28,11.608113274854702,32.25009644580563,74.59222320223336,68.29446064139943,-0.06899287148695143,-0.12248576518328959,0.29756091345647706,0.08983781591731743,40.02571428571429,62.926532856132376,35.61130685595648,7.507517008526796,14443770000.0,-0.13241883919991898
2024-02-04,11.255431525127904,30.155326532273207,65.22662459865771,54.3731778425656,-0.13241883919991898,-0.06899287148695143,-0.12248576518328959,0.29756091345647706,42.10857142857143,62.246387183361264,39.08240230747996,8.216980079346312,14397910000.0,-0.021731840627339405
2024-02-11,10.758311276480093,27.96461305364587,63.914453751237524,52.259475218658885,-0.021731840627339405,-0.13241883919991898,-0.06899287148695143,-0.12248576518328959,44.114285714285714,61.212144226646274,42.275810122881566,8.187195787964432,14369450000.0,-0.01757783126397257
2024-02-18,10.172837448890157,25.77724564457994,62.83481041033297,50.43859649122807,-0.01757783126397257,-0.021731840627339405,-0.13241883919991898,-0.06899287148695143,46.04857142857143,60.43710571787435,45.21374531305104,8.373824660252687,14342240000.0,0.09622095858308567
2024-02-25,10.016208809622938,24.566252203293846,66.32403861775217,59.27029039463886,0.09622095858308567,-0.01757783126397257,-0.021731840627339405,-0.13241883919991898,48.285714285714285,59.71742710258614,47.91664568800696,8.36998004166321,14396940000.0,0.17435338714477774
2024-03-03,10.647269461939246,24.883133881460445,72.16702576994288,72.98050139275766,0.17435338714477774,0.09622095858308567,-0.01757783126397257,-0.021731840627339405,51.21142857142858,60.297160785683324,48.0,9.657838610115837,14580200000.0,-0.09237332013101517
2024-03-10,10.541721318176357,23.843504105848588,65.42534775438259,62.53481894150418,-0.09237332013101517,0.17435338714477774,0.09622095858308567,-0.01757783126397257,53.69142857142857,60.83548491998785,48.8,9.996564423678992,14496250000.0,-0.003231020581446532
2024-03-17,10.322938911317387,22.680332548246547,65.20668001406702,61.269614835948644,-0.003231020581446532,-0.09237332013101517,0.17435338714477774,0.09622095858308567,56.11714285714286,60.04507879854385,52.272,9.925381250559065,14469820000.0,-0.08436703873653946
2024-03-24,9.635027465358739,20.787156963978035,59.82354225258008,46.43143544506816,-0.08436703873653946,-0.003231020581446532,-0.09237332013101517,0.17435338714477774,57.660000000000004,59.0324365391437,83.52,9.887854018376276,14444000000.0,-0.04685541728150508
2024-03-31,8.778857216070804,18.70536958664469,57.180062094075275,39.06899418121365,-0.04685541728150508,-0.08436703873653946,-0.003231020581446532,-0.09237332013101517,59.05714285714286,58.05974759597057,82.8976,9.510150159920826,14414870000.0,0.09832475251098546
2024-04-07,8.454748249066625,17.656195237712083,61.16088300794475,36.712913553895405,0.09832475251098546,-0.04685541728150508,-0.08436703873653946,-0.003231020581446532,59.71142857142858,57.354698074517835,81.669696,9.416568005640768,14437060000.0,-0.06565397022143678
2024-04-14,7.801332411680832,16.089691336511596,57.27011853089181,25.298588490770904,-0.06565397022143678,0.09832475251098546,-0.04685541728150508,-0.08436703873653946,59.75428571428572,56.70000923316886,79.86551424,9.272527433809284,14412460000.0,0.0
2024-04-21,7.200492853481933,14.681975266122002,57.27011853089181,25.298588490770904,0.0,-0.06565397022143678,0.09832475251098546,-0.04685541728150508,58.425714285714285,56.2108498577383,78.16958338559999,9.18163261710862,14459370000.0,0.007117467768863955
2024-04-28,6.679601543172453,13.470187490494467,57.599408778717375,26.384364820846905,0.007117467768863955,0.0,-0.06565397022143678,0.09832475251098546,57.74,55.75663043769564,76.57540838246399,8.897230287315148,14485350000.0,-0.11247798342669033
2024-05-05,5.716742521782713,11.514505174878076,51.222843542619174,6.7567567567567535,-0.11247798342669033,0.007117467768863955,0.0,-0.06565397022143678,56.94,54.08392167739189,75.07688387951615,8.918856695364067,14454260000.0,-0.05296553557991268
2024-05-12,4.689810325288967,9.472205793969351,48.70654103155352,1.6519823788546102,-0.05296553557991268,-0.11247798342669033,0.007117467768863955,0.0,56.5,52.348383905498814,72.92673316915486,8.510366931409491,14440570000.0,-0.1293560212140419
2024-05-19,3.3691106234743344,6.882071852298792,43.565180981302,4.155124653739606,-0.1293560212140419,-0.05296553557991268,-0.11247798342669033,0.007117467768863955,55.72857142857142,49.560078860084836,70.35405985223937,8.459626436308813,14410230000.0,0.09962984094884134
2024-05-26,2.646977117796496,5.427955498285917,48.04563607135732,14.312096029547545,0.09962984094884134,-0.1293560212140419,-0.05296553557991268,-0.11247798342669033,55.33714285714286,46.970938460771855,66.73557266997065,8.298224548001041,14419050000.0,-0.11886120287672881
2024-06-02,1.6362232074472232,3.3942863478641825,43.63643776069868,2.7573529411764772,-0.11886120287672881,0.09962984094884134,-0.1293560212140419,-0.05296553557991268,54.199999999999996,44.40002798413783,63.55130394957418,8.162637080286682,14408920000.0,0.061195561026919504
2024-06-09,1.0330829847240324,2.157699574020255,46.29050220713205,10.439560439560431,0.061195561026919504,-0.11886120287672881,0.09962984094884134,-0.1293560212140419,52.471428571428575,42.01275397012052,60.25412139663379,7.77959157455192,14419790000.0,0.09156719352549063
2024-06-16,0.8838069357560201,1.8455755069649908,50.35709636596776,34.48275862068965,0.09156719352549063,0.061195561026919504,-0.11886120287672881,0.09962984094884134,51.471428571428575,40.68455937168146,57.41854440110506,7.738192176369639,14435920000.0,0.08004270767353636
2024-06-23,1.0758692115132078,2.23244214153128,53.93436983676916,55.55555555555555,0.08004270767353636,0.09156719352549063,0.061195561026919504,-0.11886120287672881,50.77142857142858,39.59274702795677,54.97994818495035,7.499749878057522,14490320000.0,-0.011605546120308003
2024-06-30,1.1662214878299437,2.408052292209913,53.31377191308003,52.777777777777764,-0.011605546120308003,0.08004270767353636,0.09156719352549063,0.061195561026919504,50.385714285714286,38.57892128021241,52.882755439057306,7.221196315339128,14475440000.0,-0.09375496953751838
2024-07-07,0.8567684679888643,1.7735052846409127,48.68825587168054,31.48148148148147,-0.09375496953751838,-0.011605546120308003,0.08004270767353636,0.09156719352549063,49.857142857142854,37.29297753435526,51.079169677589285,7.033968007100619,14463120000.0,0.02531780798429
2024-07-14,0.7002822733214842,1.4502677180087158,49.909175456103696,37.03703703703704,0.02531780798429,-0.09375496953751838,-0.011605546120308003,0.08004270767353636,49.01428571428571,36.098886913202186,49.52808592272678,6.617256006593432,14472910000.0,-0.00836824967051658
2024-07-21,0.5377898726752832,1.1149238828916614,49.486487048716185,35.18518518518519,-0.00836824967051658,0.02531780798429,-0.09375496953751838,-0.011605546120308003,48.41428571428571,34.89509582314391,48.19415389354503,6.258880577551044,14461280000.0,-0.06062462181643497
2024-07-28,0.18099052889064637,0.3772122714569814,46.51665980131436,24.24242424242423,-0.06062462181643497,-0.00836824967051658,0.02531780798429,-0.09375496953751838,47.61428571428571,32.95468470601959,40.0,6.154674822011684,14452940000.0,0.008888947417246214
2024-08-04,-0.06870685474564198,-0.14381317779644154,47.005940846922144,29.885057471264382,0.008888947417246214,-0.06062462181643497,-0.00836824967051658,0.02531780798429,46.81428571428571,30.895037934323447,40.144,6.029340906153706,14476750000.0,-0.04989697114462316
2024-08-11,-0.43905429942084595,-0.9258575442695374,44.58979726041271,25.0,-0.04989697114462316,0.008888947417246214,-0.06062462181643497,-0.00836824967051658,46.285714285714285,28.982508789177025,40.28512,5.827245127142727,14468660000.0,0.11000089521432849
2024-08-18,-0.3253486871359357,-0.6854608178343486,50.78175673877552,66.66666666666667,0.11000089521432849,-0.04989697114462316,0.008888947417246214,-0.06062462181643497,46.300000000000004,27.84965474416159,40.4234176,5.896727618061105,14485060000.0,-0.016807118316381174
2024-08-25,-0.2963730799368065,-0.6246711563712821,49.822426990706724,60.00000000000002,-0.016807118316381174,0.11000089521432849,-0.04989697114462316,0.008888947417246214,46.67142857142858,26.797718845218686,40.774480896,5.804104216771025,14466120000.0,-0.03888178754420752
2024-09-01,-0.4138836659780978,-0.8751441385009933,47.641635928749835,44.99999999999999,-0.03888178754420752,-0.016807118316381174,0.11000089521432849,-0.04989697114462316,46.6,25.659237144620956,41.11150166016,5.703811058430238,14443180000.0,-0.013303965626362815
2024-09-08,-0.5490969893326394,-1.165600211460862,46.904634443055556,33.333333333333286,-0.013303965626362815,-0.03888178754420752,-0.016807118316381174,0.11000089521432849,46.857142857142854,24.602075565494495,41.4350415937536,5.5249674113995075,14431790000.0,-0.03636764417087472
2024-09-15,-0.7764111658715791,-1.6583250206805284,44.90949486799389,15.384615384615401,-0.03636764417087472,-0.013303965626362815,-0.03888178754420752,-0.016807118316381174,46.81428571428571,23.49978328053779,41.745639930003456,5.301755453442401,14411290000.0,0.045256591588120856
2024-09-22,-0.786114168392146,-1.6833614113418407,47.89313973498178,34.615384615384635,0.045256591588120856,-0.03636764417087472,-0.013303965626362815,-0.03888178754420752,46.61428571428571,23.013236697753147,42.043814332803315,5.165915778196514,14478100000.0,-0.008888947417246152
2024-09-29,-0.8166665017812917,-1.754069064390089,47.340907652137915,31.372549019607813,-0.008888947417246152,0.045256591588120856,-0.03636764417087472,-0.013303965626362815,46.1,22.561443442310264,42.33006175949118,4.89692179403962,14468470000.0,-0.013483350337286875
2024-10-06,-0.879160022222564,-1.8954070966964454,46.47525033330172,29.545454545454568,-0.013483350337286875,-0.008888947417246152,0.045256591588120856,-0.03636764417087472,45.58571428571428,22.06981317591316,42.60485928911153,4.618570237322503,14463280000.0,0.0
2024-10-13,-0.9181032644802798,-1.9862928684594179,46.47525033330172,34.21052631578948,0.0,-0.013483350337286875,-0.008888947417246152,0.045256591588120856,45.4,21.613299357115853,42.86866491754707,4.36010093465661,14468470000.0,0.0
2024-10-20,-0.9381516364545064,-2.0362651600585626,46.47525033330172,34.21052631578948,0.0,0.0,-0.013483350337286875,-0.008888947417246152,45.12857142857143,21.18939366823264,43.12191832084519,4.120093725038281,14473660000.0,0.03446700263787776
2024-10-27,-0.819521140007474,-1.7796986383649582,49.457218879210146,38.15261044176706,0.03446700263787776,0.0,0.0,-0.013483350337286875,44.996428571428574,22.683570535555596,49.2,4.715087030392689,14532800000.0,-0.041277471640404635
2024-11-03,-0.86481609418707,-1.8845753550195976,46.152259721330914,23.293172690763036,-0.041277471640404635,0.03446700263787776,0.0,0.0,44.932142857142864,24.071020483784057,53.45,4.574723671078926,14520380000.0,0.01357486909106885
2024-11-10,-0.842584891972372,-1.8402565302367655,47.380400493611724,28.11244979919678,0.01357486909106885,-0.041277471640404635,0.03446700263787776,0.0,44.88214285714286,25.315887257971603,53.201,4.397957694573289,14534980000.0,-0.019285906886583343
2024-11-17,-0.8833714441748484,-1.9360279648746457,45.78717632120483,21.285140562248984,-0.019285906886583343,0.01357486909106885,-0.041277471640404635,0.03446700263787776,44.92857142857143,26.17760374719379,52.95698,4.244532144960911,14520370000.0,-0.00344234419097279
2024-11-24,-0.9172256210380425,-2.017192801625701,45.496431152275825,20.080321285140556,-0.00344234419097279,-0.019285906886583343,0.01357486909106885,-0.041277471640404635,44.607142857142854,26.977769058614392,52.7178404,3.9663512774637035,14487630000.0,0.01142869582362285
2024-12-01,-0.8934107952637618,-1.9695362217322994,46.7111299063885,24.09638554216867,0.01142869582362285,-0.00344234419097279,-0.019285906886583343,0.01357486909106885,44.378571428571426,27.78940916141449,52.483483592,3.7187547576448674,14501760000.0,-0.011428695823622744
2024-12-08,-0.9044571762638043,-1.99996751566201,45.616295733526535,20.080321285140556,-0.011428695823622744,0.01142869582362285,-0.00344234419097279,-0.019285906886583343,44.24285714285714,28.226962705254618,52.25381392016,3.524557989241663,14477140000.0,-0.012724289664373983
2024-12-15,-0.9466791878591252,-2.1011550912329806,44.383953521129264,15.662650602409657,-0.012724289664373983,-0.011428695823622744,0.01142869582362285,-0.00344234419097279,44.11071428571429,28.524663492708832,52.0287376417568,3.3442324185815444,14466450000.0,0.008115986578179591
2024-12-22,-0.9410505167402619,-2.0947068326204157,45.39491460542029,18.47389558232929,0.008115986578179591,-0.012724289664373983,-0.011428695823622744,0.01142869582362285,44.11785714285714,29.13113993882036,51.808162888921665,3.2517872458257195,14471880000.0,0.0046083030861944025
2024-12-29,-0.9099619508580616,-2.03027691672385,45.998978577561225,20.080321285140556,0.0046083030861944025,0.008115986578179591,-0.012724289664373983,-0.011428695823622744,43.996428571428574,29.04945189095054,51.59199963114323,3.1195167282667393,14480350000.0,0.16882086957505205
2025-01-05,-0.2370582374078225,-0.5231405799207356,63.42719076742795,78.35820895522389,0.16882086957505205,0.0046083030861944025,0.008115986578179591,-0.012724289664373983,44.475,31.041962590060894,41.0,3.6752655333905437,14524680000.0,-0.09249860201541843
2025-01-12,-0.07011591789657245,-0.15431935689449933,52.958494736080944,44.40298507462689,-0.09249860201541843,0.16882086957505205,0.0046083030861944025,0.008115986578179591,44.67142857142858,32.89215109637765,41.268,3.73774656671979,14515800000.0,0.10216051292715547
2025-01-19,0.4643273913261581,1.011125248812774,60.70966847284592,82.08955223880598,0.10216051292715547,-0.09249860201541843,0.16882086957505205,0.0046083030861944025,45.228571428571435,34.852599607144214,41.53064,3.831478954811234,14540230000.0,0.01904819497069441
2025-01-26,0.9575313812718775,2.061594519308398,62.04339540854531,89.55223880597016,0.01904819497069441,0.10216051292715547,-0.09249860201541843,0.16882086957505205,45.857142857142854,36.84258442679334,41.788027199999995,3.7292304580390025,14558120000.0,0.018692133012152546
2025-02-02,1.4128048049470507,3.005603233303745,63.38202444944702,96.7479674796748,0.018692133012152546,0.01904819497069441,0.10216051292715547,-0.09249860201541843,46.44642857142857,38.18864978120414,42.04026665599999,3.744999711036217,14579580000.0,0.10536051565782635
2025-02-09,2.232032646231623,4.653146875164027,70.17792071614222,90.176322418136,0.10536051565782635,0.018692133012152546,0.01904819497069441,0.10216051292715547,47.596428571428575,40.26269198350601,42.28746132287999,4.04535687453363,14631410000.0,-0.01765493523872071
2025-02-16,2.764680867793814,5.66745454571564,67.80630024085606,84.88664987405542,-0.01765493523872071,0.10536051565782635,0.018692133012152546,0.01904819497069441,48.628571428571426,42.18858831421489,43.073962869964795,3.892117097781228,14613470000.0,-0.0336383591488298
2025-02-23,2.9949359602679593,6.063793673391314,63.51349947730197,75.06297229219142,-0.0336383591488298,-0.01765493523872071,0.10536051565782635,0.018692133012152546,49.582142857142856,41.72996056070481,43.829004355166205,4.110537305082569,14602570000.0,-0.19503359238231646
2025-03-02,2.3355069192118947,4.746387694392238,46.93799755761568,24.181360201511318,-0.19503359238231646,-0.0336383591488298,-0.01765493523872071,0.10536051565782635,49.824999999999996,39.84099569060732,44.55384418095956,4.556213211862386,14579820000.0,0.08380795727209217
2025-03-09,2.119310298222537,4.295416570660605,52.37189137376624,44.836272040302255,0.08380795727209217,-0.19503359238231646,-0.0336383591488298,-0.01765493523872071,50.324999999999996,38.086956882659656,45.249690413721176,4.5629122681579295,14591440000.0,-0.08167803101426724
2025-03-16,1.6066854778095347,3.26790398259569,47.28437327295246,24.685138539042814,-0.08167803101426724,0.08380795727209217,-0.19503359238231646,-0.0336383591488298,50.574999999999996,35.50556767493095,45.91770279717233,4.522704249003792,14580610000.0,-0.0569081322718796
2025-03-23,0.9793391315849931,2.006323739071906,44.273778281209815,11.586901763224166,-0.0569081322718796,-0.08167803101426724,0.08380795727209217,-0.19503359238231646,50.67857142857143,33.37587231005114,61.95,4.385368231217806,14568160000.0,0.0067340321813441194
2025-03-30,0.5005995254935698,1.0319941885030162,44.71120410624738,13.098236775818645,0.0067340321813441194,-0.0569081322718796,-0.08167803101426724,0.08380795727209217,50.778571428571425,31.398298042662752,61.599000000000004,4.093556214702249,14572360000.0,-0.08762169132044477
2025-04-06,-0.17933149951245042,-0.37401146601582674,40.43821759114053,5.405405405405418,-0.08762169132044477,0.0067340321813441194,-0.0569081322718796,-0.08167803101426724,50.596428571428575,30.49314221599579,61.25502,4.154730770794946,14563180000.0,0.013341616937574137
2025-04-13,-0.6661226843517909,-1.4032353349187798,41.32392909651,7.882882882882882,0.013341616937574137,-0.08762169132044477,0.0067340321813441194,-0.0569081322718796,49.88214285714286,29.652640376947897,60.3948192,3.8972500014524494,14568770000.0,0.03550668845690982
2025-04-20,-0.920262527922759,-1.952217582457043,43.77939207641362,14.639639639639638,0.03550668845690982,0.013341616937574137,-0.08762169132044477,0.0067340321813441194,49.6,28.255018225644168,59.569026432,3.786732144205846,14576130000.0,0.056512210263342404
2025-04-27,-0.9094574192912148,-1.9342787225119624,47.70717858083589,25.900900900900897,0.056512210263342404,0.03550668845690982,0.013341616937574137,-0.08762169132044477,49.135714285714286,26.72576776395943,58.77626537472,3.966251276762571,14592090000.0,-0.08004270767353637
2025-05-04,-1.1698299704284238,-2.5078777196606286,43.16090470667662,10.135135135135133,-0.08004270767353637,0.056512210263342404,0.03550668845690982,0.013341616937574137,48.35,24.846636767691685,58.0152147597312,3.9543761855652444,14582850000.0,0.057819570888826236
2025-05-11,-1.1610639638216327,-2.497597445440242,47.04288084085848,21.396396396396394,0.057819570888826236,-0.08004270767353637,0.056512210263342404,0.03550668845690982,47.67142857142857,23.139150388894528,57.284606169341956,3.975492172310584,14591390000.0,-0.04480933415281145
2025-05-18,-1.2965200673197756,-2.8065885849694165,44.490462198178854,13.827160493827147,-0.04480933415281145,0.057819570888826236,-0.08004270767353637,0.056512210263342404,46.425,21.553627322868596,56.58322192256828,3.9379570171455427,14581150000.0,0.012843142090319013
2025-05-25,-1.3439968427975728,-2.9238753327352778,45.39045557524184,19.308357348703176,0.012843142090319013,-0.04480933415281145,0.057819570888826236,-0.08004270767353637,45.292857142857144,20.081355904415943,55.90989304566555,3.695960087349433,14586380000.0,0.043139492660617534
2025-06-01,-1.2143105917582844,-2.64586192479072,48.4970152166747,30.434782608695652,0.043139492660617534,0.012843142090319013,-0.04480933415281145,0.057819570888826236,44.43571428571429,19.18582516922521,55.263497323838926,3.5748200811101873,14593010000.0,0.02306527293099597
2025-06-08,-1.0151055735165784,-2.211259781150782,50.18358379532609,53.38983050847457,0.02306527293099597,0.043139492660617534,0.012843142090319013,-0.04480933415281145,44.375,18.860995888418326,54.64295743088537,3.476618646745174,14600330000.0,0.020419839008742745
2025-06-15,-0.7716816353099176,-1.6780345328387132,51.723944303287944,64.44444444444444,0.020419839008742745,0.02306527293099597,0.043139492660617534,0.012843142090319013,44.089285714285715,18.715574717244415,54.04723913364995,3.3640030291205187,14621300000.0,0.027283958948468294
2025-06-22,-0.46846707819290145,-1.0149086053648737,53.8278877762486,65.51724137931035,0.027283958948468294,0.020419839008742745,0.02306527293099597,0.043139492660617534,44.182142857142864,19.542202394673687,53.475349568303955,3.5380028127547676,14641190000.0,0.022518863535349824
2025-06-29,-0.13781787158335845,-0.2970298800145138,55.591497296208594,73.9463601532567,0.022518863535349824,0.027283958948468294,0.020419839008742745,0.02306527293099597,44.53928571428571,20.30978523800087,52.9263355855718,3.3674311832722847,14655270000.0,-0.0020263431452324726
2025-07-06,0.11483114067863198,0.24634701927881728,55.38438683200195,73.1800766283525,-0.0020263431452324726,0.022518863535349824,0.027283958948468294,0.020419839008742745,44.86785714285714,20.581027690554816,52.39928216214893,3.2983289558956925,14642590000.0,0.014098924379501675
2025-07-13,0.36730736235764283,0.783765994100618,56.603191709656734,75.10373443983403,0.014098924379501675,-0.0020263431452324726,0.022518863535349824,0.027283958948468294,45.51428571428571,21.521102264960202,39.75,3.348448316188857,14663230000.0,0.017839918128331016
2025-07-20,0.6327254008542056,1.3415616480372599,58.184841112492435,80.90909090909089,0.017839918128331016,0.014098924379501675,-0.0020263431452324726,0.022518863535349824,46.18571428571429,22.39402865547949,40.015,3.244987722175367,14691030000.0,-0.017839918128331005
2025-07-27,0.7616685888403651,1.6077956066897683,55.98735048636645,67.51054852320674,-0.017839918128331005,0.017839918128331016,0.014098924379501675,-0.0020263431452324726,46.68571428571429,23.701813744185152,40.2747,3.3489171705914127,14655870000.0,0.02955880224154443
2025-08-03,0.9736705898113911,2.042131191197247,58.781458746660455,80.16877637130801,0.02955880224154443,-0.017839918128331005,0.017839918128331016,0.014098924379501675,47.114285714285714,24.91618561226898,40.817712,3.216851658406312,14673240000.0,-0.027560799578871358
2025-08-10,1.0169921508022455,2.1249996085727765,55.25561094839402,68.22033898305087,-0.027560799578871358,0.02955880224154443,-0.017839918128331005,0.017839918128331016,47.692857142857136,26.129515491594315,41.33900352,3.1299336828058606,14653730000.0,-0.0417788726745177
2025-08-17,0.8758111270679763,1.8294602672301061,50.48076225277848,48.6725663716814,-0.0417788726745177,-0.027560799578871358,0.02955880224154443,-0.017839918128331005,47.94642857142857,26.08423496324981,41.8394433792,3.127795562605442,14644070000.0,-0.02209453370624287
2025-08-24,0.6714577765403575,1.404488024605506,48.18404967685114,39.1111111111111,-0.02209453370624287,-0.0417788726745177,-0.027560799578871358,0.02955880224154443,48.26428571428572,26.042188758358485,42.319865644032,2.9972387367050533,14625810000.0,0.05585733139252448
2025-08-31,0.7190845500410532,1.499712580522145,53.981918695952295,61.75115207373273,0.05585733139252448,-0.02209453370624287,-0.0417788726745177,-0.027560799578871358,48.73571428571428,25.267554958869454,42.78107101827072,3.118864541226121,14629880000.0,-0.07519198309998024
2025-09-07,0.4610247908174898,0.9642599261125154,46.50936918357934,12.42937853107346,-0.07519198309998024,0.05585733139252448,-0.02209453370624287,-0.0417788726745177,48.81428571428571,24.54825214505821,43.22382817753989,3.160374216852827,14621560000.0,-0.002171553513507907
2025-09-14,0.24561016702902805,0.5151534380178936,46.31756926133489,11.299435028248586,-0.002171553513507907,-0.07519198309998024,0.05585733139252448,-0.02209453370624287,48.81071428571429,24.220402004257828,43.6488750504383,3.0989189156490533,14610670000.0,0.0010863662122207896
2025-09-21,0.078027653610377,0.16407336039448325,46.436510246034125,11.864406779660984,0.0010863662122207896,-0.002171553513507907,-0.07519198309998024,0.05585733139252448,48.74285714285715,23.915969730657473,44.056920048420764,2.8918532788169777,14616790000.0,0.033104998536058486
2025-09-28,0.06948833222983808,0.14610733957896352,50.12563319534275,29.378531073446336,0.033104998536058486,0.0010863662122207896,-0.002171553513507907,-0.07519198309998024,48.692857142857136,24.608895418944066,44.44864324648393,3.03886375890148,14624100000.0,-0.03201981123477148
2025-10-05,-0.05765202876322917,-0.12149636257615211,46.768619881392695,12.42937853107346,-0.03201981123477148,0.033104998536058486,0.0010863662122207896,-0.002171553513507907,48.457142857142856,25.252326415210188,44.824697516624575,3.064659204694231,14608750000.0,0.03621268949480747
2025-10-12,-0.02099388391433621,-0.04421863909331368,50.790974038415456,31.63841807909601,0.03621268949480747,-0.03201981123477148,0.033104998536058486,0.0010863662122207896,48.35000000000001,25.84979805460016,45.05,3.042183547216072,14614860000.0,0.007295498746724193
2025-10-19,0.035886359302473636,0.07550687808336345,51.601832962205755,35.59322033898303,0.007295498746724193,0.03621268949480747,-0.03201981123477148,0.033104998536058486,48.21785714285715,26.12952399563461,45.401999999999994,3.0391704367006382,14621860000.0,0.037701867184011466
2025-10-26,0.22762003863983438,0.477086467678335,55.75214824658009,56.49717514124293,0.037701867184011466,0.007295498746724193,0.03621268949480747,-0.03201981123477148,48.153571428571425,26.657253117342435,53.85,3.1685154055077356,14641370000.0,-0.12783337150988489
2025-11-02,-0.10338770590941238,-0.21795387449591136,42.90232373377638,0.0,-0.12783337150988489,0.037701867184011466,0.007295498746724193,0.03621268949480747,47.725,26.5555060828506,53.676,3.3707643051143257,14634980000.0,0.02469261259037163
2025-11-09,-0.2737967626826503,-0.5793097717502247,45.387481220224586,44.35483870967742,0.02469261259037163,-0.12783337150988489,0.037701867184011466,0.007295498746724193,47.267857142857146,24.677728887749094,53.28896,3.7192811404633024,14646410000.0,-0.0953101798043249
2025-11-16,-0.7312534679872371,-1.5625512110793012,38.63726461657301,13.46153846153845,-0.0953101798043249,0.02469261259037163,-0.12783337150988489,0.037701867184011466,46.61785714285715,22.934078635154837,52.4676224,3.7821896304302096,14633850000.0,0.024097551579060524
2025-11-23,-1.0015542659553702,-2.156512954735639,40.944248976139654,23.076923076923066,0.024097551579060524,-0.0953101798043249,0.02469261259037163,-0.12783337150988489,46.18571428571429,21.48296728162497,51.69556505600001,3.651318942542338,14655300000.0,0.0
2025-11-30,-1.201914671589023,-2.606392902779756,40.944248976139654,23.076923076923066,0.0,0.024097551579060524,-0.0953101798043249,0.02469261259037163,45.82857142857143,20.13550673906152,50.969831152640005,3.5262247323607423,14661010000.0,0.004750602758597799
2025-12-07,-1.3292407481214994,-2.900741686153029,41.4547900287928,25.000000000000014,0.004750602758597799,0.0,0.024097551579060524,-0.0953101798043249,45.292857142857144,19.286868761981832,50.287641283481605,3.4850658229064035,14670750000.0,-0.02884815433765839
2025-12-14,-1.5095760987025457,-3.3201706651848353,39.261618472441974,13.46153846153845,-0.02884815433765839,0.004750602758597799,0.0,0.024097551579060524,44.92857142857143,18.476289974258812,49.64638280647271,3.3254182641273746,14664430000.0,0.0
2025-12-21,-1.6336613323634452,-3.6194241043655206,39.261618472441974,13.46153846153845,0.0,-0.02884815433765839,0.004750602758597799,0.0,44.57142857142857,17.72360967137315,49.04359983808435,3.0878883881182766,14666580000.0,0.10194003834299438
