,MACD,PPO,RSI,STOCH,Lag_1,Lag_2,Lag_3,Lag_4,SMA,ADX,SAR,ATR,OBV,Target_Return
2010-08-01,-0.06799777275650953,-0.27385187124526394,47.27289861278535,16.216216216216242,-0.07565956284514068,0.07232066157962608,0.014267971797704816,0.006785437400127363,25.080000000000002,31.19743564832049,26.885573985432547,2.3674146503110793,105250000.0,0.023958188468250135
2010-08-08,-0.08387164971690453,-0.3381147655926705,49.08950410564192,24.924924924924923,0.023958188468250135,-0.07565956284514068,0.07232066157962608,0.014267971797704816,24.830000000000002,32.34037234042677,26.561928066597943,2.3340278895745734,115180000.0,-0.00040824658660504467
2010-08-15,-0.09615036642699692,-0.3879801266705892,49.05812111503925,24.77477477477475,-0.00040824658660504467,0.023958188468250135,-0.07565956284514068,0.07232066157962608,24.64428571428571,33.504629186820566,26.26417382127011,2.255168754604961,107240000.0,0.0004082465866049452
2010-08-22,-0.1038769921522551,-0.419512108797921,49.093169372030275,24.924924924924923,0.0004082465866049452,-0.00040824658660504467,0.023958188468250135,-0.07565956284514068,24.62285714285714,33.42194678366904,25.9902399155685,2.1905138435617495,110080000.0,-0.020619287202735703
2010-08-29,-0.14863287279566606,-0.6016311593022924,47.339413935135006,17.41741741741742,-0.020619287202735703,0.0004082465866049452,-0.00040824658660504467,0.023958188468250135,24.55142857142857,33.42883567902335,25.73822072232302,2.112619997593053,102060000.0,0.016529301951210506
2010-09-05,-0.15009536762687858,-0.6081070761090546,48.91174396184527,23.423423423423404,0.016529301951210506,-0.020619287202735703,0.0004082465866049452,-0.00040824658660504467,24.50857142857143,33.43523251042378,25.50636306453718,1.9952899977649778,125340000.0,-0.01652930195121047
2010-09-12,-0.18143954029945775,-0.7366055999401673,47.38800310824404,39.189189189189186,-0.01652930195121047,0.016529301951210506,-0.020619287202735703,0.0004082465866049452,24.115714285714287,33.17135269249585,25.293054019374207,1.9020549979246222,58740000.00000001,0.0
2010-09-19,-0.20392925347256963,-0.8294851234145177,47.38800310824404,35.71428571428571,0.0,-0.01652930195121047,0.016529301951210506,-0.020619287202735703,24.11642857142857,32.37678189097365,25.09680969782427,1.8297653552157205,60450000.00000001,0.02061928720273561
2010-09-26,-0.17933937913842257,-0.7296524167013261,49.66141610012649,53.571428571428555,0.02061928720273561,0.0,-0.01652930195121047,0.016529301951210506,24.197857142857142,31.92031051871002,24.916264921998327,1.8062106869860262,64600000.00000001,0.11660320160383478
2010-10-03,0.08367934723890613,0.33745274091702604,60.734368754542736,100.0,0.11660320160383478,0.02061928720273561,0.0,-0.01652930195121047,24.485714285714284,32.80745288166904,22.84,1.8936242093441673,72630000.0,0.07620737032000041
2010-10-10,0.4626976730645751,1.8389293960422475,66.4521292365475,95.58404558404561,0.07620737032000041,0.11660320160383478,0.02061928720273561,0.0,24.929285714285715,34.34672226680539,22.9338,1.936222480105298,80390000.0,-0.05927917929931232
2010-10-17,0.6179661884771157,2.435667777187142,59.17327113279706,71.22507122507123,-0.05927917929931232,0.07620737032000041,0.11660320160383478,0.02061928720273561,25.239285714285717,35.77604383871772,23.217248,1.9472065886692054,75480000.0,0.0
2010-10-24,0.7325729605128473,2.865392784499007,59.17327113279706,71.22507122507123,0.0,-0.05927917929931232,0.07620737032000041,0.11660320160383478,25.525000000000002,37.09403683001337,23.489358080000002,1.8695489751928334,79400000.0,0.0
2010-10-31,0.8140161812187579,3.161656289388771,59.17327113279706,71.22507122507123,0.0,0.0,-0.05927917929931232,0.07620737032000041,25.682142857142857,38.317887464787916,23.7505837568,1.7367240483933453,82430000.0,0.0035650661644961446
2010-11-07,0.8765256426696126,3.3815475376957207,59.49730930022706,72.64957264957268,0.0035650661644961446,0.0,0.0,-0.05927917929931232,25.98071428571428,39.743775697070056,24.001360406528,1.699100902079535,87900000.0,-0.003565066164496257
2010-11-14,0.9075341877645009,3.480495622626091,58.99306934131244,71.22507122507123,-0.003565066164496257,0.0035650661644961446,0.0,0.0,26.23071428571428,41.06781476990347,24.242105990266882,1.584879409073854,85680000.0,-0.010772096981911183
2010-11-21,0.8975547380495037,3.4264044555167836,57.42084170672831,66.95156695156695,-0.010772096981911183,-0.003565066164496257,0.0035650661644961446,0.0,26.460000000000004,41.74519601060587,24.473221750656208,1.5073880227114358,83210000.0,-0.03303052567648172
2010-11-28,0.8077126650471627,3.0781693412882984,52.868668832895374,54.13105413105414,-0.03303052567648172,-0.010772096981911183,-0.003565066164496257,0.0035650661644961446,26.624285714285715,41.133515796132265,24.69509288062996,1.524003163946333,70270000.0,-0.06952606264861022
2010-12-05,0.5845291301872386,2.2354486992434914,45.157901130456494,28.490028490028493,-0.06952606264861022,-0.03303052567648172,-0.010772096981911183,-0.003565066164496257,26.695714285714285,39.49913390224998,24.908089165404764,1.5794315093787379,56180000.0,-0.005213567052887434
2010-12-12,0.3926385643546837,1.5070473315528659,44.65138911854433,26.638176638176656,-0.005213567052887434,-0.06952606264861022,-0.03303052567648172,-0.010772096981911183,26.729285714285712,36.680673372702174,30.02,1.6023292587088278,38360000.0,0.013181736702064281
2010-12-19,0.26414722571829685,1.016330935656158,46.29803954913013,31.339031339031333,0.013181736702064281,-0.005213567052887434,-0.06952606264861022,-0.03303052567648172,26.814999999999998,34.55670242162911,29.8816,1.6128771688010544,46600000.0,0.06528229209041578
2010-12-26,0.2960796843283262,1.13624799704049,53.905857194953775,55.55555555555554,0.06528229209041578,0.013181736702064281,-0.005213567052887434,-0.06952606264861022,27.022142857142857,33.143802727231865,29.745967999999998,1.6191002281724074,48750000.0,-0.003724399090982328
2011-01-02,0.3097466569221865,1.1861938021274652,53.42638710279566,53.468208092485554,-0.003724399090982328,0.06528229209041578,0.013181736702064281,-0.005213567052887434,27.18642857142857,31.89422870081568,29.61304864,1.5727359261600924,41120000.0,0.051983354748586896
2011-01-09,0.43099859662481776,1.6406811000588057,59.03731516744789,74.13294797687861,0.051983354748586896,-0.003724399090982328,0.06528229209041578,0.013181736702064281,27.236428571428572,31.337426522527615,29.4827876672,1.5625405028629429,44670000.0,0.08094151069192324
2011-01-16,0.7109424400200446,2.6736193954582927,66.31174405333311,100.0,0.08094151069192324,0.051983354748586896,-0.003724399090982328,0.06528229209041578,27.300714285714285,31.76938034784499,23.1,1.6530733240870181,49150000.0,-0.020129371295165756
2011-01-23,0.8735087852439953,3.254075799148236,63.21321257745446,76.32743362831857,-0.020129371295165756,0.08094151069192324,0.051983354748586896,-0.003724399090982328,27.443571428571428,32.653889019789624,23.250200000000003,1.6878538009379456,43430000.0,0.0
2011-01-30,0.9909210638639685,3.6595950646206403,63.21321257745447,76.32743362831857,0.0,-0.020129371295165756,0.08094151069192324,0.051983354748586896,27.58642857142857,33.47521850088107,23.605792000000005,1.6030071008709494,46700000.0,0.0
2011-02-06,1.0716181931090887,3.9262280049195546,63.21321257745446,76.32743362831857,0.0,0.0,-0.020129371295165756,0.08094151069192324,27.729285714285712,34.23788159046598,23.947160320000005,1.4885065936658817,48400000.0,-0.08555788836164667
2011-02-13,0.9263909502884928,3.391873883430178,51.17004828926653,49.11504424778759,-0.08555788836164667,0.0,0.0,-0.020129371295165756,27.689285714285717,33.10975898836541,24.274873907200003,1.5578989798326044,46240000.0,-0.019802627296179643
2011-02-20,0.7589748375340264,2.7812530309887733,48.96478748450099,43.14159292035397,-0.019802627296179643,-0.08555788836164667,0.0,0.0,27.617857142857144,31.719964105851265,24.589478950912003,1.5751919098445613,41230000.0,-0.03390155167568134
2011-02-27,0.5473642097345568,2.012303123560623,45.44915568222552,33.1858407079646,-0.03390155167568134,-0.019802627296179643,-0.08555788836164667,0.0,27.50357142857143,29.658836161552134,24.89149979287552,1.5555353448556641,36550000.0,0.0339015516756812
2011-03-06,0.44712951035053194,1.644704888931395,49.36441076470497,43.14159292035397,0.0339015516756812,-0.03390155167568134,-0.019802627296179643,-0.08555788836164667,27.517857142857142,27.7449316418458,25.1814398011605,1.5158542487945452,39200000.0,-0.061087691979838266
2011-03-13,0.23586723008840238,0.8718481336559525,43.400689090592024,25.442477876106167,-0.061087691979838266,0.0339015516756812,-0.03390155167568134,-0.019802627296179643,27.546428571428574,25.919475762015292,32.14,1.5225789453092204,36210000.0,-0.0019704439872986136
2011-03-20,0.0636717999105052,0.2364563623219112,43.22494829149383,15.54726368159204,-0.0019704439872986136,-0.061087691979838266,0.0339015516756812,-0.03390155167568134,27.580714285714286,24.797283655270032,32.005,1.488109020644276,34470000.0,-0.04230237969068939
2011-03-27,-0.15572543797713934,-0.5825240847251111,39.59867444188281,0.0,-0.04230237969068939,-0.0019704439872986136,-0.061087691979838266,0.0339015516756812,27.516428571428573,23.78807078606183,31.6992,1.456815519169685,33654910.0,-0.026690491796262067
2011-04-03,-0.3768973430118763,-1.4219721428304681,37.531859665559736,0.0,-0.026690491796262067,-0.04230237969068939,-0.0019704439872986136,-0.061087691979838266,27.285,23.205227537088668,31.255248,1.3984715535147074,32856310.0,0.07997768182573906
2011-04-10,-0.3887340510247128,-1.4702263862032021,46.74580568740694,28.774617067833685,0.07997768182573906,-0.026690491796262067,-0.04230237969068939,-0.0019704439872986136,27.201428571428572,21.715239211683972,30.64762816,1.4864378711207995,45686310.0,-0.024487795486451937
2011-04-17,-0.44303649689203795,-1.682344830001466,44.52017014318915,21.99124726477026,-0.024487795486451937,0.07997768182573906,-0.026690491796262067,-0.04230237969068939,26.97142857142857,20.33167862380818,29.882865344,1.4245494517550281,44416310.0,0.03920533457103251
2011-04-24,-0.40076021947307794,-1.5231990597085803,48.75788237531571,32.93216630196938,0.03920533457103251,-0.024487795486451937,0.07997768182573906,-0.026690491796262067,26.642857142857142,19.500523160227427,29.1945788096,1.4120816337725262,46376310.0,0.07372343071464371
2011-05-01,-0.20432427312519863,-0.7729138105548704,55.966005338845015,66.66666666666667,0.07372343071464371,0.03920533457103251,-0.024487795486451937,0.07997768182573906,26.5,19.67415811314591,28.57512092864,1.4612186599316315,52246310.0,-0.018018505502678365
2011-05-08,-0.08797902429851234,-0.33181564950052994,53.91390988919097,64.28571428571429,-0.018018505502678365,0.07372343071464371,0.03920533457103251,-0.024487795486451937,26.321428571428573,19.835390569427357,28.1,1.4282744699365149,50046310.0,-0.012440701982030221
2011-05-15,-0.02294523647932678,-0.08638288322525056,52.504101550114335,71.72413793103448,-0.012440701982030221,-0.018018505502678365,0.07372343071464371,0.03920533457103251,26.118571428571432,19.9851064216887,23.0,1.3855405792267637,48206310.0,0.006971226177494809
2011-05-22,0.04342534071780335,0.1631268239855161,53.23995867668206,75.00000000000001,0.006971226177494809,-0.012440701982030221,-0.018018505502678365,0.07372343071464371,26.104999999999997,19.98913221763953,23.0998,1.3365733949962806,51346310.0,0.017398046669809143
2011-05-29,0.13322080329996666,0.49876404217769965,55.13123016461109,84.73684210526314,0.017398046669809143,0.006971226177494809,-0.012440701982030221,-0.018018505502678365,26.164285714285715,20.532427282332943,23.197604,1.3375324382108318,56576310.0,0.006089934637404599
2011-06-05,0.2156164414677626,0.8043670492926649,55.81288883933862,87.71929824561404,0.006089934637404599,0.017398046669809143,0.006971226177494809,-0.012440701982030221,26.300000000000004,20.74955454224612,23.417699839999997,1.3319944069100582,59986310.0,-0.03414788743256196
2011-06-12,0.20272850622636795,0.7557569834339248,51.182593360418814,67.66666666666664,-0.03414788743256196,0.006089934637404599,0.017398046669809143,0.006971226177494809,26.304285714285715,21.247025113212008,23.628991846399998,1.3789948064164825,54906310.0,0.008830079448272216
2011-06-19,0.20946612384378227,0.7798504728907646,52.27132698431631,71.66666666666667,0.008830079448272216,-0.03414788743256196,0.006089934637404599,0.017398046669809143,26.439999999999998,21.708962071966045,23.951252335615997,1.297638034529591,56296310.0,-0.011049836186585046
2011-06-26,0.18842618181932025,0.7012467845039462,50.747770380998844,66.66666666666667,-0.011049836186585046,0.008830079448272216,-0.03414788743256196,0.006089934637404599,26.55785714285714,22.032946223936683,24.254177195479038,1.2263781749203346,54466310.0,0.03636764417087479
2011-07-03,0.24956666961417895,0.9259033227989214,55.41293897813344,83.33333333333333,0.03636764417087479,-0.011049836186585046,0.008830079448272216,-0.03414788743256196,26.822142857142858,22.7542504618871,24.538926563750294,1.2102083052831678,57006310.0,-0.07410797215372185
2011-07-10,0.13508053703619893,0.5024719019292545,46.023569561261,50.0,-0.07410797215372185,0.03636764417087479,-0.011049836186585046,0.008830079448272216,26.98928571428571,22.391916569213645,24.806590969925278,1.2666219977629416,55526310.0,0.032913884605917786
2011-07-17,0.11324575467982001,0.4212663128812167,49.99301513655291,46.61654135338346,0.032913884605917786,-0.07410797215372185,0.03636764417087479,-0.011049836186585046,27.07785714285714,22.05546366887401,25.05819551172976,1.2690061407798743,57836310.0,0.04119408754780395
2011-07-24,0.18499063169770835,0.6860392286901439,54.657220891817204,66.66666666666667,0.04119408754780395,0.032913884605917786,-0.07410797215372185,0.03636764417087479,27.291428571428572,22.514104204674016,25.294703781025973,1.2940771307241687,60566310.0,-0.017291497110060994
2011-07-31,0.20080225179208355,0.7435431808041769,52.42057965903688,50.66666666666665,-0.017291497110060994,0.04119408754780395,0.032913884605917786,-0.07410797215372185,27.399285714285718,22.425954448846436,25.517021554164415,1.2730716213867281,58626310.0,0.017291497110061043
2011-08-07,0.24919252677438308,0.9202171769891067,54.42885566192584,66.66666666666667,0.017291497110061043,-0.017291497110060994,0.04119408754780395,0.032913884605917786,27.399285714285718,22.344101104149395,25.72600026091455,1.2535665055733904,62366310.0,0.0
2011-08-14,0.2842653345038215,1.047098093600681,54.42885566192585,66.66666666666667,0.0,0.017291497110061043,-0.017291497110060994,0.04119408754780395,27.435000000000002,22.26809442693072,25.922440245259676,1.1675974694610054,64236310.0,0.0
2011-08-21,0.30850453902684194,1.133747886645804,54.42885566192585,66.66666666666667,0.0,0.0,0.017291497110061043,-0.017291497110060994,27.495,21.475332582738247,26.107093830544095,1.1341976502137907,67436310.0,-0.03267078228954871
2011-08-28,0.25218477574400566,0.9270541183366204,49.53273735188476,36.666666666666714,-0.03267078228954871,0.0,0.0,0.017291497110061043,27.47714285714286,20.03914205366937,26.28066820071145,1.153183532341377,66036310.0,-0.003696861881326203
2011-09-04,0.19720849652532735,0.7253569126133198,49.00525548858671,33.333333333333336,-0.003696861881326203,-0.03267078228954871,0.0,0.0,27.41785714285714,19.152963053951517,26.44382810866876,1.14224185145985,37966310.0,0.01798543617282515
2011-09-11,0.19097684190641218,0.7018582247258501,51.71842775907418,49.66666666666661,0.01798543617282515,-0.003696861881326203,-0.03267078228954871,0.0,27.381428571428568,17.847150119078794,29.0,1.1306531477841462,40956310.0,0.01838220799804953
2011-09-18,0.22460187783853414,0.8236624705008568,54.43571345927669,80.3212851405623,0.01838220799804953,0.01798543617282515,-0.003696861881326203,-0.03267078228954871,27.448571428571427,17.100355964602226,28.9502,1.0863207800852785,42216310.0,-0.018018505502678365
2011-09-25,0.2085006737643944,0.7641357970186458,51.382523400846864,60.240963855421725,-0.018018505502678365,0.01838220799804953,0.01798543617282515,-0.003696861881326203,27.462857142857143,15.908768184745684,28.901396,1.0444407243649014,39476310.0,0.0
2011-10-02,0.19350969423321018,0.70878310633305,51.382523400846864,60.240963855421725,0.0,-0.018018505502678365,0.01838220799804953,0.01798543617282515,27.49857142857143,15.895976839443863,28.85356808,1.0891235297674087,42476310.0,-0.01834913866819654
2011-10-09,0.13967334623318806,0.5120115855865294,48.24429023081091,40.16064257028115,-0.01834913866819654,0.0,-0.018018505502678365,0.01838220799804953,27.427142857142858,15.8840991616636,28.7446253568,1.050614706212594,31706310.0,0.0036968618813262026
2011-10-16,0.1038793602362098,0.38098427609047864,48.916286587597554,44.176706827309324,0.0036968618813262026,-0.01834913866819654,0.0,-0.018018505502678365,27.505714285714287,16.562360986628146,28.640040342528,1.0541422271974088,34376310.0,-0.014870162479451506
2011-10-23,0.04274299673161508,0.1570041466361911,46.32526383963597,28.112449799196778,-0.014870162479451506,0.0036968618813262026,-0.01834913866819654,0.0,27.493571428571432,17.19217553838094,28.48163792197632,1.0217034966833083,30776310.0,-0.00751883241402734
2011-10-30,-0.021597379196276023,-0.07948839430950616,45.040637099452866,25.0,-0.00751883241402734,-0.014870162479451506,0.0036968618813262026,-0.01834913866819654,27.386428571428574,18.12522646493593,28.33273964665774,1.0201532469202148,20596310.0,-0.0007550019233690413
2011-11-06,-0.0733558232515037,-0.2704927125497276,44.90652954803077,24.00000000000002,-0.0007550019233690413,-0.00751883241402734,-0.014870162479451506,0.0036968618813262026,27.312142857142856,18.991630896736996,28.192775267858273,0.9494280149973424,17746310.0,-0.018293193047325487
2011-11-13,-0.15136194525202384,-0.5598446136383073,41.69763080630864,20.0,-0.018293193047325487,-0.0007550019233690413,-0.00751883241402734,-0.014870162479451506,27.169285714285714,20.434596010534083,28.061208751786776,0.9516117282118179,15816310.0,0.0
2011-11-20,-0.2107529303492761,-0.7817347014725303,41.69763080630864,29.824561403508806,0.0,-0.018293193047325487,-0.0007550019233690413,-0.00751883241402734,27.02642857142857,21.980525912672796,27.856312051643833,0.9586394619109739,18616310.0,0.0
2011-11-27,-0.25488258613373915,-0.9479219069598122,41.69763080630864,29.824561403508806,0.0,0.0,-0.018293193047325487,-0.0007550019233690413,26.88357142857143,23.416032250373032,27.58568084647945,0.8901652146316187,19736310.0,0.0003845414390781728
2011-12-04,-0.2857547371200404,-1.0653154790939854,41.805833677065095,30.17543859649132,0.0003845414390781728,0.0,0.0,-0.018293193047325487,26.805714285714288,24.53048438907904,27.342112761831505,0.8365819850150745,22446310.0,0.045470917762759716
2011-12-11,-0.21016163903671625,-0.7826416515562793,53.13864116447527,72.6315789473684,0.045470917762759716,0.0003845414390781728,0.0,0.0,26.821428571428573,24.058575383958328,25.15,0.8632547003711404,25846310.0,-0.008115131218990846
2011-12-18,-0.16609113040691525,-0.6182721831810866,51.18682787452568,64.9122807017544,-0.008115131218990846,0.045470917762759716,0.0003845414390781728,0.0,26.78642857142857,23.582312501233968,25.191399999999998,0.8194507932017733,23556310.0,0.07145896398214505
2011-12-25,0.029873981829048546,0.11055431120239607,64.09740517439103,99.99999999999999,0.07145896398214505,-0.008115131218990846,0.045470917762759716,0.0003845414390781728,26.857857142857142,22.50962214732151,25.273743999999997,0.9037757365445038,25086310.0,0.0
2012-01-01,0.1830674574346709,0.6738220955874411,64.09740517439101,99.99999999999999,0.0,0.07145896398214505,-0.008115131218990846,0.045470917762759716,26.965,21.513552532974234,25.49731936,0.9106488982198965,26616310.0,0.0
2012-01-08,0.30100459692699744,1.1024121226683194,64.09740517439103,99.99999999999999,0.0,0.0,0.07145896398214505,-0.008115131218990846,27.072142857142858,20.58863074822319,25.7074801984,0.9170311197756182,28146310.0,0.0204785313435407
2012-01-15,0.43783848573805884,1.5936326722173568,67.33462088152324,100.0,0.0204785313435407,0.0,0.0,0.07145896398214505,27.257857142857144,20.29466165832528,25.905031386496,0.8943860397916455,29736310.0,0.010084119066626008
2012-01-22,0.5639865355388807,2.039444643682271,68.84713182663468,80.10118043844857,0.010084119066626008,0.0204785313435407,0.0,0.0,27.45785714285714,21.1363682693777,26.20062887557632,0.9362156083779564,32416310.0,-0.0016736405580295372
2012-01-29,0.6524046767157223,2.345379002811458,68.27967127280375,79.2580101180439,-0.0016736405580295372,0.010084119066626008,0.0204785313435407,0.0,27.68285714285714,21.803917728008773,26.688565988018688,0.904343064922388,21226310.0,0.01496287267671232
2012-02-05,0.7501407739144952,2.6790211090654057,70.62625642017656,86.84654300168638,0.01496287267671232,-0.0016736405580295372,0.010084119066626008,0.0204785313435407,27.954285714285714,22.63028510742073,27.127709389216818,0.8754614174279317,24626310.0,-0.08073051291421529
2012-02-12,0.6307016389686382,2.2527625070090425,49.87576993666429,47.21753794266443,-0.08073051291421529,0.01496287267671232,-0.0016736405580295372,0.010084119066626008,28.059285714285714,21.43122759626421,31.08,1.0764998876116507,22006310.0,0.016675923067846456
2012-02-19,0.5674293635669692,2.024497562257754,52.858927768901886,55.14333895446886,0.016675923067846456,-0.08073051291421529,0.01496287267671232,-0.0016736405580295372,28.23214285714286,20.317817050190303,30.9986,1.0946070384965327,36376310.0,0.02020270731751947
2012-02-26,0.5576584427985161,1.9845393248464258,56.314210020830494,59.05511811023624,0.02020270731751947,0.016675923067846456,-0.08073051291421529,0.01496287267671232,28.446428571428573,19.205883519400253,30.918828,1.117135107175352,46116310.0,0.0034423441909729197
2012-03-04,0.5516252890021676,1.9579086973198674,56.90076713012687,61.02362204724414,0.0034423441909729197,0.02020270731751947,0.016675923067846456,-0.08073051291421529,28.66785714285714,18.138089254839798,30.840651440000002,1.1266254566628269,55386310.0,-0.0017196908795265881
2012-03-11,0.536623527036344,1.9002866975779706,56.49234020669901,59.88142292490122,-0.0017196908795265881,0.0034423441909729197,0.02020270731751947,0.016675923067846456,28.884999999999998,17.23230553467219,30.7640384112,1.0747236383297678,49896310.0,0.06496872118722599
2012-03-18,0.6743101975527352,2.370692597640137,66.57039609901449,98.03921568627455,0.06496872118722599,-0.0017196908795265881,0.0034423441909729197,0.02020270731751947,29.155,17.590895851523307,27.01,1.13724337844907,54566310.0,-0.03278982282299084
2012-03-25,0.6947278431419015,2.432615505107894,59.02014519111677,66.59242761692649,-0.03278982282299084,0.06496872118722599,-0.0017196908795265881,0.0034423441909729197,29.369285714285716,18.23715607101608,27.0898,1.227440279988422,44596310.0,0.07665235152108266
2012-04-01,0.8934627182543018,3.097711492711419,68.27986514836098,100.0,0.07665235152108266,-0.03278982282299084,0.06496872118722599,-0.0017196908795265881,29.611428571428572,19.348618331376315,27.266208,1.310480259989249,46336310.0,-0.07000780880241403
2012-04-08,0.8642839142169585,2.9861366879334836,55.83090674957475,59.293680297397735,-0.07000780880241403,0.07665235152108266,-0.03278982282299084,0.06496872118722599,29.697142857142858,19.555806891275115,27.57363552,1.3733030985614456,44746310.0,-0.009314771274547374
2012-04-15,0.8092374561909281,2.788976790114741,54.46366342695621,54.08921933085503,-0.009314771274547374,-0.07000780880241403,0.07665235152108266,-0.03278982282299084,29.762857142857143,18.30790440623226,27.8626173888,1.3966385915213422,42496310.0,-0.013797964151428421
2012-04-22,0.7241812573820354,2.4926905457363118,52.438626503025084,46.46840148698885,-0.013797964151428421,-0.009314771274547374,-0.07000780880241403,0.07665235152108266,29.756428571428568,17.149137812978182,28.134260345472,1.3725929778412465,39556310.0,-0.00033892560907398137
2012-04-29,0.6484912867211392,2.229613829798234,52.38746370401716,46.28252788104087,-0.00033892560907398137,-0.013797964151428421,-0.009314771274547374,-0.07000780880241403,29.727857142857143,16.15096425958271,28.38960472474368,1.3102649079954432,38056310.0,-0.017094433359300068
2012-05-06,0.5419137736766011,1.8635889243562649,49.772606026032214,36.9888475836431,-0.017094433359300068,-0.00033892560907398137,-0.013797964151428421,-0.009314771274547374,29.667142857142856,15.78365239208735,32.39,1.3131031288529111,32256310.0,0.05075866874210436
2012-05-13,0.5726930580585048,1.9622831128418072,56.78750820731856,65.0557620817844,0.05075866874210436,-0.017094433359300068,-0.00033892560907398137,-0.013797964151428421,29.682142857142857,14.656967329434794,32.3056,1.3271671910777034,38046310.0,-0.07519269407938634
2012-05-20,0.4139851690920935,1.4216778040368425,46.542144626157324,20.272904483430786,-0.07519269407938634,0.05075866874210436,-0.017094433359300068,-0.00033892560907398137,29.707142857142856,14.117969159580834,32.222888,1.3902266774292962,31426310.0,0.02443402533728204
2012-05-27,0.3407640575760489,1.1705829558929166,49.64127427116125,21.88940092165897,0.02443402533728204,-0.07519269407938634,0.05075866874210436,-0.017094433359300068,29.748571428571427,13.617470859002156,32.14183024,1.3409247718986321,34946310.0,-0.024434025337282023
2012-06-03,0.22367328294010846,0.7699442377737864,46.72415395278889,6.407322654462267,-0.024434025337282023,0.02443402533728204,-0.07519269407938634,0.05075866874210436,29.698571428571427,13.825381510298802,32.062393635199996,1.3151444310487297,33696310.0,0.007042282625412951
2012-06-10,0.14534092921747188,0.5010063427482073,47.67033878798965,10.983981693363852,0.007042282625412951,-0.024434025337282023,0.02443402533728204,-0.07519269407938634,29.655714285714286,13.925798152819567,31.900697889791996,1.235491257402392,36456310.0,0.041242958534049
2012-06-17,0.178039615853951,0.6126426469437185,53.05736429766456,38.44393592677344,0.041242958534049,0.007042282625412951,-0.024434025337282023,0.02443402533728204,29.702142857142857,12.98401004592928,31.745469974200315,1.2329561675879355,38886310.0,0.010383613643621841
2012-06-24,0.2263586482232327,0.7770309654833875,54.364348959002385,45.53775743707097,0.010383613643621841,0.041242958534049,0.007042282625412951,-0.024434025337282023,29.631428571428575,12.924292967968146,31.596451175232303,1.2377450127602259,40946310.0,0.03439015826826522
2012-07-01,0.3453965379914905,1.179870799177249,58.57173229840368,69.5652173913043,0.03439015826826522,0.010383613643621841,0.041242958534049,0.007042282625412951,29.707142857142856,12.908493699256763,31.453393128223013,1.2407632261344952,42756310.0,0.014066728111046391
2012-07-08,0.4698234141576023,1.5959228719883847,60.22654633841332,87.43718592964825,0.014066728111046391,0.03439015826826522,0.010383613643621841,0.041242958534049,29.643571428571427,13.494555767298218,28.02,1.2235658528391742,45546310.0,0.04652001563489291
2012-07-15,0.6816128651235545,2.2947796210747278,65.31327923135227,100.0,0.04652001563489291,0.014066728111046391,0.03439015826826522,0.010383613643621841,29.843571428571433,14.598866455269293,28.0996,1.2433111490649473,50076310.0,0.031909670206395
2012-07-22,0.9251332285285194,3.0810806075866712,68.41630751303929,97.11075441412521,0.031909670206395,0.04652001563489291,0.014066728111046391,0.03439015826826522,30.140000000000004,16.223202961074445,28.295616,1.3137889241317366,54476310.0,0.067524226781792
2012-07-29,1.295240257081943,4.246398214263686,73.98997569681254,93.87527839643656,0.067524226781792,0.031909670206395,0.04652001563489291,0.014066728111046391,30.63571428571429,18.709530522242545,28.65287904,1.4292325724080412,67426310.0,-0.026408761973297112
2012-08-05,1.4946661027339765,4.841446147064725,68.77290291121294,83.29621380846325,-0.026408761973297112,0.067524226781792,0.031909670206395,0.04652001563489291,31.064285714285717,20.575626595656995,29.320648716799997,1.4664302458074672,65586310.0,-0.014184634991956413
2012-08-12,1.5939921515754953,5.11254408428422,66.12998591555638,77.728285077951,-0.014184634991956413,-0.026408761973297112,0.067524226781792,0.031909670206395,31.492857142857144,22.30843009239899,29.934996819455996,1.3973995139640767,64783780.0,0.006833739578565117
2012-08-19,1.6727918519319545,5.314002090494406,66.78971360014171,80.4008908685969,0.006833739578565117,-0.014184634991956413,-0.026408761973297112,0.067524226781792,31.830714285714286,24.009035639483688,30.500197073899518,1.3154424058237855,81193780.0,0.0025506603030750422
2012-08-26,1.7226458410781014,5.423229093411776,67.04891361411413,81.40311804008907,0.0025506603030750422,0.006833739578565117,-0.014184634991956413,-0.026408761973297112,32.332857142857144,25.789027173327277,31.020181307987556,1.276482233979229,83883780.0,0.057740060545283724
2012-09-02,1.9095953101689247,5.933387369032098,72.4517091039203,100.0,0.057740060545283724,0.0025506603030750422,0.006833739578565117,-0.014184634991956413,32.935,27.96272727376476,31.498566803348552,1.4303049315521412,94303780.0,0.0018684110600275439
2012-09-09,2.03988796760283,6.261611590676515,72.61290655239156,86.06173994387275,0.0018684110600275439,0.057740060545283724,0.0025506603030750422,0.006833739578565117,33.59214285714286,30.38231025169601,32.0917101230137,1.4774260078698458,99683780.0,0.026577014850452312
2012-09-16,2.199292323511415,6.661067765962532,74.89547364640072,91.83486238532109,0.026577014850452312,0.0018684110600275439,0.057740060545283724,0.0025506603030750422,34.30714285714286,32.72457279685456,32.91950490825205,1.5076098644505709,102123780.0,0.08936729434701889
2012-09-23,2.5862981029439354,7.676602456015188,80.98028824134695,100.0,0.08936729434701889,0.026577014850452312,0.0018684110600275439,0.057740060545283724,35.19357142857143,35.424599239143866,33.82677422109676,1.693494874132673,105613780.0,-0.007149696805362671
2012-09-30,2.8361026526082256,8.270427286364873,79.2563068003153,90.99848714069593,-0.007149696805362671,0.08936729434701889,0.026577014850452312,0.0018684110600275439,36.03642857142857,38.070600260757296,35.152090345721284,1.6575309545517676,102853780.0,0.028064570325088665
2012-10-07,3.094426984651662,8.857131526720075,80.98551842714015,93.0232558139535,0.028064570325088665,-0.007149696805362671,0.08936729434701889,0.026577014850452312,36.88928571428572,40.659361963642105,36.56471408349145,1.6884216006552124,112393780.0,-0.03550668845690976
2012-10-14,3.141895598250919,8.869582788942525,72.75284261069373,80.13245033112584,-0.03550668845690976,0.028064570325088665,-0.007149696805362671,0.08936729434701889,37.603571428571435,42.48268293426065,38.031771266793164,1.6749629148941259,110063780.0,0.00048181162098064376
2012-10-21,3.144876471033811,8.766237290162715,72.79255671755548,79.96632996633,0.00048181162098064376,-0.03550668845690976,0.028064570325088665,-0.007149696805362671,38.21214285714286,44.17576669269216,39.205417013434534,1.583894135258831,110920750.0,-0.0004818116209806444
2012-10-28,3.1097774229744317,8.568874913741192,72.67847551458102,75.75757575757576,-0.0004818116209806444,0.00048181162098064376,-0.03550668845690976,0.028064570325088665,38.74285714285714,44.3383887144172,43.9,1.7121874113117719,108360750.0,0.0024067400305650593
2012-11-04,3.054816317822784,8.327206445276678,72.90710760042374,76.76767676767679,0.0024067400305650593,-0.0004818116209806444,0.00048181162098064376,-0.03550668845690976,39.11071428571428,44.489394877447594,43.821999999999996,1.6184597390752167,111340750.0,0.0
2012-11-11,2.9769429013327695,8.035181118390392,72.90710760042374,76.76767676767679,0.0,0.0024067400305650593,-0.0004818116209806444,0.00048181162098064376,39.54642857142857,44.69768798417307,43.74556,1.5171411862841295,119370750.0,0.06288450978387224
2012-11-18,3.097390305492077,8.240812878193413,78.53243873195999,100.0,0.06288450978387224,0.0,0.0024067400305650593,-0.0004818116209806444,40.21071428571429,45.617200598479236,40.0,1.630202530120977,125120750.0,0.055966331633341374
2012-11-25,3.359878838032934,8.778900841800215,82.27550623611401,100.0,0.055966331633341374,0.06288450978387224,0.0,0.0024067400305650593,41.04,47.00178435833934,40.086,1.8244737779694786,128010750.0,0.0031965930256272726
2012-12-02,3.539208841157162,9.093849919427752,82.46914125438686,97.74436090225566,0.0031965930256272726,0.055966331633341374,0.06288450978387224,0.0,41.87357142857143,48.367991438941466,40.35656,1.726297079543087,131450750.0,0.0
2012-12-09,3.6393766915689483,9.209573266690269,82.46914125438686,97.11538461538464,0.0,0.0031965930256272726,0.055966331633341374,0.06288450978387224,42.55714285714286,49.63661229950056,40.7731664,1.6037044310042947,133850750.0,-0.010695289116747919
2012-12-16,3.6364953585118585,9.083391006090249,79.12730957014182,91.81166837256912,-0.010695289116747919,0.0,0.0031965930256272726,0.055966331633341374,43.199999999999996,50.34171251629285,41.164776416,1.5248684002182737,128620750.0,0.0
2012-12-23,3.592796361290361,8.868150720284234,79.12730957014182,91.39784946236561,0.0,-0.010695289116747919,0.0,0.0031965930256272726,43.770714285714284,50.996448431885696,41.53288983104,1.451663514488397,133850750.0,0.013881696486155818
2012-12-30,3.5694675587801825,8.704941368260224,80.3291034119811,97.94520547945207,0.013881696486155818,0.0,-0.010695289116747919,0.0,44.13071428571429,50.509619655870615,41.8789164411776,1.4765446920249397,135020750.0,-0.016034549847256916
2013-01-06,3.450683254149361,8.33403813840414,74.96562774726823,87.67123287671235,-0.016034549847256916,0.013881696486155818,0.0,-0.010695289116747919,44.45857142857143,50.05756436385661,42.20418145470695,1.4246486425945868,130670750.0,-0.05333712387158112
2013-01-13,3.126043890075067,7.515214870348124,60.89547322099755,54.657534246575395,-0.05333712387158112,-0.016034549847256916,0.013881696486155818,0.0,44.52928571428572,46.91975884629537,42.50993056742453,1.587173739552116,123160750.0,0.020698151739018174
2013-01-20,2.9094626915544666,6.953505567384825,63.696640050640724,67.26027397260272,0.020698151739018174,-0.05333712387158112,-0.016034549847256916,0.013881696486155818,44.77285714285715,44.24931116714765,42.7,1.5816613295841075,136920750.0,-0.00917129792745211
2013-01-27,2.6739137446616397,6.360618435085557,61.579597915108465,61.64383561643838,-0.00917129792745211,0.020698151739018174,-0.05333712387158112,-0.016034549847256916,44.98571428571428,41.69052862203028,47.3,1.6736855203280996,132640750.0,0.1050683381466734
2013-02-03,2.852171250718129,6.697423979601008,73.13988447798985,93.52272727272727,0.1050683381466734,-0.00917129792745211,0.020698151739018174,-0.05333712387158112,45.55214285714285,40.186172581986135,42.04,1.946993697447521,136630750.0,0.0014151422557766625
2013-02-10,2.964912359443659,6.87942874342594,73.26289912164009,76.85185185185185,0.0014151422557766625,0.1050683381466734,-0.00917129792745211,0.020698151739018174,46.11642857142857,39.36565469290465,42.04,2.1650655762012696,139040750.0,0.0
2013-02-17,3.0194541128959216,6.929733869183127,73.26289912164009,76.85185185185185,0.0,0.0014151422557766625,0.1050683381466734,-0.00917129792745211,46.68071428571428,38.603745224471844,42.4384,2.0247037493297504,143840750.0,0.010050335853501506
2013-02-24,3.067662562319825,6.964275086196446,74.24020968152247,79.91967871485944,0.010050335853501506,0.0,0.0014151422557766625,0.1050683381466734,47.08785714285714,38.04208614543314,42.820864,1.9165106243776253,154750750.0,0.04190940307720956
2013-03-03,3.2411858481953075,7.25943276682246,77.95443292678902,100.0,0.04190940307720956,0.010050335853501506,0.0,0.0014151422557766625,47.465714285714284,38.097332360427465,43.18802944,1.932474151207795,156230750.0,0.025749245396605218
2013-03-10,3.4486905781752952,7.612393301974383,79.9345231670691,99.99999999999999,0.025749245396605218,0.04190940307720956,0.010050335853501506,0.0,47.93,38.47159029454708,43.7251476736,1.8915831404072383,158870750.0,0.0
2013-03-17,3.571964191941099,7.78023158645968,79.9345231670691,99.99999999999999,0.0,0.025749245396605218,0.04190940307720956,0.010050335853501506,48.394285714285715,38.53373303448162,44.507135859712,1.7914700589495784,162390750.0,0.004662013105811371
2013-03-24,3.6477829583736607,7.846136660609473,80.31152737855297,99.99999999999999,0.004662013105811371,0.0,0.025749245396605218,0.04190940307720956,48.912142857142854,38.65679337143521,45.22656499093504,1.6813650547388943,164790750.0,-0.004662013105811301
2013-03-31,3.645671929699759,7.754998983037009,78.71873378548582,97.86507258753201,-0.004662013105811301,0.004662013105811371,0.0,0.025749245396605218,49.412142857142854,38.61092121763462,46.07890849184153,1.5791246936861163,163000750.0,-0.013359875066436048
2013-04-07,3.5458336943603825,7.474557861783769,74.21691962390031,86.62369057211923,-0.013359875066436048,-0.004662013105811301,0.004662013105811371,0.0,49.815,37.130409386788834,46.84601764265738,1.7113300727085365,153540750.0,0.003970134716597033
2013-04-14,3.4439566302698665,7.197302891681942,74.67818402758706,85.8934169278997,0.003970134716597033,-0.013359875066436048,-0.004662013105811301,0.004662013105811371,50.28642857142857,35.88285692646473,47.75849552553849,1.8390922103722125,164930750.0,0.037041271680349076
2013-04-21,3.4844352082015675,7.202187169815861,78.60410062715368,89.6265560165975,0.037041271680349076,0.003970134716597033,-0.013359875066436048,-0.004662013105811301,51.07285714285714,35.30905862946197,48.7443061519631,2.0791570524884833,169460750.0,0.06425438986701358
2013-04-28,3.767608621587364,7.666941429169191,83.60109290957806,100.0,0.06425438986701358,0.037041271680349076,0.003970134716597033,-0.013359875066436048,52.05428571428571,35.404249262009266,49.985217167649004,2.2699315487393057,170870750.0,0.07281618699535305
2013-05-05,4.299922736102303,8.570110362005675,87.43631634012911,100.0,0.07281618699535305,0.06425438986701358,0.037041271680349076,0.003970134716597033,53.38142857142857,36.45588731364431,51.3,2.5420792952579268,186620750.0,0.030598703144717576
2013-05-12,4.824329261877793,9.408789878145894,88.69595679963253,100.0,0.030598703144717576,0.07281618699535305,0.06425438986701358,0.037041271680349076,54.496428571428574,37.760416366339484,53.656,2.506216488453789,190900750.0,-0.00895758885226352
2013-05-19,5.133943158005287,9.825466470391243,85.94976474211991,56.77902621722844,-0.00895758885226352,0.030598703144717576,0.07281618699535305,0.06425438986701358,55.565000000000005,40.125449359679514,55.9328,3.180772453564233,186720750.0,0.05346282878881492
2013-05-26,5.600404835506822,10.48412396620294,88.32562400947957,69.82270841192003,0.05346282878881492,-0.00895758885226352,0.030598703144717576,0.07281618699535305,56.886428571428574,42.32155142492383,59.94624,3.206431564023931,189600750.0,-0.0008827424436689258
2013-06-02,5.8972576616347325,10.821914397967944,88.05384362698476,67.73418734987989,-0.0008827424436689258,0.05346282878881492,-0.00895758885226352,0.030598703144717576,58.167857142857144,44.367052897111265,63.156992,3.018829309450793,170020750.0,-0.07549023634090513
2013-06-09,5.668555372571021,10.283324424147985,69.17959101786296,47.958366693354684,-0.07549023634090513,-0.0008827424436689258,0.05346282878881492,-0.00895758885226352,58.94357142857143,43.726616893930874,76.0,3.4446272159185933,160540750.0,-0.11564247115727248
2013-06-16,4.875941837007474,8.833618720456716,52.34968500332661,20.41633306645314,-0.11564247115727248,-0.07549023634090513,-0.0008827424436689258,0.05346282878881492,59.13071428571429,41.73108896543585,75.7004,3.818582414781551,143700750.0,0.03295075531215919
2013-06-23,4.3493535474689935,7.850089425842641,55.53310951372865,27.942353883106474,0.03295075531215919,-0.11564247115727248,-0.07549023634090513,-0.0008827424436689258,59.45214285714285,39.59337325079959,74.917184,3.7601122422971547,149210750.0,0.008583743691391435
2013-06-30,3.9271051320474584,7.058772074362729,56.36800231384942,29.943955164131296,0.008583743691391435,0.03295075531215919,-0.11564247115727248,-0.07549023634090513,59.79142857142857,37.710921241656855,73.72215296,3.5272470821330724,151690750.0,-0.008583743691391442
2013-07-07,3.5116443492294778,6.2921841064925,55.250836856705305,27.942353883106474,-0.008583743691391442,0.008583743691391435,0.03295075531215919,-0.11564247115727248,60.11285714285714,35.64152749792889,72.5988237824,3.3824437191235672,142660750.0,0.06669137449867214
2013-07-14,3.46521046697346,6.158384734380769,61.777338476208,43.31983805668017,0.06669137449867214,-0.008583743691391442,0.008583743691391435,0.03295075531215919,60.770714285714284,34.54393737917068,71.542894355456,3.4615548820433126,149480750.0,0.008352120508184447
2013-07-21,3.4308225482033805,6.047498265521236,62.54217069436772,45.42510121457492,0.008352120508184447,0.06669137449867214,-0.008583743691391442,0.008583743691391435,61.450714285714284,33.530569200618274,70.55032069412864,3.2514438190402193,155130750.0,0.007806938400688096
2013-07-28,3.4038710728341854,5.951202184709769,63.28764875893181,41.22171945701357,0.007806938400688096,0.008352120508184447,0.06669137449867214,-0.008583743691391442,62.02285714285714,32.69009096456828,69.61730145248093,3.0541978319659178,159310750.0,-0.00015871756243135093
2013-08-04,3.343166970219194,5.801464420602451,63.25997871124995,38.095238095238095,-0.00015871756243135093,0.007806938400688096,0.008352120508184447,0.06669137449867214,62.333571428571425,32.02649635811706,68.74026336533207,2.8760408439683522,157170750.0,0.0
2013-08-11,3.257508006971335,5.614039593417854,63.25997871124995,38.095238095238095,0.0,-0.00015871756243135093,0.007806938400688096,0.008352120508184447,62.327857142857134,31.714919571222165,67.91584756341214,2.8134664979706128,160330750.0,-0.01600034134644119
2013-08-18,3.073501605486861,5.270172016944207,60.207110225055125,33.333333333333336,-0.01600034134644119,0.0,-0.00015871756243135093,0.007806938400688096,62.11071428571428,31.06109487836191,67.14089670960742,2.6839331766869976,157010750.0,-0.07187721153103765
2013-08-25,2.551291443577526,4.378172840840194,49.20985552969405,18.000000000000018,-0.07187721153103765,-0.01600034134644119,0.0,-0.00015871756243135093,61.62785714285714,29.08661328787844,66.41244290703098,2.799366521209355,155040750.0,0.022280270391665604
2013-09-01,2.2167815851747292,3.800620969867261,52.060788256599025,26.666666666666668,0.022280270391665604,-0.07187721153103765,-0.01600034134644119,0.0,60.985,27.253166096715216,65.72769633260911,2.870840341122972,158480750.0,0.01680711831638119
2013-09-08,2.0092108233472032,3.4374414524617314,54.19089168118868,40.79336885731202,0.01680711831638119,0.022280270391665604,-0.07187721153103765,-0.01600034134644119,60.417857142857144,26.530877511485414,65.08403455265257,3.1579231738999027,167820750.0,-0.01680711831638129
2013-09-15,1.743915088885771,2.9814872398162775,51.7162000373322,49.537426408746846,-0.01680711831638129,0.01680711831638119,0.022280270391665604,-0.07187721153103765,60.13214285714286,25.86018096805774,64.12611178844037,3.0673572329070526,165680750.0,0.026922452057474282
2013-09-22,1.6446216776822453,2.8042065501880504,55.25873097885601,63.07821698906644,0.026922452057474282,-0.01680711831638129,0.01680711831638119,0.022280270391665604,60.45285714285715,24.741332244905127,63.24482284536514,3.0346888591279777,167260750.0,0.006577889200567447
2013-09-29,1.5799943990734278,2.686000331414244,56.120114374278785,66.44238856181664,0.006577889200567447,0.026922452057474282,-0.01680711831638129,0.01680711831638119,60.667857142857144,23.57949477506047,62.43403701773593,2.925782512047408,169290750.0,0.000491601812440604
2013-10-06,1.5137480195471582,2.5662177506434665,56.18824224601981,66.69470142977292,0.000491601812440604,0.006577889200567447,0.026922452057474282,-0.01680711831638129,60.84928571428571,22.490885949317533,61.688114056317055,2.718940904044022,170760750.0,0.0
2013-10-13,1.4445948957639345,2.4426883987955947,56.18824224601981,66.69470142977292,0.0,0.000491601812440604,0.006577889200567447,0.026922452057474282,61.066428571428574,21.480034896841946,53.11,2.5268736966123058,172230750.0,-0.017184824754100856
2013-10-20,1.2909895150703719,2.1806044992746156,52.8869118168083,57.94785534062237,-0.017184824754100856,0.0,0.000491601812440604,0.006577889200567447,60.923571428571435,20.877125529864553,53.2686,2.427811289711427,162830750.0,0.0016652793190612488
2013-10-27,1.163908495836715,1.9637492962616674,53.17181820591794,58.78889823380994,0.0016652793190612488,-0.017184824754100856,0.0,0.000491601812440604,60.75071428571429,20.57782069995665,53.424028,2.395824769017753,167370750.0,-0.01847239763544243
2013-11-03,0.963330392495962,1.6258814708233558,49.61737355226858,49.537426408746846,-0.01847239763544243,0.0016652793190612488,-0.017184824754100856,0.0,60.464285714285715,20.305997888034902,53.57634744,2.3032658569450564,165650750.0,0.000677736386497595
2013-11-10,0.7983950648928584,1.3478617612751065,49.74892257084701,49.87384356602186,0.000677736386497595,-0.01847239763544243,0.0016652793190612488,-0.017184824754100856,60.181428571428576,20.05359099125042,53.7256204912,2.1416040100204095,166910750.0,0.04665858696470658
2013-11-17,0.8850309755754111,1.4892316144478814,58.06242332864483,88.4732052578362,0.04665858696470658,0.000677736386497595,-0.01847239763544243,0.0016652793190612488,60.10000000000001,18.671669058289744,53.871908081376,2.200060866447523,169270750.0,-0.0074639321038268355
2013-11-24,0.9061271337959269,1.5209926495270818,56.42264401516617,93.25084364454442,-0.0074639321038268355,0.04665858696470658,0.000677736386497595,-0.01847239763544243,60.057142857142864,17.388455834826257,54.19703175812096,2.0757708045584145,167540750.0,-0.029586489921261554
2013-12-01,0.7695372049510709,1.2916610141741072,50.45166393545379,73.11586051743532,-0.029586489921261554,-0.0074639321038268355,0.04665858696470658,0.000677736386497595,60.19357142857143,16.98027302453641,54.50915048779612,2.0982157470899563,156410750.0,-0.03638628402101107
2013-12-08,0.48383811876264105,0.8142410384827252,44.426784927380986,49.156355455568026,-0.03638628402101107,-0.029586489921261554,-0.0074639321038268355,0.04665858696470658,60.084999999999994,17.094182249977553,54.80878446828427,2.1683431937263884,152560750.0,-0.06616359404308542
2013-12-15,-0.03907527490365936,-0.06622306819871188,36.35012734576382,17.99999999999997,-0.06616359404308542,-0.03638628402101107,-0.029586489921261554,-0.0074639321038268355,59.64214285714286,18.546843337286216,62.0,2.4048901084602177,150430750.0,0.0
2013-12-22,-0.4483199534182347,-0.7647908939851924,36.35012734576382,86.7741935483871,0.0,-0.06616359404308542,-0.03638628402101107,-0.029586489921261554,59.270714285714284,23.037386140670645,61.8,6.075969386427345,150923020.0,0.0
2013-12-29,-0.7638441892525236,-1.3110300167566658,36.35012734576382,86.7741935483871,0.0,0.0,-0.06616359404308542,-0.03638628402101107,58.784285714285716,21.515666318278708,59.327999999999996,5.641971573111106,153773020.0,-0.014981553615616833
2014-01-05,-1.0661626738605534,-1.8422434368301672,34.64025351465273,85.48387096774194,-0.014981553615616833,0.0,0.0,-0.06616359404308542,58.21214285714286,20.223930520610796,56.954879999999996,5.381830746460312,150633020.0,0.010883950564340909
2014-01-12,-1.2446040771989217,-2.162458256281834,36.95565833424873,86.41935483870968,0.010883950564340909,-0.014981553615616833,0.0,0.0,57.67928571428571,18.973262057896683,54.6766848,5.118128550284575,157673020.0,0.026157321116008235
2014-01-19,-1.2569487199603415,-2.191111893297322,42.34117524772476,88.70967741935483,0.026157321116008235,0.010883950564340909,-0.014981553615616833,0.0,57.24785714285714,17.73177378408581,0.0,4.876833653835677,164513020.0,-0.01834913866819654
2014-01-26,-1.332068326454774,-2.3321963053581483,39.764982157463535,87.09677419354838,-0.01834913866819654,0.026157321116008235,0.010883950564340909,-0.014981553615616833,56.81928571428572,16.578963244118572,1.102,4.599916964275985,161523020.0,0.00018516804052525209
2014-02-02,-1.374944732381124,-2.417002225395015,39.804424686649355,87.11290322580645,0.00018516804052525209,-0.01834913866819654,0.026157321116008235,0.010883950564340909,56.38428571428572,15.507668091031693,2.18196,4.272065752541986,163433020.0,-0.05969929557293296
2014-02-09,-1.6425550819544057,-2.91019291976901,32.60729259259814,82.06451612903226,-0.05969929557293296,0.00018516804052525209,-0.01834913866819654,0.026157321116008235,55.80428571428571,14.772528080046557,3.2403208,4.190489627360415,161673020.0,-0.11770933554211498
2014-02-16,-2.2842149845322837,-4.1074897505686705,24.126864135532713,72.95161290322581,-0.11770933554211498,-0.05969929557293296,0.00018516804052525209,-0.01834913866819654,54.817857142857136,14.544772590427394,4.277514384,4.294740368263243,159683020.0,-0.019873379301586263
2014-02-23,-2.8319061904319653,-5.169968189321075,23.107381055016404,72.09756097560975,-0.019873379301586263,-0.11770933554211498,-0.05969929557293296,0.00018516804052525209,53.56642857142857,14.670884888315687,5.29396409632,4.302973199101582,154073020.0,-0.0011282862530586565
2014-03-02,-3.232725155847014,-5.986601420933195,23.04845793985048,73.1340819022457,-0.0011282862530586565,-0.019873379301586263,-0.11770933554211498,-0.05969929557293296,52.34428571428571,14.586918585282836,6.2900848143936,4.240617970594326,149893020.0,0.0
2014-03-09,-3.509916936091315,-6.587666100410283,23.04845793985048,73.1340819022457,0.0,-0.0011282862530586565,-0.019873379301586263,-0.11770933554211498,51.24999999999999,14.508949875323761,7.2662831181057275,4.015573829837589,152843020.0,-0.04125484200473563
2014-03-16,-3.829882952680542,-7.297572762562478,20.841857094799508,77.13248638838475,-0.04125484200473563,0.0,-0.0011282862530586565,-0.019873379301586263,50.18,14.595735727196148,8.222957455743613,3.8873185562777612,150423020.0,0.0009407338417199743
2014-03-23,-4.0337323052483995,-7.79537706774344,21.02381448683947,77.20508166969147,0.0009407338417199743,-0.04125484200473563,0.0,-0.0011282862530586565,49.37571428571429,14.532801191092245,9.16049830662874,3.751081516543635,153473020.0,0.020935865853588833
2014-03-30,-4.0756800053485875,-7.971212778082185,25.190566684265406,18.34733893557421,0.020935865853588833,0.0009407338417199743,-0.04125484200473563,0.0,48.635714285714286,14.474361978995764,10.079288340496166,3.547432836790518,154943020.0,-0.0020739723991290374
2014-04-06,-4.069278003941619,-8.04941818934203,25.048247466533397,17.7170868347339,-0.0020739723991290374,0.020935865853588833,0.0009407338417199743,-0.04125484200473563,47.88928571428571,14.439630890429836,10.979702573686243,3.313330491305481,153093020.0,0.0
2014-04-13,-4.017888652367027,-8.032550738486583,25.048247466533397,17.7170868347339,0.0,-0.0020739723991290374,0.020935865853588833,0.0009407338417199743,47.2,14.407380593904326,11.862108522212518,3.0895211704979464,154943020.0,0.022354945530411133
2014-04-20,-3.8536617968328954,-7.7696992690147795,30.03973498477903,24.579831932773093,0.022354945530411133,0.0,-0.0020739723991290374,0.020935865853588833,46.53928571428571,14.201739503980445,12.726866351768267,3.01384108689095,160263020.0,0.02032000249095753
2014-04-27,-3.6084850661798527,-7.323046275982811,34.40790656965282,33.51023502653527,0.02032000249095753,0.022354945530411133,0.0,-0.0020739723991290374,45.84214285714285,13.87432070609913,13.574329024732902,2.8635667235415965,163333020.0,0.013829657361160758
2014-05-04,-3.3250162878484986,-6.782500130653981,37.32548837840542,38.2865807429871,0.013829657361160758,0.02032000249095753,0.022354945530411133,0.0,45.26142857142857,13.45953112285385,14.404842444238245,2.7040262432886246,166063020.0,0.014071019041383222
2014-05-11,-3.0131815892943195,-6.169745700534164,40.27716940831733,56.66003976143142,0.014071019041383222,0.013829657361160758,0.02032000249095753,0.022354945530411133,44.72642857142858,12.93507410755617,15.21874559535348,2.610881511625152,175073020.0,0.0032192323112604335
2014-05-18,-2.722562590833995,-5.593070259809483,40.968089607474575,61.001042752867605,0.0032192323112604335,0.014071019041383222,0.013829657361160758,0.02032000249095753,44.425714285714285,12.399931076279762,16.01637068344641,2.475104260794784,179713020.0,0.00938373275022536
2014-05-25,-2.4287435739111203,-5.001395335803998,43.04937715277564,99.84126984126986,0.00938373275022536,0.0032192323112604335,0.014071019041383222,0.013829657361160758,44.56,12.040606273096632,16.798043269777484,2.4204539564522993,182083020.0,-0.03191989777263845
2014-06-01,-2.28892817804379,-4.7346504785076595,38.17401571909891,59.432387312187,-0.03191989777263845,0.00938373275022536,0.0032192323112604335,0.014071019041383222,44.652142857142856,11.504339294611873,17.564082404381935,2.4211358167057067,176003020.0,0.024034934171400766
2014-06-08,-2.064754541076006,-4.281470783721978,43.35538473024678,77.96327212020033,0.024034934171400766,-0.03191989777263845,0.00938373275022536,0.0032192323112604335,44.82714285714286,11.006377100304594,18.314800756294296,2.39819754408387,177653020.0,0.008521568397273228
2014-06-15,-1.833681127029159,-3.8086668761334055,45.13962744704749,84.64106844741232,0.008521568397273228,0.024034934171400766,-0.03191989777263845,0.00938373275022536,45.03071428571429,10.58375806223342,19.05050474116841,2.2754691480778795,179703020.0,0.04642358640904853
2014-06-22,-1.4530545932086554,-3.0123584406090456,53.89739607120874,100.00000000000001,0.04642358640904853,0.008521568397273228,0.024034934171400766,-0.03191989777263845,45.52214285714286,10.00845568211515,19.771494646345044,2.27436420892946,182443020.0,0.04842364828458163
2014-06-29,-0.9428422992671273,-1.9438991945752075,61.19422020260031,100.0,0.04842364828458163,0.04642358640904853,0.008521568397273228,0.024034934171400766,46.18571428571429,10.022030501694918,20.478064753418142,2.286909622577355,184753020.0,-0.06578696878449034
2014-07-06,-0.7956065441930917,-1.6402682456926443,49.76824475553038,65.00530222693534,-0.06578696878449034,0.04842364828458163,0.04642358640904853,0.008521568397273228,46.549285714285716,9.442988443815167,21.170503458349778,2.359273220964687,183830770.0,0.02442620930952227
2014-07-13,-0.5754576586599569,-1.1841806960059076,53.19091473315435,77.73064687168609,0.02442620930952227,-0.06578696878449034,0.04842364828458163,0.04642358640904853,47.005,8.968855600041847,21.849093389182784,2.392182276610067,204870770.0,-0.07427813620774949
2014-07-20,-0.680407020038146,-1.4053418702305442,43.68179019344307,39.97879109225879,-0.07427813620774949,0.02442620930952227,-0.06578696878449034,0.04842364828458163,47.20642857142857,8.75432655799957,22.514111521399126,2.475597828280776,201800770.0,0.005184716734186895
2014-07-27,-0.7357330778696252,-1.5242923360155436,44.403391487089834,23.338048090523316,0.005184716734186895,-0.07427813620774949,0.02442620930952227,-0.06578696878449034,47.355,8.555121018960316,23.165829290971143,2.315912269117863,207870770.0,-0.005184716734186766
2014-08-03,-0.7898405809812417,-1.6416760168170674,43.799028824445514,14.242424242424313,-0.005184716734186766,0.005184716734186895,-0.07427813620774949,0.02442620930952227,47.42142857142858,8.243119824875253,23.80451270515172,2.2247756784665875,204850770.0,0.0
2014-08-10,-0.8232314671116399,-1.716209610614981,43.79902882444552,14.242424242424313,0.0,-0.005184716734186766,0.005184716734186895,-0.07427813620774949,47.44285714285714,7.953404430367695,24.430422451048685,2.0658631300046886,206420770.0,0.05928595913158599
2014-08-17,-0.6150535976455842,-1.2801959920847947,52.592080297249744,55.76323987538948,0.05928595913158599,0.0,-0.005184716734186766,0.005184716734186895,47.61928571428571,8.180854466316008,25.043814002027712,2.1904443350043534,206420770.0,-0.06842440392895315
2014-08-24,-0.7034036589169546,-1.4692872359975726,44.06220623487003,5.2959501557632915,-0.06842440392895315,0.05928595913158599,0.0,-0.005184716734186766,47.55357142857143,8.121094835170059,25.64493772198716,2.265412596789757,199450770.0,-0.011431208231778602
2014-08-31,-0.8060892777601509,-1.6906956585919133,42.860703990928684,0.0,-0.011431208231778602,-0.06842440392895315,0.05928595913158599,0.0,47.419285714285714,7.896972291022755,26.234038967547416,2.170740268447632,193840770.0,0.0002210677581679447
2014-09-07,-0.8765570500417326,-1.8454852646323259,42.89295396599219,0.15151515151522899,0.0002210677581679447,-0.011431208231778602,-0.06842440392895315,0.05928595913158599,47.39142857142857,7.68885850002883,26.81135818819647,2.01640167784423,196060770.0,0.04071588809541154
2014-09-14,-0.7718060790368,-1.6259016086603395,48.749422254629245,29.06626506024096,0.04071588809541154,0.0002210677581679447,-0.011431208231778602,-0.06842440392895315,47.41857142857143,8.223733578406257,27.37713102443254,2.0509444151410707,198980770.0,-0.01626052087178029
2014-09-21,-0.7415674997134332,-1.564909613194743,46.66595497648634,17.620481927710866,-0.01626052087178029,0.04071588809541154,0.0002210677581679447,-0.011431208231778602,47.362857142857145,8.72040329404244,27.931588403943888,2.0258769569167083,197730770.0,-0.0248975516217272
2014-09-28,-0.8003655643493914,-1.6947308958405034,43.652256154295586,13.932291666666671,-0.0248975516217272,-0.01626052087178029,0.04071588809541154,0.0002210677581679447,47.065714285714286,8.683132141008809,28.47495663586501,2.0390286028512294,194770770.0,0.009464140191153608
2014-10-05,-0.8030094547126083,-1.7045445780148587,45.092640966970734,19.53125,0.009464140191153608,-0.0248975516217272,-0.01626052087178029,0.04071588809541154,46.62428571428571,9.392252709155676,29.00745750314771,2.091955131218999,194770770.0,-0.05516311179091272
2014-10-12,-0.9913713693309418,-2.117396941040763,38.978816535322245,3.2810271041370047,-0.05516311179091272,0.009464140191153608,-0.0248975516217272,-0.01626052087178029,46.24357142857143,9.082595486070732,29.529308353084755,2.1339583361319274,185340770.0,-0.13644568797102072
2014-10-19,-1.5671948480851228,-3.3963154897693326,29.343108891835342,0.0,-0.13644568797102072,-0.05516311179091272,0.009464140191153608,-0.0248975516217272,45.38357142857143,9.559272264165555,30.04072218602306,2.3751041692653616,183350770.0,-0.10244622031132823
2014-10-26,-2.293242361660795,-5.068398219618652,24.923678872587217,0.0,-0.10244622031132823,-0.13644568797102072,-0.05516311179091272,0.009464140191153608,44.51571428571429,10.779016344227944,30.541907742302598,2.46759672860355,182561170.0,-0.24265962355128304
2014-11-02,-3.4206785348421747,-7.797060138543125,18.825191461190926,0.042918454935629034,-0.24265962355128304,-0.10244622031132823,-0.13644568797102072,-0.05516311179091272,43.107142857142854,13.0520494922313,55.1,2.8156255337032965,174021170.0,0.23142687168831447
2014-11-09,-3.7105994279632952,-8.60658207042642,35.052244183808156,33.41483292583537,0.23142687168831447,-0.24265962355128304,-0.10244622031132823,-0.13644568797102072,42.21214285714286,14.750782043200653,54.531600000000005,3.200223709867347,179371170.0,-0.07850801591955889
2014-11-16,-4.098080476101337,-9.705659160287334,32.49556594626152,23.064384678076614,-0.07850801591955889,0.23142687168831447,-0.24265962355128304,-0.10244622031132823,41.135714285714286,16.328176554815048,53.36793600000001,3.1530648734482507,176981170.0,0.0811798298883702
2014-11-23,-4.145160152265319,-9.965654116028583,37.572947400623875,36.7464539007092,0.0811798298883702,-0.07850801591955889,0.23142687168831447,-0.24265962355128304,40.04571428571428,17.220710178147577,52.250818560000006,3.1157030967733754,191331170.0,-0.02218316383306867
2014-11-30,-4.1938389851315065,-10.23959121387248,36.73569498940063,33.46631205673759,-0.02218316383306867,0.0811798298883702,-0.07850801591955889,0.23142687168831447,39.13428571428572,17.909119677931873,51.1783858176,2.9774385898609914,185111170.0,-0.028907301873811162
2014-12-07,-4.25917038996819,-10.569366742371002,35.64899600097196,29.299645390070904,-0.028907301873811162,-0.02218316383306867,0.0811798298883702,-0.07850801591955889,38.192857142857136,18.729478100820224,50.148850384896,2.839764404870921,160021170.0,-0.05780099888982843
2014-12-14,-4.405408152846299,-11.137969364701382,33.599339531812745,21.3209219858156,-0.05780099888982843,-0.028907301873811162,-0.02218316383306867,0.0811798298883702,37.122142857142855,19.946780871491143,49.16049636950016,2.8162098045229977,155311170.0,0.012157205752687344
2014-12-21,-4.440262147661379,-11.41709277703309,34.43384159630537,22.96099290780142,0.012157205752687344,-0.05780099888982843,-0.028907301873811162,-0.02218316383306867,35.94357142857143,21.077133444256994,48.21167651472015,2.6414805327713546,155776040.0,0.09673425884402109
2014-12-28,-4.168876962429188,-10.825711903635222,41.130923184549395,36.7464539007092,0.09673425884402109,0.012157205752687344,-0.05780099888982843,-0.028907301873811162,35.041428571428575,21.008634231974437,47.30080945413135,2.6749462090019724,157266040.0,-0.057350267055386366
2015-01-04,-4.05871618240478,-10.676401005223337,38.56645278506359,28.413120567375888,-0.057350267055386366,0.09673425884402109,0.012157205752687344,-0.05780099888982843,34.08642857142857,20.72800965968462,46.426377075966094,2.664592908358974,155136040.0,-0.05485245884497804
2015-01-11,-4.061767238711532,-10.850730781519747,36.35887782448759,26.520270270270252,-0.05485245884497804,-0.057350267055386366,0.09673425884402109,0.012157205752687344,32.979285714285716,20.861324286483477,45.58692199292745,2.595693414904762,152756040.0,0.06080019902696411
2015-01-18,-3.8671004909323585,-10.442131606130033,40.440689743589694,40.02425712553062,0.06080019902696411,-0.05485245884497804,-0.057350267055386366,0.09673425884402109,32.18214285714286,20.54038887352576,44.781045113210354,2.5452867424115646,171836040.0,0.014562612115655483
2015-01-25,-3.633021409442321,-9.899632768765409,41.4464378386572,79.08277404921695,0.014562612115655483,0.06080019902696411,-0.05485245884497804,-0.057350267055386366,31.812142857142856,20.531265938291693,44.00740330868194,2.5956234036678816,222416040.0,0.014353582815638788
2015-02-01,-3.3707312867997885,-9.25437799329402,42.492242741007345,84.34004474272925,0.014353582815638788,0.014562612115655483,0.06080019902696411,-0.05485245884497804,31.73785714285714,20.279345788242956,43.26470717633466,2.519507446263033,228286040.0,-0.028604133764773807
2015-02-08,-3.2010084694952354,-8.867264321917334,40.93428962418189,73.93736017897085,-0.028604133764773807,0.014353582815638788,0.014562612115655483,0.06080019902696411,32.120714285714286,20.25155695708287,42.551718889281275,2.4573997715299596,223726040.0,-0.04368620686762357
2015-02-15,-3.140843772524498,-8.798437146064607,38.68419590891288,23.55371900826446,-0.04368620686762357,-0.028604133764773807,0.014353582815638788,0.014562612115655483,31.909285714285716,20.39891166400264,41.86725013371002,2.3797283592778196,222046040.0,0.049596941139372186
2015-02-22,-2.933468653558535,-8.276904117061173,42.55627865847171,55.785123966942166,0.049596941139372186,-0.04368620686762357,-0.028604133764773807,0.014353582815638788,31.990714285714283,20.239513224207737,41.21016012836162,2.356890619329404,231536040.0,0.018743827292192
2015-03-01,-2.688904458886526,-7.628174505733902,44.04429097242637,68.38842975206612,0.018743827292192,0.049596941139372186,-0.04368620686762357,-0.028604133764773807,31.927857142857142,20.043345570069825,40.57935372322716,2.2899698608058756,233506040.0,0.003949572200833248
2015-03-08,-2.4562811786291334,-7.0016377181513265,44.37498950289494,71.07438016528916,0.003949572200833248,0.018743827292192,0.049596941139372186,-0.04368620686762357,31.927142857142858,19.800690894234823,39.97377957429807,2.1899720136054555,234946040.0,-0.02922835351038596
2015-03-15,-2.321818139354761,-6.6612705586165415,42.402805681050104,51.44628099173554,-0.02922835351038596,0.003949572200833248,0.018743827292192,0.049596941139372186,31.925714285714285,19.707480247194876,39.39242839132615,2.1242597269193513,233376040.0,0.14640477707658756
2015-03-22,-1.787161135486194,-5.103220112967402,54.08482303936168,100.0,0.14640477707658756,-0.02922835351038596,0.003949572200833248,0.018743827292192,32.41357142857142,19.01871398581203,38.834331255673106,2.3332411749965405,236766040.0,0.12196939426128917
2015-03-29,-0.9642001081192362,-2.7138295471626654,61.99212749672909,96.05055292259084,0.12196939426128917,0.14640477707658756,-0.02922835351038596,0.003949572200833248,33.21857142857143,19.75650789737045,25.44,2.5458668053539304,239256040.0,-0.06356819552517454
2015-04-05,-0.5142540028246785,-1.4360947556719041,56.383183488942116,75.67140600315957,-0.06356819552517454,0.12196939426128917,0.14640477707658756,-0.02922835351038596,33.61714285714286,20.260416488898574,25.779,2.5583048906857924,235776040.0,0.04014000164965681
2015-04-12,-0.02743863254745804,-0.07582293306909595,58.88326429174275,88.38862559241709,0.04014000164965681,-0.06356819552517454,0.12196939426128917,0.14640477707658756,34.265,20.177616408267834,26.11122,2.5912831127796645,236826040.0,-0.08222413380438172
2015-04-19,0.09661829439392022,0.2661730582666976,52.394697918418444,62.875197472353854,-0.08222413380438172,0.04014000164965681,-0.06356819552517454,0.12196939426128917,34.80357142857142,19.348120988731413,26.4367956,2.7711914618668314,232296040.0,0.056229354114219664
2015-04-26,0.36661596314407063,1.0026810977827227,55.92481923350407,80.09478672985779,0.056229354114219664,-0.08222413380438172,0.04014000164965681,-0.06356819552517454,35.362857142857145,18.577875242019026,26.755859688,2.7289635003049146,235346040.0,0.016171517987219105
2015-05-03,0.6258264903626269,1.698002245895142,56.94988139800454,84.03074295473957,0.016171517987219105,0.056229354114219664,-0.08222413380438172,0.04014000164965681,35.935,18.46246576600902,27.068542494240003,2.701894678854564,254396040.0,0.04605997983375086
2015-05-10,0.9741444078089359,2.613786105052763,59.90104857330346,100.0,0.04605997983375086,0.016171517987219105,0.056229354114219664,-0.08222413380438172,36.61,18.494348573497643,27.374971644355202,2.6453307732220948,257916040.0,-0.0007072969763214867
2015-05-17,1.2335485379129238,3.276399490509548,59.83167035257012,98.98648648648646,-0.0007072969763214867,0.04605997983375086,0.016171517987219105,0.056229354114219664,37.34928571428571,18.550157133044593,27.977172778580993,2.4649500037062313,255376040.0,0.0
2015-05-24,1.422727858787411,3.743882418385674,59.83167035257012,98.9408649602824,0.0,-0.0007072969763214867,0.04605997983375086,0.016171517987219105,38.18642857142857,18.601979366909614,28.849742411866135,2.2960250034415006,256896040.0,0.011023918371973526
2015-05-31,1.5922247300276808,4.150521516153514,60.65956273325888,100.0,0.011023918371973526,0.0,-0.0007072969763214867,0.04605997983375086,38.94571428571429,18.77184307471236,29.669957867154167,2.165594646052822,267736040.0,-0.011023918371973628
2015-06-07,1.6693835353580582,4.317987462197029,59.342398609780055,95.78853046594983,-0.011023918371973628,0.011023918371973526,0.0,-0.0007072969763214867,39.62785714285714,18.929573660529194,30.725961237781835,2.0444807427633345,224666040.0,0.0
2015-06-14,1.7108112770230761,4.393669094638019,59.342398609780055,95.78853046594983,0.0,-0.011023918371973628,0.011023918371973526,0.0,40.30071428571428,19.07603777593054,31.69748433875929,1.8991606897088105,227006040.0,0.011023918371973526
2015-06-21,1.7612653620652097,4.489662123504622,60.34113363415367,99.81566820276494,0.011023918371973526,0.0,-0.011023918371973628,0.011023918371973526,41.074999999999996,19.398747320367164,32.59128559165855,1.8020777833010384,308996040.0,-0.04484414609363944
2015-06-28,1.630752005764137,4.143194909370149,54.567042703964646,73.16384180790962,-0.04484414609363944,0.011023918371973526,0.0,-0.011023918371973628,41.35428571428571,18.787636618455217,33.62115703249269,1.8212150844938215,278386040.0,-0.08632408412039731
2015-07-05,1.2394865328129967,3.159584375371121,46.016224563998804,25.282485875706207,-0.08632408412039731,-0.04484414609363944,0.011023918371973526,0.0,41.04785714285714,18.148349402131345,34.54804132924342,1.9332711498871202,277376040.0,-0.05129329438755058
2015-07-12,0.768842797220934,1.9729367355562029,42.078209788244564,19.888268156424587,-0.05129329438755058,-0.08632408412039731,-0.04484414609363944,0.011023918371973526,40.791428571428575,18.758188363003743,42.89,2.0566089248951833,276421100.0,-0.013528954940319452
2015-07-19,0.3530524881704977,0.912440563549928,41.1108437871884,14.525139664804513,-0.013528954940319452,-0.05129329438755058,-0.08632408412039731,-0.04484414609363944,40.385714285714286,19.235785459809474,42.711,1.9618511445455271,274751100.0,-0.03788222227184
2015-07-26,-0.08123396465443733,-0.21187577512144284,38.50883540357439,0.0,-0.03788222227184,-0.013528954940319452,-0.05129329438755058,-0.08632408412039731,40.11714285714286,20.040211736637826,42.535579999999996,1.9288617770779894,270581100.0,0.04888840082160606
2015-08-02,-0.28494860473489325,-0.7471199567917992,43.50592897315245,18.973214285714317,0.04888840082160606,-0.03788222227184,-0.013528954940319452,-0.05129329438755058,39.81428571428571,20.678718258210584,42.191356799999994,1.9125145072867047,277151100.0,0.08084119706044518
2015-08-09,-0.20199057511434404,-0.5291045151489063,51.06368763384282,52.45535714285717,0.08084119706044518,0.04888840082160606,-0.03788222227184,-0.013528954940319452,39.67928571428571,19.8139365277655,41.860902528,1.9901920424805115,278941100.0,-0.024634369399145966
2015-08-16,-0.20967883595163528,-0.5497618948974647,48.85813067979173,41.96428571428569,-0.024634369399145966,0.08084119706044518,0.04888840082160606,-0.03788222227184,39.340714285714284,19.34192237694632,41.543666426879994,1.922321182303332,277231100.0,0.0594846468348922
2015-08-23,-0.0290393954571897,-0.07586501087952845,54.1043499393979,67.74553571428571,0.0594846468348922,-0.024634369399145966,0.08084119706044518,0.04888840082160606,39.169285714285714,18.13051862454235,33.93,2.055726812138808,277231100.0,0.03825871211709048
2015-08-30,0.23726260943683286,0.6159329439437654,57.29067342616172,85.15625000000001,0.03825871211709048,0.0594846468348922,-0.024634369399145966,0.08084119706044518,39.10928571428571,17.035593612046153,34.081,2.0503177541288937,281311100.0,-0.013810031714780485
2015-09-06,0.3977298484912737,1.027626114556086,55.76720943677684,78.79464285714288,-0.013810031714780485,0.03825871211709048,0.0594846468348922,-0.024634369399145966,38.975,15.876738436366724,34.380160000000004,2.090295057405401,279651100.0,0.038760832995574424
2015-09-13,0.6481502796764786,1.6622177760696915,59.096371545381,93.13304721030043,0.038760832995574424,-0.013810031714780485,0.03825871211709048,0.0594846468348922,38.99,15.348464306455359,34.667353600000006,2.102416839019301,282701100.0,0.01721773571473026
2015-09-20,0.8959936342554684,2.2789637341124864,60.556747625437076,100.0,0.01721773571473026,0.038760832995574424,-0.013810031714780485,0.03825871211709048,39.05785714285714,14.896097471039598,35.18231238400001,2.0051013505179225,283851100.0,-0.019096993961008724
2015-09-27,1.0145490415836775,2.564977112131907,58.08210745754235,91.29511677282377,-0.019096993961008724,0.01721773571473026,0.038760832995574424,-0.013810031714780485,39.03357142857143,14.42737953074381,35.83572739328,1.9204512540523566,283191650.0,0.02988062490177829
2015-10-04,1.1987785026917166,3.00672354973568,60.79627931766284,100.0,0.02988062490177829,-0.019096993961008724,0.01721773571473026,0.038760832995574424,39.23571428571428,14.515183733186365,36.4368692018176,1.8754190216200453,284351650.0,0.010668583767786321
2015-10-11,1.3669494080875708,3.4005966444535836,61.76759925738487,100.0,0.010668583767786321,0.02988062490177829,-0.019096993961008724,0.01721773571473026,39.71357142857143,14.779808085447481,37.17518228163584,1.795031948647185,285133740.0,-0.09242430505041531
2015-10-18,1.1712206370092488,2.912696532057888,50.547466535161654,62.25868725868728,-0.09242430505041531,0.010668583767786321,0.02988062490177829,-0.019096993961008724,40.04642857142857,13.945703444776251,38.02896040783954,1.9461010951723858,282813740.0,-0.10239315443002427
2015-10-25,0.691020367509033,1.7304802885718378,42.24170931494161,24.324324324324355,-0.10239315443002427,-0.09242430505041531,0.010668583767786321,0.02988062490177829,40.13285714285714,14.51780951094887,44.29,2.08780815980293,281966010.0,-0.2074916496150145
2015-11-01,-0.23792309568923997,-0.6074361152318857,32.306402639637696,0.0,-0.2074916496150145,-0.10239315443002427,-0.09242430505041531,0.010668583767786321,39.825,16.537148284602743,44.1332,2.4265361483884353,280606010.0,0.14611228488992636
2015-11-08,-0.5912785372754783,-1.5236659731919862,42.28125682149013,31.765507839127476,0.14611228488992636,-0.2074916496150145,-0.10239315443002427,-0.09242430505041531,39.728571428571435,18.4122485744242,43.552672,2.5860692806464045,295766010.0,0.0
2015-11-15,-0.8613857517686796,-2.239050543970945,42.28125682149014,77.39896139083315,0.0,0.14611228488992636,-0.2074916496150145,-0.10239315443002427,39.417857142857144,22.495507803297812,42.99536512,4.849921474885948,296886010.0,0.09244195666626989
2015-11-22,-0.7983485465793834,-2.0786804346779126,48.54595326594495,84.89501016030707,0.09244195666626989,0.0,0.14611228488992636,-0.2074916496150145,39.41142857142857,20.999694278743203,40.4156432128,4.740641369536951,300746010.0,0.047015540811063426
2015-11-29,-0.5954749693333028,-1.5474583513487774,51.62842143995364,88.98171144727928,0.047015540811063426,0.09244195666626989,0.0,0.14611228488992636,39.36928571428571,19.93481787898714,0.0,4.804166985998598,308386010.0,0.00379891554759916
2015-12-06,-0.417776582951511,-1.083423646819006,51.88566877583506,89.32038834951456,0.00379891554759916,0.047015540811063426,0.09244195666626989,0.0,39.22642857142857,19.06773843112402,0.8288,4.708155058427269,353736010.0,0.08035377385537422
2015-12-13,-0.009747629712776984,-0.025071077448396508,57.284144493426474,96.79385865883947,0.08035377385537422,0.00379891554759916,0.047015540811063426,0.09244195666626989,39.36071428571428,18.262593229536837,2.510448,4.608286839968178,372406010.0,0.05513475187910261
2015-12-20,0.5038904120521863,1.2803545796447036,60.764612220792095,99.56043956043956,0.05513475187910261,0.08035377385537422,0.00379891554759916,0.047015540811063426,39.55285714285714,17.7604031461971,4.12483008,4.466980637113308,372406010.0,-0.10585119280211658
2015-12-27,0.537608075405906,1.3624531593719307,52.18981147859838,89.56043956043956,-0.10585119280211658,0.05513475187910261,0.08035377385537422,0.00379891554759916,39.36714285714286,17.004362705373733,6.6073402751999994,4.472910591605214,371036010.0,0.008308943208446754
2016-01-03,0.5850209674875302,1.4780849719051696,52.72664782174023,90.3076923076923,0.008308943208446754,-0.10585119280211658,0.05513475187910261,0.08035377385537422,39.26428571428572,16.74792162800013,8.940899858687999,4.478416977919127,371036010.0,-0.008308943208446724
2016-01-10,0.5883784075231375,1.4833187732264337,52.096683127937276,89.56043956043956,-0.008308943208446724,0.008308943208446754,-0.10585119280211658,0.05513475187910261,39.045,17.795509633090834,45.5,7.093530050924904,370990730.0,-0.05109957727849543
2016-01-17,0.4223663915108773,1.0666828229714702,48.38001445591373,85.0989010989011,-0.05109957727849543,-0.008308943208446724,0.008308943208446754,-0.10585119280211658,38.64714285714286,16.96779203103977,44.59,6.731849333001697,370498420.0,-0.15350522701972105
2016-01-24,-0.15205745455583042,-0.38866319242355357,40.03187095700595,72.98901098901099,-0.15350522701972105,-0.05109957727849543,-0.008308943208446724,0.008308943208446754,38.135,15.880355038420843,43.6982,6.644574380644433,369509800.0,-0.14979402905443479
2016-01-31,-0.968918787462151,-2.526979801029181,34.63529963546776,62.83516483516483,-0.14979402905443479,-0.15350522701972105,-0.05109957727849543,-0.008308943208446724,37.57357142857143,14.8872170094107,42.824236,6.499961924884117,368179800.0,-0.026942430796421064
2016-02-07,-1.6584948313350552,-4.41509191825771,33.82743717254586,61.16483516483517,-0.026942430796421064,-0.14979402905443479,-0.15350522701972105,-0.05109957727849543,37.44571428571429,14.010078490343059,41.96775128,6.297821787392394,366799800.0,-0.05388757517260395
2016-02-14,-2.296327973043624,-6.2510598301455484,32.270236525289235,57.956043956043956,-0.05388757517260395,-0.026942430796421064,-0.14979402905443479,-0.15350522701972105,36.88071428571429,13.286999260663535,41.1283962544,5.952263088292937,365769800.0,0.03575799957478128
2016-02-21,-2.6933046171395887,-7.47344036514238,34.40833257656634,60.065934065934066,0.03575799957478128,-0.05388757517260395,-0.026942430796421064,-0.14979402905443479,36.38428571428572,12.700990695923263,40.305828329312,5.688530010557727,366999800.0,-0.053356005365957984
2016-02-28,-3.0869096275607646,-8.74773490913828,32.76090858958803,56.94505494505494,-0.053356005365957984,0.03575799957478128,-0.05388757517260395,-0.026942430796421064,35.549285714285716,12.156839885807296,39.49971176272576,5.4172064383750325,364079800.0,0.020249020409467015
2016-03-06,-3.3178319619071424,-9.580059289313567,34.030480449283075,58.10989010989011,0.020249020409467015,-0.053356005365957984,0.03575799957478128,-0.05388757517260395,34.62285714285714,11.646561153345038,38.70971752747124,5.068120264205388,364855520.0,0.04835782520895802
2016-03-13,-3.3564425433818634,-9.836346350153029,37.18739180949304,60.989010989010985,0.04835782520895802,0.020249020409467015,-0.053356005365957984,0.03575799957478128,33.77928571428571,11.057151652041687,37.93552317692182,4.800397388190717,366385520.0,0.04887596057461519
2016-03-20,-3.2375597505955938,-9.59170165871424,40.44405165461437,64.04395604395604,0.04887596057461519,0.04835782520895802,0.020249020409467015,-0.053356005365957984,32.79857142857143,10.382056662212262,37.176812713383384,4.556797574748523,367353720.0,-0.04707578007046737
2016-03-27,-3.2144172804571163,-9.649213490053029,38.37826444262476,61.36865342163356,-0.04707578007046737,0.04887596057461519,0.04835782520895802,0.020249020409467015,31.548571428571428,9.92167383487372,36.43327645911572,4.360597747980772,361693720.0,-0.017051020756614813
2016-04-03,-3.1971470570670597,-9.726767871386112,37.65183273550663,60.331125827814574,-0.017051020756614813,-0.04707578007046737,0.04887596057461519,0.04835782520895802,30.59,9.494175495202219,35.7046109299334,4.082697908839288,347453720.0,0.008380446205481132
2016-04-10,-3.1288339526210933,-9.634215493187236,38.267629041873555,71.17768595041322,0.008380446205481132,-0.017051020756614813,-0.04707578007046737,0.04887596057461519,29.623571428571427,9.071384464904101,34.99051871133474,3.807505201065053,347958270.0,0.10822288830727318
2016-04-17,-2.7883740109312782,-8.620610291076376,46.116963753037695,41.31868131868132,0.10822288830727318,0.008380446205481132,-0.017051020756614813,-0.04707578007046737,28.90642857142857,8.529155906599552,34.29070833710804,3.7605405438461212,347958270.0,-0.059363613249393196
2016-04-24,-2.6310521305653936,-8.19816542282618,42.82211558266401,33.02047781569967,-0.059363613249393196,0.10822288830727318,0.008380446205481132,-0.017051020756614813,28.207857142857144,8.025657959602471,33.60489417036588,3.6183590764285407,346928270.0,0.04855977596428885
2016-05-01,-2.3629389521526356,-7.391973653474837,46.19039720352874,81.94444444444441,0.04855977596428885,-0.059363613249393196,0.10822288830727318,0.008380446205481132,28.005714285714284,7.735629712788546,32.93279628695856,3.462761999540788,347587140.0,0.11022031375607556
2016-05-08,-1.8435575280155412,-5.741202576244209,53.45018209786606,82.4022346368715,0.11022031375607556,0.04855977596428885,-0.059363613249393196,0.10822288830727318,28.386428571428574,8.10368052213396,0.0,3.6032789995735888,349787140.0,-0.1494936945240528
2016-05-15,-1.791352052944994,-5.616208430560565,44.791331139201574,38.547486033519554,-0.1494936945240528,0.11022031375607556,0.04855977596428885,-0.059363613249393196,28.485000000000003,7.807767394820826,0.7162000000000001,3.721616213889761,347557140.0,0.03167380677354477
2016-05-22,-1.6550503040669895,-5.210005146756477,46.64890479908695,47.299813780260685,0.03167380677354477,-0.1494936945240528,0.11022031375607556,0.04855977596428885,28.755,7.532990919458629,1.4180760000000001,3.5565007700404925,350227140.0,0.0
2016-05-29,-1.529400212449552,-4.832684949951166,46.64890479908695,45.41947926711665,0.0,0.03167380677354477,-0.1494936945240528,0.11022031375607556,28.956428571428575,7.27919121811067,2.10591448,3.3031792864661713,351307140.0,0.0
2016-06-05,-1.4135273462256421,-4.482248912329516,46.64890479908695,39.97879109225873,0.0,0.0,0.03167380677354477,-0.1494936945240528,29.259285714285713,7.043520066858996,2.7799961904,3.0672379088614448,352997140.0,0.02165438943538218
2016-06-12,-1.2539856151815485,-3.983140774876956,48.177960824863604,46.695095948827266,0.02165438943538218,0.0,0.0,0.03167380677354477,29.571428571428573,6.971723802321087,3.4405962665920002,2.9167209153713416,354067140.0,0.009368506576612003
2016-06-19,-1.0915641949597443,-3.4703497149996836,48.87135956732859,44.45754716981134,0.009368506576612003,0.02165438943538218,0.0,0.0,29.810714285714287,7.008359859784673,4.08798434126016,2.816240849987675,355507140.0,0.006729716153125789
2016-06-26,-0.9351193307408394,-2.973981819675597,49.39935550368078,46.93396226415093,0.006729716153125789,0.009368506576612003,0.02165438943538218,0.0,29.965714285714288,7.04237905600086,4.722424654434957,2.699366503559984,358507140.0,-0.043740654009742454
2016-07-03,-0.9087865245210018,-2.9003016278674627,46.12607641022513,31.132075471698105,-0.043740654009742454,0.006729716153125789,0.009368506576612003,0.02165438943538218,30.120714285714286,6.986422043753243,5.344176161346258,2.6022688961628426,358124730.0,0.03701093785661675
2016-07-10,-0.7876564168043672,-2.5151194967836474,49.18395968289172,42.90909090909093,0.03701093785661675,-0.043740654009742454,0.006729716153125789,0.009368506576612003,30.390000000000004,7.213988442685936,5.953492638119333,2.522821117865497,359484730.0,0.08885854452283617
2016-07-17,-0.45323645871521734,-1.4381670361728163,56.0540881771061,76.66666666666666,0.08885854452283617,0.03701093785661675,-0.043740654009742454,0.006729716153125789,30.849285714285717,7.98865484737307,6.550622785356946,2.596191038017961,359484730.0,-0.04022150798558466
2016-07-24,-0.29295601908735946,-0.9271067316471565,52.509287627844024,55.804195804195764,-0.04022150798558466,0.08885854452283617,0.03701093785661675,-0.043740654009742454,30.98785714285714,8.707987937439693,7.135810329649807,2.506463106730964,357524730.0,0.010056461409012672
2016-07-31,-0.13771685961724955,-0.4344208765158701,53.29265152151115,60.419580419580356,0.010056461409012672,-0.04022150798558466,0.08885854452283617,0.03701093785661675,31.27642857142857,9.436951803404696,7.709294123056811,2.351001456250181,359574730.0,0.10823690852739287
2016-08-07,0.2862194261170785,0.892337766630511,61.17232687624674,100.0,0.10823690852739287,0.010056461409012672,-0.04022150798558466,0.08885854452283617,31.731428571428573,10.772215927929363,8.271308240595674,2.4523584950894537,359574730.0,-0.010944021679317255
2016-08-14,0.5831926479759773,1.800428345260223,60.01544382693853,95.0556242274413,-0.010944021679317255,0.10823690852739287,0.010056461409012672,-0.04022150798558466,31.904999999999998,12.01210404355941,9.410455910971848,2.428618602583064,356864730.0,0.03007949303641399
2016-08-21,0.897764914127805,2.739819675773627,62.154379661189296,100.0,0.03007949303641399,-0.010944021679317255,0.10823690852739287,0.010056461409012672,32.494285714285716,13.355241390622377,10.504037674532974,2.3344315595414167,357625000.0,-0.018319477839767458
2016-08-28,1.0797487133735046,3.265579471358991,60.03560398680054,85.66037735849056,-0.018319477839767458,0.03007949303641399,-0.010944021679317255,0.10823690852739287,32.96785714285714,14.367975390369525,12.121395414060995,2.25125787671703,356265000.0,0.031315284665463954
2016-09-04,1.3033571177583312,3.899182192504093,62.40996938024487,100.00000000000001,0.031315284665463954,-0.018319477839767458,0.03007949303641399,-0.010944021679317255,33.525,15.31427470119014,14.185283780936116,2.174025171237242,359735000.0,0.1330371993849118
2016-09-11,1.894465045777686,5.545613957458854,70.97972450431489,100.0,0.1330371993849118,0.031315284665463954,-0.018319477839767458,0.03007949303641399,34.46785714285714,17.12908237319389,16.561755402842504,2.404451944720296,364695000.0,-0.010668004697761782
2016-09-18,2.299299290855217,6.605652360342738,69.52564053413428,96.48991784914116,-0.010668004697761782,0.1330371993849118,0.031315284665463954,-0.018319477839767458,35.330714285714286,18.815789237494517,19.776344754501405,2.267705377240275,332445000.0,0.03212021940631761
2016-09-25,2.701955188954649,7.608907171207468,71.44307903877885,100.0,0.03212021940631761,-0.010668004697761782,0.1330371993849118,0.031315284665463954,36.27285714285714,20.52968968915788,23.07805648887121,2.2057264217231123,334115000.0,-0.023761684557218502
2016-10-02,2.9036718591014434,8.047040026233818,68.01927542064149,92.73743016759776,-0.023761684557218502,0.03212021940631761,-0.010668004697761782,0.1330371993849118,37.12571428571429,21.70984813075686,26.471967450651814,2.12246024874289,333166720.0,0.05093484865066211
2016-10-09,3.2089066079731268,8.724129654698745,71.24429587025644,85.36729857819905,0.05093484865066211,-0.023761684557218502,0.03212021940631761,-0.010668004697761782,38.23571428571428,23.547260682887533,29.322852658547525,2.308713088118398,333166720.0,-0.021768962694939498
2016-10-16,3.333305267539572,8.923103363901594,68.04015368818773,78.39699436443333,-0.021768962694939498,0.05093484865066211,-0.023761684557218502,0.03212021940631761,39.195,25.097594838979017,32.68113918000897,2.4195192961099408,333166720.0,0.05653442000972026
2016-10-23,3.5993919066011486,9.452392260319284,71.66687756075541,94.39008480104371,0.05653442000972026,-0.021768962694939498,0.05093484865066211,-0.023761684557218502,40.13285714285714,26.537190841063968,35.434934127607356,2.448839346387802,360286720.0,0.0
2016-10-30,3.7668456334260156,9.721179171466295,71.66687756075541,94.26666666666667,0.0,0.05653442000972026,-0.021768962694939498,0.05093484865066211,41.166428571428575,27.873958557285707,37.69304598463803,2.2739222502172445,364756720.0,-0.03894910318352567
2016-11-06,3.71152481389079,9.45958310812543,65.6612162120321,81.09452736318411,-0.03894910318352567,0.0,0.05653442000972026,-0.021768962694939498,42.04785714285714,27.915469164750558,39.54469770740319,2.313642089487441,362196720.0,-0.0019878526700538384
2016-11-13,3.618706225207731,9.119807069854836,65.36626464240211,79.40074906367042,-0.0019878526700538384,-0.03894910318352567,0.0,0.05653442000972026,42.653571428571425,27.954014728825065,41.063052120070616,2.2390962259526237,357296720.0,0.0
2016-11-20,3.504746291336879,8.742027046358519,65.36626464240211,75.5120213713268,0.0,-0.0019878526700538384,-0.03894910318352567,0.0,43.28785714285714,27.56278397636348,42.308102738457904,2.2134464955274358,367506720.0,0.0
2016-11-27,3.3755213141863507,8.340498572398888,65.36626464240211,75.5120213713268,0.0,0.0,-0.0019878526700538384,-0.03894910318352567,43.84285714285715,27.32330848481164,43.32904424553548,2.0889146029897625,374186720.0,-0.06461222125183967
2016-12-04,3.0100542088497733,7.411313994268038,55.56386868414808,45.56097560975611,-0.06461222125183967,0.0,0.0,-0.0019878526700538384,44.24428571428571,25.97748573300823,47.98,2.1418492742047794,367636720.0,-0.1284231680471826
2016-12-11,2.2817816424595776,5.6524421821714625,43.019180864400624,0.0,-0.1284231680471826,-0.06461222125183967,0.0,0.0,44.19714285714286,25.047107411190815,47.868399999999994,2.35386004033301,366860990.0,-0.1228238770592767
2016-12-18,1.3413768495047549,3.3685329239231767,35.6984030822733,4.761904761904762,-0.1228238770592767,-0.1284231680471826,-0.06461222125183967,0.0,43.45642857142857,25.26525200418976,47.445263999999995,2.547155751737795,328660990.0,0.0
2016-12-25,0.5893061216967936,1.4989697661923271,35.6984030822733,4.761904761904762,0.0,-0.1228238770592767,-0.1284231680471826,-0.06461222125183967,42.74857142857143,25.46781484054593,46.53234816,2.3652160551850954,329930990.0,0.05944674435796084
2017-01-01,0.15450078085925867,0.3962115684435546,41.14266657187641,17.58730158730161,0.05944674435796084,0.0,-0.1228238770592767,-0.1284231680471826,42.085,24.501390400318122,45.6742072704,2.454843479814732,329930990.0,-0.059446744357960955
2017-01-08,-0.3490589680118532,-0.9054943241903624,37.70472973996855,4.761904761904762,-0.059446744357960955,0.05944674435796084,0.0,-0.1228238770592767,41.35142857142858,23.8599435804362,44.867554834176,2.423783231256537,323210990.0,-0.0436940145615524
2017-01-15,-0.852086589286813,-2.240444491186265,35.47631324659574,0.0,-0.0436940145615524,-0.059446744357960955,0.05944674435796084,0.0,40.355714285714285,23.577149011728977,44.10930154412544,2.3513701433096412,322383050.0,-0.003172591493584872
2017-01-22,-1.244463368470477,-3.3145070299194495,35.31689113056365,2.3705552089831508,-0.003172591493584872,-0.0436940145615524,-0.059446744357960955,0.05944674435796084,39.42285714285714,23.421268860265265,43.1061574205954,2.2184151330732385,320483050.0,0.017950411123842987
2017-01-29,-1.492229068760011,-4.018053566540823,37.05326342159829,5.926388022457888,0.017950411123842987,-0.003172591493584872,-0.0436940145615524,-0.059446744357960955,38.34571428571429,22.364168501646258,41.904541678535864,2.2685283378537213,322563050.0,0.028916194931294333
2017-02-05,-1.5943562804539724,-4.3289491060934955,39.917680995937026,12.936344969199157,0.028916194931294333,0.017950411123842987,-0.003172591493584872,-0.0436940145615524,37.33571428571429,21.382575311500037,40.82308751068228,2.173633456578455,324613050.0,-0.028916194931294267
2017-02-12,-1.7311869302944913,-4.746192599754069,38.0528684048852,6.502395619438734,-0.028916194931294267,0.028916194931294333,0.017950411123842987,-0.003172591493584872,36.387142857142855,20.47109592064998,39.84977875961405,2.0855167811085655,322383050.0,-0.17634693110506688
2017-02-19,-2.231881178114911,-6.240748819768265,29.793035922972905,0.0,-0.17634693110506688,-0.028916194931294267,0.028916194931294333,0.017950411123842987,35.074999999999996,20.897560427621773,38.97380088365264,2.306551296743668,319933050.0,0.016614744390522174
2017-02-26,-2.5628310169700583,-7.293848268275877,31.19037078780123,4.81366459627329,0.016614744390522174,-0.17634693110506688,-0.028916194931294267,0.028916194931294333,33.794999999999995,21.39386041223236,37.52014477761433,2.209654775547692,322373050.0,0.10850459750787163
2017-03-05,-2.5432295400962204,-7.3104486071815575,40.117945638498824,22.23974763406941,0.10850459750787163,0.016614744390522174,-0.17634693110506688,-0.028916194931294267,32.738571428571426,20.75101696512301,35.96052450874832,2.3611080058657135,338813050.0,0.05122758920667338
2017-03-12,-2.3712542571882693,-6.856241059155679,44.10984792643379,36.05442176870746,0.05122758920667338,0.10850459750787163,0.016614744390522174,-0.17634693110506688,31.998571428571427,19.693798481688138,34.40044058734859,2.3067431483038767,340443050.0,-0.05122758920667328
2017-03-19,-2.337128274771061,-6.8181030340391455,41.155283324628,40.712223291626565,-0.05122758920667328,0.05122758920667338,0.10850459750787163,0.016614744390522174,31.509285714285713,18.712095604212898,33.08997009337282,2.2562614948535997,339599790.0,0.0801437841379677
2017-03-26,-2.0811363708855524,-6.088379117155136,47.20142786041085,65.15880654475453,0.0801437841379677,-0.05122758920667328,0.05122758920667338,0.10850459750787163,31.509285714285713,17.497776279986688,26.21,2.2972428166497707,351669790.0,0.008153449970410493
2017-04-02,-1.8353177980876652,-5.380102521903699,47.81523161405753,67.7574590952839,0.008153449970410493,0.0801437841379677,-0.05122758920667328,0.05122758920667338,31.52857142857143,16.741268306164773,26.3454,2.2774397583176444,351669790.0,-0.059478662137762796
2017-04-09,-1.7749719897920286,-5.23483840984543,43.90631423243753,58.248009101251405,-0.059478662137762796,0.008153449970410493,0.0801437841379677,-0.05122758920667328,31.26642857142857,15.661581351317455,26.691584000000002,2.2519083470092416,351514100.0,0.06547568161013728
2017-04-16,-1.5383481002180446,-4.541508349703053,48.87605673638945,82.36632536973838,0.06547568161013728,-0.059478662137762796,0.008153449970410493,0.0801437841379677,31.3,15.055967831750221,27.023920640000004,2.2424863222228675,351944290.0,-0.10985490524566567
2017-04-23,-1.6130348180706946,-4.802993209905389,42.2576517813068,42.77588168373149,-0.10985490524566567,0.06547568161013728,-0.059478662137762796,0.008153449970410493,31.185714285714287,14.484695595573784,27.342963814400004,2.3308801563498056,349724290.0,0.03701093785661675
2017-04-30,-1.5630254395441874,-4.67972342565492,44.86826606966,55.63139931740616,0.03701093785661675,-0.10985490524566567,0.06547568161013728,-0.059478662137762796,31.159285714285712,13.546438143507425,27.649245261824003,2.278674430896248,357834290.0,0.08709175961095025
2017-05-07,-1.2802770610457088,-3.8286694871252545,50.86028993404684,85.02202643171806,0.08709175961095025,0.03701093785661675,-0.10985490524566567,0.06547568161013728,31.294285714285714,13.459055608981691,27.94327545135104,2.41519768583223,363994290.0,-0.0002947678724364237
2017-05-14,-1.0449582224951044,-3.1216237186575997,50.839263318238906,84.91189427312779,-0.0002947678724364237,0.08709175961095025,0.03701093785661675,-0.10985490524566567,31.361428571428572,13.377914684064937,28.38407892426998,2.2433978511299277,362614290.0,-0.006803753505240912
2017-05-21,-0.8670308336307286,-2.5888651712018462,50.323942456504156,82.37885462555064,-0.006803753505240912,-0.0002947678724364237,0.08709175961095025,0.03701093785661675,31.479285714285712,13.225703923757615,28.79843418881378,2.099583718906362,361504290.0,0.04753140395259247
2017-05-28,-0.5869221291514464,-1.7453891115714926,53.91129207096518,99.89047097480827,0.04753140395259247,-0.006803753505240912,-0.0002947678724364237,0.08709175961095025,32.08428571428571,13.46400585736161,29.187928137484953,2.1174705961273363,363334290.0,-0.05318702254003303
2017-06-04,-0.5067580771616846,-1.5074189792897787,49.606455173110824,79.84665936473162,-0.05318702254003303,0.04753140395259247,-0.006803753505240912,-0.0002947678724364237,32.526428571428575,13.507655633567461,29.680093886486155,2.1676512678325266,361304290.0,0.19000341838357848
2017-06-11,0.12102581630223597,0.35462169526765536,62.09312343225622,99.90521327014214,0.19000341838357848,-0.05318702254003303,0.04753140395259247,-0.006803753505240912,33.245714285714286,15.021646734333675,30.132886375567264,2.5142476058444894,362804290.0,0.0
2017-06-18,0.6115000825055574,1.7672964531638433,62.09312343225622,99.97532082922012,0.0,0.19000341838357848,-0.05318702254003303,0.04753140395259247,33.85071428571428,16.95983815172982,40.52,5.2282299197127395,362983800.0,-0.15365709640164016
2017-06-25,0.5285212303001217,1.5270244618103175,50.215343721454786,85.73543928923988,-0.15365709640164016,0.0,0.19000341838357848,-0.05318702254003303,34.15785714285714,16.908695529998564,39.7096,5.2669277825904,361043800.0,-0.08090663861280047
2017-07-02,0.24210165970838915,0.7033601412458637,45.800321247981714,79.07206317867718,-0.08090663861280047,-0.15365709640164016,0.0,0.19000341838357848,34.090714285714284,16.611276723550276,38.915408,5.083575798119658,360076310.0,-0.02977730301496998
2017-07-09,-0.06004588602253591,-0.17570251199858947,44.33872163581827,76.75222112537018,-0.02977730301496998,-0.08090663861280047,-0.15365709640164016,0.0,33.93714285714286,16.245231298678974,38.13709984,4.787606098253968,358836310.0,0.14936201610417787
2017-07-16,0.10357123212015296,0.3017977089861528,52.95580831302436,89.11648568608094,0.14936201610417787,-0.02977730301496998,-0.08090663861280047,-0.15365709640164016,34.278571428571425,16.298038115802267,37.374357843199995,4.882777091235828,360696310.0,0.009371623165300935
2017-07-23,0.25770349012800864,0.7474862767835768,53.48213205486607,89.95557749259625,0.009371623165300935,0.14936201610417787,-0.02977730301496998,-0.08090663861280047,34.49285714285715,16.347073017416758,37.22,4.558293013290411,361504410.0,0.058087718223522766
2017-07-30,0.5494287237224498,1.5795571713043903,56.818022196095235,95.33563672260613,0.058087718223522766,0.009371623165300935,0.14936201610417787,-0.02977730301496998,35.11142857142857,16.56708445934845,0.0,4.388414940912525,362924410.0,0.09876360317939911
2017-08-06,1.0916131235617144,3.0866466338921392,62.189317366428696,100.0,0.09876360317939911,0.058087718223522766,0.009371623165300935,0.14936201610417787,35.93571428571429,17.088367363052846,0.7726000000000001,4.421385302275916,369494410.0,0.005379500752296643
2017-08-13,1.5223090137655646,4.237872105990474,62.47761104314611,98.89273356401384,0.005379500752296643,0.09876360317939911,0.058087718223522766,0.009371623165300935,36.574285714285715,17.628935243487337,2.447296,4.173429209256208,374404410.0,-0.0966640232920813
2017-08-20,1.527300847813983,4.2256408606083795,54.75602594156928,89.78085351787773,-0.0966640232920813,0.005379500752296643,0.09876360317939911,0.058087718223522766,36.93142857142857,17.66782879512234,4.90145824,4.191755694309337,369134410.0,-0.0500499501724528
2017-08-27,1.3622397394722725,3.7622030654927565,51.46140913195469,85.39792387543254,-0.0500499501724528,-0.0966640232920813,0.005379500752296643,0.09876360317939911,37.169285714285714,17.453493021935454,7.2083707456,4.028058859001527,364864410.0,0.017936500133692416
2017-09-03,1.2708415521450362,3.4991767848918958,52.54572110379486,86.9434832756632,0.017936500133692416,-0.0500499501724528,-0.0966640232920813,0.005379500752296643,37.337857142857146,16.921464324264495,9.376868500864,4.041768940501418,369064410.0,0.04411716970377044
2017-09-10,1.3203632965223306,3.61289686820324,55.27576015052036,90.86505190311418,0.04411716970377044,0.017936500133692416,-0.0500499501724528,-0.0966640232920813,37.75857142857143,16.72971880083911,11.415256390812159,4.029499730465603,374174410.0,0.05362618924821222
2017-09-17,1.5172209219287893,4.109788147812507,58.55351648456197,95.8708189158016,0.05362618924821222,0.04411716970377044,0.017936500133692416,-0.0500499501724528,37.83357142857143,16.551669386229822,13.331341007363429,3.8966783211466316,379324410.0,-0.011373383335708245
2017-09-24,1.6166709598178457,4.342813969037772,57.5693962091663,81.55102040816328,-0.011373383335708245,0.05362618924821222,0.04411716970377044,0.017936500133692416,37.875,16.429556401951867,15.132460546921624,3.6783441553504437,377064410.0,-0.0017050302510838342
2017-10-01,1.6705800099039507,4.454006147303066,57.414620585740074,80.97959183673471,-0.0017050302510838342,-0.011373383335708245,0.05362618924821222,0.04411716970377044,38.323571428571434,16.287629940289797,16.825512914106326,3.427748144253983,376181860.0,0.010669354363398885
2017-10-08,1.7288782114254957,4.573734233573,58.175784190311866,84.57142857142857,0.010669354363398885,-0.0017050302510838342,-0.011373383335708245,0.05362618924821222,38.996428571428574,16.21452847451589,18.416982139259947,3.2164804196644132,381551860.0,0.0
2017-10-15,1.7548511247380958,4.60938714000068,58.175784190311866,79.16207276736493,0.0,0.010669354363398885,-0.0017050302510838342,-0.011373383335708245,39.73642857142857,16.146648542011544,19.91296321090435,2.986731818259812,382402210.0,-0.028129529878559035
2017-10-22,1.6634640781911187,4.350395186251052,55.18586220924058,65.6497175141243,-0.028129529878559035,0.0,0.010669354363398885,-0.0017050302510838342,40.03642857142857,15.709621993647035,21.31918541825009,2.9076795455269684,380202210.0,-0.06720476985003043
2017-10-29,1.3639048357034156,3.5707534961715672,49.00630063315088,36.04519774011296,-0.06720476985003043,-0.028129529878559035,0.0,0.010669354363398885,40.125,14.935415977110916,22.641034293155084,2.887131006560757,372682210.0,0.0
2017-11-05,1.1136643484472017,2.918481598284662,49.00630063315088,36.04519774011296,0.0,-0.06720476985003043,-0.028129529878559035,0.0,40.057857142857145,14.166824037828956,23.88357223556578,2.6987645060921315,374422210.0,-0.005053874302678847
2017-11-12,0.8897589598738378,2.3346993668594034,48.54907302039819,37.29903536977489,-0.005053874302678847,0.0,-0.06720476985003043,-0.028129529878559035,39.69071428571429,13.519093521536533,25.05155790143183,2.7681384699426927,369482210.0,0.08678913007239093
2017-11-19,0.9754198781155239,2.545667156192811,56.39014089723864,73.74062165058946,0.08678913007239093,-0.005053874302678847,0.0,-0.06720476985003043,39.550000000000004,12.913649822543988,26.149464427345922,2.9189857220896434,374562210.0,0.020808880525627214
2017-11-26,1.1000212257052695,2.8518710531708655,58.12836645652948,85.52486187845301,0.020808880525627214,0.08678913007239093,-0.005053874302678847,0.0,39.75285714285714,12.62997003096422,27.181496561705167,2.9269153133689545,395052210.0,-0.00359842057953337
2017-12-03,1.1731416977404905,3.0237982563739854,57.69640233845949,73.121387283237,-0.00359842057953337,0.020808880525627214,0.08678913007239093,-0.005053874302678847,40.080714285714286,12.601412294427302,28.151606768002857,3.012135648128315,380792210.0,-0.034473527369874475
2017-12-10,1.1045820482211681,2.839477885182862,53.65975527806015,59.53757225433529,-0.034473527369874475,-0.00359842057953337,0.020808880525627214,0.08678913007239093,40.260000000000005,12.544539517726571,29.451478226562628,2.9012688161191496,364782210.0,0.011869575555383729
2017-12-17,1.0765699917804383,2.758125274762759,54.818634577020795,64.16184971098265,0.011869575555383729,-0.034473527369874475,-0.00359842057953337,0.020808880525627214,40.35214285714285,13.077790830330482,30.647359968437616,2.977606757824925,368982210.0,0.007835495523948638
2017-12-24,1.0678816855459061,2.7256898842398822,55.61553542994376,67.24470134874758,0.007835495523948638,0.011869575555383729,-0.034473527369874475,-0.00359842057953337,40.31214285714286,13.572952763462682,31.74757117096261,2.820634846551716,369823930.0,0.02051973023117654
2017-12-31,1.1167112839599227,2.8359987836739586,57.747364471839056,75.4335260115607,0.02051973023117654,0.007835495523948638,0.011869575555383729,-0.034473527369874475,40.36642857142857,14.18861643843331,32.7597654772856,2.7748752146551645,371193930.0,0.11605580477457414
2018-01-07,1.5530682481423028,3.888404550435294,67.82949391226418,98.70722433460075,0.11605580477457414,0.02051973023117654,0.007835495523948638,0.011869575555383729,40.79357142857143,15.623523369631306,33.69098423910275,2.956669842179796,377373930.0,0.0
2018-01-14,1.8772445790755938,4.639306756042833,67.82949391226418,98.70722433460075,0.0,0.11605580477457414,0.02051973023117654,0.007835495523948638,41.18928571428571,16.955936948600876,35.03888581519247,2.8897648534526676,380093930.0,-0.05465841253786408
2018-01-21,1.9104055838914107,4.686631344866642,59.7965173068964,79.69581749049429,-0.05465841253786408,0.0,0.11605580477457414,0.02051973023117654,41.40642857142858,17.44740943104099,36.25199723367322,3.0040673639203344,377013930.0,0.06418733588374236
2018-01-28,2.1499430596429363,5.2109453116533215,65.05551794888093,100.0,0.06418733588374236,-0.05465841253786408,0.0,0.11605580477457414,41.916428571428575,18.087615564329344,37.3437975103059,3.0216339807831676,378001780.0,0.04128553301278418
2018-02-04,2.4726582550648715,5.9062639277942734,68.10198105070766,99.67700258397934,0.04128553301278418,0.06418733588374236,-0.05465841253786408,0.0,42.75642857142857,19.033917107089263,38.55654180906919,3.10223155358437,387221780.0,-0.009141759958094513
2018-02-11,2.661421918087015,6.2778961573024565,66.69312829755606,96.77002583979329,-0.009141759958094513,0.04128553301278418,0.06418733588374236,-0.05465841253786408,43.56428571428571,19.91262568250919,40.0886259557995,2.9127864426140584,385841780.0,-0.004089985251525166
2018-02-18,2.7630296664025167,6.445423565892769,66.03923026989739,94.56521739130433,-0.004089985251525166,-0.009141759958094513,0.04128553301278418,0.06418733588374236,44.371428571428574,20.588598078235414,41.40621832198757,2.733301696713054,384011780.0,0.05482189760386751
2018-02-25,3.030522578428588,6.964926902145143,70.34468356648784,100.0,0.05482189760386751,-0.004089985251525166,-0.009141759958094513,0.04128553301278418,45.13214285714286,21.71811764406888,42.539347756909315,2.7344944326621214,392821780.0,0.187802789282165
2018-03-04,4.05513357698544,9.032373833725526,80.60147715077349,88.94591393604422,0.187802789282165,0.05482189760386751,-0.004089985251525166,-0.009141759958094513,46.59214285714286,24.32883813896384,43.98105211580383,3.4998876874719698,400991780.0,-0.15723689495717688
2018-03-11,4.089741811444675,8.987063421081766,61.22341791628528,53.217528622187125,-0.15723689495717688,0.187802789282165,0.05482189760386751,-0.004089985251525166,47.416428571428575,26.391564003398457,47.76446273495914,3.914181424081115,398741780.0,0.03784484849509269
2018-03-18,4.233782544295131,9.15907759797622,63.371619163301176,61.31069877615476,0.03784484849509269,-0.15723689495717688,0.187802789282165,0.05482189760386751,48.48785714285714,28.306952306087744,50.866859442666495,3.827454179503892,425601780.0,-0.0036297680505787237
2018-03-25,4.282432320240133,9.13585773531352,63.00489414197731,60.52112120015791,-0.0036297680505787237,0.03784484849509269,-0.15723689495717688,0.187802789282165,49.510714285714286,29.918990831152026,65.0,3.7504931666821855,422591780.0,0.08367247572411504
2018-04-01,4.654651576946442,9.731169323851503,67.81828229664579,79.4709830240821,0.08367247572411504,-0.0036297680505787237,0.03784484849509269,-0.15723689495717688,50.853571428571435,31.89289312572197,64.749,3.8254579404906006,424131780.0,-0.1397619423751586
2018-04-08,4.271009666081625,8.871855646667036,55.24054277762662,43.844492440604746,-0.1397619423751586,0.08367247572411504,-0.0036297680505787237,0.03784484849509269,51.57857142857143,32.782397717655805,64.50301999999999,4.1093538018841285,422171780.0,0.01904819497069441
2018-04-15,4.0015351243376145,8.25041326102694,56.358049247524974,46.64295242329925,0.01904819497069441,-0.1397619423751586,0.08367247572411504,-0.0036297680505787237,52.00714285714286,33.608366267308654,64.00289919999999,4.030114244606691,439641780.0,0.035221434963362996
2018-04-22,3.896373758306403,7.955838293359396,58.47918929579251,55.09115162294353,0.035221434963362996,0.01904819497069441,-0.1397619423751586,0.08367247572411504,52.57142857142857,34.375337063414875,63.52278323199999,3.8851060842776413,443031780.0,-0.04470017891790682
2018-04-29,3.5781262634579534,7.26727706540131,54.85255021919224,39.903846153846146,-0.04470017891790682,0.035221434963362996,0.01904819497069441,-0.1397619423751586,53.142857142857146,34.290659164864664,63.061871902719986,3.7790270782578093,442093910.0,-0.05079216684010508
2018-05-06,3.0806032830102055,6.250550798531345,51.15163367582551,23.155216284987265,-0.05079216684010508,-0.04470017891790682,0.035221434963362996,0.01904819497069441,53.317857142857136,33.425157074868444,62.61939702661119,3.6948108583822514,440553910.0,0.0020020026706731903
2018-05-13,2.6636766939641348,5.398806681942206,51.28776618488329,8.53658536585365,0.0020020026706731903,-0.05079216684010508,-0.04470017891790682,0.035221434963362996,53.357142857142854,33.0519383470973,61.85623320501452,3.6058957970692336,442053910.0,-0.020202707317519466
2018-05-20,2.2268974382275957,4.515824815710685,49.793362454506244,2.439024390243894,-0.020202707317519466,0.0020020026706731903,-0.05079216684010508,-0.04470017891790682,53.357142857142854,32.40395357267384,61.13885921271365,3.455474668707146,439693910.0,0.04879016416943204
2018-05-27,2.0547553154912492,4.153414242901513,53.37762121373048,15.312500000000018,0.04879016416943204,-0.020202707317519466,0.0020020026706731903,-0.05079216684010508,53.54642857142857,31.97915874751809,60.16775047569656,3.3836550495137785,441053910.0,0.0667227229524122
2018-06-03,2.179660999210732,4.369722290119132,58.050765697895045,37.5,0.0667227229524122,0.04879016416943204,-0.020202707317519466,0.0020020026706731903,53.792857142857144,32.19359996076273,59.274330437640835,3.4276796888342225,460923910.0,0.0
2018-06-10,2.252682136036981,4.482041391602482,58.050765697895045,50.420168067226896,0.0,0.0667227229524122,0.04879016416943204,-0.020202707317519466,53.278571428571425,32.3927239444899,58.452384002629564,3.1828454253460636,463843910.0,-0.0804215673105742
2018-06-17,1.9451894980970152,3.86744779179107,50.95883884583838,16.20370370370371,-0.0804215673105742,0.0,0.0667227229524122,0.04879016416943204,53.107142857142854,31.24104814384582,57.6961932824192,3.259070752107059,458763910.0,0.033901551675681416
2018-06-24,1.8217102005873897,3.6102287400478517,53.47905959199605,32.40740740740742,0.033901551675681416,-0.0804215673105742,0.0,0.0667227229524122,52.91428571428572,30.042399342642245,57.00049781982567,3.1834228412422694,461863910.0,-0.019231361927887644
2018-07-01,1.624434851249788,3.2143635590443917,51.83965343434119,23.148148148148156,-0.019231361927887644,0.033901551675681416,-0.0804215673105742,0.0,52.66428571428572,29.449769358529842,56.36045799423962,3.2238926382963933,459073910.0,0.0067731270058459594
2018-07-08,1.4792825422103633,2.9215186464502443,52.389771357899434,47.50000000000002,0.0067731270058459594,-0.019231361927887644,0.033901551675681416,-0.0804215673105742,52.096428571428575,28.899470087568325,55.77162135470045,3.018614592703794,473233910.0,0.0028887839058909185
2018-07-15,1.3606671144192433,2.6818990357773083,52.63945539480513,50.0,0.0028887839058909185,0.0067731270058459594,-0.019231361927887644,0.033901551675681416,52.096428571428575,28.528439001868374,55.22989164632441,2.852999264653523,475623910.0,0.01052137874153274
2018-07-22,1.2961032651308244,2.547891606091361,53.60031872910412,59.16666666666662,0.01052137874153274,0.0028887839058909185,0.0067731270058459594,-0.019231361927887644,52.06428571428571,28.19519082864009,54.73150031461846,2.688499317178271,477483910.0,-0.0028585059959636483
2018-07-29,1.2187828331797164,2.3905671551450545,53.282817531101614,56.66666666666665,-0.0028585059959636483,0.01052137874153274,0.0028887839058909185,0.0067731270058459594,51.885714285714286,27.885746096356684,54.27298028944898,2.5071779373798226,475673910.0,0.001906578270581669
2018-08-05,1.1522920920991737,2.2551790911857754,53.48065339628025,58.333333333333336,0.001906578270581669,-0.0028585059959636483,0.01052137874153274,0.0028887839058909185,51.885714285714286,27.59840455923638,53.85114186629306,2.3388080847098354,476873910.0,0.04652001563489291
2018-08-12,1.286496872254304,2.5036622545243175,58.241635579131454,100.0,0.04652001563489291,0.001906578270581669,-0.0028585059959636483,0.01052137874153274,52.25,27.943070225637815,49.0,2.3503217929448468,478223910.0,-0.04652001563489282
2018-08-19,1.177551935085205,2.2879647522866287,52.45969775091107,58.333333333333336,-0.04652001563489282,0.04652001563489291,0.001906578270581669,-0.0028585059959636483,52.42857142857143,28.035008694566184,49.12,2.3895845220202148,475063910.0,-0.048790164169432056
2018-08-26,0.8793466203790956,1.7121721410753206,47.39285516930572,16.666666666666668,-0.048790164169432056,-0.04652001563489282,0.04652001563489291,0.001906578270581669,52.5,27.21253645485187,49.2376,2.3974713418759137,465343910.0,-0.06613980250454507
2018-09-02,0.38041827842554454,0.745613065925494,41.82438560120151,0.0,-0.06613980250454507,-0.048790164169432056,-0.04652001563489282,0.04652001563489291,52.16785714285714,25.292209139917343,55.0,2.454794817456206,464639180.0,-0.08468308723003856
2018-09-09,-0.31794914935488094,-0.6305170607327206,36.360833282608496,0.0,-0.08468308723003856,-0.06613980250454507,-0.048790164169432056,-0.04652001563489282,51.310714285714276,24.543585973335603,54.836,2.5508809019236196,464088500.0,0.0
2018-09-16,-0.8614797648597161,-1.727222181428801,36.360833282608496,78.18181818181819,0.0,-0.08468308723003856,-0.06613980250454507,-0.048790164169432056,50.45357142857142,27.789928961589336,54.36256,5.440103694643361,464619100.0,0.04546237407675741
2018-09-23,-1.1179612469235067,-2.2578063302234166,41.06050690404344,81.81818181818181,0.04546237407675741,0.0,-0.08468308723003856,-0.06613980250454507,50.04285714285714,25.92920589337146,51.1008064,5.194382002168836,465929100.0,0.0
2018-09-30,-1.3061679779202322,-2.6558438958421378,41.06050690404344,81.81818181818181,0.0,0.04546237407675741,0.0,-0.08468308723003856,49.50714285714285,24.2715601919804,48.034758016000005,4.894783287728204,478929100.0,-0.03390155167568134
2018-10-07,-1.5583964084399327,-3.196048803066446,38.58216919224169,79.0909090909091,-0.03390155167568134,0.0,0.04546237407675741,0.0,48.935714285714276,22.573014394672033,46.0,4.759441624319046,473879100.0,0.009153381986487201
2018-10-14,-1.7063429405173096,-3.5254955869531375,39.62862445329838,79.81818181818181,0.009153381986487201,-0.03390155167568134,0.0,0.04546237407675741,48.36785714285714,21.05909158606315,0.0,4.6123386511534,482119100.0,-0.02071420438756322
2018-10-21,-1.8746048338483945,-3.9054201631809002,38.05741987742628,78.18181818181819,-0.02071420438756322,0.009153381986487201,-0.03390155167568134,0.0,47.725,19.75602376705381,0.878,4.604314461785299,472639100.0,-0.02353049741019416
2018-10-28,-2.0648430142776064,-4.34195277878967,36.33366647420821,76.36363636363636,-0.02353049741019416,-0.02071420438756322,0.009153381986487201,-0.03390155167568134,46.971428571428575,18.456251654703305,2.74288,4.346863428800635,467609100.0,-0.06771817405495086
2018-11-04,-2.4097322665879233,-5.133599935481877,32.03635991552174,71.36363636363636,-0.06771817405495086,-0.02353049741019416,-0.02071420438756322,0.009153381986487201,46.03214285714286,17.280037100689174,4.5331648,4.232801755314875,456889100.0,0.0063492276786587445
2018-11-11,-2.6325402874397383,-5.674892009118604,32.814317364116036,71.81818181818181,0.0063492276786587445,-0.06771817405495086,-0.02353049741019416,-0.02071420438756322,45.103571428571435,16.18783787196177,6.251838208,3.948315915649527,461339100.0,0.0
2018-11-18,-2.7771045170251796,-6.053113624435778,32.814317364116036,75.23809523809524,0.0,0.0063492276786587445,-0.06771817405495086,-0.02353049741019416,43.996428571428574,15.173652873857748,7.901764679679999,3.6662933502459896,468279100.0,0.01007565198874164
2018-11-25,-2.826810343429443,-6.2215132166130385,34.211705933491515,76.0,0.01007565198874164,0.0,0.0063492276786587445,-0.06771817405495086,43.096428571428575,14.292482312074714,9.4856940924928,3.47227239665699,498669100.0,-0.02538207327141716
2018-12-02,-2.913311371598823,-6.480951909339912,32.397539321297174,77.8,-0.02538207327141716,0.01007565198874164,0.0,0.0063492276786587445,42.30357142857143,13.480126408939244,11.006266328793087,3.295681511181491,492089100.0,0.0
2018-12-09,-2.9478827028244226,-6.6239172457073465,32.397539321297174,81.89473684210526,0.0,-0.02538207327141716,0.01007565198874164,0.0,41.739285714285714,15.60286958072322,47.5,5.8388471175256695,492902210.0,-0.05007633798017609
2018-12-16,-3.0929413503336605,-7.0377626732994,29.007982406780584,77.89473684210526,-0.05007633798017609,0.0,-0.02538207327141716,0.01007565198874164,41.310714285714276,14.513581001669936,46.55,5.557500894845264,474562210.0,0.0
2018-12-23,-3.171344092965299,-7.30166870642409,29.007982406780584,77.89473684210526,0.0,-0.05007633798017609,0.0,-0.02538207327141716,40.88214285714285,13.502098749691886,45.619,5.16053654521346,480752210.0,-0.019100171373419378
2018-12-30,-3.252470525591626,-7.580675161215425,27.766704435312462,76.42105263157893,-0.019100171373419378,0.0,-0.05007633798017609,0.0,40.260714285714286,12.558674478154742,44.70662,4.841926791983927,478612210.0,0.01910017137341943
2019-01-06,-3.2231254739388433,-7.589651554946587,30.948759517624495,77.89473684210526,0.01910017137341943,-0.019100171373419378,0.0,-0.05007633798017609,39.689285714285724,11.875082917985443,43.812487600000004,4.7460748782707896,485072210.0,0.0
2019-01-13,-3.1634035619722596,-7.520743069968348,30.948759517624495,77.89473684210526,0.0,0.01910017137341943,-0.019100171373419378,0.0,39.22500000000001,11.240319326399668,42.936237848000005,4.414212386965733,491202210.0,-0.012236726448437034
2019-01-20,-3.116460143058589,-7.481768752266989,29.96460638039251,76.94736842105262,-0.012236726448437034,0.0,0.01910017137341943,-0.019100171373419378,38.699999999999996,10.681780568546221,42.077513091040004,4.134625787896752,489622210.0,0.009530364850694062
2019-01-27,-3.0162456679204297,-7.302921657293142,31.781631688179118,86.61971830985915,0.009530364850694062,-0.012236726448437034,0.0,0.01910017137341943,38.26428571428572,10.285112211910217,41.235962829219204,3.982152517332698,494182210.0,0.0027063615977430673
2019-02-03,-2.8953796755139436,-7.0647888824143665,32.32189839986414,92.73182957393485,0.0027063615977430673,0.009530364850694062,-0.012236726448437034,0.0,37.90714285714286,9.916777309319642,40.41124357263482,3.801284480380363,574832210.0,0.16184302545041396
2019-02-10,-2.2491697991212334,-5.4631717278926475,56.45965086319557,92.55319148936171,0.16184302545041396,0.0027063615977430673,0.009530364850694062,-0.012236726448437034,38.21071428571429,9.745220097127973,0.0,4.244049874638908,578902210.0,-0.011560822401075971
2019-02-17,-1.757134485148363,-4.2540221050032905,54.839398459061506,91.48936170212765,-0.011560822401075971,0.16184302545041396,0.0027063615977430673,0.009530364850694062,38.46071428571429,9.585916971521424,0.9400000000000001,4.119474883593272,561122210.0,-0.10536051565782628
2019-02-24,-1.6946323504385816,-4.121962601190948,43.324477636761316,82.3404255319149,-0.10536051565782628,-0.011560822401075971,0.16184302545041396,0.0027063615977430673,38.403571428571425,9.100064443774617,1.8612000000000002,4.13236953476518,558902210.0,0.0
2019-03-03,-1.626351391900279,-3.9731469816512837,43.324477636761316,82.3404255319149,0.0,-0.10536051565782628,-0.011560822401075971,0.16184302545041396,38.317857142857136,8.473960846032883,2.7639760000000004,3.958628853710525,560762210.0,0.0
2019-03-10,-1.5543209954169868,-3.812588230880935,43.324477636761316,82.3404255319149,0.0,0.0,-0.10536051565782628,-0.011560822401075971,38.30357142857143,7.8925789338441295,3.6486964800000004,3.675869649874059,561972210.0,-0.005181358741997629
2019-03-17,-1.4961282802757623,-3.6850339476790652,42.80237993479382,37.03703703703704,-0.005181358741997629,0.0,0.0,-0.10536051565782628,38.275,7.329497366182231,4.5157225504000005,3.4275932463116265,561688490.0,0.012903404835907782
2019-03-24,-1.3935997623699379,-3.4425515594393676,44.5998195847244,40.74074074074074,0.012903404835907782,-0.005181358741997629,0.0,0.0,38.417857142857144,6.94115678611563,5.365408099392001,3.2613365858607963,565328490.0,-0.10821358464023272
2019-03-31,-1.6164779917899423,-4.033576516164112,35.09754167797712,11.11111111111111,-0.10821358464023272,0.012903404835907782,-0.005181358741997629,0.0,38.275,6.810106596593264,6.1980999374041605,3.314098258299311,562838490.0,0.0
2019-04-07,-1.7726762855886378,-4.465226377771565,35.09754167797712,11.11111111111111,0.0,-0.10821358464023272,0.012903404835907782,-0.005181358741997629,38.182142857142864,6.81149474924321,7.014137938656077,3.148805525563646,564788490.0,-0.028987536873252298
2019-04-14,-1.9546245068202168,-4.976462003199608,33.055574704835095,3.7037037037037037,-0.028987536873252298,0.0,-0.10821358464023272,0.012903404835907782,37.96785714285715,6.8772228761833665,7.813855179882956,3.0310337023090996,554368490.0,-0.09237332013101517
2019-04-21,-2.3142178481632527,-5.9854199090203855,27.825367829699758,2.439024390243894,-0.09237332013101517,-0.028987536873252298,0.0,-0.10821358464023272,37.53928571428572,7.314123110030542,8.597578076285297,3.0573884378584495,472928490.0,0.0
2019-04-28,-2.5695776700341426,-6.744912681664323,27.825367829699758,2.439024390243894,0.0,-0.09237332013101517,-0.028987536873252298,0.0,37.142857142857146,7.719816184317206,9.36562651475959,2.839003549439989,523818490.0,0.0
2019-05-05,-2.7403629701320256,-7.293851943543707,27.825367829699758,2.439024390243894,0.0,0.0,-0.09237332013101517,-0.028987536873252298,36.721428571428575,8.096531181869107,10.118313984464399,2.636217581622847,537578490.0,0.03174869831458027
2019-05-12,-2.7631678295234536,-7.436225355613227,32.285894074315976,8.53658536585365,0.03174869831458027,0.0,0.0,-0.09237332013101517,36.364285714285714,8.252849950211004,10.85594770477511,2.5193448972212154,546348490.0,-0.0317486983145803
2019-05-19,-2.8293178722999457,-7.70888423340155,30.271170720968556,2.877697841726609,-0.0317486983145803,0.03174869831458027,0.0,0.0,35.471428571428575,8.297610846329233,11.578828750679607,2.4465345474197,533838490.0,0.0
2019-05-26,-2.848901890175547,-7.852612937382372,30.271170720968556,3.846153846153833,0.0,-0.0317486983145803,0.03174869831458027,0.0,34.614285714285714,8.091174804214004,12.287252175666016,2.4646392226040073,535098490.0,-0.0016142053545411135
2019-06-02,-2.8357679795062722,-7.902403929097448,30.162026062830208,25.751072961373385,-0.0016142053545411135,0.0,-0.0317486983145803,0.03174869831458027,34.06071428571428,8.441886960478875,12.981507132152695,2.506450706703721,531628490.0,0.001614205354541201
2019-06-09,-2.7891728303550707,-7.851730132210378,30.432152144639616,26.180257510729614,0.001614205354541201,-0.0016142053545411135,0.0,-0.0317486983145803,33.510714285714286,8.54506668727098,13.66187698950964,2.5702756562248834,534718490.0,0.0
2019-06-16,-2.720881214007484,-7.73241327581321,30.432152144639602,26.180257510729614,0.0,0.001614205354541201,-0.0016142053545411135,0.0,32.96071428571428,8.640876433577933,14.328639449719446,2.4581131093516775,538708490.0,0.06252035698133393
2019-06-23,-2.4768250335185513,-7.071405768478689,41.01589417417446,43.34763948497854,0.06252035698133393,0.0,0.001614205354541201,-0.0016142053545411135,32.56785714285714,8.486701465205673,14.982066660725058,2.425390744397986,573588490.0,-0.03077165866675366
2019-06-30,-2.33715907976206,-6.715631027015154,37.910313992163324,52.25806451612902,-0.03077165866675366,0.06252035698133393,0.0,0.001614205354541201,32.06785714285714,8.621189347213663,15.622425327510557,2.416434262655273,572769720.0,0.030771658666753687
2019-07-07,-2.12132781593845,-6.118924079252231,42.59145562482612,71.63120567375887,0.030771658666753687,-0.03077165866675366,0.06252035698133393,0.0,31.925,8.483653217010948,16.249976820960345,2.315260386751325,573561990.0,-0.03077165866675366
2019-07-14,-2.0078266512226577,-5.82474076244668,39.39302910297784,66.94214876033058,-0.03077165866675366,0.030771658666753687,-0.03077165866675366,0.06252035698133393,31.710714285714285,8.586581109321182,16.864977284541137,2.2213132162690874,571871990.0,0.0
2019-07-21,-1.8960200218729852,-5.529746323462175,39.39302910297784,94.95548961424332,0.0,-0.03077165866675366,0.030771658666753687,-0.03077165866675366,31.567857142857143,12.181719218421447,47.0,4.348362272249867,572291170.0,0.0
2019-07-28,-1.786815169569131,-5.237132963001711,39.39302910297784,94.95548961424332,0.0,0.0,-0.03077165866675366,0.030771658666753687,31.639285714285712,11.32702007286637,46.06,4.037764967089162,573501170.0,0.0
2019-08-04,-1.6808932463160389,-4.949438677364621,39.39302910297784,94.95548961424332,0.0,0.0,0.0,-0.03077165866675366,31.710714285714285,12.561776423268295,45.1388,6.0350674694399356,573934950.0,-0.13710921397240666
2019-08-11,-1.9058160329830898,-5.686914033962458,27.856727885497307,82.78931750741839,-0.13710921397240666,0.0,0.0,0.0,31.489285714285717,11.722180105466162,44.236024,5.896848364479941,573245760.0,0.05406722127027579
2019-08-18,-1.9366721646113128,-5.83134853878092,35.54195749844703,87.3887240356083,0.05406722127027579,-0.13710921397240666,0.0,0.0,31.307142857142857,10.99373395145221,43.35130352,5.650644909874231,575075760.0,-0.03278982282299084
2019-08-25,-2.0145603342389933,-6.130289313988819,33.20705895112377,84.56973293768546,-0.03278982282299084,0.05406722127027579,-0.13710921397240666,0.0,31.12857142857143,10.314187060863683,42.4842774496,5.354170273454643,570895760.0,0.027683428748416866
2019-09-01,-1.9888082126169309,-6.100915548230537,36.96262869325279,88.78787878787878,0.027683428748416866,-0.03278982282299084,0.05406722127027579,-0.13710921397240666,31.00714285714286,9.767279576698545,41.634591900608,5.171729539636454,575055760.0,0.0
2019-09-08,-1.9459675678974548,-6.014577472990657,36.96262869325279,88.78787878787878,0.0,0.027683428748416866,-0.03278982282299084,0.05406722127027579,30.889285714285712,10.71311010676032,40.80190006259584,6.895177429662421,575193980.0,-0.010291686036547636
2019-09-15,-1.914158315562851,-5.9620462193587285,36.08032848489834,87.87878787878788,-0.010291686036547636,0.0,0.027683428748416866,-0.03278982282299084,30.74642857142857,10.030870912547341,39.98586206134392,6.502664756115105,574023980.0,0.0
2019-09-22,-1.8674227666902965,-5.858457414226949,36.08032848489834,87.87878787878788,0.0,-0.010291686036547636,0.0,0.027683428748416866,30.603571428571428,10.453633090924054,39.18614482011704,8.109617273535454,574563930.0,-0.08263226458027023
2019-09-29,-1.9930012082666124,-6.328536862484542,29.763327275365015,80.9090909090909,-0.08263226458027023,0.0,-0.010291686036547636,0.0,30.153571428571432,9.797143303793726,38.402421923714705,7.8410731825686355,573925710.0,0.0
2019-10-06,-2.068676611686616,-6.643723818582235,29.763327275365015,80.9090909090909,0.0,-0.08263226458027023,0.0,-0.010291686036547636,29.775000000000002,9.937389507064182,37.63437348524041,9.188139383813732,574072120.0,0.0
2019-10-13,-2.104391795429507,-6.830529982991486,29.763327275365,83.4375,0.0,0.0,-0.08263226458027023,0.0,29.325,9.428909121221295,36.8816860155356,8.531843713541322,574422940.0,0.0
2019-10-20,-2.1083921041120597,-6.911792293266136,29.763327275365,83.4375,0.0,0.0,0.0,-0.08263226458027023,28.946428571428573,9.458742661748877,36.14405229522489,9.829569162574085,575017150.0,0.0
2019-10-27,-2.087498988645546,-6.907107652050308,29.763327275365,83.4375,0.0,0.0,0.0,0.0,28.567857142857143,9.486445235095918,35.42117124932039,11.034599936675935,575111670.0,-0.3091339991697321
2019-11-03,-2.613722342754169,-8.879452083775085,16.693973289328085,66.4406779661017,-0.3091339991697321,0.0,0.0,0.0,27.682142857142857,9.000059552052672,34.71274782433398,10.753557084056226,571101670.0,-0.05775883415219253
2019-11-10,-3.0839688755429293,-10.773472098771453,15.554393489301006,62.71186440677966,-0.05775883415219253,-0.3091339991697321,0.0,0.0,26.717857142857145,8.507459559760274,34.0184928678473,10.064017292337924,569861670.0,-0.05843108343584306
2019-11-17,-3.501011385556424,-12.594581281459064,14.534474539592452,59.152542372881356,-0.05843108343584306,-0.05775883415219253,-0.3091339991697321,0.0,25.971428571428568,8.008417589352577,33.33812301049036,9.420158914313788,567171670.0,-0.08052037665801869
2019-11-24,-3.895548834876898,-14.464785680027086,13.324713453421737,54.576271186440685,-0.08052037665801869,-0.05843108343584306,-0.05775883415219253,-0.3091339991697321,25.017857142857142,7.483985091543066,32.671360550280546,8.85086184900566,561471670.0,0.16034265007517928
2019-12-01,-3.9369038298159893,-14.948554941006009,26.91259530377137,64.06779661016948,0.16034265007517928,-0.08052037665801869,-0.05843108343584306,-0.05775883415219253,24.332142857142856,7.11049162899469,32.01793333927493,8.418657431219541,564921670.0,-0.024097551579060416
2019-12-08,-3.9603369018643875,-15.37864930897207,26.201668976874828,63.62068965517241,-0.024097551579060416,0.16034265007517928,-0.08052037665801869,-0.05843108343584306,23.557142857142853,6.763676270914054,31.377574672489434,7.853039043275288,557941670.0,0.09061823392062285
2019-12-15,-3.7939629622799202,-14.971695357402337,33.552826767311174,69.65517241379311,0.09061823392062285,-0.024097551579060416,0.16034265007517928,-0.08052037665801869,22.907142857142862,6.525294813155791,30.750023179039644,7.417107683041339,560051670.0,0.08535984895115685
2019-12-22,-3.476787220870097,-13.855368754633776,40.15594889174519,82.39700374531836,0.08535984895115685,0.09061823392062285,-0.024097551579060416,0.16034265007517928,22.407142857142862,6.404559238513796,30.135022715458852,7.026599991395529,562871670.0,-0.06090875308699246
2019-12-29,-3.29236990528268,-13.292842258489912,37.27493566194827,77.52808988764045,-0.06090875308699246,0.08535984895115685,0.09061823392062285,-0.024097551579060416,21.814285714285717,6.274394647494703,29.532322261149677,6.617557134867277,558251670.0,-0.08569472110488284
2020-01-05,-3.24597605511838,-13.335572918804539,33.85435271068597,71.16104868913858,-0.08569472110488284,-0.06090875308699246,0.08535984895115685,0.09061823392062285,21.264285714285712,6.035810928601966,28.941675815926683,6.277017339519614,549671670.0,-0.026668247082161294
2020-01-12,-3.2125224567831765,-13.43697097011847,32.89812754185621,69.28838951310861,-0.026668247082161294,-0.08569472110488284,-0.06090875308699246,0.08535984895115685,20.678571428571427,5.75738384423327,28.36284229960815,5.900087529553928,545561670.0,-0.052716782172404233
2020-01-19,-3.2254859058734517,-13.762298768111473,31.10068938781852,72.97297297297297,-0.052716782172404233,-0.026668247082161294,-0.08569472110488284,-0.06090875308699246,20.025000000000002,5.543100598804743,27.79558545361599,5.614366991728646,541281670.0,-0.1570037488096648
2020-01-26,-3.4023035835838016,-14.914440037043288,26.85870467846081,62.37006237006237,-0.1570037488096648,-0.052716782172404233,-0.026668247082161294,-0.08569472110488284,19.189285714285717,5.152909239466436,27.23967374454367,5.395483635176601,448601670.0,0.0
2020-02-02,-3.502063261749072,-15.751314312432276,26.85870467846081,0.0,0.0,-0.1570037488096648,-0.052716782172404233,-0.026668247082161294,18.353571428571428,4.790588691509437,26.694880269652796,5.010091946949701,451541670.0,0.0
2020-02-09,-3.540313000918456,-16.31657001181194,26.85870467846081,67.72009029345372,0.0,0.0,-0.1570037488096648,-0.052716782172404233,18.025,5.521435496557728,26.16098266425974,5.7236568078818655,452490830.0,0.0
2020-02-16,-3.5299352979780174,-16.64943502416748,26.85870467846081,67.72009029345372,0.0,0.0,0.0,-0.1570037488096648,17.775,5.202567631608587,25.637763010974545,5.314824178747446,463130830.0,0.0
2020-02-23,-3.481577436153138,-16.785028932426865,26.85870467846081,67.72009029345372,0.0,0.0,0.0,0.0,17.6,5.699963439948001,25.125007750755053,6.0066224516940565,463771540.0,-0.1431008436406733
2020-03-01,-3.5635582858783366,-17.668785263626624,23.255147529319544,58.69074492099323,-0.1431008436406733,0.0,0.0,0.0,17.378571428571426,5.343291369283585,24.62250759573995,5.72043513371591,459301540.0,-0.10964317744982713
2020-03-08,-3.6948702532028896,-18.911535179377303,21.188636113436417,52.59593679458239,-0.10964317744982713,-0.1431008436406733,0.0,0.0,16.860714285714288,5.065607367420652,24.13005744382515,5.486832624164774,455161540.0,0.0
2020-03-15,-3.755643216169954,-19.815160199496013,21.188636113436417,52.59593679458239,0.0,-0.10964317744982713,-0.1431008436406733,0.0,16.375,4.740003200499759,23.647456294948647,5.252058865295862,456005130.0,-0.10393092284823188
2020-03-22,-3.8521958997917896,-21.01900195424301,19.478583329213663,47.40406320541761,-0.10393092284823188,0.0,-0.10964317744982713,-0.1431008436406733,15.682142857142859,4.437656474073216,23.174507169049672,4.959054660631873,454165130.0,-0.048790164169432056
2020-03-29,-3.9238289607514396,-22.155536773301733,18.76931308655979,45.45454545454545,-0.048790164169432056,-0.10393092284823188,0.0,-0.10964317744982713,14.825000000000001,4.202842588477202,22.711017025668678,4.683407899158167,450465130.0,0.04879016416943204
2020-04-05,-3.8953496898708053,-22.678664677600867,21.834481002798555,52.5,0.04879016416943204,-0.048790164169432056,-0.10393092284823188,0.0,14.096428571428573,3.984801123280903,22.256796685155305,4.3845930492182985,456405130.0,0.04652001563489291
2020-04-12,-3.7887593814615244,-22.661707652156363,24.8868349395661,56.55526992287918,0.04652001563489291,0.04879016416943204,-0.048790164169432056,-0.10393092284823188,13.525000000000002,3.7374783248274026,21.811660751452198,4.1071221171312775,459415130.0,0.0
2020-04-19,-3.662071710981756,-22.47337087665894,24.8868349395661,56.55526992287918,0.0,0.04652001563489291,0.04879016416943204,-0.048790164169432056,12.989285714285716,3.5279553251932,21.375427536423153,3.885184823050472,461375130.0,-0.04652001563489282
2020-04-26,-3.5609680180305787,-22.44417612789307,23.80857743630196,66.45569620253164,-0.04652001563489282,0.0,0.04652001563489291,0.04879016416943204,12.485714285714286,3.2825992805167106,20.94791898569469,3.643385907118295,459995130.0,0.0
2020-05-03,-3.4411748908690534,-22.24646012584979,23.80857743630196,70.0,0.0,-0.04652001563489282,0.0,0.04652001563489291,12.164285714285715,3.166841891736323,20.5289606059808,3.4581440566098456,460632480.0,0.19022673630106784
2020-05-10,-3.1326056329405727,-20.523712711368002,37.603911721242454,84.66666666666667,0.19022673630106784,0.0,-0.04652001563489282,0.0,12.0,3.1870994753844073,20.118381393861185,3.368276623994856,467122480.0,0.29161135059167054
2020-05-17,-2.512129939316374,-16.321022592708353,54.82196197578919,100.0,0.29161135059167054,0.19022673630106784,0.0,-0.04652001563489282,12.142857142857142,3.6764962582958662,19.716013765983963,3.4348282937095087,473022480.0,0.0
2020-05-24,-1.997373997709765,-12.87706174536695,54.82196197578921,100.0,0.0,0.29161135059167054,0.19022673630106784,0.0,12.285714285714286,4.13093612814222,19.321693490664284,3.189483415587401,476952480.0,0.0
2020-05-31,-1.571313086220714,-10.058728096225403,54.82196197578921,93.42105263157895,0.0,0.0,0.29161135059167054,0.19022673630106784,12.428571428571429,4.314462139766277,18.935259620851,3.118806028759729,478522480.0,0.0
2020-06-07,-1.219597977946151,-7.756525593429796,54.82196197578921,93.42105263157895,0.0,0.0,0.0,0.29161135059167054,12.714285714285714,4.484879150560045,18.55655442843398,3.017462740991177,479186950.0,0.0
2020-06-14,-0.9301391554752421,-5.880233999104837,54.82196197578921,93.42105263157895,0.0,0.0,0.0,0.0,13.096428571428572,4.643123517725686,18.185423339865302,2.923358259491807,479579490.0,0.0
2020-06-21,-0.6927553013401972,-4.355413634700569,54.82196197578921,93.42105263157895,0.0,0.0,0.0,0.0,13.478571428571428,4.790064715808069,17.821714873067997,2.835975526670964,479751440.0,-0.20854475189305707
2020-06-28,-0.7541468081991738,-4.788342229964279,41.52097720142456,51.31578947368422,-0.20854475189305707,0.0,0.0,0.0,13.714285714285714,4.661633403930837,17.465280575606638,2.8619772747658954,476021440.0,-0.1029479692524425
2020-07-05,-0.9013436092060747,-5.813160451883475,37.39855457464258,32.66666666666666,-0.1029479692524425,-0.20854475189305707,0.0,0.0,13.889285714285714,4.3546725560446005,17.115974964094505,2.7539788979969027,474391440.0,0.03162318843051214
2020-07-12,-0.9744881842490205,-6.365650000607589,39.32091525419717,33.57142857142857,0.03162318843051214,-0.1029479692524425,-0.20854475189305707,0.0,14.057142857142855,4.234475594344713,16.773655464812617,2.6429804052828385,476261440.0,-0.047817874350492756
2020-07-19,-1.0685531568980622,-7.084964580250694,37.4625796994683,25.0,-0.047817874350492756,0.03162318843051214,-0.1029479692524425,-0.20854475189305707,14.14642857142857,4.005320803151213,16.438182355516364,2.4970532334769215,474981440.0,0.0
2020-07-26,-1.1300735410886436,-7.598560033243458,37.4625796994683,25.0,0.0,-0.047817874350492756,0.03162318843051214,-0.1029479692524425,14.235714285714284,3.87700641099563,16.109418708406036,2.41869228822857,475311640.0,-0.08961215868968717
2020-08-02,-1.2491556251001992,-8.555748384880495,34.18368953590365,1.5624999999999944,-0.08961215868968717,0.0,-0.047817874350492756,0.03162318843051214,14.285714285714286,3.7578573325654463,15.787230334237915,2.3209285533551003,473151640.0,0.10981486600720661
2020-08-09,-1.2245144587263415,-8.477303875153499,41.06173826954302,21.875000000000004,0.10981486600720661,-0.08961215868968717,0.0,-0.047817874350492756,14.428571428571429,3.732743036211658,15.471485727553157,2.283719370972593,560971640.0,0.1097508639591191
2020-08-16,-1.0755846052000866,-7.465199080427724,47.63501656413551,44.531249999999986,0.1097508639591191,0.10981486600720661,-0.08961215868968717,0.0,14.517857142857142,3.9183414956311156,15.162056013002093,2.2241679873316937,564511640.0,0.07257069283483558
2020-08-23,-0.8628836133467512,-5.97075425948396,51.82500083366061,60.93750000000001,0.07257069283483558,0.1097508639591191,0.10981486600720661,-0.08961215868968717,14.375,4.323436886873603,0.0,2.14029884537943,566581640.0,0.0
2020-08-30,-0.6864041056172514,-4.736290581007942,51.82500083366061,60.93750000000001,0.0,0.07257069283483558,0.1097508639591191,0.10981486600720661,14.232142857142858,4.403972495693813,0.3,2.0945632135666137,568741640.0,-0.04082199452025505
2020-09-06,-0.5881776638848262,-4.060431994001144,49.21523065115547,61.111111111111114,-0.04082199452025505,0.0,0.07257069283483558,0.1097508639591191,14.046428571428573,4.478755561026865,0.594,1.9878086983118557,567846980.0,0.0
2020-09-13,-0.5045167461299656,-3.4844114194304083,49.21523065115547,69.47368421052633,0.0,-0.04082199452025505,0.0,0.07257069283483558,13.860714285714286,4.17749641702279,0.88212,1.960108077003866,568458920.0,-0.05715841383994864
2020-09-20,-0.4970386282749608,-3.4482751542557697,45.65970245146532,59.52380952380951,-0.05715841383994864,0.0,-0.04082199452025505,0.0,13.617857142857144,3.8977557833047216,1.1644776000000001,1.8772432143607325,567512990.0,0.0
2020-09-27,-0.48551544615750686,-3.382483004460641,45.65970245146532,59.52380952380951,0.0,-0.05715841383994864,0.0,-0.04082199452025505,13.375,3.6379966234236583,1.441188048,1.7431544133349657,569692990.0,-0.007380107297622534
2020-10-04,-0.4789315804397596,-3.351381459748959,45.18645071913365,61.53846153846154,-0.007380107297622534,0.0,-0.05715841383994864,0.0,13.353571428571428,3.7742050993785097,1.7123642870400002,1.7757862409538967,559102990.0,0.0
2020-10-11,-0.46831537133964574,-3.2905776122452663,45.18645071913365,61.53846153846154,0.0,-0.007380107297622534,0.0,-0.05715841383994864,13.428571428571429,3.9006843984794424,1.9781170012992002,1.7346586523143326,561812990.0,-0.026267926820610188
2020-10-18,-0.4825811292089064,-3.4100185861782943,43.36210596244835,52.564102564102576,-0.026267926820610188,0.0,-0.007380107297622534,0.0,13.450000000000001,4.070010625368396,2.2385546612732163,1.6786116057204516,556772990.0,0.055467081512872454
2020-10-25,-0.42842944515537695,-3.0313677925885396,48.18931310462818,71.79487179487181,0.055467081512872454,-0.026267926820610188,0.0,-0.007380107297622534,13.567857142857145,3.925431429971707,2.493783568047752,1.612282205311848,558412990.0,0.014285957247476434
2020-11-01,-0.3651661092712093,-2.5841955490753885,49.42713959441145,76.3157894736842,0.014285957247476434,0.055467081512872454,-0.026267926820610188,0.0,13.700000000000001,3.708891223617498,2.743907896686797,1.529262047789573,560872990.0,0.06187540371808745
2020-11-08,-0.23964450868650466,-1.6882157549534527,54.67492590427751,80.0,0.06187540371808745,0.014285957247476434,0.055467081512872454,-0.026267926820610188,13.971428571428572,4.0370738319235135,2.989029738753061,1.5378861872331748,575862990.0,-0.06899287148695143
2020-11-15,-0.21834246254536538,-1.539717780150704,48.6360130259954,49.27536231884057,-0.06899287148695143,0.06187540371808745,0.014285957247476434,0.055467081512872454,14.078571428571427,4.296060194546523,3.4994685492029385,1.499465745287948,570262990.0,-0.018018505502678365
2020-11-22,-0.21910761200692264,-1.5485973769725543,47.23149616828086,42.02898550724637,-0.018018505502678365,-0.06899287148695143,0.06187540371808745,0.014285957247476434,14.064285714285715,4.050758549978439,3.989489807234821,1.488789620624523,567432990.0,-0.056089466651043585
2020-11-29,-0.2770391950664681,-1.9698906767570417,43.200913284890134,20.28985507246375,-0.056089466651043585,-0.018018505502678365,-0.06899287148695143,0.06187540371808745,13.921428571428573,3.8229784514509313,4.459910214945428,1.4503046477227712,562042990.0,-0.007722046093910278
2020-12-06,-0.3272472536451261,-2.3412456150424696,42.6779596076225,17.39130434782608,-0.007722046093910278,-0.056089466651043585,-0.018018505502678365,-0.06899287148695143,13.771428571428572,3.611468359961104,4.911513806347611,1.3574257443140019,530082990.0,0.10652263083800366
2020-12-13,-0.24718522257546915,-1.764968469727423,51.790784815866246,59.42028985507244,0.10652263083800366,-0.007722046093910278,-0.056089466651043585,-0.018018505502678365,13.767857142857142,3.9402993032114315,5.345053254093707,1.3676096197201446,537042990.0,-0.03186110206898401
2020-12-20,-0.21753907034054798,-1.5541507800140228,49.17784110709442,46.3768115942029,-0.03186110206898401,0.10652263083800366,-0.007722046093910278,-0.056089466651043585,13.732142857142858,4.245642321943879,5.761251123929958,1.30206607545442,535022990.0,0.0
2020-12-27,-0.19183295026657277,-1.3712061712917738,49.17784110709443,46.3768115942029,0.0,-0.03186110206898401,0.10652263083800366,-0.007722046093910278,13.75357142857143,4.159323599878005,6.16080107897276,1.262632784350533,535709980.0,-0.051672010544320926
2021-01-03,-0.2253471530545781,-1.6175295865221064,45.075142942081555,26.086956521739094,-0.051672010544320926,0.0,-0.03186110206898401,0.10652263083800366,13.725,3.93614225939317,6.544369035813849,1.2367304426112093,531659980.0,0.018762276455523034
2021-01-10,-0.2290936406741899,-1.648642969347955,46.78271665516564,28.12499999999996,0.018762276455523034,-0.051672010544320926,0.0,-0.03186110206898401,13.721428571428572,3.9855326072385524,6.912594274381295,1.1983925538532658,536309980.0,0.0037105793965357746
2021-01-17,-0.22542956526876523,-1.6257057424118735,47.13669728451896,29.687499999999986,0.0037105793965357746,0.018762276455523034,-0.051672010544320926,0.0,13.721428571428572,4.031395073094979,7.266090503406043,1.1163645142923184,540979980.0,0.0
2021-01-24,-0.21998985302498753,-1.5895894472244578,47.13669728451897,27.419354838709673,0.0,0.0037105793965357746,0.018762276455523034,-0.051672010544320926,13.74642857142857,4.349218223352963,7.605446883269801,1.0901956204142957,577109980.0,0.078331843269907
2021-01-31,-0.12547167559154104,-0.902949809728007,54.806660452806,62.9032258064516,0.078331843269907,0.0,0.0037105793965357746,0.018762276455523034,13.796428571428569,5.030892813007942,7.931229007939009,1.090895933241846,584929980.0,-0.04554202044691619
2021-02-07,-0.10184094768110263,-0.7326807418010737,50.17407230448606,41.93548387096771,-0.04554202044691619,0.078331843269907,0.0,0.0037105793965357746,13.785714285714286,5.21221902547378,8.243979847621448,1.0915462237245712,579159980.0,0.0
2021-02-14,-0.08216626401701532,-0.5909757360761969,50.17407230448606,55.31914893617017,0.0,-0.04554202044691619,0.078331843269907,0.0,13.710714285714285,5.193831147812124,8.54422065371659,1.0635786363156732,581639980.0,-0.025409715525368325
2021-02-21,-0.09373548605777948,-0.6752785188890612,47.65840112374843,48.7179487179487,-0.025409715525368325,0.0,-0.04554202044691619,0.078331843269907,13.682142857142855,5.176756689983444,8.832451827567926,1.0340373051502678,575939980.0,-0.02607224030977513
2021-02-28,-0.1296517086132738,-0.9371778423230984,45.21688366491204,24.999999999999975,-0.02607224030977513,-0.025409715525368325,0.0,-0.04554202044691619,13.64642857142857,4.9155978877366735,9.10915375446521,1.0030346404966772,572959980.0,0.0
2021-03-07,-0.15631368687056124,-1.1334478778149812,45.21688366491204,20.588235294117634,0.0,-0.02607224030977513,-0.025409715525368325,0.0,13.664285714285713,4.6730932856503875,9.3747876042866,0.9313893090326288,574689980.0,0.0
2021-03-14,-0.1754213486177747,-1.2757065535452545,45.21688366491204,46.000000000000014,0.0,0.0,-0.02607224030977513,-0.025409715525368325,13.689285714285713,5.151603190450787,9.629796100115136,0.9470043583874411,575929980.0,0.037041271680349076
2021-03-21,-0.14850659530157095,-1.0799812802027133,49.80502336096377,66.00000000000001,0.037041271680349076,0.0,0.0,-0.02607224030977513,13.64642857142857,5.1494435398745475,9.874604256110532,0.9150754756454811,577969980.0,-0.025784117155714555
2021-03-28,-0.1536473829278897,-1.1194823162604124,46.84730232735964,52.00000000000002,-0.025784117155714555,0.037041271680349076,0.0,0.0,13.610714285714284,5.845555435213751,10.10962008586611,0.9532843702422323,568259980.0,-0.007490671729157626
2021-04-04,-0.163901306191498,-1.1969374801813217,46.00664070049392,48.00000000000004,-0.007490671729157626,-0.025784117155714555,0.037041271680349076,0.0,13.567857142857141,6.491945052314441,10.335235282431466,0.8923354866535015,567531420.0,-0.02666824708216141
2021-04-11,-0.19798741352120075,-1.4516990858114502,43.09199377508058,33.999999999999986,-0.02666824708216141,-0.007490671729157626,-0.025784117155714555,0.037041271680349076,13.549999999999999,7.71023333232412,10.551825871134207,0.8928829518925372,560541420.0,0.0
2021-04-18,-0.22243678634622377,-1.6370889862092797,43.09199377508058,33.999999999999986,0.0,-0.02666824708216141,-0.007490671729157626,-0.025784117155714555,13.514285714285716,8.841501020904536,10.75975283628884,0.8755341696144988,561681420.0,-0.007751976804317936
2021-04-25,-0.24703459370091707,-1.8254616618530946,42.20597946720421,30.0,-0.007751976804317936,0.0,-0.02666824708216141,-0.007490671729157626,13.467857142857143,9.89196387458635,10.959362722837286,0.8201388717848916,560611420.0,-0.03564733873023761
2021-05-02,-0.2993886069423315,-2.226133942456582,38.38157244335326,12.000000000000028,-0.03564733873023761,-0.007751976804317936,0.0,-0.02666824708216141,13.389285714285716,11.326155419940324,11.150988213923794,0.8472718095145424,557341420.0,0.0
2021-05-09,-0.3369948725081997,-2.5203182418948904,38.38157244335326,13.636363636363662,0.0,-0.03564733873023761,-0.007751976804317936,0.0,13.232142857142858,12.657904712054728,11.334948685366843,0.786752394549218,558070480.0,-0.016260520871780405
2021-05-16,-0.37857248943293165,-2.849757861063363,36.66889794847848,5.4054054054053875,-0.016260520871780405,0.0,-0.03564733873023761,-0.007751976804317936,13.107142857142858,14.040120596216736,11.51155073795217,0.7591272235099881,555340480.0,-0.01652930195121047
2021-05-23,-0.42278774497871474,-3.2055516645894113,34.98757702387296,0.0,-0.01652930195121047,-0.016260520871780405,0.0,-0.03564733873023761,12.967857142857143,15.47120754239468,11.681088708434084,0.7299038504021318,551360480.0,-0.00836824967051658
2021-05-30,-0.4605884409763661,-3.5176242604239008,34.144573973363364,5.128205128205112,-0.00836824967051658,-0.01652930195121047,-0.016260520871780405,0.0,12.846428571428573,16.949313022214763,15.75,0.7134821468019795,547610480.0,0.07290677080808773
2021-06-06,-0.4131606279719442,-3.160658848272601,46.612216974938676,59.5744680851064,0.07290677080808773,-0.00836824967051658,-0.01652930195121047,-0.016260520871780405,12.814285714285715,17.55718897558071,15.671,0.7625191363161239,556840480.0,0.030771658666753472
2021-06-13,-0.3393848698861799,-2.5943957484094335,51.04795416182511,76.59574468085103,0.030771658666753472,0.07290677080808773,-0.00836824967051658,-0.01652930195121047,12.810714285714287,17.487137897001674,15.50016,0.7401963408649721,563820480.0,0.0
2021-06-20,-0.27771571617356017,-2.121547652271872,51.04795416182511,76.59574468085103,0.0,0.030771658666753472,0.07290677080808773,-0.00836824967051658,12.807142857142859,18.09398038846482,15.3361536,0.755182316517474,564310980.0,-0.01526747213078842
2021-06-27,-0.24218899214032596,-1.8510943863870994,48.70153322605445,68.08510638297872,-0.01526747213078842,0.0,0.030771658666753472,0.07290677080808773,12.75357142857143,18.307408897533552,15.178707456,0.722669293909083,556900980.0,0.0
2021-07-04,-0.21159467567964185,-1.6180219128569924,48.70153322605445,79.99999999999999,0.0,-0.01526747213078842,0.0,0.030771658666753472,12.725,18.505592513097376,15.027559157759999,0.6710500586298628,560200980.0,0.003838776307165667
2021-07-11,-0.181224830296717,-1.386004672533186,49.376203645488346,73.33333333333334,0.003838776307165667,0.0,-0.01526747213078842,0.0,12.707142857142857,17.78160767758449,14.882456791449599,0.669546483013444,562670980.0,0.09147140349715911
2021-07-18,-0.0556504519448886,-0.4226812635597759,62.614118903329334,100.00000000000001,0.09147140349715911,0.003838776307165667,0.0,-0.01526747213078842,12.803571428571429,16.699943845100137,14.743158519791615,0.7110074485124837,567260980.0,-0.02120220765060305
2021-07-25,0.01943660177172646,0.1469371944543414,58.65015256828824,89.65517241379307,-0.02120220765060305,0.09147140349715911,0.003838776307165667,0.0,12.878571428571428,15.515023340458814,14.60943217899995,0.7530783450473063,563190980.0,0.03509131981127019
2021-08-01,0.11793003016198789,0.8852233845715799,62.86929609341435,100.0,0.03509131981127019,-0.02120220765060305,0.09147140349715911,0.003838776307165667,12.99642857142857,14.830476557193894,11.4,0.7564298918296417,569110980.0,0.06991198919871446
2021-08-08,0.2775139979302921,2.0576259153356657,69.83099652119319,100.0,0.06991198919871446,0.03509131981127019,-0.02120220765060305,0.09147140349715911,13.221428571428572,15.2593213001665,11.462,0.7916848995560958,571460980.0,-0.03601043752303317
2021-08-15,0.35550697555012967,2.614182640451127,63.15177588046696,86.74698795180721,-0.03601043752303317,0.06991198919871446,0.03509131981127019,-0.02120220765060305,13.407142857142858,15.657534275783918,11.62552,0.7744216924449461,565060980.0,-0.10536051565782628
2021-08-22,0.2929031035935896,2.1549957428591,49.30168642332075,50.60240963855421,-0.10536051565782628,-0.03601043752303317,0.06991198919871446,0.03509131981127019,13.5,14.845441827843365,11.7824992,0.8262487144131642,557180980.0,0.0
2021-08-29,0.24051655885734036,1.7704546227313238,49.30168642332075,50.60240963855421,0.0,-0.10536051565782628,-0.03601043752303317,0.06991198919871446,13.607142857142858,14.091355983327135,11.933199232,0.7672309490979382,559070980.0,0.0
2021-09-05,0.19673204023085233,1.4488261799609228,49.30168642332075,50.60240963855421,0.0,0.0,-0.10536051565782628,-0.03601043752303317,13.721428571428572,13.39113341341921,12.07787126272,0.7124287384480855,560130980.0,0.0
2021-09-12,0.16018596962342357,1.1801907353834828,49.30168642332075,37.87878787878787,0.0,0.0,0.0,-0.10536051565782628,13.771428571428572,12.74092674136185,12.2167564122112,0.6615409714160795,570650980.0,-0.02247285585205863
2021-09-19,0.10579590325437316,0.7810544012639608,46.55504186421534,28.78787878787876,-0.02247285585205863,0.0,0.0,0.0,13.77142857142857,12.499276612986312,12.350086155722753,0.635716616314931,564810980.0,0.0
2021-09-26,0.06197695207344189,0.4584198666865539,46.55504186421534,9.61538461538461,0.0,-0.02247285585205863,0.0,0.0,13.771428571428572,11.722787286480283,12.478082709493844,0.6188797151495787,571380980.0,0.0
2021-10-03,0.026939574913756204,0.1996113924772528,46.55504186421534,7.843137254901931,0.0,0.0,-0.02247285585205863,0.0,13.785714285714286,11.001761483296116,12.60095940111409,0.5746740212103231,573430980.0,0.0
2021-10-10,-0.0008183653100850563,-0.00607362482273517,46.55504186421534,7.843137254901931,0.0,0.0,0.0,-0.02247285585205863,13.799999999999999,10.332237523196529,12.718921025069527,0.5336258768381571,576560980.0,0.09393181983420366
2021-10-17,0.08114699052946861,0.5988673415351077,59.65548568279969,58.82352941176469,0.09393181983420366,0.0,0.0,0.0,13.903571428571427,11.09626399876524,12.832164184066746,0.5883668856354316,578150980.0,0.07312226482896259
2021-10-24,0.23218939763419932,1.694575155689602,67.0216611528862,64.99999999999999,0.07312226482896259,0.09393181983420366,0.0,0.0,13.99642857142857,13.58747945067354,12.940877616704077,0.7249121080900436,582970980.0,-0.15575452940923287
2021-10-31,0.1683942533699927,1.2313251938621506,47.7978198455876,3.9473684210526403,-0.15575452940923287,0.07312226482896259,0.09393181983420366,0.0,13.950000000000001,13.540864253470678,13.184424959701833,0.8338469575121834,579750980.0,0.08950514386803222
2021-11-07,0.21620837962031558,1.5730754796907762,55.443982450118796,36.8421052631579,0.08950514386803222,-0.15575452940923287,0.07312226482896259,0.09393181983420366,13.957142857142857,13.567291500584616,13.35,0.8635721748327417,581280980.0,-0.07833184326990696
2021-11-14,0.16345638873814394,1.1908337919591516,48.68587320798809,7.894736842105281,-0.07833184326990696,0.08950514386803222,-0.15575452940923287,0.07312226482896259,13.810714285714285,12.638024639187135,17.0,0.880459876630403,578840980.0,0.025595547188963723
2021-11-21,0.1481839584032425,1.0788484003822938,50.74317155829609,17.10526315789474,0.025595547188963723,-0.07833184326990696,0.08950514386803222,-0.15575452940923287,13.728571428571428,11.973247345265849,16.93,0.8497127425853742,583940980.0,-0.007246408520767198
2021-11-28,0.1265524650251475,0.9212884049198832,50.12482795994908,14.473684210526331,-0.007246408520767198,0.025595547188963723,-0.07833184326990696,0.08950514386803222,13.74642857142857,11.35595414376751,16.8614,0.7961618324007046,582370980.0,-0.040821994520255166
2021-12-05,0.06428787659473123,0.4693666931162899,46.750510121930674,0.0,-0.040821994520255166,-0.007246408520767198,0.025595547188963723,-0.07833184326990696,13.724999999999998,10.797229192894479,16.794172,0.7785788443720829,580290980.0,0.011299555253933466
2021-12-12,0.02673826598292628,0.19558320600266435,47.7829357975077,3.9473684210526403,0.011299555253933466,-0.040821994520255166,-0.007246408520767198,0.025595547188963723,13.714285714285714,10.051348656939112,16.65040512,0.7443946412026484,593620980.0,0.0
2021-12-19,-0.002985654194219478,-0.021877311366733043,47.7829357975077,3.9473684210526403,0.0,0.011299555253933466,-0.040821994520255166,-0.007246408520767198,13.703571428571427,10.204381435973216,16.5123889152,0.7840807382596021,593970990.0,0.08263226458027018
2021-12-26,0.06549829044413613,0.4777260607360922,55.46112087409596,34.21052631578948,0.08263226458027018,0.0,0.011299555253933466,-0.040821994520255166,13.796428571428573,10.34648330221917,16.379893358592,0.8102178283839162,594468520.0,-0.03509131981127006
2022-01-02,0.07852134347482043,0.5718179377012033,51.888598838632056,21.052631578947384,-0.03509131981127006,0.08263226458027018,0.0,0.011299555253933466,13.853571428571428,10.478435035161839,16.25269762424832,0.7880594120707792,593554940.0,-0.058840500022933465
2022-01-09,0.02401209620855127,0.17536703593542974,46.704753625654966,0.0,-0.058840500022933465,-0.03509131981127006,0.08263226458027018,0.0,13.853571428571428,9.750564712785335,16.130589719278387,0.7889123112085807,590054940.0,0.0
2022-01-16,-0.018968221122099393,-0.13890027244682673,46.704753625654966,1.2987012987012712,0.0,-0.058840500022933465,-0.03509131981127006,0.08263226458027018,13.85357142857143,9.084307996726304,16.01336613050725,0.7361328604079678,591794940.0,0.058840500022933395
2022-01-23,0.01139156696496535,0.08326267171128654,52.23859313172805,24.05063291139239,0.058840500022933395,0.0,-0.058840500022933465,-0.03509131981127006,13.817857142857145,9.476961262086606,15.841564162676816,0.7764090846645414,601034940.0,-0.018018505502678365
2022-01-30,0.015104887352663354,0.11036294584242129,50.474800981170716,45.16129032258063,-0.018018505502678365,0.058840500022933395,0.0,-0.058840500022933465,13.685714285714287,9.841567865635458,15.618239029662671,0.7388084357599313,598044940.0,-0.04461706548880669
2022-02-06,-0.030021199378941432,-0.21998690646728403,46.423540931290006,6.451612903225788,-0.04461706548880669,-0.018018505502678365,0.058840500022933395,0.0,13.671428571428569,9.50154320580459,15.412779907289657,0.7288935474913647,596314940.0,0.05905774964360094
2022-02-13,-0.001216609788272649,-0.008900327242964023,51.96011238145858,62.06896551724131,0.05905774964360094,-0.04461706548880669,-0.018018505502678365,0.058840500022933395,13.625,9.907106790138014,15.223757514706485,0.73397257981341,600104940.0,0.007142887512380204
2022-02-20,0.02934216108519294,0.214215878795118,52.61923118506754,68.96551724137935,0.007142887512380204,0.05905774964360094,-0.04461706548880669,-0.018018505502678365,13.664285714285713,10.369244554584395,15.049856913529966,0.6886888241124522,601954940.0,0.010619568827460131
2022-02-27,0.06491564640104208,0.47263982267557925,53.6465835159126,74.19354838709674,0.010619568827460131,0.007142887512380204,0.05905774964360094,-0.04461706548880669,13.689285714285715,11.259345508297232,14.889868360447569,0.6787824795329913,608424940.0,-0.0730251350148899
2022-03-06,0.012274751461594846,0.08962885113266429,46.420247049944095,9.677419354838625,-0.0730251350148899,0.010619568827460131,0.007142887512380204,0.05905774964360094,13.65,11.035497415533854,14.742678891611764,0.7017265881377777,607414940.0,0.022472855852058576
2022-03-13,-0.0051763742198716045,-0.037837226794473926,48.65475684508835,31.250000000000007,0.022472855852058576,-0.0730251350148899,0.010619568827460131,0.007142887512380204,13.671428571428573,10.612524835982287,14.607264580282823,0.6944604032707936,624784940.0,-0.014925650216675593
2022-03-20,-0.03474433452051073,-0.2544917005412008,47.24030656000995,18.75000000000005,-0.014925650216675593,0.022472855852058576,-0.0730251350148899,0.010619568827460131,13.667857142857143,10.219764583541544,14.446538122254541,0.6591418030371655,623891270.0,0.0
2022-03-27,-0.057514168550691025,-0.4220809455253352,47.24030656000994,18.75000000000005,0.0,-0.014925650216675593,0.022472855852058576,-0.0730251350148899,13.664285714285713,9.7357200197917,14.301884310029086,0.6192031028202252,625081270.0,0.0
2022-04-03,-0.07469834998686409,-0.5491652270388201,47.24030656000994,44.68085106382983,0.0,0.0,-0.014925650216675593,0.022472855852058576,13.578571428571427,9.82783706981992,14.171695879026178,0.664260024047352,633411270.0,-0.0461620417631626
2022-04-10,-0.1351737246164948,-0.9986728248629912,42.59999410339214,19.14893617021274,-0.0461620417631626,0.0,0.0,-0.014925650216675593,13.485714285714284,9.91337433056041,13.941092373543036,0.6596700223296841,631121270.0,-0.04016604172533476
2022-04-17,-0.22090031471530303,-1.644041156654769,39.14889476322589,0.0,-0.04016604172533476,-0.0461620417631626,0.0,0.0,13.414285714285715,10.49271592208406,13.73816128871787,0.6518364493061354,621251270.0,0.10863384100279556
2022-04-24,-0.17386672787288582,-1.2928298320996436,51.09538827580384,58.333333333333336,0.10863384100279556,-0.04016604172533476,-0.0461620417631626,0.0,13.442857142857141,9.929131504972261,12.2,0.7338481314985543,636101270.0,0.028987536873252406
2022-05-01,-0.10312683245078524,-0.7645034059989255,53.88128987162792,75.00000000000001,0.028987536873252406,0.10863384100279556,-0.04016604172533476,-0.0461620417631626,13.442857142857141,9.508999052191829,12.2,0.7171446935343718,643451270.0,0.007117467768863955
2022-05-08,-0.03855139492691073,-0.2848354704130236,54.57792855258972,59.374999999999986,0.007117467768863955,0.028987536873252406,0.10863384100279556,-0.04016604172533476,13.467857142857142,10.297438147561849,12.276,0.7659200725676311,681261270.0,0.04845238338594696
2022-05-15,0.06832168455677312,0.5013202711284064,59.221425805955306,81.25000000000001,0.04845238338594696,0.007117467768863955,0.028987536873252406,0.10863384100279556,13.585714285714287,11.029560164691153,12.46344,0.7754972102413717,693671270.0,0.010084119066626008
2022-05-22,0.16324137150773055,1.1892641039560388,60.16128222382106,85.93749999999997,0.010084119066626008,0.04845238338594696,0.007117467768863955,0.028987536873252406,13.657142857142857,11.330545570643595,12.6396336,0.7736759809384166,701811270.0,0.0
2022-05-29,0.23574834707890524,1.706231997006382,60.16128222382106,85.93749999999997,0.0,0.010084119066626008,0.04845238338594696,0.007117467768863955,13.721428571428573,11.883908470383545,12.805255584,0.7755562680142442,705481270.0,-0.003350086885281863
2022-06-05,0.28588061173348756,2.0571200211437244,59.62997925233091,84.37500000000001,-0.003350086885281863,0.0,0.010084119066626008,0.04845238338594696,13.77142857142857,12.397745448713499,12.96094024896,0.7523022488703696,703891270.0,0.006688988150796489
2022-06-12,0.3298773363291456,2.3598363383296137,60.383535296113465,87.49999999999999,0.006688988150796489,-0.003350086885281863,0.0,0.010084119066626008,13.9,12.974229833012771,13.1072838340224,0.7057092310939146,706161270.0,-0.03390155167568134
2022-06-19,0.32070237883196206,2.2878831291911728,54.86866080791076,71.875,-0.03390155167568134,0.006688988150796489,-0.003350086885281863,0.0,13.971428571428572,12.780606564916166,13.244846803981057,0.6910157145872065,704491270.0,0.053704178971861166
2022-06-26,0.3736769576722683,2.6478562538851658,61.00526040444398,96.875,0.053704178971861166,-0.03390155167568134,0.006688988150796489,-0.003350086885281863,14.114285714285714,13.136672975071978,13.374155995742193,0.698800306402406,706241270.0,0.012987195526811112
2022-07-03,0.4268772464198314,3.0029598945364344,62.382361388120216,100.0,0.012987195526811112,0.053704178971861166,-0.03390155167568134,0.006688988150796489,14.271428571428572,13.671487050275948,13.495706635997662,0.6631717130879483,709641270.0,0.0
2022-07-10,0.4636936863625678,3.2402599186112635,62.382361388120216,100.0,0.0,0.012987195526811112,0.053704178971861166,-0.03390155167568134,14.428571428571429,14.168100120108205,13.65605010511785,0.6158023050102377,711151270.0,-0.03278982282299084
2022-07-17,0.4473681770714073,3.1150588130836856,56.58814636778744,84.84848484848484,-0.03278982282299084,0.0,0.012987195526811112,0.053704178971861166,14.592857142857143,13.8403770739371,13.80356609670842,0.6075307117952207,708521270.0,-0.05480823649499503
2022-07-24,0.3656616592270918,2.5482523336179597,48.78106445261607,38.095238095238045,-0.05480823649499503,-0.03278982282299084,0.0,0.012987195526811112,14.735714285714284,13.234053481970113,13.939280808971747,0.6212785180955621,706851270.0,-0.05055227916283121
2022-07-31,0.2416390408678435,1.691370670593484,43.16893890232189,0.0,-0.05055227916283121,-0.05480823649499503,-0.03278982282299084,0.0,14.728571428571428,12.86946020340702,15.5,0.6840443382315934,700161270.0,0.0
2022-08-07,0.14171660151666465,0.9960181099235852,43.16893890232189,20.0,0.0,-0.05055227916283121,-0.05480823649499503,-0.03278982282299084,14.692857142857141,11.982005948543362,15.46,0.7244697426436224,700615360.0,0.0
2022-08-14,0.06181478605330071,0.4361026390324214,43.16893890232189,20.0,0.0,0.0,-0.05055227916283121,-0.05480823649499503,14.65,11.157941283312823,15.361600000000001,0.7334361895976494,700985530.0,0.0
2022-08-21,-0.0014907934243026943,-0.010554728090316842,43.16893890232189,20.0,0.0,0.0,0.0,-0.05055227916283121,14.557142857142855,10.392738379884465,15.267136,0.6810478903406745,704355530.0,-0.10125373370517292
2022-08-28,-0.154775896508756,-1.1069761089652064,33.53233605065144,0.0,-0.10125373370517292,0.0,0.0,0.0,14.360714285714286,11.13841897511456,15.176450560000001,0.7252587553163407,702745530.0,0.09008043310704761
2022-09-04,-0.18136934312468256,-1.3015326098955744,45.188672605367394,34.84848484848485,0.09008043310704761,-0.10125373370517292,0.0,0.0,14.246428571428572,11.547612769354998,14.997863526400002,0.7555974156508878,703311090.0,0.0
2022-09-11,-0.20013777744628136,-1.440698146728449,45.188672605367394,34.84848484848485,0.0,0.09008043310704761,-0.10125373370517292,0.0,14.135714285714286,12.702973037774774,14.829991714816002,0.76234045739011,703873390.0,-0.02656702738472175
2022-09-18,-0.2404818467586871,-1.7393867852349219,42.55454285661841,24.24242424242426,-0.02656702738472175,0.0,0.09008043310704761,-0.10125373370517292,13.992857142857144,13.77580757273599,14.672192211927042,0.7328875675765307,702863390.0,-0.05535009508316484
2022-09-25,-0.3251903700460854,-2.3714616248204585,37.807722710525006,3.030303030303073,-0.05535009508316484,-0.02656702738472175,0.0,0.09008043310704761,13.835714285714287,15.344487112744856,14.523860679211419,0.7305384556067784,701223390.0,0.0
2022-10-02,-0.3878515735328367,-2.8501701687060765,37.807722710525006,25.581395348837237,0.0,-0.05535009508316484,-0.02656702738472175,0.0,13.62142857142857,17.526392959943845,14.384429038458734,0.7962142802062944,701537400.0,-0.02469261259037152
2022-10-09,-0.4564567720078401,-3.3839430169072195,35.82165055863102,18.60465116279071,-0.02469261259037152,0.0,-0.05535009508316484,-0.02656702738472175,13.37142857142857,19.55244838948576,14.129674715382036,0.7607704030487019,700765650.0,0.0
2022-10-16,-0.5050054970579652,-3.774722261948962,35.82165055863102,21.052631578947384,0.0,-0.02469261259037152,0.0,-0.05535009508316484,13.12142857142857,21.433785574060398,13.895300738151473,0.7778582314023661,701392710.0,-0.11000089521432846
2022-10-23,-0.637002298768941,-4.831667698233342,28.569387383372984,15.0,-0.11000089521432846,0.0,-0.02469261259037152,0.0,12.817857142857141,24.00027452240359,13.679676679099355,0.8651540720164829,699242710.0,-0.07232066157962613
2022-10-30,-0.7929883707787493,-6.124381345631481,25.26437927783158,3.846153846153833,-0.07232066157962613,-0.11000089521432846,0.0,-0.02469261259037152,12.517857142857142,26.47342696184737,13.31170901118942,0.8783573525867341,688152710.0,0.0
2022-11-06,-0.9061627762476441,-7.118502766008966,25.26437927783158,4.4943820224718944,0.0,-0.07232066157962613,-0.11000089521432846,0.0,12.267857142857142,28.769925655616593,12.89030392984669,0.8156175416876816,689752710.0,0.09531017980432493
2022-11-13,-0.9047334611449536,-7.179536795708852,36.60495314207647,29.268292682926816,0.09531017980432493,0.0,-0.07232066157962613,-0.11000089521432846,12.089285714285714,29.245010442356854,12.519467458265087,0.8287877172814186,690748060.0,0.0
2022-11-20,-0.8933032745414771,-7.156202337277802,36.60495314207647,32.43243243243242,0.0,0.09531017980432493,0.0,-0.07232066157962613,11.910714285714286,28.369753283396278,12.193131363273277,0.8695885946184603,691456910.0,0.07020425867324856
2022-11-27,-0.8103502420226114,-6.518084735612245,44.428739570284506,56.3380281690141,0.07020425867324856,0.0,0.09531017980432493,0.0,11.789285714285715,27.557014492932886,12.0,0.8646179807171418,693196910.0,0.0
2022-12-04,-0.7361237892853509,-5.943433610211064,44.428739570284506,56.3380281690141,0.0,0.07020425867324856,0.0,0.09531017980432493,11.760714285714286,26.80232847321688,9.8,0.8028595535230603,694846910.0,0.0
2022-12-11,-0.6695802859808264,-5.4251612860665706,44.428739570284506,56.3380281690141,0.0,0.0,0.07020425867324856,0.0,11.65,26.811290072354748,9.84,0.849083871128556,695152580.0,0.0
2022-12-18,-0.6098145180245069,-4.95704796824954,44.428739570284506,62.500000000000014,0.0,0.0,0.0,0.07020425867324856,11.539285714285715,26.819611557268484,9.9444,0.8455778803336591,695477300.0,-0.017094433359300183
2022-12-25,-0.5719944489074553,-4.669353283875825,42.65844545134058,56.24999999999998,-0.017094433359300183,0.0,0.0,0.0,11.439285714285715,26.82733865040267,10.044624,0.8066080317383978,694800710.0,0.0
2023-01-01,-0.5358448853666591,-4.391514080451212,42.65844545134059,59.016393442622935,0.0,-0.017094433359300183,0.0,0.0,11.389285714285714,25.655343328894933,10.140839040000001,0.8454217437570836,695525180.0,-0.017391742711869107
2023-01-08,-0.5173704992835102,-4.260847750169217,40.77420508412144,59.25925925925927,-0.017391742711869107,0.0,-0.017094433359300183,0.0,11.325000000000001,24.56706195892346,10.2332054784,0.7993201906315776,694598970.0,0.0
2023-01-15,-0.49700030506698667,-4.111709873148303,40.774205084121434,59.25925925925927,0.0,-0.017391742711869107,0.0,-0.017094433359300183,11.282142857142858,23.556514972521377,10.321877259264001,0.7422258913007507,695818970.0,0.1503841970317814
2023-01-22,-0.3277985824749301,-2.692711075957351,59.81563290449337,98.57142857142856,0.1503841970317814,0.0,-0.017391742711869107,0.0,11.371428571428572,23.325406316641196,10.407002168893442,0.8463526133506971,710138970.0,0.022388994893478686
2023-01-29,-0.1675659099885607,-1.3650422270629274,61.95190114223025,100.0,0.022388994893478686,0.1503841970317814,0.0,-0.017391742711869107,11.571428571428571,23.326802509576066,10.580582038759836,0.8073274266827902,712138970.0,-0.03377431711860415
2023-02-05,-0.07601534425150724,-0.6161782072834682,57.052434820383446,78.48101265822785,-0.03377431711860415,0.022388994893478686,0.1503841970317814,0.0,11.792857142857144,23.664176317323783,10.81813547565905,0.813946896205448,708808970.0,0.011385322225125429
2023-02-12,0.008544390662157397,0.06888279637631636,58.23803562581472,79.10447761194033,0.011385322225125429,-0.03377431711860415,0.022388994893478686,0.1503841970317814,12.025000000000002,23.977451995946666,11.131321928093145,0.766522117905059,710308970.0,0.018692133012152546
2023-02-19,0.09464054319380644,0.758008983412491,60.20960308940529,86.56716417910451,0.018692133012152546,0.011385322225125429,-0.03377431711860415,0.022388994893478686,12.203571428571431,24.48726486519006,11.413189735283831,0.7331991094832692,713598970.0,0.021978906718775382
2023-02-26,0.18494789297565184,1.469848195742548,62.49760139675822,94.91525423728818,0.021978906718775382,0.018692133012152546,0.011385322225125429,-0.03377431711860415,12.403571428571428,25.21738428514195,11.666870761755447,0.70225631594875,714553730.0,-0.02197890671877534
2023-03-05,0.229662222371962,1.8154068341688787,58.853152680878175,84.74576271186443,-0.02197890671877534,0.021978906718775382,0.018692133012152546,0.011385322225125429,12.525,25.895352317954416,11.895183685579903,0.6735237219524108,710133730.0,0.03636764417087479
2023-03-12,0.30196362321098746,2.368216543712507,62.75174528793047,100.0,0.03636764417087479,-0.02197890671877534,0.021978906718775382,0.018692133012152546,12.682142857142855,26.705733532791786,12.100665317021914,0.6611291703843815,711633730.0,0.0
2023-03-19,0.35516883898844753,2.765419223749973,62.75174528793047,100.0,0.0,0.03636764417087479,-0.02197890671877534,0.021978906718775382,12.839285714285714,27.458230375140776,12.328585478979285,0.6139056582140684,713533730.0,-0.03636764417087483
2023-03-26,0.35292028908202866,2.737541658376074,56.53893257929863,83.05084745762711,-0.03636764417087483,0.0,0.03636764417087479,-0.02197890671877534,12.960714285714285,27.16623767553237,12.529155221501771,0.6057695397702064,712612730.0,-0.03390155167568134
2023-04-02,0.311239285148714,2.41203776995458,51.58850628773257,67.79661016949154,-0.03390155167568134,-0.03636764417087483,0.0,0.03636764417087479,13.064285714285715,26.108907792395854,12.705656594921559,0.5946431440723344,708362730.0,-0.011560822401075971
2023-04-09,0.26307052952975063,2.0387821647487323,50.01643879086209,62.06896551724139,-0.011560822401075971,-0.03390155167568134,-0.03636764417087483,0.0,13.157142857142858,24.878033919226507,12.860977803530972,0.5628829194957391,707595160.0,-0.019570096194097223
2023-04-16,0.20239050128663472,1.5707995614168209,47.42263370255467,53.448275862068975,-0.019570096194097223,-0.011560822401075971,-0.03390155167568134,-0.03636764417087483,13.24642857142857,24.613232158645992,14.0,0.6048198538174719,706485160.0,0.06503247027085457
2023-04-23,0.2203489919646877,1.7041498722625652,55.813028699589815,82.75862068965517,0.06503247027085457,-0.019570096194097223,-0.011560822401075971,-0.03390155167568134,13.396428571428572,24.367344809535517,13.969,0.6223327214019382,708105160.0,0.0
2023-04-30,0.23190793489518846,1.7877090497217412,55.81302869958982,67.74193548387099,0.0,0.06503247027085457,-0.019570096194097223,-0.011560822401075971,13.414285714285715,24.13902084250436,13.93862,0.5778803841589426,710045160.0,-0.03007745523727795
2023-05-07,0.2064124293860914,1.5900128769020423,51.341438040857625,41.935483870967744,-0.03007745523727795,0.0,0.06503247027085457,-0.019570096194097223,13.382142857142858,24.53192103260594,12.45,0.6008889281475895,703325160.0,0.0038095284166676487
2023-05-14,0.18807364382328196,1.4473585910724875,51.860622419914066,45.1612903225807,0.0038095284166676487,-0.03007745523727795,0.0,0.06503247027085457,13.385714285714284,24.295674887803678,12.481,0.5829682904227617,708345160.0,0.09427265593466758
2023-05-21,0.27526606375187157,2.1009309786907813,62.9343139509436,57.9710144927536,0.09427265593466758,0.0038095284166676487,-0.03007745523727795,0.0,13.471428571428572,26.273802484364086,12.511379999999999,0.7377562696782787,717135160.0,0.03735578654376903
2023-05-28,0.3843169219437641,2.9021073482074873,66.45057458106191,73.91304347826086,0.03735578654376903,0.09427265593466758,0.0038095284166676487,-0.03007745523727795,13.578571428571427,28.110635252598748,12.646924799999999,0.7243451075584016,721455160.0,0.0
2023-06-04,0.46537594848221175,3.480004164041011,66.45057458106191,73.91304347826086,0.0,0.03735578654376903,0.09427265593466758,0.0038095284166676487,13.664285714285715,29.81626568024522,12.777047807999999,0.6726061713042302,733265160.0,0.045610511252052274
2023-06-11,0.5794207590353295,4.277671584697021,70.57139266477239,91.54929577464787,0.045610511252052274,0.0,0.03735578654376903,0.09427265593466758,13.821428571428571,31.916697428592197,12.901965895679998,0.6959914447824994,740455160.0,-0.012820688429061434
2023-06-18,0.6462146048073123,4.720328581057295,68.00139449587604,85.91549295774648,-0.012820688429061434,0.045610511252052274,0.0,0.03735578654376903,13.928571428571429,33.68552840108756,13.087847941939199,0.696277770155178,725895160.0,0.05032508388751584
2023-06-25,0.7549993602718885,5.43815819903389,72.34043881861069,99.99999999999999,0.05032508388751584,-0.012820688429061434,0.045610511252052274,0.0,14.092857142857143,35.70215201651413,13.262577065422846,0.7036865008583797,727275160.0,0.0595413936910167
2023-07-02,0.9113976802481591,6.447147133246743,76.610039166219,71.32352941176471,0.0595413936910167,0.05032508388751584,-0.012820688429061434,0.045610511252052274,14.364285714285716,38.457139292797784,13.505570900189019,0.864137465082781,739875160.0,-0.1765578520772046
2023-07-09,0.800183854813632,5.649667783053179,52.27703991921111,30.147058823529417,-0.1765578520772046,0.0595413936910167,0.05032508388751584,-0.012820688429061434,14.467857142857143,38.58366629563437,14.080013810170117,1.0024133604340109,717755160.0,0.18519099922190732
2023-07-16,0.9392592467972509,6.519540355275574,64.91934614514543,73.52941176470587,0.18519099922190732,-0.1765578520772046,0.0595413936910167,0.05032508388751584,14.792857142857143,39.254157056566086,14.5,1.1415266918315814,721875160.0,-0.11849962472323523
2023-07-23,0.8819620838579549,6.087615891150003,54.6192367361329,41.860465116279066,-0.11849962472323523,0.18519099922190732,-0.1765578520772046,0.0595413936910167,14.99642857142857,39.07782698684946,14.5,1.23141764241504,714735160.0,0.04417121831313746
2023-07-30,0.8828607501151122,6.040935294029697,57.24185265148083,52.71317829457363,0.04417121831313746,-0.11849962472323523,0.18519099922190732,-0.1765578520772046,15.189285714285713,38.9140919221126,14.975,1.1934592393853942,716105160.0,-0.03774032798284697
2023-08-06,0.8256404943323705,5.621333624309481,54.342884292067914,43.41085271317828,-0.03774032798284697,0.04417121831313746,-0.11849962472323523,0.18519099922190732,15.339285714285712,37.490996971730176,19.25,1.2117835794292946,712975160.0,-0.07312226482896261
2023-08-13,0.6836515133705916,4.659017098937469,49.40307798923673,26.356589147286815,-0.07312226482896261,-0.03774032798284697,0.04417121831313746,-0.11849962472323523,15.439285714285713,35.969091324822365,19.16,1.2037990380414878,709175160.0,-0.02797385204240618
2023-08-20,0.5327068529205334,3.6408890725509484,47.70490375110915,11.965811965811955,-0.02797385204240618,-0.07312226482896261,-0.03774032798284697,0.04417121831313746,15.507142857142858,34.2318021312118,18.9736,1.1463848210385243,707805160.0,-0.04348511193973878
2023-08-27,0.36051138558307194,2.4781783306239102,45.19534214602705,4.166666666666667,-0.04348511193973878,-0.02797385204240618,-0.07312226482896261,-0.03774032798284697,15.439285714285715,31.964368092182127,18.681184000000002,1.171643048107201,685905160.0,0.07145896398214505
2023-09-03,0.30126409481345817,2.0714089809241925,49.92360216373767,20.833333333333332,0.07145896398214505,-0.04348511193973878,-0.02797385204240618,-0.07312226482896261,15.403571428571428,29.858893627368854,18.246689280000002,1.1593828303852582,692595160.0,0.0
2023-09-10,0.25141206820121376,1.729026948815802,49.92360216373767,20.833333333333332,0.0,0.07145896398214505,-0.04348511193973878,-0.02797385204240618,15.367857142857144,27.782925865773674,17.8469541376,1.1479983425005968,693835160.0,-0.04586341679318119
2023-09-17,0.15763726594716232,1.0879408219189202,46.87495299810426,9.999999999999995,-0.04586341679318119,0.0,0.07145896398214505,-0.04348511193973878,15.235714285714286,25.908378040880887,17.479197806592,1.1517127466076968,689245160.0,0.003603607503298618
2023-09-24,0.08635914719031668,0.5978132532205606,47.14234643708597,10.833333333333337,0.003603607503298618,-0.04586341679318119,0.0,0.07145896398214505,15.121428571428572,24.16772648919473,17.140861982064642,1.0730189789928615,692575160.0,-0.0036036075032986558
2023-10-01,0.025541713438483882,0.17735202482440474,46.888190897871375,9.999999999999995,-0.0036036075032986558,0.003603607503298618,-0.04586341679318119,0.0,14.946428571428571,22.551407191200443,16.82959302349947,0.9999461947790858,691335160.0,0.028471674081311994
2023-10-08,0.009510485132194546,0.06608878938106637,49.245609320088434,23.529411764705884,0.028471674081311994,-0.0036036075032986558,0.003603607503298618,-0.04586341679318119,14.728571428571428,21.61215435012058,16.543225581619513,0.9999500380091509,705975160.0,-0.04668711397265324
2023-10-15,-0.055009827473957884,-0.3838275158748214,45.696142148722096,14.28571428571429,-0.04668711397265324,0.028471674081311994,-0.0036036075032986558,0.003603607503298618,14.664285714285713,21.00677862754784,16.279767535089952,1.0285250352942117,700005160.0,0.053680149463623816
2023-10-22,-0.04510397749331929,-0.31468067161302826,50.15996147236814,30.76923076923077,0.053680149463623816,-0.04668711397265324,0.028471674081311994,-0.0036036075032986558,14.442857142857141,20.444644028016004,15.946790781580956,1.0086303899160538,701825160.0,-0.039081350042471014
2023-10-29,-0.08070362235186934,-0.5646076468652386,47.102202502678416,26.153846153846196,-0.039081350042471014,0.053680149463623816,-0.04668711397265324,0.028471674081311994,14.321428571428571,19.922661899879298,15.64711170342286,0.9758710763506213,699095160.0,0.0
2023-11-05,-0.10767538259885967,-0.7552362565766702,47.102202502678416,32.075471698113255,0.0,-0.039081350042471014,0.053680149463623816,-0.04668711397265324,14.15,19.437964209466646,15.377400533080575,0.906165999468434,699772160.0,0.010810916104215456
2023-11-12,-0.115614221737113,-0.8122156258596805,48.1028644356269,55.555555555555536,0.010810916104215456,0.0,-0.039081350042471014,0.053680149463623816,14.032142857142858,18.769874879899564,15.134660479772517,0.8592969995064029,702122160.0,0.024780028998487084
2023-11-19,-0.09259634104215664,-0.6502879860477304,50.457838913288064,67.50000000000007,0.024780028998487084,0.010810916104215456,0.0,-0.039081350042471014,14.017857142857142,17.984707749917543,12.95,0.8693472138273741,705412160.0,0.030983545519967227
2023-11-26,-0.03760972407554419,-0.2634266734231956,53.38659242275696,87.80487804878048,0.030983545519967227,0.024780028998487084,0.010810916104215456,0.0,14.064285714285713,17.28967027478953,12.989999999999998,0.9358224128397046,718012160.0,0.010118130165584686
2023-12-03,0.017865371543033248,0.12472984813944436,54.35523221372241,95.12195121951221,0.010118130165584686,0.030983545519967227,0.024780028998487084,0.010810916104215456,14.164285714285713,16.644278333599228,13.0704,0.8796922404940115,720012160.0,-0.003361347702704883
2023-12-10,0.05713656757988872,0.3978240412715248,53.95276676488401,92.68292682926827,-0.003361347702704883,0.010118130165584686,0.030983545519967227,0.024780028998487084,14.189285714285713,17.12985959746866,13.147584,0.8989999376015821,701922160.0,0.0
2023-12-17,0.08725346968762615,0.6059942379337252,53.95276676488401,92.68292682926827,0.0,-0.003361347702704883,0.010118130165584686,0.030983545519967227,14.214285714285714,17.58075648534742,13.22168064,0.8990713706300406,703572160.0,-0.0033726844786391187
2023-12-24,0.10586638763884437,0.7337490008013519,53.49340288892158,90.24390243902442,-0.0033726844786391187,0.0,-0.003361347702704883,0.010118130165584686,14.282142857142857,17.99944645266341,13.292813414400001,0.8384234155850375,701812160.0,0.05903353158419293
2023-12-31,0.19103757534832866,1.3154720856237792,60.0816891771126,100.0,0.05903353158419293,-0.0033726844786391187,0.0,-0.003361347702704883,14.410714285714286,17.16017174527345,13.361100877824,0.842821743043249,708292160.0,0.1505043676742382
2024-01-07,0.4590088754016506,3.101729811083534,72.12905209545967,93.80530973451326,0.1505043676742382,0.05903353158419293,-0.0033726844786391187,0.0,14.725,17.960857101452365,13.501434825154561,0.9897630471115885,725722160.0,0.09655473503652968
2024-01-14,0.8113053768633502,5.340632423220669,77.44696344269461,100.0,0.09655473503652968,0.1505043676742382,0.05903353158419293,-0.0033726844786391187,15.142857142857142,19.490319657523393,13.909320039142196,1.051208543746475,746182160.0,0.04141883130311654
2024-01-21,1.1458817768477196,7.337041031226383,79.39252925519042,91.17647058823529,0.04141883130311654,0.09655473503652968,0.1505043676742382,0.05903353158419293,15.667857142857143,21.56007856483421,14.528388035227977,1.129693647764584,760132160.0,-0.07172418079844561
2024-01-28,1.2792862865010246,8.043125770636399,68.53163132781106,74.11764705882354,-0.07172418079844561,0.04141883130311654,0.09655473503652968,0.1505043676742382,16.035714285714285,22.598689821188,15.38898147100062,1.2132869586385424,750922160.0,-0.05264373348542203
2024-02-04,1.289454648349043,8.010261710666,62.21087450874777,62.3529411764706,-0.05264373348542203,-0.07172418079844561,0.04141883130311654,0.09655473503652968,16.37142857142857,23.41991846806613,16.146303694480544,1.2337664615929322,745752160.0,-0.11441035117774422
2024-02-11,1.1231825142032044,6.964459350891114,51.90070217472215,38.82352941176471,-0.11441035117774422,-0.05264373348542203,-0.07172418079844561,0.04141883130311654,16.564285714285713,22.24356551385207,21.7,1.3456402857648655,742622160.0,-0.08866563708565627
2024-02-18,0.8684316112205295,5.410368476799679,46.13664415560746,22.35294117647059,-0.08866563708565627,-0.11441035117774422,-0.05264373348542203,-0.07172418079844561,16.64642857142857,20.794369257268013,21.588,1.3495231224959465,741192160.0,0.006600684031352093
2024-02-25,0.6669209993540939,4.171334762754117,46.59290241007857,23.529411764705884,0.006600684031352093,-0.08866563708565627,-0.11441035117774422,-0.05264373348542203,16.710714285714285,19.38396155812187,21.328480000000003,1.2602714708890932,742762160.0,-0.006600684031352024
2024-03-03,0.49346486755726815,3.099186526235124,46.171712467087275,16.981132075471695,-0.006600684031352024,0.006600684031352093,-0.08866563708565627,-0.11441035117774422,16.735714285714288,18.074297266057595,21.079340800000004,1.1773949372541581,741132160.0,0.05789397841890267
2024-03-10,0.4237375293397285,2.6603063436772616,50.50802160215105,28.301886792452834,0.05789397841890267,-0.006600684031352024,0.006600684031352093,-0.08866563708565627,16.814285714285713,17.258222095251167,20.840167168000004,1.193295298878861,742252160.0,0.0458095360312942
2024-03-17,0.42410799051585,2.6524942459656753,53.84484572234622,36.12903225806453,0.0458095360312942,0.05789397841890267,-0.006600684031352024,0.006600684031352093,16.95,16.976657669147393,20.465757137920004,1.197345634673228,745982160.0,0.0
2024-03-24,0.41956509838299993,2.614863122227951,53.844845722346214,30.281690140845075,0.0,0.0458095360312942,0.05789397841890267,-0.006600684031352024,17.085714285714285,17.07410123565361,20.113811709644803,1.2332495179108547,746436760.0,-0.04268940869505056
2024-03-31,0.35538402792697,2.2148191881546433,50.18251886891982,20.422535211267622,-0.04268940869505056,0.0,0.0458095360312942,0.05789397841890267,17.175,17.254210933671768,19.782983007066115,1.2487316952029364,743506760.0,-0.0413413401564414
2024-04-07,0.24919790118305052,1.557691017122369,46.98666036650323,11.267605633802827,-0.0413413401564414,-0.04268940869505056,0.0,0.0458095360312942,17.15357142857143,16.849875841628272,19.472004026642146,1.2059651455455835,741476760.0,-0.12429771667757719
2024-04-14,0.019574036626611502,0.12372749219429563,39.48712391405081,1.8181818181818226,-0.12429771667757719,-0.0413413401564414,-0.04268940869505056,0.0,16.821428571428573,16.235016501570097,19.17968378504362,1.2591104922923277,733446760.0,0.10462495107887236
2024-04-21,-0.040895646847824096,-0.2593761475473925,47.06894955124669,20.000000000000004,0.10462495107887236,-0.12429771667757719,-0.0413413401564414,-0.04268940869505056,16.464285714285715,15.234029153806464,18.72130908224013,1.2763168857000184,738066760.0,-0.026847250036188052
2024-04-28,-0.1197149641357953,-0.7631040621457529,45.43415977024637,19.083969465648853,-0.026847250036188052,0.10462495107887236,-0.12429771667757719,-0.0413413401564414,16.017857142857142,14.16160591738207,18.299604355660918,1.2387228224357314,735136760.0,0.033447934067540125
2024-05-05,-0.14021767751941105,-0.8958591589303695,47.87139907677774,26.717557251908396,0.033447934067540125,-0.026847250036188052,0.10462495107887236,-0.12429771667757719,15.710714285714287,13.165784340702276,17.911636007208045,1.1859569065474649,737916760.0,-0.013245226750020567
2024-05-12,-0.1706375506545008,-1.0935867426892594,46.967705193711645,28.44036697247708,-0.013245226750020567,0.033447934067540125,-0.026847250036188052,0.10462495107887236,15.460714285714287,12.241092876642465,17.5547051266314,1.115531413222646,735706760.0,0.0
2024-05-19,-0.19252619712040264,-1.2374123450289782,46.967705193711645,38.271604938271615,0.0,-0.013245226750020567,0.033447934067540125,-0.026847250036188052,15.35357142857143,11.437464250141264,17.226328716500888,1.042993455135314,738746760.0,0.0033277900926747457
2024-05-26,-0.2034927868344827,-1.311072991025855,47.25639034512839,39.5061728395062,0.0033277900926747457,0.0,-0.013245226750020567,0.033447934067540125,15.35,10.69123766839015,16.924222419180815,0.9720653511970773,740626760.0,0.006622540760493457
2024-06-02,-0.20178863020779758,-1.302399930201857,47.86762256073865,41.97530864197533,0.006622540760493457,0.0033277900926747457,0.0,-0.013245226750020567,15.346428571428572,10.14384308911644,16.64628462564635,0.913346397540143,742676760.0,-0.006622540760493382
2024-06-09,-0.2061310872073161,-1.3332549569355316,47.2775894334577,39.5061728395062,-0.006622540760493382,0.006622540760493457,0.0033277900926747457,0.0,15.342857142857143,10.242433644070902,16.39058185559464,0.9052502262872756,740146760.0,0.09198238971165006
2024-06-16,-0.09151470921881888,-0.588984060568238,55.78761995806234,70.11494252873563,0.09198238971165006,-0.006622540760493382,0.006622540760493457,0.0033277900926747457,15.37857142857143,11.728229358531305,13.45,1.037018067266756,746616760.0,0.08701137698962969
2024-06-23,0.11898546965215218,0.7568995594964496,62.52624132809181,96.8085106382979,0.08701137698962969,0.09198238971165006,-0.006622540760493382,0.006622540760493457,15.467857142857143,13.309348804506419,13.536999999999999,1.0808024910334162,748256760.0,-0.031032109247728524
2024-06-30,0.23867665857212295,1.506012399481945,58.97676548591578,85.10638297872342,-0.031032109247728524,0.08701137698962969,0.09198238971165006,-0.006622540760493382,15.517857142857142,14.319275742286774,13.721519999999998,1.0428880273881722,746116760.0,-0.014430264829028783
2024-07-07,0.309788824722272,1.9424466562092912,57.38220450135876,79.78723404255321,-0.014430264829028783,-0.031032109247728524,0.08701137698962969,0.09198238971165006,15.599999999999998,14.75748694610958,13.898659199999997,1.0005388825747314,743276760.0,0.05100255445237279
2024-07-14,0.4337679996294028,2.6929129469570623,61.42560272737378,98.93617021276602,0.05100255445237279,-0.014430264829028783,-0.031032109247728524,0.08701137698962969,15.792857142857144,15.764992888843759,14.068712831999997,0.9933575338193936,745786760.0,-0.00832182333749233
2024-07-21,0.5139936437916326,3.1641625414032744,60.39710091595021,94.80519480519483,-0.00832182333749233,0.05100255445237279,-0.014430264829028783,-0.031032109247728524,16.103571428571428,16.05127623695224,14.231964318719998,1.0224034242608657,742026760.0,-0.06323945813591698
2024-07-28,0.4832417280350718,2.966657728943696,53.34332259636163,63.88888888888894,-0.06323945813591698,-0.00832182333749233,0.05100255445237279,-0.014430264829028783,16.228571428571428,16.31711077448154,14.388685745971198,1.0279460368136608,740336760.0,0.14092240927091154
2024-08-04,0.6570601219234042,3.9774738515142203,63.87590505347801,100.0,0.14092240927091154,-0.06323945813591698,-0.00832182333749233,0.05100255445237279,16.564285714285713,17.50986671228879,14.53913831613235,1.1366641770412562,745356760.0,-0.020834086902841914
2024-08-11,0.7538459277114313,4.513163302264408,61.529469008688494,90.90909090909093,-0.020834086902841914,0.14092240927091154,-0.06323945813591698,-0.00832182333749233,16.835714285714285,18.617425797395523,14.830790017164409,1.084045307252595,743776760.0,0.0
2024-08-18,0.8210844259475074,4.866146955524831,61.529469008688494,90.90909090909093,0.0,-0.020834086902841914,0.14092240927091154,-0.06323945813591698,17.12142857142857,19.645873519280343,15.104942616134544,1.0066134995916953,746406760.0,-0.05406722127027582
2024-08-25,0.7846349937854882,4.627244569687347,55.60690511553908,68.1818181818182,-0.05406722127027582,0.0,-0.020834086902841914,0.14092240927091154,17.335714285714285,19.118673894198462,15.36264605916647,1.0275696781922885,743306760.0,0.0
2024-09-01,0.7471360370342097,4.386114203404666,55.60690511553907,67.81609195402301,0.0,-0.05406722127027582,0.0,-0.020834086902841914,17.54642857142857,18.629131385193862,15.604887295616482,0.9541718440356964,745176760.0,0.05406722127027579
2024-09-08,0.7890142214936482,4.592701109738894,60.06500309655482,90.80459770114946,0.05406722127027579,0.0,-0.05406722127027582,0.0,17.821428571428573,18.94016864515254,15.832594057879493,0.9574452837474324,747956760.0,0.0
2024-09-15,0.8128331498137946,4.694502102467536,60.06500309655482,87.50000000000004,0.0,0.05406722127027579,0.0,-0.05406722127027582,18.103571428571428,19.228988957971307,16.046638414406722,0.8890563349083301,750336760.0,0.007863736460214451
2024-09-22,0.8341974594684523,4.780355012405081,60.750691526405554,69.99999999999999,0.007863736460214451,0.0,0.05406722127027579,0.0,18.29285714285714,20.29659838212421,16.24784010954232,0.9112665967005923,754916760.0,0.018111749943046103
2024-09-29,0.8693495828791598,4.93882795388461,62.37407750819531,80.00000000000001,0.018111749943046103,0.007863736460214451,0.0,0.05406722127027579,18.4,21.225860849304716,16.564012900778934,0.8818904112219785,759116760.0,-0.012903404835907841
2024-10-06,0.8670402826125674,4.891790729891349,60.45077197494636,72.85714285714288,-0.012903404835907841,0.018111749943046103,0.007863736460214451,0.0,18.52857142857143,22.088747425972333,16.85489186871662,0.8546125247061228,756926760.0,-0.013072081567352775
2024-10-13,0.8354071808924459,4.68832500625476,58.507903656858176,65.71428571428574,-0.013072081567352775,-0.012903404835907841,0.018111749943046103,0.007863736460214451,18.657142857142855,22.88999924716369,17.12250051921929,0.8114259157985426,755796760.0,0.1690763300439339
2024-10-20,1.0803053811870207,5.94697348139366,72.05105335100171,100.00000000000001,0.1690763300439339,-0.013072081567352775,-0.012903404835907841,0.018111749943046103,18.971428571428568,25.356589427953484,17.368700477681745,1.0034669218129324,762126760.0,0.06453852113757116
2024-10-27,1.3795241377575636,7.417670450573648,75.71024629910433,100.0,0.06453852113757116,0.1690763300439339,-0.013072081567352775,-0.012903404835907841,19.40357142857143,28.081958233027198,17.88183042991357,1.0389335702548659,771416760.0,0.0
2024-11-03,1.5982337146973649,8.412654893044722,75.71024629910433,100.0,0.0,0.06453852113757116,0.1690763300439339,-0.013072081567352775,19.914285714285715,30.612657837738507,18.616010778323943,0.9647240295223755,773626760.0,0.02061928720273561
2024-11-10,1.7912599221037908,9.230668084450471,76.88041380538988,100.0,0.02061928720273561,0.0,0.06453852113757116,0.1690763300439339,20.27857142857143,33.09914568640798,19.26208948492507,0.931529455985063,777886760.0,0.18910124377933343
2024-11-17,2.328915669534993,11.551774567953398,84.8811329626599,100.0,0.18910124377933343,0.02061928720273561,0.0,0.06453852113757116,21.035714285714285,36.31019874199031,19.99539695703556,1.2292773519861302,785126760.0,-0.10498521071816128
2024-11-24,2.4882879426559015,12.054861242225105,69.82833651715467,75.21008403361343,-0.10498521071816128,0.18910124377933343,0.02061928720273561,0.0,21.582142857142856,39.004243842899925,21.53213344390987,1.35218611255855,782016760.0,0.0
2024-12-01,2.5847957014525598,12.258088884101783,69.82833651715467,74.56896551724137,0.0,-0.10498521071816128,0.18910124377933343,0.02061928720273561,22.199999999999996,41.50585715088742,22.82299209288429,1.2556013902329393,783696760.0,0.03321338498707001
2024-12-08,2.702745703912022,12.532885556584125,71.60975140171622,81.53153153153153,0.03321338498707001,0.0,-0.10498521071816128,0.18910124377933343,22.882142857142856,43.96412398802829,23.907313358022805,1.2302012909305866,785416760.0,0.0851948460632318
2024-12-15,2.959797749099213,13.33841341847298,75.79876367170479,100.0,0.0851948460632318,0.03321338498707001,0.0,-0.10498521071816128,23.667857142857144,46.549817857505545,24.818143220739156,1.3173297701498303,787876760.0,0.0
2024-12-22,3.1274619127176777,13.735888331085572,75.79876367170479,100.0,0.0,0.0851948460632318,0.03321338498707001,0.0,24.45357142857143,48.95081930773442,25.750877441006107,1.2232347865676996,789216760.0,0.1823215567939546
2024-12-29,3.701814611704016,15.587472054078969,82.9458270430194,100.0,0.1823215567939546,0.0,0.0851948460632318,0.03321338498707001,25.657142857142855,51.65286585304626,26.515719501625007,1.564432301812864,794046760.0,0.0
2025-01-05,4.109620121032869,16.66772168773471,82.94582704301939,100.0,0.0,0.1823215567939546,0.0,0.0851948460632318,26.835714285714285,54.16190907369297,28.412575601300006,1.4526871373976593,796436760.0,0.03144483270765806
2025-01-12,4.47403047596536,17.489231715105305,83.99639434215324,97.5806451612903,0.03144483270765806,0.0,0.1823215567939546,0.0,28.11428571428571,54.32966998581037,29.930060481040005,1.6774951990121123,801106760.0,0.06007027612811522
2025-01-19,4.892026845488363,18.384915763795355,85.87103580696277,100.0,0.06007027612811522,0.03144483270765806,0.0,0.1823215567939546,29.575,54.78728103487178,31.464048384832005,1.7219598276541046,816626760.0,-0.03744788756549754
2025-01-26,5.04809776924013,18.388346938350484,79.5449127342842,91.18541033434649,-0.03744788756549754,0.06007027612811522,0.03144483270765806,0.0,30.682142857142857,55.1156156505206,33.0,1.773962697107383,793926760.0,-0.005277057100843893
2025-02-02,5.09689296284348,18.061812307273254,78.68387271078531,89.32038834951453,-0.005277057100843893,-0.03744788756549754,0.06007027612811522,0.03144483270765806,31.66785714285714,55.42049779362308,34.29,1.66510821874257,785756760.0,0.056570351488394455
2025-02-09,5.252537140591485,18.055030317021277,81.1065697698114,100.0,0.056570351488394455,-0.005277057100843893,-0.03744788756549754,0.06007027612811522,32.81071428571428,56.03016473726781,35.322,1.7033147745466726,788616760.0,-0.013845406822052982
2025-02-16,5.270747967709248,17.652069473886208,78.69843065841928,95.8801498127341,-0.013845406822052982,0.056570351488394455,-0.005277057100843893,-0.03744788756549754,33.878571428571426,56.596284042080775,36.257600000000004,1.6209351477933385,786016760.0,0.0
2025-02-23,5.224950205847556,17.092019396311244,78.69843065841928,95.8801498127341,0.0,-0.013845406822052982,0.056570351488394455,-0.005277057100843893,34.58214285714286,57.12196625369281,37.006080000000004,1.5051540658081,790156760.0,0.013845406822052916
2025-03-02,5.1733998202767495,16.54530460949286,79.4075241025023,100.0,0.013845406822052916,0.0,-0.013845406822052982,0.056570351488394455,35.535714285714285,57.708296426960636,37.604864000000006,1.4369287753932356,794266760.0,-0.0592193596599711
2025-03-09,4.890579434769393,15.40605756864624,69.05519529147949,82.77153558052437,-0.0592193596599711,0.013845406822052916,0.0,-0.013845406822052982,36.325,56.88775197857552,40.0,1.4985767200080045,792676760.0,0.019698601497687984
2025-03-16,4.673092472508429,14.49415311954091,70.40988898130698,87.55020080321287,0.019698601497687984,-0.0592193596599711,0.013845406822052916,0.0,37.103571428571435,55.69831995367837,39.954,1.4915355257217182,797466760.0,0.0
2025-03-23,4.449442089283927,13.606384703722373,70.40988898130698,84.50000000000003,0.0,0.019698601497687984,-0.0592193596599711,0.013845406822052916,37.707142857142856,54.59384735913101,39.83984,1.3849972738844527,798064060.0,0.0
2025-03-30,4.2235115373070755,12.749463009523684,70.40988898130698,84.50000000000003,0.0,0.0,0.019698601497687984,-0.0592193596599711,38.31071428571429,53.56826566419418,39.730246400000006,1.2860688971784204,799404060.0,-0.10261900899883948
2025-04-06,3.699223936330263,11.127662128744458,55.29340601746442,24.285714285714327,-0.10261900899883948,0.0,0.0,0.019698601497687984,38.21785714285715,50.16599151585142,39.625036544000004,1.4656354045228193,795874060.0,0.09216139735488116
2025-04-13,3.513537366489963,10.457101629297538,62.94660971986102,72.1428571428571,0.09216139735488116,-0.10261900899883948,0.0,0.0,38.364285714285714,47.006736949533135,39.32653435136,1.600232875628332,797884060.0,0.0975773486055204
2025-04-20,3.6391272349456827,10.635098563228667,69.4939157096552,100.0,0.0975773486055204,0.09216139735488116,-0.10261900899883948,0.0,38.70714285714286,45.588108075039074,34.65,1.7645019559405946,807874060.0,0.02472168278034711
2025-04-27,3.7798130038503572,10.84016320043444,70.98064474118584,89.78494623655911,0.02472168278034711,0.0975773486055204,0.09216139735488116,-0.10261900899883948,38.96071428571429,44.847065892304734,34.7,1.7813232448019807,809444060.0,0.0
2025-05-04,3.84696210480017,10.845395590308655,70.98064474118584,89.78494623655911,0.0,0.02472168278034711,0.0975773486055204,0.09216139735488116,39.31785714285714,44.15895529405142,35.07,1.6540858701732677,810614060.0,0.0
2025-05-11,3.855731775290195,10.70185390836828,70.98064474118584,89.78494623655911,0.0,0.0,0.02472168278034711,0.0975773486055204,39.689285714285724,43.5199954528162,35.425200000000004,1.5359368794466057,814994060.0,0.06852764700775346
2025-05-18,4.061967479801865,11.046673153875677,75.34068888572187,92.30769230769228,0.06852764700775346,0.0,0.0,0.02472168278034711,40.121428571428574,43.929374703135565,35.766192000000004,1.7119413880575625,820744060.0,0.041473248206575095
2025-05-25,4.332813487840333,11.522600958387637,77.6524960501938,100.0,0.041473248206575095,0.06852764700775346,0.0,0.0,40.732142857142854,44.50932022308844,36.44022048,1.732517003196308,825384060.0,-0.0414732482065751
2025-06-01,4.340082428749781,11.353013611650779,70.53153389646722,85.39325842696627,-0.0414732482065751,0.041473248206575095,0.06852764700775346,0.0,41.20357142857143,45.04784106304468,37.3650028416,1.7480515029680004,822814060.0,0.0
2025-06-08,4.29631783910618,11.070748671929092,70.53153389646722,85.39325842696627,0.0,-0.0414732482065751,0.041473248206575095,0.06852764700775346,41.63571428571429,45.54789612871833,38.215802614272,1.623190681327429,823331150.0,0.0
2025-06-15,4.2130684558913245,10.70820775298139,70.53153389646722,85.39325842696627,0.0,0.0,-0.0414732482065751,0.041473248206575095,42.232142857142854,46.012232975415294,38.99853840513024,1.5072484898040412,824168160.0,0.11573001881306764
2025-06-22,4.550544654729933,11.303025061164874,77.8741536224282,100.0,0.11573001881306764,0.0,0.0,-0.0414732482065751,43.17857142857143,47.454577466313644,39.71865533271982,1.8031593119608957,830378160.0,0.09495843868216165
2025-06-29,5.173917236102291,12.470740380248138,82.22236747766455,100.00000000000001,0.09495843868216165,0.11573001881306764,0.0,0.0,44.49285714285715,49.33627053708907,40.91678979944784,2.042219361106546,831988160.0,0.020026790349874243
2025-07-06,5.695090429643571,13.333847747020014,83.02461067118101,100.0,0.020026790349874243,0.09495843868216165,0.11573001881306764,0.0,45.88928571428572,51.179496544498214,42.8287750235141,1.9784894067417924,835058160.0,0.033901551675681416
2025-07-13,6.198059849886526,14.089010785551126,84.34752571172989,100.0,0.033901551675681416,0.020026790349874243,0.09495843868216165,0.11573001881306764,47.69642857142857,53.046605213019475,44.95274652022212,1.9800258776888071,836468160.0,0.12810000262731577
2025-07-20,7.175622103924333,15.672316675094923,88.35465331756696,100.0,0.12810000262731577,0.033901551675681416,0.020026790349874243,0.09495843868216165,49.85,55.232197217443236,47.36030707698658,2.424309743568178,841068160.0,0.08835456053609735
2025-07-27,8.362309088097255,17.453350084599002,90.39018002869588,100.0,0.08835456053609735,0.12810000262731577,0.033901551675681416,0.020026790349874243,52.175,57.480713940820706,51.11145180312899,2.701144761884737,846148160.0,0.06747046041065559
2025-08-03,9.611567447912542,19.121034327195694,91.68248613078431,99.18918918918921,0.06747046041065559,0.08835456053609735,0.12810000262731577,0.033901551675681416,54.79642857142857,59.710868779034165,55.78916144250319,2.901062993178684,853908160.0,-0.10857213609620744
2025-08-10,9.826666533831492,18.955833870394045,74.63731572616426,77.02702702702703,-0.10857213609620744,0.06747046041065559,0.08835456053609735,0.12810000262731577,56.832142857142856,60.62471894812086,60.63132915400256,3.293844207951636,846428160.0,0.06759329113252825
2025-08-17,10.282067053752819,19.159196976479443,77.39678757423756,90.54054054054055,0.06759329113252825,-0.10857213609620744,0.06747046041065559,0.08835456053609735,59.225,61.47329410512993,64.50506332320205,3.415712478812233,848988160.0,-0.04683129968409897
2025-08-24,10.242485500372062,18.589377011183288,71.52998330419689,79.41176470588235,-0.04683129968409897,0.06759329113252825,-0.10857213609620744,0.06747046041065559,61.15,61.051329343549476,67.60405065856165,3.4217330160399304,847148160.0,-0.04196419909903219
2025-08-31,9.855434591023922,17.535610844696865,66.85227889966326,70.54491899852725,-0.04196419909903219,-0.04683129968409897,0.06759329113252825,-0.10857213609620744,62.721428571428575,59.73602296457609,80.0,3.3916092291799353,845168160.0,-0.04156631908011228
2025-09-07,9.212526504315,16.158546762450477,62.66006186337091,62.15022091310753,-0.04156631908011228,-0.04196419909903219,-0.04683129968409897,0.06759329113252825,64.22857142857143,56.785869089406496,79.8,3.638637141381369,843618160.0,0.08353051817914454
2025-09-14,9.070504197015246,15.585719403879198,67.20594578541247,79.38144329896907,0.08353051817914454,-0.04156631908011228,-0.04196419909903219,-0.04683129968409897,66.15357142857142,54.47815947597756,79.134,3.7965916312826993,847628160.0,0.0
2025-09-21,8.855865589335771,14.935514197556415,67.20594578541247,79.38144329896907,0.0,0.08353051817914454,-0.04156631908011228,-0.04196419909903219,68.07857142857144,52.33528626350783,78.49464,3.525406514762506,849998160.0,0.013605652055778678
2025-09-28,8.666551972614407,14.352553745644567,67.97879699749059,78.79858657243815,0.013605652055778678,0.0,0.08353051817914454,-0.04156631908011228,69.67142857142856,50.49570215437946,77.8808544,3.345020335136613,851558160.0,0.0
2025-10-05,8.419465213386964,13.714274142862209,67.97879699749059,74.08207343412526,0.0,0.013605652055778678,0.0,0.08353051817914454,70.89642857142857,48.78751691018882,77.291620224,3.1060903111982836,852898160.0,0.0
2025-10-12,8.12993039959467,13.044221986851062,67.97879699749059,72.72727272727273,0.0,0.0,0.013605652055778678,0.0,72.03928571428571,47.20134489772609,76.72595541504,2.8842267175412633,854278160.0,0.0
2025-10-19,7.810438105032688,12.360114807759118,67.97879699749059,70.0,0.0,0.0,0.0,0.013605652055778678,73.03928571428571,45.72847088615355,76.1829171984384,2.678210523431173,855488160.0,0.03974032864951412
2025-10-26,7.71043202689971,12.0074799681284,70.75944713999758,82.19584569732939,0.03974032864951412,0.0,0.0,0.0,73.66785714285713,44.890576342043246,63.15,2.701195486043232,856728160.0,-0.026317308317373417
2025-11-02,7.384667355691249,11.358830347655603,66.60683897240081,70.32640949554897,-0.026317308317373417,0.03974032864951412,0.0,0.0,73.70357142857142,44.00952445327113,63.427,2.743967237040144,853768160.0,-0.020202707317519466
2025-11-09,6.925624751688147,10.550717648710044,63.59252465336658,64.48598130841121,-0.020202707317519466,-0.026317308317373417,0.03974032864951412,0.0,73.26071428571429,43.118807956136415,63.69846,2.6551124343944195,848348160.0,-0.06317890162153156
2025-11-16,6.128077130298948,9.300457357461395,55.48071582432599,42.238267148014444,-0.06317890162153156,-0.020202707317519466,-0.026317308317373417,0.03974032864951412,73.08214285714286,40.8196187474032,63.9644908,2.7868901176519607,841548160.0,0.0425596144187959
2025-11-23,5.672698485275518,8.550605795449563,59.21577335796319,63.898916967509024,0.0425596144187959,-0.06317890162153156,-0.020202707317519466,-0.026317308317373417,72.76071428571429,38.684657339293786,64.225200984,2.8021122521053923,872858160.0,0.0
2025-11-30,5.251274208003309,7.865697219014127,59.21577335796319,63.898916967509024,0.0,0.0425596144187959,-0.06317890162153156,-0.020202707317519466,72.68928571428572,36.70219317462077,64.48069696432,2.601961376955007,874288160.0,0.0
2025-12-07,4.86125491147375,7.239425383690609,59.21577335796319,63.898916967509024,0.0,0.0,0.0425596144187959,-0.06317890162153156,72.83214285714286,34.861333593138674,64.7310830250336,2.416106992886792,876598160.0,0.0
2025-12-14,4.500285321184521,6.666199228650351,59.21577335796318,37.5,0.0,0.0,0.0,0.0425596144187959,73.17857142857143,33.15196398176244,64.97646136453292,2.2435279219663067,881558160.0,0.0
2025-12-21,4.166189085816214,6.14104655229358,59.21577335796318,37.5,0.0,0.0,0.0,0.0,73.10714285714286,31.56469219977023,65.21693213724227,2.083275927540142,887658160.0,0.0
