,MACD,PPO,RSI,STOCH,Lag_1,Lag_2,Lag_3,Lag_4,SMA,ADX,SAR,ATR,OBV,Target_Return
2010-08-01,0.3817367429785909,0.6731708396127907,0.4125224446471082,0.13250000000000028,0.44009764604383533,0.5798807073547428,0.44138177036946946,0.563733661712677,0.24144185777829127,0.29672668687291265,0.24713559931014636,0.24761920205455246,0.0005263389179321655,0.023530497410194036
2010-08-08,0.3780155097513021,0.6672893059336001,0.44053024402743635,0.24875000000000025,0.5422963160673947,0.44009764604383533,0.5798807073547428,0.44138177036946946,0.24028074634625388,0.2802387143442565,0.3026571613739468,0.23807973468281762,0.0014361035376692192,-0.036673322849388665
2010-08-15,0.37037841045476433,0.6556366792455669,0.3928596865625893,0.06874999999999964,0.4568457683609113,0.5422963160673947,0.44009764604383533,0.5798807073547428,0.23771012650915604,0.2625983983491223,0.3015839274141283,0.23108885565359194,0.0008679363613583388,-0.04103818736511402
2010-08-22,0.35943944338192285,0.6390447565122838,0.344944843301632,0.0,0.45065047939211933,0.4568457683609113,0.5422963160673947,0.44009764604383533,0.23597712437178672,0.23825632532835606,0.29939743357096565,0.22157424294823835,0.0,0.002968562428281859
2010-08-29,0.3508810876153994,0.6259937922695091,0.34887954268206645,0.012222222222222159,0.513111646414644,0.45065047939211933,0.4568457683609113,0.5422963160673947,0.2337299982669979,0.21607188621288892,0.29582114426441997,0.20838245053222576,0.010962489383421599,-0.0585384135830925
2010-09-05,0.3378087860686405,0.6059326167130171,0.28565423966889436,0.0,0.4258114590630797,0.513111646414644,0.45065047939211933,0.4568457683609113,0.22795332447576686,0.20391860453451305,0.29245943231626703,0.21338228025524125,0.010153809721433104,0.08223809823697201
2010-09-12,0.3362568038923556,0.6035307713642564,0.3905363438894397,0.4347826086956523,0.6256231983740582,0.4258114590630797,0.513111646414644,0.45065047939211933,0.22448732020102827,0.19097441181914754,0.28720914565060274,0.21989217709971226,0.016863759503018664,0.0
2010-09-19,0.33499619908562167,0.6015784138133972,0.3905363438894398,0.4347826086956523,0.5088982047376236,0.6256231983740582,0.4258114590630797,0.513111646414644,0.2230431517532205,0.16922877626060734,0.2823788819181916,0.21073275623964616,0.017986151102847518,0.0
2010-09-26,0.3339782472585267,0.6000007502823778,0.3905363438894398,0.4347826086956523,0.5088982047376236,0.5088982047376236,0.6256231983740582,0.4258114590630797,0.2230431517532205,0.15933833661518682,0.2779350392843733,0.20391694917925973,0.036003673399479075,0.0
2010-10-03,0.33316200875538954,0.5987348516265933,0.3905363438894398,0.4347826086956523,0.5088982047376236,0.5088982047376236,0.5088982047376236,0.6256231983740582,0.22246548437409744,0.1437990368933359,0.27384670406126055,0.19145290694218658,0.04387087166287575,0.07476565057269273
2010-10-10,0.34111943989705645,0.6110123934661632,0.4926641039865147,0.8623188405797106,0.6150171480791177,0.5088982047376236,0.5088982047376236,0.5088982047376236,0.22338975218069437,0.13512478771590458,0.27008543565599674,0.19721741887021532,0.049064547078232885,0.037152265631292584
2010-10-17,0.3517757856302155,0.6272267955968975,0.5379244901958044,0.9375,0.5616304305837965,0.6150171480791177,0.5088982047376236,0.5088982047376236,0.2243140199872913,0.13950956562615452,0.22683084899546335,0.19456790359214238,0.05184961194861567,-0.060624621816434854
2010-10-24,0.3526097553697812,0.62842636761558,0.44011779358480774,0.625,0.42285039055612716,0.5616304305837965,0.6150171480791177,0.5088982047376236,0.22489168736641438,0.12528154061060026,0.2278677900194426,0.20935699065753055,0.049437515715443095,0.0009995003330834232
2010-10-31,0.35314882369201445,0.6291739843730138,0.441415926473555,0.6299999999999999,0.5103168497758709,0.42285039055612716,0.5616304305837965,0.6150171480791177,0.22433712668245617,0.11206980309615704,0.22888399222294226,0.19339237766922468,0.052424750501323,0.023693112257288044
2010-11-07,0.3561347087528963,0.6335788401573642,0.47320630754259996,0.75,0.5425271241405282,0.5103168497758709,0.42285039055612716,0.5616304305837965,0.2254578013979551,0.10849626010604065,0.22987987038237193,0.190215851984384,0.053348457873852964,-0.01227009259181436
2010-11-14,0.3567441841578424,0.6344013847307236,0.4524794919951137,0.6875,0.49148259676027245,0.5425271241405282,0.5103168497758709,0.42285039055612716,0.2257524117613078,0.10517797018664683,0.23085583097861298,0.1778413177298226,0.05255372096465737,0.012513965291474326
2010-11-21,0.35843142865192046,0.6368165498438925,0.4706413798748762,0.7512499999999998,0.5266599544658926,0.49148259676027245,0.5425271241405282,0.5103168497758709,0.2271734735139507,0.10278362767398878,0.23181227236292926,0.16723982059628062,0.05439067864512261,0.011877487832684844
2010-11-28,0.36088550326815133,0.6403391038709815,0.4883426845186081,0.8125,0.5257565674844372,0.5266599544658926,0.49148259676027245,0.5425271241405282,0.22977297672000466,0.10056030962652061,0.23274958491955922,0.1529498641723808,0.05574661135423264,-0.024391453124159124
2010-12-05,0.35956547791292987,0.6382754877814488,0.4416216828641182,0.6875,0.4742780922625409,0.5257565674844372,0.5266599544658926,0.49148259676027245,0.23173126913523198,0.08514299741313065,0.23366815122505658,0.15301774617844927,0.04980699866445508,-0.036971392919969835
2010-12-12,0.35393240160551825,0.6298604134382488,0.3782728623942486,0.49362244897959223,0.4564227013416382,0.4742780922625409,0.5257565674844372,0.5266599544658926,0.23405926867309798,0.08242961204279269,0.234568346204444,0.16134979836903474,0.04935734488688389,-0.0007689350628771679
2010-12-19,0.3491854050611736,0.6227602644529473,0.3770054812183914,0.3846153846153846,0.5078068134938409,0.4564227013416382,0.4742780922625409,0.5257565674844372,0.23463693605222116,0.0799100399131931,0.23545053728424364,0.1473027294550852,0.04899134762607013,0.04266644631890294
2010-12-26,0.3502338295425776,0.624272141053708,0.45004321451952745,0.6461538461538465,0.5694570063372482,0.5078068134938409,0.4564227013416382,0.4742780922625409,0.23619663797585352,0.07159315680939916,0.23631508454244732,0.1477739782266748,0.04968499957751716,0.00514643949275772
2011-01-02,0.35146395205545783,0.6260423182128656,0.45861598384600144,0.5819999999999993,0.5162028254659805,0.5694570063372482,0.5078068134938409,0.4564227013416382,0.23787765004910175,0.0779757946280598,0.23716234085548693,0.1552357867269874,0.05247703582429639,0.04516357064644391
2011-01-09,0.35772364424347597,0.6351759987616403,0.530879060149789,0.9599999999999994,0.5730013103458563,0.5162028254659805,0.5694570063372482,0.5078068134938409,0.24065045346889266,0.08390252974538757,0.23799265204226572,0.15416233255174958,0.05428610799917583,-0.018630417406460358
2011-01-16,0.36003391469811585,0.6384465665544876,0.49000946021762437,0.8016032064128255,0.48245504275025713,0.5730013103458563,0.5162028254659805,0.5694570063372482,0.2412627808907631,0.08503176731163652,0.23880635700530892,0.15627755003467053,0.05338331475583522,0.023292430512271763
2011-01-23,0.36441655316462795,0.6446741512870737,0.5270313593674747,0.8330550918196997,0.5419584148058048,0.48245504275025713,0.5730013103458563,0.5162028254659805,0.24155161458032462,0.09667484332496203,0.23960378786909126,0.1560188260117204,0.05687248864225971,0.0
2011-01-30,0.36748467109202493,0.6489304508241822,0.5270313593674747,0.8330550918196997,0.5088982047376236,0.5419584148058048,0.48245504275025713,0.5730013103458563,0.24328461671769394,0.09751796427251495,0.2414259876180995,0.15586749645783604,0.05837482025569523,-0.00023258518537218827
2011-02-06,0.3694587557023399,0.6515709530737321,0.5264297580934003,0.8313856427378968,0.5085680839679985,0.5088982047376236,0.5419584148058048,0.48245504275025713,0.24498873548610714,0.09830086229524267,0.24317529937714738,0.14238984890096795,0.056070780356667675,0.00023258518537216323
2011-02-13,0.37061154301356747,0.6530132964617367,0.5268668366697944,0.8330550918196997,0.5092283255072487,0.5085680839679985,0.5088982047376236,0.5419584148058048,0.24614407024435334,0.09902783903063266,0.24485463866583335,0.12765203591249932,0.06121217044905141,-0.02353049741019416
2011-02-20,0.3681611525077544,0.649345380687374,0.4627164553367308,0.6661101836393992,0.4755000934078524,0.5092283255072487,0.5085680839679985,0.5088982047376236,0.24701057131303797,0.09159659781950287,0.2464668043829719,0.12063548748019476,0.0602292063771516,-0.02409755157906053
2011-02-27,0.3629156841168618,0.6417400625549258,0.40415557428982696,0.4917763157894736,0.47469524266748486,0.4755000934078524,0.5092283255072487,0.5085680839679985,0.24700479463924677,0.0876355884448742,0.24801448347142488,0.14159460322784423,0.05893253036741144,0.014528100562909808
2011-03-06,0.3602079574578754,0.6377686448109479,0.43650944042893747,0.5904605263157895,0.5295187259085855,0.47469524266748486,0.4755000934078524,0.5092283255072487,0.247062561377159,0.08395750831129038,0.2502781381183565,0.13358215713015786,0.060326805646701946,-0.11718225462299321
2011-03-13,0.3443488667861538,0.6149546181454489,0.23183306298970063,0.0,0.342575074480428,0.5295187259085855,0.47469524266748486,0.4755000934078524,0.24504072555022813,0.1107904507531746,0.28574206092028515,0.15815113402727587,0.059514640296515216,0.10216623016652926
2011-03-20,0.34339802407443804,0.6135603089818444,0.40837561607961215,0.5613540197461205,0.6539082769754727,0.342575074480428,0.5295187259085855,0.47469524266748486,0.24616717693951826,0.13570675444920993,0.2848230719377835,0.17545250473701363,0.059856443395545085,-0.06242590151701504
2011-03-27,0.3352918638212453,0.6017742486657417,0.32333039823864906,0.21156558533145264,0.42029373657099,0.6539082769754727,0.342575074480428,0.5295187259085855,0.2458783432499567,0.158843322166957,0.2839224627349319,0.17818093599636614,0.05676812365191663,-0.0953101798043249
2011-04-03,0.31869631535007414,0.5773089492245349,0.22800784476525782,0.09099999999999966,0.3736192966688846,0.42029373657099,0.6539082769754727,0.342575074480428,0.242585639188955,0.20040311413104744,0.2830398657161373,0.19787491637907995,0.05638121226191351,0.009101314246345561
2011-04-10,0.3067831282117783,0.5593771222019663,0.24094005741585567,0.12299999999999969,0.5218161937264579,0.3736192966688846,0.42029373657099,0.6539082769754727,0.2393564785396569,0.23409378069828274,0.2805556009643551,0.1809521679192762,0.05728400550525411,0.0290198935735189
2011-04-17,0.3007747486712701,0.5501237777753835,0.2832354037198367,0.22699999999999962,0.5500877138011508,0.5218161937264579,0.3736192966688846,0.42029373657099,0.23563630061810417,0.24929647894293583,0.27817070680264416,0.17617463155720403,0.05853885325661557,0.057188971984460414
2011-04-24,0.3026702545547139,0.5528814849789554,0.3631517018155549,0.44099999999999967,0.590069614754001,0.5500877138011508,0.5218161937264579,0.3736192966688846,0.23360868811738203,0.24756974878967086,0.27588120840740166,0.18187456450761552,0.061937399249886164,-0.05088326226262303
2011-05-01,0.2989211916762613,0.5469785428488709,0.30609064736588487,0.25,0.43667683056757334,0.590069614754001,0.5500877138011508,0.5218161937264579,0.22990584021720287,0.24596635650449628,0.2736832899479688,0.17952073976288974,0.06148425978411675,0.08885444382761155
2011-05-08,0.3062838647265769,0.5581566546068427,0.4173891745840934,0.5899999999999999,0.6350141365586751,0.43667683056757334,0.590069614754001,0.5500877138011508,0.22816706140604245,0.22241716364926922,0.2715732882269133,0.1921837137030133,0.06372904298377446,-0.0065228530322195164
2011-05-15,0.31159072433981194,0.566187602864627,0.40914102269027564,0.5639999999999994,0.4996399656124522,0.6350141365586751,0.43667683056757334,0.590069614754001,0.22628386575010115,0.21192927906207132,0.22093324692158134,0.20403110368626876,0.05646486877867094,0.029267962114799588
2011-05-22,0.31942748301233204,0.578056605161583,0.44534336031463617,0.6819999999999994,0.5504398109376745,0.4996399656124522,0.6350141365586751,0.43667683056757334,0.2250765409277338,0.2021905290882447,0.2219351911860013,0.19884987045623959,0.057496632485345915,0.04842926050932773
2011-05-29,0.331636838621113,0.5964092354124156,0.5029042808090368,0.8849999999999995,0.5776364811077734,0.5504398109376745,0.4996399656124522,0.6350141365586751,0.22561954826410954,0.20492595386604057,0.22291709656513287,0.20399711366583795,0.058943193087609806,0.0006984053362688705
2011-06-05,0.34129807989690497,0.6107500227930052,0.5037347924524659,0.849760765550239,0.509889489314715,0.5776364811077734,0.5504398109376745,0.4996399656124522,0.22675755300098208,0.215604753145681,0.2251319745949449,0.1975735097504399,0.06181540016294825,0.011108653924497312
2011-06-12,0.3501656657258482,0.6237357164793123,0.5176727438346992,0.873134328358209,0.5246653198149924,0.509889489314715,0.5776364811077734,0.5504398109376745,0.2278262376523598,0.21025944041079747,0.2289435635722618,0.2109920262994051,0.06629799518586724,0.0006902105416075722
2011-06-19,0.35699755658034615,0.6335881068619129,0.5185862886349899,0.875932835820895,0.5098778579981452,0.5246653198149924,0.509889489314715,0.5776364811077734,0.23156952226907748,0.20529593572840565,0.2338607421287362,0.20362421485876253,0.06844866480417283,-0.006923637166347283
2011-06-26,0.36119393138280276,0.6395257608672494,0.5046442714665739,0.8479477611940297,0.49907111095130907,0.5098778579981452,0.5246653198149924,0.509889489314715,0.23284039050314823,0.20111584736913396,0.23838454640069265,0.19046976876231275,0.0656287430518078,0.010825857198949924
2011-07-03,0.365524019318753,0.645575099202456,0.5208587617645765,0.891791044776119,0.5242639310827919,0.49907111095130907,0.5098778579981452,0.5246653198149924,0.23581537750563222,0.1903190667824517,0.2425464463308926,0.18634611649427835,0.06684176254479052,-0.050028043427977946
2011-07-10,0.36232428228113317,0.6408841052381258,0.4227506324341379,0.6646279306829768,0.43789068904888273,0.5242639310827919,0.49907111095130907,0.5098778579981452,0.23958176881751483,0.17772282664602734,0.2463753942666765,0.18545117881332102,0.065524172405861,-0.001687357276329205
2011-07-17,0.35927141815608166,0.6364249976082862,0.41971764921209653,0.6455696202531648,0.5065032470286749,0.43789068904888273,0.5242639310827919,0.49907111095130907,0.2431228698515395,0.16224829379939487,0.24989802636759775,0.16959366854306734,0.06485840595999978,-0.04212964445763322
2011-07-24,0.35158387972164545,0.6253634576568015,0.34838633043554623,0.43033707865168574,0.44910131513723056,0.5065032470286749,0.43789068904888273,0.5242639310827919,0.24507538559297556,0.14824175801827127,0.2531388479004453,0.17318515901054854,0.06419612520233678,0.011011122263117427
2011-07-31,0.34662520367899263,0.6181988560456236,0.36825924434423785,0.45207100591715965,0.5245268878376246,0.44910131513723056,0.5065032470286749,0.43789068904888273,0.2460458667899024,0.13523568907865657,0.256120403710665,0.17091852099676857,0.06460046503333103,-0.001993025074264853
2011-08-07,0.3423439863166055,0.6120019948666223,0.36479149173776704,0.44260355029585813,0.5060693961428471,0.5245268878376246,0.44910131513723056,0.5065032470286749,0.24807347929062443,0.13847190716645147,0.2904082955281918,0.16970292751538074,0.06342578811052879,0.030937895887650165
2011-08-14,0.3425516463521834,0.6122877364220648,0.4235999831631009,0.47963800904977355,0.5528100385230398,0.5060693961428471,0.5245268878376246,0.44910131513723056,0.2488648836000231,0.1297130554804078,0.28954893065456905,0.16199451269310228,0.06796415414461937,-0.10412551670900655
2011-08-21,0.33066577612557946,0.5950118718654074,0.26516045167083535,0.0,0.36110721083322994,0.5528100385230398,0.5060693961428471,0.5245268878376246,0.24744382184738026,0.14089078364213825,0.2887067530784187,0.17999941235411543,0.06674067758704197,0.024123104806434502
2011-08-28,0.3240273697838623,0.5852568989648618,0.30645890915695084,0.12068965517241335,0.5431374358894479,0.36110721083322994,0.5528100385230398,0.5060693961428471,0.24586678990237423,0.15127010264945934,0.2868201809462087,0.16844353796914258,0.06698193949568218,0.013010852287492039
2011-09-04,0.32037974163644145,0.5798480697672873,0.3289597518317261,0.18700265251989348,0.5273652131317859,0.5431374358894479,0.36110721083322994,0.5528100385230398,0.24340592686730986,0.155998792995738,0.28500907169928713,0.15406760173289547,0.06722277266467405,0.015138198004824806
2011-09-11,0.3193794501983862,0.5783409511413165,0.35570976229605344,0.26525198938992045,0.5303846703011702,0.5273652131317859,0.5431374358894479,0.36110721083322994,0.24126855756455431,0.1545037234350039,0.28327040682224236,0.1416076599020739,0.06773865451801153,-0.06632264293107261
2011-09-18,0.31139156800343415,0.5663619933503075,0.2654200033224101,0.0,0.41476288011261175,0.5303846703011702,0.5273652131317859,0.5431374358894479,0.2373981861244295,0.1691157672616876,0.28160128854027944,0.14710923680505675,0.06620146602259375,-0.010393966659948104
2011-09-25,0.30426334386307674,0.5555043149513418,0.25312855344236973,0.001366120218578963,0.4941454840613286,0.41476288011261175,0.5303846703011702,0.5273652131317859,0.2332909710588643,0.18487913123261607,0.2789955547145769,0.13327912322455282,0.06574484086862611,0.0021971994557696017
2011-10-02,0.29923187835729337,0.5476879046554276,0.25729325234189615,0.01229508196721358,0.5120168091070202,0.4941454840613286,0.41476288011261175,0.5303846703011702,0.22940326959736587,0.1986458695313365,0.2755274981533537,0.11768053526672048,0.06694043192061772,-0.002197199455769619
2011-10-09,0.29543372708871174,0.5416586320417341,0.2543681064086898,0.11070559610705556,0.505779600368227,0.5120168091070202,0.4941454840613286,0.41476288011261175,0.22519785107734966,0.21687589769318244,0.2723368861170284,0.11457714742218278,0.06508953148735958,-0.026749992875085334
2011-10-16,0.29007781935090476,0.5331007820401475,0.21924950990702435,0.03244005641748897,0.47093048886071065,0.505779600368227,0.5120168091070202,0.4941454840613286,0.22166830339090746,0.235458753931791,0.2680844029492659,0.11018388904886148,0.06482216525980283,0.07531755217378922
2011-10-23,0.2944443854787584,0.5396698285319558,0.36389395243226197,0.4231311706629053,0.6158004919581346,0.47093048886071065,0.505779600368227,0.5120168091070202,0.21977933106117495,0.2232921808345375,0.26327396351304677,0.12015287555559351,0.0659898708062086,-0.08696375680818783
2011-10-30,0.2890199824397927,0.5309084881172704,0.2523330513973172,0.15628970775095263,0.38546582755902986,0.6158004919581346,0.47093048886071065,0.505779600368227,0.21704118768413141,0.22312253295739387,0.259040776809174,0.14399171739836253,0.05826907144713745,-0.026343975339601863
2011-11-06,0.28260890693386054,0.5203962062204662,0.22536474054366307,0.10357583230579576,0.4715067715722713,0.38546582755902986,0.6158004919581346,0.47093048886071065,0.21352319334527178,0.22625680801413112,0.2534153791381968,0.14647775066539093,0.056717940198926765,0.013403464063866919
2011-11-13,0.27949469626200246,0.514980964452268,0.24810004549561138,0.16029593094944478,0.5279224683222803,0.4715067715722713,0.38546582755902986,0.6158004919581346,0.21031713939113864,0.22163939179192854,0.24734720752339576,0.1480748966739338,0.05795535950929708,0.02571570276445773
2011-11-20,0.28028264497065514,0.515809887451414,0.29221431758551764,0.3259259259259264,0.5453978965579326,0.5279224683222803,0.4715067715722713,0.38546582755902986,0.20690312518052104,0.21735179101416902,0.24224994336696284,0.13906608738268209,0.05913003643209933,-0.012775191488722918
2011-11-27,0.2801803714579767,0.5152011205355093,0.2761865927988636,0.29021558872305137,0.49076568249801006,0.5453978965579326,0.5279224683222803,0.4715067715722713,0.2055918202299116,0.2026909292550519,0.2379682414755592,0.13612452955382207,0.05461607021539632,0.04141610371671694
2011-12-04,0.28501237808431035,0.5226600643400534,0.3480215178018754,0.5356550580431171,0.5676823272601254,0.49076568249801006,0.5453978965579326,0.5279224683222803,0.20460978568540236,0.1890772719073004,0.21548930654569018,0.13277068372646655,0.05543172125378127,0.09211528890780574
2011-12-11,0.29960670429741526,0.5459806410847149,0.48389590423187145,0.9796806966618288,0.6396424308577272,0.5676823272601254,0.49076568249801006,0.5453978965579326,0.20537230662584485,0.1885148230296027,0.2159079714841218,0.14903968992861413,0.056473942025050926,0.02004769530377811
2011-12-18,0.31377710013500526,0.5684444831684469,0.5100167486284765,0.9869451697127944,0.5373529861214986,0.6396424308577272,0.5676823272601254,0.49076568249801006,0.2062619143896944,0.1929913556780059,0.2176773558003888,0.13969522428831993,0.05778804647578222,-0.037193854138748594
2011-12-25,0.32074385058108534,0.5793835651705778,0.44607648889025764,0.7924281984334208,0.45610695006694946,0.5373529861214986,0.6396424308577272,0.5676823272601254,0.2077465195540408,0.1904518404844201,0.2205246859364873,0.1370643848359061,0.05735930682740039,0.009113987137706144
2012-01-01,0.3273845163164032,0.5897596651650637,0.45897463527952564,0.8394255874673633,0.5218341810485766,0.45610695006694946,0.5373529861214986,0.6396424308577272,0.20965859857893823,0.18809371923323326,0.2232011762644199,0.12368501813663343,0.057580139117510816,0.0
2012-01-08,0.3326437614412776,0.5979295834156072,0.45897463527952564,0.8394255874673633,0.5088982047376236,0.5218341810485766,0.45610695006694946,0.5373529861214986,0.21152446421350588,0.185904035214274,0.22571707717267656,0.10921629430792781,0.05780097140762124,0.04146694778350156
2012-01-15,0.34166199471144426,0.6118130771724856,0.5204649056699294,1.0,0.5677544930020274,0.5088982047376236,0.5218341810485766,0.45610695006694946,0.21440702443533013,0.1963552772819116,0.2280820240264378,0.10956274891809481,0.058040277845182266,-0.025466606437060522
2012-01-22,0.3455872040193017,0.6177852457591578,0.4702542066447776,0.8717632552404441,0.47275206884642323,0.5677544930020274,0.5088982047376236,0.5218341810485766,0.21724337126682455,0.2060600020590036,0.2312794024802139,0.10703920295560182,0.057437253786889124,0.01818678782767438
2012-01-29,0.35067039282516016,0.6254536957990487,0.4978223350695852,0.9630086313193591,0.534711699200195,0.47275206884642323,0.5677544930020274,0.5088982047376236,0.2189070533186991,0.22073105239267066,0.2342209906576879,0.09971671610025981,0.059176612197804034,0.007279818609386174
2012-02-05,0.35531924640659024,0.6323828392229471,0.5090796842907123,1.0,0.5192308461662526,0.534711699200195,0.47275206884642323,0.5677544930020274,0.22258101784992199,0.2360315373879993,0.23692725178096397,0.08980526766037186,0.0600619770001535,-0.03343477608623734
2012-02-12,0.35473194631350874,0.6314250376456682,0.4400914887666534,0.8129298486932599,0.4614424134490656,0.5192308461662526,0.534711699200195,0.47275206884642323,0.22599503206053959,0.22987319104097625,0.23941701201437796,0.094916963079,0.05954609514681602,-0.07553206261243672
2012-02-19,0.3455269693509036,0.6175372946173118,0.3194001323958463,0.3645833333333338,0.4016914512159352,0.4614424134490656,0.5192308461662526,0.534711699200195,0.22746230720351227,0.20837864762150282,0.268049254698639,0.10722124284183593,0.058535245569330395,-0.023459886594513712
2012-02-26,0.335655821466061,0.6025335823083198,0.2890596863279492,0.19339622641509388,0.4756003151686622,0.4016914512159352,0.4614424134490656,0.5192308461662526,0.22791288775922822,0.19573525267343783,0.26749578742709007,0.10041923822775059,0.05755925287382705,0.004131668182990537
2012-03-04,0.32832181060461324,0.5912818553212016,0.29643500999603256,0.21698113207547212,0.5147625055021884,0.4756003151686622,0.4016914512159352,0.4614424134490656,0.22871006874241814,0.1936380824833791,0.2661880492546986,0.11313072597251436,0.059368325048706476,-0.0005499037806981562
2012-03-11,0.3225632056157479,0.5823657905339916,0.29565659602513505,0.21383647798742134,0.5081176964734649,0.5147625055021884,0.4756003151686622,0.4016914512159352,0.22864074865692333,0.19169071016403888,0.26382661723914447,0.10946318268901203,0.056370633198231886,0.015013247732628961
2012-03-18,0.31976743615879627,0.5779943861521145,0.3255160845649916,0.3446244477172307,0.5302073216022144,0.5081176964734649,0.5147625055021884,0.4756003151686622,0.22685575645543296,0.1736435105341802,0.26160687114452363,0.1269524394852738,0.059103412745641286,0.009706196449260013
2012-03-25,0.3187705311942717,0.5764100776454596,0.3452174712914262,0.3976435935198826,0.522674735847441,0.5302073216022144,0.5081176964734649,0.5147625055021884,0.22481081393333716,0.15688539659216855,0.2586018470524432,0.12718791094503207,0.06253681562089414,-0.024719444181889066
2012-04-01,0.3154892556184059,0.5712265714485526,0.3033158034450989,0.26362297496318104,0.4738125567632154,0.522674735847441,0.5302073216022144,0.5081176964734649,0.22310091849113287,0.141423084493644,0.25583722488772925,0.11940428666070807,0.06235028598834246,0.0
2012-04-08,0.31311045852737307,0.5674237891257311,0.3033158034450989,0.26362297496318104,0.5088982047376236,0.4738125567632154,0.522674735847441,0.5302073216022144,0.22118306279244412,0.12706522325929975,0.2532937724961925,0.1121766355395501,0.06253681562089414,-0.00027506532974965056
2012-04-15,0.31143666627213357,0.5647079221286734,0.30281807384778947,0.26215022091310775,0.5085077895948498,0.5088982047376236,0.4738125567632154,0.522674735847441,0.21925943041996418,0.11384729188028568,0.2509537962959786,0.09746296885866096,0.0622411525765442,0.022576778313769537
2012-04-22,0.3127849188674602,0.566781900785334,0.3573297293038591,0.3843888070692194,0.5409426508216308,0.5085077895948498,0.5088982047376236,0.4738125567632154,0.21684478077522965,0.10341817691035408,0.24880101819178183,0.0910912412696657,0.06273263461249409,0.07010396280033974
2012-04-29,0.32194104389342865,0.5812127664390216,0.49939224314421227,0.7820324005891022,0.6084005617617273,0.5409426508216308,0.5085077895948498,0.5088982047376236,0.21659060712841546,0.1189895606766224,0.22404406999351908,0.11069300723129075,0.06345765775772516,0.024031876212374292
2012-05-06,0.3320630024216927,0.5970287473976954,0.5402558319383917,0.726851851851852,0.5430079501974215,0.6084005617617273,0.5409426508216308,0.5085077895948498,0.21646929697879966,0.1536983476522053,0.22473233959818534,0.13165098668587844,0.06465324880971679,-0.009840177801511123
2012-05-13,0.3388294800264983,0.6074951175230381,0.5150319918222221,0.6805555555555557,0.49493150662705865,0.5430079501974215,0.6084005617617273,0.5409426508216308,0.21594361966379758,0.18592793555810366,0.2269446014257939,0.12310400036864716,0.0643228334540305,-0.049668176208845984
2012-05-20,0.3383387645834855,0.6067330943880747,0.40406390305583206,0.4537037037037039,0.43840146811313224,0.49493150662705865,0.5430079501974215,0.6084005617617273,0.21507134192132174,0.1976622321222813,0.2290683727802981,0.12548155815269244,0.06354901067402427,-0.02739175733242619
2012-05-27,0.33485181441666356,0.6013488955605919,0.3535544281055166,0.3333333333333336,0.4700195977554307,0.43840146811313224,0.49493150662705865,0.5430079501974215,0.21527930217780603,0.19649903642821137,0.23110719328062215,0.11968701402663498,0.06332104318017209,0.019566991274196154
2012-06-03,0.3342500963931026,0.6004174817354228,0.3920131348409456,0.4189814814814812,0.5366706968176741,0.4700195977554307,0.43840146811313224,0.49493150662705865,0.2164115302408873,0.20636056706786682,0.23306446096093322,0.11892990335861692,0.06415412265954817,-0.0002618829398232219
2012-06-10,0.3337276949985238,0.5996086879864416,0.3914899103848508,0.41782407407407396,0.5085265000759196,0.5366706968176741,0.4700195977554307,0.43840146811313224,0.2174513315233089,0.21551770266183268,0.23494343793403188,0.1040895171317861,0.06297944573674591,-0.024123104806434453
2012-06-17,0.33064772946971777,0.594832580978291,0.34389290747768275,0.31250000000000033,0.47465897358579945,0.5085265000759196,0.5366706968176741,0.4700195977554307,0.21797700883831087,0.2050732250796724,0.2800388852883992,0.10604696865564858,0.06247053525980487,0.0
2012-06-24,0.32825390778477065,0.5911060828848219,0.34389290747768275,0.15504978662873448,0.5088982047376236,0.47465897358579945,0.5085265000759196,0.5366706968176741,0.21818496909479526,0.19537478161052357,0.27915100453661695,0.09986232585942134,0.06297944573674591,0.012531826449237124
2012-07-01,0.32779612124880153,0.5903892140800969,0.37354020218607875,0.22190611664295903,0.5266853057759412,0.5088982047376236,0.47465897358579945,0.5085265000759196,0.21845647276298305,0.1901393687567664,0.27828088139987034,0.09011830508587479,0.06328369054543989,0.011591278357197423
2012-07-08,0.32877286630577773,0.5919099634185129,0.40107746789429866,0.28449502133712656,0.5253503348511304,0.5266853057759412,0.5088982047376236,0.47465897358579945,0.2195078273929871,0.1888949634887701,0.2774281607258587,0.08080354325101632,0.06356384227730774,0.05775482520689915
2012-07-15,0.3362012433004886,0.6034382233562234,0.5215729890662495,0.6073968705547657,0.5908727609259613,0.5253503348511304,0.5266853057759412,0.5088982047376236,0.22187048697360065,0.203989184674102,0.27659249446532724,0.08842541680055502,0.06689616019481204,-0.05096805940240905
2012-07-22,0.3361131914115498,0.6032999100266181,0.4043274060993449,0.32147937411095273,0.43655647338745723,0.5908727609259613,0.5253503348511304,0.5266853057759412,0.22307781179596783,0.20769165951323787,0.2757735415300064,0.09550287081084094,0.0642365800995654,0.028467110111571155
2012-07-29,0.3392394912473412,0.6081131957334861,0.45771456163638635,0.47937411095305793,0.5493031182491933,0.43655647338745723,0.5908727609259613,0.5253503348511304,0.22444688348448963,0.21610742816413853,0.274970967653392,0.09816256839648316,0.06501040287957163,-0.011699014408799226
2012-08-05,0.3402682123230585,0.6096848268027869,0.43228357390999383,0.398540145985402,0.4922931590021943,0.5493031182491933,0.43655647338745723,0.5908727609259613,0.22399052625498242,0.22392207048283197,0.2741844452543099,0.08845104468857709,0.06470664258153722,0.0058666154741023385
2012-08-12,0.34165481398401104,0.6117983504113349,0.44393352813031317,0.7132530120481932,0.5172250103005245,0.4922931590021943,0.5493031182491933,0.43655647338745723,0.22310669516492407,0.23454046231700126,0.27341365330320944,0.07943320124552147,0.06571052078262637,0.017146158834970584
2012-08-19,0.34461883473079546,0.6163065195233123,0.47834870980340805,0.8771084337349402,0.5332346780244228,0.5172250103005245,0.4922931590021943,0.5493031182491933,0.22284674484431863,0.2477487837095272,0.27265827719113106,0.07310451565635084,0.06642160117506452,0.0002499687552072184
2012-08-26,0.34683028905460195,0.6196411733757661,0.47886335767602717,0.8924205378973095,0.5092529989508457,0.5332346780244228,0.5172250103005245,0.4922931590021943,0.22372479926058578,0.26001365357401557,0.27191800860129417,0.06118171468140449,0.06682245531786055,0.03439297468833228
2012-09-02,0.3524821101823893,0.6281345506759974,0.5474060944372378,0.8444816053511696,0.5577140192773234,0.5092529989508457,0.5332346780244228,0.5172250103005245,0.2260123620819133,0.28678378422875295,0.23564484769928706,0.07082754668647237,0.06762764929165083,0.09309042306601203
2012-09-09,0.36846690341727617,0.6518019033657113,0.685873874362739,0.931352459016394,0.6410264916622866,0.5577140192773234,0.5092529989508457,0.5332346780244228,0.230206227254347,0.32813814364178245,0.23641996111471156,0.10085705175697371,0.06820627353255637,0.09521016480199106
2012-09-16,0.3938238672304873,0.688137522679539,0.7791850115876714,1.0,0.6440351560884758,0.6410264916622866,0.5577140192773234,0.5092529989508457,0.23702847900179078,0.3773366869640054,0.23891909267660397,0.12723005109047442,0.068662898686524,0.018236382488765596
2012-09-23,0.4156737431419296,0.7179778805999479,0.7938314728056178,0.8420138888888887,0.5347820915928254,0.6440351560884758,0.6410264916622866,0.5577140192773234,0.24490786205302986,0.4301162892066051,0.24402270278677896,0.14425047349347025,0.07145842062150148,0.004703124483390898
2012-09-30,0.4325430671130771,0.7397565142692393,0.7976848160620841,0.8434946574481458,0.5155736044266251,0.5347820915928254,0.6440351560884758,0.6410264916622866,0.2529258852752585,0.47912591986044767,0.25231164482696045,0.12929084456668213,0.07257384084493387,0.021660100327195054
2012-10-07,0.4478853183250715,0.7585292510679706,0.8155309912397094,0.9116698903932948,0.5396415600322836,0.5155736044266251,0.5347820915928254,0.6440351560884758,0.2613193922939172,0.5273230784539942,0.2599374715039274,0.12918145872862966,0.07456416880612107,-0.017562933343124795
2012-10-14,0.4559339823504013,0.7671317345363737,0.7562743003062252,0.852522639068564,0.48397018078446596,0.5396415600322836,0.5155736044266251,0.5347820915928254,0.2689330483507597,0.5717236921437956,0.266953232046737,0.1252565763510985,0.07356377629323013,0.0
2012-10-21,0.46083140885880075,0.7714082124669097,0.7562743003062252,0.852522639068564,0.5088982047376236,0.48397018078446596,0.5396415600322836,0.5155736044266251,0.2752353994569926,0.6129528334271827,0.27340773174612176,0.10951971400195795,0.07375521028907672,-0.00605411477103118
2012-10-28,0.46229971192729596,0.7712549580574503,0.7345946328605059,0.821993127147766,0.5003052712521413,0.5088982047376236,0.48397018078446596,0.5396415600322836,0.2825197851077349,0.6452648003358123,0.2793458714695558,0.0989080514262344,0.07263281868924787,0.023808344145346674
2012-11-04,0.4655574431681764,0.7732690467639161,0.7621839005042831,0.9065292096219932,0.5426906790097276,0.5003052712521413,0.5088982047376236,0.48397018078446596,0.28987349084397207,0.6774047348412512,0.28480896001511513,0.0959896709223298,0.07314870054258535,0.007621988119058962
2012-11-11,0.4677585808281095,0.7739092402599335,0.7708043442307927,0.9340206185567008,0.5197165059114969,0.5426906790097276,0.5003052712521413,0.5088982047376236,0.297723990526255,0.7081652672056762,0.28983500147702973,0.08589986908659,0.07345625675506764,0.002654029993905882
2012-11-18,0.4683482947901244,0.7725828882698011,0.7739297674882119,0.9422128259337562,0.5126652134694756,0.5197165059114969,0.5426906790097276,0.5003052712521413,0.30552250014441684,0.7370614138364614,0.2944589596219911,0.0777755659259455,0.07532807131751515,0.015218706125847664
2012-11-25,0.4696234349837812,0.7720858642997126,0.792024314405963,0.9992668621700881,0.5304989398443082,0.5126652134694756,0.5197165059114969,0.5426906790097276,0.31339610652186467,0.7658263429762309,0.2987130011153556,0.07307682394870943,0.07622040749626108,-0.01692405945245551
2012-12-02,0.46643230435854643,0.7663758951112909,0.7191555396498837,0.9332844574780057,0.48487696915167716,0.5304989398443082,0.5126652134694756,0.5197165059114969,0.32074403558431064,0.7846597109360387,0.30262671928925094,0.07315941548402966,0.07524790048895597,0.03393315873670137
2012-12-09,0.46771365312063606,0.765996674905676,0.7644969011926318,1.0,0.5570613775555585,0.48487696915167716,0.5304989398443082,0.5126652134694756,0.3283345849459881,0.8048397658792715,0.3062273400092346,0.07732615998273187,0.07626572144283802,-0.03317486486150324
2012-12-16,0.4619818385716653,0.7575712702776964,0.6396461108707545,0.804395604395605,0.4618113195485927,0.5570613775555585,0.48487696915167716,0.5304989398443082,0.33256311016116924,0.8235783883265592,0.3109578140446041,0.08083962314753504,0.07600763063157676,0.023041199146697937
2012-12-23,0.4596020745094671,0.7531845583759048,0.6748749534130313,0.8806941431670288,0.5416018285012021,0.4618113195485927,0.5570613775555585,0.48487696915167716,0.33487955635145283,0.8444884595582098,0.31521524067643664,0.07921184466353745,0.07626448402352765,-0.07696104113612832
2012-12-30,0.44461767815593645,0.734518448932803,0.4625736901364327,0.33088235294117657,0.39966322448574165,0.5416018285012021,0.4618113195485927,0.5570613775555585,0.33435387903645086,0.7916610009469369,0.35353208036292927,0.12233525529078701,0.07481095204486729,0.05921185963184603
2013-01-06,0.4404962906561089,0.7285852438317748,0.5565258627388272,0.7794117647058824,0.5929408089186315,0.39966322448574165,0.5416018285012021,0.4618113195485927,0.33545144705678465,0.7426069322364692,0.3526506804925469,0.14557364195819542,0.07574860217019017,0.04424684873638402
2013-01-13,0.4430364648467233,0.7303408632431405,0.6160407834563064,0.9436274509803928,0.5717001572135236,0.5929408089186315,0.39966322448574165,0.5416018285012021,0.3372884293223962,0.7133534408472763,0.3094620868438107,0.15381501660681351,0.07703133542713744,0.0637492106156765
2013-01-20,0.4544136135652755,0.7418878205757491,0.6884853015045201,0.9610499576629975,0.5993809172877205,0.5717001572135236,0.5929408089186315,0.39966322448574165,0.34175957483680897,0.7017858904131542,0.3105197666882696,0.1725819943517003,0.0798547428677007,0.044996012291917714
2013-01-27,0.4698714816218853,0.757400313364988,0.7318108564210205,0.956492182188987,0.5727634856844755,0.5993809172877205,0.5717001572135236,0.5929408089186315,0.34780197562243664,0.7006057078080438,0.31353902786779,0.183428824239534,0.08344500171187375,0.0871596459497946
2013-02-03,0.49683997069173236,0.7842827510441965,0.8001505198290041,0.9642682329906999,0.6326086180004372,0.5727634856844755,0.5993809172877205,0.5717001572135236,0.3572757206400554,0.7133266986896485,0.31901443732987683,0.22008622089590402,0.08643223649775367,-0.07254678054511314
2013-02-10,0.5023243283976135,0.7876612161071771,0.6338671706553377,0.7332354380812527,0.40592862398356433,0.6326086180004372,0.5727634856844755,0.5993809172877205,0.3633123447518919,0.7251390473654244,0.32884260185093966,0.2395433062760154,0.08466150689305471,-0.04299636376281524
2013-02-17,0.4969820818432052,0.7798636035285849,0.5563427649944089,0.6040137053352913,0.4478711334142726,0.40592862398356433,0.6326086180004372,0.5727634856844755,0.36759286003119407,0.7161218263021779,0.3378845132103175,0.23911645004712034,0.0837308281441283,0.020914718713164016
2013-02-24,0.4946253677033342,0.7753129418567734,0.5780144370252449,0.6661771904062651,0.5385835994760486,0.4478711334142726,0.40592862398356433,0.6326086180004372,0.37252613944890534,0.7113210984986236,0.3462030716609451,0.23543025882550866,0.08427110981485339,0.022081645049651086
2013-03-03,0.49492634306162014,0.7735532311860267,0.6010036050894978,0.7332354380812527,0.5402398813225494,0.5385835994760486,0.4478711334142726,0.40592862398356433,0.3777829125989256,0.7105796640520092,0.3538561454355225,0.2240050906227697,0.08465802120485649,0.04091763796157911
2013-03-10,0.5009528739804674,0.7774870638303722,0.6421803179432399,0.8614782183064117,0.5669748277757771,0.5402398813225494,0.5385835994760486,0.4478711334142726,0.3850730749234591,0.7165868753817212,0.36089697330813375,0.22539942039423289,0.08763479892614173,0.05565256243047264
2013-03-17,0.5146640487180946,0.7886580303404548,0.6930660161334368,0.9673617407071625,0.5878889053351692,0.5669748277757771,0.5402398813225494,0.5385835994760486,0.393472358615909,0.730872540315159,0.367374534950936,0.242165222799946,0.0891057593457932,0.0
2013-03-24,0.5233286267376366,0.7944937513408977,0.6930660161334368,0.9673617407071625,0.5088982047376236,0.5878889053351692,0.5669748277757771,0.5402398813225494,0.40289989024319794,0.7176355223881634,0.3758801145083376,0.2827183529520983,0.09018632268724336,0.13048725024329438
2013-03-31,0.5560351397139633,0.8220708380483979,0.791896483380753,1.0,0.6941058369763381,0.5088982047376236,0.5878889053351692,0.5669748277757771,0.417179827855121,0.72423182342902,0.38353513610999895,0.34135857783460866,0.09175139668824694,-0.04242706753014005
2013-04-07,0.569570741510961,0.830846995558918,0.6983246212564304,0.8621134020618557,0.44867916643741934,0.6941058369763381,0.5088982047376236,0.5878889053351692,0.4318814626538039,0.7318977619724979,0.39873191783253464,0.34824112800947493,0.09094271702625845,0.0
2013-04-14,0.5774720450865013,0.8341895877367914,0.6983246212564304,0.8312302839116719,0.5088982047376236,0.44867916643741934,0.6941058369763381,0.5088982047376236,0.4448212119461614,0.7390161334771559,0.415250343697613,0.32066685004349804,0.09161196916031789,-0.07497494316449896
2013-04-21,0.5649691385913214,0.8197956620532892,0.5571207825704175,0.5848976109215016,0.40248220106800353,0.5088982047376236,0.44867916643741934,0.6941058369763381,0.4532262723124024,0.7173743752970803,0.42945618994158036,0.3394303400352016,0.09107865886598926,0.0
2013-04-28,0.552522341401419,0.8059067806602556,0.5571207825704175,0.5285852713178292,0.5088982047376236,0.40248220106800353,0.5088982047376236,0.44867916643741934,0.45952284674484434,0.6782518912880456,0.5167206740116655,0.34885130438768397,0.09132994212819939,0.04114194333117521
2013-05-05,0.5488385046121059,0.7999394283509855,0.5996852656635658,0.6710271317829455,0.5672931965537524,0.5088982047376236,0.40248220106800353,0.5088982047376236,0.46594650800069315,0.659390352702623,0.5148697342838625,0.343284159459322,0.09201662270324998,0.13843776278518394
2013-05-12,0.5750805028750885,0.8191908902503758,0.71620647644143,0.8782918149466191,0.7053904306835554,0.5672931965537524,0.5088982047376236,0.40248220106800353,0.4753740396279822,0.6636690207030109,0.42417368762151647,0.4386766072566464,0.09559642448282835,0.04618896797457455
2013-05-19,0.6044270754455061,0.8396750064310212,0.747665776923157,0.9896337249481687,0.5744567123938946,0.7053904306835554,0.5672931965537524,0.5088982047376236,0.48981572410605967,0.6686452467838297,0.4269915748541801,0.43843004125222845,0.09769480877816056,0.015832062002333433
2013-05-26,0.628403028687978,0.8545621882076375,0.7582225133293993,1.0,0.5313695091098252,0.5744567123938946,0.7053904306835554,0.5672931965537524,0.5065911847957946,0.6746260813455708,0.43273239144523645,0.4168616834943368,0.0988276574425841,0.010713192520722635
2013-06-02,0.6466143454670416,0.8640520501400633,0.7655854199050459,0.9650655021834064,0.5241040199937582,0.5313695091098252,0.5744567123938946,0.7053904306835554,0.5231875685980012,0.6826721533066745,0.4414269055087491,0.4024355161670212,0.10116655422359391,-0.11292472650530723
2013-06-09,0.6292355798095054,0.8465061797017285,0.5537272361637834,0.6363016035482771,0.34861801507727674,0.5241040199937582,0.5313695091098252,0.5744567123938946,0.5334353879036451,0.6601531266955163,0.45336097082566423,0.45501411219355054,0.09902285598168475,0.024913849182593737
2013-06-16,0.6181586061363654,0.8342692513538965,0.576499083881948,0.7055612418969637,0.5442597822745657,0.34861801507727674,0.5241040199937582,0.5313695091098252,0.5433423834556063,0.6348888111858347,0.4643403109172261,0.4912112804150501,0.10184277773404982,-0.0773392944830884
2013-06-23,0.588310008426578,0.8084803791808822,0.4691449244992374,0.49607642442852273,0.39912634899295424,0.5442597822745657,0.34861801507727674,0.5241040199937582,0.5475420253018312,0.5940089414340107,0.5906027219701878,0.536203951879892,0.10086329935034824,0.12097913333014526
2013-06-30,0.5906561583258123,0.8073211836777894,0.576039037360303,0.807242990654206,0.680610450896473,0.39912634899295424,0.5442597822745657,0.34861801507727674,0.557414360811045,0.5741916077432868,0.5882177576150356,0.5816283425474462,0.10156740836638994,0.05321185194298704
2013-07-07,0.603291462101029,0.8136446828519066,0.6176186734000986,0.990654205607477,0.5844246725497854,0.680610450896473,0.39912634899295424,0.5442597822745657,0.5644445728149731,0.562993119123028,0.47135450421257286,0.5753499048484452,0.10593497567876745,-0.002313158491350744
2013-07-14,0.6094904682427487,0.8150289166113989,0.614013697149766,0.9824766355140192,0.5056150134191065,0.5844246725497854,0.680610450896473,0.39912634899295424,0.5732424469990179,0.5404471295695576,0.47371095268956576,0.6000174913123777,0.10512281032858073,-0.002539613798024167
2013-07-21,0.6105177991068671,0.8126742130826603,0.6097987720499622,0.9735202492211841,0.5052935931188192,0.5056150134191065,0.5844246725497854,0.680610450896473,0.5819074576858645,0.5195115678413351,0.4760202721970188,0.572686594647198,0.10383310569523702,0.0820053167886024
2013-07-28,0.6307040449041681,0.8235705207210406,0.6770268889380071,0.9473227206946457,0.6252927990377151,0.5052935931188192,0.5056150134191065,0.5844246725497854,0.5981861244295535,0.5149863684447894,0.4782834053143228,0.6099034888120751,0.10577463402164905,-0.08200531678860229
2013-08-04,0.6205677884504981,0.8133810025340151,0.547215062862361,0.6509502923976609,0.39250361043753235,0.6252927990377151,0.5052935931188192,0.5056150134191065,0.6099994223326208,0.5107843975765683,0.4850755947012314,0.628279652322123,0.10496246867146233,-0.03579045066608432
2013-08-11,0.6000642691100915,0.7964977596493666,0.5003372689970675,0.5331866519985329,0.45809887673996247,0.39250361043753235,0.6252927990377151,0.5052935931188192,0.6182773958754549,0.48422490185116135,0.49159609651266367,0.652545281443,0.10334859503568355,-0.010482155528613342
2013-08-18,0.5782944069102061,0.7791886468685456,0.4869449248076563,0.4998166483314997,0.49402031281643805,0.45809887673996247,0.39250361043753235,0.6252927990377151,0.6197735543873838,0.45956251296328327,0.4978557782516386,0.6233295975844466,0.10053215897151674,-0.02118153030201728
2013-08-25,0.5531548252595548,0.7599600240225264,0.45975287907609264,0.4334433443344333,0.47883410983858343,0.49402031281643805,0.45809887673996247,0.39250361043753235,0.6179365721217723,0.4326786820810113,0.5038650727210546,0.6018912559168006,0.09823509044888562,-0.010821200784156397
2013-09-01,0.528287301065609,0.7412465934974136,0.44582093520302546,0.40007334066739997,0.49353908749454783,0.47883410983858343,0.49402031281643805,0.45809887673996247,0.6147651782103865,0.39903770983242975,0.509633995411694,0.5965661501690755,0.09292638732298703,0.0
2013-09-08,0.5065711519752573,0.7249728955366845,0.44582093520302546,0.40007334066739997,0.5088982047376236,0.49353908749454783,0.47883410983858343,0.49402031281643805,0.6110392236150425,0.3677996641730327,0.5151721611947078,0.5472532324432202,0.10088072779133936,0.0
2013-09-15,0.48757150644573066,0.7107900558345018,0.44582093520302546,0.40007334066739997,0.5088982047376236,0.5088982047376236,0.49353908749454783,0.47883410983858343,0.6128704292068626,0.33879290748930685,0.5155541153596889,0.5013737518017853,0.10140009533287508,0.06827525394628788
2013-09-22,0.4881585304037416,0.7103544165575647,0.5287223850191142,0.6167950128346166,0.605804976091239,0.5088982047376236,0.5088982047376236,0.49353908749454783,0.6169429842296805,0.3257964320624858,0.5208554763447828,0.5275020393839966,0.1019717481973842,0.005012541823544414
2013-09-29,0.48815554133978967,0.709518332538949,0.5345544921329344,0.5833333333333334,0.5160127772411077,0.605804976091239,0.5088982047376236,0.5088982047376236,0.6248223672809196,0.31648659870744295,0.525944782890473,0.5177098891145566,0.10276299941838155,0.0
2013-10-06,0.4863774953823491,0.7074870250476406,0.5345544921329344,0.5110024449877751,0.5088982047376236,0.5160127772411077,0.605804976091239,0.5088982047376236,0.6270290566691699,0.30784175344918885,0.5302657161373946,0.4982142188897471,0.11203841571386164,0.0
2013-10-13,0.48322899796656116,0.7045643416462786,0.5345544921329344,0.5110024449877751,0.5088982047376236,0.5088982047376236,0.5160127772411077,0.605804976091239,0.6265149327017503,0.2998143971379529,0.5349786130913803,0.45983866310775284,0.11252641206161332,-0.005012541823544286
2013-10-20,0.47772983529090596,0.7001076980417271,0.5237641830447402,0.48899755501222486,0.5017836322341397,0.5088982047376236,0.5088982047376236,0.5160127772411077,0.6258621685633413,0.29062099079592396,0.5395029941672066,0.428294270811806,0.11113213678232281,0.0638054216650358
2013-10-27,0.48897714242585155,0.7069353580568069,0.6100185995358824,0.7775061124694378,0.59946070067911,0.5017836322341397,0.5088982047376236,0.5088982047376236,0.6287505054589567,0.29615673539345694,0.5438463999999998,0.4458608231564794,0.11279132436467851,0.0
2013-11-03,0.49600406812183706,0.7107902384585651,0.6100185995358824,0.9826946847960444,0.5088982047376236,0.59946070067911,0.5017836322341397,0.5088982047376236,0.6271734735139506,0.3012970696625947,0.5480160695994813,0.40731257164580953,0.11376383137198365,0.05829855869203335
2013-11-10,0.5163610507760836,0.7231881185321822,0.6794940782456677,1.0,0.591644511354933,0.5088982047376236,0.59946070067911,0.5017836322341397,0.6333718444919415,0.3181192597626356,0.5520189524149836,0.4465613360367275,0.11587267273191051,-0.0044574389092003446
2013-11-17,0.5289002892628828,0.7301683010878726,0.6674194673300805,0.9791955617198336,0.5025715199106963,0.591644511354933,0.5088982047376236,0.59946070067911,0.6411472474149384,0.3337398648555308,0.5582419500724176,0.4507307692953308,0.11493153691838942,-0.102573663820823
2013-11-24,0.5078355783285727,0.7156323515885845,0.4512512253826364,0.5251964863615347,0.36330983981397247,0.5025715199106963,0.591644511354933,0.5088982047376236,0.6437756339899487,0.3258593771358463,0.5640915678704057,0.4990594767487137,0.11446794038802535,0.03872982836593032
2013-12-01,0.49980537573869477,0.7096110905199559,0.502351783944402,0.6911696717521959,0.5638695509441805,0.36330983981397247,0.5025715199106963,0.591644511354933,0.6495234244122234,0.3181977490070302,0.5695902086005145,0.4893428260984111,0.11603650007722716,0.06741137466626929
2013-12-08,0.5108311073481091,0.7157463500490632,0.5820328497590521,0.9953512396694213,0.6045788253700458,0.5638695509441805,0.36330983981397247,0.5025715199106963,0.6596037201779216,0.3263590217463778,0.5747589308868167,0.5061942488013851,0.11836842548184054,0.009843568014957858
2013-12-15,0.5203527860462245,0.7207616231379591,0.5929768117305054,1.0,0.5228697147620275,0.6045788253700458,0.5638695509441805,0.36330983981397247,0.6702616833227427,0.3359873355992487,0.5796175298359408,0.5181965170039458,0.11948036001707471,0.023810648693718392
2013-12-22,0.5328469706894062,0.7274427149869518,0.6197318597174275,1.0,0.5426939499802362,0.5228697147620275,0.6045788253700458,0.5638695509441805,0.6823407082202069,0.3498921350053547,0.5861787820180869,0.5055124796360209,0.12121274705159316,0.0
2013-12-29,0.5403508536552223,0.7308858952651152,0.6197318597174275,1.0,0.5088982047376236,0.5426939499802362,0.5228697147620275,0.6045788253700458,0.6910057189070533,0.36280373445388164,0.595318518851923,0.4626144813379573,0.12740332929164302,0.0
2014-01-05,0.5438594417687912,0.7318250074002255,0.6197318597174275,1.0,0.5088982047376236,0.5088982047376236,0.5426939499802362,0.5228697147620275,0.6994107792732944,0.36631287564197273,0.6035442820023755,0.4389630068470933,0.12856406346165236,0.0
2014-01-12,0.5441978292076526,0.7308461329009104,0.6197318597174275,1.0,0.5088982047376236,0.5088982047376236,0.5088982047376236,0.5426939499802362,0.7078158396395355,0.3695713638880573,0.6109474688377828,0.40081854231966735,0.13284797425727243,0.04250780373502283
2014-01-19,0.5552935813483032,0.7361969043244839,0.6747688412877885,1.0,0.5692318363127601,0.5088982047376236,0.5088982047376236,0.5088982047376236,0.7188435099069955,0.38324550047221745,0.6176103369896495,0.40576572089868995,0.1346361323029625,-0.05124987391575617
2014-01-26,0.5455461939709532,0.7292682985454142,0.5447701568948018,0.714510214772132,0.4361564787623103,0.5692318363127601,0.5088982047376236,0.5088982047376236,0.72698284327884,0.39139169870328533,0.6283370187803147,0.41845072011502277,0.13362528272547688,-0.05412082706400268
2014-02-02,0.5195506188663372,0.7129886244053372,0.4391723408904721,0.40284619594964477,0.43208157923102564,0.4361564787623103,0.5692318363127601,0.5088982047376236,0.7285598752238462,0.37120212285314647,0.7069993519118599,0.4384097526762844,0.13254471938402676,-0.009311911748557576
2014-02-09,0.4943953984494073,0.6973684200580424,0.4230212547972878,0.35303776683087024,0.4956813032905426,0.43208157923102564,0.4361564787623103,0.5692318363127601,0.7296112298538502,0.35245465956373184,0.7054672715489305,0.41568695974012987,0.13193472394933717,-0.01784094619506691
2014-02-16,0.4678221506822943,0.6810214982382511,0.392292677178361,0.25889436234263824,0.48357558206356316,0.4956813032905426,0.43208157923102564,0.4361564787623103,0.7263589625093871,0.3229813990556107,0.7039658327932597,0.4270408997672313,0.1314780987953695,0.004177551767426827
2014-02-23,0.4466256300594511,0.6679541507534031,0.399649434601854,0.2807881773399018,0.514827630562424,0.48357558206356316,0.4956813032905426,0.43208157923102564,0.7235977124371787,0.2956133714409268,0.7002064217757614,0.3978392048527502,0.13278523186970437,-0.042691032075626995
2014-03-02,0.41701746632498954,0.6498568213914436,0.3285318815516435,0.09018567639257306,0.4483045072398851,0.514827630562424,0.48357558206356316,0.4956813032905426,0.7241927098376755,0.2803535831200556,0.696597387198963,0.4134021525111678,0.12995833874094287,0.008771511109462612
2014-03-09,0.3952182673372485,0.6364577551005441,0.3450748300647626,0.13315649867374027,0.5213480862448986,0.4483045072398851,0.514827630562424,0.48357558206356316,0.7231817919242101,0.2568697789034355,0.6898916282184834,0.39940092290321744,0.13317911463610393,-0.017291497110060994
2014-03-16,0.372783866817315,0.6226279068557299,0.3169963680055279,0.04880636604774542,0.4843554449534619,0.5213480862448986,0.4483045072398851,0.514827630562424,0.7174455548495176,0.23788011250082952,0.6835882147768326,0.3975140538384336,0.13122712924509722,0.00372276790399215
2014-03-23,0.35573804614449134,0.6120612014996911,0.32472662545458975,0.06684350132626019,0.5141821311563896,0.4843554449534619,0.5213480862448986,0.4483045072398851,0.711328057304604,0.22024685084126688,0.6776630061416808,0.37344450152565345,0.13234603515672785,-0.004600731085936772
2014-03-30,0.34089107758448295,0.6028102047597967,0.31660161684959964,0.1727147450620121,0.5023681375517133,0.5141821311563896,0.4843554449534619,0.5213480862448986,0.7035468777078157,0.21793108994563015,0.6720933100246381,0.37874651346200006,0.12933440055346035,-0.027945041374047238
2014-04-06,0.3218386864329724,0.5908508793265984,0.2691282350461328,0.10898827616152805,0.46923429170359005,0.5023681375517133,0.5141821311563896,0.4843554449534619,0.6943157529894286,0.21962241595980286,0.6635986903296016,0.3895381462530424,0.12449975102252053,0.03712543371900868
2014-04-13,0.3168045343386571,0.5876665970689565,0.35153299877122246,0.25445071645679546,0.561592346595259,0.46923429170359005,0.5023681375517133,0.5141821311563896,0.6870198139911038,0.21723238871353617,0.653013286623926,0.38471027978449873,0.12481764578619878,0.022376148729503692
2014-04-20,0.3191056042080159,0.5891164868330638,0.3977862995535243,0.3447676943117671,0.540657886370011,0.561592346595259,0.46923429170359005,0.5023681375517133,0.6809254231413552,0.20542960371771535,0.6434864232888178,0.36893515984339936,0.12628512051765203,-0.040821994520255166
2014-04-27,0.3100898032855217,0.5833928037811509,0.3224889425300721,0.18150238818931794,0.4509573336236906,0.540657886370011,0.561592346595259,0.46923429170359005,0.6700363930448847,0.2052683010306101,0.6349122462872205,0.38211697305973097,0.12560889700719613,0.018337049620269316
2014-05-04,0.3081517348328021,0.5821455577515916,0.36029722746398085,0.4352678571428568,0.5349249739130161,0.4509573336236906,0.540657886370011,0.561592346595259,0.6632603546877708,0.19929677804484658,0.627195486985783,0.38422101147398907,0.1275817965273922,0.02248494489998588
2014-05-11,0.31300629266168195,0.5852222586678258,0.40559205931303033,0.5907738095238095,0.5408123066761641,0.5349249739130161,0.4509573336236906,0.540657886370011,0.6608457050430362,0.1917599052662221,0.6202504036144891,0.3789727127113963,0.12858567472848137,0.0
2014-05-18,0.3170300198958111,0.5877712549347517,0.40559205931303033,0.5907738095238095,0.5088982047376236,0.5408123066761641,0.5349249739130161,0.4509573336236906,0.6589567327133036,0.18476138054321362,0.6139998285803248,0.3673418146217174,0.13082697223994086,0.0
2014-05-25,0.3203569570373675,0.5898779590450282,0.4055920593130302,0.7708737864077669,0.5088982047376236,0.5088982047376236,0.5408123066761641,0.5349249739130161,0.6580613482756629,0.17826275044327716,0.5577446532728451,0.35289621351681466,0.13191450695778745,0.04777647933858585
2014-06-01,0.3365201026335728,0.600090269917111,0.5047724081809837,0.44483859524654107,0.5767099533835881,0.5088982047376236,0.5088982047376236,0.5408123066761641,0.6595921668303389,0.20551945010316985,0.5587738172391444,0.5045071623201374,0.13451134466546602,-0.0702614242385716
2014-06-08,0.3296184642541392,0.5957392372981067,0.3563896016907987,0.2075203973040083,0.40917235415311876,0.5767099533835881,0.5088982047376236,0.5088982047376236,0.6595748368089653,0.21785013595136632,0.5660404925469863,0.5360132283131933,0.13272667230797416,-0.00010880800837664263
2014-06-15,0.3242130099555462,0.5923198714440279,0.3561960414140716,0.20716566158212146,0.5087437676293047,0.40917235415311876,0.5767099533835881,0.5088982047376236,0.6590838195367107,0.22647190932577715,0.5730165008425145,0.512453837083974,0.13049234617291114,0.012758309072449457
2014-06-22,0.32351308638243725,0.5918745192897128,0.38282779603077577,0.24902447676481007,0.527006764848074,0.5087437676293047,0.40917235415311876,0.5767099533835881,0.6601929409046271,0.23942641660312453,0.5797134688062215,0.4894213751517256,0.13214456237887037,-0.00355163694654646
2014-06-29,0.3221025343763789,0.5909776128751695,0.3754816425951377,0.23731819794253275,0.5038571737693492,0.527006764848074,0.5087437676293047,0.40917235415311876,0.660915025128531,0.2530357817172194,0.5799740764744005,0.47363568251965055,0.1311267414249883,0.009229513896108802
2014-07-06,0.3236230029805276,0.5919398136116417,0.3964864158321092,0.2678254700248315,0.5219981544432498,0.5038571737693492,0.527006764848074,0.5087437676293047,0.6623765235977124,0.258183029453836,0.7404406999351911,0.4701807262570346,0.13296718479365177,0.06041723181880227
2014-07-13,0.3419220064427681,0.6034933788715082,0.5183145005133241,0.418303220738413,0.5946516590461063,0.5219981544432498,0.5038571737693492,0.527006764848074,0.6686557680087805,0.275797614265978,0.7373285806869734,0.4890232696492352,0.13509345459456978,-0.0005029422225414607
2014-07-20,0.35600373744442404,0.6123024780306688,0.5169860587789421,0.41633935585231724,0.5081843515602741,0.5946516590461063,0.5219981544432498,0.5038571737693492,0.6729709433308302,0.2921540144486813,0.73427870382372,0.4691759607657188,0.1344311738369068,0.008815042555919752
2014-07-27,0.3693340441212468,0.6205600044258116,0.5339351181035155,0.45090337784760387,0.5214098727881142,0.5081843515602741,0.5946516590461063,0.5219981544432498,0.676592917797932,0.3090671133623378,0.7312898244977316,0.44950151825848267,0.13507951184177688,-0.0004987780042553619
2014-08-03,0.37921053362232165,0.6266065593411864,0.5324152004199975,0.43336025848142173,0.5081902620611656,0.5214098727881142,0.5081843515602741,0.5946516590461063,0.6823580382415806,0.33159619822404696,0.728360722758263,0.448037173416801,0.13308569819239147,-0.016296507922988892
2014-08-10,0.38168817027132107,0.628068415497858,0.48272400953979544,0.3679321486268174,0.485767687077479,0.5081902620611656,0.5214098727881142,0.5081843515602741,0.686222633007914,0.3469901485521696,0.7254902030535838,0.41982534175815006,0.13157639520255948,0.002633446270223594
2014-08-17,0.38382546188625777,0.6293118359490327,0.4888819093251735,0.37843295638126023,0.5126359978739384,0.485767687077479,0.5081902620611656,0.5214098727881142,0.6890300964704523,0.35731650343936344,0.7226770937429983,0.40056394710581256,0.1320783343031041,-0.011086926361233412
2014-08-24,0.3817332546826183,0.6279701876710461,0.4542119924572158,0.3344103392568659,0.49316192876935483,0.5126359978739384,0.485767687077479,0.5081902620611656,0.6912079024897465,0.3641019684410091,0.7199202466186243,0.3873908179879611,0.13099428527345572,-0.00010228609429455737
2014-08-31,0.37950197249692935,0.6265504344398849,0.4538850710843795,0.3340064620355415,0.5087530245357271,0.49316192876935483,0.5126359978739384,0.485767687077479,0.6933799318352493,0.3435596859993342,0.7172185364367379,0.4086792731697479,0.12983006541524814,0.012806354509991706
2014-09-07,0.3808922542671818,0.6273397839149869,0.48907339242560743,0.6378848728246315,0.5270749583436873,0.5087530245357271,0.49316192876935483,0.5126359978739384,0.693622552134481,0.32962685690852583,0.7145708604584893,0.39110316809084694,0.13241644605833203,0.07319865155557619
2014-09-14,0.40336702461611906,0.6408300774785172,0.6450967708219213,1.0,0.612793021376015,0.5270749583436873,0.5087530245357271,0.49316192876935483,0.7020738258910519,0.33440146568078233,0.7119761379998055,0.42697512375408214,0.13310661232158083,0.009156375285986241
2014-09-21,0.42302506182032457,0.6523947763371071,0.6605353342832103,0.8866085171883014,0.5218943448466742,0.612793021376015,0.5270749583436873,0.5087530245357271,0.7110969903529547,0.3457150425943575,0.5848347375243031,0.4292537474523794,0.13411049052267,-0.013106347505300434
2014-09-28,0.4333088213776412,0.6582423789169667,0.6108602137420142,0.8147768086198052,0.4902956548009165,0.5218943448466742,0.612793021376015,0.5270749583436873,0.7186297729767199,0.35622050687124873,0.5873609850939726,0.40842975343333193,0.132569816339054,0.00769740025104664
2014-10-05,0.4426074957783847,0.6634178627922037,0.6256968335517565,0.8568496664956385,0.5198235424409775,0.4902956548009165,0.5218943448466742,0.612793021376015,0.7268268730864768,0.3609625726295134,0.5898367077122487,0.3909603853744588,0.1327835587393692,-0.14182128972843067
2014-10-12,0.40738410661015867,0.6425585784205609,0.28672364354119695,0.04994388327721662,0.3076035554698253,0.5198235424409775,0.4902956548009165,0.5218943448466742,0.7263589625093871,0.3319441263061497,0.5922629158781593,0.48232498919157357,0.13115225666259933,0.04292323364613863
2014-10-19,0.39080602065950093,0.6326406600192959,0.3682994065744255,0.278338945005612,0.5698214785196074,0.3076035554698253,0.5198235424409775,0.4902956548009165,0.7248743573450408,0.30499842614874073,0.5946405998807517,0.5000333426861707,0.13267201671702597,-0.05266884407665215
2014-10-26,0.3626517054629629,0.615788381397794,0.2904015779426943,0.18843878015475654,0.4341424574443123,0.5698214785196074,0.3076035554698253,0.5198235424409775,0.7205476286754087,0.3022511333656166,0.711147116007777,0.5399501577603216,0.13072003132601925,-0.3585420675556845
2014-11-02,0.25946521175180653,0.5522293209779588,0.05172120489614751,0.0,0.0,0.4341424574443123,0.5698214785196074,0.3076035554698253,0.6997169429842296,0.3323083550777295,0.7082994167206739,0.7407956944716518,0.1240763096202,0.04029234174199518
2014-11-09,0.18715348249914932,0.5053046165373533,0.09377957800120318,0.16315378610460562,0.5660873109336256,0.0,0.4341424574443123,0.5698214785196074,0.6804401825428917,0.3653083173366799,0.6966129358392741,0.7849435164966272,0.13245938973693416,-0.025452063203663066
2014-11-16,0.12725228040524025,0.4643064129927953,0.08353152380222195,0.13036690085870414,0.4727727108464471,0.5660873109336256,0.0,0.4341424574443123,0.6611287620588064,0.3959511394342767,0.6775601648736227,0.7626310252835771,0.12955232577961348,0.025452063203663115
2014-11-23,0.08755952489756771,0.43532307951146487,0.11193357603763693,0.16315378610460562,0.5450236986288002,0.4727727108464471,0.5660873109336256,0.0,0.6426376292530761,0.4243737041141861,0.6596505601659104,0.7315982383642705,0.13714764036354848,-0.025452063203663066
2014-11-30,0.05434947269048751,0.4095464600508276,0.10019158348359702,0.13036690085870414,0.4727727108464471,0.5450236986288002,0.4727727108464471,0.5660873109336256,0.6238056726936629,0.4523691720353202,0.642815531740661,0.7098952136190346,0.13106162876944544,-0.06645329878418041
2014-12-07,0.01927424942861289,0.38095576060964487,0.0718872429279197,0.048594847775175545,0.41457743317318196,0.4727727108464471,0.5450236986288002,0.4727727108464471,0.6025590664895152,0.48279428300986443,0.6269906050209264,0.708681125631732,0.12804650847797971,0.025739988450163367
2014-12-14,0.0,0.362940260139515,0.10147052972128023,0.1292466765140325,0.5454323665489734,0.41457743317318196,0.4727727108464471,0.5450236986288002,0.5815030905204783,0.5139411424672815,0.612115173904376,0.7135110083896696,0.1312289418029603,0.0992688007633521
2014-12-21,0.007737036955070609,0.3653547496717733,0.21372658130605487,0.2498153618906941,0.649795798259424,0.5454323665489734,0.41457743317318196,0.4727727108464471,0.5598752238461094,0.5119718601539206,0.5919573663432897,0.7433364413100223,0.13266504534062953,-0.02698902446150046
2014-12-28,0.01212995252505894,0.36525563397683836,0.1970039741199744,0.2238605898123325,0.4705912183644157,0.649795798259424,0.5454323665489734,0.41457743317318196,0.5366183351626134,0.5101432408629425,0.5734121833870902,0.7023897378828037,0.13202019302395765,-0.004769010528943124
2015-01-04,0.018287216399658246,0.36662898851360304,0.1939974738242366,0.2213354097722406,0.502129289410339,0.4705912183644157,0.649795798259424,0.5454323665489734,0.5139853272485703,0.5086192561147542,0.5563506150673867,0.6528089553635126,0.13042723351736826,-0.052756789884534507
2015-01-11,0.016654347902294808,0.36172060160786307,0.16176965616873662,0.1543702550126533,0.4340176311887751,0.502129289410339,0.4705912183644157,0.649795798259424,0.48889145629946285,0.512095144671784,0.5406539722132596,0.6299762587367739,0.12961506816718155,0.06375080939932201
2015-01-18,0.03116729624492498,0.37008055315783056,0.23620175573456625,0.2761057911536709,0.5993831865280708,0.4340176311887751,0.502129289410339,0.4705912183644157,0.4743804517358905,0.5100541384524382,0.5262130607874625,0.6228229097224751,0.13043071920556648,0.019025892210726886
2015-01-25,0.04976259909100156,0.38218780342012765,0.258477892986436,0.32344428364688865,0.5359026855662692,0.5993831865280708,0.4340176311887751,0.502129289410339,0.4582693085321471,0.506583959431344,0.5129274222757293,0.5831044386122533,0.13082460197196605,0.06374087053873663
2015-02-01,0.08079679185117056,0.4050486131725791,0.3325782226902223,0.5632256040163162,0.5993690797641322,0.5359026855662692,0.5993831865280708,0.4340176311887751,0.4476517821038646,0.4858117245384688,0.5007046348449348,0.5859676403781224,0.13255350331828628,-0.11398178209738832
2015-02-08,0.08487208244803796,0.4059931536460588,0.2431160584635026,0.5335106382978719,0.3471176787379869,0.5993690797641322,0.5359026855662692,0.5993831865280708,0.4484547397608456,0.47244527332534675,0.4894596704086037,0.6077428768002706,0.13024946341925872,0.07938583156489859
2015-02-15,0.10669740124536409,0.42193388591897374,0.3236649713205253,0.8218085106382975,0.6215748215720092,0.3471176787379869,0.5993690797641322,0.5359026855662692,0.4508636127317891,0.46538866525906813,0.47911430312717923,0.631163649733905,0.13083505903656073,0.0
2015-02-22,0.1263684072031052,0.4364282167248725,0.3236649713205253,0.8218085106382975,0.5088982047376236,0.6215748215720092,0.3471176787379869,0.5993690797641322,0.45424296689965904,0.45602014932104956,0.46959656522826865,0.5867593591212474,0.1326476168996384,0.04609110720026709
2015-03-01,0.15390068052748965,0.45775853464759275,0.37238273970885716,1.0,0.5743178132886967,0.5088982047376236,0.6215748215720092,0.3471176787379869,0.4585870255906649,0.43881680974765097,0.3601425793907971,0.5707784311586208,0.13378395125226014,-0.05131452558467234
2015-03-08,0.1666522896966554,0.4670988312082115,0.3252653233520203,0.7682119205298016,0.4360647151417426,0.5743178132886967,0.5088982047376236,0.6215748215720092,0.46175264282825945,0.42003789104251615,0.36257939079714835,0.5636745318594303,0.1319191080662091,-0.05036252494638971
2015-03-15,0.16840763897658295,0.4674395753113378,0.2843347503616589,0.5914416709118698,0.43741594128665195,0.4360647151417426,0.5743178132886967,0.5088982047376236,0.4653341805788227,0.4107661417651743,0.36757070641607253,0.5480088074041074,0.13098145794088623,0.04383026655818334
2015-03-22,0.18043243355253857,0.4764339571224848,0.33113943811533486,0.5975903614457828,0.5711088795315007,0.43741594128665195,0.4360647151417426,0.5743178132886967,0.4697360060077407,0.3934068065614796,0.3723623694102397,0.5288385258179864,0.132009735959363,0.10177809847882063
2015-03-29,0.2135235295551141,0.5031103770345328,0.4332174726027531,0.6631205673758862,0.6533573806178339,0.5711088795315007,0.43741594128665195,0.4360647151417426,0.4747097221419907,0.3758149360601821,0.3769623658846402,0.6187126241129406,0.13618907610903627,-0.03269974838283913
2015-04-05,0.23351010712485112,0.5190263770282282,0.3996834611714001,0.5523049645390067,0.4624856781383163,0.6533573806178339,0.5711088795315007,0.43741594128665195,0.47930217780601925,0.3594796277375487,0.3875176634649384,0.6048950291650894,0.13512594120857727,-0.00013296988251744937
2015-04-12,0.25026617081639757,0.5323582340888923,0.39954583959040213,0.5518617021276596,0.5087094733707337,0.4624856781383163,0.6533573806178339,0.5711088795315007,0.48407371035757607,0.34642948275676544,0.39743964319041863,0.5861071551102235,0.13303801397783974,0.03283271826535654
2015-04-19,0.27165210106003684,0.5494638945259033,0.4344231955151545,0.6631205673758862,0.5554994627038207,0.5087094733707337,0.4624856781383163,0.6533573806178339,0.4922823638149153,0.33421652998239193,0.4067663041323701,0.5601255106149037,0.13487148597010676,0.010624099928712943
2015-04-26,0.29152047316544927,0.5652910057828165,0.4459837667331673,0.6999113475177308,0.5239775660453045,0.5554994627038207,0.5087094733707337,0.4624856781383163,0.4985558315521922,0.32586412345924637,0.4155333654178044,0.5247965109735102,0.13691409925426734,0.046763058533160366
2015-05-03,0.3185214372997273,0.5866436376419369,0.49684732266122,0.8665780141843971,0.575271550263863,0.5239775660453045,0.5554994627038207,0.5087094733707337,0.506250361042112,0.3255402278271969,0.42377440302611263,0.5139528141894194,0.1391519110775286,-0.003042290146924236
2015-05-10,0.33910413689053126,0.6027177181516278,0.49235032950509827,0.855496453900709,0.5045801173103505,0.575271550263863,0.5239775660453045,0.5554994627038207,0.5111778637860319,0.32523946759743655,0.4315209783779224,0.47267478939463287,0.1384722018788745,-0.021808293607962482
2015-05-17,0.3499892728177621,0.6111289647955401,0.45970468402938147,0.7770390070921985,0.4779445106811808,0.5045801173103505,0.575271550263863,0.5239775660453045,0.5196580209115591,0.3180097468162607,0.43880275920862355,0.44794906474430024,0.13779249268022037,0.019856359353959428
2015-05-24,0.3630133676401654,0.6210944691183901,0.4840258882691477,0.8119846069268828,0.5370814126293606,0.4779445106811808,0.5045801173103505,0.575271550263863,0.5259372653226272,0.31521682499785303,0.4456476331894827,0.4234779221941694,0.1401348751494284,0.01008452747802216
2015-05-31,0.3752892901525278,0.6303697755110619,0.4967104342066353,0.8576140736668498,0.5232117215982237,0.5370814126293606,0.4779445106811808,0.5045801173103505,0.5326959736583675,0.3156205551175274,0.4520818147314903,0.39684249440228186,0.14249120037142937,0.001087416285489759
2015-06-07,0.3846802651557747,0.6373566060373023,0.4981559762866343,0.8284054910242873,0.5104416336559116,0.5232117215982237,0.5370814126293606,0.4779445106811808,0.5375714863381665,0.3233466835360436,0.45812994538097745,0.3914039745985088,0.14743042054831598,-0.0010874162854897465
2015-06-14,0.3911788019739734,0.6420983188483016,0.4960537880173108,0.8236536430834213,0.5073547758193356,0.5104416336559116,0.5232117215982237,0.5370814126293606,0.5445439316041822,0.3149074351113331,0.46609912201232684,0.39320031248684595,0.14621391536713502,0.010103525928246013
2015-06-21,0.3980503082066722,0.647054991592626,0.5112628242041505,0.8424700693131696,0.5232386871291519,0.5073547758193356,0.5104416336559116,0.5232117215982237,0.5540061232742186,0.3085326636759011,0.4734307645131683,0.3667714591049555,0.14938589162752092,0.009883974481510158
2015-06-28,0.4051065451793344,0.6520777636867097,0.5265864655647678,0.8947700063011972,0.5229270658517572,0.5232386871291519,0.5073547758193356,0.5104416336559116,0.5622090000577668,0.30913266617569807,0.4801758756139425,0.3634808703938486,0.1511635926086163,0.009904573364331141
2015-07-05,0.4122562752572072,0.6570926786431992,0.5423588672503337,0.8484408992023212,0.5229563029634821,0.5229270658517572,0.5232386871291519,0.5073547758193356,0.5665530587487725,0.31301328497604824,0.48638137782665464,0.3567798422833341,0.15556601680297608,-0.019788547845841293
2015-07-12,0.41207510227780775,0.656727893578521,0.4943578408380078,0.6905349794238689,0.48081124539763154,0.5229563029634821,0.5229270658517572,0.5232386871291519,0.5713765813644504,0.3088476155233144,0.4943342964276574,0.34682306340594327,0.1458026041597443,-0.010103525928246083
2015-07-19,0.40857385100929966,0.6539674591561415,0.47062805407545083,0.6213991769547328,0.49455772234609524,0.48081124539763154,0.5229563029634821,0.5229270658517572,0.575720640055456,0.2992619875170236,0.5014919231685597,0.33384308738788154,0.1433207941626072,0.04051246886584546
2015-07-26,0.41493942350138696,0.6583362176289596,0.5417802315197715,0.877211238293445,0.566399749300775,0.49455772234609524,0.48081124539763154,0.5229563029634821,0.5805903760614638,0.2983118935314393,0.507933787235372,0.33361583868169187,0.14479872595865514,0.0015080334625227646
2015-08-02,0.4193646250241418,0.6612525754068259,0.544334959832786,0.8804100227790435,0.511038638430646,0.566399749300775,0.49455772234609524,0.48081124539763154,0.5850557449020853,0.29782511065868306,0.5137314648955029,0.3270919151243769,0.14810315837057364,0.002431260242465625
2015-08-09,0.42245255524199415,0.6631761179602252,0.5487209282651625,0.8986731001206285,0.5123490242776447,0.511038638430646,0.566399749300775,0.49455772234609524,0.58747039454682,0.2980530027987062,0.5189493747896208,0.3006726384947725,0.14968217512437015,-0.039387239506461454
2015-08-16,0.41410080535523175,0.6569826465630335,0.4453343473627174,0.4957780458383599,0.45299375923961793,0.5123490242776447,0.511038638430646,0.566399749300775,0.5881000519900642,0.2832234860766674,0.5236454936943269,0.3021033941129644,0.1394307661333867,-0.025459685642806363
2015-08-23,0.4005282698900518,0.6471166038603361,0.3891045066441302,0.24366706875753896,0.4727618919051101,0.45299375923961793,0.5123490242776447,0.511038638430646,0.5885448558719888,0.2597643277550195,0.5659105638366817,0.2959631616374591,0.1373044963324687,0.0
2015-08-30,0.3891174143185401,0.638818270556005,0.3891045066441302,0.24366706875753896,0.5088982047376236,0.4727618919051101,0.45299375923961793,0.5123490242776447,0.5880596152735256,0.24778104070393414,0.565097861309138,0.31257897680568514,0.14317788094647993,-0.007803346712557114
2015-09-06,0.37769225877632057,0.6305230228688583,0.37145289833732487,0.1676718938480099,0.4978224914746358,0.5088982047376236,0.4727618919051101,0.45299375923961793,0.5867309803015424,0.23245371459411152,0.5643014128321451,0.29128639098617776,0.13911705419554635,0.018113981812968808
2015-09-13,0.3725126409532899,0.6267301534552683,0.41498836930334504,0.3449939686369122,0.5346083616743355,0.4978224914746358,0.5088982047376236,0.4727618919051101,0.5861995263127492,0.22477937741170606,0.5625122467919637,0.2841405179569129,0.14161977832187278,0.0
2015-09-20,0.36799669953373837,0.6234259587876352,0.41498836930334515,0.24055944055944067,0.5088982047376236,0.5346083616743355,0.4978224914746358,0.5088982047376236,0.585720062388077,0.21765320717090103,0.5607946473933895,0.26656862007913584,0.14368330573522273,0.004994224400927159
2015-09-27,0.3652483302627558,0.6214038460769139,0.42793290327022415,0.2979020979020976,0.5159867783296023,0.5088982047376236,0.5346083616743355,0.4978224914746358,0.5849922014903819,0.214151879694209,0.5591457519707582,0.25114099958117925,0.1480195018538162,-0.004872116824000317
2015-10-04,0.3615530373372003,0.6187057775117251,0.4135688813251237,0.24195804195804282,0.5019829450530102,0.5159867783296023,0.5088982047376236,0.5346083616743355,0.5835538097163653,0.21090064703728073,0.5575628123650322,0.23005787416580525,0.14627317206650486,0.00851068966790861
2015-10-11,0.36036710436306296,0.6178221579383677,0.4378049621934694,0.3851030110935011,0.5209778882252665,0.5019829450530102,0.5159867783296023,0.5088982047376236,0.5820345445092715,0.20312693062122816,0.5560431903435352,0.21981667535988364,0.14685528199560863,-0.013774826204381974
2015-10-18,0.3558218668767436,0.614520716185033,0.39461717333845114,0.20602218700475383,0.4893468467232839,0.5209778882252665,0.5019829450530102,0.5159867783296023,0.5808272196869042,0.19868541042009302,0.5545843532028981,0.21235201693376604,0.1400407615680763,-0.015461993980643554
2015-10-25,0.3483464052227317,0.6091024783282968,0.34950863520844877,0.06287425149700618,0.48695215798206015,0.4893468467232839,0.5209778882252665,0.5019829450530102,0.5793830512390965,0.18369511047573261,0.5531838695478866,0.20897711566371696,0.13441834650433734,-0.021164811192043158
2015-11-01,0.3374058922990023,0.6011524582003317,0.2939783898587607,0.02576687116564513,0.4788578401782578,0.48695215798206015,0.4893468467232839,0.5209778882252665,0.5749927791577608,0.1637231248772168,0.5510232975175927,0.20415390931756788,0.1291201004430334,-0.043456818194069415
2015-11-08,0.31903238967103487,0.587695687436929,0.20284516235447386,0.0,0.44721758546374557,0.4788578401782578,0.48695215798206015,0.4893468467232839,0.5685980012708681,0.16147531137056653,0.5475532289203331,0.2124788598769886,0.12761428314139966,0.0
2015-11-15,0.3047888205699208,0.5771438380321848,0.20284516235447408,0.0,0.5088982047376236,0.44721758546374557,0.4788578401782578,0.48695215798206015,0.5620819132343595,0.1593880559715341,0.5415341341553251,0.19051183441885594,0.1310163148228685,-0.01109859624058531
2015-11-22,0.2915218321723225,0.567194891205605,0.1817286397770198,0.0,0.493145365076586,0.5088982047376236,0.44721758546374557,0.4788578401782578,0.5570157703194502,0.1616033490244596,0.5361169488668179,0.17749375928984673,0.12902250117348307,0.03306304864583184
2015-11-29,0.28888610417018445,0.5651492988885742,0.29240380158903845,0.21385799828913604,0.5558263831065492,0.493145365076586,0.5088982047376236,0.44721758546374557,0.5546011206747156,0.15220831300008186,0.5296208929678029,0.18025421501599276,0.13196442201278605,-0.02196445240524653
2015-12-06,0.28244418963051526,0.5602039914729992,0.2454482275645229,0.0944254835039817,0.47772286602973557,0.5558263831065492,0.493145365076586,0.5088982047376236,0.5512217665068453,0.14348435097744544,0.5239043637766698,0.17543761825101434,0.12927695641195358,0.021964452405246557
2015-12-13,0.2828377485564189,0.5604115274452939,0.31255591821663986,0.2844141069397045,0.5400735434455116,0.47772286602973557,0.5558263831065492,0.493145365076586,0.5491710473109583,0.13273189746521025,0.5188738180884727,0.1742548888354578,0.13038540525898953,0.0508508913511752
2015-12-20,0.29540896662890553,0.5698631739647138,0.4442676870985266,0.7406143344709893,0.5810736331171734,0.5400735434455116,0.47772286602973557,0.5558263831065492,0.5485876032580439,0.12993367345118728,0.4819831497083603,0.19067273388974781,0.13075837389619976,0.0
2015-12-27,0.3056790496212196,0.5775659196615942,0.4442676870985266,0.7406143344709893,0.5088982047376236,0.5810736331171734,0.5400735434455116,0.47772286602973557,0.5480041592051297,0.12733532258102315,0.48282696046662343,0.2021834800939611,0.1310461523138453,0.08129734142807658
2016-01-03,0.3340134016640855,0.5986959072486655,0.6046393667163192,1.0,0.6242879312060927,0.5088982047376236,0.5810736331171734,0.5400735434455116,0.5511408930737681,0.1543433140993642,0.4836538950097213,0.24781530355363207,0.13144700645664134,-0.19081529482750628
2016-01-10,0.3117324043812923,0.582093039308582,0.26872582803847156,0.0,0.23806370647022845,0.6242879312060927,0.5088982047376236,0.5810736331171734,0.5457050430362197,0.1377684640440932,0.5685677252106286,0.3588294593337296,0.12803800339877605,-0.05632294785686727
2016-01-17,0.28292852018684445,0.5602381574546198,0.21595672704531216,0.13856502242152421,0.428955989740944,0.23806370647022845,0.6242879312060927,0.5088982047376236,0.5375714863381665,0.14155724490189026,0.5665923525599481,0.38918223191751206,0.1262010457183108,-0.024674369907967047
2016-01-24,0.2560523816672541,0.5393472588380976,0.195259977002598,0.0636771300448425,0.47387653312513894,0.428955989740944,0.23806370647022845,0.6242879312060927,0.5291259892553868,0.1386654906771742,0.5608904212572909,0.4077642176918193,0.12410963279937506,0.0
2016-01-31,0.23586492413827348,0.5231963300390512,0.195259977002598,0.0636771300448425,0.5088982047376236,0.47387653312513894,0.428955989740944,0.23806370647022845,0.5214025763965109,0.13598029032565212,0.55541656720674,0.3718482381040559,0.12480328475082209,0.0
2016-02-07,0.2211479426848872,0.5110254526057839,0.195259977002598,0.07446808510638264,0.5088982047376236,0.5088982047376236,0.47387653312513894,0.428955989740944,0.5146496447345618,0.139117056072606,0.5501616673182113,0.35379092488420544,0.1271805241020124,0.0
2016-02-14,0.21088466164916952,0.5021790828326087,0.19525997700259823,0.07446808510638264,0.5088982047376236,0.5088982047376236,0.5088982047376236,0.47387653312513894,0.5098261221188839,0.14202976712334886,0.5424935097288918,0.3217301804969858,0.1275918353094031,0.05486208695228831
2016-02-21,0.2152263058591864,0.5051398903421561,0.29391813520358867,0.24157801418439726,0.5867669406115329,0.5088982047376236,0.5088982047376236,0.5088982047376236,0.5071804055225,0.12740551893113977,0.5352854415949313,0.3254801357857879,0.13396715902395892,-0.02422189360267987
2016-02-28,0.21503207337913877,0.5044144781602575,0.2643651529307851,0.1666666666666669,0.47451875728872667,0.5867669406115329,0.5088982047376236,0.5088982047376236,0.5040378949800706,0.11382585989551709,0.5285098575490087,0.31678099423081596,0.13281339623034602,0.03576643967068296
2016-03-06,0.22353938522551609,0.510881364140342,0.3258329212314125,0.2779255319148934,0.5596634526270926,0.47451875728872667,0.5867669406115329,0.5088982047376236,0.5009011611114321,0.10070559559012,0.5221408085458413,0.30968127592860495,0.1343645274785567,-0.05406722127027559
2016-03-13,0.22047509831900503,0.5078379423632633,0.2596127670934403,0.11125886524822716,0.4321576648417804,0.5596634526270926,0.47451875728872667,0.5867669406115329,0.4965571024204263,0.08856132044808905,0.516153902482864,0.3160701508922499,0.12863405608067274,-0.0005911912675884298
2016-03-20,0.21923239301131037,0.5062647409540701,0.2589380623815678,0.10948581560283682,0.5080590949037808,0.4321576648417804,0.5596634526270926,0.47451875728872667,0.49122523251112005,0.07728449353048887,0.5105262107836653,0.309376863841071,0.127713834396341,-0.056410789251744094
2016-03-27,0.20872415631316116,0.4968222661574531,0.19911928412871388,0.0,0.4288313116844492,0.5080590949037808,0.4321576648417804,0.5596634526270926,0.4814337704349836,0.08263324777690313,0.5052361805864185,0.3134757138007364,0.1237296927857684,-0.01990587054205129
2016-04-03,0.19822398236476724,0.48713824883742946,0.18043551052540996,0.0,0.48064472293101196,0.4288313116844492,0.5080590949037808,0.4321576648417804,0.47091444746115185,0.09237180749149547,0.4979631059710022,0.2954978142437897,0.12295587000576216,-0.013494180666106853
2016-04-10,0.1890750935269669,0.4783626142306988,0.16789807169347654,0.0,0.48974518215870294,0.48064472293101196,0.4288313116844492,0.5080590949037808,0.4559528623418636,0.10457341657177917,0.48878247910688966,0.2824495318196829,0.12167662243701313,0.0
2016-04-17,0.18353978077021793,0.47253414702073393,0.16789807169347654,0.0,0.5088982047376236,0.48974518215870294,0.48064472293101196,0.4288313116844492,0.4497949280804112,0.11590348214632835,0.4782141292485412,0.2554846012227864,0.12414797536955555,-0.08467631700144174
2016-04-24,0.16625334938061445,0.4559767288421894,0.09682669570845204,0.0,0.3887125149534391,0.5088982047376236,0.48974518215870294,0.48064472293101196,0.4430304430708797,0.14369916698104335,0.46891398137319457,0.27508065631662976,0.12292798450017633,0.050289446218928266
2016-05-01,0.16315052822901005,0.4518103052391393,0.18536466364844695,0.20027341079972666,0.5802767435867286,0.3887125149534391,0.5088982047376236,0.48974518215870294,0.4389232280053146,0.1695094457561358,0.45481106610667643,0.2858971161073703,0.12405037610000522,-0.004193581588149398
2016-05-08,0.16191824970774926,0.44925929838421674,0.1815192600715972,0.18318523581681484,0.5029460269187724,0.5802767435867286,0.3887125149534391,0.5088982047376236,0.4346715960949685,0.19608582542591052,0.44268255897747083,0.2846488705498921,0.12225176098972046,0.08348918425868701
2016-05-15,0.17800702160925166,0.462741566715481,0.32023800802544966,0.537252221462748,0.6273989326268435,0.5029460269187724,0.5802767435867286,0.3887125149534391,0.4334122812084801,0.18946785765308677,0.43225204284635405,0.30358439045633767,0.12363557920441628,0.07001291701378498
2016-05-22,0.2060535431874057,0.487400246841921,0.4193123466210782,0.8578263841421737,0.6082713355383095,0.6273989326268435,0.5029460269187724,0.5802767435867286,0.4348622263300792,0.17305501996433253,0.3681788723266364,0.32721353758303934,0.1251239680650589,-0.036859028924334354
2016-05-29,0.22214377290650178,0.5013028303828885,0.36994218599620377,0.6862611073137386,0.4565821856555595,0.6082713355383095,0.6273989326268435,0.5029460269187724,0.432684420310785,0.1560694103653515,0.36980557355800386,0.36844926591795624,0.12409569004658214,0.0
2016-06-05,0.2360058472882956,0.5133012863840827,0.36994218599620377,0.9357502799552071,0.5088982047376236,0.4565821856555595,0.6082713355383095,0.6273989326268435,0.43148287216220904,0.22046874256851634,0.44951393389500965,0.9297328019173547,0.12449654418937817,0.030640193349608415
2016-06-12,0.2540324357591683,0.5291310446341031,0.41452938924958804,0.9705716699521264,0.5523874931626359,0.5088982047376236,0.4565821856555595,0.6082713355383095,0.4300329270406099,0.20606214507264953,0.0,0.909615118509961,0.12595704754443496,-0.019927399333477393
2016-06-19,0.2650805326381278,0.538749002941949,0.3847927176557643,0.9429249232486743,0.4806141659495632,0.5523874931626359,0.5088982047376236,0.4565821856555595,0.42996938362890647,0.19405174910311362,0.0,0.874307460508625,0.12461157189991964,-0.04898257575320283
2016-06-26,0.26507970793611,0.5385201883318004,0.31919552205969737,0.897850962880268,0.4393745780285815,0.4806141659495632,0.5523874931626359,0.5088982047376236,0.42806308127780024,0.1798005794512456,0.018576798444588462,0.83378624426985,0.12364255058081272,-0.09515476757306948
2016-07-03,0.24880791589511733,0.523523032723132,0.22267886507585655,0.8163550097683506,0.3738398816786697,0.4393745780285815,0.4806141659495632,0.5523874931626359,0.4249263474091618,0.16091712295446908,0.03641052495139339,0.8193660020464479,0.12121302590664904,0.04528382062516776
2016-07-10,0.24491741930066213,0.51958513975957,0.2859650828559841,0.8541724811610383,0.5731719876633312,0.3738398816786697,0.4393745780285815,0.4806141659495632,0.42408295303564214,0.14186239454140426,0.05353090239792611,0.8045531502173218,0.12518671045262697,-0.11007308544702137
2016-07-17,0.22425253714663285,0.4999076303480116,0.19610498785284253,0.7651409433435669,0.35266550391174223,0.5731719876633312,0.3738398816786697,0.4393745780285815,0.42003928138178026,0.12488054939626274,0.06996646474659753,0.7970223519529884,0.11760533862148484,-0.06323837575129387
2016-07-24,0.19949137564008446,0.47561025033072113,0.15679906777830965,0.7182528607312308,0.41914054781955884,0.35266550391174223,0.5731719876633312,0.3738398816786697,0.41405464733406505,0.1126607446228,0.08574460460132209,0.7631773849733035,0.11321685717991797,-0.09063876862862401
2016-07-31,0.16859391683390593,0.44417912835365503,0.11071714737888394,0.6560145129779515,0.3802496839400693,0.41914054781955884,0.35266550391174223,0.5731719876633312,0.4083935070186586,0.10764687717458409,0.10089161886185767,0.7558456588790357,0.10539148717490002,0.04084752067818684
2016-08-07,0.15197063408873948,0.4257385464137298,0.1564887836819171,0.6833658945018142,0.5668753065121143,0.3802496839400693,0.41914054781955884,0.35266550391174223,0.4021720293455029,0.10299114311552647,0.11543275255197182,0.7202294326310286,0.10691473291752487,0.04979124795043705
2016-08-14,0.1482956577867528,0.41996458687135085,0.21268183590913525,0.7182528607312308,0.579569623760687,0.5668753065121143,0.3802496839400693,0.41914054781955884,0.3975391369649356,0.09530691467377085,0.12939224089448143,0.6842230545470902,0.1135654259997406,0.03512481717000658
2016-08-21,0.1528817620298666,0.4226736698056015,0.2525403068687625,0.7439296678760816,0.5587527630086067,0.579569623760687,0.5668753065121143,0.3802496839400693,0.39097683553809714,0.08562669789471235,0.14279334970329063,0.6449202246189982,0.1149597012790311,-0.027961878790650416
2016-08-28,0.15423136521839362,0.42206611096158286,0.2321187464480805,0.7234161317331845,0.4692103934448998,0.5587527630086067,0.579569623760687,0.5668753065121143,0.3808561030558605,0.07773595449983638,0.15565841415974746,0.6158046167678839,0.11395930876614016,-0.007162938379356227
2016-09-04,0.15623900821742778,0.4221649448227034,0.2268509334587343,0.7182528607312308,0.4987314577593643,0.4692103934448998,0.5587527630086067,0.579569623760687,0.37197157876494713,0.07040883563316581,0.16800887603794604,0.5813888181097353,0.11341554140721688,0.0
2016-09-11,0.1598187683848032,0.42398867105027427,0.2268509334587343,0.23115003808073117,0.5088982047376236,0.4987314577593643,0.4692103934448998,0.5587527630086067,0.3630870544740339,0.06360508239982889,0.17986531944101664,0.5396507307959677,0.11399765133632064,0.0
2016-09-18,0.16458944929469788,0.4271885133758583,0.2268509334587343,0.23115003808073117,0.5088982047376236,0.5088982047376236,0.4987314577593643,0.4692103934448998,0.35300098203454444,0.05728731154030174,0.19124750510796443,0.49644822634757274,0.11642369032228614,-0.021603353907104085
2016-09-25,0.16702968092909365,0.42794265404613496,0.20820636103122458,0.26213080168776365,0.4782353927150724,0.5088982047376236,0.5088982047376236,0.4987314577593643,0.34306510311362715,0.053327191167061874,0.20217440334823433,0.46397823470131366,0.1159949506739043,-0.14939725435883072
2016-10-02,0.15043276653095083,0.40741412415033446,0.11008625818624612,0.0,0.2968505779298396,0.4782353927150724,0.5088982047376236,0.5088982047376236,0.330957194847207,0.06116407649879339,0.21266422565889342,0.4861979812011403,0.11524204202308744,-0.10489957995019542
2016-10-09,0.12689930610614597,0.37776136196886156,0.06410909327272851,0.02034498009730212,0.36000854088780376,0.2968505779298396,0.4782353927150724,0.5088982047376236,0.3197273409970539,0.07551794657792164,0.22273445507712616,0.5019403229568076,0.11212235108567492,0.011960951860061245
2016-10-16,0.1121737638814404,0.35690716966657493,0.07786293364445762,0.04766786263454637,0.5258750325057988,0.36000854088780376,0.2968505779298396,0.4782353927150724,0.30720351221766506,0.0888465402228265,0.23240187531862957,0.4649879863368411,0.11554529689633311,0.15071157567196083
2016-10-23,0.12190452927597745,0.36491074647438254,0.24423047834852163,0.4643533123028391,0.7228113190773453,0.5258750325057988,0.36000854088780376,0.2968505779298396,0.30207960256484323,0.0866490294607775,0.24168259875047282,0.48215641354396027,0.11765413825626,0.09301305811616378
2016-10-30,0.1449963973469989,0.38951505004253617,0.33652910549619997,0.8048946295037387,0.6409166833924905,0.7228113190773453,0.5258750325057988,0.36000854088780376,0.3014846051643464,0.07543126486096725,0.2505920932450424,0.5012105208819271,0.11857784562878998,-0.13387131671141708
2016-11-06,0.14678528959980225,0.38881823114269853,0.24726634516260138,0.3752549286199861,0.3188873834001209,0.6409166833924905,0.7228113190773453,0.5258750325057988,0.29981514643868057,0.06501476916114345,0.2591056383668178,0.5148135681941344,0.1178632795481536,-0.0848707537450844
2016-11-13,0.13982793220290074,0.3772281934140619,0.20439012692141378,0.1312032630863358,0.38843654033643155,0.3188873834001209,0.6409166833924905,0.7228113190773453,0.29493963375888166,0.06371787096298491,0.4644199611147115,0.5094843045638875,0.11685940134706443,-0.0320909964117998
2016-11-20,0.13283658035030413,0.36505999246860427,0.1897279731294606,0.04418762746430989,0.46334971283110526,0.38843654033643155,0.3188873834001209,0.6409166833924905,0.28788053838599736,0.06361288508152686,0.4602929358392741,0.4776836197444258,0.11662495395885172,0.0
2016-11-27,0.12963254031047158,0.3572638708916653,0.1897279731294606,0.7362596135809416,0.5088982047376236,0.46334971283110526,0.38843654033643155,0.3188873834001209,0.2797585350355265,0.10971527690962525,0.4520562022034996,0.7857615603733572,0.11716872131777503,-0.09536113651660884
2016-12-04,0.11901716230200751,0.33920443683469537,0.1478520123185894,0.669292815606828,0.3735469710431152,0.5088982047376236,0.46334971283110526,0.38843654033643155,0.27042343018889725,0.09755174532874868,0.4249328300712897,0.7545881334653168,0.11637398440857943,0.004753259333820709
2016-12-11,0.11362722979189685,0.3273252534424773,0.1520624790338208,0.6866500670369661,0.5156447635392851,0.3735469710431152,0.5088982047376236,0.46334971283110526,0.2614002657269944,0.08625703743222048,0.3994368602670123,0.6954105581256969,0.1169003233265116,0.049785882662532976
2016-12-18,0.11723561517579634,0.3274901932259596,0.19820911197819074,0.7286791723070972,0.5795620085165376,0.5156447635392851,0.3735469710431152,0.5088982047376236,0.25343423256888686,0.07365160428418278,0.37547064865099156,0.6552197066174208,0.12189531451456984,-0.001062134990983423
2016-12-25,0.12239730534512658,0.3299503392906979,0.1976457162449669,0.746233148295004,0.5073906589319518,0.5795620085165376,0.5156447635392851,0.3735469710431152,0.24544509271561435,0.061946559218147776,0.3529424097319321,0.6097195254993548,0.11911373533238528,-0.023385019403998175
2017-01-01,0.1262957074402725,0.3307827077320985,0.1848197772860828,0.7289849325931802,0.4757065782331524,0.5073906589319518,0.5795620085165376,0.5156447635392851,0.23758881635954018,0.05107758879968678,0.33176586514801615,0.5671137005914444,0.11760791803075152,0.0
2017-01-08,0.13169806576872845,0.3339317428192288,0.1848197772860828,0.7289849325931802,0.5088982047376236,0.4757065782331524,0.5073906589319518,0.5795620085165376,0.23377043498353653,0.0409849734111158,0.3118599132391352,0.5198156150822792,0.11865711017841762,0.0
2017-01-15,0.1382171720483139,0.33895180970532823,0.1848197772860828,0.7289849325931802,0.5088982047376236,0.5088982047376236,0.4757065782331524,0.5073906589319518,0.23244757668534458,0.03161325912172848,0.2931483184447871,0.4758959642523401,0.12025355537320526,0.010550618632456888
2017-01-22,0.14667471753102135,0.3471570607389592,0.19797310555527198,0.7367168913560665,0.5238732700557114,0.5088982047376236,0.5088982047376236,0.4757065782331524,0.23107850499682284,0.021800726418847935,0.27555941933809985,0.4411595956952558,0.12150491743636849,0.0936942354720768
2017-01-29,0.16606532520851525,0.37210408942453715,0.31156994906656144,0.8090800951625694,0.6418835153625724,0.5238732700557114,0.5088982047376236,0.5088982047376236,0.2281035179943389,0.016892781070836124,0.0,0.4353119082893491,0.12210097011826518,-0.06086968982403329
2017-02-05,0.17612130219977648,0.3838069498218821,0.26155407754197246,0.8013355592654423,0.42250255223981553,0.6418835153625724,0.5238732700557114,0.5088982047376236,0.2211484027496968,0.0123354032476823,0.005289695398574205,0.41885655430869223,0.1218095003568177,0.005194816877104151
2017-02-12,0.18636363831736422,0.39618824099800765,0.26763372277722886,0.9458466062239648,0.5162714901116988,0.42250255223981553,0.6418835153625724,0.5238732700557114,0.21795967881693726,0.008470216474988967,0.010473596889176926,0.38392654859682507,0.12237766753312859,-0.07390870942515584
2017-02-19,0.18802893024134537,0.39600979446705575,0.21292075475576144,0.8784611614800294,0.40399556444954904,0.5162714901116988,0.42250255223981553,0.6418835153625724,0.2152561954826411,0.0,0.015553820349967593,0.3741646596295638,0.12197332770213434,0.0
2017-02-26,0.190978188318307,0.3978279770919647,0.21292075475576144,0.8784611614800294,0.5088982047376236,0.40399556444954904,0.5162714901116988,0.42250255223981553,0.21329212639362258,0.03859105533718481,0.2644847699287103,0.6594059899131173,0.12227184552511863,-0.0722857946839966
2017-03-05,0.1876062927695347,0.38991153692262004,0.1659702503467705,0.8172016662582701,0.4062990553728001,0.5088982047376236,0.40399556444954904,0.5162714901116988,0.20988388885679624,0.028185683682051585,0.25919507453013607,0.6277441434518867,0.12194281398764706,-0.007826650428111911
2017-03-12,0.18585532880179825,0.3842543854789791,0.1612643609473161,0.8108306787552071,0.49778941524709464,0.4062990553728001,0.5088982047376236,0.40399556444954904,0.20838773034486743,0.019118389038004543,0.25401117303953336,0.5909639803700588,0.12099470679772953,0.13016368534552306
2017-03-19,0.19957284393614277,0.40315128248906396,0.31383259929603213,0.9235481499632442,0.6936465837659282,0.49778941524709464,0.4062990553728001,0.5088982047376236,0.209450638322454,0.01368676309385837,0.2489309495787427,0.5850856815785606,0.12273057952044619,0.04715899714425537
2017-03-26,0.2171428406343404,0.4285629292556795,0.364320688995021,0.968145062484685,0.575833527411332,0.6936465837659282,0.49778941524709464,0.4062990553728001,0.2105077696262492,0.010405737571779802,0.0,0.5702912721923865,0.12717134628498647,0.09987854669849845
2017-04-02,0.24432847768028274,0.4691836427409919,0.4637358970715797,0.9499564838990426,0.6506612437393853,0.575833527411332,0.6936465837659282,0.49778941524709464,0.21398532724857025,0.014558016629298856,0.005121192482177576,0.5801158644875342,0.12799048301156962,-0.03211819011976087
2017-04-09,0.26260470573246314,0.49612064617683826,0.42810053863981545,0.9199303742384681,0.46331111532633856,0.6506612437393853,0.575833527411332,0.6936465837659282,0.21716827450753853,0.01799450192458897,0.016830797148412183,0.5696775802134832,0.1268471772825514,0.0
2017-04-16,0.2777183636193688,0.5182997109679738,0.42810053863981545,0.9199303742384681,0.5088982047376236,0.46331111532633856,0.6506612437393853,0.575833527411332,0.22035122176650682,0.02118552398450123,0.028072017627997402,0.522196360445601,0.1272968310601226,0.10156904192156403
2017-04-23,0.303368637375137,0.555917617924133,0.5271558883314129,0.9564684242795831,0.6530606553063474,0.5088982047376236,0.46331111532633856,0.6506612437393853,0.22614522557911157,0.03219635017649895,0.03886358928839922,0.5372345872140489,0.12873990597418827,-0.02619480869825092
2017-04-30,0.32026508115388597,0.5802761964179022,0.49285470509202467,0.9317392192928674,0.4717184918775279,0.6530606553063474,0.5088982047376236,0.46331111532633856,0.23101496158511928,0.04242068878335391,0.05555834554483473,0.5036295677115714,0.128011397140759,-0.030737386387198213
2017-05-07,0.3296146010511588,0.5935981174010632,0.45452249061051786,0.9035356631923156,0.46527096496235654,0.4717184918775279,0.6530606553063474,0.5088982047376236,0.23297903067413792,0.04318523581816451,0.07125141642588412,0.5066568667041891,0.12403422690658283,0.008334320119570826
2017-05-14,0.33805019177658296,0.6055081323975873,0.4632329848535953,0.9110974862047823,0.5207275573585668,0.46527096496235654,0.4717184918775279,0.6530606553063474,0.2365490150771186,0.043895172350488634,0.08600290305407053,0.49124052280347225,0.12612215413732036,-0.021998846103047694
2017-05-21,0.34176429291419064,0.6107069985359206,0.43474687845073323,0.8912732474964234,0.4776740491888426,0.5207275573585668,0.46527096496235654,0.4717184918775279,0.23944312864652537,0.06956411291770369,0.31710952689565775,0.8457413720665119,0.12573872843551548,0.030264279062954376
2017-05-28,0.3484760895758225,0.6200311993782734,0.46909567568084864,0.9186593092172491,0.5518539376250176,0.4776740491888426,0.5207275573585668,0.46527096496235654,0.24469990179654558,0.06687548803755154,0.3107673363577446,0.7906336387362749,0.1271783176613829,0.09904472868172019
2017-06-04,0.36720413668913277,0.6456172617881253,0.5706643543586374,0.9729464810821408,0.6494777605997103,0.5518539376250176,0.4776740491888426,0.5207275573585668,0.25266015828086186,0.06898495115925425,0.0,0.7843638338371528,0.1333619285250363,-0.009311808175501398
2017-06-11,0.38013776351855494,0.662775362642371,0.5557456347492157,0.9639286414428544,0.4956814502973993,0.6494777605997103,0.5518539376250176,0.4776740491888426,0.26179885621858934,0.0709437383436924,0.006611795204147763,0.7349739231061245,0.13144828570421008,-0.09598154605982072
2017-06-18,0.3765979142381878,0.6578033012470554,0.42544790331130344,0.8757106449715742,0.3726663901258046,0.4956814502973993,0.6494777605997103,0.5518539376250176,0.2684882444688348,0.06815953388968214,0.01309135450421257,0.7214766252848455,0.12941612948464418,0.028469317616527528
2017-06-25,0.3770835820625348,0.6582065794858156,0.455110463929979,0.9009998039600079,0.5493062514807187,0.3726663901258046,0.4956814502973993,0.6494777605997103,0.2732655536941828,0.0655742011823869,0.019441322618276084,0.6746225460241702,0.1303642366745617,0.0
2017-07-02,0.3769541642572054,0.6577937691523654,0.455110463929979,0.9009998039600079,0.5088982047376236,0.5493062514807187,0.3726663901258046,0.4956814502973993,0.2769915082895269,0.06701822303634734,0.025664291370058323,0.6553887583181215,0.1306774780444953,0.03904495960951192
2017-07-09,0.3816831587748757,0.6637438365476854,0.4983931549643571,0.9368751225249952,0.5643168338117355,0.5088982047376236,0.5493062514807187,0.3726663901258046,0.27937727456530537,0.0664299760264833,0.03176280074680492,0.6181455209778131,0.13118290283323814,0.14324033310944453
2017-07-16,0.4062979325375908,0.6950018345802201,0.631974448905187,0.9969269703543023,0.7122069792487048,0.5643168338117355,0.5088982047376236,0.5493062514807187,0.2868118537346196,0.0734114115534366,0.03773933993601658,0.6341546842703496,0.13243426489640137,0.012433712754605673
2017-07-23,0.42675316390574225,0.7197796576641055,0.6420734551347183,0.9069351957121975,0.5265460476872084,0.7122069792487048,0.5643168338117355,0.5088982047376236,0.2946450233955288,0.085789056268104,0.0505706607002091,0.6391508617290773,0.1358502393306631,-0.029256197601147876
2017-07-30,0.4370063662716704,0.7312235718696738,0.5916966979261485,0.8807860971252234,0.4673732965499364,0.5265460476872084,0.7122069792487048,0.5643168338117355,0.2989370920224136,0.09078643601395177,0.07147809312559772,0.6337428668358442,0.1333440295161384,0.06565582038472922
2017-08-06,0.4545827268577447,0.7508572079238647,0.6485173797101852,0.9405554653240215,0.6020870719524182,0.4673732965499364,0.5265460476872084,0.7122069792487048,0.3060539541332101,0.0991546162799886,0.09113107960546302,0.6144059740364607,0.1346407055258786,-0.06565582038472911
2017-08-13,0.45622423947124624,0.7512263733360709,0.5434335753187114,0.8807860971252234,0.41570933752282924,0.6020870719524182,0.4673732965499364,0.5265460476872084,0.31184218127202357,0.10414724599740917,0.10960488689653639,0.6046303925831282,0.13171272743936852,-0.03451852743284086
2017-08-20,0.45073049406118865,0.7433547510332823,0.4961486849983886,0.8509014130258242,0.45990418637733477,0.41570933752282924,0.6020870719524182,0.4673732965499364,0.31635376350297506,0.10732363317647715,0.1269702657501454,0.5710127527953193,0.12542106024157013,-0.0003818251287320738
2017-08-27,0.44501872173701285,0.7354052254336241,0.4956273699584255,0.486320491345617,0.5083562596212244,0.45990418637733477,0.41570933752282924,0.6020870719524182,0.32141412974409334,0.10597918240187852,0.14329372187253783,0.5467316791659067,0.12479015067769117,-0.07677011034795875
2017-09-03,0.42796923166647455,0.714514808595216,0.40041576609763607,0.2298173246906305,0.39993422290997416,0.5083562596212244,0.45990418637733477,0.41570933752282924,0.3234648489399803,0.10259249817593473,0.15863777062758672,0.535299240652622,0.11992761564116552,-0.05444529960573545
2017-09-10,0.406023830606984,0.6879956415061904,0.34552395889330734,0.07455621301775138,0.4316210377523083,0.39993422290997416,0.5083562596212244,0.45990418637733477,0.32132747963722497,0.09354677605217133,0.17306117645733268,0.5229051212560423,0.11685323865032995,0.02981454077248405
2017-09-17,0.39204559626199126,0.6709223777413378,0.3781184837754836,0.15978773584905667,0.5512155996743764,0.4316210377523083,0.39993422290997416,0.5083562596212244,0.3202587949858472,0.08439684996327161,0.18661917793729388,0.5028605346577022,0.11878779560034552,-0.015761774653991156
2017-09-24,0.3782546780186131,0.6540909908795817,0.36161249418237595,0.11615566037735843,0.48652666301149317,0.5512155996743764,0.4316210377523083,0.39993422290997416,0.3213621396799723,0.07639067271905763,0.1993636993284574,0.47775696897996595,0.11217544508831032,0.12306461241888533
2017-10-01,0.38472269550842203,0.6616100367993004,0.4909024583261157,0.47582547169811323,0.6835704844889409,0.48652666301149317,0.5512155996743764,0.4316210377523083,0.3252440644676795,0.078432777443263,0.21134354943615113,0.4966807514496571,0.11334663632291433,-0.023236763210417177
2017-10-08,0.38566319425676654,0.662454869544548,0.46204052559792985,0.40448113207547165,0.4759170062905041,0.6835704844889409,0.48652666301149317,0.5512155996743764,0.3284270117266478,0.08032901754431086,0.22260460853738326,0.4774423639426552,0.11250309977894357,0.0
2017-10-15,0.38579235210762597,0.6623299478511653,0.46204052559792985,0.8359590709761247,0.5088982047376236,0.4759170062905041,0.6835704844889409,0.48652666301149317,0.3305528276818208,0.1130626448022976,0.3990278677900194,0.8941906671811852,0.1133048080645356,-0.07418270107459626
2017-10-22,0.37454833978328234,0.6487643844022963,0.37550385622287097,0.7761897027773266,0.4036066732394774,0.5088982047376236,0.4759170062905041,0.6835704844889409,0.32630119577147476,0.10358320637773015,0.391047310434219,0.8681648604208572,0.1109136259605524,-0.010517555934282472
2017-10-29,0.36379919323649496,0.6357832477184602,0.3645089952488102,0.8166119841132793,0.4939700671004616,0.4036066732394774,0.5088982047376236,0.4759170062905041,0.3213621396799723,0.09349734039845846,0.38322636422553463,0.8238145206090222,0.10938340884153108,0.0
2017-11-05,0.35501895948598666,0.6251437090934088,0.3645089952488102,0.8166119841132793,0.5088982047376236,0.4939700671004616,0.4036066732394774,0.5088982047376236,0.31735312806885796,0.0879898740317042,0.3755618369410239,0.7982809581936685,0.10960143166695371,-0.028527403675229483
2017-11-12,0.3440012387501363,0.6117500436711555,0.3328041713349229,0.7936453116905544,0.46840771330067366,0.5088982047376236,0.4939700671004616,0.4036066732394774,0.3104500028883369,0.07977642960042496,0.3680506002022035,0.7462965118806406,0.1081234998709058,0.0
2017-11-19,0.3352362013413745,0.6010208159253353,0.3328041713349229,0.8512687534728653,0.5088982047376236,0.46840771330067366,0.5088982047376236,0.4939700671004616,0.3056726936629889,0.07214965977137998,0.36068958819815944,0.6861996541365329,0.10954217496758387,0.05090157276603703
2017-11-26,0.3353377334587751,0.6011446444813218,0.4017826052197049,0.9071468767585819,0.5811455679983788,0.5088982047376236,0.46840771330067366,0.5088982047376236,0.30334469412512277,0.06769957823004856,0.35347579643419624,0.6535131163336092,0.11062273830903402,-0.036643392138980914
2017-12-03,0.3303068146325293,0.5949519411483086,0.35548082972012496,0.8745075970737197,0.4568882506417127,0.5811455679983788,0.5088982047376236,0.46840771330067366,0.30002310669516496,0.06160816693255823,0.3464062805055123,0.62138304759665,0.10840932630316033,-0.10985125509852701
2017-12-10,0.31223896289831665,0.5724368338961312,0.24792122170287223,0.7835302945038454,0.3529803597580162,0.4568882506417127,0.5811455679983788,0.5088982047376236,0.29613540523366644,0.05076344943850293,0.33947815489540206,0.6209785779162174,0.10550226234583965,0.010952490436767999
2017-12-17,0.299654285882769,0.5564285872226334,0.26192787243517535,0.7921590695929469,0.5244436685061438,0.3529803597580162,0.4568882506417127,0.5811455679983788,0.293998035930911,0.04069335462259442,0.33268859179749405,0.5741008818917548,0.1083256697864029,0.031926281409136434
2017-12-24,0.2941637926839926,0.5492638306716402,0.3038001186497047,0.8178578127930969,0.554212907706291,0.5244436685061438,0.3529803597580162,0.4568882506417127,0.29184911328057306,0.03325053519190237,0.32603481996154415,0.543553063256166,0.10963977423713422,0.10774299639625429
2017-12-31,0.3047674567693346,0.5627389708386739,0.4325945464017823,0.9108985181016696,0.6618236837836506,0.554212907706291,0.5244436685061438,0.3529803597580162,0.2929928946912368,0.033339829456392536,0.3195141235623133,0.5463071952652525,0.11244575323670636,0.12924917274402759
2018-01-07,0.33293594002885757,0.5981991159421134,0.5578614349440755,1.0,0.6923485664250797,0.6618236837836506,0.554212907706291,0.5244436685061438,0.29448327652937434,0.04110277574564124,0.0,0.5600677904551437,0.11891519053261432,-0.09027402262444607
2018-01-14,0.34108244631925355,0.6082789537151398,0.44838283108835153,0.9136807817589577,0.38076738772857255,0.6923485664250797,0.6618236837836506,0.554212907706291,0.29391716249783373,0.04831122587137214,0.007162670123136745,0.555685048918156,0.1156107581206958,0.00019803941048980359
2018-01-21,0.34739455328733204,0.6160161920652991,0.448566569542863,0.6474074074074077,0.5091792928151053,0.38076738772857255,0.6923485664250797,0.6618236837836506,0.2933568251400843,0.05327036852236859,0.014182086843810756,0.5351662367313359,0.1188210769512622,0.037696322614184985
2018-01-28,0.35782810214743,0.6286675627525296,0.4847118103782315,0.766140602582496,0.5624026401706838,0.5091792928151053,0.38076738772857255,0.6923485664250797,0.29604297845300687,0.062369087578229024,0.021061115230071287,0.536385487416817,0.12318515857544149,-0.03769632261418489
2018-02-04,0.36005228771689823,0.6312819296050824,0.43974190801706337,0.6269727403156383,0.45539376930456354,0.5624026401706838,0.5091792928151053,0.38076738772857255,0.29789729073999194,0.07061583017252691,0.03465807437977964,0.5094207673465603,0.12109723134470396,0.0
2018-02-11,0.36147904528846553,0.6329177929107302,0.43974190801706337,0.6269727403156383,0.5088982047376236,0.45539376930456354,0.5624026401706838,0.5091792928151053,0.2997516030269771,0.07438488516733545,0.04771115516349967,0.4834929568927711,0.12219522312714523,-0.01355682644727979
2018-02-18,0.3602809459252177,0.6314016636357678,0.42294024582072687,0.5781922525107603,0.4896562656034138,0.5088982047376236,0.45539376930456354,0.5624026401706838,0.30198139911039223,0.07788472194822911,0.0602421127158709,0.4503478863653208,0.12152597099308579,-0.005837963233888031
2018-02-25,0.35817777430907044,0.6288108307692406,0.4154842045784265,0.5573888091822096,0.5006120668534311,0.4896562656034138,0.5088982047376236,0.45539376930456354,0.3040436716538618,0.0787452752815964,0.07227183196614728,0.42775042559306947,0.11954958578469149,0.03842056706451672
2018-03-04,0.3618952704775753,0.6331789048066606,0.4620600505932898,0.6965566714490673,0.5634305996039455,0.5006120668534311,0.4896562656034138,0.5088982047376236,0.30584021720293453,0.08158229239300428,0.0838203624464126,0.4076562109788154,0.12204185284642327,0.0
2018-03-11,0.3644709980881525,0.6361492120829199,0.4620600505932898,0.9240574506283662,0.5088982047376236,0.5634305996039455,0.5006120668534311,0.4896562656034138,0.30864190399168157,0.11804783441341372,0.3609850939727803,0.8293892394290483,0.12327578646859536,-0.0581989669134203
2018-03-18,0.35763319038881686,0.6279451597244228,0.38050959140814433,0.8718132854578098,0.42629325413381713,0.5088982047376236,0.5634305996039455,0.5006120668534311,0.31256426549592753,0.10944217250326992,0.3537653920933247,0.8151941547982768,0.12193728220047648,-0.09883781139061447
2018-03-25,0.3386551453158667,0.6051298966333819,0.27703830987664235,0.7897666068222621,0.36861233781053615,0.42629325413381713,0.5088982047376236,0.5634305996039455,0.31358096008318415,0.09986910356220931,0.3466900842514582,0.7908098178882497,0.1205081500392037,-0.02439145312415924
2018-04-01,0.3206218666025453,0.5830953807361727,0.2560714603497807,0.7707360861759425,0.4742780922625408,0.36861233781053615,0.42629325413381713,0.5088982047376236,0.3131939229391716,0.08913043957821663,0.33975628256642904,0.7438936477215035,0.11900233273756997,0.0067324688422705685
2018-04-08,0.3074727870295204,0.5667374213337526,0.2650245725107727,0.7759425493716338,0.5184539629521081,0.4742780922625408,0.36861233781053615,0.42629325413381713,0.3101091791346543,0.07563403221202573,0.3329611569151005,0.723713062356981,0.12070334857830439,0.031878837925646546
2018-04-15,0.3015385203694775,0.5592086666873922,0.30857048132757137,0.8010771992818672,0.5541455685967156,0.5184539629521081,0.4742780922625408,0.36861233781053615,0.30396279822078454,0.06562509856997163,0.32630193377679845,0.686746540124634,0.12341521399652441,-0.08974523567491936
2018-04-22,0.2860665093884696,0.5393707264269514,0.22788139005972963,0.7323159784560143,0.3815179237288176,0.5541455685967156,0.5184539629521081,0.4742780922625408,0.29835942464329035,0.05302377696119838,0.3197758951012625,0.6649573833874487,0.12091946124659442,0.0
2018-04-29,0.274471868276085,0.5240772683550762,0.22788139005972963,0.7323159784560143,0.5088982047376236,0.3815179237288176,0.5541455685967156,0.5184539629521081,0.29275027439200507,0.041322549753051815,0.3133803771992372,0.6111150343014156,0.12290630351958337,-0.021810034268824677
2018-05-06,0.2634798731389656,0.5091844285735723,0.2099894540839749,0.7754031474645424,0.47794204006680113,0.5088982047376236,0.3815179237288176,0.5541455685967156,0.2855121021315926,0.030913143655064104,0.30711276965525247,0.5684984443750705,0.12177345485515984,-0.020760239255778933
2018-05-13,0.25326034543695725,0.49491137803829255,0.19326204408266223,0.7594715368175637,0.47943207107243346,0.47794204006680113,0.5088982047376236,0.3815179237288176,0.27892091733579805,0.02266797492931151,0.30097051426214744,0.530526351857141,0.11975872707658505,0.006120906638854489
2018-05-20,0.24685493321756644,0.485449342474868,0.20262524412030125,0.7641344472508257,0.5175859395440724,0.47943207107243346,0.47794204006680113,0.5088982047376236,0.272468372710993,0.015011746826826974,0.2949511039769045,0.4879755887615193,0.12042797921064452,-0.17487414795173603
2018-05-27,0.22440181364981077,0.4531448468478431,0.09092177044167155,0.6415387604429766,0.26068984092034664,0.5175859395440724,0.47943207107243346,0.47794204006680113,0.2627635607417249,0.01686214568693288,0.28905208189736636,0.502435074186329,0.1189674758555877,0.15743333654144898
2018-06-03,0.2244653371219027,0.4518499222621486,0.26952759328020903,0.7509228676899165,0.7323518788852313,0.26068984092034664,0.5175859395440724,0.47943207107243346,0.2564785396568655,0.020864190143324593,0.283271040259419,0.5244864148497375,0.12067546307271856,-0.01775040078971998
2018-06-10,0.22376058663418297,0.44941738060743264,0.2568267848261534,0.7764826175869121,0.4837040980687907,0.7323518788852313,0.26068984092034664,0.5175859395440724,0.24868003003870373,0.024580374281402625,0.2776056194542307,0.48707952745682065,0.11810999655882404,-0.0023731059258333617
2018-06-17,0.22418320950386472,0.44857749116469736,0.25506425108012654,0.37136337706788375,0.5055299267736403,0.4837040980687907,0.7323518788852313,0.26068984092034664,0.24082953035642082,0.027074703662539848,0.2720535070651461,0.4541228442262136,0.11563515793808338,0.04868959090172169
2018-06-24,0.23126073806888228,0.45753079815205144,0.3115517894720776,0.5178791615289766,0.5780059821546969,0.5055299267736403,0.4837040980687907,0.7323518788852313,0.23575183409392866,0.025461422900759326,0.2666124369238431,0.448594009040638,0.11953564303189859,-0.04868959090172174
2018-07-01,0.23244379613639876,0.45797991393284365,0.270573550964759,0.4562018220042047,0.43979042732055024,0.5780059821546969,0.5055299267736403,0.4837040980687907,0.23222228640748652,0.02396337647910597,0.2643551523007129,0.4265663961287109,0.11900930411396643,-0.03930519401841564
2018-07-08,0.23024967920986625,0.4534028469190345,0.24058250195054764,0.35388927820602667,0.4531102108511623,0.43979042732055024,0.5780059821546969,0.5055299267736403,0.22846167176939522,0.03159354532393506,0.25906804925469856,0.4334088379247149,0.1169910906471934,-0.14322757832178845
2018-07-15,0.21551547132118679,0.42952118284781016,0.15557977101615772,0.032967032967032996,0.3056075337885156,0.4531102108511623,0.43979042732055024,0.5780059821546969,0.2217260701288198,0.04188978213457141,0.2538866882696046,0.4431412727832115,0.1153737313232164,-0.1668524688558039
2018-07-22,0.1911534910430312,0.3890663379764923,0.09061172492110225,0.0668656716417911,0.27207544517797577,0.3056075337885156,0.4531102108511623,0.43979042732055024,0.2113800473687251,0.060538511705463,0.2488089545042125,0.45778012717111366,0.1111107346567857,0.017811231522509807
2018-07-29,0.17507575615425314,0.35965061031212886,0.10599039899276463,0.10491803278688532,0.5341786517651225,0.27207544517797577,0.3056075337885156,0.4531102108511623,0.20352377101265093,0.07785518916414803,0.24383277541412826,0.42691625824662854,0.11264792315220348,0.0
2018-08-05,0.16427139691736722,0.3374158344840849,0.10599039899276463,0.10526315789473695,0.5088982047376236,0.5341786517651225,0.27207544517797577,0.3056075337885156,0.1956674946565767,0.08774805034361062,0.2389561199058457,0.41381693318781615,0.11324049014590196,-0.007012392640050346
2018-08-12,0.1571674203840598,0.32036942482274544,0.1032386173466125,0.09276315789473685,0.4989451354931542,0.5088982047376236,0.5341786517651225,0.27207544517797577,0.18820980879209756,0.09767929017700862,0.23417699750772877,0.4025424160217553,0.10930863385830272,-0.05755064761630501
2018-08-19,0.14919259296218537,0.30073101352675197,0.08120452970599096,0.0,0.42721344887874063,0.4989451354931542,0.5088982047376236,0.5341786517651225,0.18035353243602334,0.10950319762369319,0.22949345755757422,0.38042546370611263,0.1091518371460819,-0.11064887395409438
2018-08-26,0.13724217207336092,0.2723120521734357,0.045581182350002525,0.0,0.35184825605138476,0.42721344887874063,0.4989451354931542,0.5088982047376236,0.17081624400670095,0.125728531606925,0.22490358840642272,0.3766930740423392,0.10730093671282376,-0.02125855079287495
2018-09-02,0.12870226331650675,0.24847127056294777,0.03948392643807236,0.0,0.47872479047811706,0.35184825605138476,0.42721344887874063,0.4989451354931542,0.16464675639766627,0.1417434263877294,0.22040551663829427,0.3472643425802966,0.10684431155885613,-0.10565897857602453
2018-09-09,0.11779710495655749,0.21801462981471437,0.012013604829413382,0.0,0.3589306852264046,0.47872479047811706,0.35184825605138476,0.42721344887874063,0.1539310265149327,0.16108907968743968,0.21599740630552836,0.33558655934689285,0.106457400168853,0.12691752936889944
2018-09-16,0.11963341058538043,0.2121611377105233,0.11939532629708893,0.13146447559207342,0.6890391385083491,0.3589306852264046,0.47872479047811706,0.35184825605138476,0.14517936572121773,0.16699615377475802,0.2116774581794178,0.335946090383043,0.10715453780849826,-0.05679759839313319
2018-09-23,0.11982016576185348,0.20252587755637336,0.10021876850802325,0.07056549057515694,0.4282822924885401,0.6890391385083491,0.3589306852264046,0.47872479047811706,0.13575183409392874,0.17369827255430226,0.20744390901582946,0.3163631639273601,0.10497249699640862,0.03553904760025837
2018-09-30,0.1246639060327189,0.20277427555923505,0.13040873592739022,0.1230093355299285,0.5593407027272007,0.4282822924885401,0.6890391385083491,0.3589306852264046,0.12568309167581304,0.17992166856387903,0.20329503083551287,0.29391113721061096,0.1052098967625252,0.0
2018-10-07,0.13082550995648287,0.20626935577281563,0.13040873592739022,0.13333333333333325,0.5088982047376236,0.5593407027272007,0.4282822924885401,0.6890391385083491,0.11670614060424006,0.1770234214800428,0.1992291302188026,0.29377983102686195,0.10760456455470666,-0.09133420905469082
2018-10-14,0.1322604802465845,0.19926193156763083,0.0965556978583077,0.021641791044776062,0.3792626076208522,0.5088982047376236,0.5593407027272007,0.4282822924885401,0.1074461325168968,0.17735522573996332,0.19524454761442656,0.28334385877762064,0.10702942600199933,-0.14035063940942907
2018-10-21,0.1278753665419647,0.17795435114233366,0.05574817396569137,0.017045454545454437,0.30969092923948904,0.3792626076208522,0.5088982047376236,0.5593407027272007,0.09945121598983309,0.18557346102094663,0.191339656662138,0.28218907456198367,0.10476372867315226,-0.04148060112071876
2018-10-28,0.1246692609585352,0.15798451341416303,0.045509634582705516,0.0,0.45002253755111477,0.30969092923948904,0.3792626076208522,0.5088982047376236,0.09384206573854775,0.1944801453618782,0.18751286352889526,0.2616445691382024,0.10405613396891233,-0.15424872384910263
2018-11-04,0.11743466234178146,0.12592071199951704,0.013048129836201183,0.006476683937823812,0.28996462412595214,0.45002253755111477,0.30969092923948904,0.3792626076208522,0.0865519034140142,0.2093669973613287,0.18376260625831736,0.2594612229128696,0.10297208493926396,0.06445272473238775
2018-11-11,0.11704544287704838,0.10972768841399516,0.05668600978801941,0.07062706270627053,0.6003794530340073,0.28996462412595214,0.45002253755111477,0.30969092923948904,0.07982207844723008,0.2231905027893899,0.180087354133151,0.2453415012764848,0.10407704809810167,-0.13334755219749506
2018-11-18,0.11353421348284959,0.08349699849707404,0.02931024707565949,0.0,0.3196307907850822,0.6003794530340073,0.28996462412595214,0.45002253755111477,0.07208133556698051,0.23866718876700094,0.176485607050488,0.23827649554198682,0.10224009041763643,-0.07399485637960655
2018-11-25,0.11044685701441354,0.0562259414698264,0.016342802197472528,0.0,0.4038732914042619,0.3196307907850822,0.6003794530340073,0.28996462412595214,0.06465253307145744,0.25570196893475755,0.17295589490947824,0.22309145744815362,0.09803286476237733,-0.010346292054144373
2018-12-02,0.11017739434695481,0.03535557436933434,0.014560846132145921,0.013888888888888881,0.49421315121534065,0.4038732914042619,0.3196307907850822,0.6003794530340073,0.058691005718907036,0.2723687105268579,0.16949677701128868,0.2107693485666957,0.09555454045343847,-0.004008021397538822
2018-12-09,0.11235214604010943,0.020851957166158952,0.01382904710236843,0.01222493887530551,0.5032094025625742,0.49421315121534065,0.4038732914042619,0.3196307907850822,0.05297787533937959,0.28793527814438863,0.1661068414710629,0.19470385287059233,0.09349449872828675,0.01197619104671562
2018-12-16,0.1170005770181288,0.013901468619393564,0.022280181790144682,0.06630265210608421,0.5258966623100306,0.5032094025625742,0.49421315121534065,0.4038732914042619,0.04864536999595634,0.3041308607637613,0.16278470464164163,0.18156417621559778,0.12558374428115773,-0.007968169649176845
2018-12-23,0.12280475221605203,0.011023795177562135,0.020561870247809644,0.05850234009360374,0.497588549340266,0.5258966623100306,0.5032094025625742,0.49421315121534065,0.04268384264340594,0.3191696160531788,0.1595290105488088,0.16313905517324773,0.12483432131853908,-0.10092591858996053
2018-12-30,0.12623914047217596,0.0,0.0,0.0,0.3656485739981297,0.497588549340266,0.5258966623100306,0.5032094025625742,0.03675697533360292,0.3370477841606222,0.15633843033783265,0.1558105741936951,0.12291719280951463,0.08072321127244113
2019-01-06,0.1340501299215756,0.00505932540179288,0.0592403348358157,0.09875640087783465,0.6234730371338839,0.3656485739981297,0.497588549340266,0.5258966623100306,0.030928311478250814,0.355012781721161,0.15321166173107598,0.14989469795837554,0.1250504339868291,0.04391923393483558
2019-01-13,0.14403410625749988,0.019709381890950728,0.09296769542331373,0.19038076152304617,0.5712351557550055,0.6234730371338839,0.3656485739981297,0.497588549340266,0.025417364681416435,0.3625898240914725,0.15014742849645446,0.14217852976848766,0.12832000951676534,-0.023716526617316044
2019-01-20,0.15312699760891268,0.032854017975408545,0.08582627060364928,0.19559902200489,0.4752360520634754,0.5712351557550055,0.6234730371338839,0.3656485739981297,0.020859569060135183,0.37064912642635134,0.14714447992652538,0.13234609099793956,0.1252630609669209,-0.008032171697264267
2019-01-27,0.16200160277925787,0.04691846544586242,0.0833291708553554,0.2199413489736071,0.49749770776177765,0.4752360520634754,0.5712351557550055,0.6234730371338839,0.017786378603200287,0.37813276430873877,0.14420159032799487,0.11788111837969756,0.12415112643168674,0.008032171697264253
2019-02-03,0.17118753092999212,0.06403507164232947,0.09055849306364622,0.25848142164781907,0.5202987017134695,0.49749770776177765,0.4752360520634754,0.5712351557550055,0.015186875397146332,0.38577865645554604,0.14131755852143496,0.10578307081701327,0.12563951529232936,0.04305948946044701
2019-02-10,0.1818255201970656,0.0890410819255214,0.13129745360200634,0.4361054766734281,0.5700148737877256,0.5202987017134695,0.49749770776177765,0.4752360520634754,0.014308820980879197,0.38081129186709917,0.13849120735100628,0.10255144586290593,0.13380299705257526,-0.003838776307165713
2019-02-17,0.19172949348166138,0.11320767004929821,0.1296355034292228,0.4525862068965518,0.5034496212996353,0.5700148737877256,0.5202987017134695,0.49749770776177765,0.012841545837906532,0.3773269121022555,0.13572138320398616,0.09510494217705262,0.12647956614810188,-0.007722046093910278
2019-02-24,0.2007996472221898,0.13588863344048385,0.12610128896848122,0.7017543859649124,0.49793788585263865,0.5034496212996353,0.5700148737877256,0.5202987017134695,0.012437178672520366,0.3740914166063292,0.13300695553990644,0.08552290616025085,0.12510969068619895,0.003868476777920332
2019-03-03,0.20955076998084649,0.15902504604215517,0.13048221385671105,0.7192982456140348,0.5143889436647847,0.49793788585263865,0.5034496212996353,0.5700148737877256,0.012622032233839758,0.37108702793154047,0.1303468164291083,0.07351330492757874,0.1269048201082855,-0.007751976804317936
2019-03-10,0.21751460178225812,0.18049071547139556,0.1264343640271548,0.6842105263157893,0.49789540357183737,0.5143889436647847,0.49793788585263865,0.5034496212996353,0.012824215816532855,0.3709954525013143,0.12773988010052614,0.0659180996228719,0.1258695707134123,0.007751976804317924
2019-03-17,0.22535433428493334,0.20292809846451493,0.13638592477949968,0.7192982456140348,0.5199010059034098,0.49789540357183737,0.5143889436647847,0.49793788585263865,0.01311304950609439,0.3709104181732471,0.12518508249851562,0.05575341262285938,0.12649699458909303,-0.059659836406335875
2019-03-24,0.2305277062315479,0.21518928119114944,0.10381837234207458,0.4561403508771927,0.4242197628211548,0.5199010059034098,0.49789540357183737,0.5143889436647847,0.012881982554445143,0.376167990370877,0.1226813808485453,0.05164962559700936,0.12507831949241494,-0.054750514771408215
2019-03-31,0.23384483345620413,0.2201498475249969,0.07771853699408265,0.22807017543859662,0.4311878293120032,0.4242197628211548,0.5199010059034098,0.49789540357183737,0.01233319854427821,0.38578641428000077,0.1202277532315744,0.047394395307301856,0.12461820865024906,0.03822121282019767
2019-04-07,0.2388789759766335,0.23338779603446158,0.12577764047314488,0.38596491228070173,0.5631476453114899,0.4311878293120032,0.4242197628211548,0.5199010059034098,0.012737565709664375,0.3882609866274314,0.11782319816694292,0.04122025549548228,0.12501557710484684,-0.04255961441879589
2019-04-14,0.2424294591664248,0.2407722413447429,0.10363139937610877,0.04255319148936156,0.44849103544866153,0.5631476453114899,0.4311878293120032,0.4242197628211548,0.012304315175322059,0.3949347086311599,0.11546673420360407,0.0368208383959045,0.12344353172744679,-0.013129291441792736
2019-04-21,0.2457981598857048,0.24791953435472075,0.09698581495560438,0.020408163265305694,0.4902630892273141,0.44849103544866153,0.5631476453114899,0.4311878293120032,0.011466697475593549,0.4018684737035439,0.11315739951953198,0.02917909810637931,0.12217474122329244,-0.03132247112904116
2019-04-28,0.24840256867091282,0.25203672903131746,0.0812637070826907,0.0,0.46444052245173817,0.4902630892273141,0.44849103544866153,0.5631476453114899,0.010600196406908888,0.41059502585531044,0.11089425152914135,0.02430605095176848,0.12123709109796957,0.0
2019-05-05,0.25139958339493745,0.25844256546459304,0.0812637070826907,0.0,0.5088982047376236,0.46444052245173817,0.4902630892273141,0.44849103544866153,0.009791462076136556,0.4186982528533793,0.10867636649855852,0.015779940416865812,0.12166931643454965,-0.04652001563489282
2019-05-12,0.25321134130357614,0.25957898009565,0.05792390018142468,0.0,0.4428698231801753,0.5088982047376236,0.46444052245173817,0.4902630892273141,0.008636127317890346,0.43028250790379335,0.10650283916858735,0.012308546862924194,0.12118132008679797,-0.048790164169432056
2019-05-19,0.25407383238638676,0.2561995955130282,0.03595296267799125,0.03225806451612892,0.43964767822633294,0.4428698231801753,0.5088982047376236,0.46444052245173817,0.006874241811564902,0.4456780631536485,0.1043727823852156,0.012641677259895664,0.11857751100272293,0.009950330853168092
2019-05-26,0.25593320699723343,0.25784707448782895,0.05029518901836194,0.06451612903225784,0.5230212490493937,0.43964767822633294,0.4428698231801753,0.5088982047376236,0.005199006412107909,0.4599739358856569,0.10228532673751128,0.011172728994267689,0.1220875990183368,-0.009950330853168092
2019-06-02,0.25796894623820843,0.26066161522962394,0.045455788678179065,0.03225806451612892,0.4947751604258534,0.5230212490493937,0.43964767822633294,0.4428698231801753,0.003523771012650903,0.4732486748510932,0.10023962020276106,0.00491842561058406,0.12067240960985692,-0.025317807984289897
2019-06-09,0.25968205357427654,0.26208890328203616,0.03310739683474451,0.0,0.4729632665616563,0.4947751604258534,0.5230212490493937,0.43964767822633294,0.0016752353994569924,0.48775742285506635,0.09823482779870583,0.0,0.12024366996147509,0.16941815195804674
2019-06-16,0.2671035342276374,0.29409153175094854,0.26965764203894993,0.5797101449275364,0.7493625774936203,0.4729632665616563,0.4947751604258534,0.5230212490493937,0.0009242678065969623,0.46931663607724966,0.0962701312427317,0.010992872304095652,0.1372851995626033,0.03822121282019767
2019-06-23,0.27497432173327474,0.32953787212622476,0.31597712245730025,0.7205882352941179,0.5631476453114899,0.7493625774936203,0.4729632665616563,0.4947751604258534,0.00037548379643002894,0.43391215151468726,0.09434472861787707,0.015421117632318931,0.16353940307164352,0.13248918304607887
2019-06-30,0.2867541848102815,0.38580777008259004,0.45969896886220096,0.9325842696629212,0.696947288793381,0.5631476453114899,0.7493625774936203,0.4729632665616563,0.001241984865114662,0.4051843890326499,0.09245783404551954,0.02531248153410609,0.18983543483906246,-0.003656311203110432
2019-07-07,0.2963570203150448,0.43125100974690334,0.4552704056007687,0.9213483146067416,0.5037086039192037,0.696947288793381,0.5631476453114899,0.7493625774936203,0.0024550863612731733,0.37850860958504384,0.0,0.02116019218607587,0.18278737330224895,-0.05264373348542203
2019-07-14,0.3022484633531171,0.45856313427007356,0.39440568576040924,0.7640449438202247,0.43417809826850906,0.5037086039192037,0.696947288793381,0.5631476453114899,0.0030038703714401205,0.3450298403153283,0.001814646791963707,0.019527349477138967,0.17889037389663198,0.10613241843640818
2019-07-21,0.3114373915204396,0.5018418684382793,0.4999410280980553,0.9797979797979798,0.6595377031232965,0.43417809826850906,0.5037086039192037,0.696947288793381,0.004679105770897099,0.32659963554092025,0.0035930006480881394,0.027791698378612867,0.18951475152482564,0.0
2019-07-28,0.318874872166639,0.5363721991771222,0.4999410280980553,0.9603960396039605,0.5088982047376236,0.6595377031232965,0.43417809826850906,0.5037086039192037,0.006440991277222585,0.31069012984743544,0.007208191834089435,0.024351463930240055,0.2008606666100521,0.0408219945202552
2019-08-04,0.3266058185361462,0.5717322650442042,0.5397020181373775,0.9909090909090906,0.5668390758515566,0.5088982047376236,0.6595377031232965,0.43417809826850906,0.008751660793714977,0.3013866319406478,0.012452952430330523,0.02249067323957714,0.20395595773007705,-0.06899287148695143
2019-08-11,0.3298107460899815,0.5861659047102847,0.44870810156287544,0.809090909090909,0.4109728798830994,0.5668390758515566,0.5088982047376236,0.6595377031232965,0.010484662931084285,0.28763680884821413,0.01925969744134802,0.02298565071248128,0.20285796594763578,0.0
2019-08-18,0.33235052420915195,0.5975130950418767,0.44870810156287544,0.809090909090909,0.5088982047376236,0.4109728798830994,0.5668390758515566,0.5088982047376236,0.012506498758015142,0.27058609448976534,0.02552190285148412,0.018110421748873534,0.23489841186573157,0.017699577099400857
2019-08-25,0.3350695805369547,0.6095489541058552,0.46812495742374993,0.8545454545454544,0.5340201745859772,0.5088982047376236,0.4109728798830994,0.5668390758515566,0.014961585119288315,0.2596680955326557,0.03128313182880933,0.014472565242645646,0.24755494571349113,0.01739174271186924
2019-09-01,0.33789811060282776,0.6219189569666213,0.4877231816812305,0.8999999999999999,0.5335832485420143,0.5340201745859772,0.5088982047376236,0.4109728798830994,0.01750332158742994,0.25628204142562905,0.036583462487948526,0.01331741017252519,0.26637417629571475,0.013698844358161927
2019-09-08,0.34063430672584594,0.6337113254406738,0.5036129307769903,0.9363636363636362,0.5283417175961699,0.5335832485420143,0.5340201745859772,0.5088982047376236,0.020218358269308526,0.2531378483262472,0.04145976669435658,0.010021911636036468,0.2695705523734882,0.026847250036188056
2019-09-15,0.34385045973722417,0.647345893648874,0.5350568775476464,0.9327731092436975,0.5470039629787714,0.5283417175961699,0.5335832485420143,0.5340201745859772,0.023308878747617126,0.25889009922385536,0.045945966564252,0.009629231303520613,0.2802367582600606,0.05789397841890267
2019-09-22,0.3488646960783243,0.6681836631504771,0.5984937840391648,1.0,0.5910702686277907,0.5470039629787714,0.5283417175961699,0.5335832485420143,0.02587949858471493,0.27032569012063257,0.05139673607762589,0.011042883200428788,0.285095807608388,0.015504186535965254
2019-09-29,0.3533342348094148,0.6861704246846833,0.6146493101387204,0.9876543209876542,0.5309041376755893,0.5910702686277907,0.5470039629787714,0.5283417175961699,0.028334584945988103,0.2844557441504737,0.05767242003606191,0.007909850876232666,0.2866887671149774,-0.015504186535965199
2019-10-06,0.35586738119248273,0.6958468116036989,0.5828865358725219,0.917808219178082,0.486892271799658,0.5309041376755893,0.5910702686277907,0.5470039629787714,0.02966321991797123,0.2975765086067547,0.06438765258551746,0.003666893849510147,0.2760853036159731,-0.054588190284403065
2019-10-13,0.35510410324217995,0.6921703199126285,0.48364182675328526,0.684931506849315,0.4314182252613127,0.486892271799658,0.5309041376755893,0.5910702686277907,0.030529720986655892,0.2919330955624612,0.07016275257804923,0.004172714267450098,0.2742239461181203,-0.030153038170687558
2019-10-20,0.3529338150163996,0.6829383231816353,0.4366622685520807,0.561643835616438,0.4661003620826198,0.4314182252613127,0.486892271799658,0.5309041376755893,0.03154063890012131,0.2645063377288508,0.07512933857162654,0.007309830106903711,0.2723800170612586,-0.048790164169431945
2019-10-27,0.34895655091856037,0.6665303724237519,0.3697225647634309,0.23333333333333311,0.4396476782263331,0.4661003620826198,0.4314182252613127,0.486892271799658,0.03130957194847207,0.24688454328199871,0.07940060252610304,0.016002288054833322,0.2691069558431241,0.04879016416943204
2019-11-03,0.34769325006207735,0.6611329141484356,0.43387179300965906,0.46666666666666623,0.5781487312489142,0.4396476782263331,0.4661003620826198,0.4314182252613127,0.03148287216220899,0.2305214484384932,0.08307388952695281,0.015182437978117677,0.2882921836861615,0.013513719166722855
2019-11-10,0.3471119702264491,0.6585291525913962,0.45131167751302237,0.5333333333333332,0.5280789593702877,0.5781487312489142,0.4396476782263331,0.4661003620826198,0.03142510542429669,0.21149844486385572,0.08619572261827609,0.015754861346850696,0.2920009559290742,-0.0411016756855518
2019-11-17,0.34473774154099557,0.6487238712484487,0.39195140578750054,0.33333333333333337,0.45056036697515006,0.5280789593702877,0.5781487312489142,0.4396476782263331,0.03159840563803362,0.1938342272588352,0.08891769280622164,0.013174400972175176,0.2834749625962128,-0.02120220765060305
2019-11-24,0.3418610576160185,0.6368979449605889,0.3638191955490856,0.23333333333333311,0.47880476135614236,0.45056036697515006,0.5280789593702877,0.5781487312489142,0.03159840563803362,0.18302882568561107,0.10563836681788723,0.008110833744324267,0.28187154602502873,-0.010772096981911183
2019-12-01,0.3390611049154704,0.6253677688906032,0.3496271209241558,0.22222222222222196,0.4936087831845926,0.47880476135614236,0.45056036697515006,0.5280789593702877,0.03136733868638439,0.1871431617940213,0.10534024627349318,0.008299229884063217,0.27945247841545967,0.0071942756340270106
2019-12-08,0.3370825275874569,0.6171869695519111,0.36087967338974625,0.25396825396825357,0.5191094303812515,0.4936087831845926,0.47880476135614236,0.45056036697515006,0.03104962162786666,0.19096361675183088,0.10453558003888529,0.004917601888189252,0.281383549677277,-0.014440684154794247
2019-12-15,0.33489480583457637,0.6081171940356745,0.34007475427083833,0.22727272727272724,0.48840175841639377,0.5191094303812515,0.4936087831845926,0.47880476135614236,0.030500837617699714,0.2022348206920826,0.1037631004536617,0.008446082377579739,0.2791945374887909,0.018018505502678212
2019-12-22,0.33388098583384435,0.6038974643343086,0.3707156503834661,0.303030303030303,0.5344728469682561,0.48840175841639377,0.5191094303812515,0.4936087831845926,0.0298654035006643,0.21270093863660205,0.10259240191834089,0.003275681283638837,0.27997881733339186,-0.014388737452099556
2019-12-29,0.33248561289012873,0.5980746326626497,0.34806245942885716,0.2424242424242426,0.4884754891892529,0.5344728469682561,0.48840175841639377,0.5191094303812515,0.0285945352665935,0.1921989689682052,0.10149194529513933,0.015812859987433217,0.27213601888738276,0.10969891725642453
2020-01-05,0.33605852431045397,0.612918822043209,0.5149905676964541,0.7058823529411768,0.6645998283547334,0.4884754891892529,0.5344728469682561,0.48840175841639377,0.028103517994338856,0.18606191737011013,0.08425145819831496,0.031011093195159517,0.29277826439727866,0.025642430613337652
2020-01-12,0.3399823691634875,0.628973024007637,0.5475229948274208,0.8235294117647064,0.5452938974193755,0.6645998283547334,0.4884754891892529,0.5344728469682561,0.027987984518514253,0.1803632266004504,0.08469215813350614,0.03178661105978714,0.320851997145793,0.10219094089654716
2020-01-19,0.3479290658040645,0.6607157626982014,0.658065637142181,0.9782608695652171,0.6539433502549614,0.5452938974193755,0.6645998283547334,0.4884754891892529,0.029345502859453518,0.19538052293657937,0.0851240440699935,0.038730727511082225,0.3323094542533627,-0.13762137787604772
2020-01-26,0.34741327838432534,0.6584234475746065,0.44116281092791665,0.48913043478260854,0.3135647181760732,0.6539433502549614,0.5452938974193755,0.6645998283547334,0.02966321991797123,0.1901811231285973,0.08628162281270252,0.05229197018140508,0.3251115081240255,0.0032733253449691085
2020-02-02,0.3469832377705543,0.6564910333735815,0.4446305542104021,0.5,0.5135442129534329,0.3135647181760732,0.6539433502549614,0.5452938974193755,0.03041418751083126,0.1853531090211854,0.08739289840570318,0.051991996312719,0.3296498741581161,0.012987195526811112
2020-02-09,0.3470628884645895,0.6565738938405341,0.45914171814901494,0.5434782608695651,0.527331635808147,0.5135442129534329,0.3135647181760732,0.6539433502549614,0.030876321414129757,0.18086995306430292,0.08845972297498379,0.04993516551469479,0.33306933428057606,0.0
2020-02-16,0.3469574822363427,0.6559334185210799,0.4591417181490147,0.5434782608695651,0.5088982047376236,0.527331635808147,0.5135442129534329,0.3135647181760732,0.031222921841603607,0.17670702253291198,0.08948387456149319,0.04669153847656049,0.33753101517430567,0.0
2020-02-23,0.3467082896015018,0.6547403111458954,0.45914171814901494,0.8806818181818181,0.5088982047376236,0.5088982047376236,0.527331635808147,0.5135442129534329,0.03191612269655132,0.23699259840566161,0.11406351263771873,0.17438344620096646,0.3386987207207115,-0.12710050229423223
2020-03-01,0.3409520934274988,0.632004044260595,0.3032472718935446,0.7755681818181818,0.32849756756904513,0.5088982047376236,0.5088982047376236,0.527331635808147,0.03171393911385825,0.21459890131455123,0.11178224238496434,0.17558778351350246,0.33053175327226736,-0.24817962947553462
2020-03-08,0.3275918809102623,0.578020873981191,0.14640008579625413,0.6051136363636364,0.15664339471332134,0.32849756756904513,0.5088982047376236,0.5088982047376236,0.029865403500664328,0.20083979468489255,0.10954659753726506,0.1918215076233628,0.32365449045716693,-0.053024468308220433
2020-03-15,0.3155739890950949,0.5272343761479962,0.12492264771232836,0.5738636363636364,0.4336377006824626,0.15664339471332134,0.32849756756904513,0.5088982047376236,0.02764138409104039,0.18806348138592371,0.10735566558651975,0.18288885094879165,0.3181784742977535,-0.08252102368800335
2020-03-22,0.3040153790522642,0.4757275535945175,0.09532237844197594,0.5284090909090909,0.39177163966192663,0.4336377006824626,0.15664339471332134,0.32849756756904513,0.0250707642539426,0.1787273115669043,0.10520855227478935,0.1728159575453026,0.30841854734271995,-0.03836086787244645
2020-03-29,0.29426115724987495,0.42943777872948213,0.08283062767392224,0.5085227272727272,0.4544505441728468,0.39177163966192663,0.4336377006824626,0.15664339471332134,0.02215354398937093,0.1702476762377496,0.10310438122929357,0.1567939928993608,0.30584610945242896,0.3460036828867653
2020-04-05,0.2978472595409609,0.4446054192975035,0.35491137170614295,0.71875,1.0,0.4544505441728468,0.39177163966192663,0.4336377006824626,0.021489226503379366,0.15342539387024656,0.10104229360470769,0.17437013062451695,0.3323721966409308,-0.08665211706121036
2020-04-12,0.2979866649944174,0.4437148287623124,0.30570899771368343,0.6590909090909091,0.38590815475606677,1.0,0.4544505441728468,0.39177163966192663,0.019294090462711577,0.13780470310042237,0.09902144773261354,0.16623942996987368,0.32206501663877574,-0.008658062743114541
2020-04-19,0.29819560836567427,0.4431479443892125,0.301091275663232,0.6534090909090908,0.49660934665044143,0.38590815475606677,1.0,0.4544505441728468,0.016810120732482225,0.1218303033256891,0.09704101877796126,0.1595786354648271,0.3063410771765771,0.025752496102414764
2020-04-26,0.2996236119280798,0.4484986611086176,0.32024283626525485,0.6704545454545455,0.5454501193382615,0.49660934665044143,0.38590815475606677,1.0,0.01351741667148057,0.10651379240016921,0.09510019840240203,0.146725048367439,0.31886515487280404,-0.07020425867324857
2020-05-03,0.29878130598069236,0.4428916613976299,0.2802833710076671,0.6811145510835914,0.4092534923407909,0.5454501193382615,0.49660934665044143,0.38590815475606677,0.011062330310207383,0.09805197839475958,0.093198194434354,0.1454592764396161,0.3109352142218393,-0.027651531330510123
2020-05-10,0.29762856648651126,0.4355641939268029,0.2656177639295725,0.6687500000000001,0.4696508864291317,0.4092534923407909,0.5454501193382615,0.49660934665044143,0.008405060366241113,0.09019457967545062,0.09133423054566692,0.13094678953551941,0.30816757779244763,0.050124387182568814
2020-05-17,0.2987255365382633,0.4393399690251063,0.3052553335099252,0.7075471698113208,0.5800424663431916,0.4696508864291317,0.4092534923407909,0.5454501193382615,0.0059499740049679395,0.07968693963946978,0.08950754593475357,0.12236118883303013,0.3359450270441127,0.026317308317373576
2020-05-24,0.3008432484324233,0.4483845092492392,0.3267697466538846,0.8250000000000001,0.5462517879518386,0.5800424663431916,0.4696508864291317,0.4092534923407909,0.0036681878574317123,0.06723065631245977,0.0877173950160585,0.11349970350645366,0.3545620877108392,-0.004338401598598242
2020-05-31,0.3027154633395473,0.45639564119776577,0.32372962056568844,0.5049504950495051,0.5027404760225277,0.5462517879518386,0.5800424663431916,0.4696508864291317,0.0013575183409392927,0.05597165918267934,0.08596304711573735,0.10127004324044,0.34769179627213526,-0.017544309650909393
2020-06-07,0.30393639150591023,0.46128267367187126,0.310975336884737,0.5875000000000004,0.48399661440102487,0.5027404760225277,0.5462517879518386,0.5800424663431916,0.0,0.045846316894492686,0.0842437861734226,0.08946935922772334,0.34405970916958345,-0.008888947417246152
2020-06-14,0.30492487858088024,0.46510279178949526,0.30432882815334916,0.5625,0.49628163950866017,0.48399661440102487,0.5027404760225277,0.5462517879518386,0.0003177170585176997,0.0405431366641779,0.08255891044995414,0.08162357757584263,0.3383815230946729,-0.01801850550267825
2020-06-21,0.3054282488702982,0.46652716481821344,0.29051013621909205,0.5125000000000002,0.48332356250699093,0.49628163950866017,0.48399661440102487,0.5027404760225277,0.0008376176997284962,0.03561875502174271,0.08090773224095507,0.07122621253916864,0.3361785681533939,-0.06090875308699246
2020-06-28,0.3042329754502705,0.4591734324708552,0.2469083594600685,0.3500000000000001,0.42244710763180443,0.48332356250699093,0.49628163950866017,0.48399661440102487,0.0014441684478077588,0.039871026799802936,0.07928957759613597,0.07046293460490738,0.33286716436507896,0.06090875308699252
2020-07-05,0.3055130972907204,0.4646195875324868,0.3096684262645879,0.48000000000000015,0.5953493018434428,0.42244710763180443,0.48332356250699093,0.49628163950866017,0.0026283865750101193,0.043370354545009496,0.07770378604421325,0.06886503470597116,0.34365885502678745,0.0
2020-07-12,0.3068217330281703,0.4703398712710599,0.3096684262645879,0.403225806451613,0.5088982047376236,0.5953493018434428,0.42244710763180443,0.48332356250699093,0.0016752353994569924,0.046619730308415555,0.07614971032332898,0.057600710525757964,0.35177005146406,-0.004555816535860802
2020-07-19,0.30799192548093995,0.4754519974846431,0.30569538950205377,0.533333333333333,0.5024318872089184,0.5088982047376236,0.5953493018434428,0.42244710763180443,0.0012997516030269773,0.0500427458376166,0.0746267161168624,0.047585551838406764,0.3482983060186266,0.07051378432765813
2020-07-26,0.311520105526063,0.49308409139440046,0.38540338910552674,0.6153846153846154,0.6089822436852377,0.5024318872089184,0.5088982047376236,0.5953493018434428,0.0014441684478077588,0.04241507646331728,0.0,0.055624027062605885,0.36263842726612944,0.0
2020-08-02,0.3145215844924125,0.5080938199567848,0.38540338910552663,0.6153846153846154,0.5088982047376236,0.6089822436852377,0.5024318872089184,0.5088982047376236,0.0014152850788515803,0.035332240615753616,0.0016850291639662993,0.046194630959755234,0.37776631404643146,0.0
2020-08-09,0.3170762010299068,0.5208766405116168,0.38540338910552663,0.6153846153846154,0.5088982047376236,0.5088982047376236,0.6089822436852377,0.5024318872089184,0.0018485356131939107,0.031096108249287033,0.0033363577446532725,0.03877247587564861,0.38336781498098105,-0.00426439878645754
2020-08-16,0.31910572923197944,0.5310149752686777,0.38004385509698346,0.5999999999999999,0.5028455122279043,0.5088982047376236,0.5088982047376236,0.6089822436852377,0.0024262029923170225,0.02607089206774625,0.004954659753726507,0.03099133290899883,0.3764278097783126,-0.012903404835907729
2020-08-23,0.32040899490315444,0.5374644795938666,0.3633046583267959,0.553846153846154,0.4905837023397247,0.5028455122279043,0.5088982047376236,0.5088982047376236,0.0025995032060539547,0.01968017389714878,0.006540595722618276,0.024210556777099435,0.37237046871557716,0.03822121282019767
2020-08-30,0.3228788394948227,0.5499507576137196,0.4169542669903622,0.6923076923076923,0.5631476453114899,0.4905837023397247,0.5028455122279043,0.5088982047376236,0.002859453526659339,0.018694499100797665,0.00809481297213221,0.02147068906596722,0.37742123091480706,0.06453852113757116
2020-09-06,0.3272556140759616,0.5720917686626821,0.4998356948776139,0.9384615384615387,0.6005012285257046,0.5631476453114899,0.4905837023397247,0.5028455122279043,0.003610421119519383,0.02419495613399701,0.009617945876655865,0.02026023891702773,0.3840091816094547,0.015504186535965254
2020-09-13,0.3313261042952919,0.592442580888157,0.5186763317279567,0.8441558441558442,0.5309041376755893,0.6005012285257046,0.5631476453114899,0.4905837023397247,0.004592455664028661,0.03732804680213904,0.011110616123089048,0.019136249493012486,0.4014236798477931,0.14642863373334808
2020-09-20,0.3405074309550701,0.6371844792937682,0.6660602219029473,0.9380530973451329,0.7167323072659433,0.5309041376755893,0.6005012285257046,0.5631476453114899,0.0068164750736525725,0.06470003661575092,0.014191790959694974,0.03231881410181023,0.4114485191058918,0.006622540760493457
2020-09-27,0.34789941351290066,0.671791109619634,0.6716559590558223,0.8640000000000001,0.5182979360628562,0.7167323072659433,0.5309041376755893,0.6005012285257046,0.009213794697013458,0.09447517635004794,0.01932861791559351,0.03255635242168739,0.42391334010274895,0.11521281210083796
2020-10-04,0.35891069934540126,0.7209998634209088,0.757836553635559,0.8930817610062891,0.6724259983954309,0.5182979360628562,0.7167323072659433,0.5309041376755893,0.013055282768182075,0.13378454457569583,0.026077856674180118,0.04744776370123202,0.46624005189381046,0.10329956983780374
2020-10-11,0.37263213690782837,0.778375015785966,0.8168522717489489,1.0,0.655516887446209,0.6724259983954309,0.5182979360628562,0.7167323072659433,0.01758997169429842,0.1755992917390624,0.035038444305530735,0.054606939118107184,0.47743608238651325,-0.0517122010473106
2020-10-18,0.3801518227984562,0.8066173507202234,0.7132818661924498,0.8805031446540876,0.435500272786667,0.655516887446209,0.6724259983954309,0.5182979360628562,0.02157587661024782,0.20769952492929328,0.045493584715373854,0.06525588303939817,0.46795152479913954,0.04372281101383158
2020-10-25,0.3878323421773141,0.8335609984284422,0.741483304346206,0.972972972972973,0.5709563620487336,0.435500272786667,0.655516887446209,0.6724259983954309,0.026052798798451862,0.2389884422897986,0.0546941082760358,0.0658081990293855,0.48287375597574617,0.04189094170916013
2020-11-01,0.39555134341300324,0.8586607668424611,0.7672634365194592,1.0,0.5683562905792497,0.5709563620487336,0.435500272786667,0.655516887446209,0.030529720986655892,0.2715880764209864,0.0641853453014478,0.06365363842586441,0.4920759728190635,0.21179737492690823
2020-11-08,0.4142986487823827,0.9198727308133161,0.8663168226731411,0.9692307692307693,0.8095137074127883,0.5683562905792497,0.5709563620487336,0.435500272786667,0.03766391311882619,0.32222098616762657,0.07413604002081174,0.0967740767846349,0.5355773615329272,0.01646127705407193
2020-11-15,0.42921963847331424,0.9616676023945194,0.8723764302037752,0.8965517241379312,0.5322625881630213,0.8095137074127883,0.5683562905792497,0.5709563620487336,0.04502917220264571,0.37326297028401384,0.08937223979049402,0.12752876954635037,0.5529116889427065,-0.06317890162153156
2020-11-22,0.43542970254328683,0.9722650686558421,0.7491408602418298,0.7931034482758621,0.4192249626779623,0.5322625881630213,0.8095137074127883,0.5683562905792497,0.05155681358673678,0.42065909839208787,0.1051983751117212,0.13385815311131757,0.5376478603226736,0.0
2020-11-29,0.439120297517513,0.9742080441893891,0.7491408602418298,0.7902097902097901,0.5088982047376236,0.4192249626779623,0.5322625881630213,0.8095137074127883,0.05817110507769627,0.4646697887781565,0.11785928336870295,0.12195260150777226,0.5500464532437644,-0.112633274986906
2020-12-06,0.4336472611755749,0.9490745254360926,0.5758390323505664,0.6093189964157706,0.3490316880264333,0.5088982047376236,0.4192249626779623,0.5322625881630213,0.06311016116919879,0.47492318740670164,0.12798800997428833,0.13090313733258616,0.542336110949288,0.06818151241607226
2020-12-13,0.43243497275944254,0.9375960639913019,0.6238322059693227,0.6969696969696969,0.6056719236526191,0.3490316880264333,0.5088982047376236,0.4192249626779623,0.0684247010571313,0.4844442004189223,0.16850291639662993,0.132101214632936,0.5478574410552783,-0.04652001563489282
2020-12-20,0.427427062185232,0.9157624811254164,0.5631605293051535,0.6153846153846154,0.4428698231801753,0.6056719236526191,0.3490316880264333,0.5088982047376236,0.07304604009011612,0.4932851410731271,0.16781594296824365,0.12921257680621107,0.5253852092413136,0.0023781224049674193
2020-12-27,0.42256571387150876,0.8953162409282667,0.564990106119258,0.5520361990950228,0.5122736028625487,0.4428698231801753,0.6056719236526191,0.3490316880264333,0.0765120443648547,0.5014945859663174,0.16714270900842512,0.12208456116721278,0.5306207129150495,0.057686118337682626
2021-01-03,0.4213754736331078,0.8862035053886492,0.6097260932134645,0.6542056074766356,0.5907752415396427,0.5122736028625487,0.4428698231801753,0.6056719236526191,0.0806423661255849,0.5145650940357219,0.16648293972780295,0.12346796585652817,0.5435909587006494,0.0650989022113559
2021-01-10,0.42380437168503954,0.8875787869954623,0.6570127635085246,0.7696335078534032,0.6012966077802567,0.5907752415396427,0.5122736028625487,0.4428698231801753,0.08457050430362198,0.5311955303350172,0.16583636583279324,0.12341884319949498,0.5824459250462776,0.08841095734405294
2021-01-17,0.43108327726034473,0.9018342311445305,0.714685020903311,0.8304347826086957,0.634384672136698,0.6012966077802567,0.5907752415396427,0.5122736028625487,0.08870082606435215,0.562650219262806,0.1341542449773169,0.14471263291461053,0.6134511215695002,0.14310084364067324
2021-01-24,0.44733041595801604,0.9377834546375563,0.7910075864028362,0.89247311827957,0.7120089942794056,0.634384672136698,0.6012966077802567,0.5907752415396427,0.09569060135174168,0.6004670999337633,0.13509397278029808,0.1764888521812243,0.6406499465802598,-0.11840823105030186
2021-01-31,0.44897590485973443,0.934391207291012,0.6175759411364881,0.6283524904214558,0.3408349796369934,0.7120089942794056,0.634384672136698,0.6012966077802567,0.10028305701577034,0.6355827748425094,0.13785612443292286,0.19132450151770702,0.6300290546402643,-0.07396366159715413
2021-02-07,0.44339283287340386,0.9134286893278982,0.536817940558626,0.4155844155844156,0.4039175678510829,0.3408349796369934,0.7120089942794056,0.634384672136698,0.10331581075616661,0.6319827679038562,0.1405077900194426,0.20243303616450298,0.6137334623135565,0.010050335853501506
2021-02-14,0.43848239343576567,0.8950405413797662,0.5435451431438528,0.4222222222222222,0.5231631915708987,0.4039175678510829,0.3408349796369934,0.7120089942794056,0.1038357113973774,0.6286399043179639,0.1430533889825016,0.19452069679980893,0.6185890259736857,-0.07904320734045285
2021-02-21,0.4278824945331181,0.8634916407074651,0.4666402435283109,0.2533333333333334,0.39670789304982434,0.5231631915708987,0.4039175678510829,0.3408349796369934,0.10302697706660505,0.6065804527789338,0.14549716398703824,0.19161923361820393,0.6120882174839938,-0.039740328649514226
2021-02-28,0.4158632385811568,0.8292838426547209,0.43269834924288086,0.22499999999999998,0.4524926006664081,0.39670789304982434,0.5231631915708987,0.4039175678510829,0.10256484316330658,0.5598309348004198,0.204147764095917,0.20315128688066836,0.6052876398092543,-0.009049835519917927
2021-03-07,0.4049111023964803,0.7984321450062954,0.42502901175762176,0.20833333333333331,0.4960532822975483,0.4524926006664081,0.39670789304982434,0.5231631915708987,0.10198717578418345,0.5265565728877446,0.20259235255994815,0.20318992024749066,0.6013662405862498,0.026907452919924402
2021-03-14,0.3972537594514283,0.7764816019893193,0.44675212325765223,0.2583333333333334,0.5470894121972196,0.4960532822975483,0.4524926006664081,0.39670789304982434,0.10317139391138583,0.49565895111168917,0.20106804925469862,0.18722124137991236,0.6033495971710405,-0.04989697114462316
2021-03-21,0.38730549022902244,0.749039247418259,0.401548434689176,0.16666666666666669,0.43807672705035033,0.5470894121972196,0.4960532822975483,0.4524926006664081,0.10288256022182427,0.4523071991403415,0.1995742320155541,0.1861748805968404,0.5998185950262372,0.006952519314881663
2021-03-28,0.37932245645338136,0.7269521340377727,0.4076137384253895,0.17916666666666653,0.5187662925239959,0.43807672705035033,0.5470894121972196,0.4960532822975483,0.10325804401825428,0.4139762174457193,0.1981102911211925,0.1776455544241637,0.6032101696431115,-0.030483016725075765
2021-04-04,0.3706361917278735,0.7031936401712937,0.37975122279662354,0.125,0.4656320056214801,0.5187662925239959,0.43807672705035033,0.5470894121972196,0.10322916064929813,0.3773672163640552,0.19667562904471808,0.16394604402395546,0.6008991583676874,-0.02409755157906053
2021-04-11,0.3619355613688393,0.6794445638591006,0.3583274817175016,0.08333333333333334,0.47469524266748486,0.4656320056214801,0.5187662925239959,0.43807672705035033,0.10218935936687656,0.3494747360447088,0.19526966020977318,0.16767419369766517,0.5934432713116814,0.08416179232171066
2021-04-18,0.36003284858250945,0.6739332400419262,0.43809382159623034,0.2333333333333334,0.6283536017347067,0.47469524266748486,0.4656320056214801,0.5187662925239959,0.1013228582981919,0.3228090316001312,0.19389181075152714,0.16891319242330444,0.5972113002539641,-0.006749181974928561
2021-04-25,0.35778889274595593,0.6675694471091683,0.4309600591091992,0.22083333333333324,0.4993187246673938,0.6283536017347067,0.47469524266748486,0.4656320056214801,0.09909883888856796,0.29949988578671166,0.19254151828244606,0.1540591385317704,0.594314693361238,-0.07497655554890095
2021-05-02,0.35107292325340783,0.6492392608233508,0.35815289762165714,0.09545454545454553,0.40247991252336185,0.4993187246673938,0.6283536017347067,0.47469524266748486,0.09363988215585467,0.2780489105011037,0.1912182316627466,0.1549369284721475,0.5774753336756069,0.007272759329079657
2021-05-09,0.3460352247872066,0.6354121135047525,0.3654552943383661,0.1610738255033556,0.5192208265467998,0.40247991252336185,0.4993187246673938,0.6283536017347067,0.0902027612500722,0.25813014773589626,0.1899214107754411,0.1455268882341641,0.5798386302740043,-0.02445109586416431
2021-05-16,0.3404735106363546,0.6200932260677171,0.3425909192270331,0.1037037037037036,0.47419343808647396,0.5192208265467998,0.40247991252336185,0.4993187246673938,0.0875743746750621,0.24377337665777016,0.18865052630588172,0.1341215682760987,0.5737805041854871,0.06004204096686695
2021-05-23,0.3396700744085813,0.6178468041468199,0.40608069499521304,0.3823529411764704,0.5941191303186252,0.47419343808647396,0.5192208265467998,0.40247991252336185,0.08552365547917509,0.21825609132223672,0.18740505952571354,0.1337560449262287,0.5761263723428933,-0.04529975922966342
2021-05-30,0.3361855094664224,0.6081864763309174,0.3604502576745918,0.20408163265306128,0.4446017992860039,0.5941191303186252,0.47419343808647396,0.5192208265467998,0.08402172029345503,0.1945614692249557,0.1861845020811487,0.1267480667586474,0.570113560200953,0.028848154337658343
2021-06-06,0.3351620253914916,0.6053362492583554,0.3912341202412323,0.24137931034482787,0.5498439549881103,0.4446017992860039,0.5941191303186252,0.47419343808647396,0.08338628617641966,0.17480408250359714,0.18498835578547518,0.1193515166430569,0.5784025267363351,-0.00952388151125559
2021-06-13,0.333744482138274,0.6013855869726081,0.3809669371003245,0.3090909090909083,0.49538044310855317,0.5498439549881103,0.4446017992860039,0.5941191303186252,0.0827508520593842,0.1564579376909071,0.18381613241571512,0.10581472790730659,0.5769629375104677,0.004773278752657812
2021-06-20,0.33290957742884913,0.5990544478439355,0.3866101807017108,0.3454545454545452,0.5156731781863461,0.49538044310855317,0.5498439549881103,0.4446017992860039,0.08182658425278724,0.13889293749859277,0.18266735351335028,0.0928002817441202,0.5802325130404039,0.011834457647002798
2021-06-27,0.33297828050667333,0.5992461772353739,0.40135425273375236,0.4363636363636361,0.5256954924078293,0.5156731781863461,0.49538044310855317,0.5498439549881103,0.08168216740800649,0.12110013736881269,0.1815415501890327,0.08160458069542639,0.581912614751949,0.025553074424617486
2021-07-04,0.33462937549067834,0.6038476992455231,0.4338719889119146,0.6481481481481484,0.5451670693338124,0.5256954924078293,0.5156731781863461,0.49538044310855317,0.08176881751487494,0.11072834031655913,0.1804382629312015,0.07387599803014866,0.5862313824295513,-0.0069045153465445985
2021-07-11,0.33545924025016294,0.6061500869261898,0.4238438611969617,0.5925925925925919,0.49909825158737237,0.5451670693338124,0.5256954924078293,0.5156731781863461,0.08214430131130496,0.10109738591089511,0.17935704141852693,0.06403203153245285,0.5843735106198967,0.0046083030861944025
2021-07-18,0.3363655838912952,0.6086559754761414,0.430311650134678,0.6666666666666663,0.5154390192742245,0.49909825158737237,0.5451670693338124,0.5256954924078293,0.08286638553520884,0.09573057394661515,0.17829744433610584,0.05622491822456138,0.585764300210989,0.051523153025500826
2021-07-25,0.34038478828027413,0.6197091039247682,0.500870213933365,0.9661016949152537,0.5820278105767684,0.5154390192742245,0.49909825158737237,0.5451670693338124,0.0832129859626827,0.10192662473554877,0.17725903919533317,0.06320172494118836,0.5901667244053488,-0.04009445720187809
2021-08-01,0.34081637059101544,0.6208563037344826,0.4346053536273571,0.6610169491525423,0.45198996680318276,0.5820278105767684,0.5154390192742245,0.49909825158737237,0.08312633585581422,0.10768010046813,0.17624140215737596,0.06256705378393604,0.5877302283547886,0.013544225107757253
2021-08-08,0.34193309967893915,0.6238627937353451,0.45343245905974006,0.7627118644067798,0.5281222581071195,0.45198996680318276,0.5820278105767684,0.5154390192742245,0.08413725376927964,0.11640061270381775,0.17524411786017788,0.057087436286601234,0.5898599838439048,0.01777824602128375
2021-08-15,0.3438656384268891,0.6290542320723932,0.4785958278454786,0.8983050847457625,0.5341318336540128,0.5281222581071195,0.45198996680318276,0.5820278105767684,0.08529258852752586,0.13205365653900775,0.17426677924892378,0.05511121639900368,0.5915156857380623,-0.03132247112904116
2021-08-22,0.34320618095051386,0.6272077019038221,0.42454482753581535,0.649122807017544,0.46444052245173817,0.5341318336540128,0.5281222581071195,0.45198996680318276,0.0863323898099474,0.1378651813780084,0.17330898740989478,0.055054438709050274,0.5814246184041972,0.018018505502678212
2021-08-29,0.34373261248972176,0.6285685504169187,0.4517205346048261,0.7894736842105259,0.5344728469682561,0.46444052245173817,0.5341318336540128,0.5281222581071195,0.08688117382011437,0.14444185008188082,0.17237035140764634,0.05233429111701271,0.5866182938195544,0.0
2021-09-05,0.34401520009715003,0.6292643741240372,0.4517205346048261,0.7894736842105259,0.5088982047376236,0.5344728469682561,0.46444052245173817,0.5341318336540128,0.08797874184044824,0.1553217655014293,0.17145048812544286,0.045362730695938464,0.5905536357953519,-0.041008023727377024
2021-09-12,0.3414778614329798,0.622374390379169,0.3794607899728104,0.2857142857142862,0.4506932922793137,0.5088982047376236,0.5344728469682561,0.46444052245173817,0.0882098087920975,0.1492885910950958,0.17054902210888345,0.04866969886471334,0.5818289582351915,0.04100802372737704
2021-09-19,0.3420114145331717,0.6237693809413447,0.4459895378323586,0.6999999999999993,0.5671031171959335,0.4506932922793137,0.5088982047376236,0.5344728469682561,0.08907630986078219,0.14368635771778604,0.16966558541265522,0.04640560411869987,0.5839726564771007,0.022075951699199826
2021-09-26,0.34377789654964747,0.6284568207708964,0.48000124981274883,0.9499999999999993,0.5402318004414317,0.5671031171959335,0.4506932922793137,0.5088982047376236,0.09017387788111605,0.14544050638067818,0.16879981745035158,0.0407466631574844,0.5885702792105612,0.019460073554712562
2021-10-03,0.3463443476608933,0.6352217715816086,0.5096078444498046,1.0,0.5365189426989153,0.5402318004414317,0.5671031171959335,0.4506932922793137,0.09138697937727458,0.15300280083408652,0.167951364847294,0.03638107408204935,0.5949107460431347,0.03161485638170301
2021-10-10,0.3503835279074785,0.645766872403551,0.5559152413329679,0.7209302325581398,0.5537708852723499,0.5365189426989153,0.5402318004414317,0.5671031171959335,0.09271561434925768,0.18045167121992006,0.16711988129629757,0.04922100732303808,0.6011675563589508,0.03666398437159131
2021-10-17,0.3559681352371852,0.6601166565002207,0.6055235030228017,0.9302325581395348,0.5609373865062548,0.5537708852723499,0.5365189426989153,0.5402318004414317,0.09465080006932008,0.20593990800676537,0.16630502741632106,0.04736210430999108,0.606347289021515,0.0769610411361284
2021-10-24,0.3659090451161598,0.685124659220982,0.6926845339044174,0.9756097560975612,0.6181331849895056,0.5609373865062548,0.5537708852723499,0.5365189426989153,0.09768355380971638,0.24565349950582188,0.12637718729747244,0.06119596188322826,0.6171947506943952,-0.05715841383994864
2021-10-31,0.3689388254970739,0.6921682295715507,0.5649363192164454,0.547945205479452,0.4277701675533051,0.6181331849895056,0.5609373865062548,0.5537708852723499,0.09918548899543642,0.2913451059944037,0.1273687621516526,0.07937653767539585,0.6072849391468379,0.0
2021-11-07,0.3708954760088891,0.6963990203713375,0.5649363192164453,0.547945205479452,0.5088982047376236,0.4277701675533051,0.6181331849895056,0.5609373865062548,0.10120732482236727,0.32822624096835074,0.1297399870382372,0.0820322318370253,0.6108473124854252,-0.019802627296179754
2021-11-14,0.3705303571972618,0.6948658347011323,0.5241206599720811,0.4794520547945205,0.4807912616700601,0.5088982047376236,0.4277701675533051,0.6181331849895056,0.10276702674599966,0.3586840874867465,0.13201636292935837,0.07694052811299987,0.6066400868301661,0.0
2021-11-21,0.3698090492909869,0.6924907952055434,0.524120659972081,0.4794520547945205,0.5088982047376236,0.4807912616700601,0.5088982047376236,0.4277701675533051,0.10409566171798276,0.3757115974419588,0.1342016837848347,0.07043423387787484,0.6102373170507356,-0.014098924379501648
2021-11-28,0.36779580585497346,0.6870196379325669,0.4937800395952916,0.43150684931506833,0.48888683660340715,0.5088982047376236,0.4807912616700601,0.5088982047376236,0.105626480272659,0.3915228566860845,0.136299591806092,0.06305896221957541,0.6029348002754515,0.008080852053938674
2021-12-05,0.3663978752143811,0.6831124552885954,0.5068865434609132,0.4589041095890412,0.5203677963842469,0.48888683660340715,0.5088982047376236,0.4807912616700601,0.10704176535151058,0.3693337511120876,0.13831358350649903,0.0753270447478527,0.6133291224825623,-0.03480392219469212
2021-12-12,0.3624346879831831,0.6730415660618192,0.4328657919878378,0.3424657534246575,0.45949911011128386,0.5203677963842469,0.48888683660340715,0.5088982047376236,0.10796603315810757,0.35031594316484777,0.14024701553888974,0.07204799568445147,0.6116211352654314,-0.0020855064910213707
2021-12-19,0.35884076893681266,0.6639416062144642,0.42864374116692827,0.2867647058823528,0.5059381322516115,0.45949911011128386,0.5203677963842469,0.48888683660340715,0.10938131823695915,0.3207082143885624,0.14210311028998482,0.06811402259417099,0.607856592011347,0.0
2021-12-26,0.35572298891796633,0.6560598497084901,0.42864374116692827,0.2651515151515151,0.5088982047376236,0.5059381322516115,0.45949911011128386,0.5203677963842469,0.11027670267459996,0.29321532338201167,0.14388496125103611,0.05868162577047356,0.6083306456063058,0.07440616807064754
2022-01-02,0.3584109727270869,0.6623579428934886,0.5588904687672297,0.5454545454545455,0.6145069150646975,0.5088982047376236,0.5059381322516115,0.45949911011128386,0.11195193807405696,0.2879196600846924,0.14559553817364534,0.064149240650995,0.6102268599861409,0.0
2022-01-09,0.3602198094321691,0.6664323538420731,0.5588904687672298,0.5454545454545455,0.5088982047376236,0.6145069150646975,0.5088982047376236,0.5059381322516115,0.11336722315290856,0.28719684822406066,0.14723769201935022,0.056778326171768784,0.6140367171868022,-0.01562531790308087
2022-01-16,0.3601522821098613,0.6659587148993612,0.5183302592308223,0.48484848484848464,0.4867203434798298,0.5088982047376236,0.6145069150646975,0.5088982047376236,0.1141181907457686,0.27989365968519236,0.14881415971122688,0.04993390558391586,0.6106451425699281,0.007843177461026099
2022-01-23,0.36036587860958064,0.6661590296913825,0.5323605578759171,0.5151515151515154,0.5200304519424369,0.4867203434798298,0.5088982047376236,0.6145069150646975,0.11446479117324246,0.272357932428524,0.1503275686954285,0.04224465945522635,0.6145247135345538,0.034552381506659735
2022-01-30,0.3628394747335992,0.6716932699565489,0.5913594656388499,0.6515151515151514,0.5579402740212167,0.5200304519424369,0.4867203434798298,0.5088982047376236,0.1141759574836809,0.28082128253505073,0.15178044132026203,0.04666348881545998,0.6212590631335271,0.009389740349839137
2022-02-06,0.3651592266432694,0.6767593075890513,0.6065743433828263,0.9100000000000001,0.5222255725401296,0.5579402740212167,0.5200304519424369,0.4867203434798298,0.11489804170758477,0.2886801076339685,0.15317519904010224,0.03965241479307838,0.6278156426343906,-0.013170463189745121
2022-02-13,0.3655815693610329,0.6773272951356799,0.566122027516704,0.8399999999999999,0.49020465193218243,0.5222255725401296,0.5579402740212167,0.5200304519424369,0.1154179423487956,0.2876558023918096,0.15451416645114882,0.036698699040784155,0.6231343633841727,-0.003795070968551498
2022-02-20,0.36524187492664295,0.6761244438988667,0.5544086364000421,0.8200000000000003,0.503511654657422,0.49020465193218243,0.5222255725401296,0.5579402740212167,0.1161689099416556,0.28928435819477344,0.15579957516575355,0.03395596298508238,0.6159782455132142,-0.09151510883577321
2022-02-27,0.3578907337925047,0.6586925935377979,0.34144105775598466,0.36000000000000015,0.3790058467490865,0.503511654657422,0.49020465193218243,0.5222255725401296,0.11559124256253248,0.26312244430288134,0.186649384316267,0.05185939844145496,0.608703614243516,-0.02105340919783238
2022-03-06,0.3503813878191348,0.6408561692056862,0.30642409511474344,0.2600000000000001,0.4790159590713755,0.3790058467490865,0.503511654657422,0.49020465193218243,0.1149269250765409,0.24393730562341642,0.1860142579390797,0.04625547165146093,0.6063403176451186,0.021053409197832263
2022-03-13,0.345751068871584,0.6297806293696905,0.35022133235156905,0.219512195121951,0.5387804504038715,0.4790159590713755,0.3790058467490865,0.503511654657422,0.11443590780428628,0.21910888617125385,0.1846527543745949,0.0423855380721497,0.6090835542571227,-0.006269613013595374
2022-03-20,0.3415328549851954,0.6196645328449113,0.3387855383716635,0.20238095238095277,0.49999940290728384,0.5387804504038715,0.4790159590713755,0.3790058467490865,0.11434925769741783,0.20038361464054505,0.18334571095268953,0.04145945377129867,0.6075777369554889,-0.010537505302785799
2022-03-27,0.3373938462386057,0.6097021891891808,0.3192699582262353,0.1428571428571432,0.4939417518796391,0.49999940290728384,0.5387804504038715,0.4790159590713755,0.11414707411472477,0.18299586250488703,0.1812885846273493,0.03482009653778573,0.6044441032652835,-0.07020425867324857
2022-04-03,0.3294255708650589,0.5903491119203469,0.2123136994217552,0.14049586776859527,0.4092534923407909,0.4939417518796391,0.49999940290728384,0.5387804504038715,0.1130206227254347,0.19220102551771917,0.17935488588152948,0.047326957266232206,0.6015161251787735,0.04879016416943204
2022-04-10,0.32642494463130367,0.5829743997183308,0.31266764043142514,0.3223140495867773,0.5781487312489142,0.4092534923407909,0.4939417518796391,0.49999940290728384,0.11146092080180234,0.1862443157157359,0.1759721463395878,0.04693705626864031,0.6077938496237789,0.1008046991219655
2022-04-17,0.3312890364968954,0.594897920675846,0.47866217912991704,0.7272727272727276,0.6519757821109323,0.5781487312489142,0.4092534923407909,0.4939417518796391,0.11131650395702156,0.17425255202325002,0.17286002596100145,0.060356703507698645,0.6139356322290537,0.05519954935461558
2022-04-24,0.3393421131969605,0.6143998777164565,0.5511616311182308,0.9590163934426229,0.5872459193039958,0.6519757821109323,0.5781487312489142,0.4092534923407909,0.11224077176361849,0.17674969975877208,0.13707064160725857,0.06437095725273503,0.6298024849073796,0.018349138668196617
2022-05-01,0.34703037924565855,0.6326783637327683,0.5737579340107871,0.9844961240310075,0.5349421325544808,0.5872459193039958,0.6519757821109323,0.5781487312489142,0.11333833978395241,0.1816503396342763,0.13786130913804276,0.06720933677028951,0.6342014234135411,0.13262188824168208
2022-05-08,0.36426436973519877,0.6724907924481576,0.7067079284694011,0.8167330677290834,0.6971356444757761,0.5349421325544808,0.5872459193039958,0.6519757821109323,0.11616890994165563,0.21772294247084611,0.13950174983797795,0.11074549848135284,0.6555268638102895,-0.08643250577230742
2022-05-15,0.3698177047975256,0.6846237739595058,0.5478599070913347,0.6095617529880478,0.38621986097069516,0.6971356444757761,0.5349421325544808,0.5872459193039958,0.11735312806885795,0.25121893081908947,0.14423598703823717,0.12360853802512431,0.6457983080490399,-0.022828032556200945
2022-05-22,0.37184517351094803,0.6886309720141497,0.5134795731750718,0.5577689243027887,0.4764971398786487,0.38621986097069516,0.6971356444757761,0.5349421325544808,0.11836404598232339,0.2597590291135203,0.14868617000648085,0.13288536357868846,0.6416782245987365,-0.041710488581370275
2022-05-29,0.36962840622072013,0.6831877613024406,0.4553089380095299,0.4661354581673306,0.4496962458085173,0.4764971398786487,0.38621986097069516,0.6971356444757761,0.11876841314770958,0.2676891203869204,0.1528693419966299,0.12860700238729794,0.6385167054029453,0.03636764417087479
2022-06-05,0.37038405530945595,0.6843691162285206,0.49488680426455844,0.545816733067729,0.5605167747851133,0.4496962458085173,0.4764971398786487,0.38621986097069516,0.12107908266420198,0.2771969242319331,0.15680152366737002,0.12241138388105849,0.6424276475613552,-0.003577821347884078
2022-06-12,0.37025076916060345,0.6835824105424696,0.48956354307436756,0.5378486055776891,0.5038200088282206,0.5605167747851133,0.4496962458085173,0.4764971398786487,0.12362081913234363,0.28602559923087345,0.16049777443786573,0.10954517501685879,0.6377986536341107,-0.03278982282299084
2022-06-19,0.3670886226353762,0.676194299239852,0.4415278273946447,0.4661354581673306,0.46235783059953667,0.5038200088282206,0.5605167747851133,0.4496962458085173,0.12535382126971292,0.2816453880662253,0.16397225016213168,0.10737854105987432,0.6354039858419293,-0.01869213301215252
2022-06-26,0.3627564332491262,0.6663106242076622,0.415557088824723,0.42629482071713143,0.482367446443483,0.46235783059953667,0.5038200088282206,0.5605167747851133,0.1268846398243891,0.27256384547431245,0.1672382573429417,0.10181009940275723,0.6302591100613473,-0.019048194970694474
2022-07-03,0.3575569132952513,0.6545699214279947,0.38960501521548263,0.38645418326693226,0.48186206839199613,0.482367446443483,0.46235783059953667,0.5038200088282206,0.12827104153428454,0.26413098449610767,0.21840570317563188,0.09219369449268053,0.6271219906829436,-0.0057859370670438875
2022-07-10,0.3527582046668861,0.643743488600045,0.3816302541528487,0.3290598290598291,0.5006859104140678,0.48186206839199613,0.482367446443483,0.46235783059953667,0.1304950609439085,0.25354849674398644,0.2174076474400518,0.08104132110480386,0.6256928585216708,-0.07009876045782878
2022-07-17,0.3436603679937808,0.6232704440469491,0.29553828925047565,0.11111111111111134,0.40940323168043424,0.5006859104140678,0.48186206839199613,0.482367446443483,0.1310727283230316,0.22748932994428422,0.21538664938431626,0.08980209488418792,0.622290826840202,-0.02947581813295369
2022-07-24,0.3343612177565572,0.6021033983265324,0.2650029638953222,0.10434782608695643,0.46706157721635466,0.40940323168043424,0.5006859104140678,0.48186206839199613,0.12983074345791695,0.21918445705556383,0.21183480492546986,0.09438053183941303,0.6180243444855731,0.08397972063287612
2022-07-31,0.3330331666972543,0.5990546222683881,0.3806829180116701,0.28260869565217384,0.6280951775107011,0.46706157721635466,0.40940323168043424,0.5006859104140678,0.1289353590202761,0.19976590057795734,0.20639806589760207,0.09907650849211169,0.6207675810975771,-0.01984192079900406
2022-08-07,0.33052604305710576,0.5932804160329996,0.3567126751449763,0.23913043478260865,0.4807354902701196,0.6280951775107011,0.46706157721635466,0.40940323168043424,0.12746230720351223,0.18383656051279407,0.2013962659919637,0.10521534187529052,0.617560747955209,-0.040905498340603474
2022-08-14,0.32566501576553053,0.5819990903715464,0.31057413140685075,0.22435897435897434,0.4508388121220055,0.4807354902701196,0.6280951775107011,0.46706157721635466,0.12315868522904513,0.16904503045228536,0.19679461007877638,0.10024598535420479,0.6152950506263619,-0.002089864919459242
2022-08-21,0.3217866883780403,0.5728958148305631,0.30827912840472993,0.2595419847328243,0.5059319460977172,0.4508388121220055,0.4807354902701196,0.6280951775107011,0.12032811507134195,0.1547782530029086,0.19256108663864407,0.08718473560767884,0.6137578621309441,0.04499736593073572
2022-08-28,0.3220774901389109,0.5735409397008888,0.3726661647260896,0.47457627118644063,0.5727654069774748,0.5059319460977172,0.4508388121220055,0.4807354902701196,0.11850846282710414,0.13988930476151795,0.18866624507372234,0.08483699225996291,0.6165812695715074,-0.004008021397538822
2022-09-04,0.3221305095328482,0.5736282179417712,0.36732319922692536,0.4576271186440675,0.5032094025625742,0.5727654069774748,0.5059319460977172,0.4508388121220055,0.11729536133094562,0.1260638528230838,0.18508299083399438,0.08176780304853312,0.6135312923980594,-0.012121360532344737
2022-09-11,0.32141314797215914,0.5718951399426762,0.3506449299041119,0.42105263157894784,0.4916937002398921,0.5032094025625742,0.5727654069774748,0.5059319460977172,0.11533129224192709,0.11322593316596634,0.18178639693344462,0.07536127436943102,0.6125657567671507,-0.004073325387635898
2022-09-18,0.32068386666876936,0.5701227825375403,0.3448659947651346,0.47916666666666674,0.5031167130671709,0.4916937002398921,0.5032094025625742,0.5727654069774748,0.11336722315290859,0.09877689712841413,0.17875353054493887,0.06852321306457121,0.6114677649847094,0.0
2022-09-25,0.3202452974430623,0.5690304211342528,0.3448659947651346,0.49494949494949486,0.5088982047376236,0.5031167130671709,0.4916937002398921,0.5032094025625742,0.1119230547051008,0.10305104082147278,0.17596329346751355,0.0786227083268187,0.6124193578628252,-0.041672696400568074
2022-10-02,0.31712209193618074,0.5615083689069346,0.2848511368200748,0.32584269662921345,0.44974988630067625,0.5088982047376236,0.5031167130671709,0.4916937002398921,0.11019005256773154,0.10701988853645579,0.17265730760747638,0.08133224744191792,0.6109100548729932,0.0
2022-10-09,0.31484853109500394,0.5559431125941638,0.2848511368200748,0.38775510204081615,0.5088982047376236,0.44974988630067625,0.5088982047376236,0.5031167130671709,0.10874588411992375,0.12193798725068127,0.16968192033344293,0.0856265316830401,0.61172222022318,-0.06823328162893297
2022-10-16,0.30874458565368157,0.5409492855143919,0.20173190085908882,0.1727272727272726,0.41205100697071784,0.5088982047376236,0.44974988630067625,0.5088982047376236,0.10649298134134363,0.14086420604024724,0.16611853448189381,0.09494893223824374,0.6079297914635098,0.01357486909106885
2022-10-23,0.3051063774422658,0.5317455452060837,0.22764266812655432,0.28089887640449446,0.5281657527748432,0.41205100697071784,0.5088982047376236,0.44974988630067625,0.10542429668996595,0.15843855205912988,0.1619157309700476,0.09115746159979388,0.6093554379365843,0.0
2022-10-30,0.3025662556729656,0.5251127872743493,0.22764266812655432,0.40740740740740744,0.5088982047376236,0.5281657527748432,0.41205100697071784,0.5088982047376236,0.10475997920397437,0.18868221086152087,0.15830131994985985,0.09741737028100572,0.6109762829487595,0.0
2022-11-06,0.3009154052958563,0.520602719208581,0.22764266812655432,0.4444444444444444,0.5088982047376236,0.5088982047376236,0.5281657527748432,0.41205100697071784,0.10291144359078044,0.21676560832088398,0.15376377628866644,0.1032301426278453,0.612893411457784,-0.05781957088882625
2022-11-13,0.29633334051180604,0.5085182190861579,0.15961138185233847,0.1919191919191918,0.4268317514909523,0.5088982047376236,0.5088982047376236,0.5281657527748432,0.10062965744324417,0.23675808517902758,0.149952239613264,0.10818314604134954,0.6105510289885759,0.04879016416943204
2022-11-20,0.2962169777022011,0.5076934700254598,0.2583221560570944,0.4040404040404041,0.5781487312489142,0.4268317514909523,0.5088982047376236,0.5088982047376236,0.09953208942291031,0.23478207759489161,0.14675054880592595,0.10878122531969658,0.6126912415422868,0.0
2022-11-27,0.29653744021910683,0.5079909911950173,0.2583221560570944,0.4040404040404041,0.5088982047376236,0.5781487312489142,0.4268317514909523,0.5088982047376236,0.09846340477153254,0.23294721340962254,0.14646791963707062,0.10355716283829616,0.6148279684077995,-0.011402632097811649
2022-12-04,0.2964671427829737,0.5072766965131279,0.2427188487345141,0.3608247422680414,0.49271383049272766,0.5088982047376236,0.5781487312489142,0.4268317514909523,0.09661486915833861,0.23124341095187273,0.1438237200259235,0.09248225495714057,0.6105475433003777,0.02938064439321996
2022-12-11,0.2987171555813729,0.5126346081241244,0.30499359259605485,0.5274725274725272,0.5505997470076169,0.49271383049272766,0.5088982047376236,0.5781487312489142,0.095199584079487,0.22228795280919372,0.12994167206740115,0.08486583737600542,0.6120254750964257,0.043579880704025166
2022-12-18,0.30378052412005113,0.5254004578150077,0.3898321190789703,0.7640449438202247,0.570753493307113,0.5505997470076169,0.49271383049272766,0.5088982047376236,0.09453526659349545,0.19905862938505103,0.1302527543745949,0.08090544598202182,0.613370950740941,0.023183335455657282
2022-12-25,0.3096775565037183,0.5403725933464252,0.43176027590271315,0.8977272727272729,0.5418035702743518,0.570753493307113,0.5505997470076169,0.49271383049272766,0.09424643290393392,0.18309224169305,0.13112171095268954,0.07322680151055871,0.6143155722426603,0.0
2023-01-01,0.31455597162160326,0.5527290021951884,0.43176027590271326,1.0,0.5088982047376236,0.5418035702743518,0.570753493307113,0.5505997470076169,0.09395759921437238,0.16695759523525916,0.13258687751134152,0.07365433708973854,0.6150405953878914,0.05275056538552896
2023-01-08,0.3223733504269055,0.572528698799286,0.5240325424458148,0.9633027522935781,0.5837699435174004,0.5088982047376236,0.5418035702743518,0.570753493307113,0.09499740049679395,0.1603124125657081,0.13396413407647437,0.07494047623038486,0.6180208587973748,-0.026027495244775514
2023-01-15,0.3267153189887631,0.5834328500839853,0.4660929936140623,0.8440366972477061,0.47195596893756314,0.5837699435174004,0.5088982047376236,0.5418035702743518,0.09566171798278553,0.15414188580112498,0.136468001406092,0.07257818102106775,0.612415872174627,-0.00203045755038184
2023-01-22,0.3300353467203641,0.5917283711880452,0.46166618799927217,0.8348623853211011,0.5060162661990593,0.47195596893756314,0.5837699435174004,0.5088982047376236,0.09719253653746174,0.14841211094829782,0.1387715593493402,0.06149320301262301,0.610059546952626,0.022111453607430966
2023-01-29,0.33426731354178757,0.6022359568359106,0.5017103368979347,0.9357798165137612,0.5402821902255002,0.5060162661990593,0.47195596893756314,0.5837699435174004,0.09886777193691873,0.14874691128449802,0.1408908326571286,0.055201147324688365,0.6131757522018403,0.013820555618632316
2023-02-05,0.33858205499518806,0.6128496696913314,0.5262420429311738,0.9478260869565216,0.5285144689900914,0.5402821902255002,0.5060162661990593,0.47195596893756314,0.1007451909190688,0.15675922692782224,0.1428405641002939,0.050692236911575206,0.6178465743874635,0.009756174945364656
2023-02-12,0.3426207375160652,0.6226729364814081,0.5437186759196382,0.8625954198473285,0.5227456730379261,0.5285144689900914,0.5402821902255002,0.5060162661990593,0.10276702674599966,0.1732557992989593,0.1452771817019301,0.0505065297050199,0.6242149267256228,-0.005842275624228291
2023-02-19,0.34523014963890675,0.6289334077359724,0.5269996265406347,0.8173913043478266,0.5006059460439058,0.5227456730379261,0.5285144689900914,0.5402821902255002,0.10542429668996592,0.1795492750207614,0.14856977861448395,0.046332949121883044,0.6187075393724254,0.053244514518812285
2023-02-26,0.3512119962720996,0.6431576337476126,0.6192014963789835,0.9375000000000001,0.5844710323153574,0.5006059460439058,0.5227456730379261,0.5285144689900914,0.10828375021662526,0.20093490127205715,0.15146726389753137,0.052238041425885534,0.6261494836756385,-0.02247285585205863
2023-03-05,0.3539330942953161,0.6494430673900491,0.5539959574885099,0.8245614035087719,0.47700126144054766,0.5844710323153574,0.5006059460439058,0.5227456730379261,0.11079660331581079,0.22079298279111748,0.15512250800177976,0.047940781434115454,0.6196765606915323,-0.050496164014532115
2023-03-12,0.3520262850168043,0.6447836226979888,0.4333439189300844,0.5779816513761473,0.43722626010830623,0.47700126144054766,0.5844710323153574,0.5006059460439058,0.11270290566691699,0.21574961462082898,0.15826601793143338,0.050174461304469814,0.6162815003864599,0.03330376347415941
2023-03-19,0.35278776266136314,0.6464229014177783,0.49232610547769184,0.6979166666666666,0.5561680427193939,0.43722626010830623,0.47700126144054766,0.5844710323153574,0.11472474149384787,0.21106648703413255,0.16096943647093548,0.047358312618484055,0.6193907342592777,0.001924928409584418
2023-03-26,0.35329718061048027,0.6474551592762589,0.4956968319023385,0.7083333333333336,0.5116303600424786,0.5561680427193939,0.43722626010830623,0.47700126144054766,0.11619779331061175,0.21297995390014357,0.17757615035644844,0.050078168312801735,0.6234271611928237,-0.007722046093910278
2023-04-02,0.3528739605360013,0.646305673167029,0.47672347105150303,0.666666666666667,0.49793788585263865,0.5116303600424786,0.5561680427193939,0.43722626010830623,0.11723759459303332,0.21475674456143945,0.17727154893065453,0.04193404679491641,0.6201784997920768,-0.08068891125014276
2023-04-09,0.3464735440070634,0.6311923116034588,0.3190154742094926,0.18181818181818205,0.39437205622353394,0.49793788585263865,0.5116303600424786,0.5561680427193939,0.11712206111720869,0.20432559527937127,0.1769730395333765,0.057044764579209706,0.615434478154291,-0.03419136474827931
2023-04-16,0.33896395813535907,0.6133566466066145,0.26969853351964257,0.0,0.4603685461216893,0.39437205622353394,0.49793788585263865,0.5116303600424786,0.11579342614522559,0.19463952808887935,0.17585652883992217,0.0532933090364672,0.6124995286913845,0.04671762456745978
2023-04-23,0.3362140044484001,0.6067741737001051,0.35688104340012416,0.2500000000000004,0.5752070633718875,0.4603685461216893,0.39437205622353394,0.49793788585263865,0.11547570908670787,0.17995760232213348,0.17478467857420604,0.05336638187240922,0.615758647156726,0.01646127705407193
2023-04-30,0.3351822657542686,0.604296968616112,0.3860609076407563,0.340909090909091,0.5322625881630213,0.5752070633718875,0.4603685461216893,0.39437205622353394,0.1154179423487956,0.1620714655353322,0.17375570231911855,0.051655951585825366,0.6194151340766654,0.006103782938017666
2023-05-07,0.33477911458026427,0.6033271599666541,0.397179542668728,0.3749999999999998,0.5175616349466405,0.5322625881630213,0.5752070633718875,0.4603685461216893,0.11512910865923401,0.1432876763616383,0.17276788511423455,0.042509989445601915,0.6229914501680455,-0.008146684567818026
2023-05-14,0.33385195078858415,0.6010994326084128,0.38177227838821726,0.32954545454545453,0.4973351734331243,0.5175616349466405,0.5322625881630213,0.5752070633718875,0.11452255791115476,0.12891312472639765,0.17181958059754593,0.037573877583883086,0.6202412421796449,0.034174179812593686
2023-05-21,0.33558807186844675,0.6052612725346572,0.4468366540001274,0.522727272727273,0.5574034718421835,0.4973351734331243,0.5175616349466405,0.5322625881630213,0.11426260759054935,0.1246502935575916,0.17090920826152486,0.03876976695215256,0.6340689672620086,0.019570096194097296
2023-05-28,0.3383699372611856,0.6118930505337364,0.48205186447319415,0.6363636363636367,0.5366751037989087,0.5574034718421835,0.4973351734331243,0.5175616349466405,0.114378141066374,0.13764577240682263,0.14906027219701878,0.04788251200535948,0.6473494392972506,0.0
2023-06-04,0.34048071578210454,0.6168843885776868,0.48205186447319415,0.6829268292682926,0.5088982047376236,0.5366751037989087,0.5574034718421835,0.4973351734331243,0.11368494021142628,0.1497130027668228,0.14959170447180814,0.042118077623668315,0.6545613281793807,0.08894748601649612
2023-06-11,0.349043419759617,0.6369184871204072,0.6227781209395046,0.6933333333333331,0.6351461963842097,0.5088982047376236,0.5366751037989087,0.5574034718421835,0.11472474149384784,0.1937170255099353,0.15011250810110172,0.07410934487408632,0.6730842752647551,0.02278801501004078
2023-06-18,0.35745802025273415,0.6561432325057273,0.6519695076432105,0.7800000000000001,0.5412424705226774,0.6351461963842097,0.5088982047376236,0.5366751037989087,0.11689099416555951,0.23457790377139687,0.15201468308489952,0.0735846998244635,0.687779936708477,0.022280270391665604
2023-06-25,0.36566069236926646,0.6743775789965231,0.6794279336258274,0.8666666666666667,0.5405218010444266,0.5412424705226774,0.6351461963842097,0.5088982047376236,0.11894171336144649,0.27484946035305113,0.1538407710693454,0.07131924578699791,0.6915967652855348,0.021794659827420293
2023-07-02,0.3736038459899955,0.6914976279650242,0.7052344142746544,0.9533333333333331,0.539832547629811,0.5405218010444266,0.5412424705226774,0.6351461963842097,0.12133903298480733,0.31503872913814623,0.15559381553441343,0.0785515989748484,0.7113571316812795,-0.07398041299799053
2023-07-09,0.37308443262180596,0.6897883528727917,0.5179415428453488,0.5882352941176471,0.40389379167923617,0.539832547629811,0.5405218010444266,0.5412424705226774,0.12260990121887819,0.35708677497824337,0.1572767382208788,0.0999381954889397,0.6911610542607565,0.021202207650603124
2023-07-16,0.37396357245063605,0.6911303635087741,0.5478378541230923,0.6588235294117648,0.5389916481191049,0.40389379167923617,0.539832547629811,0.5405218010444266,0.12538270463866907,0.3961313889726193,0.16008899977338106,0.09490120708688937,0.6978954038597297,-0.06128043121801353
2023-07-23,0.36921840593776306,0.6803193065388312,0.4307089377191563,0.4588235294117646,0.4219195646996561,0.5389916481191049,0.40389379167923617,0.539832547629811,0.12763560741724916,0.4125020611500421,0.16273252563273322,0.09778170901623826,0.6891358694175871,0.040078223567410524
2023-07-30,0.36828952784188407,0.6778649693561838,0.48820371268198803,0.5625,0.56578340139411,0.4219195646996561,0.5389916481191049,0.40389379167923617,0.12988851019582925,0.4226165305341523,0.16521743994052424,0.09823360626497105,0.6948837692564621,-0.008968669982760375
2023-08-06,0.36642271468208454,0.6734229094142264,0.47169735869714335,0.46808510638297873,0.49616848494706617,0.56578340139411,0.4219195646996561,0.5389916481191049,0.1317659291779793,0.4320085378193977,0.1675532593898478,0.08709438151620616,0.6884352460897436,-0.01634913800152941
2023-08-13,0.3632588463184944,0.6662347837262058,0.44164313179708203,0.4042553191489363,0.4856929863522139,0.49616848494706617,0.56578340139411,0.4219195646996561,0.13329674773265554,0.43255601742666966,0.16974892967221195,0.07897367022087276,0.6830080295651053,-0.003669728888962513
2023-08-20,0.36013591212569396,0.6591921538957928,0.4348043001070757,0.39007092198581556,0.5036895594698636,0.4856929863522139,0.49616848494706617,0.56578340139411,0.13488533302524408,0.4303202701805556,0.17181285973763427,0.07276672245803212,0.6782535508627247,0.08961215868968714
2023-08-27,0.3648117481069003,0.6689673950403715,0.5662534173743261,0.7307692307692308,0.6360896023628471,0.5036895594698636,0.4856929863522139,0.49616848494706617,0.13745595286234188,0.4444467970459725,0.1737529539991312,0.08345225172358314,0.6846637314592627,0.024897551621727087
2023-09-03,0.3702931256111923,0.680219820035832,0.5972480261162948,0.8333333333333333,0.5442366502624055,0.6360896023628471,0.5036895594698636,0.4856929863522139,0.14017098954422044,0.4649589574693877,0.17557664260493838,0.08759510708744353,0.6931827534157278,-0.05043085362689197
2023-09-10,0.36977900933963365,0.6786945447397932,0.49482732909249094,0.5454545454545455,0.4373189586840895,0.5442366502624055,0.6360896023628471,0.5036895594698636,0.14201952515741437,0.4671750328646706,0.1772909098943971,0.09677689511376122,0.6865913170328819,-0.013889112160667037
2023-09-17,0.36778256786289243,0.6740945492172364,0.4696973625903076,0.40816326530612257,0.4891846344663605,0.4373189586840895,0.5442366502624055,0.6360896023628471,0.1422505921090636,0.46923281716029047,0.1789023211464883,0.08707543388719455,0.6784731492192129,0.04612260673565133
2023-09-24,0.36975296211879444,0.6778023385128182,0.5331412085532861,0.6836734693877549,0.5743625222878844,0.4891846344663605,0.4373189586840895,0.5442366502624055,0.142886026226099,0.4782981673825362,0.18041704772345402,0.08740292325659402,0.6825618614757323,-0.015139061215684153
2023-10-01,0.3695575013038398,0.676975715821567,0.5034878083554135,0.5918367346938775,0.4874105139720815,0.5743625222878844,0.4891846344663605,0.4373189586840895,0.142886026226099,0.48671599258890724,0.1818408907058018,0.08281674053400731,0.6787973182216479,-0.003395589001138272
2023-10-08,0.36868846299688945,0.6747752111852455,0.49670974078786234,0.5714285714285711,0.5040786610827143,0.4874105139720815,0.5743625222878844,0.4891846344663605,0.14245277569175668,0.4945325445662519,0.1831793031092087,0.07144500775462798,0.6769359607237951,-0.013698844358161802
2023-10-15,0.3664263765789467,0.6697442356441151,0.4688065684738737,0.558139534883721,0.4894546918790775,0.5040786610827143,0.4874105139720815,0.5743625222878844,0.1430304430708798,0.4938058544981501,0.1844374107684112,0.0631083961451526,0.67503974634396,-0.026202372394024072
2023-10-22,0.36207755943055836,0.6604708250467521,0.41817071325975064,0.3837209302325581,0.4717077563138425,0.4894546918790775,0.5040786610827143,0.4874105139720815,0.1428282594881867,0.47907843395547983,0.204147764095917,0.06292496223903535,0.6727113066275449,0.019281929549450284
2023-10-29,0.3599360185800791,0.6558042181603266,0.4512933811831674,0.5116279069767444,0.5362660932492517,0.4717077563138425,0.4894546918790775,0.5040786610827143,0.1439258275085206,0.4482562753765515,0.20372650680492543,0.0676449107489556,0.6748096909228771,0.017212128881121426
2023-11-05,0.35940236027569394,0.6544841651264994,0.48061652421465983,0.5789473684210529,0.5333283128893118,0.5362660932492517,0.4717077563138425,0.4894546918790775,0.14467679510138065,0.42453782389697653,0.2026286454957874,0.06402544372549623,0.6794630846675092,0.0068027473227524
2023-11-12,0.3592593005567962,0.6539775307128594,0.49240917217062985,0.6315789473684211,0.5185537130115438,0.5333283128893118,0.5362660932492517,0.4717077563138425,0.14568771301484607,0.4037589954185767,0.20157469863901487,0.05444051734100022,0.6822307210969009,0.0
2023-11-19,0.3588404156620955,0.6529123451380797,0.49240917217062985,0.6315789473684211,0.5088982047376236,0.5185537130115438,0.5333283128893118,0.5362660932492517,0.14695858124891686,0.38950573722388554,0.20056290965651324,0.04731851218964109,0.68502275734368,0.0016934805063331477
2023-11-26,0.3583560720434084,0.6517240305356199,0.4957406645470739,0.6351351351351356,0.5113018534790569,0.5088982047376236,0.5185537130115438,0.5333283128893118,0.14831609958985617,0.377544615974735,0.19959159223331172,0.04203893441763373,0.6884317604015453,0.001690617477907452
2023-12-03,0.3578259626850591,0.6504538508235501,0.4992857416038903,0.6486486486486495,0.5112977898275142,0.5113018534790569,0.5088982047376236,0.5185537130115438,0.1482294494829877,0.3664378605290951,0.1986591275070382,0.036691898435065845,0.6908229425055286,0.005054770661624054
2023-12-10,0.3575577781196501,0.6497260785721183,0.5104459875919899,0.7727272727272727,0.5160727149215963,0.5112977898275142,0.5113018534790569,0.5088982047376236,0.14779619894864535,0.3561244447581438,0.19776396136981564,0.029503939051304495,0.7005270984493905,0.055569851154810786
2023-12-17,0.3620198316665053,0.6585216168057603,0.6182787236644641,0.6159420289855071,0.5877715087351473,0.5160727149215963,0.5112977898275142,0.5113018534790569,0.14921148402749695,0.38603048145282487,0.17627997407647436,0.05928421983982088,0.7117614715122738,0.0015885626851379615
2023-12-24,0.3653233524563944,0.6648504895141678,0.6210197955058836,0.6231884057971013,0.5111529379244185,0.5877715087351473,0.5160727149215963,0.5112977898275142,0.15088671942695395,0.4138003726693145,0.1771743357096565,0.054039090481351415,0.7153447589800503,0.09531017980432474
2023-12-31,0.3767254842173485,0.6868572341304675,0.7519921536539657,1.0,0.6441771128063624,0.5111529379244185,0.5877715087351473,0.5160727149215963,0.15360175610883253,0.4530008830946412,0.17805081011017496,0.0713971586479698,0.7216399118660469,0.1435817284780242
2024-01-07,0.40076102293700955,0.7316917413455732,0.8627110008768758,0.8767123287671234,0.7126915402135041,0.6441771128063624,0.5111529379244185,0.5877715087351473,0.1596672635896251,0.5067511136970677,0.17991127932598833,0.12308103748757374,0.7393123510310541,0.16126814759612232
2024-01-14,0.4392343309533827,0.7988739687270083,0.9310106867455287,0.8319327731092437,0.7377948342252716,0.7126915402135041,0.6441771128063624,0.5111529379244185,0.16983420946219172,0.5660267035998638,0.18537065311730394,0.205305170654981,0.7559739406185757,-0.0659579677917974
2024-01-21,0.4594068383855763,0.8300084281166353,0.7716105759114321,0.7058823529411764,0.4152804833187147,0.7377948342252716,0.7126915402135041,0.6441771128063624,0.1784992201490382,0.6210683227953173,0.19698299697939078,0.23097506787732397,0.7480335429030163,-0.06696570679518239
2024-01-28,0.4654488356313464,0.8362734122663831,0.6468414421257181,0.5861344537815126,0.41385014468882136,0.4152804833187147,0.7377948342252716,0.7126915402135041,0.18595112933972616,0.6047745297174018,0.20766635333251066,0.31082733549105357,0.7355059795185911,-0.10091516584397787
2024-02-04,0.45714192556514255,0.8192940093211986,0.507452595363888,0.38666666666666677,0.36566383595375984,0.41385014468882136,0.4152804833187147,0.7377948342252716,0.1908035353243602,0.5896445790021945,0.20998055735580035,0.33073821885935,0.7304238461255771,-0.04677606479773083
2024-02-11,0.4442518099537161,0.7954304011339888,0.45615844671048367,0.28571428571428564,0.44250639871458564,0.36566383595375984,0.41385014468882136,0.4152804833187147,0.19438507307492345,0.5717055739693037,0.20998055735580035,0.3243309253933473,0.7243343488432759,0.011204599012863062
2024-02-18,0.4340442998885022,0.7764224706373285,0.46614932454081714,0.2993039443155452,0.5248014998832216,0.44250639871458564,0.36566383595375984,0.41385014468882136,0.1980821443013113,0.5550479264387623,0.21962410887880748,0.3028213139467067,0.731253439916755,-0.08422973402775295
2024-02-25,0.41642745089653316,0.7456432372370891,0.3822219220473083,0.18181818181818185,0.38934637439181957,0.5248014998832216,0.44250639871458564,0.36566383595375984,0.20010398012824213,0.5075248203107215,0.33052495139338944,0.33575204143645254,0.7261015927597766,0.02985296314968113
2024-03-03,0.40458418646195826,0.724667311444634,0.40986265443321357,0.22727272727272727,0.5512701346384621,0.38934637439181957,0.5248014998832216,0.44250639871458564,0.20267459996533996,0.4633962217632553,0.32767336357744653,0.31831691598090506,0.7306016162236867,0.051587368790493054
2024-03-10,0.3997332717635311,0.7155676052483737,0.4575762846675462,0.309090909090909,0.5821189554952523,0.5512701346384621,0.38934637439181957,0.5248014998832216,0.2062561377159032,0.4288516121956492,0.32487880751782244,0.306572865714936,0.7324769164743324,0.009729055198119159
2024-03-17,0.3961857446960029,0.708780269982068,0.46670777541917874,0.32499999999999996,0.5227071805096148,0.5821189554952523,0.5512701346384621,0.38934637439181957,0.209953208942291,0.40138803915634297,0.3221401425793908,0.28944368346239535,0.7372174524239201,0.051224135702921184
2024-03-24,0.39822178807819525,0.7113214608460388,0.515082516072576,0.41136363636363626,0.5816033990713525,0.5227071805096148,0.5821189554952523,0.5512701346384621,0.2137658136445035,0.3798539789460863,0.3194562509397278,0.2788728651306263,0.7423239856343216,-0.06796092805844495
2024-03-31,0.391772660506343,0.6998958860045894,0.43414709273936924,0.2977272727272726,0.41243757316647867,0.5816033990713525,0.5227071805096148,0.5821189554952523,0.21610536652995202,0.35525875123265155,0.31682603713285806,0.27439195615385953,0.7398874895837615,-0.059394717418229014
2024-04-07,0.3800619313469011,0.6798678409932851,0.3752646806882606,0.20454545454545453,0.4245960605817195,0.41243757316647867,0.5816033990713525,0.5227071805096148,0.21544104904396047,0.3218092055830286,0.31424842760212574,0.26622997392695485,0.7386500702733911,-0.015037877364540559
2024-04-14,0.3688842905097817,0.660745405562024,0.36137731426280006,0.18181818181818185,0.4875541297004853,0.4245960605817195,0.41243757316647867,0.5816033990713525,0.21139737739009876,0.2948492381975572,0.31172237026200805,0.24842585953363838,0.7355303793359786,0.08701137698962969
2024-04-21,0.3684625923146546,0.6597746200744125,0.4469329611420437,0.38251366120218583,0.6323981718227805,0.4875541297004853,0.4245960605817195,0.41243757316647867,0.20504303621974465,0.2758398359487401,0.30924683406869274,0.25501115484216386,0.7430699229087421,-0.09156719352549039
2024-04-28,0.3585307098079551,0.6427876868846397,0.35981627659876625,0.25666666666666677,0.37893192012376165,0.6323981718227805,0.4875541297004853,0.4245960605817195,0.19860204494252212,0.2562974009989781,0.3068208085992437,0.2580140755544385,0.7406438839227766,0.01660415505203516
2024-05-05,0.35205539239039585,0.6316428734988819,0.3755044002793483,0.35199999999999987,0.5324653826556053,0.37893192012376165,0.6323981718227805,0.4875541297004853,0.19412512275431806,0.24794023537411586,0.30444330363918365,0.2519110837589003,0.7419893595672918,0.002989538848365986
2024-05-12,0.3470491727630153,0.6230003173597799,0.37849545349086355,0.49723756906077365,0.5131414193854851,0.5324653826556053,0.37893192012376165,0.6323981718227805,0.19198775345156252,0.24018001015102947,0.3021133487783248,0.23068403814911975,0.7434951768689256,0.04380262265839284
2024-05-19,0.34733536674517757,0.6234479552675127,0.42347693455973345,0.6629834254143648,0.5710696430450509,0.5131414193854851,0.5324653826556053,0.37893192012376165,0.191698919762001,0.23844991523758968,0.2998299930146831,0.22075377007123892,0.7475560036198592,-0.034887259000440665
2024-05-26,0.3438877969031512,0.617489938029371,0.38623688032560244,0.5303867403314916,0.4593808256624795,0.5710696430450509,0.5131414193854851,0.5324653826556053,0.19048581826584252,0.23547252164633187,0.2975923043663143,0.21331109049030816,0.7445931686513669,0.0
2024-06-02,0.34105508218153907,0.6125882759228625,0.38623688032560244,0.2201834862385315,0.5088982047376236,0.4593808256624795,0.5710696430450509,0.5131414193854851,0.19094795216914104,0.23054744737050675,0.29539936949091283,0.1983977545253443,0.7458933303493053,0.06027649300526008
2024-06-09,0.3448629134035501,0.6191154477717432,0.45272764931917586,0.6055045871559633,0.5944519008140059,0.5088982047376236,0.4593808256624795,0.5710696430450509,0.19204552018947488,0.2362580597148614,0.29325029331301944,0.20277706409459678,0.7476187460074273,0.024760549680652118
2024-06-16,0.35032917736077185,0.6283987789949578,0.4792439546921947,0.7706422018348622,0.5440421959760956,0.5944519008140059,0.5088982047376236,0.4593808256624795,0.192623187568598,0.2456301383056439,0.29114419865868385,0.1975075767576911,0.7489921071575284,-0.07766781257936384
2024-06-23,0.3463839792554818,0.6216344688522766,0.38543340287345007,0.26605504587155904,0.3986600654392331,0.5440421959760956,0.5944519008140059,0.5088982047376236,0.1914100860724395,0.2467701068886069,0.289080225897435,0.20106132863608228,0.7474862898558947,0.05568890586058863
2024-06-30,0.3488218685009944,0.6257350713260842,0.4445863582656624,0.7727272727272727,0.5879404895368952,0.3986600654392331,0.5440421959760956,0.5944519008140059,0.19022586794523713,0.250349720096199,0.2870575325914111,0.197248106557611,0.7511148912702482,0.008298802814695064
2024-07-07,0.35141925974111804,0.6300679831617423,0.4534141981641565,0.84090909090909,0.5206771457212055,0.5879404895368952,0.3986600654392331,0.5440421959760956,0.19065911847957948,0.2586686950750653,0.2850752931515077,0.18526041022208417,0.7547190928672142,0.010959013789719602
2024-07-14,0.3544037570406525,0.6350060146625032,0.46566316822790066,0.9318181818181824,0.5244529274548317,0.5206771457212055,0.5879404895368952,0.3986600654392331,0.19250765409277334,0.2663934575554411,0.28313269850040235,0.17146155245915706,0.757828326740032,0.008141157583699866
2024-07-21,0.3573657911887459,0.6398500931360216,0.4752071237219997,1.0,0.520453391293766,0.5244529274548317,0.5206771457212055,0.5879404895368952,0.1948183236092658,0.27517861898968393,0.28122895574231915,0.15509176012509313,0.7587241486069762,-0.005420067469339256
2024-07-28,0.35881777057980924,0.642137609105564,0.4667611537049289,0.9518072289156619,0.5012052089798101,0.520453391293766,0.5244529274548317,0.5206771457212055,0.19528045751256426,0.28075100204966913,0.27936328783939757,0.13944666776347267,0.7572566738755229,0.0054200674693393345
2024-08-04,0.36023707190088833,0.6443462815171768,0.4739575601932331,0.9523809523809517,0.5165912004954372,0.5012052089798101,0.520453391293766,0.5244529274548317,0.19767777713592513,0.28833639160518804,0.27753493329453444,0.12625279472479417,0.7620111525779035,0.0026990569691649835
2024-08-11,0.36132285636206507,0.6459832199807407,0.47776193161310887,0.8541666666666674,0.5127291226978412,0.5165912004954372,0.5012052089798101,0.520453391293766,0.19981514643868062,0.2990053763002745,0.2757431458405686,0.1202253339087335,0.7648345600184668,0.0
2024-08-18,0.3618432248186447,0.6466785929008367,0.47776193161310887,0.8541666666666674,0.5088982047376236,0.5127291226978412,0.5165912004954372,0.5012052089798101,0.2018947490035238,0.30891229065999765,0.273987194135682,0.10929355510537275,0.7674104835969561,0.013387080782459279
2024-08-25,0.36337337345012,0.6490076213992737,0.4989002387935074,0.9583333333333341,0.5278992146423066,0.5088982047376236,0.5127291226978412,0.5165912004954372,0.20339668418924386,0.31877691252553336,0.2722663614648932,0.10003175946223139,0.770383775630043,-0.0351863091250438
2024-09-01,0.3604259026350036,0.64405109408286,0.4282970917127574,0.5999999999999995,0.4589563675993724,0.5278992146423066,0.5088982047376236,0.5127291226978412,0.20484085263705157,0.33386254190858966,0.2705799454475202,0.10654693154181988,0.7669747725721777,0.03118896869242354
2024-09-08,0.36115154505690794,0.645083998415662,0.4794193811271654,0.807339449541285,0.5531663997736976,0.4589563675993724,0.5278992146423066,0.5088982047376236,0.20694933857085093,0.3456971001215092,0.2689272577504946,0.10459445783305255,0.7711401699690581,-0.024325523767441157
2024-09-15,0.35876604312818444,0.6410775695148564,0.4317502476314513,0.5617977528089884,0.4743716693747108,0.5531663997736976,0.4589563675993724,0.5278992146423066,0.20732482236728092,0.3566863327477917,0.2673076238074095,0.10189230471493213,0.767271056069027,-0.0068634449249824
2024-09-22,0.35586653021004494,0.6362596816288647,0.41863366749349973,0.5056179775280896,0.4991565450644623,0.4743716693747108,0.5531663997736976,0.4589563675993724,0.20703598867771936,0.3660654617481459,0.26572038254318614,0.0918254570882818,0.7632938858348508,0.01910017137341943
2024-09-29,0.35536887510071713,0.6353553182758968,0.4530071119923591,0.5714285714285715,0.536008114010974,0.4991565450644623,0.4743716693747108,0.5531663997736976,0.20874010744613256,0.36638551600070296,0.2641648861042472,0.09092451726905282,0.7707009732560817,-0.020478531343540676
2024-10-06,0.3525284585670926,0.6306647039417662,0.41103786930941744,0.2241379310344824,0.4798319143928443,0.536008114010974,0.4991565450644623,0.4743716693747108,0.20888452429091328,0.3694381102023059,0.26264049959408714,0.08875421756837129,0.7688535585110217,0.0068728792877620504
2024-10-13,0.35080231470415335,0.6277960771614007,0.4243411895951229,0.3103448275862066,0.5186532551136225,0.4798319143928443,0.536008114010974,0.4991565450644623,0.20900005776673788,0.37136845100702975,0.2611466008141302,0.08007037564646499,0.7698190941419304,0.013605652055778678
2024-10-20,0.3506981976734927,0.6275669753925209,0.45124718873699476,0.48275862068965497,0.5282094447064041,0.5186532551136225,0.4798319143928443,0.536008114010974,0.2091733579804749,0.37804217538573043,0.2596825800097724,0.07645251723316288,0.7714050822721233,0.037139546949456786
2024-10-27,0.3544917459894449,0.6336202530615097,0.5203256543442432,0.9655172413793099,0.5616123782687724,0.5282094447064041,0.5186532551136225,0.4798319143928443,0.20998209231124718,0.3967516438283621,0.25824783962150183,0.0775387863635646,0.7760305905111696,0.0
2024-11-03,0.3572114292652659,0.6378866209528973,0.5203256543442432,0.9655172413793099,0.5088982047376236,0.5616123782687724,0.5282094447064041,0.5186532551136225,0.2109063601178441,0.4141247216679487,0.25684179404099655,0.06876690485345088,0.7805584994806655,0.08961215868968714
2024-11-10,0.36956141208384585,0.6572868498421087,0.6576577616768015,1.0,0.6360896023628471,0.5088982047376236,0.5616123782687724,0.5282094447064041,0.21379469701345963,0.45064018602442507,0.18794556059624107,0.09529811717610998,0.7861495433506204,0.25131442828090617
2024-11-17,0.41382192162558695,0.7240697548140524,0.8527377494368132,0.7187499999999999,0.8656024047460438,0.6360896023628471,0.5088982047376236,0.5616123782687724,0.22355727572064008,0.5141036144490176,0.18963058976020739,0.252416373655497,0.8160672051559964,0.07145896398214505
2024-11-24,0.45923996207057705,0.7873165853172523,0.8843119382462991,0.875,0.6103237884378578,0.8656024047460438,0.6360896023628471,0.5088982047376236,0.23563052394431286,0.5730339408432822,0.19791056383668176,0.28894745402318645,0.8344611817780364,0.2436220826577505
2024-12-01,0.5400561165671525,0.8894452163802391,0.9558778619452052,0.928657799274486,0.8546842413502318,0.6103237884378578,0.8656024047460438,0.6360896023628471,0.2566576165443938,0.6346428594264601,0.2058593389500972,0.43001076047069126,0.8791477044792971,-0.055569851154810765
2024-12-08,0.5893368525083,0.9418666716093237,0.8400528849065935,0.8319226118500604,0.43002490074009997,0.8546842413502318,0.6103237884378578,0.8656024047460438,0.2761250072208423,0.6918511409679826,0.22343000803629293,0.4831982074594699,0.8617192634881659,-0.02166149678117942
2024-12-15,0.6206422480958489,0.9687168044180936,0.7992132729652345,0.7956469165659009,0.47815286738007634,0.43002490074009997,0.8546842413502318,0.6103237884378578,0.29406157934261457,0.7449731166851105,0.23994643697731688,0.4641226311735,0.8558319361213617,0.007272759329079878
2024-12-22,0.6433424433595396,0.9836594214899617,0.8027212762575952,0.8077388149939541,0.5192208265468001,0.47815286738007634,0.43002490074009997,0.8546842413502318,0.31280688579515914,0.7836303560330798,0.25547188018187944,0.4464095960508136,0.8586832290675107,0.03559094510270253
2024-12-29,0.6648767810614066,0.9956986043474596,0.8201521188089594,0.8681983071342201,0.5594143636674754,0.5192208265468001,0.47815286738007634,0.43002490074009997,0.33314077754029225,0.8209307825069162,0.2700657967941682,0.42996177772260485,0.8632913088655658,-0.021202207650602937
2025-01-05,0.6735826916631591,0.993944493784517,0.7757866186826504,0.8302808302808302,0.4788047613561425,0.5594143636674754,0.5192208265468001,0.47815286738007634,0.3522038010513546,0.8555668928040498,0.2837840784097197,0.405797385389475,0.8605933862001387,0.0
2025-01-12,0.6765147277763028,0.9866117601639297,0.7757866186826504,0.8302808302808302,0.5088982047376236,0.4788047613561425,0.5594143636674754,0.5192208265468001,0.3717000750967593,0.8809297362058433,0.2966792631283381,0.3789133119945294,0.863015939497906,0.007117467768863955
2025-01-19,0.676348359580782,0.9767245975859895,0.7803146966359963,0.8424908424908425,0.5190004128119668,0.5088982047376236,0.4788047613561425,0.5594143636674754,0.39134076598694467,0.9052712086872713,0.30880073676383935,0.3623963768190261,0.8674950488326267,0.007067167223092353
2025-01-26,0.6737563625758578,0.9651247318622564,0.7850379681555176,0.8506900878293601,0.5189290185189206,0.5190004128119668,0.5088982047376236,0.4788047613561425,0.41098145687713017,0.9279173628919658,0.3201949219812105,0.33861237546482675,0.8707158247277877,0.054141347507291326
2025-02-02,0.6793585128904152,0.9613959403080321,0.8197584014910227,0.9490445859872612,0.5857439560224634,0.5189290185189206,0.5190004128119668,0.5088982047376236,0.4320951995840794,0.9521590362221309,0.33090545608553945,0.35164833312653887,0.8798796990009247,0.03860472832809582
2025-02-09,0.6883993369332957,0.9606874198447146,0.8420997706165395,0.9975186104218363,0.56369198967473,0.5857439560224634,0.5189290185189206,0.5190004128119668,0.45491306105944196,0.9767770527854088,0.3409733581436087,0.34730402733851135,0.8844982358635745,0.0012828738128891231
2025-02-16,0.6917166589681635,0.9549920113253263,0.8428402568543175,0.984952120383037,0.510719057126675,0.56369198967473,0.5857439560224634,0.5189290185189206,0.4757090867078736,0.9999999999999999,0.3541361894273112,0.32637633458145027,0.8903193351546123,-0.03922071315328127
2025-02-23,0.681468011252286,0.9382524946814899,0.7364711505829488,0.8657844990548206,0.4532301191255098,0.510719057126675,0.56369198967473,0.5857439560224634,0.4878401016694587,0.9887412858869137,0.3696298938805619,0.34517657515757544,0.8816434572292271,0.0
2025-03-02,0.6694597487451874,0.9208891482056789,0.7364711505829488,0.7593220338983052,0.5088982047376236,0.4532301191255098,0.510719057126675,0.56369198967473,0.4976604471145515,0.9782867656390476,0.38357422788848755,0.31373114146511516,0.886171366198723,-0.016129381929883644
2025-03-09,0.6527088368446234,0.9004447292411071,0.6936885076874548,0.6779661016949153,0.4860048980648426,0.5088982047376236,0.4532301191255098,0.510719057126675,0.49754491363872677,0.9464336699409003,0.3961241284956206,0.3178746283213406,0.8831492745308609,0.0
2025-03-16,0.6359339476903509,0.8808461353386328,0.6936885076874548,0.6058091286307054,0.5088982047376236,0.4860048980648426,0.5088982047376236,0.4532301191255098,0.49974004967939456,0.9168557953640492,0.40741903904204035,0.28837933368861135,0.8850280604697048,0.0
2025-03-23,0.6193314397664132,0.8621612801283145,0.6936885076874548,0.6058091286307054,0.5088982047376236,0.5088982047376236,0.4860048980648426,0.5088982047376236,0.502801686788747,0.8893906261141159,0.41758445853381815,0.26099084581536275,0.8879072389214397,-0.016393809775676497
2025-03-30,0.5995523106187958,0.8415667185945641,0.6450654216404124,0.3769633507853398,0.4856295812800535,0.5088982047376236,0.5088982047376236,0.4860048980648426,0.5048812893535901,0.8564217546026542,0.4267333360764182,0.24622838030995514,0.8851814307504268,-0.015267472130788308
2025-04-06,0.5778015188597091,0.8200099797847689,0.6016110723179688,0.442687747035573,0.4872282533949316,0.4856295812800535,0.5088982047376236,0.5088982047376236,0.5048812893535901,0.7920086595656269,0.5090732339598184,0.28142317656808175,0.8811833463870613,0.0
2025-04-13,0.5579629895653966,0.8006082567070064,0.6016110723179688,0.442687747035573,0.5088982047376236,0.4872282533949316,0.4856295812800535,0.5088982047376236,0.5057477904222748,0.7321964998883873,0.5074335709656512,0.2545315570605853,0.8838464121705062,0.12475170497247684
2025-04-20,0.5675640526018212,0.8056929681713545,0.7517564475377362,0.8118279569892474,0.6859650664625487,0.5088982047376236,0.4872282533949316,0.4856295812800535,0.512102131592629,0.7140222951063854,0.42709008425145817,0.3495949128294032,0.8930730288312111,0.020770447357206914
2025-04-27,0.5773651887486071,0.8106503688393687,0.7702808820911876,0.9032258064516131,0.5383788273148845,0.6859650664625487,0.5088982047376236,0.4872282533949316,0.5191496736179307,0.6971462478088123,0.42950097213220995,0.3329492944800321,0.8952202127613185,-0.00911029683980689
2025-05-04,0.5800637532430155,0.8098004079283815,0.7420880249168883,0.8629032258064518,0.4959674662666504,0.5383788273148845,0.6859650664625487,0.5088982047376236,0.5254751314193287,0.6753709687545358,0.4318636422553467,0.3166035070527796,0.8885834624318957,-0.027212563524884815
2025-05-11,0.5729366418395034,0.8013705930983329,0.6622037920831522,0.7446236559139784,0.4702739372464131,0.4959674662666504,0.5383788273148845,0.6859650664625487,0.5282479348391196,0.6406818538896379,0.4341790589760207,0.32276467948126303,0.8852755443317789,0.03268869525047217
2025-05-18,0.5723419624118635,0.7982113131001235,0.6998256003458582,0.8870967741935486,0.5552950430266118,0.4702739372464131,0.4959674662666504,0.5383788273148845,0.5308474380451735,0.6155752896340762,0.43644816736228126,0.3231509172621218,0.8915323546475951,0.034002679248200114
2025-05-25,0.5774555422368357,0.7994453097803335,0.7355680455852868,1.0,0.5571600517885024,0.5552950430266118,0.4702739372464131,0.4959674662666504,0.535035526543816,0.5993137163016621,0.4386718935808166,0.31861928663589,0.894303476765185,0.008759180089881554
2025-06-01,0.5808565903408878,0.7993176585804618,0.7444770053430548,1.0,0.5213305841599405,0.5571600517885024,0.5552950430266118,0.4702739372464131,0.5413898677141701,0.5860194374448598,0.443224823411142,0.30151878756326056,0.8969839709896209,0.0
2025-06-08,0.5806891028597905,0.7965439507438111,0.7444770053430548,1.0,0.5088982047376236,0.5213305841599405,0.5571600517885024,0.5552950430266118,0.5477442088845242,0.5736747499349721,0.45007268202980466,0.2736363381789552,0.8995110949333349,0.0
2025-06-15,0.5777276628545001,0.7918168226698925,0.7444770053430548,0.9548693586698336,0.5088982047376236,0.5088982047376236,0.5213305841599405,0.5571600517885024,0.554791750909826,0.5647293137671416,0.45650966913134755,0.25974890685324964,0.9056598489150061,0.044350645224067016
2025-06-22,0.5839888376765698,0.7938424698939305,0.7925000200998692,0.8586762075134172,0.571847481198684,0.5088982047376236,0.5088982047376236,0.5213305841599405,0.5640921957137082,0.5718557939489357,0.4650699066183381,0.3042030821123316,0.9108848955241473,0.028510703040804858
2025-06-29,0.5936117353345098,0.7981087941198138,0.8190858301919385,0.9516994633273705,0.5493649920582487,0.571847481198684,0.5088982047376236,0.5088982047376236,0.5748945757033102,0.5784732398320301,0.4793859878942878,0.32280884280200667,0.9137884737932698,0.13623044959368769
2025-07-06,0.6375584597972143,0.8255435440279916,0.9066730381733853,1.0,0.7022574713404466,0.5493649920582487,0.571847481198684,0.5088982047376236,0.5941886661660216,0.6043409108988738,0.4922704610426426,0.4129952495892944,0.9196862582246685,0.0727593542824283
2025-07-13,0.6918505534684415,0.8576789098366421,0.9364638234323593,0.9555555555555556,0.6121695029276076,0.7022574713404466,0.5493649920582487,0.571847481198684,0.6187395297787535,0.637189073830864,0.5156348171238768,0.4700655156638252,0.9303385213584481,0.09251520892913252
2025-07-20,0.7625273503538574,0.8971268660520877,0.9649939193397793,0.9549469964664311,0.6402100590367001,0.6121695029276076,0.7022574713404466,0.5493649920582487,0.6496736179307954,0.6748337802110013,0.548695456660429,0.550622730492391,0.9528804669363773,0.17523264862183113
2025-07-27,0.8828701930555554,0.960732552643561,1.0,0.9305828421741977,0.7576154080019769,0.6402100590367001,0.6121695029276076,0.7022574713404466,0.6889549997111664,0.7193790360757938,0.593217858254514,0.7645765529271076,0.9741431649455575,-0.02377021933391196
2025-08-03,0.9606711189309873,0.99385783928193,0.9364954320836784,0.8847413228552716,0.475159843078378,0.7576154080019769,0.6402100590367001,0.6121695029276076,0.725232511120097,0.7607424879502439,0.6664386437687015,0.7342939415646712,0.9657496277642287,-0.05292240145434255
2025-08-10,0.9925852625769163,1.0,0.8115454232398668,0.7865094957432873,0.43378256970454354,0.475159843078378,0.7576154080019769,0.6402100590367001,0.757610767719947,0.7621854065830159,0.7264796878903352,0.8004234064859301,0.9598100150744511,-0.025317807984289783
2025-08-17,1.0,0.9932510950825779,0.7587035587313838,0.7377158034528553,0.4729632665616565,0.43378256970454354,0.475159843078378,0.7576154080019769,0.7892669400958928,0.7635252595991613,0.775713344070075,0.7671357346750165,0.9557143314415353,-0.034401426717332435
2025-08-24,0.9849264074024913,0.9758904604178584,0.6918899672896769,0.6620305980528509,0.46007039377470377,0.4729632665616565,0.43378256970454354,0.475159843078378,0.8167639073421524,0.7539180404180762,0.8160849421374614,0.7460063136960835,0.9467805125894814,-0.14014663174324182
2025-08-31,0.9160839004870425,0.9333351832450939,0.49213582380690746,0.4074605451936872,0.3099804883860159,0.46007039377470377,0.4729632665616565,0.43378256970454354,0.8327941771128183,0.6975345120834558,1.0,0.9259984750167161,0.9398614215160022,0.12464244520727659
2025-09-07,0.8992560842977366,0.9178872334787846,0.5867299898564451,0.6174545454545454,0.6858099881512656,0.3099804883860159,0.46007039377470377,0.4729632665616565,0.8570562070359886,0.6451783786298796,0.9933506156837328,0.9864370353312144,0.9429357985068377,-0.023716526617316044
2025-09-14,0.870859086972269,0.8975615130498074,0.5572777390984267,0.5738181818181818,0.4752360520634754,0.6858099881512656,0.3099804883860159,0.46007039377470377,0.8795852348217896,0.596561968994416,0.9868342190537912,0.9803186284246965,0.9400287345495171,0.03922071315328133
2025-09-21,0.8570607296482802,0.8851286980695849,0.5868183833104004,0.644216691068814,0.5645662903497375,0.4752360520634754,0.6858099881512656,0.3099804883860159,0.905002599503206,0.5542510817985422,0.9804481503564484,0.9924200869253732,0.945867262281546,-0.027292142288007512
2025-09-28,0.8300593986763201,0.866924615244348,0.5508203692443221,0.585692995529061,0.47016098679135365,0.5645662903497375,0.4752360520634754,0.6858099881512656,0.9261452255791115,0.5149624008309451,0.9741898030330524,0.9592000646770358,0.9389377141434723,0.026907452919924187
2025-10-05,0.8132974957093515,0.8542860505897932,0.5727916565934965,0.605987055016181,0.5470894121972194,0.47016098679135365,0.5645662903497375,0.4752360520634754,0.9477788689272716,0.47848005421817646,0.9680566226561242,0.91501577390389,0.9467561127720937,0.041821879232256415
2025-10-12,0.8108754956553508,0.8488753615722986,0.6067577979878553,0.6335282651072124,0.5682582664596517,0.5470894121972194,0.47016098679135365,0.5645662903497375,0.964820056611403,0.4568959376345822,0.9620461058867348,0.9228903038419742,0.9578754581244355,0.06776210210081875
2025-10-19,0.831239793782163,0.8541435055456377,0.658576584202647,0.8187134502923975,0.6050766318422717,0.5682582664596517,0.5470894121972194,0.47016098679135365,0.9827277453642193,0.45430512381800753,0.6675307841866494,1.0,0.9803232901210126,-0.03509131981127006
2025-10-26,0.8269222315936731,0.847922306726915,0.6027425491046415,0.7212475633528265,0.45909119108487934,0.6050766318422717,0.5682582664596517,0.5470894121972194,0.9913638726821098,0.4518993681311882,0.6739274141283214,0.9662385553891892,0.9746172185405163,-0.06644509940815274
2025-11-02,0.7916466321693278,0.8280161169847318,0.5114953206659157,0.5673758865248227,0.41458907099233355,0.45909119108487934,0.6050766318422717,0.5682582664596517,0.9809658598578938,0.42999212301726314,0.6801961114711599,0.9793457333924023,0.9705494204131863,0.022642476749759752
2025-11-09,0.7675269625265506,0.8137434373231334,0.5315219681852857,0.6281661600810537,0.5410359001754861,0.41458907099233355,0.45909119108487934,0.6050766318422717,0.9743226849979781,0.4096496811257611,0.6863394348671419,0.9826252662241639,0.981484024291022,0.0
2025-11-16,0.7436703614582145,0.8000276447274177,0.5315219681852857,0.6281661600810537,0.5088982047376236,0.5410359001754861,0.41458907099233355,0.45909119108487934,0.9720120154814856,0.3907602707979379,0.6923598917952041,0.9056477831698044,0.9824600169865254,0.0
2025-11-23,0.7202917383449922,0.7869188192896212,0.5315219681852857,0.6281661600810537,0.5088982047376236,0.5088982047376236,0.5410359001754861,0.41458907099233355,0.9716942984229681,0.37068326403690177,0.698259939584705,0.8492841026532618,0.9912927508808307,0.029413885206293407
2025-11-30,0.7092236228156443,0.7796598618727626,0.5618667248373141,0.7092198581560284,0.5506469274966803,0.5088982047376236,0.5088982047376236,0.5410359001754861,0.9763156374559528,0.35770140160650693,0.704041986418416,0.8227315120130152,0.9953849488255484,0.01438873745209967
2025-12-07,0.7020918240434681,0.7743486578351334,0.5768323714368615,0.6861499364675986,0.5293209202859945,0.5506469274966803,0.5088982047376236,0.5088982047376236,0.9919126566922766,0.34960148465425656,0.7097083923154527,0.7794035568303637,0.9975913894550255,-0.05129329438755058
2025-12-14,0.6718687073416376,0.7590067096603436,0.4914138889691242,0.4018547140649151,0.43609484973145296,0.5293209202859945,0.5506469274966803,0.5088982047376236,0.994800993587892,0.3263384579235824,0.7152614700945488,0.7791818373598276,0.9950572941349152,0.007490671729157659
2025-12-21,0.6472377259669142,0.7464485741511859,0.5001733665848805,0.4327666151468316,0.5195301214363668,0.43609484973145296,0.5293209202859945,0.5506469274966803,0.9999999999999999,0.304737075959385,0.7207034863180628,0.7345188641382212,1.0,0.003724399090982494
