,MACD,PPO,RSI,STOCH,Lag_1,Lag_2,Lag_3,Lag_4,SMA,ADX,SAR,ATR,OBV,Target_Return
2010-08-01,0.06722008100990096,0.2931012689521981,0.3808104635730325,0.7551020408163267,0.2500673107176828,0.25711884238014165,0.3886031982468787,0.28945001235528184,0.026089941640920017,0.21284920702738314,0.029536,0.07694696547912339,0.8797840248668599,-0.07550755250814517
2010-08-08,0.06758089173137784,0.2953990784584258,0.32761580749463604,0.5918367346938775,0.1826827592819465,0.2500673107176828,0.25711884238014165,0.3886031982468787,0.02564366632337796,0.20230424610778242,0.029865279999999998,0.07491532704980461,0.8790555279405036,-0.08167803101426724
2010-08-15,0.06612744525472763,0.2848222203851941,0.2786755576432369,0.4285714285714285,0.17825265503399604,0.1826827592819465,0.2500673107176828,0.25711884238014165,0.02506007552351528,0.18757055984492915,0.030187974399999998,0.07378243733360801,0.878572777310638,-0.14884562759756503
2010-08-22,0.06212373494321361,0.2553756693894379,0.20874525330262594,0.1632653061224491,0.13002957887336014,0.17825265503399604,0.1826827592819465,0.2500673107176828,0.024339169241331962,0.18627797262716422,0.030504214911999998,0.07423773167633861,0.8782065861889896,0.22067136216882066
2010-08-29,0.06372722593906975,0.26654519858764236,0.3424280665143905,0.5714285714285714,0.3953248528832739,0.13002957887336014,0.17825265503399604,0.1826827592819465,0.023789907312049434,0.17211141972585026,0.03081413061376,0.07616776835950162,0.8788680613981211,-0.009950330853168092
2010-09-05,0.06489486683012877,0.27461923179990105,0.33669427744394487,0.5744680851063829,0.22974966436060418,0.3953248528832739,0.13002957887336014,0.17825265503399604,0.02358393408856848,0.1594798766430071,0.031117848001484795,0.07456860270852694,0.8778782769075116,-0.15082288973458366
2010-09-12,0.06272968132581319,0.2581131357569201,0.26088451582681405,0.30952380952380953,0.12861000057261293,0.22974966436060418,0.3953248528832739,0.13002957887336014,0.02255406797116375,0.15229578271254468,0.0314154910414551,0.07534455822284876,0.8770477904114654,0.056512210263342404
2010-09-19,0.06233050437030932,0.25447773732591156,0.29371790042460355,0.4285714285714287,0.2774665448971315,0.12861000057261293,0.22974966436060418,0.3953248528832739,0.022039134912461386,0.14761674348541987,0.031707181220626,0.07267374577223588,0.8775101431273928,-0.0800427076735365
2010-09-26,0.06057053957675413,0.2403491428436177,0.2567481977175651,0.26190476190476186,0.17942673786587948,0.2774665448971315,0.12861000057261293,0.22974966436060418,0.02121524201853759,0.1432719213459468,0.031993037596213476,0.06981688979829563,0.8771536652980958,-0.06136894637629201
2010-10-03,0.05822264734357966,0.22112877392003977,0.23120562893841012,0.142857142857143,0.19283359264481734,0.17942673786587948,0.2774665448971315,0.12861000057261293,0.02076896670099554,0.14755858108625458,0.046,0.0701786216951774,0.8763435767159876,0.08489944378648627
2010-10-10,0.058189846600258874,0.21965931090162583,0.2814017267937319,0.30952380952380953,0.29784720155020467,0.19283359264481734,0.17942673786587948,0.2774665448971315,0.021009268795056643,0.15153905084511177,0.045688,0.06749998886959846,0.8774023255822921,0.12036368224987509
2010-10-17,0.060887558371610785,0.23988051409298744,0.3534090438064845,0.5384615384615384,0.323308804456869,0.29784720155020467,0.19283359264481734,0.17942673786587948,0.021421215242018538,0.13902679040968918,0.04538224,0.06689676616627373,0.8788641760811806,0.18746295629437323
2010-10-24,0.06775553876653968,0.2923424521849808,0.4607734565450844,0.9999999999999999,0.3714828283488572,0.323308804456869,0.29784720155020467,0.19283359264481734,0.021833161688980432,0.14308010450064235,0.0304,0.07010478921118364,0.8813070691075623,0.13566586515315537
2010-10-31,0.07712531560713426,0.3614021240026081,0.5330858316218446,0.9062500000000001,0.3342950294984891,0.3714828283488572,0.323308804456869,0.29784720155020467,0.022725712324064534,0.16430494331146733,0.030728000000000002,0.073460483594114,0.8833216059412464,0.26121549926361765
2010-11-07,0.09361725473407188,0.47377889172483756,0.654374564282704,0.9999999999999999,0.42443357659002384,0.3342950294984891,0.3714828283488572,0.323308804456869,0.02492276004119464,0.20147132900462644,0.03173888,0.08298235482200163,0.8893438471991257,-0.05310982531394841
2010-11-14,0.10427636588419985,0.5391500952128767,0.6003061336489822,0.8396226415094337,0.1987632409316275,0.42443357659002384,0.3342950294984891,0.3714828283488572,0.027085478887744596,0.2392092092858713,0.0340105472,0.08315732804250384,0.8875614580526404,-0.1431008436406733
2010-11-21,0.10726608426903961,0.5545068397858516,0.483000520787234,0.6320754716981131,0.1341540550846837,0.1987632409316275,0.42443357659002384,0.3342950294984891,0.02876759354617233,0.24308520342012074,0.037113703424,0.08859522495302334,0.884243397385396,-0.057569851821477704
2010-11-28,0.10742007037721601,0.5526837566334468,0.4448219834157693,0.5566037735849056,0.19556115824754167,0.1341540550846837,0.1987632409316275,0.42443357659002384,0.030621352557500862,0.2432474584911885,0.03996860715008,0.08949972640213744,0.8834741046311637,-0.13459015397276478
2010-12-05,0.1032888527448197,0.5261362813102992,0.36976873169677227,0.3962264150943395,0.14026431742712314,0.19556115824754167,0.1341540550846837,0.1987632409316275,0.03120494335736354,0.2296486799846162,0.042595118578073604,0.0910932522873428,0.8819034652579394,0.0813456394539524
2010-12-12,0.10203252519547143,0.5168369835310394,0.40860088596184063,0.49056603773584895,0.2952957424284651,0.14026431742712314,0.19556115824754167,0.1341540550846837,0.03216615173360796,0.21702124279994195,0.04501150909182772,0.08993524400643549,0.8825455138823681,0.13840232285911913
2010-12-19,0.10510464287535826,0.5326086068758827,0.47540979286802354,0.6698113207547168,0.3362596733904497,0.2952957424284651,0.14026431742712314,0.19556115824754167,0.0342602128389976,0.22089255093330618,0.0452,0.09262810901501871,0.8921733292610938,-0.13062018241706408
2010-12-26,0.10305701715104174,0.5189040561817527,0.3971547539302659,0.49999999999999994,0.14311456442753046,0.3362596733904497,0.2952957424284651,0.14026431742712314,0.035564709921043595,0.2236222099184077,0.0452,0.09249091563439081,0.8919576941708923,0.11000089521432849
2011-01-02,0.10458117615313473,0.5255813511333571,0.4487635142778834,0.641509433962264,0.31586882604656696,0.14311456442753046,0.3362596733904497,0.2952957424284651,0.037624442155853074,0.23351880167604483,0.04740799999999999,0.09500123266954864,0.8942325472395944,-0.013986241974739952
2011-01-09,0.10499201011646463,0.5258488537496754,0.4399107280108139,0.6116504854368929,0.22685207595051785,0.31586882604656696,0.14311456442753046,0.3362596733904497,0.03978716100240302,0.24270849402242217,0.04943935999999999,0.09281045125031291,0.8884191417672707,0.020906684819313643
2011-01-16,0.10567129975200452,0.5275366769927888,0.45074704918835595,0.5978260869565215,0.25190350479195944,0.22685207595051785,0.31586882604656696,0.14311456442753046,0.041812564366632325,0.24526967201470873,0.051308211199999995,0.09115297005939371,0.8896789557852496,0.0921704597996573
2011-01-23,0.10907305835827107,0.5435717309393243,0.49971879489374604,0.735632183908046,0.3030674383430087,0.25190350479195944,0.22685207595051785,0.31586882604656696,0.043940954342602125,0.2635017673992833,0.0524,0.09526611800053592,0.8965141996129427,-0.012658396871923465
2011-01-30,0.11090375660173538,0.5506292554870629,0.4892525339290865,0.6376811594202898,0.22780540432282662,0.3030674383430087,0.25190350479195944,0.22685207595051785,0.04531410916580845,0.27843341734348404,0.0524,0.09418686372420024,0.8938109903515429,-0.07951206292773376
2011-02-06,0.10919190294302834,0.5392575136869977,0.42757483316304457,0.46376811594202894,0.1798077150526894,0.22780540432282662,0.3030674383430087,0.25190350479195944,0.04569172674219018,0.2814671088049063,0.054032000000000004,0.09431514656271625,0.8931640850809385,0.1046706225638886
2011-02-13,0.11113829814844454,0.5467797187201875,0.48732468329828327,0.6956521739130435,0.3120419488460355,0.1798077150526894,0.22780540432282662,0.3030674383430087,0.045245451424648135,0.2893883549046184,0.0552,0.09518789802379485,0.8954739060021057,0.024541108916117445
2011-02-20,0.11317969981229656,0.5543718306219922,0.5014497062037084,0.7428571428571425,0.2545128449937168,0.3120419488460355,0.1798077150526894,0.22780540432282662,0.045245451424648135,0.30543979160939067,0.0552,0.09750557345970953,0.9059895163017511,-0.2006706954621511
2011-02-27,0.1074835478143089,0.5235731869584551,0.3594614307605959,0.31428571428571445,0.09282169409271707,0.2545128449937168,0.3120419488460355,0.1798077150526894,0.04497082046000687,0.29949264251020724,0.0732,0.10530993826862606,0.9034844582043203,0.2186892009648293
2011-03-06,0.1102221727336078,0.5350837275836464,0.4739862714017644,0.7857142857142855,0.3939017572900857,0.09282169409271707,0.2545128449937168,0.3120419488460355,0.046103673189152074,0.29397028977525125,0.072816,0.10991913755973622,0.9100545291508195,-0.048790164169431945
2011-03-13,0.11014574557431409,0.5324971430070748,0.44025029663112947,0.6714285714285714,0.20186454809395576,0.3939017572900857,0.09282169409271707,0.2545128449937168,0.0475454857535187,0.291913033188206,0.07243967999999999,0.11156139744145481,0.9086558150522154,-0.11232918497391972
2011-03-20,0.10580294290105528,0.5093912499263652,0.3728756913619199,0.259259259259259,0.15624661332644968,0.20186454809395576,0.3939017572900857,0.09282169409271707,0.04806041881222108,0.28624404465829356,0.07207088639999999,0.11270953720467951,0.9077116830356575,-0.11865754380131599
2011-03-27,0.09839610910769532,0.4713951528216469,0.3157651894982666,0.0,0.1517031586663309,0.15624661332644968,0.20186454809395576,0.3939017572900857,0.04737384140061791,0.2669329401227591,0.071709468672,0.11302203530236014,0.9073416065970685,0.023347363996991107
2011-04-03,0.09302561233567203,0.44350451773232274,0.3275107470583575,0.1587301587301588,0.25365579404832517,0.1517031586663309,0.15624661332644968,0.20186454809395576,0.04740817027119807,0.24469750620296765,0.07087308992512,0.1084136061713816,0.9091861608146028,-0.039220713153281385
2011-04-10,0.08747909735288391,0.4145678316959345,0.30902673765374633,0.0793650793650794,0.20873494972571602,0.25365579404832517,0.1517031586663309,0.15624661332644968,0.04675592173017506,0.22437348823358733,0.06950070452961281,0.10451116639098693,0.9085363415562929,-0.008032171697264267
2011-04-17,0.08277420511065962,0.3897447386908429,0.3051828028785356,0.06349206349206353,0.2311268095878963,0.20873494972571602,0.25365579404832517,0.1517031586663309,0.04613800205973224,0.20969184138240715,0.06821066225783604,0.10164110399164844,0.9077884180452337,-0.04959694113937218
2011-04-24,0.07763692016235299,0.3622580518342382,0.2814342185978691,0.0,0.20128532136492094,0.2311268095878963,0.20873494972571602,0.25365579404832517,0.04521112255406797,0.19116276800879406,0.06699802252236588,0.09633833516080757,0.9074581661052855,0.0813456394539524
2011-05-01,0.07588469295048197,0.35275829371444506,0.3294187524114901,0.15384615384615394,0.2952957424284651,0.20128532136492094,0.2311268095878963,0.20873494972571602,0.04414692756608308,0.1796007297860523,0.0654141807205766,0.09405204642076763,0.9083372190630888,-0.05623971832287608
2011-05-08,0.072910182359714,0.33645435340379964,0.2996042780729554,0.11428571428571434,0.19651612957701797,0.2952957424284651,0.20128532136492094,0.2311268095878963,0.04291108822519738,0.16625279711065444,0.06395704626293049,0.0934363273842151,0.9064868368701436,-0.025105921131076358
2011-05-15,0.0699282604958222,0.319831682157788,0.28674761287230144,0.07142857142857147,0.21886868571304155,0.19651612957701797,0.2952957424284651,0.20128532136492094,0.04198420871953313,0.1538582881977849,0.062081341636637435,0.08909642986656206,0.9055135649765316,-0.08855339734144495
2011-05-22,0.06537095304761156,0.29384450837608816,0.24468482912184297,0.0,0.1733164755234401,0.21886868571304155,0.19651612957701797,0.2952957424284651,0.04016477857878475,0.1488402343371097,0.06039320747297369,0.0869506042348828,0.90457817492309,-0.08701137698962981
2011-05-29,0.059860384421614496,0.26134028018682914,0.20912974645031024,0.0,0.17442357133525185,0.1733164755234401,0.21886868571304155,0.19651612957701797,0.03789907312049433,0.15198297768195262,0.05833002257621685,0.08382760433892435,0.9040264599175294,-0.010152371464017962
2011-06-05,0.0554983984467481,0.23440131964047958,0.20517287111256433,0.074074074074074,0.22960460900266128,0.17442357133525185,0.1733164755234401,0.21886868571304155,0.03662890490902849,0.16057232294499024,0.055707819415546485,0.08092767586410575,0.9016758431684863,0.02020270731751947
2011-06-12,0.05277324885488943,0.21651101377752863,0.21829678410231645,0.09876543209876537,0.2513980830944257,0.22960460900266128,0.17442357133525185,0.1733164755234401,0.03429454170957776,0.16609066341680595,0.05268256830905905,0.07672762177257536,0.9028647501522998,0.0
2011-06-19,0.05090341646733558,0.20335402999481023,0.21829678410231645,0.1052631578947368,0.23689351923950822,0.2513980830944257,0.22960460900266128,0.17442357133525185,0.03223480947476828,0.1738113706110267,0.050141357379609605,0.07471165075086715,0.9102487949978479,-0.020202707317519466
2011-06-26,0.04926685272864368,0.19120236091232728,0.2085794270531678,0.10344827586206887,0.22238895538459078,0.23689351923950822,0.2513980830944257,0.22960460900266128,0.030690010298661176,0.18098059871994587,0.048006740198872064,0.07170923013559607,0.908852023557714,-0.11905936001598821
2011-07-03,0.04576997828045276,0.16615119250576113,0.15751880284316078,0.05660377358490568,0.1514146741156192,0.22238895538459078,0.23689351923950822,0.2513980830944257,0.029316855475454852,0.1994607940490083,0.046213661767052536,0.07155897902429953,0.9069239350259575,0.0773866636154202
2011-07-10,0.04497888855457635,0.1583303865899945,0.21188476102291975,0.18867924528301874,0.2924533898196012,0.1514146741156192,0.22238895538459078,0.23689351923950822,0.02808101613456917,0.21221601802911833,0.043943202648983076,0.07104264429401017,0.9075484997241536,0.021053409197832263
2011-07-17,0.04517133015371751,0.15702620184476213,0.2272804670743349,0.22641509433962256,0.2520088457783851,0.2924533898196012,0.1514146741156192,0.22238895538459078,0.027085478887744582,0.22658916247137023,0.04208142617216612,0.06905592725097115,0.9100428731999979,-0.07571182173569636
2011-07-24,0.04407043031570005,0.14659550584747544,0.19115994814384463,0.10638297872340431,0.18253610388531846,0.2520088457783851,0.2924533898196012,0.1514146741156192,0.025883968417439063,0.2416559296266243,0.04055476946117621,0.06834156609183409,0.9093367168460498,-0.11918851726511828
2011-07-31,0.041281534200355366,0.12344391945268568,0.14403885331371546,0.0,0.15132194547594288,0.18253610388531846,0.2520088457783851,0.2924533898196012,0.024545142464812902,0.2607220994227809,0.039302910958164496,0.06843186241223483,0.9086373597967476,-0.03871451218069039
2011-08-07,0.03880547721788469,0.10125160085029344,0.13061748272016754,0.14285714285714277,0.20909837746908586,0.15132194547594288,0.18253610388531846,0.2520088457783851,0.02276004119464469,0.28735937740233025,0.0377623287665316,0.06776207731300748,0.9076514606230787,0.05129329438755048
2011-08-14,0.038206300340578155,0.09221985754386108,0.1666010640543329,0.23636363636363636,0.273719616459069,0.20909837746908586,0.15132194547594288,0.18253610388531846,0.021352557500858217,0.31031209085280403,0.035569863013225275,0.06412560727675583,0.9083051651983292,-0.05129329438755058
2011-08-21,0.037251800604283646,0.0799452988190601,0.14656565006903438,0.16981132075471692,0.20006742201994734,0.273719616459069,0.20909837746908586,0.15132194547594288,0.019910744936491587,0.3297500054056682,0.033815890410580224,0.06112570094146471,0.9076087221367325,0.025975486403260736
2011-08-28,0.03740427239982419,0.07596961882660125,0.16579355774663584,0.2682926829268292,0.25554265845026697,0.20006742201994734,0.273719616459069,0.20909837746908586,0.01888087881908685,0.35100309376327293,0.03241271232846418,0.05871688947135125,0.9081206126436522,-0.09402894964827645
2011-09-04,0.0363605706672922,0.06197630471746601,0.1290779281901755,0.10526315789473661,0.1693852945768891,0.25554265845026697,0.20006742201994734,0.273719616459069,0.017919670442842428,0.3731079591921412,0.03129016986277134,0.05761058348707362,0.9074931339577506,-0.10379679368164355
2011-09-11,0.034391589979518564,0.039234204587976884,0.09527516253051949,0.0,0.16237245638247613,0.1693852945768891,0.25554265845026697,0.20006742201994734,0.016752488843117065,0.39746889876599834,0.030392135890217078,0.056960115200044084,0.9068132034931513,0.06062462181643484
2011-09-18,0.03423999580875098,0.031007401203128504,0.13678910158910823,0.09756097560975617,0.28041905690614344,0.16237245638247613,0.1693852945768891,0.25554265845026697,0.01565396498455201,0.42008977122743707,0.02943370871217366,0.05447202972737524,0.9073299506462468,0.043172171865208574
2011-09-25,0.035284927382621435,0.033164395083833065,0.1677300153677278,0.17073170731707302,0.267889044429905,0.28041905690614344,0.16237245638247613,0.1693852945768891,0.014658427737727422,0.43635169432881443,0.02866696696973893,0.0525384804868396,0.9078418411531665,0.09402894964827639
2011-10-02,0.03817172044779405,0.05230534964918987,0.2368064279044262,0.3888888888888889,0.30440174390212726,0.267889044429905,0.28041905690614344,0.16237245638247613,0.013971850326124267,0.43576709151867615,0.0256,0.051119857747570496,0.9090016082599258,-0.1670540846631662
2011-10-09,0.03811614661981506,0.04546870375871448,0.16528827812139296,0.0555555555555556,0.1169567899616232,0.30440174390212726,0.267889044429905,0.28041905690614344,0.013250944043940956,0.4434620178533649,0.025712000000000002,0.052440276092561494,0.9085479975071146,0.015037877364540502
2011-10-16,0.0387339748490675,0.04468137699760322,0.17517765211988534,0.1666666666666668,0.24768998572532652,0.1169567899616232,0.30440174390212726,0.267889044429905,0.01232406453827669,0.45522924432303175,0.032,0.050651852111655404,0.9088801921055332,-0.015037877364540559
2011-10-23,0.03941419620606375,0.04457212042289993,0.16917406260744527,0.138888888888889,0.22609705275368985,0.24768998572532652,0.1169567899616232,0.30440174390212726,0.01129419842087196,0.46615595461629383,0.031848,0.04786072517712918,0.9085829653595797,-0.0953101798043249
2011-10-30,0.03899014850962048,0.03374333458690676,0.13363472690495082,0.05714285714285717,0.16846543347514784,0.22609705275368985,0.24768998572532652,0.1169567899616232,0.010298661174047374,0.4817924218875859,0.031699040000000005,0.0471530436583534,0.9080030818062,-0.10536051565782616
2011-11-06,0.03770576520374671,0.013564013667190511,0.10071548220294935,0.0,0.1612497798570775,0.16846543347514784,0.22609705275368985,0.24768998572532652,0.009440439409543422,0.49970982492633315,0.031359078400000004,0.04574227913703359,0.9074484528129341,0.10536051565782614
2011-11-13,0.038510928423603305,0.013900421458256929,0.1682946420308814,0.22222222222222196,0.31253725862193893,0.1612497798570775,0.16846543347514784,0.22609705275368985,0.008891177480260894,0.5163474134623127,0.030773533696000003,0.04443228351009379,0.9189596755785998,-0.12405264866997875
2011-11-20,0.037965983151446836,0.0,0.12753544622846213,0.0,0.14782973507801633,0.31253725862193893,0.1612497798570775,0.16846543347514784,0.007964297974596635,0.532709696715235,0.030223121674240003,0.04359267484059224,0.9181107338270859,0.0727593542824281
2011-11-27,0.038889352418306024,0.0014176028399672247,0.1717777070697583,0.20689655172413768,0.28913120618143917,0.14782973507801633,0.31253725862193893,0.1612497798570775,0.007312049433573643,0.5497714023567989,0.0295012719403008,0.04243622237768395,0.9192753575800209,0.01739174271186924
2011-12-04,0.040265347393673906,0.008158181056046099,0.18296032473679635,0.24137931034482732,0.2493799468626935,0.28913120618143917,0.14782973507801633,0.31253725862193893,0.006625472021970474,0.5625284873264162,0.028591144746270725,0.0402319261384414,0.9196629179448425,-0.07145896398214487
2011-12-11,0.040834882048470786,0.006319213812442326,0.15631969837407295,0.10344827586206902,0.18558944945345307,0.2493799468626935,0.28913120618143917,0.14782973507801633,0.0060418812221077894,0.5754410124668391,0.02777203027164365,0.03856189547180159,0.9195327598273335,0.05406722127027558
2011-12-18,0.04236964519519412,0.01571961871091504,0.19229011768087323,0.20689655172413768,0.27571116140237806,0.18558944945345307,0.2493799468626935,0.28913120618143917,0.0058015791280466855,0.5895956790493267,0.027034827244479285,0.03776478439237835,0.9197989040377623,0.0
2011-12-25,0.043955910863904796,0.02640233156665278,0.19229011768087323,0.20689655172413768,0.23689351923950822,0.27571116140237806,0.18558944945345307,0.2493799468626935,0.005423961551664951,0.6027392980187797,0.026371344520031356,0.034763714771258475,0.9198656081303273,0.0
2012-01-01,0.04556445040974275,0.03805510214020291,0.19229011768087323,0.20689655172413768,0.23689351923950822,0.23689351923950822,0.27571116140237806,0.18558944945345307,0.00494335736354274,0.6172494689735807,0.02577421006802822,0.033107454789617734,0.9204280077574744,0.0
2012-01-08,0.047172110063918804,0.05040872386000045,0.19229011768087323,0.20689655172413768,0.23689351923950822,0.23689351923950822,0.23689351923950822,0.27571116140237806,0.004222451081359425,0.630723199145896,0.0252367890612254,0.03156949909237991,0.9209904073846215,-0.07275935428242819
2012-01-15,0.04784443883834894,0.05217733843084682,0.15717938068564075,0.12500000000000008,0.1846558322975772,0.23689351923950822,0.23689351923950822,0.23689351923950822,0.0037761757638173667,0.6478757212970618,0.02475311015510286,0.031271844897201063,0.9201540929131643,0.0
2012-01-22,0.04869261725078257,0.05632475041030943,0.15717938068564075,0.1764705882352942,0.23689351923950822,0.1846558322975772,0.23689351923950822,0.23689351923950822,0.0032955715756951623,0.6649098128231197,0.024317799139592575,0.029865004192278718,0.921090454295841,0.037041271680349076
2012-01-29,0.05012706404436937,0.06809802606597154,0.19066021439714476,0.33333333333333354,0.26348735549674385,0.23689351923950822,0.1846558322975772,0.23689351923950822,0.002917953999313421,0.6718533607973824,0.023799663242841464,0.028935467950364824,0.9221462891744402,-0.07550755250814517
2012-02-05,0.050630010047905336,0.0687901012152149,0.15181429375045224,0.10000000000000009,0.1826827592819465,0.26348735549674385,0.23689351923950822,0.1846558322975772,0.0026089941640920003,0.6796912027431706,0.023343703653700486,0.028449142995530207,0.9215508643532982,0.03846628082779614
2012-02-12,0.05177189705905528,0.07779205878741186,0.1864914405415683,0.30000000000000027,0.26451044293983433,0.1826827592819465,0.26348735549674385,0.23689351923950822,0.0025746652935118436,0.6869691988356882,0.02294245921525643,0.02724392385501292,0.9220258443492826,0.0
2012-02-19,0.052943205620249914,0.0876664093223597,0.1864914405415683,0.37500000000000044,0.23689351923950822,0.26451044293983433,0.1826827592819465,0.26348735549674385,0.0023343631994507397,0.6937273380644544,0.02258936410942566,0.02612479179596115,0.9241744246174163,0.037041271680349076
2012-02-26,0.05458237730680369,0.10409606461344997,0.2234412980937006,0.6250000000000008,0.26348735549674385,0.23689351923950822,0.26451044293983433,0.1826827592819465,0.0024030209406110566,0.6895440300365075,0.02227864041629458,0.02583922942358394,0.9246115227732301,-0.056089466651043585
2012-03-04,0.055424027655091655,0.11080025583765898,0.18764988813247685,0.25000000000000033,0.19662400298893998,0.26348735549674385,0.23689351923950822,0.26451044293983433,0.0022313765877102626,0.6805399344538319,0.02,0.025950880204747676,0.9230331127661247,0.0
2012-03-11,0.056318488339730216,0.11853547824169403,0.18764988813247685,0.25000000000000033,0.23689351923950822,0.19662400298893998,0.26348735549674385,0.23689351923950822,0.0020254033642293154,0.672178988555633,0.022400000000000003,0.024547292565200853,0.9236343655626775,-0.019418085857101627
2012-03-18,0.05701505121031207,0.12399823389377257,0.1750450956379358,0.12500000000000017,0.2229522755325147,0.23689351923950822,0.19662400298893998,0.26348735549674385,0.0019224167524888383,0.6644152530787342,0.022352000000000004,0.023243961185621654,0.923124417714228,0.019418085857101516
2012-03-25,0.058006788196664924,0.13368526772632858,0.19739135304467137,0.25000000000000033,0.25083476294650164,0.2229522755325147,0.23689351923950822,0.19662400298893998,0.0017507723995880548,0.6406122945859529,0.022304960000000006,0.02278735658704041,0.9250719328306873,-0.039220713153281385
2012-04-01,0.05853124465998728,0.1374484414951875,0.16991000161080816,0.0,0.20873494972571602,0.25083476294650164,0.2229522755325147,0.23689351923950822,0.0015104703055269508,0.6185095474140846,0.022258860800000006,0.021609734920186963,0.9247669354508529,0.0
2012-04-08,0.05914178173669101,0.14257611397971037,0.16991000161080816,0.0,0.23689351923950822,0.20873494972571602,0.25083476294650164,0.2229522755325147,0.0012701682114658434,0.5979855678973497,0.022213683584000003,0.019762597404223613,0.9249495453470595,0.0
2012-04-15,0.05981280320192198,0.1487645346910775,0.16991000161080816,0.0,0.23689351923950822,0.23689351923950822,0.20873494972571602,0.25083476294650164,0.0010298661174047395,0.5789275869175246,0.022169409912320002,0.018047398282257647,0.9252661986777158,0.0
2012-04-22,0.0605235657525777,0.15575503617581005,0.16991000161080816,0.0,0.23689351923950822,0.23689351923950822,0.23689351923950822,0.20873494972571602,0.0009268795056642659,0.5612308902934011,0.0221260217140736,0.01645471338328925,0.925692612211943,0.0
2012-04-29,0.0612573646231456,0.16332862529733086,0.16991000161080816,0.0,0.23689351923950822,0.23689351923950822,0.23689351923950822,0.23689351923950822,0.0008238928939237888,0.5447982434281436,0.022083501279792132,0.014975791691390024,0.9263268902024906,0.0
2012-05-06,0.0620008495122137,0.17130108215641834,0.16991000161080816,0.0,0.23689351923950822,0.23689351923950822,0.23689351923950822,0.23689351923950822,0.0006522485410230018,0.5295393570532617,0.02204183125419629,0.013602507263197883,0.9267562177244233,0.0
2012-05-13,0.06274345039994643,0.17951853985999172,0.16991000161080816,0.0,0.23689351923950822,0.23689351923950822,0.23689351923950822,0.23689351923950822,0.0006179196704428451,0.5153703911337285,0.022000994629112362,0.012327314579876611,0.9267978187842352,0.0
2012-05-20,0.06347689600586101,0.18785351624812544,0.16991000161080816,0.0,0.23689351923950822,0.23689351923950822,0.23689351923950822,0.23689351923950822,0.0005149330587023715,0.5022134942084477,0.021960974736530116,0.011143207088221144,0.9274583226641316,0.0
2012-05-27,0.06419481031569685,0.19620136730743684,0.16991000161080816,0.0,0.23689351923950822,0.23689351923950822,0.23689351923950822,0.23689351923950822,0.0004119464469618944,0.4899963756349726,0.021921755241799512,0.010043678703112496,0.9283878847421623,0.0
2012-06-03,0.06489237487151275,0.20447713128920703,0.16991000161080816,0.0,0.23689351923950822,0.23689351923950822,0.23689351923950822,0.23689351923950822,0.00024030209406110392,0.47865190838817434,0.02188332013696352,0.009022688059797324,0.9285811792599555,0.0
2012-06-10,0.0655660464342268,0.2126127324444786,0.16991000161080816,0.0,0.23689351923950822,0.23689351923950822,0.23689351923950822,0.23689351923950822,0.00017164435290079397,0.4681177602304332,0.02184565373422425,0.008074625319576093,0.9286783121834697,0.0
2012-06-17,0.06621332124664496,0.22055451370400772,0.16991000161080827,0.0,0.23689351923950822,0.23689351923950822,0.23689351923950822,0.23689351923950822,0.0001029866117404736,0.45833605122681625,0.021808740659539767,0.00719428134651352,0.9286985119462438,0.0
2012-06-24,0.06683253849330516,0.22826106848059333,0.16991000161080827,0.0,0.23689351923950822,0.23689351923950822,0.23689351923950822,0.23689351923950822,6.865774116031689e-05,0.4492530357234578,0.021772565846348974,0.00637681908581256,0.9289296883042075,0.0
2012-07-01,0.06742271670985116,0.2357013429669525,0.16991000161080827,0.0,0.23689351923950822,0.23689351923950822,0.23689351923950822,0.23689351923950822,0.0,0.4408188070417677,0.021737114529421994,0.005617746986590239,0.9290792730064193,0.0
2012-10-07,0.0733310015810027,0.31499297941841264,0.41338567177602836,0.9999999999999999,0.2650520887533004,0.23689351923950822,0.23689351923950822,0.23689351923950822,6.865774116031689e-05,0.3653393218833882,0.021309162366517843,0.0,0.9466167165658407,0.09180754925312269
2012-10-14,0.07505789235250818,0.33966781369511945,0.6809573072853423,0.538461538461538,0.30280688617477186,0.2650520887533004,0.23689351923950822,0.23689351923950822,0.0003089598352214208,0.4187930849584875,0.02,0.0038413892318468782,0.9497589666415245,0.11583181552512185
2012-10-21,0.0780257307722964,0.38104806397704627,0.8198933245103168,0.9999999999999999,0.32005514398166346,0.30280688617477186,0.2650520887533004,0.23689351923950822,0.0007895640233436287,0.4701994101329457,0.02,0.005901130153648689,0.95102946528109,-0.048009219186360606
2012-10-28,0.07964119860712994,0.40286025012406085,0.6444073391201758,0.6470588235294114,0.2024252287094846,0.32005514398166346,0.30280688617477186,0.2650520887533004,0.0011671815997253664,0.5223951621653036,0.020224000000000002,0.009321010088806377,0.9482368937300573,-0.12188981760903676
2012-11-04,0.07926238635031407,0.39762420959304845,0.37537222148303384,0.23529411764705896,0.1493825428645068,0.2024252287094846,0.32005514398166346,0.30280688617477186,0.0013044970820460002,0.549183855248737,0.02061856,0.010989349520825361,0.9466439137844247,-0.07696104113612844
2012-11-11,0.07801266133366626,0.3806450177418963,0.2734759597652149,0.0,0.18163922495332227,0.1493825428645068,0.2024252287094846,0.32005514398166346,0.0013044970820460002,0.5402397057656606,0.0268,0.011784890168100706,0.9454724907268437,0.0
2012-11-18,0.07701115973889845,0.3669326438679515,0.2734759597652149,0.0,0.23689351923950822,0.18163922495332227,0.1493825428645068,0.2024252287094846,0.0013044970820460002,0.5319344241028039,0.026664000000000004,0.01176997480097124,0.9468546922284504,0.0
2012-11-25,0.0762155483076522,0.3559566036795649,0.2734759597652149,0.0,0.23689351923950822,0.23689351923950822,0.18163922495332227,0.1493825428645068,0.0013044970820460002,0.5242223768444371,0.026530720000000004,0.011379308975979874,0.9480445705414992,0.0
2012-12-02,0.0755903136305183,0.34726596026108675,0.2734759597652149,0.0,0.23689351923950822,0.23689351923950822,0.23689351923950822,0.18163922495332227,0.0013044970820460002,0.517061190104525,0.026400105600000005,0.010262916170317032,0.9483961917246205,0.0
2012-12-09,0.07510569019580435,0.34047805779019863,0.2734759597652149,0.0,0.23689351923950822,0.23689351923950822,0.23689351923950822,0.23689351923950822,0.0013044970820460002,0.5150306062714778,0.026272103488000003,0.009603081549144108,0.948865343745194,0.0
2012-12-16,0.0747367550385957,0.33526875747728396,0.2734759597652149,0.0,0.23689351923950822,0.23689351923950822,0.23689351923950822,0.23689351923950822,0.0013044970820460002,0.5131450641407911,0.026146661418240003,0.008613562131112393,0.9493063272179484,0.03922071315328133
2012-12-23,0.0749208235335988,0.3378450301577016,0.35140381918896124,0.11764705882352948,0.2650520887533004,0.23689351923950822,0.23689351923950822,0.23689351923950822,0.001373154823206317,0.5202475803006859,0.026023728189875205,0.00844835435396809,0.9498764974789766,0.0
2012-12-30,0.07507789905251837,0.3400438447748136,0.35140381918896124,0.11764705882352948,0.23689351923950822,0.2650520887533004,0.23689351923950822,0.23689351923950822,0.001441812564366634,0.5342518759945296,0.0259032536260777,0.009048578814790667,0.9507001846703769,0.0
2013-01-06,0.0752120361939489,0.34192182884863026,0.35140381918896124,0.11764705882352948,0.23689351923950822,0.23689351923950822,0.2650520887533004,0.23689351923950822,0.0015104703055269439,0.5472558648530986,0.025785188553556146,0.009229114258611917,0.9522892792990689,0.12629372532429206
2013-01-13,0.07693023409055659,0.3658734135898773,0.5625022600847447,0.5294117647058819,0.32756628772797014,0.23689351923950822,0.23689351923950822,0.2650520887533004,0.0017507723995880513,0.5755910065952351,0.02566948478248502,0.011657649360958509,0.9642783960484245,0.17095779814363948
2013-01-20,0.08078624522378643,0.417794072645344,0.7243829406305422,0.9999999999999999,0.35963292543385406,0.32756628772797014,0.23689351923950822,0.23689351923950822,0.002197047717130106,0.6165202907170267,0.02,0.014666349352736925,0.9657790997167186,0.2732933349996815
2013-01-27,0.08879311975572753,0.5176155550827668,0.8558581059157477,0.9545454545454547,0.4331048767731941,0.35963292543385406,0.32756628772797014,0.23689351923950822,0.0031582560933745285,0.6663831784516245,0.02,0.022358748138213185,0.970405540863699,0.468644009729696
2013-02-03,0.10752049374278605,0.7158277389997156,0.9506635841242921,0.9999999999999999,0.5733571850994924,0.4331048767731941,0.35963292543385406,0.32756628772797014,0.006110538963268106,0.7199714180864732,0.020703999999999997,0.04118298094566089,0.9782529097544098,0.040005334613699206
2013-02-10,0.1232087747444097,0.8449164754172439,0.9555489083632296,0.7152777777777778,0.26561540890122437,0.5733571850994924,0.4331048767731941,0.35963292543385406,0.00950909715070375,0.7719513797541506,0.022989759999999998,0.05941625737789034,0.9877641656249185,-0.3299575556000192
2013-02-17,0.12511228883122463,0.8440056476324902,0.5562952966869276,0.41666666666666663,0.0,0.26561540890122437,0.5733571850994924,0.4331048767731941,0.011568829385513221,0.7772870807265206,0.0273585792,0.07295581435104884,0.9799216533803834,0.07020425867324835
2013-02-24,0.1278771670182124,0.8490045159587253,0.5844481887533634,0.47222222222222215,0.2872967714774018,0.0,0.26561540890122437,0.5733571850994924,0.013903192584963961,0.7663889057437364,0.031377892864,0.0779919432872731,0.9824276828070493,0.01680711831638119
2013-03-03,0.12991091363781818,0.8475025013840163,0.5914690639965536,0.48611111111111105,0.24896021490587078,0.2872967714774018,0.0,0.26561540890122437,0.016306213525575007,0.7625327630412078,0.03507566143488,0.0822915328868245,0.9878438146222002,-0.01680711831638129
2013-03-10,0.13043233918199507,0.8350488732217904,0.5763707221199399,0.47222222222222215,0.22482682357314557,0.24896021490587078,0.2872967714774018,0.0,0.01864057672502574,0.7589520591031453,0.036000000000000004,0.08251585053126792,0.986027428952485,0.21974796231307156
2013-03-17,0.13686444025131508,0.8624386645499462,0.6702846350454802,0.673611111111111,0.39466189657940665,0.22482682357314557,0.24896021490587078,0.2872967714774018,0.021970477171301066,0.7630006214795669,0.039328,0.08988364647015998,0.9892522420131558,0.1570618900347167
2013-03-24,0.14693779156328463,0.9068495852126939,0.728460729048364,0.8472222222222222,0.3496563374785779,0.39466189657940665,0.22482682357314557,0.24896021490587078,0.02615859938208033,0.7742327504465611,0.04238976,0.09371064454073347,1.0,-0.09124867146514491
2013-03-31,0.15058597225363002,0.9074359485416013,0.6300930191055149,0.7430555555555555,0.17138139944579917,0.3496563374785779,0.39466189657940665,0.22482682357314557,0.029763130792996903,0.7846625844873414,0.0444,0.09575702224135282,0.9890589474953626,-0.1217718722176164
2013-04-07,0.1484713721998634,0.8756454858702571,0.5273504646100571,0.6180555555555554,0.14946722193421574,0.17138139944579917,0.3496563374785779,0.39466189657940665,0.03274974253347064,0.771597991711794,0.04705600000000001,0.0999181251535834,0.987335809432221,-0.11419236752565488
2013-04-14,0.1425531114425628,0.825119698491563,0.4523877234229341,0.5138888888888888,0.15490893863412886,0.14946722193421574,0.17138139944579917,0.3496563374785779,0.035221421215242014,0.754942077808721,0.0776,0.10227474306431292,0.9570993016714913,0.09237332013101526
2013-04-21,0.1399073832403481,0.7958219599978817,0.4935282556743653,0.5639097744360902,0.30321308222051313,0.15490893863412886,0.14946722193421574,0.17138139944579917,0.037864744249914185,0.7394758720415819,0.077024,0.1033325836005912,0.9648320537124553,-0.0148150857851407
2013-04-28,0.13664863370073366,0.7649680561818137,0.4833167257347202,0.5041322314049587,0.22625700630045736,0.30321308222051313,0.15490893863412886,0.14946722193421574,0.040061791967044284,0.72511439525781,0.07645952,0.09979307400382442,0.963802444723205,-0.1356658651531554
2013-05-05,0.12951053129216475,0.7141486237815906,0.40052524018401403,0.25961538461538447,0.13949200898052727,0.22625700630045736,0.30321308222051313,0.15490893863412886,0.04092001373154822,0.7005798523622493,0.0759063296,0.09989772909216701,0.9618840694837998,0.058107630807280757
2013-05-12,0.12491231934078757,0.6796086710789975,0.42817932405135406,0.32692307692307687,0.278611979456535,0.13949200898052727,0.22625700630045736,0.30321308222051313,0.04013044970820461,0.6783676397546965,0.07469407641600001,0.09924127713459999,0.9645581388681452,-0.04959694113937218
2013-05-19,0.1193784093869608,0.6410075820675467,0.3991651702796277,0.3294117647058822,0.20128532136492094,0.278611979456535,0.13949200898052727,0.22625700630045736,0.03892893923789908,0.6524848973150519,0.07353031335936001,0.09637081955520373,0.9621298157802907,0.008438868645864604
2013-05-26,0.11477802825531093,0.6089479457203009,0.40354824863812744,0.3411764705882352,0.24295221757203608,0.20128532136492094,0.278611979456535,0.13949200898052727,0.039237899073120495,0.6291193353296116,0.07180649455779842,0.0921981312951369,0.9631001736861974,-0.008438868645864595
2013-06-02,0.1105033100457171,0.5796577103510617,0.3982018364219815,0.14925373134328337,0.23083482090698035,0.24295221757203608,0.20128532136492094,0.278611979456535,0.039237899073120495,0.6051193918189997,0.07018610488433051,0.08756986051404685,0.962337680236611,0.05762911283663642
2013-06-09,0.10836509678295514,0.5637002942272293,0.43171001028856415,0.253731343283582,0.2782684267657074,0.23083482090698035,0.24295221757203608,0.20128532136492094,0.03940954342602127,0.5865522709706118,0.06866293859127068,0.08477944386794782,0.9796020860620218,-0.11878353598996685
2013-06-16,0.1031144673694884,0.5297136903088471,0.3549970926076971,0.0153846153846154,0.15161270238654695,0.2782684267657074,0.23083482090698035,0.24295221757203608,0.03916924133196017,0.5631379444906836,0.06723116227579444,0.08407242190271158,0.9782801069729937,0.09449084342092232
2013-06-23,0.10121217524520759,0.516278575045336,0.4089104917978382,0.33749999999999997,0.30473336122520367,0.15161270238654695,0.2782684267657074,0.23083482090698035,0.03831101956745623,0.5247046140163615,0.06537266929373088,0.08869132328361681,0.9809211511633444,-0.04184710993550049
2013-06-30,0.09828962045185269,0.49700079454023294,0.3816098055305789,0.2784810126582278,0.20684932423813537,0.30473336122520367,0.15161270238654695,0.2782684267657074,0.03642293168554754,0.48901652143306223,0.0626354023643578,0.0846903546302922,0.9783811252134486,0.0
2013-07-07,0.09574642077997039,0.48029107496444845,0.3816098055305789,0.39999999999999986,0.23689351923950822,0.20684932423813537,0.30473336122520367,0.15161270238654695,0.03504977686234123,0.4504881868720984,0.06017186212792201,0.08323606449957477,0.9796700791084817,-0.008583743691391442
2013-07-14,0.09330033884199324,0.4643802433367741,0.37556692872326847,0.3962264150943395,0.23073080765193477,0.23689351923950822,0.20684932423813537,0.30473336122520367,0.0342602128389976,0.4147118762083462,0.057954675915129816,0.080378388870424,0.9787230331042185,-0.08076135664445834
2013-07-21,0.08912558067792395,0.43794908957857837,0.32197428548625273,0.24000000000000019,0.17891078276520012,0.23073080765193477,0.23689351923950822,0.20684932423813537,0.03367662203913491,0.396456197601397,0.05595920832361683,0.0822466230238092,0.9772213581066892,0.08934510033584975
2013-07-28,0.08799654498628941,0.43047702831626355,0.38201415511696357,0.5365853658536581,0.30103896730138974,0.17891078276520012,0.23073080765193477,0.23689351923950822,0.033024373498111916,0.365043699389849,0.054163287491255145,0.08435822772175228,0.9822003917660261,-0.06169356900533978
2013-08-04,0.08537226305626741,0.41373695269763355,0.3400129506611016,0.37500000000000017,0.1926005293440541,0.30103896730138974,0.17891078276520012,0.23073080765193477,0.03220048060418812,0.3358749510505544,0.05254695874212963,0.08179721341796,0.9814446976210858,-0.04652001563489293
2013-08-11,0.08206455855401484,0.39262847015011426,0.31097285442383993,0.2500000000000001,0.2034944046207003,0.1926005293440541,0.30103896730138974,0.17891078276520012,0.03178853415722622,0.31902978301382073,0.051092262867916675,0.07941912870729573,0.9801314604951741,-0.009569451016150672
2013-08-18,0.07917542425293793,0.37402362917259335,0.30504929984141693,0.2647058823529413,0.23002311760774788,0.2034944046207003,0.1926005293440541,0.30103896730138974,0.03110195674562307,0.302180692286722,0.04978303658112501,0.07758772303147862,0.979261149500487,0.0
2013-08-25,0.07687623432513573,0.3590702923657287,0.30504929984141693,0.2647058823529413,0.23689351923950822,0.23002311760774788,0.2034944046207003,0.1926005293440541,0.030621352557500862,0.2865351080401304,0.048604732923012504,0.0732494211581933,0.9933221115084,0.0
2013-09-01,0.07506545312201082,0.3471770646415634,0.30504929984141693,0.2647058823529413,0.23689351923950822,0.23689351923950822,0.23002311760774788,0.2034944046207003,0.030106419498798484,0.2667042484807647,0.04754425963071125,0.07110507719628409,0.9948063025796967,-0.06967992063798994
2013-09-08,0.07205440296349101,0.32711125301726435,0.25763686459024826,0.05882352941176474,0.1868667162761815,0.23689351923950822,0.23689351923950822,0.23002311760774788,0.029385513216615172,0.2542420286391283,0.04658983366764013,0.06911390066022552,0.993800976821325,0.010256500167189061
2013-09-15,0.06996992630307554,0.31293825555611715,0.26658289691127357,0.22499999999999987,0.24425718883412526,0.1868667162761815,0.23689351923950822,0.23689351923950822,0.028458633710950906,0.25049120719096496,0.04573085030087611,0.06801858270205628,0.9960029801973914,-0.03109058707003112
2013-09-22,0.06771883166161527,0.2973292168914993,0.24550695326821603,0.14999999999999983,0.21457198587486478,0.24425718883412526,0.1868667162761815,0.23689351923950822,0.027909371781668385,0.2470083015605275,0.04451514826477098,0.06587105421721429,0.9883731890553524,0.07109592168373026
2013-09-29,0.06765365086259438,0.296658425085947,0.31073326841747284,0.32499999999999996,0.28793694226586775,0.21457198587486478,0.24425718883412526,0.1868667162761815,0.02722279437006523,0.23309354423317813,0.043445330472998464,0.06463055230660329,0.9888200005035177,0.17904823144898546
2013-10-06,0.07227986536915729,0.3283183529296256,0.4574460455941023,0.6470588235294117,0.3654414640938969,0.28793694226586775,0.21457198587486478,0.24425718883412526,0.027394438722966014,0.24164677055357975,0.0356,0.07402950122971369,0.9933376527761623,0.04800921918636066
2013-10-13,0.07732183200143102,0.36209412618259923,0.49289806769315425,0.7647058823529412,0.2713618097695319,0.3654414640938969,0.28793694226586775,0.21457198587486478,0.02777205629934775,0.24958905213680987,0.036008,0.07559759567497873,0.9943866883501155,-0.11583181552512183
2013-10-20,0.0780504690559442,0.36689119355961247,0.3839849750037808,0.49019607843137236,0.153731894497353,0.2713618097695319,0.3654414640938969,0.28793694226586775,0.027703398558187438,0.24053621406817755,0.036407840000000004,0.07931457842152315,0.9926868621886172,0.13133600206108714
2013-10-27,0.08226381777043133,0.39422465558816117,0.47589920271107855,0.803921568627451,0.3311863978326979,0.153731894497353,0.2713618097695319,0.3654414640938969,0.028492962581531063,0.2367002121449574,0.0367996832,0.08201243071800068,0.9952987665019136,-0.09684982598991779
2013-11-03,0.0827450941255604,0.39718556391907317,0.3942317595944608,0.568627450980392,0.16736004219951683,0.3311863978326979,0.153731894497353,0.2713618097695319,0.02852729145211122,0.2331382103591101,0.037183689536,0.08037260502550438,0.9943449211930043,0.049596941139372186
2013-11-10,0.08442034022601098,0.4076559634269773,0.42769138552745045,0.6862745098039216,0.2725017171140955,0.16736004219951683,0.3311863978326979,0.153731894497353,0.029007895640233428,0.22328744922467553,0.03756001574528,0.08224125231066955,0.9958116283380685,-0.008097210232619362
2013-11-17,0.08540838053762756,0.4136394956238849,0.42072996887395564,0.6666666666666667,0.23108011507442036,0.2725017171140955,0.16736004219951683,0.3311863978326979,0.02962581531067627,0.20779840828549118,0.0379288154303744,0.08397642478975147,0.9939117083541311,-0.07598590697792211
2013-11-24,0.08401411084038385,0.40469646561078954,0.35941713547680665,0.49019607843137236,0.18233932397681055,0.23108011507442036,0.2725017171140955,0.16736004219951683,0.029969104016477864,0.19341572741339147,0.03829023912176691,0.08219631380641583,0.9921759430109327,0.025975486403260736
2013-12-01,0.08351820985041532,0.4014194687741385,0.37886138394655133,0.5490196078431372,0.25554265845026697,0.18233932397681055,0.23108011507442036,0.2725017171140955,0.03041537933401991,0.1773363968282436,0.03864443433933157,0.08016653776637585,0.993685388642343,-0.017241806434506103
2013-12-08,0.08258640953281636,0.39543458474471,0.3646763283680228,0.5098039215686273,0.2245147385903152,0.25554265845026697,0.18233932397681055,0.23108011507442036,0.03079299691040164,0.1609911688052959,0.038991545652544944,0.07677448236428273,0.9926820055424416,0.017241806434506173
2013-12-15,0.08224003205322061,0.3931469822245516,0.37897765432019725,0.5490196078431372,0.24927229988870128,0.2245147385903152,0.25554265845026697,0.18233932397681055,0.031479574322004794,0.1512235769655612,0.039331714739494046,0.07513197999868085,0.9935435745740123,0.016949558313773205
2013-12-22,0.08235626651199879,0.39376726634463266,0.39371043469355693,0.58,0.2490624799144756,0.24927229988870128,0.2245147385903152,0.25554265845026697,0.03220048060418812,0.13901676998781087,0.03966508044470417,0.07172272002448052,0.9945518143200895,0.08841095734405315
2013-12-29,0.08489534295836569,0.4093651345393748,0.4689740523818654,0.7674418604651164,0.3003682979469717,0.2490624799144756,0.24927229988870128,0.2245147385903152,0.03340199107449365,0.1493396931531742,0.03999177883581008,0.07496284792074681,0.99623318522612,-0.0800427076735365
2014-01-05,0.08449303894454531,0.4066895158914421,0.38746311142442524,0.4594594594594594,0.17942673786587948,0.3003682979469717,0.2490624799144756,0.24927229988870128,0.034019910744936495,0.15275089754136256,0.040311943259093874,0.07571064306276722,0.9934211870903844,-0.05129329438755058
2014-01-12,0.08270713982950237,0.39552886523059283,0.3431891105300736,0.297297297297297,0.20006742201994734,0.17942673786587948,0.3003682979469717,0.2490624799144756,0.03374527978029522,0.1559184444732517,0.040625704393912,0.0722600500125607,0.9923167857500282,-0.082238098236972
2014-01-19,0.07917033913653532,0.3734221710887835,0.2822978351852238,0.054054054054054106,0.17785055393600493,0.20006742201994734,0.17942673786587948,0.3003682979469717,0.032955715756951595,0.14244407845428442,0.04093319030603376,0.07320090214802297,0.9889880404611971,0.04652001563489291
2014-01-26,0.07750917697270643,0.36293112013580064,0.321399430227415,0.2500000000000002,0.27029263385831614,0.17785055393600493,0.20006742201994734,0.17942673786587948,0.03281840027463096,0.1310102716505569,0.055999999999999994,0.07143683967092564,0.9924488865260075,-0.07550755250814517
2014-02-02,0.07435842085382148,0.3428184679338423,0.26858596068974283,0.050000000000000044,0.1826827592819465,0.27029263385831614,0.17785055393600493,0.20006742201994734,0.03185719189838655,0.12216640821226439,0.05568,0.07092922918016296,0.9913260299301836,-0.060624621816434854
2014-02-09,0.07053467029567345,0.31790143084737355,0.2318805107079901,0.02222222222222224,0.193367981572873,0.1826827592819465,0.27029263385831614,0.17785055393600493,0.03110195674562307,0.11496703524659159,0.055366399999999996,0.06932742905791278,0.9796059713789623,-0.010471299867295366
2014-02-16,0.06737262114463113,0.2967455141049094,0.22577141102954512,0.0,0.22937563387978394,0.193367981572873,0.1826827592819465,0.27029263385831614,0.030106419498798484,0.10828190320703827,0.054671743999999994,0.06708641154765246,0.9770436048566582,0.19105523676270922
2014-02-23,0.0695757169106412,0.31130192092604075,0.38121590361933344,0.46808510638297846,0.3740619114696906,0.22937563387978394,0.193367981572873,0.1826827592819465,0.02983178853415723,0.10804104480731054,0.05400487424,0.07028088849389245,0.9789308975605387,-0.11020314013361424
2014-03-02,0.06862660250396971,0.30481711150452434,0.30363457797487103,0.2127659574468085,0.1577730103909603,0.3740619114696906,0.22937563387978394,0.193367981572873,0.029454170957775486,0.11152525825873004,0.052996581785599996,0.07211674099171615,0.9384293824428303,-0.009756174945364685
2014-03-09,0.06773850552621186,0.29864833082375564,0.2975030895218701,0.1914893617021276,0.22988905888423328,0.1577730103909603,0.3740619114696906,0.22937563387978394,0.028939237899073114,0.1147605993207624,0.052048786878463996,0.06967648691475559,0.937455139219983,0.0
2014-03-16,0.06713741513920633,0.29434288707401,0.2975030895218701,0.22448979591836732,0.23689351923950822,0.22988905888423328,0.1577730103909603,0.3740619114696906,0.02849296258153107,0.1033321139389944,0.05115785966575615,0.06854098422411993,0.9390005240330936,-0.08167803101426724
2014-03-23,0.06493539630225993,0.2788999056727951,0.24588102516566568,0.061224489795918206,0.17825265503399604,0.23689351923950822,0.22988905888423328,0.1577730103909603,0.02770339855818743,0.09708360630783629,0.04997723089249566,0.06748658886852966,0.937749451978231,-0.010695289116747806
2014-03-30,0.06310774407231191,0.26567890251695686,0.23958347934987123,0.06000000000000006,0.22921482046401562,0.17825265503399604,0.23689351923950822,0.22988905888423328,0.02681084792310333,0.08758845929612748,0.04889105242109601,0.06537705994322528,0.9370870054398643,0.05236798551731594
2014-04-06,0.06296870785602472,0.26415926969629044,0.2844490646322507,0.19999999999999987,0.27449119255879695,0.22921482046401562,0.17825265503399604,0.23689351923950822,0.025712324064538272,0.07939314745379668,0.04760194717898641,0.06341821165544262,0.9387907169183031,-0.01025650016718911
2014-04-13,0.06277976495504031,0.2622563109388674,0.27717721741149026,0.23333333333333317,0.22952984964489115,0.27449119255879695,0.22921482046401562,0.17825265503399604,0.02492276004119464,0.0700994981388663,0.04644175246108777,0.061222465261273305,0.9380806752474145,0.020408871631207033
2014-04-20,0.0632411150192625,0.2650062480910692,0.2962719052987649,0.29999999999999993,0.2515460990709722,0.22952984964489115,0.27449119255879695,0.22921482046401562,0.024407826982492282,0.07121495028907766,0.04539757721497899,0.05918355789525894,0.9417513284270154,-0.010152371464017962
2014-04-27,0.06351945587465163,0.2664800668291731,0.28800290604018497,0.2857142857142856,0.22960460900266128,0.2515460990709722,0.22952984964489115,0.27449119255879695,0.02416752488843117,0.07225072728570252,0.04445781949348109,0.0565366550872176,0.9398416951507265,-0.01025650016718911
2014-05-04,0.06365124147120702,0.26691648203157003,0.27934237552513586,0.24999999999999986,0.22952984964489115,0.22960460900266128,0.2515460990709722,0.22952984964489115,0.023721249570889114,0.06551176806763605,0.04361203754413298,0.054078816765464936,0.9380087968840138,0.020408871631207033
2014-05-11,0.06435394319001263,0.2715257207907755,0.30178166270431805,0.32142857142857134,0.2515460990709722,0.22952984964489115,0.22960460900266128,0.2515460990709722,0.023618262959148643,0.06108822492941486,0.042850833789719676,0.052550170006294014,0.9397261069717446,0.0
2014-05-18,0.06503777556910323,0.2760582968081466,0.30178166270431794,0.32142857142857134,0.23689351923950822,0.2515460990709722,0.22952984964489115,0.22960460900266128,0.023721249570889114,0.05492823271640575,0.04216575041074771,0.051507528142577884,0.9427255716498626,-0.06252035698133393
2014-05-25,0.06432455041859664,0.2704063466124351,0.24342711895844305,0.10714285714285726,0.19200693568337251,0.23689351923950822,0.2515460990709722,0.22952984964489115,0.023652591829728807,0.049208239947183,0.04154917536967294,0.049785729015242045,0.9419387949693977,0.05236798551731594
2014-06-01,0.06504477409251254,0.2752525997596131,0.30477749275110766,0.2857142857142856,0.27449119255879695,0.19200693568337251,0.23689351923950822,0.2515460990709722,0.023069001029866122,0.0438968180900476,0.040994257832705654,0.048186915539858766,0.9432112362674335,0.0
2014-06-08,0.06573446178227355,0.2799325950096198,0.30477749275110766,0.4444444444444441,0.23689351923950822,0.27449119255879695,0.19200693568337251,0.23689351923950822,0.02289735667696533,0.043614870640359335,0.04049483204943509,0.04632548718577459,0.9446439468892677,-0.041672696400568074
2014-06-15,0.06547604498095565,0.27764123819815995,0.262772510819137,0.26666666666666605,0.20697454469571214,0.23689351923950822,0.27449119255879695,0.19200693568337251,0.022622725712324064,0.038183446442669924,0.0404,0.04459701799983928,0.9436794169587719,0.04167269640056808
2014-06-22,0.06631039738787917,0.28346222255340586,0.3147877043559929,0.5333333333333329,0.2668124937833043,0.20697454469571214,0.23689351923950822,0.27449119255879695,0.02248541023000343,0.04040059227298798,0.036000000000000004,0.04525290594598334,0.9477220892354321,-0.03109058707003112
2014-06-29,0.06638783867000583,0.28370279062245685,0.281960677932079,0.35714285714285654,0.21457198587486478,0.2668124937833043,0.20697454469571214,0.23689351923950822,0.022519739100583594,0.04245937054399762,0.036096,0.0436010497057474,0.9469294845795564,0.03109058707003118
2014-07-06,0.0672458567911723,0.28978615967450705,0.32159114041444103,0.538461538461538,0.2592150526041517,0.21457198587486478,0.2668124937833043,0.20697454469571214,0.022691383453484384,0.04137845432223461,0.03619008,0.04206718319695689,0.9479095557778144,0.12456272264176224
2014-07-13,0.07099646147407376,0.31727636956686067,0.46218042988269536,0.9999999999999999,0.32632351176991753,0.2592150526041517,0.21457198587486478,0.2668124937833043,0.023137658771026436,0.0677045199551422,0.0362822784,0.04516466867639086,0.9529779517267845,-0.046091107200266976
2014-07-20,0.0728471530541081,0.33067877607383495,0.40301706097187184,0.5000000000000001,0.20380234007114112,0.32632351176991753,0.2592150526041517,0.21457198587486478,0.023446618606247853,0.10598932761414083,0.036606987264,0.04917135271669298,0.9489770466072354,-0.04831857727080768
2014-07-27,0.07318821822500123,0.333115923601866,0.34855571600825586,0.3333333333333333,0.2022031246112875,0.20380234007114112,0.32632351176991753,0.2592150526041517,0.023515276347408166,0.14153950615463956,0.03731456802816,0.04912368662754779,0.9337640881264442,-0.009950330853168092
2014-08-03,0.07325896147785918,0.33360015464271137,0.33788201117530325,0.29999999999999993,0.22974966436060418,0.2022031246112875,0.20380234007114112,0.32632351176991753,0.023583934088568487,0.16539074346650878,0.037979693946470404,0.04757216189414268,0.933235685022527,-0.020202707317519466
2014-08-10,0.07288802771372896,0.33087631134014517,0.31601123788116336,0.23333333333333317,0.22238895538459078,0.22974966436060418,0.2022031246112875,0.20380234007114112,0.023618262959148643,0.17878777936389129,0.0484,0.0457546445147525,0.932180821473163,0.0
2014-08-17,0.07263343816717219,0.32898360051322695,0.31601123788116336,0.23333333333333317,0.23689351923950822,0.22238895538459078,0.22974966436060418,0.2022031246112875,0.02358393408856848,0.19122788412574654,0.048192,0.04369013396409048,0.9327995581959483,-0.01025650016718911
2014-08-24,0.07224382265345639,0.32608898695025157,0.303982078954837,0.19999999999999982,0.22952984964489115,0.23689351923950822,0.22238895538459078,0.22974966436060418,0.023515276347408166,0.1910976537208629,0.047988159999999995,0.04290353597644632,0.931440668595985,-0.06385147198653267
2014-08-31,0.07060745687941941,0.3139529965217458,0.23602681717508267,0.03225806451612906,0.1910512596797707,0.22952984964489115,0.23689351923950822,0.22238895538459078,0.023446618606247853,0.1881557613248947,0.04752463359999999,0.04217312355934818,0.9306296086846415,-0.011049836186584935
2014-09-07,0.06915834125913359,0.3030066351914548,0.22536591903535486,0.03125000000000003,0.22896027286634948,0.1910512596797707,0.22952984964489115,0.23689351923950822,0.023171987641606585,0.18252080221061134,0.046833155583999996,0.04074125177530046,0.9300390405096752,0.011049836186584935
2014-09-14,0.06833060603698533,0.2965718739562036,0.24170750551993525,0.06250000000000006,0.24482676561266695,0.22896027286634948,0.1910512596797707,0.22952984964489115,0.02293168554754548,0.17970675819628512,0.04593450313728,0.03978847238848444,0.9308840969442487,-0.011049836186584935
2014-09-21,0.06754097989003045,0.2903218987279718,0.22973054864721354,0.138888888888889,0.22896027286634948,0.24482676561266695,0.22896027286634948,0.1910512596797707,0.022794370065224855,0.16523625559487443,0.0451077428862976,0.03928056451338357,0.9304023176436182,0.05406722127027579
2014-09-28,0.06816469076648468,0.29483144888420226,0.3124751536092877,0.27777777777777773,0.2757111614023782,0.22896027286634948,0.24482676561266695,0.22896027286634948,0.022691383453484378,0.15954891862668807,0.043996968597667836,0.03880893577221847,0.9308063906054374,0.0
2014-10-05,0.06874320841066783,0.299032755521791,0.3124751536092877,0.27777777777777773,0.23689351923950822,0.2757111614023782,0.22896027286634948,0.24482676561266695,0.022691383453484378,0.16365391638717686,0.04299727173790105,0.038370994798279455,0.9314552385345121,0.0
2014-10-12,0.06927972545812372,0.30294502689708214,0.3124751536092877,0.27777777777777773,0.23689351923950822,0.23689351923950822,0.2757111614023782,0.22896027286634948,0.022588396841743907,0.16126552178865217,0.04209754456411094,0.037964335322478934,0.9334386928326717,-0.010582109330536972
2014-10-19,0.06954814175121607,0.3048302861887146,0.2966120811230373,0.24999999999999986,0.22929607806035557,0.23689351923950822,0.23689351923950822,0.2757111614023782,0.022004806041881222,0.1614967607316788,0.04128779010769985,0.03645627542840788,0.9326626007737934,0.010582109330537008
2014-10-26,0.07006160901969646,0.3086133791090409,0.3159841845103418,0.3846153846153843,0.2444909604186609,0.22929607806035557,0.23689351923950822,0.23689351923950822,0.021627188465499485,0.1552462157517493,0.04055901109692986,0.03467911825697075,0.9424390295254957,0.0
2014-11-02,0.07053213616471819,0.31209025421083003,0.3159841845103418,0.5263157894736838,0.23689351923950822,0.2444909604186609,0.22929607806035557,0.23689351923950822,0.021421215242018538,0.1431760701078441,0.039903109987236875,0.03415934840717828,0.9448974638196397,0.04124295853404922
2014-11-09,0.07187997922836062,0.3222963556462284,0.3939771307610719,0.9333333333333331,0.2665039628409987,0.23689351923950822,0.2444909604186609,0.22929607806035557,0.02138688637143838,0.14038292239571015,0.034,0.034430336657684704,0.9460552882679287,-0.07333127308554951
2014-11-16,0.07137993638874567,0.31840142895128304,0.2725386430641583,0.5000000000000003,0.18424522233974708,0.2665039628409987,0.23689351923950822,0.2444909604186609,0.021180913147957434,0.13778928523444284,0.034112,0.03468196860458354,0.9445069894671126,0.03208831455150045
2014-11-23,0.07172861968269305,0.32099343386776735,0.3279076436123657,0.6249999999999997,0.259931372537779,0.18424522233974708,0.2665039628409987,0.23689351923950822,0.021077926536216957,0.14104542865298797,0.03422176,0.03604607436467444,0.9470246748446003,0.0
2014-11-30,0.07205104530165052,0.32339592284460383,0.3279076436123657,0.6249999999999997,0.23689351923950822,0.259931372537779,0.18424522233974708,0.2665039628409987,0.021009268795056636,0.14406899039877985,0.0344688896,0.03467503311044657,0.948145588781954,0.05129329438755048
2014-12-07,0.07349462504984103,0.33437399160749454,0.41490755794716583,0.833333333333333,0.273719616459069,0.23689351923950822,0.259931372537779,0.18424522233974708,0.02131822863027806,0.16453077117443254,0.034706134016,0.03490918673929098,0.9505680838943976,-0.020202707317519466
2014-12-14,0.07419658980972366,0.3396859166226015,0.377828518244425,0.7222222222222219,0.22238895538459078,0.273719616459069,0.23689351923950822,0.259931372537779,0.02159285959491932,0.1835309961803958,0.03509576597504,0.034372983426475635,0.9434900077579191,0.0
2014-12-21,0.07476767788629955,0.34400050285020944,0.377828518244425,0.7222222222222219,0.23689351923950822,0.22238895538459078,0.273719616459069,0.23689351923950822,0.021833161688980432,0.20117406225736167,0.0354620200165376,0.032744632826605106,0.946077628840337,-0.020619287202735703
2014-12-28,0.07477155882555579,0.3440235160189942,0.33925132691609405,0.5333333333333329,0.2220898712345891,0.23689351923950822,0.22238895538459078,0.273719616459069,0.02203913491246138,0.20429328291222465,0.03580629881554535,0.03236304050755304,0.9449518582568076,0.010362787035546658
2015-01-04,0.07501824292992715,0.34588395901651586,0.3593120099684667,0.5714285714285711,0.24433349764981033,0.2220898712345891,0.23689351923950822,0.22238895538459078,0.022107792653621693,0.19535665237367295,0.0412,0.032762336465175554,0.9464302213526935,-0.020834086902842025
2015-01-11,0.07476510577080515,0.3439631700781421,0.3194952852671654,0.42857142857142805,0.22193565546948182,0.24433349764981033,0.2220898712345891,0.23689351923950822,0.022107792653621693,0.18705835258787495,0.041088000000000006,0.032002663759283026,0.9455307704809521,-0.032088314551500394
2015-01-18,0.07389417536007079,0.33733309334045625,0.2641804759319567,0.2142857142857144,0.21385566594123748,0.22193565546948182,0.24433349764981033,0.2220898712345891,0.022004806041881216,0.1715541873177896,0.04097824,0.03205088507198225,0.9444564803468853,0.010810916104215676
2015-01-25,0.07346546462858601,0.33403651362974507,0.28733946372033226,0.2857142857142859,0.24465523258313374,0.21385566594123748,0.22193565546948182,0.24433349764981033,0.02197047717130106,0.15715746242413892,0.0408706752,0.03134203032274638,0.9449897400969782,0.01069528911674795
2015-02-01,0.07338810789915132,0.33341686616675104,0.3107694327565005,0.35714285714285654,0.24457221801500093,0.24465523258313374,0.21385566594123748,0.22193565546948182,0.02193614830072091,0.14829323214344403,0.040765261696000005,0.03030699221437051,0.9454044976803837,0.0
2015-02-08,0.07335782993037115,0.33315623906054065,0.3107694327565005,0.35714285714285654,0.23689351923950822,0.24457221801500093,0.24465523258313374,0.21385566594123748,0.021901819430140745,0.14006216116851306,0.040661956462080005,0.03009951708190663,0.9467954411451068,0.04167269640056808
2015-02-15,0.07428110267675399,0.34021057092369034,0.4026619616408649,0.6428571428571423,0.2668124937833043,0.23689351923950822,0.24457221801500093,0.24465523258313374,0.021867490559560596,0.13639619195531483,0.0405607173328384,0.03066049328421817,0.9496880596073591,-0.01025650016718911
2015-02-22,0.0747955369422976,0.3441293240701877,0.3787338019425437,0.5714285714285711,0.22952984964489115,0.2668124937833043,0.23689351923950822,0.24457221801500093,0.022039134912461372,0.1366480116192651,0.04046150298618163,0.030804583916564886,0.9472218546793341,0.0
2015-03-01,0.07521287380954723,0.3473043255347463,0.3787338019425437,0.5714285714285711,0.23689351923950822,0.22952984964489115,0.2668124937833043,0.23689351923950822,0.022107792653621693,0.13219606009631513,0.040364272926458,0.030938382360886838,0.9483680231768015,-0.04211148535012685
2015-03-08,0.07463306064270303,0.3428775413485573,0.28569164096554,0.2857142857142859,0.20665951551483655,0.23689351923950822,0.22952984964489115,0.2668124937833043,0.02203913491246138,0.12806210511071875,0.040268987467928834,0.029932176249786644,0.9482611769609358,0.03174869831458027
2015-03-15,0.07488217317595561,0.34477389120862,0.35828311778194444,0.5833333333333328,0.2596875445538778,0.20665951551483655,0.23689351923950822,0.22952984964489115,0.021901819430140745,0.11984024225793137,0.04017560771857026,0.029751473686221604,0.949173255112734,-0.010471299867295366
2015-03-22,0.07486156943407006,0.3446110344654331,0.33543426034308954,0.545454545454545,0.22937563387978394,0.2596875445538778,0.20665951551483655,0.23689351923950822,0.02179883281840027,0.10759075987394963,0.040084095564198854,0.029206862607397212,0.9487779241140313,0.15565330971179336
2015-03-29,0.07852424686501831,0.3722763303869236,0.5917362312743727,0.9565217391304346,0.34864504513456096,0.22937563387978394,0.2596875445538778,0.20665951551483655,0.022245108135942326,0.13958754214829933,0.0356,0.03397657409711345,0.949755081324584,-0.1556533097117934
2015-04-05,0.07770038119929666,0.3660954312457508,0.33330889321813373,0.2608695652173909,0.12514199334445547,0.34864504513456096,0.22937563387978394,0.2596875445538778,0.02221077926536217,0.16929883997448125,0.035784,0.03727514438530795,0.9494092881168734,0.03109058707003118
2015-04-12,0.07772332928976383,0.36625670407315736,0.37120257654680466,0.3913043478260866,0.2592150526041517,0.12514199334445547,0.34864504513456096,0.22937563387978394,0.022245108135942326,0.19688790224165015,0.03596432,0.03619312825654882,0.9500484227535968,-0.020619287202735703
2015-04-19,0.0772640731868726,0.36280521360538576,0.34534043561063255,0.3043478260869561,0.2220898712345891,0.2592150526041517,0.12514199334445547,0.34864504513456096,0.02227943700652249,0.21303402641144153,0.036141033600000004,0.035188398994129635,0.9493976321660518,0.02061928720273561
2015-04-26,0.0773485760617737,0.36343298609039504,0.37198505807513915,0.3913043478260866,0.25169716724442726,0.2220898712345891,0.2592150526041517,0.12514199334445547,0.02248541023000343,0.22339008110376057,0.036314212928,0.03425543610759753,0.9497686799338759,-0.01025650016718911
2015-05-03,0.07717089748344962,0.36209496389602214,0.3578472545741649,0.3478260869565214,0.22952984964489115,0.25169716724442726,0.2220898712345891,0.2592150526041517,0.022622725712324064,0.24292539213888786,0.03648392866944,0.03451956095093115,0.9489051682438349,0.020408871631207033
2015-05-10,0.07747707136139814,0.3643822483142933,0.38631504047077636,0.43478260869565183,0.2515460990709722,0.22952984964489115,0.25169716724442726,0.2220898712345891,0.022794370065224848,0.2610653238143632,0.036650250096051204,0.03325755636911351,0.9499804297071368,-0.03077165866675366
2015-05-17,0.07701344201286325,0.3609041976258618,0.34128776226138613,0.2727272727272723,0.21480096099774215,0.2515460990709722,0.22952984964489115,0.25169716724442726,0.022863027806385168,0.28867454501879297,0.036813245094130184,0.034346590019081136,0.9492985565840673,0.0
2015-05-24,0.07663921445232412,0.35809311961594087,0.34128776226138613,0.2727272727272723,0.23689351923950822,0.21480096099774215,0.2515460990709722,0.22952984964489115,0.022794370065224848,0.30928945312921924,0.03697298019224758,0.03422738802750907,0.9498425009557467,0.06062462181643484
2015-05-31,0.07771377662651892,0.36613206702814177,0.43042747872927745,0.5454545454545452,0.28041905690614344,0.23689351923950822,0.21480096099774215,0.2515460990709722,0.022966014418125645,0.3141431091687857,0.044800000000000006,0.035623963828819584,0.9510741464259065,0.019418085857101516
2015-06-07,0.07899486415224644,0.37562431360110377,0.45707345975097824,0.6363636363636361,0.25083476294650164,0.28041905690614344,0.23689351923950822,0.21480096099774215,0.02320631651218675,0.32588310857755665,0.044632000000000005,0.03579033669206591,0.9517647615120923,-0.039220713153281385
2015-06-14,0.07904867910423591,0.3759882821424414,0.38952451610602123,0.45454545454545425,0.20873494972571602,0.25083476294650164,0.28041905690614344,0.23689351923950822,0.023446618606247853,0.3236391116696467,0.044467360000000004,0.03669845746182265,0.9510236373056792,-0.05129329438755058
2015-06-21,0.0779112622896223,0.36754946465173166,0.31519138890595755,0.19047619047619002,0.20006742201994734,0.20873494972571602,0.25083476294650164,0.28041905690614344,0.023412289735667696,0.329057055841912,0.0443060128,0.03678808077985448,0.9506933853657309,-0.02127739844728485
2015-06-28,0.07654074669699708,0.35733423071967346,0.2877620642483557,0.09523809523809527,0.22161737928486291,0.20006742201994734,0.20873494972571602,0.25083476294650164,0.023343631994507383,0.3181894291786948,0.044147892544000006,0.036117670749856036,0.9496657190349509,0.07257069283483537
2015-07-05,0.07706494361389671,0.3612453825512576,0.392113017220435,0.4736842105263154,0.2889957564137144,0.22161737928486291,0.20006742201994734,0.20873494972571602,0.022966014418125645,0.31821367149921514,0.04399293469312,0.036248778833028336,0.9515646676896532,-0.06187540371808753
2015-07-12,0.07608958620047938,0.35395522816989144,0.3106237087670931,0.21428571428571364,0.1924699808407947,0.2889957564137144,0.22161737928486291,0.20006742201994734,0.02293168554754548,0.3182361822254126,0.0438410759992576,0.03561689037066033,0.9512383010666455,-0.04348511193973878
2015-07-19,0.07440863976654935,0.3412868241348551,0.2627439681872582,0.0,0.2056733182557909,0.1924699808407947,0.2889957564137144,0.22161737928486291,0.02265705458290422,0.3030906514200691,0.04369225447927245,0.034653320957233176,0.9507944036061857,0.0
2015-07-26,0.07311035810487512,0.3313856710684694,0.2627439681872582,0.21052631578947378,0.23689351923950822,0.2056733182557909,0.1924699808407947,0.2889957564137144,0.022451081359423274,0.27920474167525033,0.043384564300101555,0.0337585779304794,0.95099546875786,0.0
2015-08-02,0.07212668025806432,0.3237885666272039,0.2627439681872582,0.21052631578947378,0.23689351923950822,0.23689351923950822,0.2056733182557909,0.1924699808407947,0.022176450394782013,0.2599391461857098,0.042845490442095464,0.033681376802378885,0.9514646207784335,0.0
2015-08-09,0.07140069688554035,0.31810179215214607,0.2627439681872581,0.3478260869565219,0.23689351923950822,0.23689351923950822,0.23689351923950822,0.2056733182557909,0.021936148300720902,0.24510917207814675,0.04233876101556974,0.03398650588179956,0.9520454756610484,-0.11778303565638339
2015-08-16,0.06859408271245021,0.2959484245255516,0.14421336056803508,0.1071428571428572,0.15233101309348585,0.23689351923950822,0.23689351923950822,0.23689351923950822,0.02128389975969791,0.2441131400892843,0.04157566013432416,0.03615391923311733,0.9512266451158238,0.10660973505825827
2015-08-23,0.06854185174129819,0.2953040368538251,0.2906040471118576,0.4285714285714285,0.3134341375539352,0.15233101309348585,0.23689351923950822,0.23689351923950822,0.0210435976656368,0.23978920125718078,0.04049809412089175,0.0370360698213704,0.9522727667020715,0.07571182173569638
2015-08-30,0.07019004823292128,0.3081913557922641,0.3806227377061089,0.678571428571428,0.291250934593698,0.3134341375539352,0.15233101309348585,0.23689351923950822,0.021043597665636807,0.22023826678011432,0.039528284708802576,0.038608841335776245,0.9545184798937194,0.0
2015-09-06,0.07154814455034003,0.31878357949848724,0.3806227377061091,0.678571428571428,0.23689351923950822,0.291250934593698,0.3134341375539352,0.15233101309348585,0.020837624442155853,0.20745517738373176,0.0308,0.037054745297898234,0.9553538230359414,0.010362787035546658
2015-09-13,0.07289255767492657,0.32925313461028716,0.39347174173069166,0.7692307692307689,0.24433349764981033,0.23689351923950822,0.291250934593698,0.3134341375539352,0.02059732234809475,0.18968118603185846,0.030968,0.03674210364355352,0.9562513312492125,0.030459207484708654
2015-09-20,0.07466908970109815,0.34303185067935144,0.43173379071986673,0.8846153846153844,0.2587617526890428,0.24433349764981033,0.23689351923950822,0.291250934593698,0.02059732234809475,0.17607285281897722,0.03131328,0.03532134601226286,0.9566369489555637,0.0
2015-09-27,0.07607669059438049,0.3538631573146268,0.43173379071986673,0.9583333333333333,0.23689351923950822,0.2587617526890428,0.24433349764981033,0.23689351923950822,0.02076896670099554,0.16343654340701608,0.0318344832,0.03400207106892152,0.9575354284980699,0.0
2015-10-04,0.07717920184345292,0.3622806140550431,0.43173379071986673,0.9199999999999998,0.23689351923950822,0.23689351923950822,0.2587617526890428,0.24433349764981033,0.021009268795056636,0.15787090803363296,0.032324414208,0.03390747757378944,0.9583358037878268,0.0
2015-10-11,0.07803011851373903,0.3687255232160644,0.43173379071986673,0.9199999999999998,0.23689351923950822,0.23689351923950822,0.23689351923950822,0.2587617526890428,0.021009268795056636,0.15270281804406294,0.03300246107136,0.03231237739196791,0.9589234579750876,-0.05129329438755058
2015-10-18,0.07752881912047464,0.3649185461986652,0.3428625931072288,0.7199999999999996,0.20006742201994734,0.23689351923950822,0.23689351923950822,0.23689351923950822,0.0210435976656368,0.14034309031028086,0.0336262641856512,0.031584844619875936,0.9521222106706245,0.020834086902842053
2015-10-25,0.07757736504783434,0.36527734965118586,0.3763178246415426,0.7407407407407405,0.25185138300953464,0.20006742201994734,0.23689351923950822,0.23689351923950822,0.021283899759697904,0.14453841809386592,0.03420016305079911,0.03354698936295997,0.9534937275506448,0.020408871631207033
2015-11-01,0.07805614823861903,0.3688828313715425,0.40890117573079754,0.8148148148148145,0.2515460990709722,0.25185138300953464,0.20006742201994734,0.23689351923950822,0.02159285959491932,0.13108204526059086,0.041600000000000005,0.03536898091010943,0.9549536353910629,-0.010152371464017962
2015-11-08,0.07817931523910011,0.369794072201178,0.3899403543835258,0.7777777777777775,0.22960460900266128,0.2515460990709722,0.25185138300953464,0.20006742201994734,0.021867490559560596,0.11858684191540693,0.041464,0.034799935156521335,0.9534927562214096,-0.020619287202735703
2015-11-15,0.0777933818041761,0.3668721336964832,0.3522734576390357,0.7037037037037033,0.2220898712345891,0.22960460900266128,0.2515460990709722,0.25185138300953464,0.022073463783041536,0.10698415309487898,0.04133072,0.03389471968696125,0.9530352601516578,0.0
2015-11-22,0.07747113890767605,0.3644317175893512,0.3522734576390357,0.6666666666666663,0.23689351923950822,0.2220898712345891,0.22960460900266128,0.2515460990709722,0.022622725712324064,0.1109047890888371,0.0412001056,0.03418460998891174,0.9557258421330007,-0.06453852113757105
2015-11-29,0.07582798739209343,0.351967474125421,0.24750490211742726,0.30000000000000016,0.190557991716914,0.23689351923950822,0.2220898712345891,0.22960460900266128,0.02265705458290422,0.11454537965465532,0.041072103488,0.03445379384072292,0.9537783270165413,0.0
2015-12-06,0.07454314223196729,0.3421293239404002,0.24750490211742726,0.1764705882352942,0.23689351923950822,0.190557991716914,0.23689351923950822,0.2220898712345891,0.022451081359423274,0.11792592803720088,0.04094666141824,0.033950118592091016,0.955083793508572,0.0
2015-12-13,0.07355366353449362,0.3344791980935734,0.24750490211742715,0.22222222222222232,0.23689351923950822,0.23689351923950822,0.190557991716914,0.23689351923950822,0.02224510813594232,0.1274916580697515,0.0408237281898752,0.03348242014693281,0.9554227874116364,-0.011173300598125189
2015-12-20,0.07257779326872242,0.3268574504556574,0.22967199586866438,0.16666666666666677,0.22887163140791275,0.23689351923950822,0.23689351923950822,0.190557991716914,0.021970477171301066,0.13637412167140556,0.04056677906228019,0.03229449705111505,0.9391986751970627,0.1165338162559516
2015-12-27,0.07437266770290138,0.34076727557013575,0.44764831309101794,0.789473684210526,0.32055914645353456,0.22887163140791275,0.23689351923950822,0.23689351923950822,0.021970477171301066,0.1382383059523165,0.04032010789978899,0.03533639985850971,0.9505709978821031,0.0
2016-01-03,0.07579801745713763,0.3517296216574768,0.44764831309101794,0.789473684210526,0.23689351923950822,0.32055914645353456,0.22887163140791275,0.23689351923950822,0.021970477171301066,0.13996933421316232,0.034,0.03401604964043646,0.951248985688232,0.0
2016-01-10,0.07691761027119956,0.36027600282787287,0.44764831309101794,0.789473684210526,0.23689351923950822,0.23689351923950822,0.32055914645353456,0.22887163140791275,0.021970477171301066,0.15009407712063066,0.034,0.03429727351713873,0.951653058650051,0.0
2016-01-17,0.0777848910345373,0.3668462749835996,0.44764831309101794,0.789473684210526,0.23689351923950822,0.23689351923950822,0.23689351923950822,0.32055914645353456,0.021970477171301066,0.15949562410613705,0.034288,0.033051146609163404,0.9525389109125004,0.01980262729617973
2016-01-24,0.07890276817388935,0.3752430297548113,0.4840825334840212,0.8947368421052628,0.2511108450463069,0.23689351923950822,0.23689351923950822,0.23689351923950822,0.022210779265362163,0.17384391604320987,0.03456448,0.03227084460727175,0.9525893802082291,-0.019802627296179754
2016-01-31,0.07928792156645927,0.37808961514006434,0.4335919176038763,0.833333333333333,0.22267619343270953,0.2511108450463069,0.23689351923950822,0.23689351923950822,0.02231376587710264,0.17805447333317487,0.0348299008,0.03192309430388635,0.6398213664925629,0.0
2016-02-07,0.07955277473409515,0.3800207130000119,0.4335919176038763,0.833333333333333,0.23689351923950822,0.22267619343270953,0.2511108450463069,0.23689351923950822,0.022348094747682797,0.1819642765309995,0.035084704768,0.03084655162542906,0.658478658441167,0.0
2016-02-14,0.07972035731903192,0.38121697977847824,0.4335919176038763,0.833333333333333,0.23689351923950822,0.23689351923950822,0.22267619343270953,0.2511108450463069,0.022416752488843117,0.18888466823929317,0.03532931657728,0.030223720693804138,0.6587943404425882,-0.040821994520255166
2016-02-21,0.07889350038673477,0.3750272642550308,0.3314097046989648,0.6111111111111107,0.20758530737967165,0.23689351923950822,0.23689351923950822,0.22267619343270953,0.022416752488843124,0.18117866604319172,0.0355641439141888,0.03039900936832329,0.6555044483231628,-0.09844007281325252
2016-02-28,0.07615154629783093,0.3544275668981102,0.17029652240461973,0.11111111111111116,0.16621832212053833,0.20758530737967165,0.23689351923950822,0.23689351923950822,0.022107792653621693,0.1827637465529991,0.0412,0.032069040788147075,0.6534617429416596,0.0
2016-03-06,0.07400212864970962,0.33803797689286136,0.17029652240461973,0.15789473684210534,0.23689351923950822,0.16621832212053833,0.20758530737967165,0.23689351923950822,0.022004806041881222,0.1842356070263917,0.041056,0.03286615256695545,0.6551159166291061,-0.083881483980702
2016-03-13,0.07073788269493676,0.3126428331371879,0.08084847940519696,0.08000000000000006,0.1766706826898615,0.23689351923950822,0.16621832212053833,0.20758530737967165,0.02166151733607964,0.20119366282180423,0.040757760000000004,0.033606327790134644,0.006267987554370191,-0.05129329438755058
2016-03-20,0.06732463559191669,0.285298727855947,0.0403824682770102,0.0,0.20006742201994734,0.1766706826898615,0.23689351923950822,0.16621832212053833,0.021180913147957434,0.22133859188535765,0.0401842944,0.0324095541483739,0.006031954550230645,0.0130720815673527
2016-03-27,0.06497894784816427,0.2657957442790474,0.06664507477815512,0.03703703703703706,0.24627863970036518,0.20006742201994734,0.1766706826898615,0.23689351923950822,0.02076896670099554,0.2356092714393796,0.039401550848000004,0.03167508017939578,0.006139772095331453,-0.03974032864951411
2016-04-03,0.06258007789588343,0.24519228990687847,0.03619311762987437,0.09375000000000006,0.2083618910050872,0.24627863970036518,0.20006742201994734,0.1766706826898615,0.019876416065911423,0.25954139666069337,0.038681426780160004,0.03136988447800153,0.004234024135983172,-0.055569851154810765
2016-04-10,0.05993779837087333,0.2216944669963001,0.0,0.02941176470588237,0.19699706170956885,0.2083618910050872,0.24627863970036518,0.20006742201994734,0.018846549948506694,0.28551152980414135,0.037653284102144004,0.03070967262833572,0.002747890406216147,0.02817087696669644
2016-04-17,0.058509405685037416,0.2079281052251381,0.053579548767800134,0.0882352941176471,0.25711884238014165,0.19699706170956885,0.2083618910050872,0.24627863970036518,0.01788534157226227,0.3096266534373431,0.03644689000988672,0.030096618767931755,0.005298600977698631,0.10536051565782635
2016-04-24,0.0594228228181954,0.21460273792560983,0.23246577657989442,0.3235294117647061,0.31253725862193904,0.25711884238014165,0.19699706170956885,0.2083618910050872,0.017198764160659116,0.30598260399725136,0.035385263208700314,0.03178824951635493,0.009962923964849657,-0.03822121282019774
2016-05-01,0.059640700276940926,0.2152238711586146,0.19451611090620302,0.25000000000000017,0.2094525424808044,0.31253725862193904,0.25711884238014165,0.19699706170956885,0.016340542396155164,0.3025988438028805,0.03445103162365627,0.03185178613212045,0.009788084702524125,-0.013072081567352775
2016-05-08,0.05976931660943319,0.21506713600834587,0.18213378455904172,0.2187500000000001,0.2275083987786512,0.2094525424808044,0.31253725862193904,0.25711884238014165,0.015516649502231375,0.27903131350437793,0.03362890782881752,0.03341804778310158,0.0,0.0
2016-05-15,0.06005561344745872,0.2163548605573565,0.18213378455904172,0.2187500000000001,0.23689351923950822,0.2275083987786512,0.2094525424808044,0.31253725862193904,0.014692756608307593,0.262127442944096,0.0336,0.0341188019194132,0.038424813212975306,0.05129329438755048
2016-05-22,0.061378507099263784,0.22716360161539131,0.2675992486618065,0.3548387096774196,0.273719616459069,0.23689351923950822,0.2275083987786512,0.2094525424808044,0.014006179196704431,0.2470938215481151,0.0276,0.03589994971253028,0.04110471057273157,-0.05129329438755058
2016-05-29,0.061665832344367955,0.22870011747716368,0.2102479100108483,0.29166666666666674,0.20006742201994734,0.273719616459069,0.23689351923950822,0.2275083987786512,0.013319601785101262,0.2331340302518472,0.027719999999999998,0.03529297761591213,0.040555909554876424,0.0130720815673527
2016-06-05,0.06228394120666787,0.23333078715325997,0.23131814271737383,0.3333333333333334,0.24627863970036518,0.20006742201994734,0.273719616459069,0.23689351923950822,0.012976313079299695,0.22571856822175385,0.0278376,0.03397572898659585,0.041125108486669504,0.0750351859429141
2016-06-12,0.06429956779471839,0.250908596754877,0.34515261713553114,0.7368421052631577,0.2907651429169348,0.24627863970036518,0.20006742201994734,0.273719616459069,0.012838997596979054,0.23723463734749445,0.027952848000000002,0.036143912116142464,0.042346069335242764,-0.049392755329576356
2016-06-19,0.06509634407881314,0.2574991151974763,0.2836278469175315,0.5263157894736844,0.20143191687164708,0.2907651429169348,0.24627863970036518,0.20006742201994734,0.012804668726398905,0.24792813010711073,0.02824273408,0.03551951413355201,0.04146021707279346,0.06136894637629202
2016-06-26,0.06699082194040563,0.27419512169715354,0.366629386738326,0.789473684210526,0.2809534458341991,0.20143191687164708,0.2907651429169348,0.24627863970036518,0.013079299691040165,0.24711279208200726,0.028521024716800004,0.03607016353054574,0.042074097149403133,0.0
2016-07-03,0.06857833216640458,0.2881695910178609,0.366629386738326,0.9545454545454544,0.23689351923950822,0.2809534458341991,0.20143191687164708,0.2907651429169348,0.013319601785101262,0.2934883432069546,0.0352,0.06484266891987574,0.04208381821238838,-0.11332868530700312
2016-07-10,0.06784552805303556,0.2812167328008413,0.2377022210568085,0.8522727272727272,0.15552902057136148,0.23689351923950822,0.2809534458341991,0.20143191687164708,0.013353930655681433,0.27885879341251907,0.034496000000000006,0.06329880726070349,0.041800190075726995,0.03922071315328133
2016-07-17,0.06805212668333753,0.28274795175188844,0.2879364622569387,0.8863636363636362,0.2650520887533004,0.15552902057136148,0.23689351923950822,0.2809534458341991,0.013628561620322686,0.2631728362807385,0.03380608,0.061111589751872676,0.04259668004854322,-0.05264373348542203
2016-07-24,0.06738880916704672,0.27629096576074946,0.23739125067500833,0.8409090909090908,0.1990978722551855,0.2650520887533004,0.15552902057136148,0.23689351923950822,0.013697219361483007,0.2486073046583709,0.0331299584,0.05908060206510122,0.04237230299522554,-0.055569851154810765
2016-07-31,0.06605149259022074,0.263390753858437,0.19158226460002137,0.7954545454545453,0.19699706170956885,0.1990978722551855,0.2650520887533004,0.15552902057136148,0.013353930655681433,0.23197169465984468,0.032467359232000004,0.05719468492738486,0.04198085731346335,0.04196419909903221
2016-08-07,0.06580491519317397,0.2604991804122325,0.24396727375768623,0.8295454545454544,0.26702177858050014,0.19699706170956885,0.1990978722551855,0.2650520887533004,0.013216615173360799,0.21571432484242997,0.031818012047360004,0.05506666031541996,0.04229848197335473,-0.1633250561032995
2016-08-14,0.06320859343471043,0.23489289315396494,0.13268509683351887,0.7045454545454545,0.11963405157875771,0.26702177858050014,0.19699706170956885,0.1990978722551855,0.012736010985238584,0.19651315082335696,0.031181651806412806,0.05497471666759398,0.042080904224682913,0.03174869831458027
2016-08-21,0.0617789335282048,0.2198015641164537,0.16617997640801724,0.7272727272727272,0.2596875445538778,0.11963405157875771,0.26702177858050014,0.19699706170956885,0.01232406453827669,0.1812248743525644,0.03055801877028455,0.054889340423184135,0.04253742896519963,0.15860503017663857
2016-08-28,0.06334133869674306,0.23414180462120432,0.322717696644118,0.8522727272727272,0.35076423724536715,0.2596875445538778,0.11963405157875771,0.26702177858050014,0.0121524201853759,0.1663606065660937,0.0,0.054810062481946434,0.04286962356361812,-0.12783337150988489
2016-09-04,0.06264854621607194,0.22621967381424865,0.23449694438953161,0.7499999999999999,0.14511535947541537,0.35076423724536715,0.2596875445538778,0.11963405157875771,0.011809131479574325,0.15255807219294226,0.0006,0.05398281556834056,0.04266758708270857,-0.04652001563489293
2016-09-11,0.06157123695859369,0.21412875314531582,0.20845616097489328,0.7159090909090908,0.2034944046207003,0.14511535947541537,0.35076423724536715,0.2596875445538778,0.01132852729145211,0.13894465539221956,0.0011879999999999998,0.050953762672622534,0.042518002380496744,0.061557892999433365
2016-09-18,0.0618085061935667,0.21523843176878193,0.26055473920151306,0.7976190476190474,0.2810891003441344,0.2034944046207003,0.14511535947541537,0.35076423724536715,0.010779265362169582,0.12630362550583413,0.00176424,0.048894702380483795,0.04298132642565944,0.07197349962508924
2016-09-25,0.06330209206949677,0.2293820411767627,0.3211105679574674,0.8571428571428571,0.2885670006579462,0.2810891003441344,0.2034944046207003,0.14511535947541537,0.010538963268108478,0.11785561739848448,0.0023289552,0.048489981188410976,0.043503901554165725,-0.13353139262452263
2016-10-02,0.06255582859464257,0.22054935828112177,0.23654978751324818,0.7874999999999999,0.141024456716444,0.2885670006579462,0.2810891003441344,0.2034944046207003,0.00981805698592516,0.11001103844165973,0.002882376096,0.04811416865291478,0.04336888679048101,-0.01600034134644119
2016-10-09,0.06189584301827237,0.2123484449599806,0.22790198688684782,0.1428571428571429,0.2254060503021803,0.141024456716444,0.2885670006579462,0.2810891003441344,0.009062821833161691,0.10142538041050549,0.00342472857408,0.046257936505040884,0.04324747063608825,0.04725288485054551
2016-10-16,0.06222729588735991,0.21452079168283653,0.26639328437732035,0.30000000000000016,0.27081879840491224,0.2254060503021803,0.141024456716444,0.2885670006579462,0.00871953312736011,0.09208371209560375,0.0039562340025984,0.044534292367729406,0.04335043153501328,-0.06351340572232586
2016-10-23,0.06172817848175269,0.20778762217949287,0.2287292171759343,0.18181818181818188,0.1912939748584502,0.27081879840491224,0.2254060503021803,0.141024456716444,0.008135942327497432,0.08549031881342585,0.004477109322546432,0.04406421319248219,0.042852139637385545,-0.06782259633876117
2016-10-30,0.06058401732708958,0.1937165470008348,0.19322704254173517,0.05263157894736789,0.18820018502737665,0.1912939748584502,0.27081879840491224,0.2254060503021803,0.007552351527634747,0.08076890614517106,0.004987567136095503,0.04249726357749633,0.04257433947613498,0.10008345855698263
2016-11-06,0.06123832038480815,0.19926209262966402,0.2727033910885931,0.3684210526315787,0.30874858760462165,0.18820018502737665,0.1912939748584502,0.27081879840491224,0.007312049433573629,0.07167718274667327,0.005487815793373593,0.041419054776237745,0.04285991027126668,-0.13580154115906162
2016-11-13,0.06008709806158456,0.18458187207043472,0.201801881368589,0.0,0.1393946001896995,0.30874858760462165,0.18820018502737665,0.1912939748584502,0.006694129763130795,0.06635898791092863,0.005978059477506121,0.04117149257181135,0.03984781831309192,-0.056089466651043585
2016-11-20,0.058679810416402745,0.16627705774338905,0.1777539069111484,0.0416666666666667,0.19662400298893998,0.1393946001896995,0.30874858760462165,0.18820018502737665,0.006350841057329214,0.06758724555150691,0.006458498287955999,0.0394343500170737,0.03798383751085477,0.09180754925312269
2016-11-27,0.0589205804549143,0.16670044878452056,0.24310315668801863,0.27999999999999975,0.30280688617477186,0.19662400298893998,0.1393946001896995,0.30874858760462165,0.006110538963268106,0.061693985801050996,0.00692932832219688,0.039705368279530175,0.19242518589840418,-0.07275935428242819
2016-12-04,0.058388098614325284,0.15788808471168483,0.208327171527668,0.12000000000000009,0.1846558322975772,0.30280688617477186,0.19662400298893998,0.1393946001896995,0.0053553038105046274,0.05622167317562765,0.007390741755752942,0.038826580570983454,0.1822747953911722,0.0
2016-12-11,0.05817218141925416,0.15259695370869672,0.208327171527668,0.1363636363636365,0.23689351923950822,0.1846558322975772,0.30280688617477186,0.19662400298893998,0.00490902849296258,0.051140240023448844,0.007842926920637882,0.03725693173059065,0.19216389833415104,-0.019048194970694474
2016-12-18,0.0579776654031173,0.14738070317273086,0.19903301879665825,0.090909090909091,0.2232178392461756,0.23689351923950822,0.1846558322975772,0.30280688617477186,0.0045314109165808455,0.04835600705846799,0.008286068382225125,0.035045768982055046,0.19194632058547922,0.03774032798284711
2016-12-25,0.058489373847797475,0.1508938793019179,0.22948243335581564,0.181818181818182,0.263989244011902,0.2232178392461756,0.23689351923950822,0.1846558322975772,0.004085135599038791,0.04148327571515914,0.008720347014580621,0.03374617811229999,0.19209104864151538,-0.01869213301215252
2017-01-01,0.05886132017131143,0.15279336557147696,0.2188892259977121,0.1764705882352942,0.22347347446044713,0.263989244011902,0.2232178392461756,0.23689351923950822,0.003432887058015789,0.038560121054790814,0.009145940074289009,0.03216259932058486,0.19194437792700902,-0.03846628082779605
2017-01-08,0.05889044740335382,0.15037969588101893,0.19740453942719616,0.05882352941176474,0.20927659553918215,0.22347347446044713,0.263989244011902,0.2232178392461756,0.0030209406110538947,0.034818965968555424,0.00956302127280323,0.030692133299706523,0.19135575241051306,0.0
2017-01-15,0.059108812543945136,0.1503815156529637,0.19740453942719616,0.06250000000000004,0.23689351923950822,0.20927659553918215,0.22347347446044713,0.263989244011902,0.002643323034672157,0.030245630986554112,0.009971760847347164,0.029703516407262067,0.19157624414689023,0.0755075525081453
2017-01-22,0.06038927310976629,0.16441127588186566,0.2681476203690717,0.3571428571428574,0.29110427919707005,0.23689351923950822,0.20927659553918215,0.22347347446044713,0.0023000343288705795,0.024907868493951588,0.010372325630400222,0.029162330848363362,0.19223286270984608,-0.0953101798043249
2017-01-29,0.060425546231852326,0.1624185031206334,0.2079819376245854,0.0,0.16846543347514784,0.29110427919707005,0.23689351923950822,0.20927659553918215,0.0019224167524888383,0.019951374750820663,0.010764879117792217,0.028659801400814564,0.19205122414287457,0.0
2017-02-05,0.060632016000500714,0.1626686514107541,0.2079819376245854,0.0,0.23689351923950822,0.16846543347514784,0.29110427919707005,0.23689351923950822,0.0016821146584277379,0.015348916275056232,0.011149581535436373,0.027062719390120105,0.1922008088450864,0.0
2017-02-12,0.060969477788322984,0.1647383269479406,0.2079819376245854,0.0,0.23689351923950822,0.23689351923950822,0.16846543347514784,0.29110427919707005,0.0012358393408856833,0.011075204833274968,0.011526589904727644,0.02482608298344725,0.19229547847766026,0.0
2017-02-19,0.06140572293261684,0.16826390265523283,0.2079819376245854,0.0,0.23689351923950822,0.23689351923950822,0.23689351923950822,0.16846543347514784,0.0010641949879848962,0.007106758494478081,0.011896058106633092,0.022749206320108167,0.19230377362932838,0.0
2017-02-26,0.061914390989880844,0.17293453979850548,0.2079819376245854,0.0,0.23689351923950822,0.23689351923950822,0.23689351923950822,0.23689351923950822,0.0009955372468245793,0.00342177260845241,0.01225813694450043,0.02082067798986473,0.19234584675514854,0.0
2017-03-05,0.0624740038586483,0.17848584832145892,0.2079819376245854,0.0,0.23689351923950822,0.23689351923950822,0.23689351923950822,0.23689351923950822,0.0007552351527634719,0.0,0.012612974205610422,0.019029901683210112,0.1923629528343086,0.0
2017-03-12,0.06306715339889268,0.1846941539571248,0.2079819376245854,0.8928571428571427,0.23689351923950822,0.23689351923950822,0.23689351923950822,0.23689351923950822,0.0006522485410230018,0.06779851405964682,0.03,0.03620783003130232,0.19237244854891133,0.0
2017-03-19,0.06367981857017738,0.19137133736820708,0.2079819376245854,0.8928571428571427,0.23689351923950822,0.23689351923950822,0.23689351923950822,0.23689351923950822,0.0005492619292825282,0.062241237140621034,0.0294,0.033317971435973585,0.1924017797778249,0.0
2017-03-26,0.0643007918265076,0.19836020861570414,0.2079819376245855,0.8928571428571427,0.23689351923950822,0.23689351923950822,0.23689351923950822,0.23689351923950822,0.0004806041881222113,0.05708090857295424,0.028811999999999997,0.030634531311739762,0.19242022532000036,0.0
2017-04-02,0.06492119764797229,0.20553037912157918,0.2079819376245855,0.8928571428571427,0.23689351923950822,0.23689351923950822,0.23689351923950822,0.23689351923950822,0.0003432887058015775,0.05228917490297792,0.02823576,0.028142765482094077,0.19242022532000036,0.0
2017-04-09,0.06553408874614955,0.21277459291048215,0.2079819376245855,0.909090909090909,0.23689351923950822,0.23689351923950822,0.23689351923950822,0.23689351923950822,0.00024030209406110392,0.0478397079237142,0.027671044799999996,0.025828982925994504,0.19243471269554246,0.0
2017-04-16,0.0661341077266722,0.22000547919911548,0.2079819376245854,0.909090909090909,0.23689351923950822,0.23689351923950822,0.23689351923950822,0.23689351923950822,0.00020597322348094374,0.04370806001439788,0.027117623903999997,0.023680470552473472,0.19250881346023296,0.0
2017-04-23,0.06671720389159061,0.2271526892493919,0.2079819376245855,0.909090909090909,0.23689351923950822,0.23689351923950822,0.23689351923950822,0.23689351923950822,0.0001716443529007905,0.039871529812889855,0.026575271425919995,0.02168542334848966,0.1926263442976851,0.0
2017-04-30,0.06728039646975445,0.2341603817086077,0.2079819376245855,0.9433962264150942,0.23689351923950822,0.23689351923950822,0.23689351923950822,0.23689351923950822,0.0,0.03630903748291814,0.026043765997401595,0.01983287951621898,0.19309549631825862,0.0
2017-05-07,0.06782157692065288,0.24098502232424618,0.2079819376245855,0.9615384615384613,0.23689351923950822,0.23689351923950822,0.23689351923950822,0.23689351923950822,0.0,0.03589632378353885,0.025522890677453565,0.018866291925852777,0.19445827123516257,0.0
2017-05-14,0.06833934410431035,0.2475934658470763,0.2079819376245855,0.9615384615384613,0.23689351923950822,0.23689351923950822,0.23689351923950822,0.23689351923950822,0.0,0.035513089634115216,0.025012432863904494,0.017968746306227017,0.1949079966710332,0.0
2017-05-21,0.06883286707934706,0.2539612900377498,0.2079819376245855,0.9615384615384613,0.23689351923950822,0.23689351923950822,0.23689351923950822,0.23689351923950822,0.0,0.03515722935250755,0.024512184206626403,0.01675849524677481,0.19505855270248018,0.058268908123975824
2017-05-28,0.0699890115592397,0.2699562687525251,0.35475980750638136,0.9636363636363634,0.278727768746633,0.23689351923950822,0.23689351923950822,0.23689351923950822,0.0001029866117404736,0.041426642035905556,0.024021940522493873,0.017141954056482334,0.19561900967115708,0.037041271680349076
2017-06-04,0.07142204835657981,0.28994255702488164,0.43159238236028286,0.9649122807017544,0.26348735549674385,0.278727768746633,0.23689351923950822,0.23689351923950822,0.00027463096464126063,0.050471665212372716,0.023541501712043993,0.01749802295121075,0.1977860451947585,0.03571808260207903
2017-06-11,0.07305569267559708,0.3126657074235108,0.49699430714401094,0.9999999999999999,0.26253736992420357,0.26348735549674385,0.278727768746633,0.23689351923950822,0.0005149330587023715,0.0588706153048065,0.023070671677803113,0.017451842512230278,0.20123814929645245,0.0
2017-06-18,0.07436973080145656,0.33077511373086826,0.49699430714401094,0.31818181818181795,0.23689351923950822,0.26253736992420357,0.26348735549674385,0.278727768746633,0.0007552351527634789,0.08781231951632053,0.0,0.021553934929545285,0.2103365902420259,1.0628942060660305
2017-06-25,0.10015904657258476,0.6381810682952465,0.9647137581041336,0.9504132231404957,1.0000000000000002,0.23689351923950822,0.26253736992420357,0.26348735549674385,0.0047030552694816395,0.16030212653270604,0.000576,0.06266778902722395,0.21227050674919323,0.0
2017-07-02,0.12008959818489023,0.8161847818964232,0.9647137581041336,0.9504132231404957,0.23689351923950822,1.0000000000000002,0.23689351923950822,0.26253736992420357,0.00865087538619979,0.22761409019077833,0.0032889599999999996,0.06127927593181253,0.21249294114404071,0.0
2017-07-09,0.13520282116435967,0.9174531737197273,0.9647137581041336,0.9504132231404957,0.23689351923950822,0.23689351923950822,1.0000000000000002,0.23689351923950822,0.01259869550291795,0.29011805644470257,0.005893401599999999,0.05998994234321622,0.21259395938449555,0.01801850550267843
2017-07-16,0.1470567938063006,0.9753871344682714,0.9667316011390419,0.9752066115702478,0.24982993214329471,0.23689351923950822,0.23689351923950822,1.0000000000000002,0.016649502231376588,0.343769487775193,0.008393665536,0.05879270401094822,0.21288924347197857,-0.03636764417087472
2017-07-23,0.15416041338324438,0.992855908944068,0.8901872072729331,0.9256198347107438,0.2107833148575474,0.24982993214329471,0.23689351923950822,0.23689351923950822,0.02049433573635428,0.3935886740106484,0.010793918914559998,0.05655053517872878,0.21261921394460914,0.03636764417087479
2017-07-30,0.16021025523574145,1.0,0.8988105514382267,0.9752066115702478,0.26300372362146907,0.2107833148575474,0.24982993214329471,0.23689351923950822,0.024545142464812902,0.43039645598938214,0.0130981621579776,0.05785986383415103,0.2128125084624024,-0.05505977718302731
2017-08-06,0.1619293414500353,0.9818340098665059,0.7907764340933363,0.9008264462809917,0.19736327007848625,0.26300372362146907,0.2107833148575474,0.24982993214329471,0.028286989358050116,0.45986474303752284,0.015310235671658496,0.059075669014185976,0.21266389508942574,0.0
2017-08-13,0.1622975161174995,0.9579169057110124,0.7907764340933363,0.9008264462809917,0.23689351923950822,0.19736327007848625,0.26300372362146907,0.2107833148575474,0.03202883625128733,0.4872281524393676,0.017433826244792158,0.057943735919705856,0.2127765692807022,-0.03846628082779605
2017-08-20,0.1602286076824037,0.9235956934266372,0.7195315612794544,0.8512396694214875,0.20927659553918215,0.23689351923950822,0.19736327007848625,0.26300372362146907,0.035564709921043595,0.5074730784685686,0.01947247319500047,0.056892655189117174,0.21237443897735342,-0.019802627296179754
2017-08-27,0.15696112140688534,0.8860007560546126,0.6848273726760106,0.8249999999999998,0.22267619343270953,0.20927659553918215,0.23689351923950822,0.19736327007848625,0.03899759697905939,0.5262719383528268,0.021429574267200453,0.054786204129885684,0.21221902629973077,0.0
2017-09-03,0.15347905517826488,0.8501081766911761,0.6848273726760106,0.8235294117647058,0.23689351923950822,0.22267619343270953,0.20927659553918215,0.23689351923950822,0.0423274974253347,0.5437280225310666,0.023308391296512434,0.05169976633691443,0.21236084036806147,0.0
2017-09-10,0.1498685524191926,0.8160477226143137,0.6848273726760106,0.8220338983050848,0.23689351923950822,0.23689351923950822,0.22267619343270953,0.20927659553918215,0.0455887401304497,0.5599372435537178,0.025112055644651937,0.04883378838629827,0.21243130156210788,0.0
2017-09-17,0.14619856807938542,0.7838761868518461,0.6848273726760106,0.8157894736842103,0.23689351923950822,0.23689351923950822,0.23689351923950822,0.22267619343270953,0.048781325094404394,0.5749886630747509,0.02684357341886586,0.045042075622755536,0.21248573193845754,0.0
2017-09-24,0.1425238045448691,0.7535996110670706,0.6848273726760106,0.0,0.23689351923950822,0.23689351923950822,0.23689351923950822,0.23689351923950822,0.05197391005835907,0.5889649812014247,0.028505830482111225,0.04152119948518014,0.21258118446239493,0.0
2017-10-01,0.13888717427415076,0.7251890250179436,0.6848273726760106,0.0,0.23689351923950822,0.23689351923950822,0.23689351923950822,0.23689351923950822,0.0514589769996567,0.6019429908904789,0.03010159726282678,0.038251814500288715,0.2127385397984879,0.0
2017-10-08,0.1353218635721711,0.698591692791049,0.6848273726760106,0.0,0.23689351923950822,0.23689351923950822,0.23689351923950822,0.23689351923950822,0.050944043940954344,0.6139939998874576,0.031633533372313706,0.035215957014318094,0.21283340952488417,0.0
2017-10-15,0.13185306034657632,0.6737391995374464,0.6848273726760106,0.0,0.23689351923950822,0.23689351923950822,0.23689351923950822,0.23689351923950822,0.05042911088225197,0.6251842225275094,0.03310419203742116,0.03239694649163109,0.21287489499651713,0.0
2017-10-22,0.1284993989127428,0.6505532885745113,0.6848273726760106,0.0,0.23689351923950822,0.23689351923950822,0.23689351923950822,0.23689351923950822,0.049811191211809124,0.6384350815070726,0.03451602435592432,0.030909741387106605,0.2140171781770439,0.0
2017-10-29,0.12527416664833868,0.6289500794974507,0.6848273726760106,0.0,0.23689351923950822,0.23689351923950822,0.23689351923950822,0.23689351923950822,0.04939924476484723,0.6507394505595242,0.03587138338168734,0.02839831769493471,0.21484572201461982,0.0
2017-11-05,0.1221863103117142,0.6088431106442798,0.6848273726760106,0.0,0.23689351923950822,0.23689351923950822,0.23689351923950822,0.23689351923950822,0.048781325094404394,0.6621649361082291,0.037172528046419843,0.02606628140934652,0.21486273678883183,0.0
2017-11-12,0.11924127393373904,0.5901455215401642,0.6848273726760106,0.0,0.23689351923950822,0.23689351923950822,0.23689351923950822,0.23689351923950822,0.04847236525918298,0.6727743155463124,0.03842162692456305,0.023900819144157485,0.21486944478852976,0.0
2017-11-19,0.11644169520288772,0.5727716025519036,0.6848273726760106,0.0,0.23689351923950822,0.23689351923950822,0.23689351923950822,0.23689351923950822,0.04816340542396156,0.6826258821673895,0.039620761847580524,0.021890032755053388,0.21519969672847794,0.0
2017-11-26,0.11378798304720014,0.5566378769716545,0.6848273726760106,0.0,0.23689351923950822,0.23689351923950822,0.23689351923950822,0.23689351923950822,0.04806041881222108,0.6917737654583898,0.04077193137367731,0.020022873965171013,0.21520734983152168,0.0
2017-12-03,0.1112787955547398,0.5416638367086823,0.6848273726760106,0.0,0.23689351923950822,0.23689351923950822,0.23689351923950822,0.23689351923950822,0.04806041881222108,0.7002682285143187,0.04187705411873021,0.018289083660280227,0.21593876074558338,0.0
2017-12-10,0.10891143436529185,0.5277724211401339,0.6848273726760106,0.0,0.23689351923950822,0.23689351923950822,0.23689351923950822,0.23689351923950822,0.04806041881222108,0.7081559442091097,0.042937971953981004,0.016679135520024504,0.2159686504888072,0.0
2017-12-17,0.10668216912480741,0.5148903057273537,0.6848273726760106,0.0,0.23689351923950822,0.23689351923950822,0.23689351923950822,0.23689351923950822,0.04806041881222108,0.7199374569722129,0.04395645307582176,0.01631463119918619,0.21643488852167525,0.03922071315328133
2017-12-24,0.10596098434551243,0.5096414932325715,0.7512313223395644,0.9999999999999999,0.2650520887533004,0.23689351923950822,0.23689351923950822,0.23689351923950822,0.04826639203570204,0.734865911476103,0.044934194952788886,0.017106610424949764,0.21644866779820504,0.14310084364067324
2017-12-31,0.11055300540894161,0.5298437460339023,0.8784253996107436,0.9999999999999999,0.3396329833943327,0.2650520887533004,0.23689351923950822,0.23689351923950822,0.04929625815310675,0.7665879375071419,0.04587282715467733,0.02688559989549483,0.21740445576558454,0.2751032902449208
2018-01-07,0.12681510879352134,0.6008157879468787,0.9614328445569686,0.9999999999999999,0.43440433684141727,0.3396329833943327,0.2650520887533004,0.23689351923950822,0.052282869893580504,0.8084330175746256,0.0474404575253967,0.04727056535499243,0.22149180918706135,0.3927260823307346
2018-01-14,0.165092684476702,0.7479540896676735,1.0,0.9999999999999999,0.5188517958769144,0.43440433684141727,0.3396329833943327,0.2650520887533004,0.059182972880192246,0.8532572864026368,0.05122922092336496,0.08993885985047945,0.23306131170683553,-0.025975486403260563
2018-01-21,0.19200577948436942,0.829215937160826,0.9424992638201095,0.7111111111111109,0.21824438002874957,0.5188517958769144,0.43440433684141727,0.3396329833943327,0.06577411603158256,0.896238086642175,0.06014629883102846,0.12390718140643593,0.2285893119082426,0.27443684570176036
2018-01-28,0.23651075465084104,0.9447401763682799,0.9752508115688312,0.9615384615384613,0.43392586198752237,0.21824438002874957,0.5188517958769144,0.43440433684141727,0.07607277720562994,0.9367151774014605,0.07308874297130505,0.15997098437456356,0.23333814053885094,-0.15082288973458366
2018-02-04,0.255118657130454,0.9697284121838134,0.7362349520969338,0.7596153846153844,0.12861000057261293,0.43392586198752237,0.21824438002874957,0.5188517958769144,0.08420871953312736,0.9695295298599624,0.08872831895532235,0.19006745884534174,0.2319306844771305,-0.08068891125014276
2018-02-11,0.260784419363411,0.9585761016309626,0.6449176706496169,0.6634615384615383,0.17896279504411552,0.12861000057261293,0.43392586198752237,0.21824438002874957,0.09131479574322005,0.9999999999999998,0.10217835430157722,0.2010574722843629,0.23040084093178215,-0.12516314295400605
2018-02-18,0.2534967992412017,0.9174173200152418,0.5336416548723071,0.5288461538461537,0.1470324540502787,0.17896279504411552,0.12861000057261293,0.43392586198752237,0.0969790593889461,0.9800035289233542,0.1137453846993564,0.21465382733450852,0.22951887398627335,-0.009569451016150672
2018-02-25,0.24507769336399837,0.8767587090911257,0.5261354344689462,0.5192307692307692,0.23002311760774788,0.1470324540502787,0.17896279504411552,0.12861000057261293,0.10254033642293167,0.961435377209326,0.18480000000000002,0.2080614062641439,0.22888848131266626,-0.039220713153281385
2018-03-04,0.23380631867898743,0.8322033727458861,0.49525461870615684,0.48076923076923067,0.20873494972571602,0.23002311760774788,0.1470324540502787,0.17896279504411552,0.10768966700995536,0.9369657905786423,0.18348,0.20307031993677593,0.2284834370216121,-0.19845093872383832
2018-03-11,0.21080734288838854,0.7617392751767704,0.37272737413402657,0.3076923076923076,0.09441537175419171,0.20873494972571602,0.23002311760774788,0.1470324540502787,0.11098523858565054,0.8918369698751332,0.18070079999999997,0.20974021501249715,0.22804342487809293,-0.08923113372794264
2018-03-18,0.18644181715862765,0.6895923338941973,0.3317042546853912,0.24038461538461534,0.17282989367377719,0.09441537175419171,0.20873494972571602,0.23002311760774788,0.11355990387916237,0.8341886029879251,0.17569075199999998,0.209151003869272,0.2272381929421603,0.27763173659827955
2018-03-25,0.1825877563615848,0.6722213432208541,0.45758113964825564,0.47115384615384615,0.4362196386724853,0.17282989367377719,0.09441537175419171,0.20873494972571602,0.11860624785444557,0.7980323319342965,0.16825949183999997,0.2232996970441804,0.22799680107480613,-0.15246859364427362
2018-04-01,0.1687327154950945,0.6298641927301107,0.3788101852416218,0.3365384615384614,0.12742846499576055,0.4362196386724853,0.17282989367377719,0.09441537175419171,0.12200480604188124,0.7644586516702127,0.16142273249279995,0.22400284651749044,0.22776951003378287,0.07913732055872379
2018-04-08,0.1616320905583743,0.6063138373957362,0.41266272334729703,0.3473684210526314,0.2937102765834945,0.12742846499576055,0.4362196386724853,0.17282989367377719,0.1253003776175764,0.7174450148603999,0.15513291389337597,0.23143845617053035,0.22813570115543136,0.021506205220963682
2018-04-15,0.156468103493612,0.5886077880552061,0.42238553734504214,0.2941176470588235,0.2523339313586265,0.2937102765834945,0.12742846499576055,0.4362196386724853,0.12684517679368346,0.6791658098451496,0.1493462807819059,0.2281689231351894,0.2286679895762891,-0.1124779834266902
2018-04-22,0.14463338877455817,0.5538918113829363,0.3646288994321244,0.17647058823529413,0.15613978325532102,0.2523339313586265,0.2937102765834945,0.12742846499576055,0.12344661860624787,0.6411945184003823,0.14402257831935342,0.22626337569748622,0.22817552565407218,0.04652001563489291
2018-04-29,0.13732855530507826,0.5318160284492897,0.38631009702780195,0.22352941176470595,0.27029263385831614,0.15613978325532102,0.2523339313586265,0.2937102765834945,0.12076896670099552,0.6059354620588128,0.13912477205380513,0.22336349126736266,0.22840281669509543,-0.0346855579878901
2018-05-06,0.1288453369215912,0.506965514950499,0.3682829168852161,0.20253164556962017,0.211990971141783,0.27029263385831614,0.15613978325532102,0.2523339313586265,0.11407483693786472,0.5679050029739539,0.13461879028950072,0.21275760877359678,0.22795017727151934,-0.03593200922606333
2018-05-13,0.1195355573477396,0.48012469037263084,0.3498703245182385,0.18055555555555555,0.2110960796160098,0.211990971141783,0.27029263385831614,0.15613978325532102,0.10923446618606247,0.5249241105277711,0.13047328706634068,0.20517018436246964,0.22736543707196388,-0.11625980611586197
2018-05-20,0.10556083875990876,0.44029591694971293,0.29657880261449265,0.07692307692307697,0.15342461801429913,0.2110960796160098,0.211990971141783,0.27029263385831614,0.10449708204600067,0.4882859867750003,0.12665942410103342,0.20038561388522128,0.2267729262385274,0.0
2018-05-27,0.0942756735133452,0.4076381420788289,0.29657880261449265,0.15000000000000008,0.23689351923950822,0.15342461801429913,0.2110960796160098,0.211990971141783,0.10120151047030551,0.46123319265305057,0.12315067017295073,0.1959427984420621,0.22699438930413973,0.053345980705292714
2018-06-03,0.087975275844377,0.3891401402869433,0.32559584509791717,0.28571428571428586,0.2751933456628767,0.23689351923950822,0.15342461801429913,0.2110960796160098,0.09842087195331273,0.42802950526599776,0.11887560315565565,0.19520866953018312,0.22749462386023778,-0.026317308317373417
2018-06-10,0.08152867957045963,0.3700579351227461,0.3121862957559013,0.235294117647059,0.21799896847561775,0.2751933456628767,0.23689351923950822,0.15342461801429913,0.0958462066598009,0.397197509835163,0.11502804284009009,0.19113563582666948,0.2271663145787598,-0.04082199452025505
2018-06-17,0.07435376526594176,0.3485351178680328,0.2916628873941485,0.1470588235294121,0.20758530737967174,0.21799896847561775,0.2751933456628767,0.23689351923950822,0.09481634054239618,0.368567799792245,0.1115652385560811,0.181701295483554,0.22682634934646018,0.01379332213233577
2018-06-24,0.06943895862154977,0.33355757379760664,0.30020497610903685,0.1764705882352942,0.24679645543986667,0.20758530737967174,0.21799896847561775,0.2751933456628767,0.09461036731891523,0.34343817594673653,0.10844871470047299,0.17407128411720302,0.23260770095402428,0.02702867238791942
2018-07-01,0.06703814123809103,0.3261319073425464,0.31795128750133683,0.2580645161290324,0.2562987948989863,0.24679645543986667,0.20758530737967174,0.21799896847561775,0.0921386886371438,0.3201035252330501,0.1056438432304257,0.16585582603904941,0.23324003628610168,-0.06899287148695143
2018-07-08,0.061823650162219954,0.30981379195780057,0.27891150878273874,0.09677419354838739,0.18735998423903832,0.2562987948989863,0.24679645543986667,0.20758530737967174,0.09059388946103675,0.29843563528462697,0.10311945890738311,0.16048808144241933,0.23302342986666502,-0.01438873745209978
2018-07-15,0.0572131000800563,0.295060812759164,0.2711199982757624,0.19444444444444423,0.22656310372214633,0.18735998423903832,0.2562987948989863,0.24679645543986667,0.08822519739100584,0.29095870005498975,0.10084751301664481,0.1577646422214897,0.23267375134201396,0.04255961441879611
2018-07-22,0.05587722681697948,0.29053683480380954,0.30185781114649846,0.2857142857142857,0.26744925789750346,0.22656310372214633,0.18735998423903832,0.2562987948989863,0.0859594919327154,0.2679945248818049,0.09767381145464743,0.15862707694453818,0.23307588164536264,-0.042559614418796125
2018-07-29,0.05299876447541056,0.28092682591252993,0.27596970041807567,0.20588235294117624,0.20633778058151295,0.26744925789750346,0.22656310372214633,0.18735998423903832,0.08441469275660829,0.24659664699776657,0.096,0.1515147765215749,0.23294475219861854,-0.014598799421152636
2018-08-05,0.0503190048339317,0.2717586655184365,0.2671943722284128,0.22222222222222215,0.22641228941811617,0.20633778058151295,0.26744925789750346,0.22656310372214633,0.08235496052179883,0.23455019181033415,0.093408,0.14830184012844932,0.23105260284856222,-0.045120435280469655
2018-08-12,0.046450981620202225,0.25839538267307804,0.24052868432812924,0.14285714285714257,0.20449923542390736,0.22641228941811617,0.20633778058151295,0.26744925789750346,0.08029522828698937,0.22490585434334215,0.09112703999999999,0.1441879516682907,0.23089719017093957,-0.08004270767353637
2018-08-19,0.04032158181255649,0.23688886741696652,0.19828210749488184,0.04347826086956525,0.1794267378658796,0.20449923542390736,0.22641228941811617,0.20633778058151295,0.0780295228286989,0.22062829210222284,0.08911979519999999,0.14036791238385768,0.23076897471190083,0.0
2018-08-26,0.03592650115955509,0.22061825982341485,0.19828210749488184,0.04347826086956525,0.23689351923950822,0.1794267378658796,0.20449923542390736,0.22641228941811617,0.07669069687607277,0.2086995024782946,0.08655502387199998,0.134559838000943,0.2310254056299783,-0.05129329438755058
2018-09-02,0.03087858260830096,0.20136907764752468,0.1724534224498489,0.0,0.20006742201994734,0.23689351923950822,0.1794267378658796,0.20449923542390736,0.0750429110882252,0.20262206951199158,0.08434932052991999,0.13142752112132056,0.2308418244045365,0.05129329438755048
2018-09-09,0.02950015020245242,0.1947440652355256,0.21629065154072913,0.20000000000000015,0.273719616459069,0.20006742201994734,0.23689351923950822,0.1794267378658796,0.07329213868863713,0.20028153503042107,0.0817974292451328,0.129649388685356,0.23110699728573025,-0.05129329438755058
2018-09-16,0.026888937268848986,0.18331049459526144,0.18840238409139753,0.08000000000000006,0.20006742201994734,0.273719616459069,0.20006742201994734,0.23689351923950822,0.07143837967730862,0.19810818158324844,0.0789538919810089,0.12686781818541834,0.22991711897268152,0.0
2018-09-23,0.02540334940370085,0.17568912581735965,0.18840238409139753,0.08000000000000006,0.23689351923950822,0.20006742201994734,0.273719616459069,0.20006742201994734,0.06989358050120151,0.19790629553016065,0.07662219142442729,0.12202403624524936,0.23050671581841253,-0.017699577099400975
2018-09-30,0.024129350848553957,0.1685989990616941,0.17838289262424817,0.04000000000000003,0.2241860814585991,0.23689351923950822,0.20006742201994734,0.273719616459069,0.06814280810161344,0.1977188299094363,0.07471019696803037,0.11526534368200841,0.2304518036627623,0.16430305129127634
2018-10-07,0.030595290831012124,0.19125464549460594,0.32803381673220666,0.44,0.3548551400043385,0.2241860814585991,0.23689351923950822,0.20006742201994734,0.06721592859594919,0.18136995752148133,0.066,0.11916344258644844,0.23090347175710324,-0.09531017980432477
2018-10-14,0.03205575211918709,0.1950830740846065,0.26217236717968595,0.20000000000000015,0.16846543347514792,0.3548551400043385,0.2241860814585991,0.23689351923950822,0.06618606247854444,0.1743998515669563,0.066,0.12165265833117216,0.2306043023526796,-0.01680711831638129
2018-10-21,0.033014100875441606,0.19708380570567152,0.2517423156774631,0.16000000000000011,0.22482682357314557,0.16846543347514792,0.3548551400043385,0.2241860814585991,0.0651561963611397,0.16553576169905926,0.066,0.11718138780916361,0.23027113642502595,-0.017094433359300183
2018-10-28,0.03356813526900923,0.19757222384394568,0.24091984591068671,0.17647058823529413,0.22462054530949516,0.22482682357314557,0.16846543347514792,0.3548551400043385,0.06371438379677308,0.15245998894111157,0.06672,0.11415994127669768,0.23004675937170815,-0.05310982531394841
2018-11-04,0.032424604470942114,0.19134052922121358,0.2085927700139747,0.0,0.1987632409316275,0.22462054530949516,0.22482682357314557,0.16846543347514792,0.06227257123240646,0.13996082570947377,0.084,0.10909341730632387,0.22989037536485035,0.0
2018-11-11,0.03202582549030707,0.18791297573475263,0.2085927700139747,0.21052631578947345,0.23689351923950822,0.1987632409316275,0.22462054530949516,0.22482682357314557,0.06093374527978029,0.13742895798539762,0.08364,0.10778013047631707,0.23009823982117072,0.0
2018-11-18,0.032215086013137335,0.18679199511636038,0.2085927700139747,0.21052631578947345,0.23689351923950822,0.23689351923950822,0.1987632409316275,0.22462054530949516,0.05990387916237556,0.12982308154630867,0.08274240000000001,0.10656064984845359,0.2302021720493308,-0.07550755250814506
2018-11-25,0.030113942636994497,0.1761440779305615,0.1623010302415136,0.05000000000000003,0.18268275928194658,0.23689351923950822,0.23689351923950822,0.1987632409316275,0.05897699965671129,0.12958191625371973,0.08188070400000001,0.10655872250340809,0.22987289143861778,0.0755075525081451
2018-12-02,0.031740191514667726,0.1808174879088291,0.23735138469933614,0.24999999999999978,0.2911042791970699,0.18268275928194658,0.23689351923950822,0.23689351923950822,0.05846206659800892,0.12935797705345858,0.08056786176000001,0.10429603777849611,0.23000110689765652,0.07020425867324856
2018-12-09,0.03626822920797826,0.1978633952104474,0.3049408433262405,0.44999999999999984,0.28729677147740196,0.2911042791970699,0.18268275928194658,0.23689351923950822,0.05866803982148986,0.11784366193003006,0.07933379005440001,0.10332542091476268,0.23015846223374947,0.0
2018-12-16,0.040269184803356624,0.21301447852064326,0.3049408433262405,0.44999999999999984,0.23689351923950822,0.28729677147740196,0.2911042791970699,0.18268275928194658,0.05856505320974938,0.11852687569921293,0.06,0.1092068189691194,0.23092484100027633,0.033336420267591926
2018-12-23,0.045186070300836864,0.2322167040943467,0.33912414046771444,0.5499999999999999,0.2608274518984416,0.23689351923950822,0.28729677147740196,0.2911042791970699,0.05897699965671129,0.11113265487033745,0.060384,0.11918990725719009,0.25271952637838857,-0.033336420267591836
2018-12-30,0.04801557001822264,0.24297949402324995,0.30740887727961297,0.44999999999999984,0.21295958658057493,0.2608274518984416,0.23689351923950822,0.28729677147740196,0.059182972880192246,0.10426659267209597,0.061184640000000005,0.1194163376209197,0.2520046280613242,0.01680711831638119
2019-01-06,0.05123912986105113,0.2555186937450985,0.32573896851295214,0.49999999999999994,0.24896021490587078,0.21295958658057493,0.2608274518984416,0.23689351923950822,0.05959491932715414,0.09789096348801453,0.061200000000000004,0.1128439092451309,0.2523300233550967,0.03278982282299097
2019-01-13,0.05542193099334057,0.2721158358165677,0.36223767572880605,0.5999999999999999,0.2604350214477329,0.24896021490587078,0.21295958658057493,0.2608274518984416,0.059182972880192246,0.09085341016110544,0.061967999999999995,0.11352362518115044,0.25261170883328776,0.12136085700426734
2019-01-20,0.06443204988894743,0.3081969590170579,0.48424795719056013,0.9999999999999999,0.3240247275592668,0.2604350214477329,0.24896021490587078,0.21295958658057493,0.060212838997596975,0.09495579028777783,0.06270528,0.11641568502625262,0.2532353022022489,-0.04380262265839312
2019-01-27,0.06956193099851866,0.3284159445679247,0.429230738153622,0.8499999999999994,0.20544536096170346,0.3240247275592668,0.2604350214477329,0.24896021490587078,0.061036731891520764,0.09876514326254503,0.0639829632,0.11684027412076346,0.2528691110806004,0.057987257650349316
2019-02-03,0.07640396272555164,0.35501994661269237,0.48325910285224805,0.9130434782608693,0.2785255573689559,0.20544536096170346,0.3240247275592668,0.2604350214477329,0.062375557844146924,0.10936988129896329,0.065183985408,0.1183649829464941,0.2531857644112566,0.3720491111883204
2019-02-10,0.10375218368962885,0.4555828528068866,0.7226711739544966,0.9814814814814812,0.5040067336014562,0.2785255573689559,0.20544536096170346,0.3240247275592668,0.06731891520768965,0.15954342889477363,0.06697726657536,0.14917241961476466,0.2546369302885585,-0.20391218938632205
2019-02-17,0.11180558381350669,0.48262349353020206,0.4956579823382835,0.6296296296296295,0.09049445869453396,0.5040067336014562,0.2785255573689559,0.20544536096170346,0.07030552694816342,0.2061331516623119,0.07275953991782401,0.1619530597608564,0.25374719270916857,-0.08701137698962981
2019-02-24,0.11289706780676738,0.4851739850999558,0.43079612191314465,0.49999999999999994,0.17442357133525185,0.09049445869453396,0.5040067336014562,0.2785255573689559,0.07257123240645383,0.22669442181647975,0.0779635859260416,0.17155990199200044,0.2532479294823057,0.11054187439982383
2019-03-03,0.11951746771943614,0.5058446155520487,0.49055521081477826,0.6603773584905659,0.31625722285977,0.17442357133525185,0.09049445869453396,0.5040067336014562,0.0761757638173704,0.24578702981677847,0.08264722733343746,0.16917606596978557,0.2538647235466207,-0.11054187439982384
2019-03-10,0.11802386513532709,0.49943997339153356,0.41232755670811516,0.49056603773584895,0.15752981561924645,0.31625722285977,0.17442357133525185,0.09049445869453396,0.07844146927566081,0.2635158801027701,0.0868625046000937,0.1669625039491575,0.2534927044495614,0.0
2019-03-17,0.11637532323782859,0.49268479332267323,0.41232755670811516,0.49056603773584895,0.23689351923950822,0.15752981561924645,0.31625722285977,0.17442357133525185,0.08029522828698937,0.2651637441301436,0.12480000000000001,0.1649070535014314,0.25393757323925636,0.0
2019-03-24,0.11462417694263166,0.4857484231242423,0.41232755670811516,0.49056603773584895,0.23689351923950822,0.23689351923950822,0.15752981561924645,0.31625722285977,0.08214898729831788,0.26669390358413325,0.12400800000000001,0.16186797341914377,0.30926740046063983,-0.1096989172564245
2019-03-31,0.10731467508051525,0.4609419719958512,0.34145099198713924,0.2857142857142856,0.15813501795778606,0.23689351923950822,0.23689351923950822,0.15752981561924645,0.08297288019224167,0.2585149091169178,0.12323184,0.16017641800927582,0.26150422798101114,0.028573372444056163
2019-04-07,0.10260603988876557,0.4447701160553251,0.3590191407197204,0.3265306122448978,0.25740781460851314,0.15813501795778606,0.23689351923950822,0.23689351923950822,0.08420871953312734,0.2509201285402177,0.12156656639999999,0.150692555320033,0.261756773582148,-0.028573372444056114
2019-04-14,0.09723981861501202,0.42650052112330994,0.34094257879910905,0.2857142857142856,0.21637922387050335,0.25740781460851314,0.15813501795778606,0.23689351923950822,0.08513559903879162,0.23430332662143122,0.119967903744,0.14866879653641665,0.26153142519959516,0.0966268356890717
2019-04-21,0.09760471212707525,0.42734780394119204,0.40407496737999693,0.3636363636363634,0.3062669000603733,0.21637922387050335,0.25740781460851314,0.15813501795778606,0.08657741160315824,0.22690292639993181,0.11744982951936,0.1467895919516301,0.2633992913187728,-0.02666824708216118
2019-04-28,0.09627047291769575,0.42257925865955304,0.3843121938338133,0.2857142857142857,0.21774701146594433,0.3062669000603733,0.21637922387050335,0.25740781460851314,0.08698935805012015,0.22387299143046563,0.11508283974819841,0.14504461626575685,0.26269022097711936,-0.027398974188114503
2019-05-05,0.09362020937338955,0.4135039984062187,0.36420089424683055,0.20000000000000012,0.2172223848502022,0.21774701146594433,0.3062669000603733,0.21637922387050335,0.08750429110882252,0.21841288729169406,0.11285786936330651,0.14003293912924855,0.2624328187298067,-0.14953173397096384
2019-05-12,0.08447115147657602,0.3826224738657167,0.27301639947953893,0.02325581395348839,0.1295369877791161,0.2172223848502022,0.21774701146594433,0.3062669000603733,0.08657741160315824,0.20557344489120838,0.11076639720150812,0.14216192407317144,0.2620763409005097,-0.04959694113937218
2019-05-19,0.07514539149137195,0.3505063345251249,0.2485354432786251,0.0,0.20128532136492094,0.1295369877791161,0.2172223848502022,0.21774701146594433,0.08204600068657739,0.19767131404011873,0.10776108542538747,0.1373561535218478,0.261674210597161,0.0813456394539524
2019-05-26,0.07128538975527307,0.33696152999229967,0.30266357018147483,0.15151515151515144,0.2952957424284651,0.20128532136492094,0.1295369877791161,0.2172223848502022,0.07998626845176793,0.1854949670104078,0.10406497688284873,0.13515454734298843,0.261893731004303,-0.03174869831458019
2019-06-02,0.06694098272892078,0.3214852327574847,0.28469390415951856,0.11111111111111117,0.21409949392513863,0.2952957424284651,0.20128532136492094,0.1295369877791161,0.07844146927566081,0.17418835905424762,0.10073847919456386,0.13197975122464842,0.26165672667092843,0.0
2019-06-09,0.06364104569754399,0.30950553033072936,0.28469390415951856,0.13043478260869576,0.23689351923950822,0.21409949392513863,0.2952957424284651,0.20128532136492094,0.07596979059388945,0.16606488259370467,0.09774463127510748,0.12564038368656383,0.26188498904118673,0.07755823434587444
2019-06-16,0.06463323397705135,0.31297690559045277,0.34248936290600895,0.3809523809523806,0.29257656928146225,0.23689351923950822,0.21409949392513863,0.2952957424284651,0.07493992447648473,0.16362650161828557,0.09505016814759673,0.12766696078127932,0.4270109590152962,-0.015037877364540446
2019-06-23,0.06485344881645397,0.3136645276483868,0.33165179096314035,0.3333333333333333,0.22609705275368994,0.29257656928146225,0.23689351923950822,0.21409949392513863,0.0738070717473395,0.16136229071253927,0.09262515133283705,0.12615743979817484,0.42050888111525686,-0.07878087785311422
2019-06-30,0.06171736979463818,0.30206615629611,0.2788955659023268,0.10000000000000006,0.18033267046771856,0.22609705275368994,0.29257656928146225,0.23689351923950822,0.07215928595949192,0.15376301106249624,0.09044263619955334,0.12362529421875008,0.4204121600353384,0.0
2019-07-07,0.05942365684583889,0.29337721673361844,0.2788955659023268,0.10000000000000006,0.23689351923950822,0.18033267046771856,0.22609705275368994,0.29257656928146225,0.07133539306556816,0.14670653710174197,0.08847837257959801,0.12014356865702797,0.42054620346978794,-0.05043085362689197
2019-07-14,0.0557543351490304,0.2793300875599503,0.24695458581561336,0.12500000000000006,0.2006866126505619,0.23689351923950822,0.18033267046771856,0.22609705275368994,0.06999656711294197,0.14050102622689636,0.08671053532163821,0.11804098530197088,0.4203577655981704,0.06669137449867235
2019-07-21,0.05585975608302496,0.27935222561193046,0.3028814515441598,0.2916666666666668,0.2847746910441086,0.2006866126505619,0.23689351923950822,0.18033267046771856,0.06927566083075867,0.12895912881534122,0.08422527108304163,0.11721903399595983,0.4204869523864443,-0.032789822822990956
2019-07-28,0.054797952387056495,0.27490909706826555,0.2799030211698629,0.20833333333333343,0.21335201703128354,0.2847746910441086,0.2006866126505619,0.23689351923950822,0.06762787504291107,0.11824165264746857,0.08203823855307663,0.11193400340278156,0.42026548932083196,0.0
2019-08-04,0.05420823768395051,0.2722076406250223,0.2799030211698629,0.25000000000000017,0.23689351923950822,0.21335201703128354,0.2847746910441086,0.2006866126505619,0.06618606247854444,0.11641673688436237,0.08011364992670743,0.10928737004220007,0.42040438940145725,-0.06899287148695156
2019-08-11,0.051246151875284196,0.2601849670162909,0.23261452302480634,0.06250000000000006,0.1873599842390382,0.23689351923950822,0.21335201703128354,0.2847746910441086,0.06453827669069687,0.11472217224719235,0.07842001193550253,0.10569933439797523,0.42028103058859423,0.06899287148695142
2019-08-18,0.0519570503088061,0.26239052963439646,0.29525692437097983,0.3125000000000003,0.2864270542399781,0.1873599842390382,0.23689351923950822,0.21335201703128354,0.06433230346721594,0.11005558617315363,0.07692961050324222,0.10236758701405217,0.4205015223249714,0.0
2019-08-25,0.05278857974793029,0.26511294729517476,0.29525692437097983,0.3125000000000003,0.23689351923950822,0.2864270542399781,0.1873599842390382,0.23689351923950822,0.0644352900789564,0.10572232767583196,0.07561805724285316,0.09814337406243875,0.4206715049411212,-0.01680711831638129
2019-09-01,0.05301790409106828,0.2654875572043715,0.2816077100032158,0.2500000000000002,0.22482682357314557,0.23689351923950822,0.2864270542399781,0.1873599842390382,0.06392035702025403,0.10169858764260471,0.07446389037371078,0.09309044308368429,0.42030045717329706,0.0
2019-09-08,0.053460042390635204,0.2667225898227428,0.2816077100032158,0.2500000000000002,0.23689351923950822,0.22482682357314557,0.23689351923950822,0.2864270542399781,0.06361139718503261,0.1041695525968105,0.07344822352886549,0.08952888326995428,0.4205355188482014,0.01680711831638119
2019-09-15,0.05475111710699703,0.2713845272059233,0.30045989553277086,0.3125000000000003,0.24896021490587078,0.23689351923950822,0.22482682357314557,0.23689351923950822,0.06340542396155166,0.09356466233521653,0.066,0.08848261563314613,0.42090462395755524,0.016529301951210506
2019-09-22,0.0566925998454475,0.27871262973484884,0.3197327265517529,0.4000000000000001,0.24876075623207883,0.24896021490587078,0.23689351923950822,0.22482682357314557,0.06278750429110883,0.08371726423516494,0.066192,0.08525018635159745,0.42157581245903825,-0.05043085362689197
2019-09-29,0.056372574564579926,0.2770399409149015,0.26962627702279696,0.2500000000000002,0.2006866126505619,0.24876075623207883,0.24896021490587078,0.23689351923950822,0.06196361139718503,0.07682769832159593,0.06638016,0.08224864487587365,0.42148477559780384,0.033901551675681416
2019-10-06,0.0577205617714261,0.2820810527553166,0.3102779898887734,0.4545454545454548,0.26123318883588387,0.2006866126505619,0.24876075623207883,0.24896021490587078,0.06186062478544455,0.07195818436674513,0.0665645568,0.08172239426721412,0.42198889547084245,-0.03390155167568134
2019-10-13,0.057611072896770046,0.2812865202443358,0.27609966562913135,0.30000000000000016,0.21255384964313262,0.26123318883588387,0.2006866126505619,0.24876075623207883,0.061551664950223135,0.06743649283724085,0.066745265664,0.07784239041668999,0.42187719260880113,-0.01739174271186922
2019-10-20,0.057048174992372566,0.27863346556283697,0.2591872642827091,0.2727272727272724,0.22440709161632294,0.21255384964313262,0.26123318883588387,0.2006866126505619,0.06144867833848267,0.06940990575796858,0.0756,0.07763087226940074,0.42130896500624315,0.0
2019-10-27,0.056823697332744415,0.2773266460277464,0.2591872642827091,0.33333333333333304,0.23689351923950822,0.22440709161632294,0.21255384964313262,0.26123318883588387,0.06093374527978029,0.06711507410025837,0.07538399999999999,0.07856491008488842,0.42147894762239296,0.034486176071169404
2019-11-03,0.05824140278679342,0.2827628983302111,0.30697790833790006,0.5555555555555556,0.2616529207927065,0.23689351923950822,0.22440709161632294,0.21255384964313262,0.06083075866803981,0.06000947737596368,0.07517231999999999,0.07830178338987069,0.42171595195576755,0.2531958963806116
2019-11-10,0.07123816948464498,0.3348419594443245,0.5692527621730331,0.9565217391304343,0.41867589073735745,0.2616529207927065,0.23689351923950822,0.22440709161632294,0.0624785444558874,0.09237904312050053,0.06480000000000001,0.09275326926668602,0.42222007182880616,-0.06805346324501564
2019-11-17,0.07803944909075144,0.36135472501975263,0.4779768302889126,0.7391304347826083,0.18803443378764795,0.41867589073735745,0.2616529207927065,0.23689351923950822,0.0640233436319945,0.12243649702614189,0.06535200000000001,0.09486803091545165,0.4214264958436953,0.01398624197474009
2019-11-24,0.08403264982562583,0.38421484774930453,0.4899884558928279,0.7500000000000002,0.24693496252849867,0.18803443378764795,0.41867589073735745,0.2616529207927065,0.06525918297288019,0.1522423651144813,0.06589296000000001,0.096831738160734,0.4219179884366771,-0.028170876966696335
2019-12-01,0.08726272040393529,0.39625748096934466,0.45393190141066064,0.6666666666666667,0.21666819609887483,0.24693496252849867,0.18803443378764795,0.41867589073735745,0.06628904909028493,0.17562568170071974,0.06700124160000001,0.09526383803172733,0.4216324176415454,-0.04380262265839312
2019-12-08,0.08760389504821664,0.3974014661894396,0.4020113502955974,0.5416666666666663,0.20544536096170346,0.21666819609887483,0.24693496252849867,0.18803443378764795,0.0671129419842087,0.17779641707632554,0.06806519193600001,0.09493837829276314,0.4210399068081089,0.043802622658393055
2019-12-15,0.08980124434895663,0.4053758970964507,0.4445455665036968,0.6666666666666667,0.2683416775173129,0.20544536096170346,0.21666819609887483,0.24693496252849867,0.06824579471335393,0.19325171313817197,0.06908658425856,0.09802750824906524,0.4214867182562741,-0.08961215868968717
2019-12-22,0.08724265648743275,0.3957840019922162,0.34764746093346277,0.4166666666666665,0.17255633623411915,0.2683416775173129,0.20544536096170346,0.21666819609887483,0.06865774116031581,0.19411695518803124,0.07006712088821761,0.10315688111300121,0.42136918741882196,0.06062462181643484
2019-12-29,0.08785946921444628,0.39793279084218386,0.40483018221860756,0.5833333333333334,0.28041905690614344,0.17255633623411915,0.2683416775173129,0.20544536096170346,0.06937864744249914,0.19721745919105776,0.0710084360526889,0.1090503177246266,0.42159162181366944,0.043172171865208574
2020-01-05,0.09026986175189977,0.4065978717482542,0.44449390525650057,0.6538461538461536,0.267889044429905,0.28041905690614344,0.17255633623411915,0.2683416775173129,0.0707174733951253,0.20882122703772255,0.07191209861058134,0.11452279457827876,0.4224813593930593,0.01398624197474009
2020-01-12,0.0926835308784433,0.4151173017244344,0.45753830368104276,0.6923076923076924,0.24693496252849867,0.267889044429905,0.28041905690614344,0.17255633623411915,0.071953312736011,0.21959615432391127,0.07335737269394646,0.10943035251493488,0.4226600839723254,-0.013986241974739952
2020-01-19,0.09369778003502356,0.4184854669922463,0.4394191761527345,0.6538461538461536,0.22685207595051785,0.24693496252849867,0.267889044429905,0.28041905690614344,0.07329213868863713,0.22960144394680082,0.07471593033230968,0.10357120878957356,0.42236091456790176,-0.0141846349919563
2020-01-26,0.09360405913927845,0.4178670611340586,0.4208273068956082,0.6153846153846154,0.22670963938786526,0.22685207595051785,0.24693496252849867,0.267889044429905,0.07463096464126331,0.23090629979972294,0.0759929745123711,0.09926102285399434,0.42221910049957107,0.014184634991956381
2020-02-02,0.0940178194804113,0.41905026880886453,0.4365595628384483,0.5909090909090908,0.24707739909115126,0.22670963938786526,0.22685207595051785,0.24693496252849867,0.07607277720562994,0.2176525935411156,0.07719339604162884,0.0997804974371245,0.4225590657318707,-0.08829260714567831
2020-02-09,0.09001378072311012,0.4045794627613181,0.32885547068663634,0.24999999999999986,0.17350371023351052,0.24707739909115126,0.22670963938786526,0.22685207595051785,0.07669069687607277,0.2053455805866945,0.096,0.09913241916920336,0.42244153489441855,0.0
2020-02-16,0.08671757611911894,0.39263124130793353,0.32885547068663634,0.06250000000000006,0.23689351923950822,0.17350371023351052,0.24707739909115126,0.22670963938786526,0.07555784414692757,0.19391763998616057,0.09564,0.09513928963507914,0.4226717399231471,-0.18540322333136267
2020-02-23,0.07645386108307016,0.35515301235457514,0.17807152116201108,0.0714285714285715,0.10378299848344877,0.23689351923950822,0.17350371023351052,0.24707739909115126,0.0738070717473395,0.20549985991042524,0.0952872,0.10273585887595528,0.4221812186594005,0.12188981760903679
2020-03-01,0.0732185638415624,0.3431102641573921,0.295547035704133,0.3214285714285714,0.3244044956145097,0.10378299848344877,0.23689351923950822,0.17350371023351052,0.07267421901819432,0.21625477841152813,0.09397171200000001,0.10752892098082766,0.42244444888212396,-0.30421137440299145
2020-03-08,0.05972020090356655,0.29140018605241663,0.13997361591128743,0.027777777777777804,0.018484509195890064,0.3244044956145097,0.10378299848344877,0.23689351923950822,0.07009955372468243,0.2439136923422468,0.09270884352000001,0.11876230664888976,0.42177326038064095,0.10536051565782614
2020-03-15,0.05276685144761993,0.2634478024593863,0.20998933771534822,0.16666666666666657,0.31253725862193893,0.018484509195890064,0.3244044956145097,0.10378299848344877,0.0683487813250944,0.26959696956362855,0.0903143129088,0.11901927991321223,0.4222793229121498,0.03922071315328133
2020-03-22,0.04895888066107896,0.24734471033303396,0.2368787409144567,0.2222222222222222,0.2650520887533004,0.31253725862193893,0.018484509195890064,0.3244044956145097,0.06649502231376589,0.2934457269834829,0.08806345413427201,0.11812745042068395,0.42238131248183974,-0.10109611687136888
2020-03-29,0.042847950429824574,0.2209917267031923,0.19185928859931534,0.0833333333333332,0.1643114113270025,0.2650520887533004,0.31253725862193893,0.018484509195890064,0.06474424991417782,0.31559100173049065,0.08594764688621569,0.11616887551107999,0.42224726904739013,0.22738984219566097
2020-04-05,0.046685435100875174,0.2360604790033456,0.3372665666669141,0.4166666666666666,0.4001483956404759,0.1643114113270025,0.2650520887533004,0.31253725862193893,0.06381737040851357,0.3006498616930557,0.08395878807304274,0.12339377899878377,0.4226591126430903,-0.05218575317057031
2020-04-12,0.047964923183094005,0.2405341474559472,0.30804177226800733,0.39999999999999974,0.19942667990540083,0.4001483956404759,0.1643114113270025,0.2650520887533004,0.06227257123240646,0.2838780739679291,0.08208926078866018,0.12331993280954241,0.42246290413759163,0.10178269430994238
2020-04-19,0.05341086586081188,0.2626524574118974,0.37142189128268366,0.6206896551724138,0.3099685564482028,0.19942667990540083,0.4001483956404759,0.1643114113270025,0.06124270511500172,0.27559434877438366,0.08033190514134057,0.12664270391915858,0.42298353660762766,-0.04959694113937218
2020-04-26,0.0558738987544089,0.2724056411835197,0.34034463823119687,0.5357142857142855,0.20128532136492094,0.3099685564482028,0.19942667990540083,0.4001483956404759,0.060006865774116035,0.2679023182375201,0.07867999083286013,0.12068455404575187,0.4226872811909094,-0.05218575317057031
2020-05-03,0.05597182531693009,0.2723637462286686,0.3098559653652604,0.42857142857142827,0.19942667990540083,0.20128532136492094,0.3099685564482028,0.19942667990540083,0.05856505320974938,0.268021764227783,0.07712719138288854,0.12080422392458422,0.4224182229927751,0.017699577099400857
2020-05-10,0.056964594166076035,0.27609147481348273,0.32164946700138364,0.52,0.24960095702041724,0.19942667990540083,0.20128532136492094,0.3099685564482028,0.05712324064538276,0.2681326783615987,0.0768,0.11413266081281934,0.4226396860583875,0.034486176071169404
2020-05-17,0.059334377120351674,0.28565315707761474,0.3457894116375203,0.6249999999999999,0.2616529207927065,0.24960095702041724,0.19942667990540083,0.20128532136492094,0.056505320974939925,0.26440121110361187,0.07536,0.10906808544700827,0.42301559047238735,0.033336420267591926
2020-05-24,0.06275601120594798,0.2996560641260339,0.37001964000196774,0.8095238095238095,0.2608274518984416,0.2616529207927065,0.24960095702041724,0.19942667990540083,0.05609337452797802,0.24991370864364887,0.05280000000000001,0.10436526546446942,0.42423072334554973,-0.05043085362689197
2020-05-31,0.06352654995648531,0.3026689954874674,0.3328473244338406,0.6666666666666666,0.2006866126505619,0.2608274518984416,0.2616529207927065,0.24960095702041724,0.056505320974939925,0.23949583967972038,0.053232,0.09999836119496905,0.42403062952311055,0.01709443335930004
2020-06-07,0.0649602004385264,0.3084657301696972,0.3461346207526197,0.7499999999999999,0.24916649316952116,0.2006866126505619,0.2608274518984416,0.2616529207927065,0.05629934775145897,0.22982210421321536,0.05365536,0.09368248361163468,0.42416564428679526,-0.07020425867324857
2020-06-14,0.06346084276347023,0.30205705003767647,0.2958064854130752,0.5499999999999998,0.18649026700161447,0.24916649316952116,0.2006866126505619,0.2608274518984416,0.05732921386886373,0.23013945271422964,0.0540702528,0.09233953023613509,0.42403062952311055,0.0870113769896299
2020-06-21,0.06586579495957147,0.3119498159330259,0.36388217953225177,0.7894736842105263,0.2993634671437646,0.18649026700161447,0.24916649316952116,0.2006866126505619,0.05835907998626844,0.23336599605784203,0.054476847744,0.09222294962542746,0.4242103254316118,-0.08701137698962981
2020-06-28,0.0644298680418003,0.3058084977167198,0.30203753966312785,0.49999999999999994,0.17442357133525185,0.2993634671437646,0.18649026700161447,0.24916649316952116,0.05866803982148986,0.24207760488088936,0.05487531078912,0.09437559124856869,0.42391309868565835,-0.03704127168034898
2020-07-05,0.06206279053651377,0.2956214295401756,0.2787135002666613,0.153846153846154,0.21029968298227267,0.17442357133525185,0.2993634671437646,0.18649026700161447,0.05928595949193271,0.25294805112747104,0.0552658045733376,0.09185268266103179,0.4236654097306972,-0.03846628082779605
2020-07-12,0.05899315433736521,0.28219868533050163,0.2554748835034245,0.0,0.20927659553918215,0.21029968298227267,0.17442357133525185,0.2993634671437646,0.05846206659800892,0.24892763089703157,0.05564848848187086,0.0906404293534324,0.42315740454071804,0.03846628082779614
2020-07-19,0.05815702381880286,0.27821095956664277,0.2866783448702922,0.153846153846154,0.26451044293983433,0.20927659553918215,0.21029968298227267,0.17442357133525185,0.05815310676278752,0.24519438354019496,0.05602351871223344,0.08612342299674983,0.42335555570468697,-0.019048194970694474
2020-07-26,0.05701859812021064,0.27282284959931746,0.2738482690210646,0.076923076923077,0.2232178392461756,0.26451044293983433,0.20927659553918215,0.21029968298227267,0.05712324064538276,0.2417277967088467,0.05639104833798877,0.08305950747494373,0.42305638630026327,0.0
2020-08-02,0.05634354542948581,0.2693839330386831,0.2738482690210646,0.142857142857143,0.23689351923950822,0.2232178392461756,0.26451044293983433,0.20927659553918215,0.05640233436319945,0.24219482476832316,0.056751227371229,0.08021444306183804,0.4232428815134105,-0.039220713153281385
2020-08-09,0.05466474628000272,0.2613806705061158,0.24607938786299,0.0,0.20873494972571602,0.23689351923950822,0.2232178392461756,0.26451044293983433,0.05578441469275661,0.23223179109226755,0.05710420282380442,0.0798334925827525,0.42237936982336943,0.01980262729617973
2020-08-16,0.054280389047514865,0.25905730457659737,0.2654105971701304,0.08333333333333338,0.2511108450463069,0.20873494972571602,0.23689351923950822,0.2232178392461756,0.055166495022313765,0.22298040267878738,0.05745011876732833,0.07721885780480335,0.42277372949283704,0.0
2020-08-23,0.0542273354008628,0.2582011573075803,0.2654105971701304,0.08333333333333338,0.23689351923950822,0.2511108450463069,0.20873494972571602,0.23689351923950822,0.054342602128389976,0.21438982772341292,0.05778911639198176,0.07253008760648082,0.4236207285858807,0.0755075525081451
2020-08-30,0.057183416485243894,0.27106727294630845,0.3439426966500123,0.4545454545454541,0.2911042791970699,0.23689351923950822,0.2511108450463069,0.20873494972571602,0.05372468245794713,0.2041220106249369,0.058121334064142126,0.07382846718360564,0.42485528804374595,-0.03704127168034898
2020-09-06,0.0583399515349947,0.27586651102467497,0.3092835364122054,0.30000000000000016,0.21029968298227267,0.2911042791970699,0.23689351923950822,0.2511108450463069,0.05320974939924477,0.19458760903349487,0.058446907382859285,0.07390365783867954,0.4238412203222579,0.037041271680349076
2020-09-13,0.060822367753346325,0.286738838703445,0.3478152749879685,0.49999999999999956,0.26348735549674385,0.21029968298227267,0.2911042791970699,0.23689351923950822,0.052797802952282875,0.1857342361271559,0.0587659692352021,0.07171258268530702,0.42432202829365306,0.0
2020-09-20,0.06294080921825407,0.296023194810992,0.3478152749879685,0.49999999999999956,0.23689351923950822,0.26348735549674385,0.21029968298227267,0.2911042791970699,0.05279780295228286,0.1775132469998411,0.05907864985049805,0.07193890794740226,0.4248261481666917,0.0
2020-09-27,0.06474994349496613,0.30395683329973633,0.3478152749879685,0.5555555555555551,0.23689351923950822,0.23689351923950822,0.26348735549674385,0.21029968298227267,0.052282869893580504,0.1752253767529116,0.059385076853488095,0.07101861959566297,0.4251369735219371,0.0870113769896299
2020-10-04,0.06973232840847554,0.326045078397963,0.4454973953885263,0.7142857142857143,0.2993634671437646,0.23689351923950822,0.23689351923950822,0.26348735549674385,0.05279780295228286,0.2005471300937161,0.059685375316418335,0.07694675126829993,0.42579553474336324,-0.01680711831638129
2020-10-11,0.0730206563436755,0.34047610245586596,0.42270016934763166,0.6428571428571428,0.22482682357314557,0.2993634671437646,0.23689351923950822,0.23689351923950822,0.05341572262272571,0.22406018676732026,0.0603699603037616,0.07792965486958056,0.4251631994112859,-0.05218575317057031
2020-10-18,0.07356977694062332,0.34286708030636387,0.3575108848475632,0.4285714285714284,0.19942667990540083,0.22482682357314557,0.2993634671437646,0.23689351923950822,0.05393065568142808,0.24589373939280984,0.061027161891611136,0.07658145602339997,0.42489219855468136,0.13353139262452257
2020-10-25,0.07952618207267441,0.36861861615994773,0.49355807295952137,0.9999999999999999,0.3327625817625724,0.19942667990540083,0.22482682357314557,0.2993634671437646,0.05506350841057329,0.28022639204223126,0.061658075415946687,0.08098179471322803,0.4252554756886244,0.0
2020-11-01,0.0841532608423971,0.38819369923092334,0.49355807295952137,0.7368421052631579,0.23689351923950822,0.3327625817625724,0.19942667990540083,0.22482682357314557,0.05629934775145897,0.32205574467930864,0.06226375239930882,0.08506782349663977,0.4257129717583762,0.27193371548364176
2020-11-08,0.10143092332946174,0.45817436255801874,0.6925141593436173,0.8095238095238095,0.432128735913514,0.23689351923950822,0.3327625817625724,0.19942667990540083,0.05959491932715414,0.3824443306644784,0.06349592725535029,0.11373183860230335,0.42895721140374987,-0.08701137698962981
2020-11-15,0.10986762325381234,0.48984786791147517,0.568999753435853,0.6428571428571428,0.17442357133525185,0.432128735913514,0.23689351923950822,0.3327625817625724,0.06237555784414694,0.43851944622213607,0.06724825307492227,0.12565260624965918,0.4278780646235073,-0.0953101798043249
2020-11-22,0.11128149837917786,0.4938853146963196,0.4657661885940232,0.4761904761904763,0.16846543347514784,0.17442357133525185,0.432128735913514,0.23689351923950822,0.06433230346721591,0.4905891963828181,0.07070039282892848,0.12428696773309898,0.4264744938787274,-0.028987536873252298
2020-11-29,0.11061325004914221,0.49008161034429676,0.4386580382956473,0.42857142857142855,0.2160818739007544,0.16846543347514784,0.17442357133525185,0.432128735913514,0.06608307586680398,0.5165020742574347,0.07387636140261421,0.12188842730117967,0.42605196566144066,0.014598799421152631
2020-12-06,0.11038304512512026,0.48797724401119935,0.44950252834539217,0.4523809523809523,0.24737474906090026,0.2160818739007544,0.16846543347514784,0.17442357133525185,0.0675248884311706,0.536378171151609,0.07679825249040506,0.11966121118582601,0.4263239378472804,0.01438873745209967
2020-12-13,0.11049866001975864,0.4871795438914124,0.4607474781128368,0.46341463414634154,0.24722393475687002,0.24737474906090026,0.2160818739007544,0.16846543347514784,0.06927566083075867,0.5573177836167609,0.1104,0.11759308193585477,0.42660659465470663,0.0
2020-12-20,0.11019665837045906,0.4848820280112253,0.4607474781128368,0.46341463414634154,0.23689351923950822,0.24722393475687002,0.24737474906090026,0.2160818739007544,0.07082046000686579,0.5791794239743071,0.10977599999999998,0.1156726762037386,0.42678143391703216,-0.01438873745209978
2020-12-27,0.10888366543779457,0.47899477668209034,0.44368674660014507,0.4102564102564101,0.22656310372214633,0.23689351923950822,0.24722393475687002,0.24737474906090026,0.07226227257123241,0.5948576418755126,0.10916448,0.11049809973857616,0.42667847301810713,0.06995858860691047
2021-01-03,0.1109169908916178,0.48517979847035275,0.5057585431052803,0.5263157894736843,0.2871203922868094,0.22656310372214633,0.23689351923950822,0.24722393475687002,0.0742190181943014,0.6230077514117396,0.10856519039999998,0.11699761111491677,0.4268494269634921,0.01342302033214055
2021-01-10,0.11279994217041991,0.4906226194881832,0.5174555614854572,0.5526315789473684,0.24653059671003869,0.2871203922868094,0.22656310372214633,0.23689351923950822,0.07576381737040852,0.6339899944743165,0.10797788659199999,0.11851108158392219,0.42741862589528523,-0.05480823649499503
2021-01-17,0.11110741854716348,0.48346500289287864,0.44444034023465195,0.4324324324324324,0.19754386409068136,0.24653059671003869,0.2871203922868094,0.22656310372214633,0.07699965671129419,0.6441877916038521,0.10740232886015999,0.1176555519720575,0.4262588587885259,0.0
2021-01-24,0.10938184673680765,0.4763370037276956,0.44444034023465195,0.4324324324324324,0.23689351923950822,0.19754386409068136,0.24653059671003869,0.2871203922868094,0.0785444558874013,0.6536571746527066,0.10683828228295679,0.1123393415234437,0.42649294913419505,-0.028573372444056114
2021-01-31,0.10627556621089206,0.46453830887017333,0.4076502884273693,0.28124999999999983,0.21637922387050335,0.23689351923950822,0.19754386409068136,0.24653059671003869,0.07905938894610368,0.6541761336788331,0.10628551663729767,0.10966375543995775,0.42624817416693933,-0.04445176257083381
2021-02-07,0.10143569260192627,0.44681209263862237,0.35515926991963154,0.1612903225806451,0.20497930999324704,0.21637922387050335,0.23689351923950822,0.19754386409068136,0.07926536216958463,0.646598640195055,0.10574380630455171,0.10944017769551909,0.4259315208362831,0.015037877364540502
2021-02-14,0.09804170784338306,0.4342903915748294,0.37227547467923916,0.13043478260869543,0.24768998572532652,0.20497930999324704,0.21637922387050335,0.23689351923950822,0.07751458976999656,0.6395623962458327,0.10458605405236965,0.1069716747425992,0.4261277293417817,-0.06155789299943332
2021-02-21,0.09238301763049181,0.41376479413158435,0.3043800488703087,0.0,0.19269793813488206,0.24768998572532652,0.20497930999324704,0.21637922387050335,0.07607277720562994,0.6246272905150989,0.10347461189027486,0.10694038847654332,0.41615897740152125,-0.13580154115906176
2021-02-28,0.08226551024097543,0.37681806627273473,0.19547878412713504,0.0,0.1393946001896994,0.19269793813488206,0.24768998572532652,0.20497930999324704,0.07452797802952282,0.5830239498619766,0.10180213517685838,0.11482446960957114,0.40398919341442935,0.10354067894084036
2021-03-07,0.0783912930812042,0.3624234532610233,0.29891813545063917,0.22222222222222235,0.31123070413633525,0.1393946001896994,0.19269793813488206,0.24768998572532652,0.0738070717473395,0.5443922763983629,0.0989379643627097,0.11875405951918525,0.40487990232305443,-0.016529301951210582
2021-03-14,0.07464201010801924,0.3483546377323054,0.2854978646016817,0.1851851851851853,0.22502628224693755,0.31123070413633525,0.1393946001896994,0.19269793813488206,0.07288019224167525,0.5065801537430021,0.09630292721369292,0.1167507268168312,0.4046157007710958,0.0
2021-03-21,0.0717205773646899,0.33726775123015407,0.2854978646016817,0.1851851851851853,0.23689351923950822,0.22502628224693755,0.31123070413633525,0.1393946001896994,0.0718503261242705,0.4684400817922368,0.09387869303659749,0.11149914673644784,0.4050333723422068,-0.05129329438755058
2021-03-28,0.06741931656368996,0.3207108716213904,0.2430204825013339,0.07407407407407413,0.20006742201994734,0.23689351923950822,0.22502628224693755,0.31123070413633525,0.07051150017164434,0.444076634151437,0.09164839759366969,0.11114446961368844,0.40006405197522127,0.0
2021-04-04,0.064147732457193,0.307865921224057,0.2430204825013339,0.07407407407407413,0.23689351923950822,0.20006742201994734,0.23689351923950822,0.22502628224693755,0.06927566083075867,0.42145343277069436,0.0895965257861761,0.10629333647638672,0.4003923612566992,0.0
2021-04-11,0.06172015811540918,0.2981231503542021,0.2430204825013339,0.14285714285714263,0.23689351923950822,0.23689351923950822,0.20006742201994734,0.23689351923950822,0.0675248884311706,0.4083961962530341,0.08770880372328202,0.10518005541994684,0.40077409364610994,0.034486176071169404
2021-04-18,0.061355990547454047,0.2964594586852261,0.2866284204761108,0.23809523809523797,0.2616529207927065,0.23689351923950822,0.23689351923950822,0.20006742201994734,0.06587710264332303,0.39627161948663536,0.08541792335095381,0.10188539939159723,0.4009489329084355,0.01680711831638119
2021-04-25,0.061925361827360505,0.298514849788046,0.30817408114321065,0.3529411764705882,0.24896021490587078,0.2616529207927065,0.23689351923950822,0.23689351923950822,0.06474424991417782,0.3703389196363546,0.08335613101585844,0.10108697098407088,0.40150161924323113,-0.03390155167568134
2021-05-02,0.061157928279963095,0.2952214706438263,0.27141115941722005,0.23529411764705865,0.21255384964313262,0.24896021490587078,0.2616529207927065,0.23689351923950822,0.06340542396155166,0.34625855548966544,0.0815005179142726,0.09808467812971243,0.40104120918577396,0.0
2021-05-09,0.060726367101886725,0.29324194495988876,0.27141115941722005,0.23529411764705865,0.23689351923950822,0.21255384964313262,0.24896021490587078,0.2616529207927065,0.06227257123240646,0.3238982173534539,0.07983046612284533,0.09529683476495099,0.401274328202208,0.033901551675681416
2021-05-16,0.06193735276491057,0.29790465319326703,0.319829791678113,0.3749999999999998,0.26123318883588387,0.23689351923950822,0.21255384964313262,0.24896021490587078,0.06165465156196361,0.31304560689109573,0.0783274195105608,0.09496901811647081,0.40157544026510195,-0.05129329438755058
2021-05-23,0.06098523145150679,0.2938159904673103,0.2602508365777729,0.1874999999999997,0.20006742201994734,0.26123318883588387,0.23689351923950822,0.21255384964313262,0.06062478544455887,0.30296818289033456,0.07697467755950471,0.0935341694191972,0.40071872787970686,0.01739174271186924
2021-05-30,0.06109818038493295,0.29403318301554193,0.28525184233379786,0.26666666666666655,0.2493799468626935,0.20006742201994734,0.26123318883588387,0.23689351923950822,0.0601098523858565,0.2936105748896277,0.07575720980355426,0.08881046734353142,0.40090910840979466,-0.01739174271186922
2021-06-06,0.06066981799982313,0.2920277323212068,0.26487765833269494,0.24999999999999964,0.22440709161632294,0.2493799468626935,0.20006742201994734,0.26123318883588387,0.06031582560933745,0.2849213674603999,0.07466148882319883,0.08442417255898463,0.4004953221556242,-0.03571808260207923
2021-06-13,0.05913499247929383,0.28540468124601137,0.22533728342638482,0.11111111111111045,0.21124966855481273,0.22440709161632294,0.2493799468626935,0.20006742201994734,0.05969790593889462,0.28427905769598666,0.07367533994087895,0.08148163206844747,0.3978465073313925,0.0870113769896299
2021-06-20,0.061561453916510696,0.2951770686689514,0.3497345024605659,0.6666666666666667,0.2993634671437646,0.21124966855481273,0.22440709161632294,0.2493799468626935,0.05969790593889462,0.27324117487921284,0.07278780594679106,0.08214061561257469,0.39876441345860153,0.2097205309820691
2021-06-27,0.07324899981215817,0.34253928268876327,0.5664854931116399,0.9523809523809526,0.38746268729743094,0.2993634671437646,0.21124966855481273,0.22440709161632294,0.06113971850326124,0.28473018354896157,0.06480000000000001,0.09744834671145314,0.4012053638265129,0.0
2021-07-04,0.08243782342242517,0.37862577326719776,0.56648549311164,0.8333333333333336,0.23689351923950822,0.38746268729743094,0.2993634671437646,0.21124966855481273,0.06289049090284929,0.3012708076382296,0.06480000000000001,0.10035819320927739,0.40296444107135476,0.07796154146971171
2021-07-11,0.09368768538577248,0.42116874008818683,0.6300493310174142,0.9629629629629626,0.292866124232633,0.23689351923950822,0.38746268729743094,0.2993634671437646,0.06525918297288019,0.32202663371218987,0.065952,0.10645153609974022,0.40496440796651173,0.10660973505825827
2021-07-18,0.10848583877837789,0.47422897329745584,0.7027628791975682,0.9722222222222219,0.3134341375539352,0.292866124232633,0.23689351923950822,0.38746268729743094,0.06855475454857535,0.3542328321309039,0.06782688,0.11437053525968256,0.4062805590801289,-0.0819171224678867
2021-07-25,0.11489950547545805,0.4954063244831338,0.5685708208644938,0.7777777777777775,0.1780809989682181,0.3134341375539352,0.292866124232633,0.23689351923950822,0.07092344661860625,0.38413858780542415,0.0710407296,0.1172021015277467,0.404335957951375,0.059188871390330654
2021-08-01,0.1229179250547204,0.5208774759940861,0.6111794590079221,0.9166666666666662,0.2793882577460183,0.1780809989682181,0.3134341375539352,0.292866124232633,0.07370408513559903,0.4132129854986393,0.073997471232,0.11757051801500798,0.40589785536148304,-0.09646026618756211
2021-08-08,0.12316812582231323,0.519809412844116,0.4841449274324907,0.6944444444444443,0.16763972724072304,0.2793882577460183,0.1780809989682181,0.3134341375539352,0.07586680398214898,0.4164662324867819,0.07671767353344,0.12130396160994804,0.4040902116548841,0.10788896201118492
2021-08-15,0.1290123516064325,0.5366718822138968,0.5620407735188326,0.9444444444444443,0.31435256045300697,0.16763972724072304,0.2793882577460183,0.1780809989682181,0.07895640233436318,0.4213024097810183,0.0792202596507648,0.12250983561502264,0.4047371169254886,0.011299555253933247
2021-08-22,0.13367483607034042,0.5489507993536613,0.5699063743375995,0.9722222222222219,0.24500605178957469,0.31435256045300697,0.16763972724072304,0.2793882577460183,0.08194301407483695,0.42941967929500624,0.08152263887870362,0.12136868071522221,0.4060056729065838,-0.04598511324182338
2021-08-29,0.1339221188582077,0.5471398021628909,0.5102176952847075,0.8611111111111107,0.2038784385917165,0.24500605178957469,0.31435256045300697,0.16763972724072304,0.0848266392035702,0.425576793040087,0.08364082776840732,0.12370037945074784,0.4050916520963153,-0.09884583463663248
2021-09-05,0.12795841822167622,0.5264485159520551,0.40541499846858087,0.6388888888888887,0.16592700481416928,0.2038784385917165,0.24500605178957469,0.31435256045300697,0.08678338482663919,0.4114978947978628,0.08558956154693474,0.12360463322922331,0.40181244459847654,-0.013072081567352888
2021-09-12,0.12200720802150875,0.5061802026372442,0.3932933515268693,0.6111111111111107,0.22750839877865112,0.16592700481416928,0.2038784385917165,0.24500605178957469,0.08874013044970822,0.39502045577368455,0.08738239662317997,0.11786348840509768,0.40004753937822385,0.0
2021-09-19,0.11682084428366613,0.4885935316333174,0.3932933515268693,0.6111111111111107,0.23689351923950822,0.22750839877865112,0.16592700481416928,0.2038784385917165,0.09090284929625816,0.3698308501799391,0.10800000000000001,0.11592376792517846,0.4005730284944356,0.05129329438755048
2021-09-26,0.11504178488198283,0.48186022227347725,0.43933387433852944,0.7058823529411762,0.273719616459069,0.23689351923950822,0.22750839877865112,0.16592700481416928,0.09296258153106762,0.3544678773692919,0.10759200000000001,0.11751394147916518,0.4013122100423785,-0.06453852113757118
2021-10-03,0.10976737605799963,0.46440118173517747,0.37228736349596536,0.28571428571428575,0.19055799171691393,0.273719616459069,0.23689351923950822,0.22750839877865112,0.09306556814280809,0.3368162378677154,0.10719216,0.11786008368418228,0.39992612322383114,0.051959738930711166
2021-10-10,0.10799971686775228,0.45807535168261754,0.4190140621582005,0.47619047619047633,0.27419809131296413,0.19055799171691393,0.273719616459069,0.23689351923950822,0.09358050120151046,0.3204254297591086,0.10636047359999999,0.11705105392229902,0.40059245507913843,-0.051959738930711104
2021-10-17,0.10350173176934511,0.44332067554892224,0.3667299863708112,0.24999999999999978,0.19958894716605236,0.27419809131296413,0.19055799171691393,0.273719616459069,0.09306556814280809,0.2980081536528828,0.10556205465599999,0.11856070704791999,0.39908786609390373,0.0769610411361284
2021-10-24,0.10378826601681462,0.44366874438438053,0.4350928171626104,0.5499999999999999,0.29214781352569413,0.19958894716605236,0.27419809131296413,0.19055799171691393,0.0922416752488843,0.2835491938146517,0.10426833137664,0.11996252780742518,0.40087414055732956,0.08288765980576765
2021-10-31,0.10850733040844798,0.45763810153299644,0.5033800334745593,0.8999999999999997,0.29640283824027697,0.29214781352569413,0.19958894716605236,0.27419809131296413,0.09285959491932713,0.2885535073766502,0.084,0.12013377098899514,0.40181438725694685,-0.04652001563489293
2021-11-07,0.10908575138085103,0.45866020153404935,0.4493334368376468,0.6999999999999996,0.2034944046207003,0.29640283824027697,0.29214781352569413,0.19958894716605236,0.09255063508410574,0.29545528750831485,0.08443200000000001,0.12029278251473866,0.40131123871314334,-0.03636764417087483
2021-11-14,0.10710072726293303,0.45192191986142766,0.41059814640437997,0.5499999999999999,0.2107833148575473,0.2034944046207003,0.29640283824027697,0.29214781352569413,0.0927566083075867,0.29777930755107745,0.08532672000000002,0.11930998855067276,0.4008012908646939,-0.012422519998557209
2021-11-21,0.1045044082492432,0.44343072543992373,0.3976274482766543,0.49999999999999956,0.2279747524759166,0.2107833148575473,0.2034944046207003,0.29640283824027697,0.09193271541366288,0.2957914807380073,0.08618565120000002,0.11500605158441417,0.4003554507457638,0.0
2021-11-28,0.10214598261786895,0.4357579456181261,0.3976274482766543,0.49999999999999956,0.23689351923950822,0.2279747524759166,0.2107833148575473,0.2034944046207003,0.0910058359079986,0.2820935958477937,0.08701022515200002,0.11100953868717404,0.40053223266655963,0.0
2021-12-05,0.10000081733595992,0.42881296086258475,0.3976274482766543,0.526315789473684,0.23689351923950822,0.23689351923950822,0.2279747524759166,0.2107833148575473,0.09049090284929626,0.25873962033775405,0.1068,0.11068983356793423,0.4011762239494586,-0.05129329438755058
2021-12-12,0.0952982209068409,0.41414204943926713,0.3391613268816922,0.31578947368421006,0.20006742201994734,0.23689351923950822,0.23689351923950822,0.2279747524759166,0.0903879162375558,0.2370537859355744,0.10641600000000001,0.10813206948127038,0.40062062362695755,0.013072081567352921
2021-12-19,0.09208173219171131,0.4040524443178471,0.3540588433681128,0.3684210526315789,0.24627863970036534,0.20006742201994734,0.23689351923950822,0.23689351923950822,0.09049090284929626,0.21691693970497894,0.10603968,0.10575700282936824,0.4011160015368799,-0.06713930283762844
2021-12-26,0.08594278533229613,0.38491449507848263,0.2842219369342631,0.10526315789473696,0.1886907566157813,0.24627863970036534,0.20006742201994734,0.23689351923950822,0.09007895640233438,0.20792146078199492,0.1056708864,0.10581247884282884,0.4001640988864409,0.16598513747426097
2022-01-02,0.08995445087263816,0.3972521984297921,0.45265358018227086,0.7894736842105259,0.3560627962885741,0.1886907566157813,0.24627863970036534,0.20006742201994734,0.09059388946103675,0.20009114729898164,0.104900050944,0.11264667742600855,0.40224177212040924,0.04598511324182344
2022-01-09,0.09568799439159545,0.4145625939292737,0.49291873577958756,0.9999999999999999,0.2699085998873,0.3560627962885741,0.1886907566157813,0.24627863970036534,0.09203570202540337,0.203992666092358,0.0864,0.1122100338254234,0.40314607963832627,-0.04598511324182338
2022-01-16,0.09720732449243581,0.41886759710579574,0.436426668898658,0.7894736842105259,0.2038784385917165,0.2699085998873,0.3560627962885741,0.1886907566157813,0.0926536216958462,0.20761550497192177,0.08680800000000001,0.11180457905345148,0.4022174888895307,0.0
2022-01-23,0.09815656792522973,0.42140416197720754,0.436426668898658,0.7647058823529408,0.23689351923950822,0.2038784385917165,0.2699085998873,0.3560627962885741,0.09368348781325095,0.2029074942600564,0.08720784000000002,0.10916719028925068,0.4029401578404762,0.0
2022-01-30,0.09864834467014913,0.42254690472871226,0.436426668898658,0.7222222222222217,0.23689351923950822,0.23689351923950822,0.2038784385917165,0.2699085998873,0.09409543426021286,0.21220053213597267,0.08759968320000003,0.11123997653151795,0.40406301443630016,0.023256862164267183
2022-02-06,0.10015058394727791,0.4266353798229393,0.4612516472499901,0.8333333333333326,0.25359081812251977,0.23689351923950822,0.23689351923950822,0.2038784385917165,0.09399244764847237,0.22082978159218064,0.08841569587200003,0.1097733640425687,0.4046535826112664,-0.011560822401075858
2022-02-13,0.10036565526663771,0.4269009096124622,0.44413759421874766,0.7777777777777775,0.22859340955141946,0.25359081812251977,0.23689351923950822,0.23689351923950822,0.09419842087195332,0.2314834473024201,0.08919906803712004,0.10502016701748984,0.40400959132836733,0.08894748601649612
2022-02-20,0.1057549747444418,0.44205701784385,0.5376764336339468,0.8799999999999994,0.30075349950769,0.22859340955141946,0.25359081812251977,0.23689351923950822,0.09553724682457945,0.26038141707922435,0.08995110531563523,0.10965006425510976,0.40470409173149374,-0.010695289116747919
2022-02-27,0.10895161156806665,0.45057695717733515,0.5197291569208549,0.8399999999999997,0.22921482046401553,0.30075349950769,0.22859340955141946,0.25359081812251977,0.09687607277720561,0.2872152461576855,0.09153803899669712,0.11281880702350053,0.40413003615352494,-0.01081091610421573
2022-03-06,0.1103939057216238,0.4539735358407568,0.5012226073481868,0.7999999999999995,0.22913180589588267,0.22921482046401553,0.30075349950769,0.22859340955141946,0.09811191211809131,0.31213237315911374,0.09302975665689528,0.11010897340429623,0.4040850674952548,0.0
2022-03-13,0.11113251892530199,0.45533802548621444,0.5012226073481868,0.7999999999999995,0.23689351923950822,0.22913180589588267,0.22921482046401553,0.30075349950769,0.09934775145897701,0.33526970537472567,0.09443197125748157,0.10646225180563595,0.40413003615352494,0.0
2022-03-20,0.11131139790097039,0.45512942278077284,0.5012226073481868,0.7999999999999995,0.23689351923950822,0.23689351923950822,0.22913180589588267,0.22921482046401553,0.10099553724682456,0.35675437100350815,0.09575005298203268,0.10307601032116567,0.404175004811795,-0.021978906718775115
2022-03-27,0.10967521925967003,0.4499554510950441,0.4583711410523976,0.7199999999999999,0.22111373037490917,0.23689351923950822,0.23689351923950822,0.22913180589588267,0.10233436319945075,0.351255537839384,0.09698904980311072,0.10558388084686757,0.4036300891108805,0.13815033848081718
2022-04-03,0.11717331971956708,0.4695645447144462,0.6150645753704049,0.9999999999999999,0.33607876083016364,0.22111373037490917,0.23689351923950822,0.23689351923950822,0.1055612770339856,0.3721418772171159,0.09815370681492408,0.12185480388903742,0.4048753331903323,0.009630893060961146
2022-04-10,0.12326649268315122,0.4847047472667746,0.6240738249314207,0.9124999999999995,0.24380803327899309,0.33607876083016364,0.22111373037490917,0.23689351923950822,0.10755235152763473,0.39644162325227084,0.09960000000000001,0.1271663062705454,0.4060836667588487,0.01898791224469138
2022-04-17,0.1288767415559517,0.49798950509363793,0.6422189229869463,0.9874999999999996,0.2505259191597834,0.24380803327899309,0.33607876083016364,0.22111373037490917,0.10933745279780294,0.4190056731420576,0.0984,0.12493891464146532,0.40746878224816097,0.09274205169861476
2022-04-24,0.1397717003770073,0.5238357152795173,0.7196165487676982,0.8661417322834646,0.30347781359950676,0.2505259191597834,0.24380803327899309,0.33607876083016364,0.11259869550291796,0.45740260633411106,0.10135999999999999,0.13379828181008271,0.40910158669243435,0.06899287148695142
2022-05-01,0.1533084614930354,0.5544395060867849,0.7656309025838881,0.929577464788732,0.2864270542399781,0.30347781359950676,0.2505259191597834,0.24380803327899309,0.1167181599725369,0.4974070134083712,0.1068128,0.13712623110211686,0.41050224344950886,-0.027028672387919374
2022-05-08,0.1607429404137394,0.5689678740968535,0.7011216708734007,0.8591549295774645,0.21748824358003013,0.2864270542399781,0.30347781359950676,0.2505259191597834,0.12049433573635426,0.5345539628344699,0.113419008,0.13607149547692315,0.41004377605052195,-0.05345857852476726
2022-05-15,0.1612499842580255,0.5670020002483191,0.5904240933525321,0.7194244604316545,0.1985128530436862,0.21748824358003013,0.2864270542399781,0.30347781359950676,0.1234122897356677,0.5426620354148568,0.11910034688,0.13999070404663957,0.4094017274260932,0.053458578524767195
2022-05-22,0.16502881788377888,0.5723645547105762,0.6367290944734623,0.8561151079136688,0.27527418543533017,0.1985128530436862,0.21748824358003013,0.2864270542399781,0.1270854788877446,0.5297711690502885,0.154,0.15191991765411283,0.41075284639217546,-0.1315763577887192
2022-05-29,0.15666682636972415,0.5506672826801084,0.43530994517358323,0.5323741007194246,0.14242807689312736,0.27527418543533017,0.1985128530436862,0.21748824358003013,0.1283899759697906,0.5178010788546179,0.153368,0.16073614952796828,0.4094017274260932,0.0
2022-06-05,0.14919669244751727,0.5314616085922778,0.43530994517358323,0.5323741007194246,0.23689351923950822,0.14242807689312736,0.27527418543533017,0.1985128530436862,0.12979745966357709,0.49623315821024544,0.15274864000000002,0.15987907036421228,0.4106256022623719,-0.00941922191649164
2022-06-12,0.14182319663349166,0.5128723422621292,0.42321148480150417,0.5107913669064748,0.2301309748139443,0.23689351923950822,0.14242807689312736,0.27527418543533017,0.13120494335736355,0.4762058033261853,0.15143869440000002,0.15192371015738712,0.410386655270527,-0.006329135051647512
2022-06-19,0.13483852302886135,0.4954875564537352,0.4147616496365857,0.4964028776978416,0.23234950728803036,0.2301309748139443,0.23689351923950822,0.14242807689312736,0.1325437693099897,0.44887740528797976,0.15018114662400003,0.1471743008539332,0.40991750324995346,0.03432474254107446
2022-06-26,0.13121612157350526,0.4859808739100907,0.4537852552931694,0.5755395683453235,0.26153701934896506,0.23234950728803036,0.2301309748139443,0.23689351923950822,0.1342602128389976,0.43090836427294293,0.14897390075904002,0.1423873192309263,0.4107538177214106,0.042048236243499404
2022-07-03,0.13095650030147424,0.4842158584169377,0.49991071292014644,0.6762589928057553,0.26708211317372826,0.26153701934896506,0.23234950728803036,0.2301309748139443,0.13666323377960865,0.42277406787863503,0.14781494472867843,0.13718863318424898,0.41281303569991123,0.09531017980432493
2022-07-10,0.1379160975061895,0.4984137608492323,0.5918193018984275,0.8932038834951458,0.3053216050038686,0.26708211317372826,0.26153701934896506,0.23234950728803036,0.13886028149673874,0.4316316058837431,0.12,0.14668028382186643,0.41442058558407097,0.06470561947533157
2022-07-17,0.14839074456805704,0.5194839247998959,0.6448293368651533,0.9900000000000001,0.2833490152629575,0.3053216050038686,0.26708211317372826,0.26153701934896506,0.14181256436663237,0.44927476142136774,0.120592,0.1551171435727115,0.41519570631371416,-0.19290366612449156
2022-07-24,0.13973736466625286,0.49928118931840193,0.388359360889157,0.29,0.09839804439173888,0.2833490152629575,0.3053216050038686,0.26708211317372826,0.14215585307243392,0.4452984176030846,0.12216832000000001,0.17199495067368936,0.41396211818508405,0.0150832422113285
2022-07-31,0.13337726408490558,0.48428315597809196,0.4012825999081159,0.3399999999999998,0.24772255548474856,0.09839804439173888,0.2833490152629575,0.3053216050038686,0.1416065911431514,0.4385979186489362,0.12368158720000001,0.16694232885704155,0.41432539531902707,0.0496452304891653
2022-08-07,0.13163533388917692,0.4794148165320621,0.4444845513661607,0.5099999999999997,0.2725363865248125,0.24772255548474856,0.09839804439173888,0.2833490152629575,0.1407826982492276,0.4400012265256594,0.125134323712,0.16903329374083492,0.4154861337550215,-0.002853068982406399
2022-08-14,0.12940803671902149,0.4736147350102369,0.44118824037360516,0.49999999999999994,0.234845154107677,0.2725363865248125,0.24772255548474856,0.09839804439173888,0.14026776519052522,0.4413042981254737,0.12652895076352003,0.16155450795936446,0.4143331659529082,0.0
2022-08-21,0.12705492873178642,0.4676591358557378,0.4411882403736054,0.49999999999999994,0.23689351923950822,0.234845154107677,0.2725363865248125,0.24772255548474856,0.14040508067284585,0.44251429318244423,0.1278677927329792,0.1519722102736867,0.4150432076237969,0.0
2022-08-28,0.12463006706150886,0.4616589519745552,0.4411882403736054,0.49999999999999994,0.23689351923950822,0.23689351923950822,0.234845154107677,0.2725363865248125,0.13989014761414348,0.43472897387847265,0.12915308102366002,0.1464657049937548,0.4152763266402309,0.0
2022-09-04,0.1221766218694203,0.45569952729761165,0.44118824037360516,0.49999999999999994,0.23689351923950822,0.23689351923950822,0.23689351923950822,0.234845154107677,0.14092001373154825,0.4274997488104991,0.13038695778271364,0.1364539155835646,0.415865923485962,-0.011494379425735134
2022-09-11,0.11881242107135814,0.44791205155737523,0.4239301127840053,0.4599999999999999,0.22864111238467807,0.23689351923950822,0.23689351923950822,0.23689351923950822,0.14181256436663237,0.4100327839980313,0.13157147947140507,0.13167904408312744,0.41507040484238084,0.0
2022-09-18,0.1156893243801809,0.44073411707435317,0.4239301127840053,0.4599999999999999,0.23689351923950822,0.22864111238467807,0.23689351923950822,0.23689351923950822,0.14280810161345692,0.3817114488165323,0.16,0.13214384076868926,0.4151203136811409,-0.0028943580263644146
2022-09-25,0.11256163761397878,0.43363193940859124,0.4190716246091958,0.38888888888888895,0.23481551057697664,0.23689351923950822,0.22864111238467807,0.23689351923950822,0.14383796773086166,0.3554130661479975,0.159368,0.1314449901673118,0.4147793771196061,-0.02941388520629334
2022-10-02,0.10740427644323843,0.42230445115051757,0.37050581147029105,0.1874999999999999,0.21577577647906532,0.23481551057697664,0.23689351923950822,0.22864111238467807,0.14414692756608308,0.33099313938435804,0.15874864,0.13004242578357614,0.4145715126632858,-0.015037877364540559
2022-10-09,0.10186088862262282,0.41020697509630544,0.34690765455945183,0.15662650602409622,0.22609705275368985,0.21577577647906532,0.23481551057697664,0.23689351923950822,0.1438036388602815,0.30395890790520846,0.1581416672,0.12723278120519416,0.41448697496596365,0.0
2022-10-16,0.09722363152857584,0.40007687542715636,0.3469076545594517,0.17647058823529396,0.23689351923950822,0.22609705275368985,0.21577577647906532,0.23481551057697664,0.14229316855475455,0.28062071675724004,0.15688800051200003,0.12349337800158318,0.4145618663926516,-0.006079046076382226
2022-10-23,0.09289099185105036,0.390616618903889,0.3364993179048641,0.2888888888888885,0.2325290590408789,0.23689351923950822,0.22609705275368985,0.21577577647906532,0.13985581874356334,0.2579848513661421,0.15503472048128003,0.11549928493206209,0.41423161445270335,-0.02469261259037141
2022-10-30,0.0874719064564391,0.3787925589608267,0.2951424459010059,0.3870967741935486,0.2191654211963715,0.2325290590408789,0.23689351923950822,0.22609705275368985,0.1395468589083419,0.26131407081295865,0.15329263725240322,0.11900385790598426,0.4137420645181919,-0.015748356968139282
2022-11-06,0.08195061355999073,0.36668944902369527,0.2701197486695216,0.3064516129032256,0.22558696286246635,0.2191654211963715,0.2325290590408789,0.23689351923950822,0.1388946103673189,0.26440548887071696,0.15050122627221096,0.11585223493803114,0.413372959408838,-0.028987536873252298
2022-11-13,0.07549584367953512,0.35242508683414475,0.22698660949981053,0.18181818181818202,0.2160818739007544,0.22558696286246635,0.2191654211963715,0.2325290590408789,0.1373498111912118,0.2706859921623065,0.1479331281704341,0.11292572789636035,0.41296791511778386,0.0032626456348163694
2022-11-20,0.07067407731428636,0.34165835570611497,0.23397624461652844,0.3333333333333331,0.23923594053990113,0.2160818739007544,0.22558696286246635,0.2191654211963715,0.135873669756265,0.2858980166403652,0.14557047791679936,0.11435323132546293,0.41360219310833146,0.1108826995787428
2022-11-27,0.07520448379620219,0.3517757724036366,0.43504695448894315,0.8923076923076924,0.31650191880538253,0.23923594053990113,0.2160818739007544,0.22558696286246635,0.1356333676622039,0.2690008478928021,0.14241343012511942,0.12208463952479624,0.414955254732884,-0.0508330657992324
2022-12-04,0.07486921473674704,0.3510290779227675,0.34940110148059056,0.6307692307692303,0.20039784382145168,0.31650191880538253,0.23923594053990113,0.2160818739007544,0.13480947476828012,0.25331061977006497,0.1395720871126075,0.12097385577429766,0.41482509661537503,0.012195273093818206
2022-12-11,0.07553631059093296,0.3525136313740722,0.3685076577644496,0.7031249999999993,0.2456491337488591,0.20039784382145168,0.31650191880538253,0.23923594053990113,0.13412289735667698,0.23951703676591046,0.13701487840134674,0.11542062362552385,0.4150057638531114,-0.024541108916117545
2022-12-18,0.0742321710546154,0.34960834247175704,0.3294246335134704,0.5873015873015875,0.21927419348529953,0.2456491337488591,0.20039784382145168,0.31650191880538253,0.13329900446275317,0.22670870969062412,0.13471339056121207,0.11026405091594817,0.41487463440636724,0.19159519357928376
2022-12-25,0.08880856968106525,0.3816680907649223,0.570105801432712,0.9999999999999999,0.3744495742716019,0.21927419348529953,0.2456491337488591,0.20039784382145168,0.13480947476828012,0.24285206833451478,0.114,0.12770793946095393,0.4165045248629352,0.0
2023-01-01,0.10008342241240079,0.4057515144732635,0.570105801432712,0.9999999999999999,0.23689351923950822,0.3744495742716019,0.21927419348529953,0.2456491337488591,0.13635427394438723,0.2578423299324133,0.11484,0.11828235876350725,0.41659537911427347,-0.012903404835907841
2023-01-08,0.1074977047889197,0.42110277621782605,0.5448851422441321,0.9523809523809524,0.22762950048960656,0.23689351923950822,0.3744495742716019,0.21927419348529953,0.1380707174733951,0.24693945541398254,0.1156632,0.12158814074946907,0.41627969711285234,0.012903404835907782
2023-01-15,0.11409363203107126,0.43437177173562275,0.5593481045738771,0.9999999999999999,0.24615753798940984,0.22762950048960656,0.23689351923950822,0.3744495742716019,0.14013044970820462,0.23957221941529144,0.116469936,0.11938237367352329,0.41656526790798404,0.02531780798429
2023-01-22,0.12111863132889003,0.44813212243743483,0.5877650108834596,0.9999999999999999,0.25507047724831045,0.24615753798940984,0.22762950048960656,0.23689351923950822,0.14253347064881564,0.23818330429395235,0.11726053728000001,0.11431963465889022,0.4171772053261234,0.017348638334613073
2023-01-29,0.12771250077098795,0.4606101213845467,0.6070323566089947,0.9760000000000003,0.24934900001074378,0.25507047724831045,0.24615753798940984,0.22762950048960656,0.14524545142464812,0.2421224414411935,0.11897011578880001,0.11338667827187095,0.41775223223332736,0.014634407518437777
2023-02-05,0.13366436645073973,0.47142950875436446,0.6233957069429077,0.9999999999999999,0.2474003139474626,0.24934900001074378,0.25507047724831045,0.24615753798940984,0.1484380363886028,0.24734496769096204,0.12167190884147201,0.1076217556908139,0.41785033648607667,-0.031983045853050764
2023-02-12,0.13469288735924423,0.4724668765731632,0.5458472649117336,0.8984374999999999,0.21393124376031833,0.2474003139474626,0.24934900001074378,0.25507047724831045,0.15135599038791625,0.2430322055197719,0.12515415613415426,0.10641358754762922,0.41771532172239195,0.0
2023-02-19,0.13483040777391958,0.4717737484748744,0.5458472649117336,0.8984374999999999,0.23689351923950822,0.21393124376031833,0.2474003139474626,0.24934900001074378,0.15458290422245108,0.23902749778938104,0.1283578236434219,0.10001629535176172,0.41814270658585434,0.08388148398070203
2023-02-26,0.14228608892862413,0.48482782432286464,0.6454177879557179,0.9999999999999999,0.29711635578915496,0.23689351923950822,0.21393124376031833,0.2474003139474626,0.1589769996567113,0.2539025628072155,0.13130519775194816,0.10575724367653305,0.4184146787716941,-0.011560822401075971
2023-03-05,0.1462272007933526,0.4909296048005575,0.6160048803681702,0.956140350877193,0.22859340955141938,0.29711635578915496,0.23689351923950822,0.21393124376031833,0.16196361139718504,0.26771512318091895,0.13557467797675335,0.09978364902697212,0.4183156031897096,-0.07232066157962613
2023-03-12,0.14164281603558382,0.48127457488584824,0.4620434394697419,0.692982456140351,0.18497079237795025,0.22859340955141938,0.29711635578915496,0.23689351923950822,0.16450394782011674,0.2564174510830804,0.13941721017907802,0.10365713574022987,0.4181349359519732,0.0
2023-03-19,0.13730355931940313,0.47224366297685477,0.4620434394697419,0.692982456140351,0.23689351923950822,0.18497079237795025,0.22859340955141938,0.29711635578915496,0.16690696876072778,0.24592675556365884,0.1428754891611702,0.0978335488004049,0.4182612087525417,0.0
2023-03-26,0.13320580470664534,0.46380681961822384,0.4620434394697419,0.6666666666666667,0.23689351923950822,0.23689351923950822,0.18497079237795025,0.22859340955141938,0.1695846206659801,0.2267283936666175,0.14598794024505318,0.09996224918084744,0.4183163831670854,0.0
2023-04-02,0.12934395920184283,0.4559333134239295,0.4620434394697419,0.5454545454545456,0.23689351923950822,0.23689351923950822,0.23689351923950822,0.18497079237795025,0.16992790937178165,0.21800536154558042,0.174,0.10721432131131153,0.41843294267530246,-0.05129329438755058
2023-04-09,0.12112934941462311,0.4401696081593518,0.3615140410552352,0.28571428571428553,0.20006742201994734,0.23689351923950822,0.23689351923950822,0.23689351923950822,0.1695846206659801,0.20990540314747452,0.17343999999999998,0.1067888873062622,0.418299870570088,-0.02666824708216118
2023-04-16,0.11188886950319205,0.4225709179874984,0.3173924957636264,0.07142857142857183,0.21774701146594433,0.20006742201994734,0.23689351923950822,0.23689351923950822,0.16906968760727772,0.2112131647910615,0.17289119999999997,0.1045097622382892,0.4178520877926876,0.026668247082161273
2023-04-23,0.10653155279780957,0.4122614163144954,0.36404818256358085,0.2142857142857142,0.25604002701307216,0.21774701146594433,0.20006742201994734,0.23689351923950822,0.16872639890147612,0.2045984208068028,0.17235337599999997,0.1008861684531154,0.41846499654006214,0.15339851732470414
2023-04-30,0.11641890039598443,0.4303189253814491,0.5692507569787814,0.9999999999999999,0.3470262135767847,0.25604002701307216,0.21774701146594433,0.20006742201994734,0.1702025403364229,0.20946815822297776,0.146,0.11711582653932497,0.41915755428471824,-0.05331505876772154
2023-05-07,0.11843650411607756,0.43359670744440665,0.47357939206630484,0.7051282051282056,0.19861589326734508,0.3470262135767847,0.25604002701307216,0.21774701146594433,0.170648815653965,0.21399005725228304,0.146624,0.11975130057312894,0.418710742836553,-0.048790164169432056
2023-05-14,0.11495260189919798,0.42684021337321465,0.4009406374733613,0.44871794871794884,0.20186454809395568,0.19861589326734508,0.3470262135767847,0.25604002701307216,0.1702025403364229,0.19865273215075024,0.14723552,0.1255898690327158,0.4183600929826668,0.0
2023-05-21,0.11177970858840218,0.4207140103890011,0.4009406374733613,0.44871794871794884,0.23689351923950822,0.20186454809395568,0.19861589326734508,0.3470262135767847,0.1702025403364229,0.1844109302707555,0.1478348096,0.12008373749242614,0.4187146281534936,0.024692612590371414
2023-05-28,0.11117744304778816,0.4193162556862145,0.43281235217071634,0.5769230769230766,0.25462161728264493,0.23689351923950822,0.20186454809395568,0.19861589326734508,0.17054582904222454,0.18989943830942885,0.14842211340800002,0.12627537629900576,0.42049118932456797,0.0
2023-06-04,0.11030526404291441,0.4174463951063454,0.43281235217071634,0.5769230769230766,0.23689351923950822,0.25462161728264493,0.23689351923950822,0.20186454809395568,0.16968760727772053,0.1925361005653511,0.14899767113984,0.12222754331889422,0.421381898233193,0.16178695435224694
2023-06-11,0.12572532450458063,0.4446083342011623,0.6106926459358837,0.7312500000000002,0.3530487044537098,0.23689351923950822,0.25462161728264493,0.23689351923950822,0.1714727085478888,0.22817235003824593,0.14956171771704319,0.15841132043613196,0.42338963576223115,0.0
2023-06-18,0.1372404620945784,0.46397639542306524,0.6106926459358837,0.7312500000000002,0.23689351923950822,0.3530487044537098,0.23689351923950822,0.25462161728264493,0.17428767593546168,0.2612631531202197,0.1519792490083615,0.16186527474673262,0.4241870970642826,0.09304431780769896
2023-06-25,0.15633172756789332,0.495171982509002,0.6881176921193388,0.9939393939393939,0.303694826003413,0.23689351923950822,0.3530487044537098,0.23689351923950822,0.1787161002403021,0.29776314241508095,0.15430007904802703,0.17486972990708297,0.4252487599182926,0.02796081499764329
2023-07-02,0.17381057670583056,0.5220571703326128,0.7085675948559633,0.7617021276595746,0.2569680280761113,0.303694826003413,0.23689351923950822,0.3530487044537098,0.18365945760384483,0.3421310006220733,0.15776207430514538,0.19598887560260148,0.4387706342007019,-0.29506217974940363
2023-07-09,0.15454860449757601,0.4893140155491199,0.32641848705668064,0.17021276595744675,0.025053187145253536,0.2569680280761113,0.303694826003413,0.23689351923950822,0.18383110195674562,0.33929940670182923,0.24,0.24725204155447333,0.43532921472059444,0.20067069546215124
2023-07-16,0.1591799524011327,0.49550202109464925,0.4718719726242512,0.5531914893617021,0.3809653443862995,0.025053187145253536,0.2569680280761113,0.303694826003413,0.1877789220734638,0.336670069490174,0.23844,0.264331469656006,0.4378051329409709,-0.0953101798043249
2023-07-23,0.15155253891649784,0.48198610607393766,0.3928783525999655,0.3506493506493506,0.16846543347514784,0.3809653443862995,0.025053187145253536,0.2569680280761113,0.19052523171987643,0.3346891841899138,0.23691120000000002,0.2658719366407542,0.43339724087189735,-0.0454623740767574
2023-07-30,0.1401346085785301,0.46256297714437955,0.3603908136284305,0.2237442922374428,0.20425373995504373,0.16846543347514784,0.3809653443862995,0.025053187145253536,0.1922416752488843,0.3236219953861948,0.235412976,0.26353421185716613,0.4320616631735773,0.07609934353864704
2023-08-06,0.13824734701902655,0.45872465434262444,0.41220629522973207,0.3789954337899541,0.2915291564501913,0.20425373995504373,0.16846543347514784,0.3809653443862995,0.1929625815310676,0.3154919610389334,0.23394471648,0.2606098357328064,0.43445210442126136,0.07472354619593657
2023-08-13,0.14430680120111605,0.46762688205725933,0.4623403476082423,0.5433789954337899,0.29054140069572043,0.2915291564501913,0.20425373995504373,0.16846543347514784,0.19570889117748028,0.31733603424886325,0.23250582215039997,0.2616625020296122,0.4367055882467904,-0.006018072325563021
2023-08-20,0.14758913528357787,0.47190108241556283,0.4567135421478834,0.5095238095238094,0.23257283523623384,0.29054140069572043,0.2915291564501913,0.20425373995504373,0.19903879162375557,0.31904838794379803,0.231095705707392,0.25736455609945025,0.43572940236547286,0.06050625760963282
2023-08-27,0.15644698258824155,0.48463556424567544,0.4994415163518935,0.6470588235294118,0.28033407714730646,0.23257283523623384,0.29054140069572043,0.2915291564501913,0.2034328870580158,0.3274446008946238,0.22971379159324415,0.2590258439255813,0.4382810842661904,-0.017192400540372764
2023-09-03,0.1604089593721532,0.48948816082956853,0.48088508914758,0.6029411764705883,0.22455020962570682,0.28033407714730646,0.23257283523623384,0.29054140069572043,0.20717473395125297,0.3399782202863331,0.22835951576137928,0.25868438912941877,0.43598486195431513,0.013397329571821125
2023-09-10,0.16415527182422918,0.4938467082251816,0.49116809472785605,0.6205128205128203,0.24651215199034454,0.22455020962570682,0.28033407714730646,0.23257283523623384,0.21115688293855134,0.32914314588882715,0.2270323254461517,0.27193269424577177,0.4382228045120819,-0.011472401162236696
2023-09-17,0.1647118815314162,0.4933419110795412,0.47746524062921136,0.5897435897435898,0.2286568917117417,0.24651215199034454,0.22455020962570682,0.28033407714730646,0.2124613800205973,0.3190820053768574,0.22573167893722865,0.2627561889038016,0.4375147054996635,-0.06146632210060114
2023-09-24,0.15703608951220044,0.4807193908966532,0.40894729884707137,0.43076923076923057,0.1927636815982946,0.2286568917117417,0.24651215199034454,0.22455020962570682,0.21270168211465845,0.29353125838658284,0.22445704535848407,0.2708150452431596,0.434237440660295,-0.01857638557293542
2023-10-01,0.14803764680391082,0.4663299536054734,0.3898770863579001,0.3846153846153845,0.22355657550709307,0.1927636815982946,0.2286568917117417,0.24651215199034454,0.2110195674562307,0.2772605526463514,0.22320790445131442,0.2760373739394794,0.42825113858411595,-0.010471299867295366
2023-10-08,0.1390218062645804,0.4520778012666523,0.3789371409819272,0.4022988505747126,0.22937563387978394,0.22355657550709307,0.1927636815982946,0.2286568917117417,0.2086508753861998,0.2621520401732794,0.2219837463622881,0.2673213088732724,0.4262366017504318,-0.0021074823395646983
2023-10-15,0.1310114001656727,0.43945813075894224,0.37662482010558285,0.4791666666666668,0.23538044915009407,0.22937563387978394,0.22355657550709307,0.1927636815982946,0.2110195674562307,0.24812270716256973,0.22078407143504233,0.25357558226479865,0.41663792624876034,0.00840341079637938
2023-10-22,0.12502541502964454,0.42998268578223514,0.38585098258993744,0.44961240310077516,0.24292676055610582,0.23538044915009407,0.22937563387978394,0.22355657550709307,0.21043597665636798,0.23389338355167028,0.2196083900063415,0.24005806158875934,0.41745967078169033,0.024794658613216274
2023-10-29,0.12252637224481329,0.42583684286067813,0.4139640525698196,0.5426356589147288,0.25469488137696805,0.24292676055610582,0.23538044915009407,0.22937563387978394,0.21180913147957434,0.21363540259514552,0.21845622220621466,0.2301437889924637,0.41930131101151924,0.016194685919980606
2023-11-05,0.12187142287237909,0.4245028176281829,0.43268799980646666,0.5952380952380952,0.24852051815331183,0.25469488137696805,0.24292676055610582,0.23538044915009407,0.2141434946790251,0.1956250064853029,0.21732709776209036,0.21716952031219205,0.4203756011455861,0.043228734550820005
2023-11-12,0.1258758619352262,0.4301150005494837,0.48204545254670794,0.7698412698412697,0.26792965369441407,0.24852051815331183,0.25469488137696805,0.24292676055610582,0.21606591143151388,0.1872133650148332,0.21622055580684854,0.21077422272750695,0.42215896162130645,-0.0019249284095843938
2023-11-19,0.1282163409300968,0.433165318344406,0.47883185569752873,0.761904761904762,0.23551151401643847,0.26792965369441407,0.24852051815331183,0.25469488137696805,0.21671815997253693,0.17940255507796848,0.21513614469071157,0.2029516529070151,0.42061843345437155,0.005763704716749913
2023-11-26,0.13014279597993625,0.43555083128949457,0.48591757864458174,0.7857142857142851,0.24103157963859598,0.23551151401643847,0.26792965369441407,0.24852051815331183,0.21757638173704086,0.1729917961228194,0.21407342179689737,0.1956878380737012,0.4230700684438695,0.024599159013367816
2023-12-03,0.13401372088685487,0.44069899451513483,0.5167250255883618,0.881889763779527,0.25455452214763086,0.24103157963859598,0.23551151401643847,0.26792965369441407,0.21781668383110198,0.17824088418236989,0.162,0.19685599982284657,0.42558969647982736,-0.01886848430438269
2023-12-10,0.13409513429450964,0.4403021593172677,0.4794512337963638,0.8031496062992125,0.2233468627871279,0.25455452214763086,0.24103157963859598,0.23551151401643847,0.21802265705458293,0.17821448482720248,0.16316,0.19567982639968332,0.4227728416979161,0.04470017891790699
2023-12-17,0.1389953545078398,0.4467647704569795,0.5366371936052257,0.9921259842519684,0.26898607937271235,0.2233468627871279,0.25455452214763086,0.24103157963859598,0.21881222107792653,0.18762916608372682,0.1642968,0.19684856041125856,0.4254643950084941,0.019838342219664164
2023-12-24,0.14463710824913115,0.454100620691529,0.5607227102947391,0.9999999999999999,0.25113648662889837,0.26898607937271235,0.2233468627871279,0.25455452214763086,0.22018537590113288,0.1998840215205125,0.165410864,0.1956729183746373,0.4276945669323797,0.2760070408712776
2023-12-31,0.18905192703700252,0.5134434322340842,0.7772048321946843,0.9999999999999999,0.4350531859517316,0.25113648662889837,0.26898607937271235,0.2233468627871279,0.22873326467559216,0.2474285069205901,0.16775442944,0.2522340744771312,0.43708634930696594,0.17256316777171052
2024-01-07,0.2544042257265241,0.5934181387113651,0.8484490261855648,0.8041431261770242,0.3607855029530517,0.4350531859517316,0.25113648662889837,0.26898607937271235,0.24236182629591488,0.3096584879375941,0.1754011636736,0.3254800192684313,0.4460730873904981,0.3135698434039087
2024-01-14,0.37756652486243103,0.7256030155211423,0.9243519576416339,0.9367088607594936,0.46202145606232875,0.3607855029530517,0.4350531859517316,0.25113648662889837,0.2672502574665293,0.37635852743572407,0.192761070579712,0.4424801702200302,0.45628564296877916,-0.13353139262452263
2024-01-21,0.4362630896895208,0.7738622436922142,0.7124471661751923,0.7452229299363056,0.141024456716444,0.46202145606232875,0.3607855029530517,0.4350531859517316,0.2870236869207003,0.4382942783982733,0.22348496352174083,0.501006660648867,0.4525819645951834,0.032789822822990755
2024-01-28,0.4861632337665942,0.8073619924206806,0.725617124005983,0.7865459249676583,0.2604350214477328,0.141024456716444,0.46202145606232875,0.3607855029530517,0.30786131136285616,0.4778663500493329,0.2511364671695667,0.5561063191581006,0.4572725134716833,-0.10178269430994223
2024-02-04,0.49653171165731325,0.8026554543307312,0.6032124499142484,0.645203679369251,0.16381848203081373,0.2604350214477328,0.141024456716444,0.46202145606232875,0.32468245794713346,0.5113953928044885,0.27602282045261006,0.5906903907597728,0.45500737369533256,-0.041672696400568074
2024-02-11,0.49070013683907115,0.7844259922909855,0.5609041189347778,0.5894039735099337,0.20697454469571214,0.16381848203081373,0.2604350214477328,0.141024456716444,0.3398558187435633,0.542529503934276,0.29842053840734906,0.5783399022678162,0.45414289067605634,-0.12445417447340598
2024-02-18,0.45620705925696764,0.7433336166135533,0.45563134709413655,0.44,0.1475414590284912,0.20697454469571214,0.16381848203081373,0.2604350214477328,0.3504977686234123,0.5428768307627643,0.5,0.5970168588235483,0.4520487048450906,-0.062131781107006276
2024-02-25,0.4133962808195161,0.6970049058918346,0.412763236107635,0.3733333333333333,0.19228591431198327,0.1475414590284912,0.20697454469571214,0.16381848203081373,0.35945760384483344,0.5222500380316887,0.49624,0.6151133787363272,0.447757372284234,-0.08701137698962969
2024-03-03,0.3611204550634106,0.6438480542847467,0.360134988312083,0.2866666666666667,0.17442357133525194,0.19228591431198327,0.1475414590284912,0.20697454469571214,0.36608307586680394,0.503096587638547,0.4870784000000001,0.6104387871338954,0.4452144323466327,0.08701137698962969
2024-03-10,0.3318051492911361,0.6123085795710181,0.4084607375187236,0.3733333333333333,0.2993634671437645,0.17442357133525194,0.19228591431198327,0.1475414590284912,0.3744936491589427,0.4860601249732604,0.47828326400000004,0.5929095404886473,0.4466626842362292,0.06213178110700639
2024-03-17,0.3173767302176258,0.5950201113612914,0.4435351173571256,0.4331983805668017,0.2815011241670332,0.2993634671437645,0.17442357133525194,0.19228591431198327,0.3849639546858908,0.47585984890019345,0.46983993343999997,0.5819078046666843,0.44796717939902464,0.023810648693718392
2024-03-24,0.3079038483056566,0.5827368118081283,0.4574595267500573,0.44827586206896547,0.25398840998742056,0.2815011241670332,0.2993634671437645,0.17442357133525194,0.3952969447305183,0.46883390441646516,0.4617343361024,0.5716919071177187,0.4500195980728793,-0.03593200922606344
2024-03-31,0.2909674553466307,0.5642746609755992,0.42889570477785,0.38571428571428557,0.2110960796160097,0.25398840998742056,0.2815011241670332,0.2993634671437645,0.4042224510813594,0.4623098131101459,0.453952962658304,0.5493939779347745,0.44940086135009394,-0.03727139479723154
2024-04-07,0.2683765895497009,0.5412818319191914,0.40039198625347816,0.2096219931271478,0.21013446574723305,0.2110960796160097,0.25398840998742056,0.2815011241670332,0.4060075523515276,0.449331141794217,0.4464828441519718,0.5286887579791837,0.44907935137326205,-0.09975040276705947
2024-04-14,0.23130442025030484,0.5056073946684929,0.3334308836158548,0.09322033898305095,0.16527756877558825,0.21013446574723305,0.2110960796160097,0.25398840998742056,0.400446275317542,0.41546373153951444,0.43931153038589293,0.539607749604398,0.4478447919153968,-0.13453089295760623
2024-04-21,0.17987277296413698,0.4564988799690125,0.26335295541309445,0.03305785123966945,0.14030686396135567,0.16527756877558825,0.21013446574723305,0.2110960796160097,0.38070717473395127,0.3889743647626554,0.42879283856273936,0.5422104964318168,0.44647036104767107,0.09893994785490365
2024-04-28,0.15328436123069406,0.43051952941955396,0.32262520020272445,0.2166377816291161,0.30792760239029326,0.14030686396135567,0.16527756877558825,0.21013446574723305,0.36834878132509435,0.3705303855406251,0.4138494114777202,0.5502795703899872,0.449531019467603,0.05635293655113157
2024-05-05,0.14073602104038196,0.41805023214846193,0.35712313022881115,0.32673267326732663,0.2773521940978617,0.30792760239029326,0.14030686396135567,0.16527756877558825,0.3561620322691383,0.3469960407062323,0.3950644703299481,0.5558882027164326,0.4514163695130132,-0.06362569588021155
2024-05-12,0.11985892521850844,0.3974783525635503,0.3195077961341044,0.3199999999999998,0.19121335597209335,0.2773521940978617,0.30792760239029326,0.14030686396135567,0.34603501544799176,0.3264629435227569,0.3781580232969533,0.5592121392419904,0.4497612244963316,-0.022141125877213518
2024-05-19,0.0995667711611967,0.3773218478704554,0.30700399824261493,0.29577464788732394,0.22099726488812657,0.19121335597209335,0.2773521940978617,0.30792760239029326,0.3367662203913491,0.3073964961381011,0.362942220967258,0.5415737804624526,0.4478088527336965,0.04380262265839284
2024-05-26,0.09027276115976354,0.3680049475376515,0.3363503492513493,0.47368421052631565,0.26834167751731275,0.22099726488812657,0.19121335597209335,0.2773521940978617,0.3323034672159285,0.28969193785234937,0.3492479988705322,0.5289634628651647,0.44882292045518457,-0.02166149678117942
2024-06-02,0.07939283860346585,0.3570410564855709,0.32237241597399724,0.4210526315789471,0.22134161531308522,0.26834167751731275,0.22099726488812657,0.19121335597209335,0.3290422245108135,0.2732519908727227,0.336923198983479,0.5097175654145459,0.4476621820191901,0.03584613177313588
2024-06-09,0.076557585669129,0.35416986383957555,0.3485436340555125,0.5087719298245612,0.2626293030175743,0.22134161531308522,0.26834167751731275,0.22099726488812657,0.32887058015791276,0.25600138813539464,0.3258308790851311,0.4918463749246855,0.44876172671337067,0.04138521616285449
2024-06-16,0.0812028478921585,0.3588687273649022,0.3796409721129811,0.6140350877192982,0.2666060969178046,0.2626293030175743,0.22134161531308522,0.26834167751731275,0.32749742533470644,0.23744182160847677,0.315847791176618,0.4790198564535266,0.44977676576409387,-0.013605652055778709
2024-06-23,0.0824927691457085,0.3601677515672339,0.36841695377603123,0.5789473684210524,0.22712532105056066,0.2666060969178046,0.2626293030175743,0.22134161531308522,0.3240645382766907,0.2170277781790813,0.30686301205895616,0.46710951787316485,0.44843924540730357,-0.03484673133016819
2024-06-30,0.07770295980382406,0.3553289204946697,0.3399137944661861,0.5490196078431372,0.21187525650027275,0.22712532105056066,0.2666060969178046,0.2626293030175743,0.31908685204256776,0.19807188070892834,0.29877671085306057,0.44851360093826315,0.4476777232869524,-0.058410762156414484
2024-07-07,0.06476821124896605,0.3421664089261321,0.2959677391504584,0.3999999999999999,0.19495742541819094,0.21187525650027275,0.22712532105056066,0.2666060969178046,0.31376587710264325,0.18862666948904105,0.2914990397677545,0.43689820140285013,0.44488126641897907,-0.05406722127027582
2024-07-14,0.04674490535254346,0.32354378746467843,0.2595955125320877,0.2653061224489794,0.1980758770766382,0.19495742541819094,0.21187525650027275,0.22712532105056066,0.30827325780981807,0.187401153422662,0.284949135790979,0.4298806316751067,0.44230918660432356,-0.007968169649176845
2024-07-21,0.03181263629204208,0.307794537423909,0.2543774791409129,0.24489795918367335,0.23117275995379227,0.1980758770766382,0.19495742541819094,0.21187525650027275,0.30518365945760384,0.19159643614202093,0.27905422221188114,0.4233643169279163,0.4398546376271201,0.007968169649176881
2024-07-28,0.021763089542190445,0.29693685514535384,0.2618555531155424,0.2653061224489794,0.24261427852522416,0.23117275995379227,0.1980758770766382,0.19495742541819094,0.30535530381050463,0.19417271153975646,0.27374879999069307,0.4191975324402381,0.44102994600164175,-0.024097551579060416
2024-08-04,0.011071959238471984,0.28516276870239293,0.24434762994232762,0.1521739130434785,0.21959264613709256,0.24261427852522416,0.23117275995379227,0.1980758770766382,0.3027806385169927,0.1965649672662252,0.26897391999162373,0.4059079793852583,0.4396147193060401,-0.02469261259037152
2024-08-11,0.0,0.27269490150691444,0.22663386330767044,0.1111111111111112,0.21916542119637142,0.21959264613709256,0.24261427852522416,0.23117275995379227,0.2983178853415722,0.19878634758366037,0.26467652799246133,0.3897995217076371,0.4371475430487799,0.06453852113757116
2024-08-18,0.0013552549123657248,0.27374754832645676,0.293322767226323,0.33333333333333365,0.2832290467621025,0.21916542119637142,0.21959264613709256,0.24261427852522416,0.2967730861654651,0.19173698006128564,0.2608088751932152,0.3804939057682702,0.4412280971656107,-0.015748356968139282
2024-08-25,0.0009774791900942076,0.2728887721214499,0.27996632647605957,0.2777777777777778,0.22558696286246635,0.2832290467621025,0.21916542119637142,0.21959264613709256,0.2953999313422588,0.1807878615406685,0.226,0.37750521430013956,0.439038721069601,0.02353049741019425
2024-09-01,0.004973224808728832,0.27691109326841906,0.3055630338523315,0.3611111111111112,0.2537872749555138,0.22558696286246635,0.2832290467621025,0.21916542119637142,0.2935118434603501,0.1706208229143812,0.2268,0.36530960476331104,0.4415700050563806,-0.007782140442054963
2024-09-08,0.007768379932888786,0.27964075125439325,0.29802366722397855,0.33333333333333365,0.23130631990054454,0.2537872749555138,0.22558696286246635,0.2832290467621025,0.2919670442842431,0.16118000133282873,0.22758399999999998,0.3483328725749746,0.44085413541008106,0.06062462181643484
2024-09-15,0.019899654588821855,0.2928380927084547,0.36718024276851546,0.5555555555555556,0.28041905690614344,0.23130631990054454,0.2537872749555138,0.22558696286246635,0.2909371781668383,0.14899628482825727,0.22835231999999997,0.34575731855736647,0.44226353413027186,0.16251892949777494
2024-09-22,0.057533716629243545,0.33387540435742064,0.522431211426711,0.7999999999999997,0.35357422710132624,0.28041905690614344,0.23130631990054454,0.2537872749555138,0.2929969104016478,0.1746676819104433,0.2300982272,0.3866995544251263,0.44560684935763,0.0
2024-09-29,0.08723009885074871,0.3654483203226515,0.5224312114267111,0.7999999999999997,0.23689351923950822,0.35357422710132624,0.28041905690614344,0.23130631990054454,0.2953999313422588,0.19850540777247322,0.236812333568,0.3870357607509317,0.4468414088154953,-0.01892800988551891
2024-10-06,0.10693287860369363,0.3859082640744923,0.49489611965290925,0.7454545454545449,0.22330412630735705,0.23689351923950822,0.35357422710132624,0.28041905690614344,0.29814624098867143,0.2237323493277697,0.24312359355392002,0.3967683483698867,0.44553108567728894,0.012658396871923465
2024-10-13,0.12430838346897032,0.4035435736370258,0.507240946039256,0.7818181818181816,0.24598163415618982,0.22330412630735705,0.23689351923950822,0.35357422710132624,0.302608994164092,0.2471573664862593,0.2490561779406848,0.38696495909750206,0.447483457439924,-0.006309169193264721
2024-10-20,0.1362263111235733,0.4153174337337549,0.49715223877495796,0.7636363636363634,0.23236384180583927,0.24598163415618982,0.22330412630735705,0.23689351923950822,0.3081016134569172,0.26890916813342836,0.25463280726424375,0.3665573366791534,0.4460400621965033,0.012578782206859965
2024-10-27,0.14716874460103346,0.42586741590829463,0.5108751350264543,0.7999999999999997,0.24592447468864656,0.23236384180583927,0.24598163415618982,0.22330412630735705,0.31410916580844483,0.29177057470074025,0.2598748388283891,0.35325963919482545,0.4479710647159652,-0.012578782206860073
2024-11-03,0.15264059892618753,0.4308530457194109,0.48858696144882596,0.7592592592592591,0.2278625637903698,0.24592447468864656,0.23236384180583927,0.24598163415618982,0.31960178510127013,0.2989645769361923,0.2648023484986857,0.34844809406965793,0.44413819955409556,0.07320340402329492
2024-11-10,0.1697996401181195,0.4469417086082472,0.5690577205970822,0.8412698412698413,0.28945001235528184,0.2278625637903698,0.24592447468864656,0.23236384180583927,0.32766906968760723,0.3228139500682144,0.26943420758876463,0.36847326041898393,0.4455262290311132,0.04035129552356724
2024-11-17,0.19019276082943037,0.4655160725079262,0.6084855117318217,0.9499999999999997,0.26586379205253274,0.28945001235528184,0.2278625637903698,0.24592447468864656,0.3374527978029523,0.3449597965479492,0.27667947098166346,0.37387950330036807,0.44719205866938144,-0.011363758650315095
2024-11-24,0.20257869756026908,0.47606183123471246,0.5848416128153113,0.9166666666666665,0.22873489176523742,0.26586379205253274,0.28945001235528184,0.2278625637903698,0.3455200823892894,0.3677836345536476,0.2833451133031304,0.37136326915137324,0.44545629332618303,-0.011494379425735021
2024-12-01,0.20855004927243753,0.48045532032199534,0.5606894053093966,0.8793103448275862,0.22864111238467816,0.22873489176523742,0.26586379205253274,0.28945001235528184,0.3535873669756264,0.3868939867504755,0.28947750423887997,0.36337452839459666,0.3980505700050865,0.022858138076050184
2024-12-08,0.21630008385574578,0.4862888303507091,0.5863848947721788,0.9464285714285711,0.2533045535686091,0.22864111238467816,0.22873489176523742,0.26586379205253274,0.36182629591486437,0.4054876633906418,0.2951193038997696,0.35784049118373124,0.40010687399588174,-0.040351295523567345
2024-12-15,0.21275594568743877,0.4819670982153711,0.5021464935165497,0.8214285714285713,0.20792324642648363,0.2533045535686091,0.22864111238467816,0.22873489176523742,0.3690353587366975,0.42534320587090996,0.300309759587788,0.35835397996349483,0.38342429438232095,0.06269859421556398
2024-12-22,0.22102069917223244,0.48808563875772704,0.5743375618615784,0.9761904761904765,0.2819080684838352,0.20792324642648363,0.2533045535686091,0.22864111238467816,0.37675935461723303,0.4455096547143586,0.30508497882076496,0.3550626325609924,0.3853319850001395,0.09982033528221079
2024-12-29,0.24760645405398918,0.5096042408244694,0.6669648263768626,1.0,0.30855967785699917,0.2819080684838352,0.20792324642648363,0.2533045535686091,0.38362512873326465,0.4769072241754598,0.3109764809386885,0.3689630942567988,0.3873319518952965,0.09531017980432493
2025-01-05,0.2893886990414355,0.5423997781279344,0.7351805052665323,0.7684210526315789,0.3053216050038686,0.30855967785699917,0.2819080684838352,0.20792324642648363,0.39392378990731197,0.5220052103191025,0.3216593032260459,0.4214363291604463,0.39108808204758994,-0.027651531330510123
2025-01-12,0.31282045563909416,0.5586083585418101,0.6753119508681399,0.6989247311827954,0.2170410610730807,0.3053216050038686,0.30855967785699917,0.2819080684838352,0.40370751802265703,0.5521538149983228,0.3443870007743995,0.4362480501461446,0.3885325148299318,-0.0284379353205334
2025-01-19,0.321608020403185,0.5625899007528571,0.6179968524192012,0.6344086021505376,0.21647646115536753,0.2170410610730807,0.3053216050038686,0.30855967785699917,0.41211809131479565,0.5736089146072312,0.36393282066598354,0.44623363264915294,0.3841110241515662,0.09618392385292156
2025-01-26,0.3497478924980495,0.5808830302535273,0.6920746347468671,0.8602150537634405,0.3059489108469194,0.21647646115536753,0.2170410610730807,0.3053216050038686,0.4243048403707517,0.600791785614533,0.38074222577274586,0.45362188005294785,0.3883392203121386,-0.008771986072836994
2025-02-02,0.36638492923972243,0.5895941269302629,0.6738941324494496,0.8387096774193548,0.23059565875337548,0.3059489108469194,0.21647646115536753,0.2170410610730807,0.4358050120151046,0.626033022978456,0.384,0.44729384105633885,0.38340972444379384,0.03548619854306911
2025-02-09,0.3855032648075655,0.599481605226915,0.700311027169211,0.9209302325581394,0.26237088841813677,0.23059565875337548,0.3059489108469194,0.21647646115536753,0.4490559560590456,0.6519972303881462,0.39799999999999996,0.45196864839959394,0.38916096484506857,0.008467451099098596
2025-02-16,0.39924628051125155,0.6049690399148675,0.7066182638859295,0.9414634146341462,0.24297273838697178,0.26237088841813677,0.23059565875337548,0.3059489108469194,0.46059045657397873,0.6780514043823312,0.41003999999999996,0.43219332709400615,0.39121435484815836,-0.017007212647233
2025-02-23,0.40174884322288185,0.6024361889233973,0.6663852226215101,0.8842105263157894,0.22468316554983062,0.24297273838697178,0.26237088841813677,0.23059565875337548,0.4702368692070031,0.6874314277288771,0.4203944,0.4270190831818076,0.38885596746523404,-0.04921907260405793
2025-03-02,0.3871693786029871,0.5884748051473534,0.56213726917846,0.7368421052631577,0.2015566126435149,0.22468316554983062,0.24297273838697178,0.26237088841813677,0.47830415379334024,0.6688446499275678,0.484,0.4531133271011998,0.3840663430067497,-0.013605652055778709
2025-03-09,0.368764993112645,0.5724274424411928,0.5360387062215997,0.6973684210526314,0.22712532105056066,0.2015566126435149,0.22468316554983062,0.24297273838697178,0.4861997940267765,0.6515854991120661,0.48256,0.45435793013999565,0.3811698392275568,-0.018433701688837907
2025-03-16,0.3464282105856343,0.5542248538048391,0.5011539087941167,0.644736842105263,0.2236590156145219,0.22712532105056066,0.2015566126435149,0.22468316554983062,0.4927222794370065,0.6289939427712162,0.4811488,0.45362955375559316,0.3774739314878422,-0.004662013105811413
2025-03-23,0.3247012426808479,0.536910076986376,0.49224224279031226,0.6056338028169012,0.23354641997588307,0.2236590156145219,0.22712532105056066,0.2015566126435149,0.5002746309646413,0.6167510810181072,0.478062848,0.46048952108035673,0.37317871361004507,0.027651531330510164
2025-03-30,0.31171745577304993,0.5259187925266999,0.5276979292887264,0.6507936507936508,0.25674597740593574,0.23354641997588307,0.2236590156145219,0.22712532105056066,0.5069687607277721,0.6053827093902202,0.47510033407999996,0.4536709362960756,0.375219476333078,0.0
2025-04-06,0.29885929834402597,0.5152943920009911,0.5276979292887265,0.56,0.23689351923950822,0.25674597740593574,0.23354641997588307,0.2236590156145219,0.5104016477857879,0.5933501535467172,0.47225632071679996,0.441687155663676,0.3782500235467205,0.08283600557914898
2025-04-13,0.30800871448507994,0.5196140083588724,0.625781802432147,0.959183673469387,0.29636575301122364,0.23689351923950822,0.25674597740593574,0.23354641997588307,0.5136628904909027,0.5957167823686416,0.40399999999999997,0.447516072217435,0.3803335247560997,0.03292478469646661
2025-04-20,0.32169685649553453,0.5266974967112755,0.6587336951655379,0.9999999999999999,0.2605319175261169,0.29636575301122364,0.23689351923950822,0.25674597740593574,0.5193271541366289,0.6018539914066767,0.40552,0.4472763999703584,0.3819323326771431,0.07410797215372204
2025-04-27,0.35138439831536394,0.5436075700123906,0.7229297291211163,0.6400000000000002,0.290099448393863,0.2605319175261169,0.29636575301122364,0.23689351923950822,0.5292825266048746,0.6280043468056815,0.4090592,0.5299533322397247,0.3871716825714981,0.04771547303966637
2025-05-04,0.38639635838461206,0.5628128200998791,0.7577343551945876,0.7699999999999998,0.27115091428533267,0.290099448393863,0.2605319175261169,0.29636575301122364,0.5378647442499142,0.652286819676186,0.42075564800000004,0.5351297595136189,0.389013322801327,0.0035778213478841235
2025-05-11,0.4114360655444777,0.5748775245466402,0.7602708491969525,0.78,0.23946222141324458,0.27115091428533267,0.290099448393863,0.2605319175261169,0.546961894953656,0.6779488065393142,0.43175030912000006,0.5324001251576691,0.3929986866531139,-0.04380262265839289
2025-05-18,0.4134871915343027,0.5727926684129621,0.6454593831129796,0.66,0.20544536096170363,0.23946222141324458,0.27115091428533267,0.290099448393863,0.5525918297288018,0.6879663841416972,0.44208529057280005,0.5298654646842871,0.3892105026360608,-0.007490671729157626
2025-05-25,0.4089579537032371,0.5669416718308802,0.6273865891679069,0.6400000000000002,0.231515580297752,0.20544536096170363,0.23946222141324458,0.27115091428533267,0.5575351870923447,0.691222575861836,0.451800173138432,0.5275118513875752,0.38742617083110525,0.05129329438755048
2025-06-01,0.417651187381919,0.568849509395079,0.6775911028106424,0.78,0.273719616459069,0.231515580297752,0.20544536096170363,0.23946222141324458,0.5655681428081015,0.6962471193393296,0.4609321627501261,0.5272104325324842,0.388232374096273,-0.007168489478612516
2025-06-08,0.41827842713217916,0.566089550871605,0.65896555352416,0.76,0.23174689152512892,0.273719616459069,0.231515580297752,0.20544536096170363,0.5751802265705457,0.7040416396761214,0.4695162329851186,0.5118579099464825,0.3863023429060462,0.007168489478612497
2025-06-15,0.41716061092950124,0.562434957851468,0.6663450355362772,0.78,0.2420401469538875,0.23174689152512892,0.273719616459069,0.231515580297752,0.585650532097494,0.6837627530626287,0.47758525900601145,0.5277472634148869,0.38907451654314096,0.06899287148695142
2025-06-22,0.4353055377524983,0.569406329624694,0.7306115612429855,0.93,0.2864270542399781,0.2420401469538875,0.23174689152512892,0.273719616459069,0.600240302094061,0.6775076497148451,0.4851701434656508,0.5443857422702608,0.39107254077982767,0.09531017980432493
2025-06-29,0.47978958494403345,0.5898484252221392,0.7973719729542028,0.9999999999999999,0.3053216050038686,0.2864270542399781,0.2420401469538875,0.23174689152512892,0.6201510470305526,0.6801237142551523,0.4954765319883987,0.5636039167625339,0.39947550999303955,-0.03077165866675366
2025-07-06,0.498586724483797,0.5957645740783333,0.7154141475188269,0.8740157480314958,0.21480096099774215,0.3053216050038686,0.2864270542399781,0.2420401469538875,0.6373154823206315,0.6845420507360315,0.5119288787895588,0.5739130476807931,0.39204581267343974,0.006230549750636163
2025-07-13,0.5107893904825626,0.5979651109957784,0.7203592998115325,0.8793103448275862,0.24136675172706565,0.21480096099774215,0.3053216050038686,0.2864270542399781,0.6548232063165121,0.6886447917539907,0.5311374133348117,0.5571087032189109,0.395184177432183,0.21190045974002922
2025-07-20,0.6024460397696052,0.6382332752584177,0.8421093898580885,0.9999999999999999,0.3890277704010001,0.24136675172706565,0.21480096099774215,0.3053216050038686,0.6821146584277376,0.7099098934050775,0.5480409237346343,0.6602016590626449,0.40012435792211426,0.18315872720701826
2025-07-27,0.759890043634892,0.7033665447578372,0.9006482001159448,0.9916317991631796,0.36839260065498797,0.3890277704010001,0.24136675172706565,0.21480096099774215,0.72176450394782,0.7404799923363676,0.5827551944117856,0.8011487332935067,0.4082359283647836,0.004175371410480592
2025-08-03,0.8777413546846963,0.7439004864192349,0.9017331054689992,0.9193548387096773,0.23989123337204896,0.36839260065498797,0.3890277704010001,0.24136675172706565,0.7584963954685889,0.7707441350923323,0.6431143633058999,0.8415923574702323,0.41742081761228467,-0.053488684950986236
2025-08-10,0.9323038946380738,0.7550506122724876,0.7806581294520101,0.8185483870967741,0.19849123809007266,0.23989123337204896,0.36839260065498797,0.3890277704010001,0.788705801579128,0.7760957173925908,0.707353777910838,0.9055242602346005,0.41531886114743777,0.032435275753153955
2025-08-17,0.9824754496541949,0.7630921600680294,0.7958682141243107,0.879032258064516,0.2601804738500669,0.19849123809007266,0.23989123337204896,0.36839260065498797,0.821318228630278,0.7833583075584216,0.7600300978868871,0.9347443312175366,0.4183853475427805,-0.02150620522096362
2025-08-24,0.9999999999999999,0.7582888076898799,0.7496504512476243,0.8387096774193548,0.22145310712039,0.2601804738500669,0.19849123809007266,0.23989123337204896,0.8542739443872295,0.7901021412838359,0.8032246802672475,0.9223115909441499,0.41666609479657946,-0.053584246134106284
2025-08-31,0.9757110923396948,0.7388381443749369,0.6462130301316956,0.7419354838709677,0.19842262979610337,0.22145310712039,0.2601804738500669,0.19849123809007266,0.8834534843803638,0.7789800966179627,1.0,0.9427962500518382,0.4155597507977529,0.006857169726137045
2025-09-07,0.9498649697658583,0.71994653139661,0.6511880265687163,0.754032258064516,0.24181663447320323,0.19842262979610337,0.22145310712039,0.2601804738500669,0.9107449364915893,0.7686524837139377,0.9965600000000001,0.8921067885960298,0.41649805483889996,-0.06590619857893668
2025-09-14,0.8875859265448703,0.6893389238702079,0.5400911918252378,0.6411290322580645,0.18957606565772617,0.24181663447320323,0.19842262979610337,0.22145310712039,0.9335736354273944,0.7472029550286762,0.9931888000000001,0.8808355078751806,0.41414840941909187,-0.132489183046079
2025-09-21,0.771128087763664,0.6407253934139014,0.3824567049518137,0.36936936936936926,0.14177271263794783,0.18957606565772617,0.24181663447320323,0.19842262979610337,0.9473051836594575,0.7006890266056839,0.9863412480000001,0.9155872195817868,0.4104680429471395,0.05143217363227069
2025-09-28,0.6937276818832672,0.6073865872222376,0.4270355665409822,0.39800995024875613,0.2738193250199816,0.14177271263794783,0.18957606565772617,0.24181663447320323,0.96086508753862,0.6483447508266839,0.97024077312,0.9440885077542095,0.42861344438882387,0.051425211807437185
2025-10-05,0.6489552855006031,0.5868605754292326,0.4707186718558647,0.47120418848167533,0.2738143267674574,0.2738193250199816,0.14177271263794783,0.18957606565772617,0.9727085478887746,0.6045988953031926,0.9452615112704001,0.9159156926505004,0.43238220182117415,-0.048790164169431945
2025-10-12,0.5855857419997355,0.5601425241356028,0.4164290685658367,0.3478260869565217,0.20186454809395576,0.2738143267674574,0.2738193250199816,0.14177271263794783,0.9830072090628218,0.5587129204301906,0.9222805903687682,0.9123641719564677,0.42767222635997143,0.07598590697792205
2025-10-19,0.5644925807694722,0.5495778401567963,0.48091715769117405,0.4797687861271675,0.29144771450220586,0.20186454809395576,0.2738143267674574,0.2738193250199816,0.9981119121180911,0.5219083837071744,0.9011381431392667,0.9392115986102717,0.4348464640907289,-0.0024420036555517443
2025-10-26,0.5412548959868227,0.5385501517050808,0.4779226358580194,0.4678362573099414,0.23514027907227694,0.29144771450220586,0.20186454809395576,0.2738143267674574,0.9999999999999999,0.4999408153551113,0.658,0.9566050351070954,0.4302044816759862,-0.08146996859479089
2025-11-02,0.481094422674261,0.5143164447400876,0.38684455812018703,0.2807017543859651,0.17840203375842503,0.23514027907227694,0.29144771450220586,0.20186454809395576,0.9826639203570203,0.46721932708783637,0.66264,0.9595675288397274,0.419552885283421,0.05420681783642674
2025-11-09,0.45339766776011015,0.5024248719126674,0.435099195333429,0.4285714285714284,0.27581138496528196,0.17840203375842503,0.23514027907227694,0.29144771450220586,0.9685890834191554,0.43411558181937454,0.6671871999999999,1.0,0.4325774389974376,-0.05686286189454309
2025-11-16,0.40219885043424924,0.48208578014527215,0.3764430397804467,0.2919254658385094,0.19606874272019864,0.27581138496528196,0.17840203375842503,0.23514027907227694,0.955029179539993,0.4033763897843743,0.6716434559999999,0.9998628533831388,0.43054250424981555,-0.02695580998852822
2025-11-23,0.34691500762573646,0.46041128705611445,0.35092988787132706,0.26241134751773065,0.21754055524836158,0.19606874272019864,0.27581138496528196,0.17840203375842503,0.9371781668383109,0.37561959163989495,0.6760105868799999,0.9620539188303677,0.4254643950084941,0.03226086221822126
2025-11-30,0.31425947802975834,0.44739304929687673,0.3817715404541677,0.37404580152671735,0.2600552533924899,0.21754055524836158,0.19606874272019864,0.27581138496528196,0.9231033299004461,0.3467186699691241,0.6802903751423999,0.9363660184906446,0.4386152215230792,0.0
2025-12-07,0.28596001767117274,0.4361367649342164,0.3817715404541677,0.42241379310344807,0.23689351923950822,0.2600552533924899,0.21754055524836158,0.19606874272019864,0.9131479574322005,0.31820995672651653,0.6844845676395519,0.9200492849997531,0.4423635810414915,0.010526412986987603
2025-12-14,0.26597753603495833,0.42812515447706895,0.3929603014996471,0.45689655172413823,0.24445097314572758,0.23689351923950822,0.2600552533924899,0.21754055524836158,0.9033642293168553,0.2917375801440951,0.688594876286761,0.8954776364417896,0.4449444028192633,-0.002621233479874304
2025-12-21,0.24701192266912203,0.42056950068487686,0.389678798218244,0.44827586206896564,0.2350116007525481,0.24445097314572758,0.23689351923950822,0.2600552533924899,0.8982148987298316,0.26921898758102397,0.6926229787610256,0.850052155164269,0.4432445766577651,0.0878858851345623
