,MACD,PPO,RSI,STOCH,Lag_1,Lag_2,Lag_3,Lag_4,SMA,ADX,SAR,ATR,OBV,Target_Return
2010-08-01,0.0991890863295648,0.72130231001713,52.19094518114242,48.02110817941952,-0.013461060502565349,0.09982422329953601,-0.010058111873034885,-0.011481182373956254,14.102142857142857,14.973523869246309,12.2,1.2289031609868064,1322740000.0,-0.05573289684872756
2010-08-08,0.04473010645387632,0.32614028253814215,46.78334409976894,27.968337730870722,-0.05573289684872756,-0.013461060502565349,0.09982422329953601,-0.010058111873034885,13.935,14.672834215059412,12.2458,1.233981506630606,1259550000.0,0.01793770068666725
2010-08-15,0.020698368870885275,0.15109330047944905,48.594683582307354,36.61971830985917,0.01793770068666725,-0.05573289684872756,-0.013461060502565349,0.09982422329953601,13.764285714285714,14.39362239331444,12.290683999999999,1.1958399704427054,1338840000.0,-0.059514127532407604
2010-08-22,-0.0605880166299837,-0.4446323922229614,43.42184857604252,15.294117647058862,-0.059514127532407604,0.01793770068666725,-0.05573289684872756,-0.013461060502565349,13.58,13.554509626485906,14.49,1.2161371154110836,1275500000.0,-0.0174469136037207
2010-08-29,-0.14113332701807302,-1.0421055113978446,42.0618422774702,8.823529411764726,-0.0174469136037207,-0.059514127532407604,0.01793770068666725,-0.05573289684872756,13.508571428571429,12.775333485859411,14.4446,1.157127321453149,1218520000.0,-0.04416089578576966
2010-09-05,-0.24570719325355128,-1.8301083592265097,38.84572686178596,1.6216216216216355,-0.04416089578576966,-0.0174469136037207,-0.059514127532407604,0.01793770068666725,13.395714285714286,12.548971130745864,14.400108,1.1173325127779241,1172540000.0,0.01658412801553526
2010-09-12,-0.30888378710466746,-2.3168492114412955,40.65558327111242,21.574344023323626,0.01658412801553526,-0.04416089578576966,-0.0174469136037207,-0.059514127532407604,13.183571428571428,12.77504448021321,14.30010368,1.0918087618652152,1256390000.0,-0.030052345066401823
2010-09-19,-0.38357902402956334,-2.901817943083081,38.44977239733185,11.078717201166205,-0.030052345066401823,0.01658412801553526,-0.04416089578576966,-0.0174469136037207,13.047857142857143,11.973322327028841,14.1272974592,1.1066795645891283,1153240000.0,0.04555653160236701
2010-09-26,-0.3938550184974492,-2.994130363962654,43.493923655173795,34.954407294832826,0.04555653160236701,-0.030052345066401823,0.01658412801553526,-0.04416089578576966,12.926428571428572,11.785522597951628,13.964859611647999,1.1204881671184763,1221760000.0,0.050523767608521924
2010-10-03,-0.34636350398086435,-2.6355319834307736,48.75650858856905,54.40729483282676,0.050523767608521924,0.04555653160236701,-0.030052345066401823,0.01658412801553526,12.889999999999999,11.648379686652152,11.2,1.1583104408957279,1312910000.0,0.03776883953715639
2010-10-10,-0.2653218501119632,-2.0149224581956253,52.480037808545504,69.6048632218845,0.03776883953715639,0.050523767608521924,0.04555653160236701,-0.030052345066401823,12.915000000000001,11.521032697588353,11.2,1.1191454094031759,1354760000.0,0.008856146443710062
2010-10-17,-0.18923141645271535,-1.4335065591523326,53.356044357304704,73.25227963525833,0.008856146443710062,0.03776883953715639,0.050523767608521924,0.04555653160236701,12.959285714285715,11.185141276958316,11.255999999999998,1.1113493087315205,1437020000.0,-0.032863300908185
2010-10-24,-0.1625596360478614,-1.2316682116908377,49.73565544701582,59.87841945288754,-0.032863300908185,0.008856146443710062,0.03776883953715639,0.050523767608521924,12.981428571428571,11.223020726611795,11.31088,1.1062529295364119,1283940000.0,0.046727076407969394
2010-10-31,-0.0895540002771309,-0.6762417016676873,54.496549207931444,79.02735562310032,0.046727076407969394,-0.032863300908185,0.008856146443710062,0.03776883953715639,12.952142857142858,11.258194501290026,11.4260448,1.084377720283811,1407630000.0,0.083381608939051
2010-11-07,0.06439120154070288,0.4814996034850677,61.89920968304964,80.33826638477802,0.083381608939051,0.046727076407969394,-0.032863300908185,0.008856146443710062,13.022142857142857,12.769504806844367,11.536603008,1.1662078831206817,1559860000.0,0.0
2010-11-14,0.1842697362807062,1.365611603717267,61.89920968304964,80.33826638477802,0.0,0.083381608939051,0.046727076407969394,-0.032863300908185,13.146428571428572,14.172864376287682,11.80020682752,1.1250501771834902,1612350000.0,-0.004008021397538822
2010-11-21,0.27130540040713846,1.9947882885497707,61.32072726238577,79.06976744186046,-0.004008021397538822,0.0,0.083381608939051,0.046727076407969394,13.249285714285715,14.760307551190895,12.0479944178688,1.125403735956098,1427120000.0,0.013298068304631634
2010-11-28,0.3523583520685101,2.569195879394398,62.57622541777136,83.29809725158565,0.013298068304631634,-0.004008021397538822,0.0,0.083381608939051,13.422142857142857,15.388743018981055,12.280914752796672,1.116446326244948,1496370000.0,-0.07828291839404419
2010-12-05,0.32090572613860324,2.3362617108898323,52.17948687843204,59.19661733615223,-0.07828291839404419,0.013298068304631634,-0.004008021397538822,0.0,13.529285714285715,15.624503219556898,12.499859867628873,1.1245573029417375,1398560000.0,0.03578073728083791
2010-12-12,0.333290070767438,2.416334836838333,55.72361884691946,69.97885835095138,0.03578073728083791,-0.07828291839404419,0.013298068304631634,-0.004008021397538822,13.711428571428572,15.887105778112007,12.70566827557114,1.1349460670173277,2100970000.0,0.03321213420611362
2010-12-19,0.37828304652202505,2.7248719017067167,58.87709820711571,80.33826638477802,0.03321213420611362,0.03578073728083791,-0.07828291839404419,0.013298068304631634,13.914285714285715,16.130951011056037,12.899128179036872,1.1031642050875186,2186650000.0,0.0006664445431604468
2010-12-26,0.4100207563408951,2.9358263953015675,58.941368598970406,80.54968287526428,0.0006664445431604468,0.03321213420611362,0.03578073728083791,-0.07828291839404419,14.143571428571429,16.733381745245406,13.08098048829466,1.06793819043841,2237740000.0,0.035986873104875076
2011-01-02,0.4740885260697425,3.3661075750883063,62.42016811520722,68.15144766146997,0.035986873104875076,0.0006664445431604468,0.03321213420611362,0.03578073728083791,14.372857142857143,18.350026664577268,13.25192165899698,1.133085462549952,2756650000.0,0.027260008095617395
2011-01-09,0.5531833482097817,3.8887156282437196,64.92249518652086,76.19047619047623,0.027260008095617395,0.035986873104875076,0.0006664445431604468,0.03321213420611362,14.58714285714286,19.851196946813996,13.550967926277222,1.1085793580820982,3468150000.0,0.04344519257684656
2011-01-16,0.6654863188527198,4.618656454057104,68.6360861795884,93.09523809523812,0.04344519257684656,0.027260008095617395,0.035986873104875076,0.0006664445431604468,14.816428571428572,21.572836412563245,13.826090492175044,1.1143951182190912,3851670000.0,-0.042819997182928185
2011-01-23,0.6900486312498639,4.750263650531221,61.700568012191255,74.21875000000003,-0.042819997182928185,0.04344519257684656,0.027260008095617395,0.035986873104875076,14.987142857142857,23.171501630758975,14.07920325280104,1.0990811812034418,3773440000.0,-0.01892800988551891
2011-01-30,0.6774971822020444,4.63611856637608,58.95123583554101,65.50802139037434,-0.01892800988551891,-0.042819997182928185,0.04344519257684656,0.027260008095617395,15.167857142857143,23.05598941063203,14.312066992576957,1.1027182396889104,3567630000.0,0.01642487966740033
2011-02-06,0.6806834009571467,4.626344834919563,60.59023479104002,68.6930091185411,0.01642487966740033,-0.01892800988551891,-0.042819997182928185,0.04344519257684656,15.322142857142856,22.948728063371295,14.526301633170801,1.0582383654254168,3739800000.0,-0.009442940800282072
2011-02-13,0.6634568384324329,4.484499648291618,59.123533855646066,61.5635179153095,-0.009442940800282072,0.01642487966740033,-0.01892800988551891,-0.042819997182928185,15.379999999999999,22.804590259683383,14.723397502517138,1.0205070536093157,3546650000.0,-0.006981938867118388
2011-02-20,0.63362455339532,4.263523618473066,58.01445792151415,57.98045602605864,-0.006981938867118388,-0.009442940800282072,0.01642487966740033,-0.01892800988551891,15.429999999999998,22.822554059360066,14.904725702315766,1.0054708354943644,3428300000.0,-0.0199427645034744
2011-02-27,0.5783015431423664,3.8810439804722345,54.88950210822086,47.88273615635183,-0.0199427645034744,-0.006981938867118388,-0.009442940800282072,0.01642487966740033,15.462142857142856,22.009724990553256,16.99,0.9979372043876241,3337940000.0,0.0025957185242816137
2011-03-06,0.5315578565550947,3.5579795869791675,55.224644730571896,49.18566775244301,0.0025957185242816137,-0.0199427645034744,-0.006981938867118388,-0.009442940800282072,15.482857142857144,20.63341754240554,16.946199999999997,1.0145131183599367,3422490000.0,-0.09725633675981087
2011-03-13,0.37480359661857143,2.5204914449300024,42.94193072985982,18.749999999999996,-0.09725633675981087,0.0025957185242816137,-0.0199427645034744,-0.006981938867118388,15.482857142857144,20.15788477624191,16.842351999999998,1.0934764670485126,3376850000.0,0.06899287148695142
2011-03-20,0.32749124371538585,2.2009013753096425,51.12791526590781,45.92391304347827,0.06899287148695142,-0.09725633675981087,0.0025957185242816137,-0.0199427645034744,15.517857142857142,18.812352599081407,16.63041088,1.1689424336879044,3439660000.0,0.0
2011-03-27,0.2866910670110059,1.9255526920230446,51.12791526590781,45.92391304347827,0.0,0.06899287148695142,-0.09725633675981087,0.0025957185242816137,15.517857142857142,17.562929863146653,16.431186227199998,1.1625894027101968,3763960000.0,-0.03390155167568134
2011-04-03,0.2115719420487583,1.4237709827036198,47.201059363537524,32.33695652173913,-0.03390155167568134,0.0,0.06899287148695142,-0.09725633675981087,15.481428571428571,17.27921442338768,16.243915053568,1.1616901596594684,3683960000.0,0.050430853626891904
2011-04-10,0.21013591033134205,1.4113632178267665,53.02873151137001,54.957507082152965,0.050430853626891904,-0.03390155167568134,0.0,0.06899287148695142,15.459285714285715,16.540984050299038,16.06788015035392,1.1587122911123635,3848930000.0,-0.017863524964347167
2011-04-17,0.1850776414891353,1.2424977160389892,50.852671540644074,47.308781869688396,-0.017863524964347167,0.050430853626891904,-0.03390155167568134,0.0,15.387142857142857,15.855484418145299,15.902407341332683,1.112375698890052,3719570000.0,0.0013342230131366622
2011-04-24,0.1649313893593245,1.106673658591465,51.01302971993503,48.42406876790829,0.0013342230131366622,-0.017863524964347167,0.050430853626891904,-0.03390155167568134,15.265714285714285,15.19311611399302,15.746862900852722,1.0686345775407626,3895150000.0,0.020456008567382264
2011-05-01,0.1719970734244658,1.1517557875765871,53.54323936224734,70.42253521126766,0.020456008567382264,0.0013342230131366622,-0.017863524964347167,0.050430853626891904,15.21642857142857,14.18371255247176,13.31,1.042303536287851,3985230000.0,0.009102793674162
2011-05-08,0.18674087634246028,1.2472899894455458,54.681655357765365,75.35211267605635,0.009102793674162,0.020456008567382264,0.0013342230131366622,-0.017863524964347167,15.198571428571428,13.246409245344879,13.357800000000001,0.9914247122672901,4197710000.0,-0.013029500290333795
2011-05-15,0.18020977177573272,1.202012176791356,52.69506354469354,68.3098591549296,-0.013029500290333795,0.009102793674162,0.020456008567382264,0.0013342230131366622,15.147857142857143,12.514794505357841,13.404644000000001,0.9441800899624837,4083800000.0,0.0032733253449691085
2011-05-22,0.17702774088412987,1.178995637340921,53.15328019604815,70.07042253521132,0.0032733253449691085,-0.013029500290333795,0.009102793674162,0.020456008567382264,15.111428571428572,12.248660980857535,13.450551120000002,0.9117386549651635,4177600000.0,-0.016474837203505097
2011-05-29,0.1525742666427412,1.0159619940303393,50.51835499122627,61.267605633802866,-0.016474837203505097,0.0032733253449691085,-0.013029500290333795,0.009102793674162,15.065000000000001,12.001536993821537,13.495540097600001,0.870900179610509,4037850000.0,0.0
2011-06-05,0.13167682367136457,0.8766704279134553,50.51835499122627,61.267605633802866,0.0,-0.016474837203505097,0.0032733253449691085,-0.013029500290333795,15.040714285714285,11.772064720145252,13.539629295648002,0.8151215953526155,4140350000.0,-0.003327790092674691
2011-06-12,0.1098149885949713,0.7311924528233235,49.9440777814488,59.50704225352115,-0.003327790092674691,0.0,-0.016474837203505097,0.0032733253449691085,15.01,12.120722529292909,13.58283670973504,0.7983271956845716,4020120000.0,-0.00668898815079654
2011-06-19,0.0834581093915876,0.5560230204078137,48.750458663019884,44.44444444444448,-0.00668898815079654,-0.003327790092674691,0.0,-0.016474837203505097,15.074285714285713,12.444476209215734,13.62517997554034,0.766303824564245,3980890000.0,-0.015556620796523165
2011-06-26,0.04350946489444674,0.29036009343208125,46.02589754914498,36.66666666666665,-0.015556620796523165,-0.00668898815079654,-0.003327790092674691,0.0,15.050714285714283,13.485819430264826,13.666676376029532,0.7679964085239418,3872810000.0,-0.0047830634405996286
2011-07-03,0.0061307894064341895,0.04099172316942626,45.19797125271735,38.88888888888887,-0.0047830634405996286,-0.015556620796523165,-0.00668898815079654,-0.003327790092674691,15.022142857142857,14.407976989795367,13.707342848508942,0.7388538079150887,3648790000.0,-0.006872879287762064
2011-07-10,-0.031201572179972104,-0.20909254605558586,43.98083411109252,30.23255813953488,-0.006872879287762064,-0.0047830634405996286,-0.015556620796523165,-0.00668898815079654,15.022142857142857,15.966737109950442,13.747195991538764,0.730364250206868,3567240000.0,0.0204785313435407
2011-07-17,-0.036163376019121785,-0.24249061630574972,48.46449775074468,47.67441860465121,0.0204785313435407,-0.006872879287762064,-0.0047830634405996286,-0.015556620796523165,14.989999999999998,16.698458227582908,13.786252071707988,0.7381953751920918,3708350000.0,0.0
2011-07-24,-0.03963871092422089,-0.26594387035142103,48.46449775074468,47.67441860465121,0.0,0.0204785313435407,-0.006872879287762064,-0.0047830634405996286,14.977142857142857,17.055178879767954,13.824527030273828,0.7033242769640852,3814700000.0,-0.08529295260701715
2011-07-31,-0.13843404498463485,-0.9348904612275898,35.26242670438447,0.0,-0.08529295260701715,0.0,0.0204785313435407,-0.006872879287762064,14.876428571428573,18.704911258545998,15.7,0.7473725428952219,3664950000.0,-0.0051641575482343745
2011-08-07,-0.21984424637117428,-1.4943046642479694,34.67396366309647,46.7171717171717,-0.0051641575482343745,-0.08529295260701715,0.0,0.0204785313435407,14.748571428571427,21.471601464640173,15.6578,0.8311316469741347,3565470000.0,-0.03922071315328127
2011-08-14,-0.32260330162990414,-2.2118359066332247,30.590044880245955,34.4559585492228,-0.03922071315328127,-0.0051641575482343745,-0.08529295260701715,0.0,14.573571428571428,23.276506723808932,15.498288,0.843193672190268,3499940000.0,-0.05129329438755058
2011-08-21,-0.4512879939080534,-3.1296543998692505,26.40371589710486,18.27956989247311,-0.05129329438755058,-0.03922071315328127,-0.0051641575482343745,-0.08529295260701715,14.366428571428573,25.484608971811713,15.34515648,0.8543941241766774,3443990000.0,0.04666722599876833
2011-08-28,-0.49990092382503093,-3.4933363382189797,35.08742763660706,34.986225895316785,0.04666722599876833,-0.05129329438755058,-0.03922071315328127,-0.0051641575482343745,14.197857142857144,27.593086972562958,15.1981502208,0.8747945438783431,3483460000.0,-0.02662647511532219
2011-09-04,-0.5594136076765093,-3.9441286236179236,32.69344094462808,26.345609065155806,-0.02662647511532219,0.04666722599876833,-0.05129329438755058,-0.03922071315328127,14.022857142857143,29.32627189586856,15.057024211968,0.8587377907441758,3448020000.0,0.0
2011-09-11,-0.5996652704356276,-4.263176904520066,32.69344094462808,26.345609065155806,0.0,-0.02662647511532219,0.04666722599876833,-0.05129329438755058,13.847857142857142,30.95862761412881,14.92154324348928,0.8109708056910204,3510020000.0,-0.05715841383994852
2011-09-18,-0.6802081370368089,-4.8915766252728385,28.113375488479434,6.824925816023753,-0.05715841383994852,0.0,-0.02662647511532219,0.04666722599876833,13.626428571428573,32.78691172275382,14.791481513749709,0.8030443195702333,3375200000.0,0.04196419909903221
2011-09-25,-0.6948761021854644,-5.037191792159276,35.23247662624159,22.418879056047196,0.04196419909903221,-0.05715841383994852,0.0,-0.02662647511532219,13.448571428571428,34.61535770941081,14.666622253199721,0.806398296743788,3438740000.0,-0.025297146613820425
2011-10-02,-0.7231786264223246,-5.290507679054097,33.08752475592631,13.274336283185825,-0.025297146613820425,0.04196419909903221,-0.05715841383994852,0.0,13.265,35.547443632552984,14.485624918007737,0.8309412755478033,3385470000.0,-0.019191243981118714
2011-10-09,-0.7554591952526586,-5.581079914082286,31.55269010035255,15.240641711229912,-0.019191243981118714,-0.025297146613820425,0.04196419909903221,-0.05715841383994852,13.069999999999999,36.69627385350619,14.315487422927273,0.8501597558658174,3246300000.0,0.047706414289139965
2011-10-16,-0.7258732113419217,-5.394570541751397,39.210596288093136,30.748663101604254,0.047706414289139965,-0.019191243981118714,-0.025297146613820425,0.04196419909903221,12.923571428571426,37.0133636050441,14.07424842909309,0.8801483447325448,3326010000.0,0.03628158194783461
2011-10-23,-0.6577260933338849,-4.902839021839979,44.51285103419414,43.048128342245995,0.03628158194783461,0.047706414289139965,-0.019191243981118714,-0.025297146613820425,12.78857142857143,36.98834658664076,13.852308554765644,0.887994891537363,3600470000.0,-0.012470933254115992
2011-10-30,-0.6096025553693689,-4.560867581438929,43.10452752331073,40.16620498614957,-0.012470933254115992,0.03628158194783461,0.047706414289139965,-0.019191243981118714,12.642142857142858,36.96511649812337,13.648123870384392,0.8538523992846943,3377930000.0,-0.038374012881615155
2011-11-06,-0.6032424893815644,-4.540863147251996,39.1071169556609,35.925925925925895,-0.038374012881615155,-0.012470933254115992,0.03628158194783461,0.047706414289139965,12.547857142857142,37.36261344851806,13.460273960753641,0.8457200850500733,3310190000.0,-0.0016313217320840852
2011-11-13,-0.5929804150107021,-4.489519113438401,38.9450547937746,35.18518518518517,-0.0016313217320840852,-0.038374012881615155,-0.012470933254115992,0.03628158194783461,12.457142857142857,37.9708190370226,13.28745204389335,0.8288829361179254,3171840000.0,-0.06230971425694478
2011-11-20,-0.6372140557171715,-4.870803238180687,33.425651633842776,11.351351351351303,-0.06230971425694478,-0.0016313217320840852,-0.038374012881615155,-0.012470933254115992,12.350714285714286,38.67870522933871,13.128455880381882,0.8225341549666451,3105020000.0,-0.005226492733542695
2011-11-27,-0.6693946681713303,-5.164521547789341,33.01706655934366,8.108108108108032,-0.005226492733542695,-0.06230971425694478,-0.0016313217320840852,-0.038374012881615155,12.286428571428571,39.456959076017306,12.982179409951332,0.7952102867547418,2898360000.0,0.004357305368955847
2011-12-04,-0.682990365471067,-5.313795522587183,33.74389506826586,10.810810810810775,0.004357305368955847,-0.005226492733542695,-0.06230971425694478,-0.0016313217320840852,12.183571428571428,40.17962336221886,12.847605057155226,0.7562666948436888,3059030000.0,0.029980832211935857
2011-12-11,-0.6579386711563782,-5.148654398751007,38.753801891966056,32.5443786982248,0.029980832211935857,0.004357305368955847,-0.005226492733542695,-0.06230971425694478,12.129999999999999,40.30179512396699,12.723796652582807,0.7393905023548538,3426860000.0,0.012578782206860185
2011-12-18,-0.6188475867655949,-4.864712380085723,40.81914808492138,41.420118343195234,0.012578782206860185,0.029980832211935857,0.004357305368955847,-0.005226492733542695,12.087142857142856,39.17435608524784,12.609892920376183,0.74371975218665,3516860000.0,0.014888612493750559
2011-12-25,-0.5668093002854597,-4.469728013698286,43.290504792404796,52.07100591715972,0.014888612493750559,0.012578782206860185,0.029980832211935857,0.004357305368955847,12.107142857142858,38.384256866265524,11.3,0.774168341316175,3598270000.0,-0.013223333174689428
2012-01-01,-0.532342730532811,-4.214205758459803,41.62649371233164,42.603550295857936,-0.013223333174689428,0.014888612493750559,0.012578782206860185,0.029980832211935857,12.079285714285714,37.65059330578195,11.325600000000001,0.7524420312221626,3576630000.0,0.006633523495633877
2012-01-08,-0.49289065758662964,-3.9141026056712214,42.810180973521234,47.33727810650882,0.006633523495633877,-0.013223333174689428,0.014888612493750559,0.012578782206860185,12.079285714285716,36.96933428533292,11.350688000000002,0.723696171849151,3607820000.0,0.0
2012-01-15,-0.4563639262745305,-3.634573015855997,42.810180973521234,46.38554216867467,0.0,0.006633523495633877,-0.013223333174689428,0.014888612493750559,12.095714285714285,36.47193081654048,11.375274240000001,0.7027178738599259,3646630000.0,0.0
2012-01-22,-0.42254538833742217,-3.37431660625939,42.81018097352123,46.38554216867467,0.0,0.0,0.006633523495633877,-0.013223333174689428,12.070714285714287,36.0100561669475,11.399368755200001,0.6718094542985027,3896020000.0,0.02449102000829591
2012-01-29,-0.3673024268386911,-2.935288661571584,47.770633203914784,67.29559748427675,0.02449102000829591,0.0,0.0,0.006633523495633877,12.034285714285714,34.8497511894169,11.422981380096001,0.6595373504200382,3957890000.0,-0.009724549891994857
2012-02-05,-0.3294077712275634,-2.636095490306009,46.050043694067945,72.51908396946557,-0.009724549891994857,0.02449102000829591,0.0,0.0,12.000714285714286,33.42426572288587,11.446121752494081,0.6502846825328927,3910240000.0,0.0
2012-02-12,-0.29596429151824566,-2.3715002109660417,46.050043694067945,72.51908396946557,0.0,-0.009724549891994857,0.02449102000829591,0.0,12.001428571428573,32.10060064682134,11.493876882394318,0.6131214909234004,4013290000.0,0.08354446212726206
2012-02-19,-0.1810331972557524,-1.4431296489227445,60.691263378604376,82.78688524590163,0.08354446212726206,0.0,-0.009724549891994857,0.02449102000829591,12.08,31.46284985763879,11.539721807098545,0.6814699558574432,4215120000.0,0.05110601093349636
2012-02-26,-0.03308395591327873,-0.2614091443523886,67.00069086208666,100.0,0.05110601093349636,0.08354446212726206,0.0,-0.009724549891994857,12.26142857142857,31.219868592659253,11.673538498672633,0.70350781615334,4318370000.0,-0.03549811326750533
2012-03-04,0.044119397912457003,0.3467696958882251,59.768706954689264,79.07801418439718,-0.03549811326750533,0.05110601093349636,0.08354446212726206,0.0,12.412142857142856,31.11700509511376,11.863655418778823,0.728257257856673,4150660000.0,-0.04140598998783565
2012-03-11,0.06022892700199378,0.47259762385113346,52.870406408493714,59.57446808510637,-0.04140598998783565,-0.03549811326750533,0.05110601093349636,0.08354446212726206,12.52,30.589454941881915,12.09228987690094,0.7390960251526248,3937400000.0,0.051677540309665246
2012-03-18,0.127206718431097,0.9926371045416313,59.22810877873865,83.57664233576638,0.051677540309665246,-0.04140598998783565,-0.03549811326750533,0.05110601093349636,12.652142857142858,29.430626971417286,12.298060889210847,0.7648748804988659,4177060000.0,-0.09969936022308792
2012-03-25,0.07452884312989738,0.582972332614126,46.50058632037888,36.13138686131388,-0.09969936022308792,0.051677540309665246,-0.04140598998783565,-0.03549811326750533,12.680714285714286,27.40535615290812,14.15,0.8245266747489469,3966790000.0,0.059485453286179955
2012-04-01,0.09303445258759169,0.7261443466378804,52.87606086961033,55.999999999999986,0.059485453286179955,-0.09969936022308792,0.051677540309665246,-0.04140598998783565,12.750714285714285,26.76421735261197,14.109,0.8656319122668793,4065150000.0,-0.012232568435634408
2012-04-08,0.09370939501071085,0.7306187016034595,51.48503383628136,48.88888888888888,-0.012232568435634408,0.059485453286179955,-0.09969936022308792,0.051677540309665246,12.820714285714287,26.1688741809084,14.06882,0.8509439185335308,3968080000.0,0.05025429327432145
2012-04-15,0.14661757616830506,1.1375801606755083,56.630242302054015,78.66666666666664,0.05025429327432145,-0.012232568435634408,0.059485453286179955,-0.09969936022308792,12.932857142857141,26.315505049344473,14.0294436,0.8558764957811357,4113750000.0,0.03309654596057798
2012-04-22,0.22309415597931626,1.7186858218998662,59.783767719035396,90.83333333333339,0.03309654596057798,0.05025429327432145,-0.012232568435634408,0.059485453286179955,13.077857142857143,27.136743738321666,12.1,0.8554567460824831,4330300000.0,0.09447344046415954
2012-04-29,0.3921502324012849,2.977747178598996,67.52360804901656,95.4054054054054,0.09447344046415954,0.03309654596057798,0.05025429327432145,-0.012232568435634408,13.322857142857144,28.886340113870723,12.145,0.9064955499337343,4556390000.0,-0.0353903250460893
2012-05-06,0.47705570273300957,3.5857467633064717,62.52515299361407,78.1081081081081,-0.0353903250460893,0.09447344046415954,0.03309654596057798,0.05025429327432145,13.507857142857143,30.571139567209876,12.2872,0.9267458677956105,4286670000.0,-0.009383446865797777
2012-05-13,0.5269724592295706,3.9271428746463872,61.25904905104257,74.32432432432431,-0.009383446865797777,-0.0353903250460893,0.09447344046415954,0.03309654596057798,13.69142857142857,31.79905320740064,12.497968,0.9062640200959241,4179070000.0,-0.0033726844786391187
2012-05-20,0.5560870409949157,4.112753269034879,60.78563384880976,72.97297297297298,-0.0033726844786391187,-0.009383446865797777,-0.0353903250460893,0.09447344046415954,13.87142857142857,32.982574802073096,12.69608992,0.8829594472319295,4076550000.0,-0.09564807472222141
2012-05-27,0.4648681288054277,3.4394477033863344,49.63271737137323,36.48648648648647,-0.09564807472222141,-0.0033726844786391187,-0.009383446865797777,-0.0353903250460893,13.878571428571428,32.090880058387306,12.8823245248,0.9163194867153633,4020980000.0,0.0037105793965357746
2012-06-03,0.3920912816050546,2.9012401623617365,49.9986408107506,37.83783783783783,0.0037105793965357746,-0.09564807472222141,-0.0033726844786391187,-0.009383446865797777,13.839285714285714,30.96019562743484,13.057385053312,0.905868094807123,4124440000.0,-0.01869213301215252
2012-06-10,0.31066108756937716,2.3020443339548198,48.116340200531745,31.08108108108108,-0.01869213301215252,0.0037105793965357746,-0.09564807472222141,-0.0033726844786391187,13.817142857142857,29.910274370121837,13.22194195011328,0.8897346594637571,4078630000.0,0.04789128770441485
2012-06-17,0.29517405705630395,2.1824316256234972,53.06394910116427,48.64864864864865,0.04789128770441485,-0.01869213301215252,0.0037105793965357746,-0.09564807472222141,13.880714285714285,29.59707723629275,15.8,0.9254678980734886,4144900000.0,-0.010850016024065818
2012-06-24,0.267710724807527,1.9769396240725312,51.83550699047268,44.59459459459459,-0.010850016024065818,0.04789128770441485,-0.01869213301215252,0.0037105793965357746,13.884285714285713,29.3062513263086,15.747,0.8879344767825251,4103400000.0,0.05241993222001066
2012-07-01,0.30217437361765853,2.2199245913060546,57.110601310402245,63.61111111111111,0.05241993222001066,-0.010850016024065818,0.04789128770441485,-0.01869213301215252,14.03357142857143,29.843032913928518,15.69506,0.9030820141552018,4171600000.0,-0.006230549750636086
2012-07-08,0.31855273808579554,2.330254717166766,56.302939077421016,57.57575757575757,-0.006230549750636086,0.05241993222001066,-0.010850016024065818,0.04789128770441485,14.122142857142858,30.341472959575583,15.6441588,0.8885761560012589,4110580000.0,0.02061928720273561
2012-07-15,0.35168618331768897,2.5583556683915614,58.41410572526281,63.93442622950816,0.02061928720273561,-0.006230549750636086,0.05241993222001066,-0.010850016024065818,14.243571428571428,31.431508621816874,15.594275624,0.9029635734297404,4185730000.0,-0.013698844358161802
2012-07-22,0.3576831995726746,2.5914601724634103,56.45583579749314,50.943396226415075,-0.013698844358161802,0.02061928720273561,-0.006230549750636086,0.05241993222001066,14.302857142857144,31.9676033540135,15.54539011152,0.9027518896133305,4077840000.0,0.030562650410166668
2012-07-29,0.39420299066050823,2.8385679591997603,59.72723450021052,67.92452830188674,0.030562650410166668,-0.013698844358161802,0.02061928720273561,-0.006230549750636086,14.361428571428572,32.63089460882268,15.4974823092896,0.918269611783807,4330530000.0,0.0033389012655146303
2012-08-05,0.42231162481011886,3.0230316034748506,60.086049349802195,69.81132075471696,0.0033389012655146303,0.030562650410166668,-0.013698844358161802,0.02061928720273561,14.323571428571427,33.246807916859765,15.450532663103807,0.876964639513535,4485310000.0,0.025667746748577813
2012-08-12,0.47063250199502527,3.343746659763368,62.8652431091958,95.31914893617024,0.025667746748577813,0.0033389012655146303,0.030562650410166668,-0.013698844358161802,14.352142857142857,34.12669704498313,13.15,0.8514671652625682,4547490000.0,0.005830920310793144
2012-08-19,0.5103068929291243,3.599013103187301,63.49690744248274,99.14893617021278,0.005830920310793144,0.025667746748577813,0.0033389012655146303,0.030562650410166668,14.397142857142857,34.943736949669116,13.197000000000001,0.8127909391723848,4676940000.0,-0.0064809040840831155
2012-08-26,0.5275981463056514,3.6977630243139012,62.23027769592829,78.24561403508775,-0.0064809040840831155,0.005830920310793144,0.025667746748577813,0.0033389012655146303,14.43857142857143,36.11348413756286,13.243060000000002,0.8247344435172145,4512950000.0,0.08234075534521139
2012-09-02,0.6404320554034353,4.432613688257971,70.57440583345712,92.20779220779218,0.08234075534521139,-0.0064809040840831155,0.005830920310793144,0.025667746748577813,14.670714285714286,37.844596560391345,13.353337600000001,0.8872534118374134,4626120000.0,-0.023017369886748407
2012-09-09,0.6912229294213184,4.738676744457267,66.050557762479,82.33766233766235,-0.023017369886748407,0.08234075534521139,-0.0064809040840831155,0.005830920310793144,14.872142857142858,39.45205809587495,13.572137344000001,0.9095924538490266,4413030000.0,0.010969031370573937
2012-09-16,0.7374981392140043,5.0072690163769575,67.1255201350687,87.01298701298701,0.010969031370573937,-0.023017369886748407,0.08234075534521139,-0.0064809040840831155,15.104285714285714,40.94470095025258,13.777809103360001,0.889621564288382,4674480000.0,-0.012195273093818243
2012-09-23,0.7493946923083978,5.048144238063285,64.67510353598875,79.41176470588238,-0.012195273093818243,0.010969031370573937,-0.023017369886748407,0.08234075534521139,15.275714285714287,42.33072645788895,13.971140557158401,0.8610771668392118,4442380000.0,0.04791335569589745
2012-09-30,0.8139929069286964,5.42228354559706,69.47519807478615,95.65217391304351,0.04791335569589745,-0.012195273093818243,0.010969031370573937,-0.023017369886748407,15.515,44.06414652930726,14.152872123728898,0.8845716549221253,4502950000.0,0.07055111099196519
2012-10-07,0.9550428710109387,6.258778190200237,75.1558453816709,96.87500000000007,0.07055111099196519,0.04791335569589745,-0.012195273093818243,0.010969031370573937,15.790714285714285,46.19657041841214,14.400642353830586,0.9278165367134019,4681020000.0,-0.008207980417829733
2012-10-14,1.0427026107219746,6.7370726712794395,73.3908133082445,93.34862385321102,-0.008207980417829733,0.07055111099196519,0.04791335569589745,-0.012195273093818243,16.062142857142856,48.1766783154381,14.809578118447527,0.9315439269481589,4545060000.0,-0.03922071315328127
2012-10-21,1.043658787296465,6.6785901989525165,65.64315038795516,77.29357798165141,-0.03922071315328127,-0.008207980417829733,0.07055111099196519,0.04791335569589745,16.26214285714286,49.52617691234197,15.177620306602774,0.9528622178804331,4423060000.0,0.015310761237091514
2012-10-28,1.054052842592192,6.67727304415207,67.0864425395799,83.48623853211011,0.015310761237091514,-0.03922071315328127,-0.008207980417829733,0.07055111099196519,16.495714285714286,50.779282752324136,15.508858275942497,0.9483720594604022,4512010000.0,-0.001126126245135136
2012-11-04,1.0485888934068797,6.581989878647717,66.86237773319266,79.94579945799461,-0.001126126245135136,0.015310761237091514,-0.03922071315328127,-0.008207980417829733,16.695714285714285,51.942881032307575,15.806972448348247,0.9070597694989447,4409320000.0,0.011204599012863062
2012-11-11,1.0483127065134639,6.519063469455884,68.01290871542034,84.61538461538463,0.011204599012863062,-0.001126126245135136,0.015310761237091514,-0.03922071315328127,16.906428571428574,52.49069107421889,16.07527520351342,0.8808412145347343,4464760000.0,-0.04617520176465404
2012-11-18,0.9715343526053637,6.012271232586759,59.0681245882637,61.095100864553366,-0.04617520176465404,0.011204599012863062,-0.001126126245135136,0.015310761237091514,17.03142857142857,51.97547001854053,16.316747683162077,0.8843525563536818,4374230000.0,0.008713386525565227
2012-11-25,0.9122745670351406,5.6164326123871335,60.1142580970202,65.41786743515851,0.008713386525565227,-0.04617520176465404,0.011204599012863062,-0.001126126245135136,17.160714285714285,49.96211360722021,18.49,0.8911845166141331,4435030000.0,0.029070157602840523
2012-12-02,0.8961334294284384,5.47816053889197,63.527410414296234,78.3699059561129,0.029070157602840523,0.008713386525565227,-0.04617520176465404,0.011204599012863062,17.333571428571428,48.648688528157855,18.4466,0.8775284797131235,4544840000.0,0.009505243497428111
2012-12-09,0.8868361457829792,5.382046058771235,64.61440632455536,80.66914498141264,0.009505243497428111,0.029070157602840523,0.008713386525565227,-0.04617520176465404,17.424285714285713,47.68391906990463,18.404068,0.8648478740193289,4761230000.0,0.01271789328728209
2012-12-16,0.887793132718496,5.34645852592198,66.08702660642233,75.24752475247524,0.01271789328728209,0.009505243497428111,0.029070157602840523,0.008713386525565227,17.55857142857143,47.56706865037903,16.32,0.8780730258750912,4895430000.0,0.02335159053074734
2012-12-23,0.9127276024518132,5.447416788592603,68.70889280468182,89.11564625850339,0.02335159053074734,0.01271789328728209,0.009505243497428111,0.029070157602840523,17.710714285714285,47.45856468939096,16.3726,0.8610678097411562,4951610000.0,0.06040357500097732
2012-12-30,1.0143973140382911,5.974059234883939,74.44799389895903,94.91094147582699,0.06040357500097732,0.02335159053074734,0.01271789328728209,0.009505243497428111,17.96,48.14781115695871,16.424148,0.8967058233310735,5047750000.0,0.017034480037225838
2013-01-06,1.1096154947509085,6.446243845614035,75.84633034740098,72.29601518026564,0.017034480037225838,0.06040357500097732,0.02335159053074734,0.01271789328728209,18.17642857142857,49.48907280400847,16.56678208,0.967655407378854,5198180000.0,0.02598822403979242
2013-01-13,1.2138506449416937,6.9487290221555105,77.87859823486612,82.3529411764706,0.02598822403979242,0.017034480037225838,0.06040357500097732,0.02335159053074734,18.341428571428573,50.73453004769754,16.8681751552,0.966394306851793,5310620000.0,0.021073576790528393
2013-01-20,1.31678302022004,7.423657409872435,79.42624845457924,90.70208728652754,0.021073576790528393,0.02598822403979242,0.017034480037225838,0.06040357500097732,18.548571428571428,52.03805148933919,17.151484645888,0.9787947135052363,5369140000.0,-0.005226906649479302
2013-01-27,1.3736470405068353,7.640467599315618,77.95784735579994,85.37477148080437,-0.005226906649479302,0.021073576790528393,0.02598822403979242,0.017034480037225838,18.79785714285714,53.44777140144019,17.41779556713472,1.0110236625405764,5307900000.0,0.00047630389088134897
2013-02-03,1.4033422468226213,7.709662501879183,77.99767102785341,85.55758683729435,0.00047630389088134897,-0.005226906649479302,0.021073576790528393,0.02598822403979242,19.02857142857143,54.75679703410541,17.767571921763942,0.9838076866448212,5398390000.0,0.0
2013-02-10,1.410615217619064,7.66238375198862,77.99767102785341,85.55758683729435,0.0,0.00047630389088134897,-0.005226906649479302,0.021073576790528393,19.260714285714283,55.08655184010176,18.089366168022828,0.968535709027334,5495420000.0,-0.023609865639133622
2013-02-17,1.361149707928309,7.331727596942484,70.735140597025,76.59963436928706,-0.023609865639133622,0.0,0.00047630389088134897,-0.005226906649479302,19.443571428571428,55.33272724652006,18.385416874581,0.9586403012396671,5383190000.0,0.028360468397731462
2013-02-24,1.353948528450612,7.219918787260557,73.88788649918688,87.38574040219382,0.028360468397731462,-0.023609865639133622,0.0,0.00047630389088134897,19.726428571428574,55.75517939461694,18.65778352461452,0.9751659940082622,5538260000.0,0.028039220064392908
2013-03-03,1.380740213720788,7.278062840685361,76.64359029710641,94.26229508196718,0.028039220064392908,0.028360468397731462,-0.023609865639133622,0.0,20.041428571428572,56.28762932607195,18.908360842645358,0.9969398515791007,5707320000.0,-0.005545300716425264
2013-03-10,1.3764232695453344,7.182150744172653,74.94017749697066,91.16379310344826,-0.005545300716425264,0.028039220064392908,0.028360468397731462,-0.023609865639133622,20.311428571428568,56.78715542722655,19.215524758380823,0.9607298621805934,5613190000.0,-0.02724452210656551
2013-03-17,1.3110875067919672,6.7930366121751184,67.16968078540897,75.7946210268949,-0.02724452210656551,-0.005545300716425264,0.028039220064392908,0.028360468397731462,20.52785714285714,55.333326850959345,19.548461787375125,0.9871063005962654,5538120000.0,0.014184634991956381
2013-03-24,1.268888974642838,6.524328202496046,68.96235265024859,81.98433420365541,0.014184634991956381,-0.02724452210656551,-0.005545300716425264,0.028039220064392908,20.749285714285715,53.983343172996946,19.84144637289011,0.9708844219822464,5613290000.0,0.00981087056425924
2013-03-31,1.2381193101426078,6.316524448894197,70.18944834741967,55.27343750000002,0.00981087056425924,0.014184634991956381,-0.02724452210656551,-0.005545300716425264,20.955000000000002,54.06342391343071,20.099272808143297,1.0801069632692288,5754890000.0,0.006949298293205724
2013-04-07,1.2118682133388106,6.134869627247629,71.06929169183438,47.804878048780495,0.006949298293205724,0.00981087056425924,0.014184634991956381,-0.02724452210656551,21.08857142857143,52.16966397911456,23.8,1.1708136087499983,5902840000.0,-0.12055696253910872
2013-04-14,0.9812513344943632,4.977748925123842,46.71703756797356,3.361344537815128,-0.12055696253910872,0.006949298293205724,0.00981087056425924,0.014184634991956381,21.022142857142857,49.45307347171513,23.722,1.2743269224107128,5752090000.0,0.0408219945202552
2013-04-21,0.8532039070863853,4.323515754233763,52.426108290361995,20.168067226890766,0.0408219945202552,-0.12055696253910872,0.006949298293205724,0.00981087056425924,20.974999999999998,47.47510971512823,23.53472,1.2975892850956618,5904000000.0,0.009950330853168092
2013-04-28,0.7591131430819971,3.8400048368913065,53.75999702750636,24.36974789915966,0.009950330853168092,0.0408219945202552,-0.12055696253910872,0.006949298293205724,20.910714285714285,45.63842908401182,23.3549312,1.2349043361602572,5997850000.0,0.06190510624726007
2013-05-05,0.7796504289123867,3.9186168819512877,61.29759946103318,51.47058823529409,0.06190510624726007,0.009950330853168092,0.0408219945202552,-0.12055696253910872,20.946428571428573,44.84419728560103,23.182333952,1.2638397407202386,6105940000.0,0.00972454989199478
2013-05-12,0.80360812659816,4.012085359952989,62.37290126549634,55.88235294117645,0.00972454989199478,0.06190510624726007,0.009950330853168092,0.0408219945202552,20.99642857142857,44.22115832272842,23.016640593920002,1.210708330668793,6238950000.0,0.04725288485054551
2013-05-19,0.8969811589548442,4.433654661637284,67.26955181211983,77.94117647058823,0.04725288485054551,0.00972454989199478,0.06190510624726007,0.009950330853168092,21.12142857142857,44.17386835539174,19.04,1.2170863070495934,6379910000.0,-0.02447285651872569
2013-05-26,0.9160400172519019,4.495454246429437,62.66900699925322,66.38655462184872,-0.02447285651872569,0.04725288485054551,0.00972454989199478,0.06190510624726007,21.242142857142856,44.12995624286482,19.1192,1.190865856546051,6321120000.0,0.02666824708216149
2013-06-02,0.9683962165757904,4.71089836440253,65.4453343445992,78.99159663865547,0.02666824708216149,-0.02447285651872569,0.04725288485054551,0.00972454989199478,21.363571428571426,43.88560553573446,19.196816,1.1729468667927618,6498480000.0,-0.10682357370958687
2013-06-09,0.8141066722674282,3.961284728543521,50.021204121528754,30.462184873949557,-0.10682357370958687,0.02666824708216149,-0.02447285651872569,0.04725288485054551,21.277142857142856,41.65222919672744,19.27287968,1.2820220905932789,6393830000.0,-0.013264748658483058
2013-06-16,0.6624085202051226,3.2270076879775074,48.58003069714573,24.78991596638654,-0.013264748658483058,-0.10682357370958687,0.02666824708216149,-0.02447285651872569,21.18,39.12163093267891,19.347422086399998,1.3111633698366159,6246300000.0,-0.020990275891835743
2013-06-23,0.502503603116935,2.454449800488823,46.34327263246355,33.333333333333336,-0.020990275891835743,-0.013264748658483058,-0.10682357370958687,0.02666824708216149,21.094285714285714,37.37377292482538,23.0,1.3903659862768574,6042180000.0,0.044451762570833796
2013-06-30,0.4432903079268513,2.1634503260701385,51.496852934909256,48.333333333333314,0.044451762570833796,-0.020990275891835743,-0.013264748658483058,-0.10682357370958687,21.051428571428573,34.95986151232605,22.896,1.391054130114225,6088310000.0,0.004338401598598141
2013-07-07,0.39902587086422514,1.9453105532340704,51.993411406769454,57.49999999999997,0.004338401598598141,0.044451762570833796,-0.020990275891835743,-0.013264748658483058,21.0,32.71837234357667,22.79408,1.3481216922489232,6132660000.0,0.03822121282019788
2013-07-14,0.4244138376001807,2.0609844884755795,56.32693660821675,73.0769230769231,0.03822121282019788,0.004338401598598141,0.044451762570833796,-0.020990275891835743,20.995714285714286,30.732712189666135,22.6941984,1.3161129999454289,6205640000.0,-0.10484624462566408
2013-07-21,0.2679580982896077,1.3065949911862444,44.77374392699389,31.73076923076921,-0.10484624462566408,0.03822121282019788,0.004338401598598141,0.044451762570833796,21.013571428571428,29.36561253545666,22.596314432,1.3849620713778983,6143040000.0,0.0733364663934531
2013-07-28,0.26038783987488756,1.2677497343009108,52.06273000122205,60.19230769230768,0.0733364663934531,-0.10484624462566408,0.03822121282019788,0.004338401598598141,21.080000000000002,28.09616285654786,22.50038814336,1.3967504948509057,6221130000.0,0.008563325402320809
2013-08-04,0.2658483173006765,1.291676961358888,52.87733456538388,63.65384615384614,0.008563325402320809,0.0733364663934531,-0.10484624462566408,0.03822121282019788,21.145000000000003,26.58350367366139,22.4063803804928,1.3426968880758408,6283770000.0,-0.01287264497506302
2013-08-11,0.24555839713797312,1.1919859863592663,51.46460786947925,58.461538461538446,-0.01287264497506302,0.008563325402320809,0.0733364663934531,-0.10484624462566408,21.09857142857143,25.368285676306247,22.31425277288294,1.3089328246418521,5952010000.0,-0.03416632959474986
2013-08-18,0.17102289390921044,0.8315545704148886,47.89211345303572,45.00000000000001,-0.03416632959474986,-0.01287264497506302,0.008563325402320809,0.0733364663934531,20.987142857142857,24.75855452205019,22.223967717425282,1.3032947657388623,5875670000.0,-0.021581766125787424
2013-08-25,0.07637515897032898,0.3725037539537531,45.789386811302684,36.73076923076923,-0.021581766125787424,-0.03416632959474986,-0.01287264497506302,0.008563325402320809,20.770000000000003,24.538856928696326,22.135488363076774,1.2752022824718008,5830270000.0,-0.010711655594927772
2013-09-01,-0.015401558249251934,-0.07539109977092394,44.75590071367555,33.009708737864074,-0.010711655594927772,-0.021581766125787424,-0.03416632959474986,-0.01287264497506302,20.57714285714286,24.334852020582023,22.04877859581524,1.2198306908666723,5766550000.0,0.007662872745569097
2013-09-08,-0.07516506537856316,-0.36897735898358697,45.69867320105242,35.92233009708735,0.007662872745569097,-0.010711655594927772,-0.021581766125787424,-0.03416632959474986,20.35214285714286,24.215915273293234,21.963803023898933,1.1605570700904815,5809410000.0,0.012642393415176527
2013-09-15,-0.10118872406530599,-0.49757726525441404,47.312518406297,53.98457583547551,0.012642393415176527,0.007662872745569097,-0.010711655594927772,-0.021581766125787424,20.31,23.862675050730438,21.880526963420955,1.1276601365125898,5866100000.0,0.0
2013-09-22,-0.1204244825912113,-0.5931081668054029,47.312518406297,53.98457583547551,0.0,0.012642393415176527,0.007662872745569097,-0.010711655594927772,20.28714285714286,23.510522482020434,21.798916424152537,1.0828272696188335,5928410000.0,0.013972283195016335
2013-09-29,-0.11178669246089612,-0.5508149008225798,49.27089419592994,38.617886178861745,0.013972283195016335,0.0,0.012642393415176527,0.007662872745569097,20.314285714285717,22.895469637155134,21.718938095669486,1.0304824646460597,6095350000.0,0.06382592835417578
2013-10-06,0.002351595447024124,0.011536024311673228,57.375410398443485,92.68292682926831,0.06382592835417578,0.013972283195016335,0.0,0.012642393415176527,20.372142857142858,21.626677405699066,21.640559333756098,1.0590194314570556,6165660000.0,0.024341041005074993
2013-10-13,0.1340285834609567,0.653561821501732,60.11029864353387,97.90940766550516,0.024341041005074993,0.06382592835417578,0.013972283195016335,0.0,20.46142857142857,20.911928121833395,17.8,1.0733751863529803,6325020000.0,-0.015546723738299897
2013-10-20,0.20854441642388366,1.0125605695583597,57.558892854730004,86.06271777003478,-0.015546723738299897,0.024341041005074993,0.06382592835417578,0.013972283195016335,20.46857142857143,20.248232358243843,17.886,1.0459912444706245,6230400000.0,-0.018605187831034358
2013-10-27,0.23264036058088777,1.1267015081379406,54.6215128568809,72.12543554006967,-0.018605187831034358,-0.015546723738299897,0.024341041005074993,0.06382592835417578,20.600714285714282,18.922872183905135,17.97028,1.049849012722723,6135720000.0,-0.00046959380999139945
2013-11-03,0.2480700563098175,1.1986680329839654,54.546568346467325,71.77700348432049,-0.00046959380999139945,-0.018605187831034358,-0.015546723738299897,0.024341041005074993,20.62642857142857,17.692180593447763,18.0528744,1.021288368956814,5942180000.0,-0.0018805835349622534
2013-11-10,0.2541409568802351,1.2255699864527807,54.22606771542465,70.383275261324,-0.0018805835349622534,-0.00046959380999139945,-0.018605187831034358,-0.015546723738299897,20.63642857142857,16.491330760644747,18.133816912,0.9840534854598987,5856510000.0,-0.0032995551971655044
2013-11-17,0.25041712163620033,1.2057022457780013,53.632172837214654,67.9442508710801,-0.0032995551971655044,-0.0018805835349622534,-0.00046959380999139945,-0.018605187831034358,20.660714285714285,15.37625591589909,18.21314057376,0.9409068079270487,5780750000.0,0.0056497325421191276
2013-11-24,0.2542184801015672,1.2216930198191862,54.55112415086154,72.12543554006967,0.0056497325421191276,-0.0032995551971655044,-0.0018805835349622534,-0.00046959380999139945,20.743571428571432,14.314206760016807,18.2908777622848,0.8986991787894025,5905460000.0,-0.004705891037412728
2013-12-01,0.2463224677299749,1.1821007252267617,53.59783113470048,67.85714285714279,-0.004705891037412728,0.0056497325421191276,-0.0032995551971655044,-0.0018805835349622534,20.849999999999998,14.028916632380342,18.367060207039106,0.8973635231615881,5737840000.0,0.03019973986363241
2013-12-08,0.2891808914533165,1.3828020419838776,58.6553765122082,91.07142857142857,0.03019973986363241,-0.004705891037412728,0.0056497325421191276,-0.0032995551971655044,21.017857142857142,13.8252645958762,18.441719002898324,0.901123271507189,5840520000.0,0.04693598901859476
2013-12-15,0.4032246035846718,1.914657296529224,65.2452401198221,89.77556109725684,0.04693598901859476,0.03019973986363241,-0.004705891037412728,0.0056497325421191276,21.25,15.024523758996585,18.51488462284036,0.9867573235423895,5912200000.0,0.025863510589919373
2013-12-22,0.535843185982916,2.5227269831804997,68.34967264938615,100.0,0.025863510589919373,0.04693598901859476,0.03019973986363241,-0.004705891037412728,21.50714285714286,16.296093266949423,18.706689237926746,0.959131800432219,5949240000.0,0.06586742498762502
2013-12-29,0.7612754863122149,3.5364553131160594,74.81112469263728,69.25133689839575,0.06586742498762502,0.025863510589919373,0.04693598901859476,0.03019973986363241,21.87857142857143,19.460128500494687,18.99428788365114,1.169908100401346,6005390000.0,-0.07871556746547398
2014-01-05,0.777653778748995,3.59185562247935,59.32315582277802,42.06896551724139,-0.07871556746547398,0.06586742498762502,0.025863510589919373,0.04693598901859476,22.094285714285714,21.276017400902816,19.66674485295905,1.2692003789441073,5911530000.0,0.07911389449722943
2014-01-12,0.9339882952877971,4.263475480064368,66.77071173170151,65.5639097744361,0.07911389449722943,-0.07871556746547398,0.06586742498762502,0.025863510589919373,22.351428571428567,23.009646000558526,20.285405264722325,1.3149717804480996,5990740000.0,-0.020519730231176453
2014-01-19,1.0051451011767405,4.54688476272495,63.43114180390257,57.894736842105296,-0.020519730231176453,0.07911389449722943,-0.07871556746547398,0.06586742498762502,22.534285714285716,24.951071261259877,20.85457284354454,1.4417595104160925,5882140000.0,-0.05429308236666225
2014-01-26,0.9457363866888571,4.261098114791519,55.77357369090932,38.345864661654154,-0.05429308236666225,-0.020519730231176453,0.07911389449722943,-0.07871556746547398,22.648571428571426,26.380733431275537,21.378207016060976,1.4887766882435147,5771200000.0,-0.04701063259554964
2014-02-02,0.8030573495637192,3.6178185513396603,50.38229934781138,19.21875000000001,-0.04701063259554964,-0.05429308236666225,-0.020519730231176453,0.07911389449722943,22.715000000000003,27.381172129418353,21.859950454776097,1.4738640676546921,5588970000.0,-0.10072291291107503
2014-02-09,0.5122055985447176,2.323778688650449,41.733954365745696,6.290115532734301,-0.10072291291107503,-0.04701063259554964,-0.05429308236666225,-0.020519730231176453,22.63,25.821419462296998,27.4,1.5557309199650713,5408220000.0,-0.010000083334583534
2014-02-16,0.26253877824726857,1.199723949350651,41.021911740364644,3.7227214377406828,-0.010000083334583534,-0.10072291291107503,-0.04701063259554964,-0.05429308236666225,22.53357142857143,24.373077699970025,27.2442,1.5524644256818516,5204560000.0,0.02970515441391591
2014-02-23,0.11180222356126635,0.5133062880100433,44.10304541865348,11.424903722721446,0.02970515441391591,-0.010000083334583534,-0.10072291291107503,-0.04701063259554964,22.485000000000003,23.52274639866161,27.091516,1.5951455381331479,5375810000.0,0.04529975922966352
2014-03-02,0.06821315964988273,0.31353293976404517,48.67503807508727,23.62002567394095,0.04529975922966352,0.02970515441391591,-0.010000083334583534,-0.10072291291107503,22.495714285714286,22.733153047446653,26.94188568,1.559777999695066,5598840000.0,-0.0032687397771267897
2014-03-09,0.02770078012216004,0.1274863764822615,48.36115122211422,22.72143774069319,-0.0032687397771267897,0.04529975922966352,0.02970515441391591,-0.010000083334583534,22.50857142857143,22.831950482050935,26.795247966399998,1.5569367140025612,5511860000.0,0.028586547761416694
2014-03-16,0.045103322883949915,0.20738551554658774,51.35339969186961,30.680359435173308,0.028586547761416694,-0.0032687397771267897,0.04529975922966352,0.02970515441391591,22.51928571428571,22.139724813358278,26.651543007071997,1.5564412344309495,5698930000.0,-0.11551288712184422
2014-03-23,-0.133229195725864,-0.6171049742671281,41.36199008470923,1.2658227848101449,-0.11551288712184422,0.028586547761416694,-0.0032687397771267897,0.04529975922966352,22.28357142857143,20.707784768936442,26.510712146930558,1.623838289114453,5571640000.0,0.0608646890364089
2014-03-30,-0.17331046591046473,-0.8048546544376306,47.0481285422992,16.835443037974667,0.0608646890364089,-0.11551288712184422,0.028586547761416694,-0.0032687397771267897,22.092857142857145,19.92707074683843,26.230283661053335,1.6364212684634205,5689140000.0,0.04091800527353328
2014-04-06,-0.13333641302477517,-0.6188597281377339,50.69037033492992,34.375,0.04091800527353328,0.0608646890364089,-0.11551288712184422,0.028586547761416694,21.849999999999998,19.640857533558737,25.9610723146112,1.616676892144605,5907160000.0,0.03620304866396064
2014-04-13,-0.036680543521462994,-0.16969004588983938,53.83490651951901,46.87500000000001,0.03620304866396064,0.04091800527353328,0.0608646890364089,-0.11551288712184422,21.8,19.785328538177172,25.702629422026753,1.6011999712771334,5979500000.0,-0.00668898815079654
2014-04-20,0.027499189491351217,0.12689654759678676,53.150493733400104,44.53125000000003,-0.00668898815079654,0.03620304866396064,0.04091800527353328,0.0608646890364089,21.602857142857147,20.422531858091666,25.454524245145684,1.5896856876144807,5773420000.0,0.015538603427779166
2014-04-27,0.10538930294023885,0.48461953818618714,54.60081325597416,66.80584551148226,0.015538603427779166,-0.00668898815079654,0.03620304866396064,0.04091800527353328,21.467142857142857,20.479147512765508,25.216343275339856,1.5797081384991607,5862220000.0,-0.0030884648419109858
2014-05-04,0.1596292573182545,0.7318336027597899,54.239165021797334,73.82075471698113,-0.0030884648419109858,0.015538603427779166,-0.00668898815079654,0.03620304866396064,21.419285714285714,20.531719192105502,24.987689544326262,1.5240147000349349,5780020000.0,0.014041476861108196
2014-05-11,0.22583287676178898,1.0313645735966663,55.68421318949602,81.3679245283019,0.014041476861108196,-0.0030884648419109858,0.015538603427779166,-0.00668898815079654,21.470714285714283,20.880229359478115,24.76818196255321,1.4794422214610108,5903640000.0,0.019845344996265238
2014-05-18,0.3118233720322259,1.4168236305629518,57.749646909054526,92.2169811320755,0.019845344996265238,0.014041476861108196,-0.0030884648419109858,0.015538603427779166,21.70714285714286,21.203845943466973,24.55745468405108,1.4287677770709384,6197820000.0,0.08158589252167135
2014-05-25,0.5343877387309206,2.400681366707398,65.28708576056351,99.83079526226732,0.08158589252167135,0.019845344996265238,0.014041476861108196,-0.0030884648419109858,22.099999999999998,22.521407722250512,19.5,1.4909986501373,6564740000.0,-0.01587334915629012
2014-06-01,0.6707628096346738,2.9861035742515454,62.85960011039883,92.43697478991598,-0.01587334915629012,0.08158589252167135,0.019845344996265238,0.014041476861108196,22.42142857142857,23.76333769766151,19.6182,1.4516416036989213,6365110000.0,0.011928570865273812
2014-06-08,0.7938969784665666,3.5015124181153388,63.9424579702376,97.47899159663869,0.011928570865273812,-0.01587334915629012,0.08158589252167135,0.019845344996265238,22.696428571428573,24.91655838911458,19.851472,1.3765243462918553,6419400000.0,-0.06111881505604553
2014-06-15,0.7616642391927897,3.3470247357153107,55.26608407888814,72.26890756302522,-0.06111881505604553,0.011928570865273812,-0.01587334915629012,0.08158589252167135,22.869285714285716,24.560585381067483,20.07541312,1.395344035842437,6363630000.0,0.04919024419077178
2014-06-22,0.8234572299134157,3.5923307373277202,59.948233585756036,92.43697478991598,0.04919024419077178,-0.06111881505604553,0.011928570865273812,-0.01587334915629012,23.083571428571428,24.23003901645232,20.2903965952,1.4028194618536916,6444360000.0,0.003992021269537457
2014-06-29,0.8704636217325543,3.770863944013911,60.320945360967144,93.04347826086959,0.003992021269537457,0.04919024419077178,-0.06111881505604553,0.011928570865273812,23.476428571428574,24.06103707376175,20.496780731392,1.3454752145784281,6563690000.0,-0.003592101248210559
2014-07-06,0.8901926908588607,3.832642715945063,59.781748635483126,88.0412371134021,-0.003592101248210559,0.003992021269537457,0.04919024419077178,-0.06111881505604553,23.775,23.968585804194923,20.796973887508482,1.2907984135371116,6502800000.0,0.008361585647245609
2014-07-13,0.9122574294523034,3.9028288645328035,60.66526938966913,91.16945107398566,0.008361585647245609,-0.003592101248210559,0.003992021269537457,0.04919024419077178,24.02642857142857,23.87063247293841,21.180415976507803,1.2271699554273177,6545050000.0,0.0003964321161928768
2014-07-20,0.9199462425445724,3.9127128803617564,60.70953293046803,90.74550128534706,0.0003964321161928768,0.008361585647245609,-0.003592101248210559,0.003992021269537457,24.22142857142857,23.52681562859396,21.53318269838718,1.1752292443253665,6571100000.0,-0.0067608131850441806
2014-07-27,0.9019252699810316,3.817445127381467,59.484058737080616,81.95121951219508,-0.0067608131850441806,0.0003964321161928768,0.008361585647245609,-0.003592101248210559,24.414999999999996,23.624607115971173,21.857728082516203,1.1969985840164117,6499150000.0,-0.0023971245997214037
2014-08-03,0.8727415989414347,3.6780840366957968,59.031144995106665,77.77777777777776,-0.0023971245997214037,-0.0067608131850441806,0.0003964321161928768,0.008361585647245609,24.579285714285714,23.71541349710716,22.25195527426458,1.1593558280152394,6391640000.0,-0.044997365930735805
2014-08-10,0.752181838452394,3.1682970877349717,51.31677634269359,40.62499999999992,-0.044997365930735805,-0.0023971245997214037,-0.0067608131850441806,0.0003964321161928768,24.669999999999998,22.543004125671647,22.606759746838122,1.162258983157008,6342130000.0,0.03292478469646661
2014-08-17,0.7129719766623737,2.9941793816362936,55.83699821195018,64.16938110749182,0.03292478469646661,-0.044997365930735805,-0.0023971245997214037,-0.0067608131850441806,24.794999999999998,21.454338280767242,22.92608377215431,1.157097627217222,6407740000.0,-0.004056800695614318
2014-08-24,0.6661497547281705,2.790704482867732,55.14770725349355,55.39033457249075,-0.004056800695614318,0.03292478469646661,-0.044997365930735805,-0.0023971245997214037,24.88,20.443434281927438,23.21347539493888,1.131590653844563,6378180000.0,-0.014329825554824968
2014-08-31,0.5939539995976304,2.4853260960340706,52.69577189009583,27.570093457943912,-0.014329825554824968,-0.004056800695614318,0.03292478469646661,-0.044997365930735805,24.797857142857143,19.38286418731774,23.47212785544499,1.0993341785699513,6330780000.0,0.014329825554824868
2014-09-07,0.5585418951552121,2.332077405250825,54.85726619339822,43.92523364485986,0.014329825554824868,-0.014329825554824968,-0.004056800695614318,0.03292478469646661,24.76928571428571,18.17521272970597,23.704915069900494,1.0743817372435263,6398620000.0,0.0020304575503819213
2014-09-14,0.5284208230689309,2.201549479252408,55.172393710283444,46.26168224299057,0.0020304575503819213,0.014329825554824868,-0.014329825554824968,-0.004056800695614318,24.722857142857144,17.122401143224014,23.85,1.0390687560118457,6461950000.0,-0.026723070140753393
2014-09-21,0.4469479509435672,1.8621234011754684,50.260455168082736,9.999999999999964,-0.026723070140753393,0.0020304575503819213,0.014329825554824868,-0.014329825554824968,24.737142857142857,16.054037636842114,25.8,1.029135273439571,6389040000.0,0.01242251999855711
2014-09-28,0.401954128612374,1.6731267924163116,52.368212268465484,25.0,0.01242251999855711,-0.026723070140753393,0.0020304575503819213,0.014329825554824868,24.687142857142856,15.061985809487494,25.76,1.00562561105103,6543510000.0,-0.06371581438610774
2014-10-05,0.24246376492141053,1.0130747659557622,42.63894940202526,3.536977491961397,-0.06371581438610774,0.01242251999855711,-0.026723070140753393,0.0020304575503819213,24.52285714285714,15.772852341011586,25.7208,1.0637952102616708,6459510000.0,-0.06336961393258937
2014-10-12,0.0030628957627172326,0.012898690173832604,35.92952681089598,13.725490196078413,-0.06336961393258937,-0.06371581438610774,0.01242251999855711,-0.026723070140753393,24.265000000000004,17.91361905335456,25.599568,1.1449526952429798,6304200000.0,0.05411640845210621
2014-10-19,-0.08960801763241122,-0.37872930928473786,43.996285950582816,37.05882352941177,0.05411640845210621,-0.06336961393258937,-0.06371581438610774,0.01242251999855711,24.077142857142857,19.901473857673036,25.30559392,1.1617417884399102,6389980000.0,-0.06350614880194515
2014-10-26,-0.272075451003154,-1.1588557273667404,37.980954583719566,9.803921568627448,-0.06350614880194515,0.05411640845210621,-0.06336961393258937,-0.06371581438610774,23.78928571428571,21.981969839225815,25.0292582848,1.2073316606942026,6308470000.0,-0.05278397789340611
2014-11-02,-0.4988852583334733,-2.1477325531759432,34.0495211229468,17.209302325581387,-0.05278397789340611,-0.06350614880194515,0.05411640845210621,-0.06336961393258937,23.435714285714287,24.808962880705145,24.769502787712,1.3618079706446167,6073150000.0,0.03373578292271168
2014-11-09,-0.6158572126995807,-2.671996714817205,38.39659524947246,30.00000000000001,0.03373578292271168,-0.05278397789340611,-0.06350614880194515,0.05411640845210621,23.13571428571429,27.434027847793093,24.30794256469504,1.3673931155985726,6219680000.0,0.007185659660874312
2014-11-16,-0.6885177785112084,-3.0075305607575884,39.332776764576025,32.5542570951586,0.007185659660874312,0.03373578292271168,-0.05278397789340611,-0.06350614880194515,22.925,29.871588174374757,23.883307159519436,1.3032936073415315,6298120000.0,-0.02073862606557798
2014-11-23,-0.7719012100899896,-3.397850405361407,37.57015079679952,25.762711864406775,-0.02073862606557798,0.007185659660874312,0.03373578292271168,-0.05278397789340611,22.62642857142857,31.51472661756831,23.49264258675788,1.2902012068171367,5954030000.0,-0.08914016970415131
2014-11-30,-0.9680346540894362,-4.316776253597466,31.40244918454445,0.0,-0.08914016970415131,-0.02073862606557798,0.007185659660874312,0.03373578292271168,22.21,33.697458259758506,23.13323117981725,1.32304397775877,5895120000.0,-0.08444770712104861
2014-12-07,-1.2319222850965303,-5.589074573277913,27.222269348935342,1.0624169986719565,-0.08444770712104861,-0.08914016970415131,-0.02073862606557798,0.007185659660874312,21.71,36.20726766826998,22.696908061835526,1.3428265507760007,5818050000.0,-0.05542079394140781
2014-12-14,-1.4988208873374553,-6.933274808999681,25.02710935282532,15.947843530591777,-0.05542079394140781,-0.08444770712104861,-0.08914016970415131,-0.02073862606557798,21.118571428571432,39.041978915447935,22.033679094415263,1.4304817971491435,5725300000.0,0.17648346984814725
2014-12-21,-1.4395668476420234,-6.708547729541617,42.06740495499118,47.542627883650944,0.17648346984814725,-0.05542079394140781,-0.08444770712104861,-0.08914016970415131,20.748571428571427,38.99619213162544,21.011164021197125,1.5918759544956331,5801940000.0,-0.05598082413912174
2014-12-28,-1.4612958268248946,-6.882235284742966,38.86612192719779,36.91073219658978,-0.05598082413912174,0.17648346984814725,-0.05542079394140781,-0.08444770712104861,20.349285714285713,38.9536758323617,20.131801058229527,1.6103133863173738,5713760000.0,-0.11378506319580978
2015-01-04,-1.6196157298676042,-7.757858328813947,33.706313122406144,18.95687061183551,-0.11378506319580978,-0.05598082413912174,0.17648346984814725,-0.05542079394140781,19.78714285714286,40.00418180056626,19.375548910077395,1.7781481444375615,5562360000.0,0.0030385924321490133
2015-01-11,-1.7212097766404675,-8.375151174449043,33.944796948068884,23.205741626794275,0.0030385924321490133,-0.11378506319580978,-0.05598082413912174,0.17648346984814725,19.335714285714285,40.97965162818479,18.60186108446501,1.7339947055491645,5756170000.0,0.060053356448142754
2015-01-18,-1.699823804435269,-8.363069094055028,38.78289221077546,35.835351089588386,0.060053356448142754,0.0030385924321490133,-0.11378506319580978,-0.05598082413912174,19.057142857142857,40.78511861296122,14.54,1.7301379408670812,5832090000.0,-0.08898735392084497
2015-01-25,-1.7825576005202528,-8.910247405470525,34.77591618496932,17.79661016949155,-0.08898735392084497,0.060053356448142754,0.0030385924321490133,-0.11378506319580978,18.587142857142858,40.869784094100524,14.6124,1.7208423736622898,5712900000.0,0.0056057449817940325
2015-02-01,-1.8198839923188004,-9.2303097532475,35.211344276719316,19.923371647509605,0.0056057449817940325,-0.08898735392084497,0.060053356448142754,0.0030385924321490133,18.222857142857144,40.234678431541504,14.683352,1.7600679184006975,5841210000.0,-0.030267127578877555
2015-02-08,-1.866679495952205,-9.61563812310528,33.91107464095535,15.40656205420827,-0.030267127578877555,0.0056057449817940325,-0.08898735392084497,0.060053356448142754,17.902142857142856,39.855591985866276,14.82681792,1.6829202099435052,5651910000.0,0.10619243584147377
2015-02-15,-1.7424687994148158,-9.046322958265279,42.2798138274523,41.0144927536232,0.10619243584147377,-0.030267127578877555,0.0056057449817940325,-0.08898735392084497,17.657142857142855,38.12126686217858,14.9645452032,1.7455687663761121,5723730000.0,0.01315432179109248
2015-02-22,-1.6069479539862108,-8.3963971046122,43.29610626937378,44.34782608695654,0.01315432179109248,0.10619243584147377,-0.030267127578877555,0.0056057449817940325,17.417857142857144,36.03697901103649,15.096763395072,1.737313854492104,5838070000.0,0.17376230339828463
2015-03-01,-1.2160191098015645,-6.309776795104302,55.538766440025306,100.0,0.17376230339828463,0.01315432179109248,0.10619243584147377,-0.030267127578877555,17.447857142857142,33.8170433756113,15.33095759136768,1.8517914363140966,5995410000.0,-0.01637012964685544
2015-03-08,-0.9230005668101526,-4.765016363920268,54.25461358714831,71.04337631887458,-0.01637012964685544,0.17376230339828463,0.01315432179109248,0.10619243584147377,17.57857142857143,32.64554183704133,15.779680984058265,1.9388063337202326,5793000000.0,-0.22253693922402806
2015-03-15,-1.0107723571523834,-5.276257350238094,41.702204307005445,22.860492379835865,-0.22253693922402806,-0.01637012964685544,0.17376230339828463,0.01315432179109248,17.524285714285718,30.66344761241791,23.07,2.096034452740216,5735020000.0,0.1364077854940891
2015-03-22,-0.8757699438062403,-4.576088672821515,49.13376328344654,51.113716295427885,0.1364077854940891,-0.22253693922402806,-0.01637012964685544,0.17376230339828463,17.708571428571428,28.822931546696168,22.9378,2.118460563258772,5948500000.0,0.28171190546527725
2015-03-29,-0.26942024738055537,-1.3762862573635162,62.33036171291851,96.0694698354662,0.28171190546527725,0.1364077854940891,-0.22253693922402806,-0.01637012964685544,18.107142857142858,28.59177875557001,16.46,2.4371419515974315,6145820000.0,-0.0630227045004477
2015-04-05,0.08665909024504614,0.43617323841300065,58.279484377499195,82.08409506398536,-0.0630227045004477,0.28171190546527725,0.1364077854940891,-0.22253693922402806,18.47214285714286,28.377136878095722,16.54,2.480917526483329,5932750000.0,-0.022356907101276448
2015-04-12,0.3231695788093205,1.6078056024635041,56.925380493824775,75.3479125248509,-0.022356907101276448,-0.0630227045004477,0.28171190546527725,0.1364077854940891,18.94142857142857,28.17782656329817,16.718799999999998,2.4215662745916626,5829620000.0,-0.04445176257083381
2015-04-19,0.4250148951624162,2.099795216515439,54.311938147811205,65.40755467196819,-0.04445176257083381,-0.022356907101276448,-0.0630227045004477,0.28171190546527725,19.335714285714285,27.822847923043238,16.894023999999998,2.3450258264065442,5738450000.0,-0.03940254786602893
2015-04-26,0.43215849179048504,2.1280075150884596,52.121516930780516,56.95825049701788,-0.03940254786602893,-0.04445176257083381,-0.022356907101276448,-0.0630227045004477,19.59642857142857,26.963042405101763,17.065743519999998,2.2632382673775053,5671460000.0,0.0051874674215150116
2015-05-03,0.4416053724330986,2.1670015023834353,52.389123613784584,58.051689860835,0.0051874674215150116,-0.03940254786602893,-0.04445176257083381,-0.022356907101276448,19.97142857142857,26.164651567013255,17.2340286496,2.162292676850541,5771060000.0,0.044165411297681985
2015-05-10,0.5205554313703828,2.537433874617856,54.765366760936885,67.59443339960237,0.044165411297681985,0.0051874674215150116,-0.03940254786602893,-0.04445176257083381,20.408571428571427,25.608446078682583,17.398948076608,2.132843199932645,5889720000.0,0.001349224400765385
2015-05-17,0.5788717974167383,2.8041290763282642,54.84121781639956,66.5631469979296,0.001349224400765385,0.044165411297681985,0.0051874674215150116,-0.03940254786602893,20.882142857142856,25.36813175741563,17.56056911507584,2.0540686856517416,5948440000.0,-0.03708367240964793
2015-05-24,0.5533490437787911,2.6728549594433466,52.29162324406958,55.21064301552107,-0.03708367240964793,0.001349224400765385,0.044165411297681985,0.0051874674215150116,21.17285714285714,24.630778667480485,17.718957732774324,1.9730637795337602,5886790000.0,-0.0710271887748775
2015-05-31,0.40978165510201237,1.9845797216634937,47.936068771051794,38.91352549889133,-0.0710271887748775,-0.03708367240964793,0.001349224400765385,0.044165411297681985,21.342142857142857,22.894000981420294,17.874178578118837,1.997130652424206,5739930000.0,0.0025006264593506813
2015-06-07,0.29661881035408655,1.4397752215591844,48.09443500965878,39.46784922394677,0.0025006264593506813,-0.0710271887748775,-0.03708367240964793,0.001349224400765385,21.27642857142857,21.27201420632839,18.02629500655646,1.9473356058224771,5842040000.0,-0.027856954502966224
2015-06-14,0.16070354668714515,0.7832354048213532,46.42171149954669,33.370288248337005,-0.027856954502966224,0.0025006264593506813,-0.0710271887748775,-0.03708367240964793,21.195714285714285,19.765883629457335,18.17536910642533,1.8546687768351575,5672120000.0,-0.011363758650314982
2015-06-21,0.03483599200008314,0.1705640693649476,45.73648089132677,30.313199105145422,-0.011363758650314982,-0.027856954502966224,0.0025006264593506813,-0.0710271887748775,21.392857142857142,18.457063693470513,18.32146172429682,1.7900495784897892,5474560000.0,0.005698021114637796
2015-06-28,-0.055400251609437845,-0.27230163353674,46.16437866146397,5.5555555555555465,0.005698021114637796,-0.011363758650314982,-0.027856954502966224,0.0025006264593506813,21.425714285714285,17.212960625838182,18.464632489810885,1.71504603716909,5668350000.0,-0.021405150319995632
2015-07-05,-0.15817337407719023,-0.781418298862113,44.74799311759419,6.044905008635543,-0.021405150319995632,0.005698021114637796,-0.011363758650314982,-0.027856954502966224,20.990000000000002,16.261454361929506,25.48,1.6468284630855834,5419350000.0,-0.06710998635150055
2015-07-12,-0.33501073926899494,-1.6704575148488245,40.71240201959041,0.0,-0.06710998635150055,-0.021405150319995632,0.005698021114637796,-0.011363758650314982,20.575714285714287,15.869253391682804,25.3424,1.6384835728651848,4908150000.0,-0.012493064247466445
2015-07-19,-0.4872906038577973,-2.4529160590914043,40.01724481256431,1.032702237521493,-0.012493064247466445,-0.06710998635150055,-0.021405150319995632,0.005698021114637796,20.18285714285714,15.657636276121938,25.037504000000002,1.5557347462319573,4152400000.0,-0.08586917241085289
2015-07-26,-0.7159168156711537,-3.6556473346026306,35.718214220761055,0.0,-0.08586917241085289,-0.012493064247466445,-0.06710998635150055,-0.021405150319995632,19.75857142857143,16.162437402074982,24.581653760000002,1.5474679786439602,4009420000.0,0.05098191341041216
2015-08-02,-0.819872772896197,-4.22940658518341,39.7821783836764,12.89437585733879,0.05098191341041216,-0.08586917241085289,-0.012493064247466445,-0.06710998635150055,19.455000000000002,16.679316401174493,23.8999214592,1.5405059801693917,4261710000.0,-0.04973735817820746
2015-08-09,-0.9573895738799649,-5.001973800224281,37.30290809250929,2.4489795918367068,-0.04973735817820746,0.05098191341041216,-0.08586917241085289,-0.012493064247466445,19.085,17.18993415464071,23.10592931328,1.5054698387287206,4107260000.0,-0.04320875433123669
2015-08-16,-1.1084652490224585,-5.876343116714996,35.33622145248677,4.733009708737871,-0.04320875433123669,-0.04973735817820746,0.05098191341041216,-0.08586917241085289,18.597857142857144,18.11107721201636,22.2412177956864,1.518650564533812,3932730000.0,-0.06090875308699246
2015-08-23,-1.286789891951507,-6.9408981410718775,32.84090966300212,9.08018867924528,-0.06090875308699246,-0.04320875433123669,-0.04973735817820746,0.05098191341041216,18.04357142857143,19.53404419237435,21.228847304290305,1.5301755242099682,3591240000.0,0.09034145987411087
2015-08-30,-1.302550909722683,-7.101938667942028,39.74008359059289,27.471116816431305,0.09034145987411087,-0.06090875308699246,-0.04320875433123669,-0.04973735817820746,17.645,20.11149619001773,20.027431735603855,1.5187344153378273,3972150000.0,0.06882471947713864
2015-09-06,-1.2099129503157968,-6.63303222130711,44.7790208544157,48.37278106508872,0.06882471947713864,0.09034145987411087,-0.06090875308699246,-0.04320875433123669,17.432142857142857,19.211196085244236,19.018242657907237,1.5973962428136967,4158580000.0,0.06328700258793955
2015-09-13,-1.0349981621729007,-5.677351886989883,49.266804037820336,67.59259259259261,0.06328700258793955,0.06882471947713864,0.09034145987411087,-0.06090875308699246,17.294999999999998,18.13915847918776,13.72,1.5768679397555758,4302160000.0,0.0005523336235418499
2015-09-20,-0.8853640898424437,-4.858928095154021,49.30677452057011,67.74691358024691,0.0005523336235418499,0.06328700258793955,0.06882471947713864,0.09034145987411087,17.197857142857142,16.946416989670944,13.809800000000001,1.528520229773035,4473390000.0,-0.09553107664639823
2015-09-27,-0.8896637301551387,-4.917737920228869,43.251706250365544,44.05144694533762,-0.09553107664639823,0.0005523336235418499,0.06328700258793955,0.06882471947713864,16.99857142857143,16.740627528940614,14.011408000000001,1.5779116419321038,4366790000.0,-0.009768087436207072
2015-10-04,-0.8956573089738598,-4.987441045318953,42.704057235160384,46.65461121157324,-0.009768087436207072,-0.09553107664639823,0.0005523336235418499,0.06328700258793955,16.779999999999998,16.54953731540531,14.20495168,1.5187750960798105,4243870000.0,0.07160703848504385
2015-10-11,-0.7936219954104757,-4.427446581908804,48.06016943331719,68.53526220614832,0.07160703848504385,-0.009768087436207072,-0.09553107664639823,0.0005523336235418499,16.677142857142858,15.739605562147206,14.390753612800001,1.5095768749312526,4305540000.0,0.010792493282022829
2015-10-18,-0.6894789777136872,-3.8500356065860544,48.868460133645605,77.5828460038986,0.010792493282022829,0.07160703848504385,-0.009768087436207072,-0.09553107664639823,16.675714285714285,14.875595657613166,14.569123468288002,1.4617499552933058,4387490000.0,-0.005665737535677196
2015-10-25,-0.6080053430200394,-3.3994247158845394,48.44117985476356,75.63352826510722,-0.005665737535677196,0.010792493282022829,0.07160703848504385,-0.009768087436207072,16.68285714285714,14.275015417973503,14.740358529556481,1.4501963870580696,4150710000.0,0.006230549750635942
2015-11-01,-0.5284689586529936,-2.956877681522819,48.96973389337291,77.77777777777777,0.006230549750635942,-0.005665737535677196,0.010792493282022829,0.07160703848504385,16.800714285714285,13.71733376687953,14.904744188374222,1.396610930839636,4366750000.0,-0.04091610773852618
2015-11-08,-0.516769865959116,-2.9019133170890354,45.71234036876322,63.93762183235865,-0.04091610773852618,0.006230549750635942,-0.005665737535677196,0.010792493282022829,16.80785714285714,13.458687672077124,15.062554420839254,1.355424435779662,4227080000.0,-0.02985296314968116
2015-11-15,-0.541600834749282,-3.0579878333632986,43.517019689959305,54.191033138401544,-0.02985296314968116,-0.04091610773852618,0.006230549750635942,-0.005665737535677196,16.837857142857143,13.695655959582862,15.214052244005684,1.3178941189382576,4208930000.0,-0.06899287148695143
2015-11-22,-0.6426324959410117,-3.6638460922852882,39.071413404977605,32.7485380116959,-0.06899287148695143,-0.02985296314968116,-0.04091610773852618,0.006230549750635942,16.837857142857143,14.487001077591747,18.85,1.316615967585525,4067150000.0,0.04134134015644133
2015-11-29,-0.6626130567500184,-3.8016810441185407,42.79057292747486,35.63218390804598,0.04134134015644133,-0.06899287148695143,-0.02985296314968116,-0.04091610773852618,16.949285714285715,15.221821544314285,18.777,1.2825719699008447,4135770000.0,-0.0810816688059555
2015-12-06,-0.7704312960533741,-4.470233465090767,37.988220846957546,27.41935483870969,-0.0810816688059555,0.04134134015644133,-0.06899287148695143,-0.02985296314968116,16.87357142857143,16.920458135609717,18.705460000000002,1.3895311149079272,4012460000.0,-0.05771500750119897
2015-12-13,-0.9123352579457098,-5.368929865788555,35.16605633910619,12.54480286738353,-0.05771500750119897,-0.0810816688059555,0.04134134015644133,-0.06899287148695143,16.657857142857143,18.497763541812617,18.488041600000003,1.3824217495573612,3957460000.0,-0.008626940635522978
2015-12-20,-1.0226892422437412,-6.101940946192798,34.76394139098991,10.394265232974908,-0.008626940635522978,-0.05771500750119897,-0.0810816688059555,0.04134134015644133,16.354285714285716,19.962404276143882,18.279319936000004,1.310105910303264,3904230000.0,0.01433716314640725
2015-12-27,-1.0815399223377113,-6.531306750429619,36.075913237009686,15.853658536585383,0.01433716314640725,-0.008626940635522978,-0.05771500750119897,-0.0810816688059555,16.064285714285713,20.725173940017243,18.078947138560004,1.262955488138745,3948340000.0,-0.08539508441212841
2016-01-03,-1.2070606554901069,-7.410618299315229,32.08075561584404,3.225806451612902,-0.08539508441212841,0.01433716314640725,-0.008626940635522978,-0.05771500750119897,15.81,22.07810678823874,17.886589253017604,1.292030096128835,3879380000.0,-0.3122713312102171
2016-01-10,-1.5676588292648876,-9.933849684373811,23.609234005699207,0.0,-0.3122713312102171,-0.08539508441212841,0.01433716314640725,-0.008626940635522978,15.320000000000002,24.48217625051596,17.577193897836548,1.4818850892624897,3657770000.0,0.1798467455608856
2016-01-17,-1.6839376397235917,-10.899939069846102,33.738938007856206,26.935659760087248,0.1798467455608856,-0.3122713312102171,-0.08539508441212841,0.01433716314640725,14.876428571428573,26.87417766525895,16.926218386009623,1.573179011458026,3826570000.0,0.10968742425853324
2016-01-24,-1.6513476748154723,-10.836499843271586,39.794254705767614,41.22137404580152,0.10968742425853324,0.1798467455608856,-0.3122713312102171,-0.08539508441212841,14.512857142857143,28.154847912717205,16.116596547408662,1.5793805106395955,3983170000.0,0.017296028650717027
2016-01-31,-1.589445592054803,-10.55385716667047,40.77314319886829,43.71584699453552,0.017296028650717027,0.10968742425853324,0.1798467455608856,-0.3122713312102171,14.172142857142857,28.333843720940457,15.387936892667796,1.5544247598796246,4084760000.0,-0.05035022688833422
2016-02-07,-1.5730898794411168,-10.594301783823072,38.826330435789366,37.907761529808774,-0.05035022688833422,0.017296028650717027,0.10968742425853324,0.1798467455608856,13.778571428571428,28.722532730596466,14.732143203401016,1.4962515627453656,3970300000.0,-0.05908891637000644
2016-02-14,-1.5981890803341976,-10.946186349104362,36.727928855149194,32.680538555691555,-0.05908891637000644,-0.05035022688833422,0.017296028650717027,0.10968742425853324,13.385714285714286,29.555386305019386,14.141928883060913,1.4822335939778395,3741370000.0,-0.013129291441792736
2016-02-21,-1.6116065274118654,-11.223162338706926,36.27549663304097,32.855280312907425,-0.013129291441792736,-0.05908891637000644,-0.05035022688833422,0.017296028650717027,13.017857142857142,30.339616014944788,13.610735994754823,1.4249311944079939,3640340000.0,0.06975616307202419
2016-02-28,-1.5383397805079078,-10.835323599521658,40.58438240968714,45.69083447332421,0.06975616307202419,-0.013129291441792736,-0.05908891637000644,-0.05035022688833422,12.787142857142856,30.46299240045988,13.13266239527934,1.4124361090931372,3775970000.0,0.01468215607455029
2016-03-06,-1.449047146546027,-10.305725510290024,41.51917518557995,49.093444909344484,0.01468215607455029,0.06975616307202419,-0.013129291441792736,-0.05908891637000644,12.522857142857143,30.143752145845156,8.83,1.3572621013007702,3883040000.0,0.03500755251676514
2016-03-13,-1.3274754572990162,-9.504721702603431,43.84495381315231,69.84126984126982,0.03500755251676514,0.01468215607455029,0.06975616307202419,-0.013129291441792736,12.379285714285714,29.322679516339853,8.9088,1.343171951207858,4046370000.0,0.016285741870785467
2016-03-20,-1.2003469206262984,-8.638763448994707,44.96983588628931,73.54497354497354,0.016285741870785467,0.03500755251676514,0.01468215607455029,0.06975616307202419,12.31,28.560254931799214,9.089248,1.3272310975501538,4246830000.0,-0.16887392138015211
2016-03-27,-1.2482052247074868,-9.124991027952424,37.24185160284974,37.91887125220459,-0.16887392138015211,0.016285741870785467,0.03500755251676514,0.01468215607455029,12.105,28.751441465326554,9.26247808,1.4095717334394284,4185270000.0,-0.0018231545615150252
2016-04-03,-1.2730719276234321,-9.445857051108284,37.17373633771809,38.24057450628368,-0.0018231545615150252,-0.16887392138015211,0.016285741870785467,0.03500755251676514,11.884285714285713,28.928971817887653,9.428778956799999,1.3210308953366123,4144220000.0,0.04373744848037896
2016-04-10,-1.2389581258895035,-9.296337485525582,40.06599578261745,52.295409181636714,0.04373744848037896,-0.0018231545615150252,-0.16887392138015211,0.016285741870785467,11.780714285714284,29.33208391633085,9.588427798527999,1.3052429742411402,4221160000.0,0.05933943978630894
2016-04-17,-1.142271151586403,-8.627317643349194,44.03003288303761,66.26746506986028,0.05933943978630894,0.04373744848037896,-0.0018231545615150252,-0.16887392138015211,11.974285714285713,29.01654479887049,9.741690686586878,1.304154190366773,4331150000.0,0.04427282367798804
2016-04-24,-1.00962726970692,-7.648602535237833,46.996362606385404,67.33524355300858,0.04427282367798804,0.05933943978630894,0.04373744848037896,-0.0018231545615150252,12.074285714285713,28.213914843744256,9.888823059123403,1.2731431767691461,4406410000.0,0.03481976515922812
2016-05-01,-0.8583008406593837,-6.504034022865879,49.36110116355983,80.22922636103154,0.03481976515922812,0.04427282367798804,0.05933943978630894,0.04373744848037896,12.112857142857141,27.12625379997274,10.030070136758468,1.2157758069999214,4478830000.0,0.11142573516091707
2016-05-08,-0.6063123182926873,-4.5560627042635025,56.5515445106036,100.0,0.11142573516091707,0.03481976515922812,0.04427282367798804,0.05933943978630894,12.246428571428572,25.41969436486025,10.165667331288128,1.239648963642784,4566180000.0,0.08161133544616295
2016-05-15,-0.3022607715006309,-2.2383832445905494,61.3213993975549,98.0735551663748,0.08161133544616295,0.11142573516091707,0.03481976515922812,0.04427282367798804,12.514285714285714,24.670159168149382,10.437727291410841,1.2975311805254424,4812450000.0,0.03873832047629526
2016-05-22,-0.01034277020770169,-0.0753219415063161,63.496505682851954,87.74647887323943,0.03873832047629526,0.08161133544616295,0.11142573516091707,0.03481976515922812,12.877142857142855,24.68744518749806,10.887509108097973,1.382707524773625,4952310000.0,-0.10348584987045342
2016-05-29,0.08845729086462306,0.6399892985879111,54.895003807543254,64.78873239436619,-0.10348584987045342,0.03873832047629526,0.08161133544616295,0.11142573516091707,13.134285714285713,23.676709812744214,11.543758197288176,1.5017998444326517,4841320000.0,0.0033389012655146303
2016-06-05,0.1688452898145698,1.2139313239006646,55.09594874564356,65.49295774647888,0.0033389012655146303,-0.10348584987045342,0.03873832047629526,0.08161133544616295,13.336428571428572,22.73816982190136,12.134382377559358,1.4480998555446052,4907690000.0,0.10436001532424266
2016-06-12,0.3615271090509715,2.5618408238634762,61.23365256170391,88.73239436619717,0.10436001532424266,0.0033389012655146303,-0.10348584987045342,0.03873832047629526,13.64357142857143,22.90135456498633,12.665944139803422,1.521092723005705,5100100000.0,0.020803127629763326
2016-06-19,0.5362889092042646,3.7434839004290885,62.40744427151099,86.36363636363635,0.020803127629763326,0.10436001532424266,0.0033389012655146303,-0.10348584987045342,13.944285714285714,23.343036777968926,13.14434972582308,1.5667289570767262,5399070000.0,-0.08594242980072477
2016-06-26,0.5554180812992477,3.851638610052409,55.20676997634435,68.18181818181817,-0.08594242980072477,0.020803127629763326,0.10436001532424266,0.0033389012655146303,14.129999999999999,23.27320193960394,13.73302775872431,1.57981974585696,5309150000.0,-0.009661910911736972
2016-07-03,0.5521099616437581,3.8085532497003,54.48144390968776,66.23376623376622,-0.009661910911736972,-0.08594242980072477,0.020803127629763326,0.10436001532424266,14.449285714285713,22.92680007965354,14.251064427677393,1.5262611925814629,5287890000.0,0.05845207508116895
2016-07-10,0.6174143127781324,4.218436827274177,58.15246749940868,78.31168831168829,0.05845207508116895,-0.009661910911736972,-0.08594242980072477,0.020803127629763326,14.83642857142857,23.05661637431223,14.706936696356106,1.5400996788256442,5370530000.0,-0.06364352087441888
2016-07-17,0.5809728293332341,3.954763769614352,53.14008661980313,62.5174825174825,-0.06364352087441888,0.05845207508116895,-0.009661910911736972,-0.08594242980072477,15.116428571428571,23.263506738265615,18.05,1.5586639874809554,5268410000.0,0.09548760535998449
2016-07-24,0.6686500394053709,4.501218736397509,58.950040451449546,81.46341463414633,0.09548760535998449,-0.06364352087441888,0.05845207508116895,-0.009661910911736972,15.456428571428571,23.550465399349253,17.989,1.5680451312323156,5414720000.0,-0.05344319628902729
2016-07-31,0.659523636591171,4.413916832690168,54.771072150165466,61.52380952380953,-0.05344319628902729,0.09548760535998449,-0.06364352087441888,0.05845207508116895,15.694285714285714,23.81692701321263,17.92922,1.5203276218585786,5336290000.0,-0.046609138223071785
2016-08-07,0.5866237638838516,3.9190712215105465,51.50900426058934,42.226890756302545,-0.046609138223071785,-0.05344319628902729,0.09548760535998449,-0.06364352087441888,15.847857142857142,23.374611966162515,17.8706356,1.5324470774401087,5256580000.0,0.03215711163453144
2016-08-14,0.5627093477868463,3.7438989663438034,53.54962728978043,50.22123893805311,0.03215711163453144,-0.046609138223071785,-0.05344319628902729,0.09548760535998449,15.92642857142857,22.646830613644454,17.813222888,1.5044151433372437,5397050000.0,-0.032157111634531284
2016-08-21,0.49767429987281986,3.306798734846836,51.22799352861874,39.15929203539825,-0.032157111634531284,0.03215711163453144,-0.046609138223071785,-0.05344319628902729,15.879999999999999,21.971033643449115,17.69669397248,1.4390997759560118,5314690000.0,-0.03322564762832039
2016-08-28,0.40116337287610015,2.668815835751847,48.94286149308104,28.097345132743385,-0.03322564762832039,-0.032157111634531284,0.03215711163453144,-0.046609138223071785,15.752857142857144,20.709448469238392,17.584826213580797,1.393449791959154,5235460000.0,-0.013605652055778709
2016-09-04,0.30502332040999747,2.0335500590340585,48.02013705537958,2.816901408450694,-0.013605652055778709,-0.03322564762832039,-0.032157111634531284,0.03215711163453144,15.727857142857143,19.52899763340549,17.40033664076595,1.330346235390643,5181200000.0,-0.006872879287762064
2016-09-11,0.21824666026806305,1.4586199489824274,47.53755167208023,7.792207792207808,-0.006872879287762064,-0.013605652055778709,-0.03322564762832039,-0.032157111634531284,15.692142857142857,18.153985196632654,17.168309709504673,1.2746072185770259,5151720000.0,0.07312226482896259
2016-09-18,0.23552139479768286,1.569121289948861,53.11874844227425,36.36363636363636,0.07312226482896259,-0.006872879287762064,-0.013605652055778709,-0.03322564762832039,15.617142857142856,17.831512823302937,16.871478738554206,1.2907067029643813,5279750000.0,-0.025317807984289783
2016-09-25,0.21526061535738172,1.4327215029272597,51.045309612749044,36.200716845878205,-0.025317807984289783,0.07312226482896259,-0.006872879287762064,-0.013605652055778709,15.489285714285714,17.532074190925346,16.604330864698785,1.2392276527526396,5222660000.0,-0.06660069416944056
2016-10-02,0.11875703470919952,0.7935261429197867,46.1685049881476,1.075268817204342,-0.06660069416944056,-0.025317807984289783,0.07312226482896259,-0.006872879287762064,15.391428571428571,16.287820172723933,16.363897778228907,1.2492828204131654,5162460000.0,0.052697789000449066
2016-10-09,0.10321996115624543,0.6895915651830962,50.194782356440804,28.67383512544806,0.052697789000449066,-0.06660069416944056,-0.025317807984289783,0.07312226482896259,15.359285714285715,15.132441441536908,16.147508000406017,1.236476904669368,5223050000.0,-0.01680711831638129
2016-10-16,0.06992772448477069,0.46767808274485334,48.91555367182914,19.71326164874555,-0.01680711831638129,0.052697789000449066,-0.06660069416944056,-0.025317807984289783,15.242857142857144,14.059589762577525,15.952757200365415,1.1838714114786988,5196240000.0,0.010118130165584686
2016-10-23,0.05501297809561123,0.3680229485349143,49.74315423075176,25.089605734767073,0.010118130165584686,-0.01680711831638129,0.052697789000449066,-0.06660069416944056,15.209285714285715,13.167889515157993,15.777481480328873,1.1243091678016488,5247660000.0,-0.006734032181344068
2016-10-30,0.03472349898050808,0.23246222116440046,49.17123249374042,21.81818181818187,-0.006734032181344068,0.010118130165584686,-0.01680711831638129,0.052697789000449066,15.05857142857143,12.22745369595234,15.619733332295986,1.0725727986729596,5199270000.0,0.02205234703019511
2016-11-06,0.04475626036918179,0.29934210262838434,51.16658222427629,40.52287581699349,0.02205234703019511,-0.006734032181344068,0.010118130165584686,-0.01680711831638129,14.994285714285715,12.206417808320454,15.477759999066388,1.0895318844820339,5264340000.0,-0.06484700669628317
2016-11-13,-0.023676832678086512,-0.15896476066814108,45.61506040903448,13.488372093023225,-0.06484700669628317,0.02205234703019511,-0.006734032181344068,0.010118130165584686,14.914285714285715,12.062035527545493,13.89,1.1045653213047457,5227100000.0,-0.02716392894082239
2016-11-20,-0.10733607272733536,-0.7245913669742994,43.57829705673791,0.0,-0.02716392894082239,-0.06484700669628317,0.02205234703019511,-0.006734032181344068,14.77142857142857,12.136714927782538,15.3,1.0542392269258352,5187500000.0,0.016529301951210506
2016-11-27,-0.15331027991432755,-1.0390183332906044,45.17398484813319,28.076923076923027,0.016529301951210506,-0.02716392894082239,-0.06484700669628317,0.02205234703019511,14.680714285714286,12.70599190371498,15.270000000000001,1.0375078535739897,5243030000.0,0.03295075531215919
2016-12-04,-0.1500899547199257,-1.0184988248346742,48.3863228707196,46.15384615384613,0.03295075531215919,0.016529301951210506,-0.02716392894082239,-0.06484700669628317,14.659285714285714,12.704006669762522,15.191200000000002,0.9969715783187046,5289700000.0,-0.007615128527252195
2016-12-11,-0.15463140985571044,-1.0511470086629309,47.68216500746571,41.92307692307692,-0.007615128527252195,0.03295075531215919,0.016529301951210506,-0.02716392894082239,14.644285714285715,12.174845968174239,15.115552000000003,0.9757593227245115,5230120000.0,0.004160893659164718
2016-12-18,-0.15164102388111722,-1.032174206601459,48.12561395915537,44.230769230769184,0.004160893659164718,-0.007615128527252195,0.03295075531215919,0.016529301951210506,14.640714285714285,11.683482459556544,15.042929920000002,0.9360622282441893,5304140000.0,0.02054866822738776
2016-12-25,-0.1236384021189032,-0.8413203973162491,50.38983702475009,58.46774193548388,0.02054866822738776,0.004160893659164718,-0.007615128527252195,0.03295075531215919,14.58,10.951927846573382,14.973212723200003,0.9013434976553186,5331930000.0,0.0013550137574595796
2017-01-01,-0.09869459985940132,-0.6713344487988443,50.544815538242325,64.19213973799124,0.0013550137574595796,0.02054866822738776,0.004160893659164718,-0.007615128527252195,14.54857142857143,10.408692892734466,14.906284214272002,0.8726761049656531,5367650000.0,0.052747889302618575
2017-01-08,-0.014209346238887477,-0.09623272057718152,56.410603597466924,92.6530612244898,0.052747889302618575,0.0013550137574595796,0.02054866822738776,0.004160893659164718,14.644285714285715,10.535873278365179,13.3,0.8803420974681064,5401360000.0,0.02724273639387416
2017-01-15,0.08644672820725674,0.5818568343547226,59.21100748240689,100.0,0.02724273639387416,0.052747889302618575,0.0013550137574595796,0.02054866822738776,14.715714285714286,10.939046680379466,13.349,0.8481748047918131,5448930000.0,0.0
2017-01-22,0.16432317709574917,1.099761684339357,59.21100748240689,100.0,0.0,0.02724273639387416,0.052747889302618575,0.0013550137574595796,14.805000000000001,10.926183593141229,13.45504,0.8340194615923978,5547830000.0,-0.027885203489535663
2017-01-29,0.1883651450044468,1.2568143754801293,55.016451641154106,83.70370370370371,-0.027885203489535663,0.0,0.02724273639387416,0.052747889302618575,14.852142857142857,10.866817321114237,13.5568384,0.8230180714786551,5505450000.0,-0.007094515406491173
2017-02-05,0.19627990453400201,1.3066366864770256,53.986787223562835,79.6296296296296,-0.007094515406491173,-0.027885203489535663,0.0,0.02724273639387416,14.898571428571428,10.217287048073404,13.654564864000001,0.8085167806587512,5424480000.0,-0.02955880224154439
2017-02-12,0.16434668303113042,1.0941744474258066,49.87447590198553,62.96296296296296,-0.02955880224154439,-0.007094515406491173,-0.027885203489535663,0.0,14.889285714285714,10.341597809102202,13.74838226944,0.8250512963259834,5291730000.0,-0.01816397062767118
2017-02-19,0.11591641908407979,0.7728451282548595,47.53484926594994,52.96296296296297,-0.01816397062767118,-0.02955880224154439,-0.007094515406491173,-0.027885203489535663,14.928571428571429,10.06396152805121,13.8384469786624,0.787547632302699,5189100000.0,-0.026136288268908826
2017-02-26,0.04633810494796897,0.3099411949553286,44.37944780647865,38.88888888888886,-0.026136288268908826,-0.01816397062767118,-0.02955880224154439,-0.007094515406491173,14.967857142857143,9.997236263547174,16.0,0.8391513728525062,4764720000.0,0.029524973314425534
2017-03-05,0.02559910549719291,0.1713693278999269,48.54204658791556,42.18009478672982,0.029524973314425534,-0.026136288268908826,-0.01816397062767118,-0.02955880224154439,15.021428571428572,9.935277089364854,15.9578,0.829926274791613,4987620000.0,-0.04497471882361959
2017-03-12,-0.04279297789583403,-0.2876234793682003,43.27036252356529,35.51724137931038,-0.04497471882361959,0.029524973314425534,-0.026136288268908826,-0.01816397062767118,14.995000000000001,11.156056573039049,15.916444,0.8920743980207836,4906470000.0,-0.046351526476771626
2017-03-19,-0.14694298080608803,-0.9945177482873168,38.80210791511849,13.448275862068984,-0.046351526476771626,-0.04497471882361959,0.029524973314425534,-0.026136288268908826,14.930714285714286,12.289637522165082,15.80378624,0.8876405124478705,4861370000.0,0.04067372556009025
2017-03-26,-0.18219505737901187,-1.2376058193742947,44.22896994349289,32.75862068965521,0.04067372556009025,-0.046351526476771626,-0.04497471882361959,0.029524973314425534,14.902142857142858,13.306960150135623,15.695634790400002,0.8756661901301653,5044230000.0,0.028072018778686307
2017-04-02,-0.1758290768321089,-1.1959975885219423,47.79036093165306,46.55172413793102,0.028072018778686307,0.04067372556009025,-0.046351526476771626,-0.04497471882361959,14.880714285714287,13.5209319258316,15.591809398784001,0.8481186051208677,5095270000.0,-0.0020782827016380704
2017-04-09,-0.17123089746536735,-1.1663746384994778,47.545136894137855,45.51724137931035,-0.0020782827016380704,0.028072018778686307,0.04067372556009025,-0.046351526476771626,14.855714285714285,13.719620003263577,15.49213702283264,0.8061101333265199,5044660000.0,0.005532517569725698
2017-04-16,-0.15929521964281612,-1.0860620302986193,48.30688061667253,48.27586206896552,0.005532517569725698,-0.0020782827016380704,0.028072018778686307,0.04067372556009025,14.779285714285715,13.705005046686557,15.396451541919335,0.7656736952317685,5095220000.0,0.027212563524884794
2017-04-23,-0.11621974306226512,-0.7914464939287925,52.055862357073785,62.06896551724139,0.027212563524884794,0.005532517569725698,-0.0020782827016380704,0.028072018778686307,14.700714285714286,12.948292383170967,15.304593480242561,0.7488398598580707,5199440000.0,0.08241469867893218
2017-04-30,0.02096155332491456,0.14167756539505208,61.64248637124895,97.77777777777777,0.08241469867893218,0.027212563524884794,0.005532517569725698,-0.0020782827016380704,14.713571428571429,13.41249443552931,13.1,0.7917798698682085,5376210000.0,0.11379211313641398
2017-05-07,0.28375645444507214,1.8863937512629294,71.11740877687726,84.11371237458195,0.11379211313641398,0.08241469867893218,0.027212563524884794,0.005532517569725698,14.897142857142857,15.876859789880289,13.163,0.9766527363061935,5662200000.0,-0.013326127246131851
2017-05-14,0.46727090455977915,3.0634259547207403,68.86279994073219,80.10033444816057,-0.013326127246131851,0.11379211313641398,0.08241469867893218,0.027212563524884794,15.071428571428571,18.165199047491914,13.39968,0.9947489694271797,5302540000.0,0.06701588593153357
2017-05-21,0.7046423865065172,4.534266548644812,73.53171716162515,99.99999999999999,0.06701588593153357,-0.013326127246131851,0.11379211313641398,0.08241469867893218,15.366428571428571,20.760730953016655,13.6268928,1.039409757325238,5507270000.0,0.04397436506014724
2017-05-28,0.9511910702367938,5.993648490153455,76.1974772163585,87.88265306122446,0.04397436506014724,0.06701588593153357,-0.013326127246131851,0.11379211313641398,15.742142857142856,23.813700844751818,13.957079232,1.1165947746591498,5688510000.0,0.03490155175901473
2017-06-04,1.1901543857492705,7.334063067057278,78.15369772813517,96.93877551020407,0.03490155175901473,0.04397436506014724,0.06701588593153357,-0.013326127246131851,16.195714285714285,26.6486014585059,14.51571289344,1.146838005040639,5855970000.0,0.10056643369315192
2017-06-11,1.5385141983502209,9.200945358620185,82.83874784413116,98.8888888888889,0.10056643369315192,0.03490155175901473,0.04397436506014724,0.06701588593153357,16.775,29.849436654617076,15.0296558619648,1.2549210046805934,6138310000.0,-0.11860250632422019
2017-06-18,1.5896962259053815,9.35744240985775,65.22885888824345,72.47422680412369,-0.11860250632422019,0.10056643369315192,0.03490155175901473,0.04397436506014724,17.21785714285714,32.80858290671277,15.82669027576832,1.348140932917694,5900050000.0,0.027172947928219223
2017-06-25,1.6563522734097873,9.586719822231764,66.88711954892773,78.02083333333334,0.027172947928219223,-0.11860250632422019,0.10056643369315192,0.03490155175901473,17.74642857142857,35.228267286313475,16.544021248191488,1.3375594377092874,5947070000.0,-0.013979499772938983
2017-07-02,1.6665659599342106,9.510367147044297,65.15422905603215,73.03370786516857,-0.013979499772938983,0.027172947928219223,-0.11860250632422019,0.10056643369315192,18.214285714285715,36.954484925468854,17.18961912337234,1.3263051921586242,5821400000.0,0.06256448663426126
2017-07-09,1.7616727974113644,9.86927629717785,69.1072048616156,87.79931584948687,0.06256448663426126,-0.013979499772938983,0.027172947928219223,-0.11860250632422019,18.748571428571427,38.946425166333185,17.770657211035104,1.3387119641472938,5915160000.0,0.04546237407675741
2017-07-16,1.8974781795098572,10.409778895291588,71.7536875179446,99.42129629629629,0.04546237407675741,0.06256448663426126,-0.013979499772938983,0.027172947928219223,19.357857142857142,41.020694894377996,18.293591489931593,1.345232538136773,6013070000.0,0.12092503219893797
2017-07-23,2.2175823600199607,11.798066219270446,77.70297868380595,91.26602564102564,0.12092503219893797,0.04546237407675741,0.06256448663426126,-0.013979499772938983,20.172142857142855,43.66490794451697,18.764232340938435,1.5412873568412893,6213320000.0,-0.027398974188114388
2017-07-30,2.387264183952148,12.388173136855537,73.73440582939686,85.07089241034195,-0.027398974188114388,0.12092503219893797,0.04546237407675741,0.06256448663426126,20.907857142857146,46.12024863393173,19.751324460025824,1.57405254563834,6015720000.0,-0.059261464036727426
2017-08-06,2.377330978383892,12.127801440376158,66.1928271528777,71.3020372010629,-0.059261464036727426,-0.027398974188114388,0.12092503219893797,0.04546237407675741,21.44857142857143,48.11991207316704,20.619965524822724,1.5773345066641729,5849360000.0,0.032314327789747826
2017-08-13,2.4046786836693492,12.043061310311108,68.08392023862174,75.61942517343907,0.032314327789747826,-0.059261464036727426,-0.027398974188114388,0.12092503219893797,21.905714285714286,48.33659613549174,21.384369661843998,1.6346677561881608,6000500000.0,-0.06006424074265002
2017-08-20,2.284627128737224,11.310378818149095,61.31250802650726,58.96624472573841,-0.06006424074265002,0.032314327789747826,-0.059261464036727426,-0.027398974188114388,22.27785714285714,48.53780276479324,22.05704530242272,1.6271914878890066,5893250000.0,-0.004338401598598242
2017-08-27,2.1565567979073563,10.567813876645484,60.85668981774715,51.16279069767443,-0.004338401598598242,-0.06006424074265002,0.032314327789747826,-0.059261464036727426,22.554285714285715,48.32701022816711,26.99,1.546677810182649,5849370000.0,0.003472225710749057
2017-09-03,2.038022415657089,9.890983406166425,61.105806054352634,49.417852522639045,0.003472225710749057,-0.004338401598598242,-0.06006424074265002,0.032314327789747826,22.775,48.449699278206644,26.902199999999997,1.5076293951696027,5916760000.0,-0.04338883311619154
2017-09-10,1.8437516328039507,8.900303958973533,56.37282208225006,32.82967032967035,-0.04338883311619154,0.003472225710749057,-0.004338401598598242,-0.06006424074265002,22.875,47.60676255148842,26.816155999999996,1.5070844383717739,5812550000.0,-0.002265006630852125
2017-09-17,1.6665451603941825,8.006675092271516,56.133927337258505,32.14285714285715,-0.002265006630852125,-0.04338883311619154,0.003472225710749057,-0.004338401598598242,22.814999999999998,46.82403559096436,26.623509759999997,1.4315784070595043,5759230000.0,0.0594234204708006
2017-09-24,1.6164085206384478,7.69499598634536,60.94618361364941,50.686813186813175,0.0594234204708006,-0.002265006630852125,-0.04338883311619154,0.003472225710749057,23.034285714285716,46.67013445534222,26.438569369599996,1.4607513779838255,5812640000.0,0.06653972252587213
2017-10-01,1.6871401160362218,7.919892074744703,65.7691522692185,72.80219780219784,0.06653972252587213,0.0594234204708006,-0.002265006630852125,-0.04338883311619154,23.32857142857143,46.95614522680814,26.261026594815995,1.4778405652706952,5910850000.0,0.019402707274852667
2017-10-08,1.7624182592562896,8.154252809533116,67.10080539548412,76.68231611893586,0.019402707274852667,0.06653972252587213,0.0594234204708006,-0.002265006630852125,23.678571428571427,47.34874656510926,26.090585531023354,1.4079948106085027,5986300000.0,0.019033396489018275
2017-10-15,1.8404006420155277,8.389224946390394,68.42368285652721,81.71846435100548,0.019033396489018275,0.019402707274852667,0.06653972252587213,0.0594234204708006,23.96857142857143,48.0274217688908,22.0,1.3824237527078955,6072640000.0,-0.010831827375600702
2017-10-22,1.8581885414193167,8.363774934360293,66.77144800045863,71.76015473887814,-0.010831827375600702,0.019033396489018275,0.019402707274852667,0.06653972252587213,24.165714285714284,47.9134757113682,22.091,1.45296491322876,5988850000.0,0.008134850206275815
2017-10-29,1.8677011287992755,8.304070779230724,67.40712134452201,75.82205029013541,0.008134850206275815,-0.010831827375600702,0.019033396489018275,0.019402707274852667,24.167142857142856,47.80766865795436,22.29416,1.4184674194267057,6057370000.0,-0.03613904661587324
2017-11-05,1.7804793539112147,7.851402179647511,61.82687825055708,58.02707930367503,-0.03613904661587324,0.008134850206275815,-0.010831827375600702,0.019033396489018275,24.15285714285714,47.67728990156944,22.4891936,1.3828626037533698,6001030000.0,-0.03583445300921607
2017-11-12,1.6216534122876745,7.117482227006297,56.968805857202696,41.00580270793038,-0.03583445300921607,-0.03613904661587324,0.008134850206275815,-0.010831827375600702,24.179285714285715,46.464968942918574,22.676425856,1.3598009891995575,5870260000.0,0.03543437298787629
2017-11-19,1.5481384618727922,6.746439537933415,60.29080142998319,57.83365570599608,0.03543437298787629,-0.03583445300921607,-0.03613904661587324,0.008134850206275815,24.212142857142858,45.593834204586805,22.85616882176,1.384815204256732,6031940000.0,-0.002403847311394443
2017-11-26,1.4681123501588758,6.3570219025472285,59.94708491360633,56.67311411992261,-0.002403847311394443,0.03543437298787629,-0.03583445300921607,-0.03613904661587324,24.342857142857145,44.98508824103688,23.0287220688896,1.3708998325241084,5877180000.0,0.07642606720334795
2017-12-03,1.5466319224609784,6.616045913121636,66.69484233866655,84.6551724137931,0.07642606720334795,-0.002403847311394443,0.03543437298787629,-0.03583445300921607,24.622142857142855,45.201543719373106,23.194373186134015,1.4836927016295292,6170340000.0,-0.04600697283764032
2017-12-10,1.4940004543505374,6.344204674602786,60.03816363526476,63.79310344827584,-0.04600697283764032,0.07642606720334795,-0.002403847311394443,0.03543437298787629,24.809285714285714,45.145621050353284,23.470710794965974,1.5477146515131341,5925150000.0,-0.007812539736793625
2017-12-17,1.4197849114793861,5.992278767704344,58.990132878023545,60.34482758620689,-0.007812539736793625,-0.04600697283764032,0.07642606720334795,-0.002403847311394443,25.052142857142854,45.09369285769203,23.730468147268017,1.4743064621193387,5806420000.0,0.005475179888088941
2017-12-24,1.3566270370193187,5.691086229608175,59.522780537544925,62.6943005181347,0.005475179888088941,-0.007812539736793625,-0.04600697283764032,0.07642606720334795,25.30857142857143,45.04547382164942,23.974640058431934,1.3868560005393857,5847910000.0,0.0844730567748505
2017-12-31,1.4719691349549393,6.097973809432634,66.97883594422939,82.26691042047528,0.0844730567748505,0.005475179888088941,-0.007812539736793625,-0.04600697283764032,25.63,46.103981852039894,24.20416165492602,1.5185091433580011,5944700000.0,0.11371263616601075
2018-01-07,1.8135964865004581,7.352567361887787,74.49958670149,72.28682170542639,0.11371263616601075,0.0844730567748505,0.005475179888088941,-0.007812539736793625,26.076428571428572,48.03692166533738,24.577428722531938,1.8543299188324294,6246210000.0,0.054168236473149674
2018-01-14,2.199388895984832,8.698914336868869,77.37354221400169,88.46153846153844,0.054168236473149674,0.11371263616601075,0.0844730567748505,0.005475179888088941,26.612142857142857,49.842161829865276,25.531685850278745,2.0361634960586845,6374240000.0,-0.06252035698133393
2018-01-21,2.3170394857975474,9.013286491857855,67.90084929080228,69.23076923076921,-0.06252035698133393,0.054168236473149674,0.11371263616601075,0.0844730567748505,26.97,51.51845626835546,26.571883548245296,2.1050089606259212,6223960000.0,0.03018497633839745
2018-01-28,2.4585943412257727,9.394927001085852,69.79263571817381,78.36538461538458,0.03018497633839745,-0.06252035698133393,0.054168236473149674,0.11371263616601075,27.415714285714284,53.07501538981063,27.48725752245586,2.0475083205812123,6350590000.0,-0.033415996919844065
2018-02-04,2.4577202895957413,9.267492424597792,65.2176072416045,68.26923076923073,-0.033415996919844065,0.03018497633839745,-0.06252035698133393,0.054168236473149674,27.771428571428572,54.597622740212934,28.292786619761156,2.0619720119682685,6272730000.0,0.0349797188960269
2018-02-11,2.5167765706309524,9.347103020425845,67.61282672721165,78.84615384615383,0.0349797188960269,-0.033415996919844065,0.03018497633839745,-0.06252035698133393,28.271428571428572,54.24004580607338,34.2,2.189688296827678,6379060000.0,-0.0031298930089277044
2018-02-18,2.526387314226845,9.25613152401536,67.16004505576362,77.88461538461534,-0.0031298930089277044,0.0349797188960269,-0.033415996919844065,0.03018497633839745,28.827142857142857,53.90801008151522,34.086000000000006,2.1439962756257005,6293680000.0,-0.011032420803576613
2018-02-25,2.4772061325515224,8.972313444290377,65.50657116877429,72.39583333333331,-0.011032420803576613,-0.0031298930089277044,0.0349797188960269,-0.033415996919844065,29.295714285714286,53.599691194425496,33.97428000000001,2.058710827366722,6159420000.0,-0.020817405083522467
2018-03-04,2.3585917465375132,8.467940651939028,62.43241118253857,65.62499999999997,-0.020817405083522467,-0.011032420803576613,-0.0031298930089277044,0.0349797188960269,29.722142857142853,52.19545204521619,33.86479440000001,2.025945768269099,6021900000.0,-0.1129404111805954
2018-03-11,1.9755338458537395,7.097445010511319,49.68429539014058,31.249999999999996,-0.1129404111805954,-0.020817405083522467,-0.011032420803576613,-0.0031298930089277044,29.771428571428572,49.219171703425936,33.757498512000005,2.1883782133927348,5681960000.0,0.09002615165771961
2018-03-18,1.8603114581857874,6.641677236381857,57.114349622716894,55.20716685330345,0.09002615165771961,-0.1129404111805954,-0.020817405083522467,-0.011032420803576613,30.092857142857145,45.98002105935349,33.511198571520005,2.274922626721825,5956600000.0,-0.03025440835780226
2018-03-25,1.6770425053612001,5.967009200204954,54.13435658730866,43.99999999999999,-0.03025440835780226,0.09002615165771961,-0.1129404111805954,-0.020817405083522467,30.364285714285717,43.581011469354905,33.10852665722881,2.2838567248131234,5779730000.0,-0.07070081383210759
2018-04-01,1.3547999639133153,4.830704763765057,48.12518512517952,19.109026963657662,-0.07070081383210759,-0.03025440835780226,0.09002615165771961,-0.1129404111805954,30.482857142857142,40.77875933091741,32.73001505779508,2.3992955301836147,5582340000.0,-0.044951387862266275
2018-04-08,0.9911649247286398,3.552374242328072,44.904367500774285,5.263157894736873,-0.044951387862266275,-0.07070081383210759,-0.03025440835780226,0.09002615165771961,30.354285714285712,38.7052906166072,32.374214154327376,2.345774420884785,5372890000.0,0.0339015516756812
2018-04-15,0.7667652225215171,2.7547096482531055,47.72985489079734,15.789473684210535,0.0339015516756812,-0.044951387862266275,-0.07070081383210759,-0.03025440835780226,30.05,36.77992681046201,31.836277021981186,2.2496476765358717,5559240000.0,0.014706147389695487
2018-04-22,0.6141242567179681,2.2088812700162697,48.982132645307736,23.809523809523807,0.014706147389695487,0.0339015516756812,-0.044951387862266275,-0.07070081383210759,29.650000000000002,34.46831366477731,31.34137486022269,2.1603871282118807,5716810000.0,0.00364299127850123
2018-04-29,0.49551239739361463,1.783695877260656,49.30909795071834,26.42857142857145,0.00364299127850123,0.014706147389695487,0.0339015516756812,-0.044951387862266275,29.400000000000002,32.321815743784384,30.886064871404873,2.041788047625318,5799960000.0,0.04965559044586076
2018-05-06,0.5086169247333032,1.8254172426643351,53.775560944516684,46.42857142857143,0.04965559044586076,0.00364299127850123,0.014706147389695487,0.0339015516756812,29.182142857142857,30.38466687335034,30.467179681692482,2.013803187080652,5958450000.0,-0.03163708494318247
2018-05-13,0.4412929284925049,1.583216178517546,50.6838259043663,35.07462686567165,-0.03163708494318247,0.04965559044586076,0.00364299127850123,0.014706147389695487,28.974999999999998,28.58588577937587,30.081805307157083,1.9628172451463197,5729180000.0,-0.04941535956335043
2018-05-20,0.27582492085663546,0.9927978044125294,46.37664975605837,15.03759398496241,-0.04941535956335043,-0.03163708494318247,0.04965559044586076,0.00364299127850123,28.592857142857145,26.89782247434773,29.727260882584517,1.940473156207297,5629960000.0,-0.04411069844747308
2018-05-27,0.051303548254669096,0.18579149684155913,43.02260609121878,2.919708029197071,-0.04411069844747308,-0.04941535956335043,-0.03163708494318247,0.04965559044586076,28.13571428571429,25.92097587555138,29.401080011977754,1.89829650219249,5402420000.0,0.05900855312811007
2018-06-03,-0.0015414422255553006,-0.005590654702919345,48.43560351530845,26.515151515151523,0.05900855312811007,-0.04411069844747308,-0.04941535956335043,-0.03163708494318247,27.814285714285713,24.147940967728807,28.990972010779977,1.9662753234644548,5571520000.0,-0.024322995140220134
2018-06-10,-0.09477849810350492,-0.3448375734522786,46.442995801558716,16.66666666666664,-0.024322995140220134,0.05900855312811007,-0.04411069844747308,-0.04941535956335043,27.492857142857144,22.50155141046499,28.62187480970198,1.9079699432169936,5550370000.0,-0.019121041446778397
2018-06-17,-0.20663341654801215,-0.7550303767031227,44.91238579359225,9.83606557377046,-0.019121041446778397,-0.024322995140220134,0.05900855312811007,-0.04411069844747308,27.37142857142857,21.38944681107243,28.28968732873178,1.8538292329872081,5457240000.0,-0.03536714383729125
2018-06-24,-0.3637091114370321,-1.3375499896325083,42.215436418254434,7.246376811594204,-0.03536714383729125,-0.019121041446778397,-0.024322995140220134,0.05900855312811007,27.0,20.807381574960228,27.990718595858603,1.8285557163452648,5312610000.0,-0.028399474521698
2018-07-01,-0.5384697372169001,-1.995962240253787,40.19378715960737,4.477611940298519,-0.028399474521698,-0.03536714383729125,-0.019121041446778397,-0.024322995140220134,26.642857142857142,20.522037908115326,27.571832364355572,1.8050874508920316,5224800000.0,-0.012422519998557209
2018-07-08,-0.6931856720903902,-2.590635222620332,39.324612849925515,0.9900990099010041,-0.012422519998557209,-0.028399474521698,-0.03536714383729125,-0.019121041446778397,26.407142857142855,20.283305554555252,27.071775833345793,1.7511526329711722,5084860000.0,-0.04255961441879589
2018-07-15,-0.8862743883349751,-3.347079020453451,36.49186789020735,1.6393442622951049,-0.04255961441879589,-0.012422519998557209,-0.028399474521698,-0.03536714383729125,26.185714285714287,20.59859378963448,26.572291700010467,1.7046417306160886,4946240000.0,0.029980832211935857
2018-07-22,-0.9716142727051178,-3.698121374621408,39.76293565704166,13.114754098360665,0.029980832211935857,-0.04255961441879589,-0.012422519998557209,-0.028399474521698,25.95,20.891361436493764,25.911279194008582,1.6400244641435109,5082220000.0,0.006309169193264756
2018-07-29,-1.0154376661836615,-3.891506609552383,40.47050708492836,15.573770491803321,0.006309169193264756,0.029980832211935857,-0.04255961441879589,-0.012422519998557209,25.696428571428573,20.988128712707756,25.369248939087036,1.594308430990403,5205000000.0,-0.010537505302785799
2018-08-05,-1.0581433144510832,-4.084080642338792,39.63487065034651,11.475409836065618,-0.010537505302785799,0.006309169193264756,0.029980832211935857,-0.04255961441879589,25.41785714285714,20.852878072186734,24.92478413005137,1.5304292573482312,5147430000.0,-0.03229559469135071
2018-08-12,-1.1393726022452064,-4.436397764246674,37.15621537187856,1.6260162601626251,-0.03229559469135071,-0.010537505302785799,0.006309169193264756,0.029980832211935857,24.985714285714288,21.198807502038424,24.560322986642124,1.4818271675376433,5073670000.0,-0.04018397781903342
2018-08-19,-1.2618243507762692,-4.966656997743455,34.3778856915025,4.5801526717557355,-0.04018397781903342,-0.03229559469135071,-0.010537505302785799,0.006309169193264756,24.553571428571427,22.092146948495344,24.1982583893137,1.4616966555706692,4997680000.0,-0.044244701797757316
2018-08-26,-1.41916604149689,-5.658659386778072,31.684692072086023,7.692307692307709,-0.044244701797757316,-0.04018397781903342,-0.03229559469135071,-0.010537505302785799,24.15,23.473547873694354,23.68860671145096,1.49657546588705,4918250000.0,-0.004773278752657771
2018-09-02,-1.5342438215031073,-6.193972391828263,31.405785242876277,6.41025641025641,-0.004773278752657771,-0.044244701797757316,-0.04018397781903342,-0.03229559469135071,23.821428571428573,24.756277304236296,23.030885369160767,1.4753915040379748,4872600000.0,-0.04152000521818706
2018-09-09,-1.674726483086289,-6.8579209762111875,29.063892278499296,5.696202531645562,-0.04152000521818706,-0.004773278752657771,-0.044244701797757316,-0.04018397781903342,23.321428571428573,26.39208291566413,22.504708295328612,1.4628635394638336,4759650000.0,0.0367238329546941
2018-09-16,-1.7058769845194242,-7.063043625033115,33.75764463603849,17.39130434782608,0.0367238329546941,-0.04152000521818706,-0.004773278752657771,-0.044244701797757316,22.92142857142857,27.540379269814284,21.92376663626289,1.4262304295021313,4913770000.0,0.03309994842634471
2018-09-23,-1.6550019986391789,-6.908595021835744,37.888556241405084,29.687499999999986,0.03309994842634471,0.0367238329546941,-0.04152000521818706,-0.004773278752657771,22.607142857142858,27.750028002335934,19.6,1.435071113109122,4997990000.0,0.0023228814161397287
2018-09-30,-1.5922936535918133,-6.696641454972024,38.18508040672738,33.050847457627114,0.0023228814161397287,0.03309994842634471,0.0367238329546941,-0.04152000521818706,22.360714285714288,27.340513562127946,19.645000000000003,1.4075660336013276,5037010000.0,0.02971647232847687
2018-10-07,-1.4731655353513808,-6.226227435349648,42.057761813809144,48.14814814814812,0.02971647232847687,0.0023228814161397287,0.03309994842634471,0.0367238329546941,22.210714285714285,26.960250153363383,19.759200000000003,1.3534541740583756,5076090000.0,0.031044621681960108
2018-10-14,-1.307202872509432,-5.537986087589143,45.98259788410746,70.96774193548383,0.031044621681960108,0.02971647232847687,0.0023228814161397287,0.03309994842634471,22.13214285714286,25.954313355355385,19.868832000000005,1.3067788759113488,5230460000.0,0.04691691978775166
2018-10-21,-1.0745289586303066,-4.546613450322069,51.53790150019154,93.61702127659574,0.04691691978775166,0.031044621681960108,0.02971647232847687,0.0023228814161397287,22.20357142857143,24.300713684838037,20.050702080000004,1.313437527631967,5293620000.0,-0.018928009885518796
2018-10-28,-0.9158866732990205,-3.87637223686191,49.30401597830699,80.6122448979592,-0.018928009885518796,0.04691691978775166,0.031044621681960108,0.02971647232847687,22.192857142857143,22.910503796251444,20.390645913600004,1.326763418515398,5196280000.0,0.03545731183672942
2018-11-04,-0.7133505617340639,-3.0118691730328955,53.41174443604727,97.95918367346935,0.03545731183672942,-0.018928009885518796,0.04691691978775166,0.031044621681960108,22.232142857142858,21.619594613992465,20.801581322240004,1.2962803171928694,5513880000.0,-0.01652930195121047
2018-11-11,-0.5784479038215302,-2.439884261359004,51.30499182316729,89.79591836734694,-0.01652930195121047,0.03545731183672942,-0.018928009885518796,0.04691691978775166,22.26071428571429,20.157870301647165,21.171423190016004,1.289403151679093,5456040000.0,0.0
2018-11-18,-0.46616293931659314,-1.9644758046423894,51.30499182316729,89.79591836734694,0.0,-0.01652930195121047,0.03545731183672942,-0.018928009885518796,22.342857142857145,18.800554868755103,21.5042808710144,1.2187314979877293,6104160000.0,-0.03390155167568134
2018-11-25,-0.4366956544273499,-1.8433441485607371,47.004523112455885,73.46938775510202,-0.03390155167568134,0.0,-0.01652930195121047,0.03545731183672942,22.432142857142857,18.20067778999841,21.803852783912962,1.206679248131463,6038180000.0,0.014973541790162581
2018-12-02,-0.3807119337371745,-1.6077360284450641,49.01795152000247,80.6122448979592,0.014973541790162581,-0.03390155167568134,0.0,-0.01652930195121047,22.614285714285717,17.64364907401005,22.073467505521666,1.184773587550644,6082370000.0,-0.02363160453327706
2018-12-09,-0.37638609064672934,-1.5928563326318999,46.056736925721964,69.38775510204081,-0.02363160453327706,0.014973541790162581,-0.03390155167568134,0.0,22.764285714285712,17.214448527550367,22.3161207549695,1.1715754741541693,5930960000.0,-0.013129291441792736
2018-12-16,-0.3926392210955605,-1.6664956790298682,44.47837398982067,58.13953488372092,-0.013129291441792736,-0.02363160453327706,0.014973541790162581,-0.03390155167568134,22.95357142857143,17.408961824337407,24.5,1.1736057974288714,5709560000.0,0.013129291441792802
2018-12-23,-0.3769670102381433,-1.6028032387566764,46.454529558598466,64.28571428571428,0.013129291441792802,-0.013129291441792736,-0.02363160453327706,0.014973541790162581,23.110714285714288,17.467506999080396,24.456,1.1540625261839519,5786600000.0,-0.05818195538273583
2018-12-30,-0.46409599591694217,-1.9846330378298507,39.83756876735418,15.151515151515149,-0.05818195538273583,0.013129291441792802,-0.013129291441792736,-0.02363160453327706,23.125,18.758348970391154,24.41288,1.2323437743136696,5698480000.0,0.006888660995185316
2019-01-06,-0.5151047910109625,-2.213523329199597,40.88389922123892,41.11111111111114,0.006888660995185316,-0.05818195538273583,0.013129291441792802,-0.013129291441792736,23.146428571428572,20.57946944842902,24.284364800000002,1.3586049332912646,5819860000.0,-0.016147986407982103
2019-01-13,-0.5771190345631325,-2.494071127526709,39.1719905290997,33.333333333333336,-0.016147986407982103,0.006888660995185316,-0.05818195538273583,0.013129291441792802,23.09642857142857,22.270509892321325,24.027302912000003,1.3294188666276028,5700650000.0,0.06744128079553248
2019-01-20,-0.4994707178639679,-2.1594723336839294,49.02356502892053,66.66666666666667,0.06744128079553248,-0.016147986407982103,0.006888660995185316,-0.05818195538273583,23.103571428571428,22.921142693031697,23.785664737280005,1.3451746618684883,5840840000.0,-0.0021762794225955173
2019-01-27,-0.43693177209836875,-1.8901692186144317,48.74019576705803,65.55555555555554,-0.0021762794225955173,0.06744128079553248,-0.016147986407982103,0.006888660995185316,23.02857142857143,23.01362786375458,23.558524853043206,1.352662186020739,5717030000.0,0.06126519579260209
2019-02-03,-0.2672852274432884,-1.1515393727753878,56.578702361273834,76.52173913043477,0.06126519579260209,-0.0021762794225955173,0.06744128079553248,-0.016147986407982103,23.089285714285715,21.688229969493957,20.0,1.4703291727335432,6014890000.0,0.014242356715543168
2019-02-10,-0.10340505453753224,-0.4433206733785213,58.238728121012116,69.34306569343065,0.014242356715543168,0.06126519579260209,-0.0021762794225955173,0.06744128079553248,23.11428571428571,21.182669339062198,20.115,1.540305660395433,6246460000.0,0.03960913809504588
2019-02-17,0.10594157727794595,0.4507243943789758,62.63417688295428,83.94160583941604,0.03960913809504588,0.014242356715543168,0.06126519579260209,-0.0021762794225955173,23.23928571428571,20.15753379084782,20.3844,1.5945695417957595,6336300000.0,-0.07246630325282097
2019-02-24,0.12516253864587412,0.5317530686487884,52.02059431604946,57.66423357664232,-0.07246630325282097,0.03960913809504588,0.014242356715543168,0.06126519579260209,23.235714285714284,19.341772256187284,20.643024,1.644957431667491,6212430000.0,0.04090549834060354
2019-03-03,0.2185674224680909,0.9244749030146702,56.43710735079075,72.26277372262771,0.04090549834060354,-0.07246630325282097,0.03960913809504588,0.014242356715543168,23.360714285714288,18.584279402573934,20.89130304,1.6167461865483845,6392570000.0,-0.12583136883921184
2019-03-10,0.053929454836289636,0.2292852957608751,43.667223872297114,29.197080291970796,-0.12583136883921184,0.04090549834060354,-0.07246630325282097,0.03960913809504588,23.25,18.543369823802063,21.1296509184,1.7691214589377857,6189840000.0,0.0022701485345390775
2019-03-17,-0.0716863825371874,-0.30619846078654867,43.89892388196757,29.927007299270077,0.0022701485345390775,-0.12583136883921184,0.04090549834060354,-0.07246630325282097,23.182142857142853,18.505382357799608,21.2,1.6998984975850868,6313830000.0,-0.011402632097811649
2019-03-24,-0.18922943025102867,-0.812410201013632,42.94774981730621,26.277372262773724,-0.011402632097811649,0.0022701485345390775,-0.12583136883921184,0.04090549834060354,23.11785714285714,18.58914852852115,21.2,1.6213343191861522,6215660000.0,-0.06882905790643933
2019-03-31,-0.3948346165766736,-1.711137203190808,37.828171905677884,5.1094890510949105,-0.06882905790643933,-0.011402632097811649,0.0022701485345390775,-0.12583136883921184,22.928571428571427,19.35740953599872,26.85,1.6233818678157128,6075310000.0,0.004901970600206688
2019-04-07,-0.5434445532525913,-2.3751948731343666,38.37377395863777,6.569343065693419,0.004901970600206688,-0.06882905790643933,-0.011402632097811649,0.0022701485345390775,22.839285714285715,20.14808479486795,26.718,1.5752831629717332,6211660000.0,0.021766276481954505
2019-04-14,-0.6177863036026388,-2.717535216974562,40.88772729732173,11.85185185185181,0.021766276481954505,0.004901970600206688,-0.06882905790643933,-0.011402632097811649,22.77142857142857,20.260879517539614,26.45328,1.5520486513308953,6267070000.0,0.021302580703868406
2019-04-21,-0.6330935290495106,-2.7974785124131167,43.37533541749147,18.51851851851852,0.021302580703868406,0.021766276481954505,0.004901970600206688,-0.06882905790643933,22.760714285714283,20.36561747430616,26.1991488,1.4911880333786889,6348390000.0,-0.016529301951210582
2019-04-28,-0.6657918563477772,-2.957752694489705,41.89846419986353,13.333333333333313,-0.016529301951210582,0.021302580703868406,0.021766276481954505,0.004901970600206688,22.61785714285714,20.462874148446524,25.955182848,1.4239603167087826,6285510000.0,-0.048790164169432056
2019-05-05,-0.763594912135904,-3.4204915406127934,37.9252260431931,0.7246376811594304,-0.048790164169432056,-0.016529301951210582,0.021302580703868406,0.021766276481954505,22.407142857142855,21.1883466316593,25.72097553408,1.4079631512295838,6175450000.0,-0.020202707317519355
2019-05-12,-0.8634281334840246,-3.9029691346315265,36.43678637914835,1.3605442176870939,-0.020202707317519355,-0.048790164169432056,-0.016529301951210582,0.021302580703868406,22.064285714285717,22.12060270028535,25.3747170020352,1.350251497570328,6090500000.0,-0.03109058707003112
2019-05-19,-0.9796686558110856,-4.475200476106514,34.2644702780739,4.00000000000001,-0.03109058707003112,-0.020202707317519355,-0.048790164169432056,-0.016529301951210582,21.653571428571432,23.412912873062567,24.904739641872386,1.3288049620295903,5963670000.0,0.052792170511286436
2019-05-26,-0.9774107327817312,-4.493181326220329,40.79044530126152,17.733333333333356,0.052792170511286436,-0.03109058707003112,-0.020202707317519355,-0.048790164169432056,21.245,22.90621127200198,24.28426567768515,1.4088903218846196,6075210000.0,0.012404029045255423
2019-06-02,-0.944560100974897,-4.364058663249262,42.28805424292843,24.307692307692335,0.012404029045255423,0.052792170511286436,-0.03109058707003112,-0.020202707317519355,20.982857142857146,22.435702642445722,23.725839109916635,1.3368267274642895,6150720000.0,-0.017409044498279097
2019-06-09,-0.9359784367276625,-4.349927182030135,40.7346539599406,25.625000000000004,-0.017409044498279097,0.012404029045255423,0.052792170511286436,-0.03109058707003112,20.624285714285715,22.169570397529135,23.22325519892497,1.277053389788269,6011380000.0,0.0
2019-06-16,-0.9185884896766652,-4.2925613533141105,40.7346539599406,32.36842105263158,0.0,-0.017409044498279097,0.012404029045255423,0.052792170511286436,20.476428571428567,21.92244759867802,22.770929679032474,1.20726386194625,6493260000.0,-0.010085814190179357
2019-06-23,-0.9104500583441002,-4.27926070609435,39.76656542150592,30.294117647058837,-0.010085814190179357,0.0,-0.017409044498279097,0.012404029045255423,20.310714285714287,21.806161950466144,22.363836711129228,1.1496021575215176,6063770000.0,-0.0230720308521244
2019-06-30,-0.9295957311365974,-4.3998220411710784,37.60125300674065,18.12500000000006,-0.0230720308521244,-0.010085814190179357,0.0,-0.017409044498279097,20.130714285714287,22.27142128159813,21.997453040016303,1.1246305748414094,5969250000.0,-0.018320323961168124
2019-07-07,-0.9619224465023812,-4.588183474339614,35.9611314232105,7.666666666666681,-0.018320323961168124,-0.0230720308521244,-0.010085814190179357,0.0,20.029285714285717,22.771916818479202,21.667707736014673,1.1014426766384517,5821890000.0,-0.0262257470927836
2019-07-14,-1.0153758850766863,-4.886745832476372,33.742123484568225,2.976190476190519,-0.0262257470927836,-0.018320323961168124,-0.0230720308521244,-0.010085814190179357,19.88571428571429,23.56963944656141,21.370936962413207,1.1220539140214194,5752450000.0,0.0
2019-07-21,-1.0456841245855948,-5.07491379584157,33.742123484568225,4.531722054380726,0.0,-0.0262257470927836,-0.018320323961168124,-0.0230720308521244,19.71,24.34431503035831,21.007224526923622,1.0697643487341753,5826580000.0,-0.01090523348226258
2019-07-28,-1.0734676840346218,-5.254425846871758,32.784494499060884,2.976190476190413,-0.01090523348226258,0.0,-0.0262257470927836,-0.018320323961168124,19.487857142857145,25.17002701965753,20.626813093154315,1.0183526095388769,5732340000.0,-0.11306556203223149
2019-08-04,-1.2385577356367428,-6.154895940728009,25.25772786350265,0.0,-0.11306556203223149,-0.01090523348226258,0.0,-0.0262257470927836,19.15142857142857,26.99757148255568,20.228922998249626,1.0848988517146714,5619210000.0,0.015230266981591564
2019-08-11,-1.3338441551468172,-6.717007810830479,27.554108115763057,10.928961748633872,0.015230266981591564,-0.11306556203223149,-0.01090523348226258,0.0,18.904285714285717,28.853144383210978,19.51991685856469,1.0716917908779091,5691860000.0,0.11414887054216384
2019-08-18,-1.2337540945903598,-6.243661655034479,42.71688664816465,47.358834244080136,0.11414887054216384,0.015230266981591564,-0.11306556203223149,-0.01090523348226258,18.828571428571426,27.72941710581916,15.94,1.1979995201009157,5859190000.0,-0.07851564696807528
2019-08-25,-1.2529569919368377,-6.403738698064049,36.89556128634252,21.85792349726778,-0.07851564696807528,0.11414887054216384,0.015230266981591564,-0.11306556203223149,18.695714285714285,26.68595606252676,15.94,1.2474281258079931,5792510000.0,0.045617943461016414
2019-09-01,-1.1899056210038843,-6.119158229551936,41.77819951723628,44.54342984409803,0.045617943461016414,-0.07851564696807528,0.11414887054216384,0.015230266981591564,18.546428571428574,25.717027950898096,16.0088,1.2790404025359936,5891080000.0,0.05635293655113178
2019-09-08,-1.0439832577828625,-5.378282575693123,47.468586019851855,69.24829157175404,0.05635293655113178,0.045617943461016414,-0.07851564696807528,0.11414887054216384,18.453571428571426,24.664967937703043,16.076224,1.2833946594977081,5977850000.0,-0.018612608568284828
2019-09-15,-0.9456796027489247,-4.886417107962224,45.84466708526564,63.443396226415075,-0.018612608568284828,0.05635293655113178,0.045617943461016414,-0.07851564696807528,18.360714285714288,23.138740664094883,16.142299519999998,1.2560093266764434,5906520000.0,-0.01025096648504914
2019-09-22,-0.8730407892294707,-4.526908632942747,44.94575550491068,59.665871121718425,-0.01025096648504914,-0.018612608568284828,0.05635293655113178,0.045617943461016414,18.254285714285714,22.233461185377084,16.277807539199998,1.2298658033424117,5869100000.0,-0.02748936149779767
2019-09-29,-0.8460668949993639,-4.409834227092564,42.579664348193496,52.770448548812695,-0.02748936149779767,-0.01025096648504914,-0.018612608568284828,0.05635293655113178,18.126428571428573,21.4782068144304,16.407895237631998,1.2091611031036678,5840690000.0,-0.00279095911002234
2019-10-06,-0.8192803180954371,-4.291691106816266,42.339629375223204,51.451187335092364,-0.00279095911002234,-0.02748936149779767,-0.01025096648504914,-0.018612608568284828,18.02714285714286,20.86631549132926,16.532779428126716,1.1442210243105486,5731960000.0,-0.028346569154436178
2019-10-13,-0.8288431958135014,-4.370614174460009,39.916327334865024,38.2585751978892,-0.028346569154436178,-0.00279095911002234,-0.02748936149779767,-0.01025096648504914,17.917142857142856,21.049326814207497,16.652668251001646,1.141062379716938,5664180000.0,-0.026217639142283335
2019-10-20,-0.8627874083183791,-4.585862046582742,37.81839817791086,27.855153203342653,-0.026217639142283335,-0.028346569154436178,-0.00279095911002234,-0.02748936149779767,17.81,21.25849846248972,16.76776152096158,1.0952722097371566,5167430000.0,0.0
2019-10-27,-0.8795495416675756,-4.709706346261709,37.81839817791086,27.855153203342653,0.0,-0.026217639142283335,-0.028346569154436178,-0.00279095911002234,17.702857142857145,21.575721139661518,19.53,1.0634670518987883,5428140000.0,0.008815807903591205
2019-11-03,-0.8706930986600518,-4.69178388731719,39.05666593662884,32.03342618384401,0.008815807903591205,0.0,-0.026217639142283335,-0.028346569154436178,17.620714285714286,21.51953575686749,19.4742,1.041076548191732,5731850000.0,0.09429897665261731
2019-11-10,-0.7190170467463481,-3.8710351689309928,50.91627345113613,71.17794486215543,0.09429897665261731,0.008815807903591205,0.0,-0.026217639142283335,17.798571428571428,20.897464958720008,16.74,1.1695710804637511,6396280000.0,-0.01016867204676424
2019-11-17,-0.6071453018367947,-3.2685365761334304,49.74424400895467,59.27051671732523,-0.01016867204676424,0.09429897665261731,0.008815807903591205,0.0,17.945,20.31982778901163,16.8038,1.117458860430626,6276790000.0,-0.0026932415956436077
2019-11-24,-0.5165660680548179,-2.781300924164982,49.4218389120788,56.42633228840125,-0.0026932415956436077,-0.01016867204676424,0.09429897665261731,0.008815807903591205,17.945,20.231297188358305,16.866324,1.1190689418284383,6149830000.0,0.0
2019-12-01,-0.4397126391025026,-2.36781577037908,49.4218389120788,56.42633228840125,0.0,-0.0026932415956436077,-0.01016867204676424,0.09429897665261731,18.045,20.14909020203736,16.92759752,1.063421160269264,6251020000.0,0.007522872662987415
2019-12-08,-0.3633207772270133,-1.9555969743006274,50.46440559148338,60.815047021943585,0.007522872662987415,0.0,-0.0026932415956436077,-0.01016867204676424,18.097857142857144,19.883592134326594,16.987645569599998,1.011748220250031,6331210000.0,-0.0238364481545113
2019-12-15,-0.33442891077497094,-1.8025174816265892,47.17326761603139,47.02194357366769,-0.0238364481545113,0.007522872662987415,0.0,-0.0026932415956436077,18.044999999999998,19.506356091303036,17.046492658208,0.9744804902321718,6176210000.0,0.0054674821821336156
2019-12-22,-0.30000446941482295,-1.6183543911529363,48.00325048737383,50.15673981191225,0.0054674821821336156,-0.0238364481545113,0.007522872662987415,0.0,18.024285714285714,18.953394667522737,17.10416280504384,0.9298747409298739,6229330000.0,0.044783602626973444
2019-12-29,-0.20260635188861187,-1.0901483991942735,54.47379462940404,76.48902821316615,0.044783602626973444,0.0054674821821336156,-0.0238364481545113,0.007522872662987415,18.077142857142857,19.215986125858215,17.160679548942962,0.9270265451491687,6388800000.0,0.1266648057911639
2020-01-05,0.08262130545401902,0.4389819007622744,67.78522821012938,93.49442379182153,0.1266648057911639,0.044783602626973444,0.0054674821821336156,-0.0238364481545113,18.350714285714286,21.265017295439723,17.2160659579641,1.0708103633527997,6756430000.0,0.02045990896502791
2020-01-12,0.34104615031842656,1.788120146143636,69.45625384043164,99.99999999999999,0.02045990896502791,0.1266648057911639,0.044783602626973444,0.0054674821821336156,18.66,23.212439814634372,17.412223319645538,1.0721810516847425,7008200000.0,-0.015876949522807396
2020-01-19,0.5117089643823505,2.654080939730851,66.56418334960986,83.00970873786407,-0.015876949522807396,0.02045990896502791,0.1266648057911639,0.044783602626973444,18.98,25.326351941691563,17.700689920466804,1.1020252622786897,6862890000.0,-0.05112484901759516
2020-01-26,0.5526361382001568,2.8499346336571816,58.407571355218096,65.37216828478965,-0.05112484901759516,-0.015876949522807396,0.02045990896502791,0.1266648057911639,19.254285714285714,26.39251608028174,18.11823472682946,1.1047377435444976,6664510000.0,-0.05185066563655734
2020-02-02,0.49464305628305283,2.547568128448536,51.82015131391426,47.09784411276948,-0.05185066563655734,-0.05112484901759516,-0.015876949522807396,0.02045990896502791,19.45357142857143,25.483893901364024,18.502375948683103,1.1793993332913193,6356380000.0,-0.007631682932159722
2020-02-09,0.4316041111197073,2.2215101070517176,50.93633793788671,42.71012006861059,-0.007631682932159722,-0.05185066563655734,-0.05112484901759516,-0.015876949522807396,19.631428571428575,24.640173306654713,18.855785872788456,1.1380136666276537,6239330000.0,0.010162689092201837
2020-02-16,0.39325047475389496,2.021390394493447,52.109174869381874,34.9896480331263,0.010162689092201837,-0.007631682932159722,-0.05185066563655734,-0.05112484901759516,19.70285714285714,23.57727680553392,18.88,1.1174412618685354,6500870000.0,-0.07014910806611827
2020-02-23,0.25182525566667735,1.2994542074165647,44.44357502227163,21.12676056338032,-0.07014910806611827,0.010162689092201837,-0.007631682932159722,-0.05185066563655734,19.69214285714286,22.77425612311952,22.92,1.229766886020783,6278490000.0,0.01560429832754932
2020-03-01,0.1612861209896046,0.8343300721861766,46.285210651089514,26.2323943661972,0.01560429832754932,-0.07014910806611827,0.010162689092201837,-0.007631682932159722,19.705714285714286,21.94422281116952,22.8064,1.2947835370192986,6576210000.0,-0.4569551228864178
2020-03-08,-0.45952130499373567,-2.4471533445107387,25.07741297664532,8.670520231213862,-0.4569551228864178,0.01560429832754932,-0.07014910806611827,0.010162689092201837,19.22857142857143,23.99736768159737,22.695072,1.768013284375063,5486210000.0,-0.004224763360308382
2020-03-15,-0.9446607834138021,-5.172919324358945,24.987674824348304,8.257638315441783,-0.004224763360308382,-0.4569551228864178,0.01560429832754932,-0.07014910806611827,18.73785714285714,25.90385934699466,22.21966912,1.8267266212054156,4815920000.0,0.06157053083078171
2020-03-22,-1.2541613914817908,-7.030323756270642,29.0868556482108,15.497553017944535,0.06157053083078171,-0.004224763360308382,-0.4569551228864178,0.01560429832754932,18.332142857142856,27.809937834617187,21.763282355199998,1.8462461482621717,5143610000.0,-0.05734576747047327
2020-03-29,-1.53819564120478,-8.842034207575763,27.572387042549522,9.7879282218597,-0.05734576747047327,0.06157053083078171,-0.004224763360308382,-0.4569551228864178,17.869285714285713,29.579867858838107,21.097085413888,1.8322285662434454,4897650000.0,0.16230811469779516
2020-04-05,-1.5764766557603487,-9.19705054887553,37.95902601013262,26.835236541598682,0.16230811469779516,-0.05734576747047327,0.06157053083078171,-0.004224763360308382,17.495714285714286,29.772039833914995,20.47086028905472,1.8506408115117707,5017750000.0,0.06923179156932081
2020-04-12,-1.508731277924845,-8.88596774120258,42.22802887962554,34.991843393148436,0.06923179156932081,0.16230811469779516,-0.05734576747047327,0.06157053083078171,17.00857142857143,28.76555670481343,19.882208671711435,1.8748807535466443,5240680000.0,-0.06565397022143678
2020-04-19,-1.514244371895039,-9.03586605002299,39.45079838775418,27.24306688417618,-0.06565397022143678,0.06923179156932081,0.16230811469779516,-0.05734576747047327,16.42142857142857,28.117894989714863,19.32887615140875,1.8838178425790268,5100680000.0,0.017699577099400857
2020-04-26,-1.481364381451229,-8.938762669193462,40.558698262822666,32.0249776984835,0.017699577099400857,-0.06565397022143678,0.06923179156932081,0.16230811469779516,15.877142857142857,27.516494825694767,18.808743582324226,1.8171165681090966,5181190000.0,0.07435856731854665
2020-05-03,-1.350972772055636,-8.196745341131981,45.30119751139551,45.226615236258425,0.07435856731854665,0.017699577099400857,-0.06565397022143678,0.06923179156932081,15.489285714285714,26.309445364161096,18.319818967384773,1.8151796703870182,5399110000.0,0.003252035386377316
2020-05-10,-1.229429798631104,-7.495753146128332,45.513994721460406,49.78991596638656,0.003252035386377316,0.07435856731854665,0.017699577099400857,-0.06565397022143678,15.180000000000001,25.188613721308403,17.860229829341687,1.7176668367879455,5474190000.0,0.09235422140012528
2020-05-17,-1.0013328274451485,-6.091626631523177,51.561543184251576,65.78669482576558,0.09235422140012528,0.003252035386377316,0.07435856731854665,0.017699577099400857,14.987857142857143,23.541741225725946,17.428216039581187,1.7156906341602354,5747270000.0,-0.002964722005528126
2020-05-24,-0.8152017779126162,-4.9503240755286715,51.35555125559466,65.95517609391675,-0.002964722005528126,0.09235422140012528,0.003252035386377316,0.07435856731854665,14.777857142857142,22.533937692960283,10.66,1.6717127317202185,5618650000.0,-0.008947271140436822
2020-05-31,-0.6720483712656158,-4.0769453147974755,50.701144166757665,64.35432230522946,-0.008947271140436822,-0.002964722005528126,0.09235422140012528,0.003252035386377316,14.652857142857144,21.41418199030759,10.8056,1.6058761080259172,5492450000.0,-0.006009633471390679
2020-06-07,-0.560209680915225,-3.3968656505794446,50.241505381947796,81.45604395604394,-0.006009633471390679,-0.008947271140436822,-0.002964722005528126,0.09235422140012528,14.5,20.374408837844374,10.948288,1.5268849574526373,5434190000.0,-0.03060214319806123
2020-06-14,-0.5060886593482223,-3.07424980372084,47.903113282410665,74.58791208791207,-0.03060214319806123,-0.006009633471390679,-0.008947271140436822,-0.002964722005528126,14.802142857142856,18.947078706027675,11.08812224,1.4856788890631631,5359380000.0,0.00310270183751088
2020-06-21,-0.4539301534555751,-2.761414757299446,48.16293757713984,75.27472527472526,0.00310270183751088,-0.03060214319806123,-0.006009633471390679,-0.008947271140436822,15.111428571428572,17.621700726483592,11.2251597952,1.4009875398443659,5422370000.0,-0.060005234989572075
2020-06-28,-0.48287798897038847,-2.95399806854817,43.74574497920151,61.02418207681363,-0.060005234989572075,0.00310270183751088,-0.03060214319806123,-0.006009633471390679,15.299999999999999,17.192016692063152,11.359456599296,1.403774144141197,5353590000.0,0.0905140075408319
2020-07-05,-0.3851832391433021,-2.3532232791493706,51.138694728991574,78.26086956521739,0.0905140075408319,-0.060005234989572075,0.00310270183751088,-0.03060214319806123,15.641428571428573,16.367465951503927,11.49106746731008,1.4170759909882542,5422920000.0,-0.05814872303880024
2020-07-12,-0.37923797088398103,-2.3239301577701754,46.81370176249005,55.11022044088174,-0.05814872303880024,0.0905140075408319,-0.060005234989572075,0.00310270183751088,15.766428571428571,15.601811692413216,11.620046117963877,1.4079991344890932,5374740000.0,-0.0160517090105079
2020-07-19,-0.3902012168815592,-2.400579003375124,45.70654031590454,50.10020040080158,-0.0160517090105079,-0.05814872303880024,0.0905140075408319,-0.060005234989572075,15.802142857142858,14.890847023257558,11.7464451956046,1.325284910597015,5281190000.0,0.04986833138977737
2020-07-26,-0.33132397409468695,-2.0384913375140012,49.75079874333922,57.393483709273134,0.04986833138977737,-0.0160517090105079,-0.05814872303880024,0.0905140075408319,15.962142857142856,13.888076395890709,11.87031629169251,1.2906217026972282,5300280000.0,0.036279674080648895
2020-08-02,-0.23355606052554734,-1.4331367667860548,52.636453930956385,70.976253298153,0.036279674080648895,0.04986833138977737,-0.0160517090105079,-0.05814872303880024,16.147142857142857,13.438743852626756,11.991709965858659,1.248434438218855,5363860000.0,-0.011947573421118062
2020-08-09,-0.17025007627023214,-1.0430543758054058,51.57328207519203,59.24764890282131,-0.011947573421118062,0.036279674080648895,0.04986833138977737,-0.0160517090105079,16.239285714285717,13.021506491024514,12.110675766541485,1.1806891212032227,5242010000.0,0.005991629668266541
2020-08-16,-0.11073399087053559,-0.6771393262072135,52.09430719347454,62.38244514106575,0.005991629668266541,-0.011947573421118062,0.036279674080648895,0.04986833138977737,16.335,12.713229570927453,12.227262251210655,1.1177827554029924,5361530000.0,0.0029824060281203107
2020-08-23,-0.058854049422109256,-0.35918238054734986,52.37024212718659,63.94984326018803,0.0029824060281203107,0.005991629668266541,-0.011947573421118062,0.036279674080648895,16.32785714285714,12.426972430837326,12.341517006186443,1.052226844302779,5440090000.0,0.032232500262946405
2020-08-30,0.02633797364343593,0.16004835112883659,55.412591992624876,98.10606060606058,0.032232500262946405,0.0029824060281203107,0.005991629668266541,-0.011947573421118062,16.36357142857143,12.545283870885926,12.453486666062714,1.0342106411382948,5588870000.0,-0.011601058182762055
2020-09-06,0.07682929685839213,0.46543724186080376,54.06032810971533,88.84758364312266,-0.011601058182762055,0.032232500262946405,0.0029824060281203107,0.005991629668266541,16.395714285714284,12.019655345477672,12.56321693274146,1.063909881056988,5444780000.0,-0.029605477776571198
2020-09-13,0.07562643844437744,0.45787677687494904,50.72744081060182,70.26022304832712,-0.029605477776571198,-0.011601058182762055,0.032232500262946405,0.0029824060281203107,16.399285714285714,11.531571714741434,12.67075259408663,1.0343448895529177,5353380000.0,0.03542282984248427
2020-09-20,0.12168543611494087,0.7343569314484842,54.36341676356817,92.56505576208168,0.03542282984248427,-0.029605477776571198,-0.011601058182762055,0.032232500262946405,16.481428571428573,11.228097129819748,12.776137542204898,1.014034540299138,5535300000.0,0.042583782726894635
2020-09-27,0.216213876613363,1.2965961053310064,58.48717216257043,98.4802431610942,0.042583782726894635,0.03542282984248427,-0.029605477776571198,-0.011601058182762055,16.613571428571426,11.608628316603268,12.8794147913608,0.9987463588491996,5874080000.0,0.10241008626226167
2020-10-04,0.44256847954957834,2.6161827481193725,66.8351757260105,70.38690476190474,0.10241008626226167,0.042583782726894635,0.03542282984248427,-0.029605477776571198,16.951428571428572,14.19005595456027,13.085838199706368,1.2081216189314,6461340000.0,0.07443047766598625
2020-10-11,0.7377173168409215,4.275664272449462,71.70022233410984,93.1506849315068,0.07443047766598625,0.10241008626226167,0.042583782726894635,0.03542282984248427,17.29642857142857,16.587095904091772,13.615887907723986,1.2532557890077283,6718490000.0,-0.025473075432781246
2020-10-18,0.9174753253530454,5.234887515979899,67.93688903801343,84.69860896445128,-0.025473075432781246,0.07443047766598625,0.10241008626226167,0.042583782726894635,17.669999999999998,18.254507847006035,14.114134633260546,1.3237375183643192,6548990000.0,0.05076759483662545
2020-10-25,1.1348073795964133,6.354243758707242,71.22050780208221,98.43260188087771,0.05076759483662545,-0.025473075432781246,0.07443047766598625,0.10241008626226167,18.139285714285716,20.11562173706859,14.582486555264914,1.3141848384811536,6738190000.0,0.009041652916949946
2020-11-01,1.3081039191933925,7.194467734046242,71.79135191259452,91.2152269399707,0.009041652916949946,0.05076759483662545,-0.025473075432781246,0.07443047766598625,18.56642857142857,22.13725740045562,15.18548763084372,1.3060287785896425,6914310000.0,0.19706383853115803
2020-11-08,1.8150672602543487,9.63426622274293,81.40415965201596,89.20225624496373,0.19706383853115803,0.009041652916949946,0.05076759483662545,-0.025473075432781246,19.29642857142857,25.443105427218345,15.948938867759349,1.6541695801189538,7439990000.0,-0.058986090588921805
2020-11-15,2.0679295102564765,10.695928831077401,72.84310176307572,76.71232876712331,-0.058986090588921805,0.19706383853115803,0.009041652916949946,0.05076759483662545,19.93,28.51282145206945,17.443066203628227,1.7253003243961713,7176740000.0,-0.04612808931202384
2020-11-22,2.150736919685418,10.91406055134106,67.19660607982058,67.44560838033844,-0.04612808931202384,-0.058986090588921805,0.19706383853115803,0.009041652916949946,20.474285714285713,30.190762566854126,18.75789825919284,1.7763503012250161,6908960000.0,-0.020320002490957494
2020-11-29,2.1520163781304866,10.752260964428622,64.88857460358957,63.497179693795346,-0.020320002490957494,-0.04612808931202384,-0.058986090588921805,0.19706383853115803,20.979999999999997,31.74885074486847,19.9149504680897,1.7166109939946577,6761890000.0,-0.053787969662764314
2020-12-06,2.028779299953481,10.039712405142803,59.293568158733834,53.42465753424659,-0.053787969662764314,-0.020320002490957494,-0.04612808931202384,-0.058986090588921805,21.357142857142858,31.869067965720397,20.933156411918937,1.7439959229950392,6570080000.0,0.08837354931254436
2020-12-13,2.075829688276869,10.10575775934595,64.76419957192482,68.88701517706579,0.08837354931254436,-0.053787969662764314,-0.020320002490957494,-0.04612808931202384,21.89785714285714,32.36095143737584,21.77,1.7901390713525365,6687860000.0,-0.012215135595650012
2020-12-20,2.0651047254159707,9.91520876599823,63.446127402126415,66.21507197290433,-0.012215135595650012,0.08837354931254436,-0.053787969662764314,-0.020320002490957494,22.45285714285714,32.95172328073456,21.77,1.7615577091130692,6488280000.0,0.012215135595650059
2020-12-27,2.057099643682605,9.74225584873646,64.2301100938829,66.93548387096776,0.012215135595650059,-0.012215135595650012,0.08837354931254436,-0.053787969662764314,22.986428571428572,33.50029713528195,22.52,1.692875015604993,6590120000.0,0.03382060950881525
2021-01-03,2.095191392823896,9.770310273621895,66.42717706456665,72.31968810916179,0.03382060950881525,0.012215135595650059,-0.012215135595650012,0.08837354931254436,23.527142857142856,34.25792910601847,23.2256,1.679098228776065,6680120000.0,0.025112387825980898
2021-01-10,2.1530103826887377,9.877339134676086,68.04362710456286,76.1177753544166,0.025112387825980898,0.03382060950881525,0.012215135595650059,-0.012215135595650012,23.975714285714286,35.2297561058153,23.846528,1.6484483552920604,6835420000.0,0.007601708973725765
2021-01-17,2.1897288461704356,9.890757425080702,68.54545995551163,78.29880043620503,0.007601708973725765,0.025112387825980898,0.03382060950881525,0.012215135595650059,24.328571428571426,36.13216689134093,24.39294464,1.5771306156283418,6962100000.0,0.02615993720153332
2021-01-24,2.2493831540701095,9.993992051171329,70.30323569929999,82.49660786974219,0.02615993720153332,0.007601708973725765,0.025112387825980898,0.03382060950881525,24.77,37.2825658836696,24.8737912832,1.556621285940603,7124950000.0,-0.04527366893655551
2021-01-31,2.1747603679052396,9.555437334815545,63.72845313554748,63.274336283185846,-0.04527366893655551,0.02615993720153332,0.007601708973725765,0.025112387825980898,25.047857142857143,37.80478190289575,25.296936329216,1.5661483369448457,6940380000.0,-0.03935966529992958
2021-02-07,2.0117395483412537,8.77771900017012,58.79396333703012,47.36048265460032,-0.03935966529992958,-0.04527366893655551,0.02615993720153332,0.007601708973725765,25.240000000000002,36.03533634055752,28.4,1.6892805985916426,6764080000.0,-0.01211646487112462
2021-02-14,1.8371592532601646,7.972402098353921,57.359078707026725,50.44404973357017,-0.01211646487112462,-0.03935966529992958,-0.04527366893655551,0.02615993720153332,25.065,34.39227974695774,28.286399999999997,1.6714748415493825,6646880000.0,0.030020265166060732
2021-02-21,1.7392725918346912,7.491845426069034,59.98812277573734,63.76554174067497,0.030020265166060732,-0.01211646487112462,-0.03935966529992958,-0.04527366893655551,25.05428571428572,33.55577362003831,28.175071999999997,1.6985123528672836,6928080000.0,-0.00593238836919668
2021-02-28,1.6307941808394126,6.980159232711156,59.201942895549124,61.101243339254026,-0.00593238836919668,0.030020265166060732,-0.01211646487112462,-0.03935966529992958,25.115000000000002,32.77901793075598,28.065970559999997,1.6414757562339062,6731790000.0,-0.16947307672638476
2021-03-07,1.2137151502210095,5.229510374844244,43.22005866796129,3.9246467817896407,-0.16947307672638476,-0.00593238836919668,0.030020265166060732,-0.01211646487112462,24.93,31.099078434464854,27.959051148799997,1.8299417736457697,6594950000.0,0.05218575317057025
2021-03-14,0.9640524891926745,4.1642797605049475,47.63598616123663,37.51568381430367,0.05218575317057025,-0.16947307672638476,-0.00593238836919668,0.030020265166060732,24.915714285714284,30.218719842145983,27.681889102847997,1.927088789813929,6745720000.0,-0.022553955564199032
2021-03-21,0.7175754471996179,3.1118603282574853,45.94809536661297,31.24215809284821,-0.022553955564199032,0.05218575317057025,-0.16947307672638476,-0.00593238836919668,24.716428571428573,29.40124400642132,27.186775756677118,1.8358681619700767,6648070000.0,0.0045516692147191005
2021-03-28,0.5242663636187395,2.281166403090057,46.35748140143216,32.49686323713928,0.0045516692147191005,-0.022553955564199032,0.05218575317057025,-0.16947307672638476,24.545714285714286,28.42233178442162,26.721369211276492,1.7761632932579283,6714750000.0,-0.006835296605857366
2021-04-04,0.3548730204870658,1.5496650090148225,45.79716089121949,30.614805520702653,-0.006835296605857366,0.0045516692147191005,-0.022553955564199032,0.05218575317057025,24.342857142857145,28.074902928065626,26.283887058599902,1.7521516294537907,6617880000.0,-0.02032402520319093
2021-04-11,0.18301358617607022,0.803004790712301,44.11282890044037,25.094102885821837,-0.02032402520319093,-0.006835296605857366,0.0045516692147191005,-0.022553955564199032,24.047857142857143,27.684111481300146,25.87265383508391,1.7048550844928057,6570750000.0,0.03620097472599827
2021-04-18,0.10930019933781665,0.4804659523231606,47.82326645650742,35.00627352572145,0.03620097472599827,-0.02032402520319093,-0.006835296605857366,0.0045516692147191005,23.762857142857143,27.07345165859588,25.486094604978874,1.653794007029034,6661670000.0,-0.0022527605832637497
2021-04-25,0.04631335552621607,0.2039704132550153,47.60783010578515,34.37892095357594,-0.0022527605832637497,0.03620097472599827,-0.02032402520319093,-0.006835296605857366,23.46,26.506410394656204,25.122728928680143,1.5678087208126745,6590370000.0,-0.002257846974086088
2021-05-02,-0.007551702793712423,-0.0333224363013078,47.37798196805602,34.3989769820972,-0.002257846974086088,-0.0022527605832637497,0.03620097472599827,-0.02032402520319093,23.103571428571428,26.330829074372993,24.781165192959335,1.5479652407546263,6451910000.0,0.06561163411508229
2021-05-09,0.06999050738632917,0.3078746649736977,54.478430267927926,57.95297372060859,0.06561163411508229,-0.002257846974086088,-0.0022527605832637497,0.03620097472599827,22.939999999999998,25.12928789314367,24.460095281381776,1.5659677235578673,6554720000.0,-0.030083918922677443
2021-05-16,0.07410488279933958,0.3257749731940194,51.01872326172118,48.271092669432946,-0.030083918922677443,0.06561163411508229,-0.002257846974086088,-0.0022527605832637497,22.797857142857143,24.013571082002155,24.15828956449887,1.5076843147323054,6442690000.0,0.0
2021-05-23,0.07648389621068219,0.3360444068783736,51.01872326172118,48.271092669432946,0.0,-0.030083918922677443,0.06561163411508229,-0.002257846974086088,22.677142857142858,23.070332465539106,23.87459219062894,1.4178497208228549,6526570000.0,0.0
2021-05-30,0.07747618425420555,0.34022708116900585,51.01872326172118,55.13428120063193,0.0,0.0,-0.030083918922677443,0.06561163411508229,22.502857142857142,22.194468035966278,23.6079166591912,1.3272890264783652,6604370000.0,0.006523180339123476
2021-06-06,0.08933651039366453,0.39193019440395777,51.83732489311309,61.904761904761926,0.006523180339123476,0.0,0.0,-0.030083918922677443,22.35,21.20928951327039,23.35724165963973,1.2539112388727678,6709740000.0,0.027785501943862336
2021-06-13,0.14946256066938446,0.6537432263020324,55.32185647078773,95.54565701559014,0.027785501943862336,0.006523180339123476,0.0,0.0,22.524285714285714,19.786861683087288,19.43,1.2107747218104272,6806370000.0,0.0
2021-06-20,0.19486658797179146,0.8499773615573393,55.32185647078773,94.01197604790411,0.0,0.027785501943862336,0.006523180339123476,0.0,22.61714285714286,18.406485064841455,19.5158,1.1564336702525395,6889100000.0,0.008396354952906358
2021-06-27,0.2441732579326903,1.0616360438807957,56.44631821079354,100.0,0.008396354952906358,0.0,0.027785501943862336,0.006523180339123476,22.759999999999998,17.16869997238766,19.689968,1.1059741223773583,6948110000.0,0.03854515700013399
2021-07-04,0.35500699356664,1.5343351233238038,61.367655899110986,98.84526558891453,0.03854515700013399,0.008396354952906358,0.0,0.027785501943862336,22.962857142857143,16.842929024635673,19.94376992,1.1012616850646897,7033410000.0,-0.02031764324086881
2021-07-11,0.39791083779760683,1.713060421838342,57.63698950426365,86.00508905852415,-0.02031764324086881,0.03854515700013399,0.008396354952906358,0.0,23.14071428571429,16.540427430294546,20.341068326400002,1.093314421845783,6963540000.0,0.01628700497469906
2021-07-18,0.4588991962372795,1.9660189980771963,59.745316489144415,95.9239130434783,0.01628700497469906,-0.02031764324086881,0.03854515700013399,0.008396354952906358,23.37857142857143,16.259533092692067,20.706582860288,1.078791963142513,7001610000.0,-0.012190317557369091
2021-07-25,0.4775208537471407,2.0385623463931632,57.43652222721478,87.77173913043481,-0.012190317557369091,0.01628700497469906,-0.02031764324086881,0.03854515700013399,23.538571428571426,15.99870263634691,21.042856231464963,1.0403068229180477,6966640000.0,-0.007798110520516383
2021-08-01,0.47151194320646894,2.0075417526815382,55.96153580441111,82.60869565217389,-0.007798110520516383,-0.012190317557369091,0.01628700497469906,-0.02031764324086881,23.688571428571432,15.756502926883547,21.352227732947767,0.9867134784239013,6931880000.0,0.0016467685895219695
2021-08-08,0.46462163502552656,1.9730839522710493,56.216454616844864,78.10218978102183,0.0016467685895219695,-0.007798110520516383,-0.012190317557369091,0.01628700497469906,23.845000000000002,15.202686400011453,21.636849514311947,0.9405196585364798,6965260000.0,-0.003709050203085745
2021-08-15,0.44674892479799766,1.8931828396766597,55.43886358613109,68.49315068493146,-0.003709050203085745,0.0016467685895219695,-0.007798110520516383,-0.012190317557369091,23.887857142857143,14.554887289069104,21.89870155316699,0.9047682543553025,6933010000.0,0.0037090502030858482
2021-08-22,0.4348344204909864,1.8385823404048602,56.09290786181658,72.60273972602735,0.0037090502030858482,-0.003709050203085745,0.0016467685895219695,-0.007798110520516383,23.987142857142857,14.135743800114252,22.13960542891363,0.8608562361870667,6971670000.0,-0.012000971676194497
2021-08-29,0.3974104137491281,1.6784025820761124,53.37443886003453,58.41121495327101,-0.012000971676194497,0.0037090502030858482,-0.003709050203085745,0.0016467685895219695,24.065714285714282,13.184015928208064,22.36123699460054,0.8343665050308475,6914940000.0,-0.004171887569406382
2021-09-05,0.3555835091650579,1.5006164296160762,52.43083461235671,52.631578947368496,-0.004171887569406382,-0.012000971676194497,0.0037090502030858482,-0.003709050203085745,24.13714285714286,12.765454110054224,22.565138035032497,0.8354831832429296,6866260000.0,-0.008396354952906391
2021-09-12,0.30280649264859605,1.2777928541837722,50.507618300718256,35.326086956521664,-0.008396354952906391,-0.004171887569406382,-0.012000971676194497,0.0037090502030858482,24.18357142857143,12.376789564625657,22.752726992229896,0.8115200987255775,6825450000.0,-0.012728215959953307
2021-09-19,0.23407456811121108,0.9886135090832899,47.682256280895125,34.93449781659393,-0.012728215959953307,-0.008396354952906391,-0.004171887569406382,-0.012000971676194497,24.162142857142857,12.960221133434057,24.91,0.8321258059594647,6772430000.0,-0.002137209618804733
2021-09-26,0.1735686492501678,0.7337717534794845,47.208266801576144,32.75109170305678,-0.002137209618804733,-0.012728215959953307,-0.008396354952906391,-0.004171887569406382,24.137142857142855,13.501979018756142,24.8642,0.80125967696236,6739110000.0,0.04353973585410212
2021-10-03,0.2071486997237102,0.8736659113475665,56.82255004043325,78.16593886462881,0.04353973585410212,-0.002137209618804733,-0.012728215959953307,-0.008396354952906391,24.17214285714286,12.666584465482563,24.819316,0.8183125571793343,6785080000.0,0.008159979998095758
2021-10-10,0.24705160308932506,1.0390389881097297,58.39186662543446,86.89956331877725,0.008159979998095758,0.04353973585410212,-0.002137209618804733,-0.012728215959953307,24.154285714285717,12.141635216865605,22.62,0.7884330888093817,6823200000.0,0.01211646487112449
2021-10-17,0.2994307826140705,1.2549033642665364,60.69930317823508,97.86324786324784,0.01211646487112449,0.008159979998095758,0.04353973585410212,-0.002137209618804733,24.193571428571428,11.840043924346956,22.663800000000002,0.7571164396087117,6857440000.0,0.009986102558150701
2021-10-24,0.35699930466207164,1.4901610068142788,62.56251257746722,100.0,0.009986102558150701,0.01211646487112449,0.008159979998095758,0.04353973585410212,24.22214285714286,11.80968561194965,22.755648,0.7458938367795181,6892930000.0,-0.02617423429221854
2021-10-31,0.3461826275810225,1.442544704002892,55.23086930431313,72.972972972973,-0.02617423429221854,0.009986102558150701,0.01211646487112449,0.008159979998095758,24.225714285714286,11.544736295923444,22.89990912,0.7497585627238383,6836590000.0,-0.024366268457590226
2021-11-07,0.28669739479579803,1.1949573376633926,49.55423100323371,50.19305019305022,-0.024366268457590226,-0.02617423429221854,0.009986102558150701,0.01211646487112449,24.200714285714287,10.94000516671286,23.0847163904,0.7419186653864214,6752580000.0,-0.004189365155276994
2021-11-14,0.2288477406786491,0.9543470438737855,48.641693539527516,46.33204633204631,-0.004189365155276994,-0.024366268457590226,-0.02617423429221854,0.009986102558150701,24.165714285714284,10.434364047531114,23.254739079168,0.7632101892873911,6710060000.0,0.018715455811356002
2021-11-21,0.21681342203212495,0.9033505884398668,52.84947959273521,63.70656370656366,0.018715455811356002,-0.004189365155276994,-0.024366268457590226,-0.02617423429221854,24.169285714285714,9.964840151148064,23.41115995283456,0.7508380329097203,6809030000.0,-0.03565066156893868
2021-11-28,0.13710774876738796,0.5722840623648845,45.2997729609619,30.88803088803092,-0.03565066156893868,0.018715455811356002,-0.004189365155276994,-0.024366268457590226,24.10571428571429,9.585031236885996,25.21,0.7579210305590258,6716020000.0,0.08155243916250131
2021-12-05,0.23184424123783742,0.9633866335266126,59.784287950738815,99.99999999999999,0.08155243916250131,-0.03565066156893868,0.018715455811356002,-0.004189365155276994,24.205000000000002,10.22409976671251,23.42,0.8530695283762383,6781660000.0,-0.027934777331553955
2021-12-12,0.2475854334441685,1.0267595750948997,54.334037565519935,74.910394265233,-0.027934777331553955,0.08155243916250131,-0.03565066156893868,0.018715455811356002,24.261428571428574,10.817520544408556,23.42,0.8492788477779356,6733690000.0,-0.016320231672486762
2021-12-19,0.22518795801101632,0.9333111821567788,51.44773228063443,60.5734767025089,-0.016320231672486762,-0.027934777331553955,0.08155243916250131,-0.03565066156893868,24.303571428571427,10.345741135349849,23.32,0.8557589300795115,6707440000.0,0.03038516113989032
2021-12-26,0.26490289369147035,1.0947802194600078,56.151158785216694,69.5340501792114,0.03038516113989032,-0.016320231672486762,-0.027934777331553955,0.08155243916250131,24.42071428571429,11.038355599880644,23.3618,0.9089190065024038,6794930000.0,0.00992662508911053
2022-01-02,0.3129427675870815,1.288925458290894,57.624761546595686,76.83397683397678,0.00992662508911053,0.03038516113989032,-0.016320231672486762,-0.027934777331553955,24.559285714285718,11.681497602659238,23.463728,0.8761390774665178,6839250000.0,0.0039432227750400076
2022-01-09,0.35499175405701067,1.4570874834192815,58.229457546607044,80.6949806949807,0.0039432227750400076,0.00992662508911053,0.03038516113989032,-0.016320231672486762,24.630714285714284,12.381082390226302,23.56157888,0.8314148576474808,6881340000.0,0.01173722394572542
2022-01-16,0.4078222505327993,1.6671067892536278,60.07034175379079,92.27799227799231,0.01173722394572542,0.0039432227750400076,0.00992662508911053,0.03038516113989032,24.709285714285716,13.385692212065319,23.6555157248,0.8113137963869466,6930580000.0,-0.0019466620903077659
2022-01-23,0.4405775141473569,1.7944997239372273,59.59890001061011,90.34749034749035,-0.0019466620903077659,0.01173722394572542,0.0039432227750400076,0.00992662508911053,24.762857142857143,14.23144770554802,23.745695095808,0.7855056680735932,6861560000.0,0.023113509687159875
2022-01-30,0.5090828914619294,2.062893152142532,63.31915876839229,72.05882352941182,0.023113509687159875,-0.0019466620903077659,0.01173722394572542,0.0039432227750400076,24.84142857142857,16.404464479751105,23.83226729197568,0.8536838346397649,6940960000.0,0.020728083373217767
2022-02-06,0.6008283250677984,2.4191810909142473,66.37569402414945,85.5392156862745,0.020728083373217767,0.023113509687159875,-0.0019466620903077659,0.01173722394572542,25.005714285714284,18.422265770082543,24.046331254457137,0.866992132165496,7019350000.0,-0.0037369251259983336
2022-02-13,0.6578843961257519,2.634189232190206,65.31009833730356,83.0882352941177,-0.0037369251259983336,0.020728083373217767,0.023113509687159875,-0.0019466620903077659,25.205000000000002,20.29593839681888,24.24755137918971,0.8479212655822463,6953730000.0,0.005600163973221865
2022-02-20,0.7070549999902376,2.815328474382573,66.18698451560917,86.76470588235296,0.005600163973221865,-0.0037369251259983336,0.020728083373217767,0.023113509687159875,25.422142857142855,22.03577726450262,24.436698296438326,0.8052126037549431,7073460000.0,-0.018790481460785026
2022-02-27,0.6976353306534087,2.7676542354289775,60.68075209142951,74.50980392156863,-0.018790481460785026,0.005600163973221865,-0.0037369251259983336,0.020728083373217767,25.571428571428573,22.771730821134405,24.614496398652026,0.8084117034867326,6992210000.0,0.020650255104508002
2022-03-06,0.7261796315359135,2.8665470302677782,64.20806872114827,87.99019607843141,0.020650255104508002,-0.018790481460785026,0.005600163973221865,-0.0037369251259983336,25.820714285714285,21.371623669795834,27.4,0.9256680103805374,7083990000.0,-0.01309164013058138
2022-03-13,0.7123476207568373,2.8018927100418183,60.48923004927153,75.86206896551722,-0.01309164013058138,0.020650255104508002,-0.018790481460785026,0.005600163973221865,25.902857142857147,19.955091043485254,27.341199999999997,0.9095488667819278,7018240000.0,0.009368627639634886
2022-03-20,0.71333567361361,2.7944926678156383,62.17446128803741,83.04597701149424,0.009368627639634886,-0.01309164013058138,0.020650255104508002,-0.018790481460785026,26.052857142857142,18.639739319054005,27.283575999999996,0.8802953762975044,7121570000.0,-0.18329181473475767
2022-03-27,0.3478039694573667,1.3753191139843657,34.068869064756996,1.930501930501958,-0.18329181473475767,0.009368627639634886,-0.01309164013058138,0.020650255104508002,25.910714285714285,20.472825088569294,27.227104479999998,1.1452742779905398,7041210000.0,0.026526754333428604
2022-04-03,0.10531840102204626,0.4193698976418098,38.09594136137852,18.248175182481763,0.026526754333428604,-0.18329181473475767,0.009368627639634886,-0.01309164013058138,25.757857142857144,22.303889295637102,27.026820300799997,1.1348975438483584,7111350000.0,0.08325943742755014
2022-04-10,0.07288305935880146,0.29038911405463913,49.18254081954234,54.56204379562044,0.08325943742755014,0.026526754333428604,-0.18329181473475767,0.009368627639634886,25.729285714285712,21.733950799591828,26.720411082751998,1.2245477192877612,7245150000.0,0.011971411925739467
2022-04-17,0.0705718023934736,0.28108776569534305,50.61835310504206,60.03649635036498,0.011971411925739467,0.08325943742755014,0.026526754333428604,-0.18329181473475767,25.715,21.204722196121214,26.432386417786876,1.2435085964814927,7332870000.0,-0.03224785679495981
2022-04-24,0.004139087649772222,0.01651995849526052,46.819399636347484,45.43795620437956,-0.03224785679495981,0.011971411925739467,0.08325943742755014,0.026526754333428604,25.622142857142855,20.30390514435619,26.161643232719666,1.2789722681613862,7257320000.0,-0.002050441563172473
2022-05-01,-0.05194510866110136,-0.2077506344723915,46.58407999020693,44.525547445255455,-0.002050441563172473,-0.03224785679495981,0.011971411925739467,0.08325943742755014,25.529285714285717,19.571496925509216,25.907144638756485,1.2654742490070015,7187830000.0,0.0020504415631723964
2022-05-08,-0.0913051472675015,-0.3658114958866259,46.87164984566196,46.28252788104087,0.0020504415631723964,-0.002050441563172473,-0.03224785679495981,0.011971411925739467,25.397142857142857,18.891403579437025,25.667915960431095,1.2457975169350726,7264750000.0,-0.016106067753031247
2022-05-15,-0.1522133809646249,-0.6115439386297209,44.8437171514693,40.46242774566471,-0.016106067753031247,0.0020504415631723964,-0.002050441563172473,-0.03224785679495981,25.197857142857146,18.259888329512847,25.44304100280523,1.1918119800111386,7237790000.0,-0.008361252724683433
2022-05-22,-0.2141532976109204,-0.8631470384808869,43.797215616494206,36.608863198458565,-0.008361252724683433,-0.016106067753031247,0.0020504415631723964,-0.002050441563172473,24.99142857142857,18.073293483544933,25.231658542636918,1.1702539814389143,7176440000.0,-0.019072415376387382
2022-05-29,-0.296138664811167,-1.198746257902774,41.453184533917735,27.938342967244704,-0.019072415376387382,-0.008361252724683433,-0.016106067753031247,0.0020504415631723964,24.74214285714286,18.313684808016195,25.032959030078704,1.1616644113361347,7117470000.0,-0.02600926847511844
2022-06-05,-0.4048606628761924,-1.6484037331253718,38.494877622145204,16.699410609037287,-0.02600926847511844,-0.019072415376387382,-0.008361252724683433,-0.016106067753031247,24.485714285714288,18.64782155458442,24.84618148827398,1.1286883819549824,7068560000.0,-0.06532934759238913
2022-06-12,-0.6002997136351027,-2.4681900288222347,32.50018305241869,2.5728987993138683,-0.06532934759238913,-0.02600926847511844,-0.019072415376387382,-0.008361252724683433,24.087142857142855,19.944597192480614,24.670610598977543,1.161639211815341,6996720000.0,0.011188927917805822
2022-06-19,-0.7274351555272958,-3.0161950535865705,34.335570370705256,6.806282722513099,0.011188927917805822,-0.06532934759238913,-0.02600926847511844,-0.019072415376387382,23.73071428571428,21.14874599909851,24.39136175105934,1.1279506966856738,7049690000.0,0.009229414845391073
2022-06-26,-0.8027984201946587,-3.3528525697945897,35.89975585925765,13.024282560706395,0.009229414845391073,0.011188927917805822,-0.06532934759238913,-0.02600926847511844,23.370714285714286,22.26688417667227,24.13445281097459,1.0688113612081256,7110030000.0,0.006866586833358803
2022-07-03,-0.8407292011141614,-3.5333906643006237,37.10976114408401,16.335540838852136,0.006866586833358803,0.009229414845391073,0.011188927917805822,-0.06532934759238913,23.342142857142854,22.896589822848544,23.898096586096624,1.0317534068361167,7149960000.0,0.009082714574319226
2022-07-10,-0.8449116739016489,-3.56956938959785,38.769422042972614,20.750551876379713,0.009082714574319226,0.006866586833358803,0.009229414845391073,0.011188927917805822,23.285,22.88893178040911,23.680648859208894,1.0044853063478225,7165720000.0,-0.06731512701390571
2022-07-17,-0.9534317118530744,-4.0660880440618925,32.18387784153194,0.0,-0.06731512701390571,0.009082714574319226,0.006866586833358803,0.009229414845391073,22.982857142857142,23.812041277207154,23.480596950472183,1.0498792130372638,7121070000.0,-0.002420722557067953
2022-07-24,-1.0315778189448999,-4.43887756364189,31.980743619284368,26.162790697674417,-0.002420722557067953,-0.06731512701390571,0.009082714574319226,0.006866586833358803,22.655714285714286,25.5884590733533,23.200537255424965,1.1741735549631738,7048250000.0,0.05608065332176441
2022-07-31,-0.986118753914905,-4.262554802806868,41.45220341660998,49.17763157894739,0.05608065332176441,-0.002420722557067953,-0.06731512701390571,0.009082714574319226,22.470714285714283,26.878715330106107,22.676072784773968,1.1824468724658044,7103290000.0,-0.029769640231664382
2022-08-07,-0.9903189878211478,-4.307667737258438,38.35859442482519,38.6513157894737,-0.029769640231664382,0.05608065332176441,-0.002420722557067953,-0.06731512701390571,22.243571428571425,28.07681042566229,22.21454405060109,1.1615578101468185,7067630000.0,0.03205849451541615
2022-08-14,-0.9272813478579955,-4.048072109162088,43.2739417115758,55.47445255474457,0.03205849451541615,-0.029769640231664382,0.05608065332176441,-0.002420722557067953,22.062142857142856,29.122666934531683,18.83,1.1278751094220458,7111850000.0,-0.002288854283751714
2022-08-21,-0.8713141786804997,-3.81716022851617,43.006321096393776,54.562043795620475,-0.002288854283751714,0.03205849451541615,-0.029769640231664382,0.05608065332176441,21.904999999999998,29.617876330564318,18.8908,1.0758840301776138,7055870000.0,-0.018035170919439184
2022-08-28,-0.8486468617616083,-3.734778667059742,40.88253760843875,51.08055009823182,-0.018035170919439184,-0.002288854283751714,0.03205849451541615,-0.029769640231664382,21.73428571428571,30.462283001057383,19.023968,1.0518923137363558,7010480000.0,-0.07006003626507816
2022-09-04,-0.936885894240973,-4.16030510618899,34.13343513069536,25.054466230936846,-0.07006003626507816,-0.018035170919439184,-0.002288854283751714,0.03205849451541615,21.492142857142856,31.875704767669557,19.15180928,1.1117571484694733,6955830000.0,-0.01512888159630009
2022-09-11,-1.0192739009499832,-4.568829618233681,32.922451480395964,21.573604060913734,-0.01512888159630009,-0.07006003626507816,-0.018035170919439184,-0.002288854283751714,21.271428571428572,33.40445850756905,19.2745369088,1.0966316378645107,6884140000.0,0.010111309604320474
2022-09-18,-1.0562528361100334,-4.773085303565102,34.58856797502733,28.07486631016043,0.010111309604320474,-0.01512888159630009,-0.07006003626507816,-0.018035170919439184,21.167857142857144,34.82401555176144,19.392355432448,1.0504436637313315,6956260000.0,0.0025119329962754178
2022-09-25,-1.069199262960673,-4.867422388374253,35.02309013277585,29.411764705882376,0.0025119329962754178,0.010111309604320474,-0.01512888159630009,-0.07006003626507816,21.05071428571429,35.62665291419598,19.43,1.032554830607665,7047970000.0,-0.022837836010314302
2022-10-02,-1.1030553037928144,-5.064008468945394,32.90452835180197,17.379679144385076,-0.022837836010314302,0.0025119329962754178,0.010111309604320474,-0.01512888159630009,20.887142857142855,36.703559220191565,22.22,1.0302294855642604,7005240000.0,0.022837836010314305
2022-10-09,-1.081112825199277,-4.994734217751465,37.0080471498682,29.411764705882376,0.022837836010314305,-0.022837836010314302,0.0025119329962754178,0.010111309604320474,20.745,37.703543647187466,22.1542,0.9994988080239562,7036270000.0,0.0025056389957042436
2022-10-16,-1.0476124465268555,-4.867699668316374,37.46568693662967,32.95128939828084,0.0025056389957042436,0.022837836010314305,-0.022837836010314302,0.0025119329962754178,20.592142857142857,37.38922793986186,22.089716,0.9888203217365309,7072220000.0,0.0024993764573194243
2022-10-23,-1.0054385037319165,-4.695849277101451,37.951151031841455,35.39823008849565,0.0024993764573194243,0.0025056389957042436,0.022837836010314305,-0.022837836010314302,20.545714285714286,37.422067455273485,22.02652168,0.9681902987553501,7099850000.0,-0.012559823483160834
2022-10-30,-0.980881272154889,-4.607155757100036,36.428384472639245,25.835866261398227,-0.012559823483160834,0.0024993764573194243,0.0025056389957042436,0.022837836010314305,20.485000000000003,37.452561291012856,21.964591246399998,0.9311767059871107,7057520000.0,0.0050428750338617385
2022-11-06,-0.9424859337722644,-4.448644297381518,37.50850927368667,28.87537993920971,0.0050428750338617385,-0.012559823483160834,0.0024993764573194243,0.0025056389957042436,20.34642857142857,37.48087699562798,21.903899421471998,0.8825212269880314,7119510000.0,0.06805346324501578
2022-11-13,-0.789982623828358,-3.7275845286346914,50.25224825084492,71.42857142857149,0.06805346324501578,0.0050428750338617385,-0.012559823483160834,0.0024993764573194243,20.35357142857143,35.1101415529183,21.84442143304256,0.9616268536317436,7168020000.0,0.025059315931481117
2022-11-20,-0.6184203995266806,-2.9116748245877644,54.13721093948397,77.27272727272725,0.025059315931481117,0.06805346324501578,0.0050428750338617385,-0.012559823483160834,20.35,33.08149361692731,18.93,0.9922249355151905,7216000000.0,0.038215484114512956
2022-11-27,-0.409151757700279,-1.9168226472995182,59.498773939432255,96.14395886889464,0.038215484114512956,0.025059315931481117,0.06805346324501578,0.0050428750338617385,20.410714285714285,31.32869237989761,19.0048,1.0142088686926771,7253840000.0,-0.02909133322490381
2022-12-04,-0.2923839983468248,-1.3665812646422888,54.273622573617004,79.4344473007712,-0.02909133322490381,0.038215484114512956,0.025059315931481117,0.06805346324501578,20.452857142857145,29.701091231227174,19.157408,0.9953368066432002,7220270000.0,0.08693568535730359
2022-12-11,-0.038023115681337316,-0.17611683344733756,64.5806378125315,92.88321167883211,0.08693568535730359,-0.02909133322490381,0.038215484114512956,0.025059315931481117,20.74142857142857,29.586508935596108,19.30391168,1.094955606168686,7272770000.0,0.01815231360718885
2022-12-18,0.19679550310992866,0.9026353914191985,66.37627782463485,100.0,0.01815231360718885,0.08693568535730359,-0.02909133322490381,0.038215484114512956,21.08285714285714,29.512933207336136,19.6102769792,1.0553159200137798,7297220000.0,-0.02232420117659531
2022-12-25,0.3354505975690678,1.5276091606082922,62.208055000108196,78.21316614420067,-0.02232420117659531,0.01815231360718885,0.08693568535730359,-0.02909133322490381,21.37142857142857,29.97913196444903,19.998254820864,1.079221925727081,7268100000.0,0.018227513759265165
2023-01-01,0.4753604226003709,2.1473543240728055,64.18177565003884,85.10971786833858,0.018227513759265165,-0.02232420117659531,0.01815231360718885,0.08693568535730359,21.687857142857144,29.807385838174216,20.529429338777597,1.0764203596037178,7288930000.0,0.04416615028756419
2023-01-08,0.667308457338855,2.9812950658609414,68.59726291226706,97.61146496815289,0.04416615028756419,0.018227513759265165,-0.02232420117659531,0.01815231360718885,22.115000000000002,30.338758455519464,21.007486404899836,1.109533191060595,7364040000.0,-0.044166150287564265
2023-01-15,0.722341151708445,3.206186431509189,60.55776207777785,79.77346278317152,-0.044166150287564265,0.04416615028756419,0.018227513759265165,-0.02232420117659531,22.431428571428572,30.832175885911482,21.559788036311858,1.1224236774134095,7296520000.0,0.018304354862013313
2023-01-22,0.7931235629472049,3.4941636710260764,62.49429185379866,87.05501618122976,0.018304354862013313,-0.044166150287564265,0.04416615028756419,0.018227513759265165,22.77642857142857,31.290349214132643,22.045813471954435,1.074393414741023,7331910000.0,0.01201937546578394
2023-01-29,0.8634730468186298,3.774390575073711,63.771342996216816,90.04975124378107,0.01201937546578394,0.018304354862013313,-0.044166150287564265,0.04416615028756419,23.139285714285716,32.23333926351217,22.473515855319903,1.072651027973807,7405980000.0,0.0
2023-02-05,0.9087500151302166,3.9437914187403127,63.771342996216816,90.04975124378107,0.0,0.01201937546578394,0.018304354862013313,-0.044166150287564265,23.52,33.10897288079316,22.926623635575115,1.0174616688328209,7457250000.0,-0.007996843895404579
2023-02-12,0.9179128818685847,3.959784893080156,62.13554695279568,86.39455782312925,-0.007996843895404579,0.0,0.01201937546578394,0.018304354862013313,23.879285714285714,34.14477308217312,23.3162963265946,0.9912144067733335,7409140000.0,0.029664029913401255
2023-02-19,0.9744602802320479,4.170684618976826,65.68975881742038,98.87133182844242,0.029664029913401255,-0.007996843895404579,0.0,0.01201937546578394,24.19214285714286,35.10658755488308,23.651414840871357,0.9811276634323812,7487380000.0,0.03258866111344384
2023-02-26,1.0754651048161605,4.557535435718066,69.21648817767891,92.5788497217069,0.03258866111344384,0.029664029913401255,-0.007996843895404579,0.0,24.527142857142856,36.632667101183024,23.939616763149367,1.0074756874729256,7569030000.0,-0.030641999023136114
2023-03-05,1.078526262483873,4.540399409331567,62.68560481580302,75.95190380761524,-0.030641999023136114,0.03258866111344384,0.029664029913401255,-0.007996843895404579,24.744285714285716,38.04974096560441,24.41487808104547,0.9926559955105738,7512820000.0,-0.047798823737776885
2023-03-12,0.9729072120812674,4.086129314343622,54.39481652476699,50.92024539877304,-0.047798823737776885,-0.030641999023136114,0.03258866111344384,0.029664029913401255,24.922142857142855,36.55571745774674,26.91,1.07460913868839,7438450000.0,0.014178888542543814
2023-03-19,0.9069902100612062,3.7968804438717245,56.213832127898705,41.260744985673306,0.014178888542543814,-0.047798823737776885,-0.030641999023136114,0.03258866111344384,24.982142857142858,35.168409914736046,26.8432,1.062137057353505,7479490000.0,0.03556281515358787
2023-03-26,0.9168046362841089,3.8158128329320995,60.569128752639806,67.04871060171922,0.03556281515358787,0.014178888542543814,-0.047798823737776885,-0.030641999023136114,25.075,34.25771117929633,26.777736,1.0612701246853975,7548360000.0,-0.013680103904080154
2023-04-02,0.8861258575552249,3.6724604989126406,58.146886987838116,57.02005730659023,-0.013680103904080154,0.03556281515358787,0.014178888542543814,-0.047798823737776885,25.181428571428572,33.41206235353088,26.71358128,1.0497508300650118,7490300000.0,-0.019873468057983703
2023-04-09,0.8121054370974932,3.3576393095609327,54.776738948760496,40.119760479041915,-0.019873468057983703,-0.013680103904080154,0.03556281515358787,0.014178888542543814,25.220714285714283,32.56261162805483,26.6507096544,1.0176257707746539,7395340000.0,-0.13015349458541256
2023-04-16,0.5023503448631104,2.091803081612324,39.70770128787116,4.725897920604916,-0.13015349458541256,-0.019873468057983703,-0.013680103904080154,0.03556281515358787,24.964285714285715,31.640368709686154,26.589095461312,1.1799382157193214,7335000000.0,0.03812975916427395
2023-04-23,0.32174620884058314,1.345135369913137,44.32001147950523,20.793950850661588,0.03812975916427395,-0.13015349458541256,-0.019873468057983703,-0.013680103904080154,24.84714285714286,29.95804554799205,26.39033164285952,1.167085486025084,7408020000.0,0.05355745459334233
2023-04-30,0.2762957181238974,1.1549374128317627,50.33682951012884,44.42344045368616,0.05355745459334233,0.03812975916427395,-0.13015349458541256,-0.019873468057983703,24.787142857142857,28.104338282053682,26.199518377145136,1.1765793798804351,7493790000.0,-0.0020881193638619343
2023-05-07,0.23354908615926817,0.9762622733637814,50.10360115129676,43.47826086956523,-0.0020881193638619343,0.05355745459334233,0.03812975916427395,-0.13015349458541256,24.702142857142857,26.652232707564032,26.01633764205933,1.1525379956032613,7390320000.0,0.07991406549158754
2023-05-14,0.3561430458888708,1.479614895995893,58.37084661642955,81.09640831758033,0.07991406549158754,-0.0020881193638619343,0.05355745459334233,0.03812975916427395,24.759285714285717,26.22524558165657,21.62,1.2230709959173143,7585780000.0,0.037868970164795866
2023-05-21,0.5279059140999394,2.1742101097598407,61.79637673726937,96.35701275045538,0.037868970164795866,0.07991406549158754,-0.0020881193638619343,0.05355745459334233,24.902142857142856,26.438114817452526,21.7058,1.289280210494649,7826020000.0,0.05740612253579029
2023-05-28,0.7832995468681574,3.185061112492107,66.51449547678561,83.5965978128797,0.05740612253579029,0.037868970164795866,0.07991406549158754,-0.0020881193638619343,25.104999999999997,27.69335533856798,21.921968,1.4071887668878884,7996350000.0,-0.021277398447284965
2023-06-04,0.9266045349701137,3.73060899934547,63.3357758941447,76.30619684082622,-0.021277398447284965,0.05740612253579029,0.037868970164795866,0.07991406549158754,25.204285714285714,28.8589358224609,22.39764992,1.3888181406816107,7891350000.0,0.10180581810317053
2023-06-11,1.266839445477686,5.010004486329448,70.81971255355623,67.36918604651162,0.10180581810317053,-0.021277398447284965,0.05740612253579029,0.037868970164795866,25.574285714285715,31.48204846506577,22.844790924799998,1.823902559204353,8199030000.0,0.03185997409147584
2023-06-18,1.5987404215679177,6.202590894908892,72.81810521620713,74.63662790697674,0.03185997409147584,0.10180581810317053,-0.021277398447284965,0.05740612253579029,26.101428571428574,33.91779591891315,23.847607650816,1.7650523764040422,8318040000.0,0.0678842818966495
2023-06-25,2.0192469934725956,7.650335919473379,76.6720123027596,90.91569767441861,0.0678842818966495,0.03185997409147584,0.10180581810317053,-0.021277398447284965,26.763571428571428,36.484056907644245,24.770199038750718,1.8096914923751826,8473990000.0,0.015986388993725398
2023-07-02,2.369566991477999,8.77357851422333,77.51498601129272,94.9127906976744,0.015986388993725398,0.0678842818966495,0.03185997409147584,0.10180581810317053,27.400714285714287,38.99376158148107,25.61898311565066,1.8089992429198123,8655870000.0,-0.06831341872910317
2023-07-09,2.434352551265956,8.882340950323377,66.70655316053183,73.51535836177473,-0.06831341872910317,0.015986388993725398,0.0678842818966495,0.03185997409147584,27.899285714285714,39.3973708981681,26.399864466398608,2.10692786842554,8504870000.0,0.07835510402615749
2023-07-16,2.6679668496609033,9.538213577776585,71.61957870092652,91.5358361774744,0.07835510402615749,-0.06831341872910317,0.015986388993725398,0.0678842818966495,28.622142857142858,39.772150977948904,27.386878019758747,2.3200044492522878,8624880000.0,-0.033379967425541786
2023-07-23,2.728855922766222,9.605595027362709,66.98264234774334,83.34494773519162,-0.033379967425541786,0.07835510402615749,-0.06831341872910317,0.015986388993725398,29.48,40.120161052031094,28.27519021778287,2.3078612743056963,8519110000.0,0.0029472464599321056
2023-07-30,2.753440171805817,9.553361242279642,67.18161956868246,83.09963099630993,0.0029472464599321056,-0.033379967425541786,0.07835510402615749,-0.06831341872910317,30.284285714285716,40.13138487854733,29.074671196004584,2.267299754712432,8599350000.0,0.026141482796993104
2023-08-06,2.813117971802008,9.61077676139219,68.99275694481165,89.05511811023622,0.026141482796993104,0.0029472464599321056,-0.033379967425541786,0.07835510402615749,31.063571428571432,40.31818988038686,29.794204076404124,2.194635486518687,8649280000.0,-0.02908872925692526
2023-08-13,2.748043678673085,9.280199933031973,64.71901476361319,80.88000000000001,-0.02908872925692526,0.026141482796993104,0.0029472464599321056,-0.033379967425541786,31.775000000000002,40.153977499397264,30.441783668763712,2.1450186660530663,8600210000.0,-0.03728633968794744
2023-08-20,2.5668254298834867,8.603055947003112,59.77446359373999,67.90450928381962,-0.03728633968794744,-0.02908872925692526,0.026141482796993104,0.0029472464599321056,32.255714285714284,39.41299634261876,31.02460530188734,2.09108876133499,8559720000.0,0.04902356363367282
2023-08-27,2.5264199594086385,8.37523133803205,63.72215589626885,78.73931623931622,0.04902356363367282,-0.03728633968794744,-0.02908872925692526,0.026141482796993104,32.78214285714286,38.88284173073913,31.549144771698607,2.0695824212396334,8619120000.0,0.07147908207535267
2023-09-03,2.668593223744196,8.704306235973462,68.8251026303896,91.76356589147285,0.07147908207535267,0.04902356363367282,-0.03728633968794744,-0.02908872925692526,33.376428571428576,39.3788310697323,32.02123029452875,2.1638979625796595,8752880000.0,-0.10560195949312723
2023-09-10,2.4552122402607246,7.960768183050337,56.410874307594185,53.05067218200622,-0.10560195949312723,0.07147908207535267,0.04902356363367282,-0.03728633968794744,33.75,37.70403460843829,37.67,2.407905250966827,8615570000.0,-0.007270556110838969
2023-09-17,2.240908481232246,7.230335459560842,55.70706869409626,35.23035230352304,-0.007270556110838969,-0.10560195949312723,0.07147908207535267,0.04902356363367282,33.892857142857146,36.14886646580813,37.5414,2.274483447326339,8555920000.0,-0.04827342327309091
2023-09-24,1.9238225334893393,6.202109936911943,51.259059569759984,14.227642276422769,-0.04827342327309091,-0.007270556110838969,-0.10560195949312723,0.07147908207535267,33.853571428571435,33.82299424524688,37.415372000000005,2.254877486803029,8492380000.0,0.017397244094091494
2023-10-01,1.6973441125113986,5.460618048274064,52.702210913176565,21.680216802168033,0.017397244094091494,-0.04827342327309091,-0.007270556110838969,-0.10560195949312723,33.69357142857143,31.66325575472572,37.15435712000001,2.161671952031384,8536280000.0,0.0
2023-10-08,1.5005608013462144,4.818273773701308,52.70221091317657,21.680216802168033,0.0,0.017397244094091494,-0.04827342327309091,-0.007270556110838969,33.494285714285716,29.635010462337544,36.903782835200005,2.057266812600571,8621340000.0,0.03209161536630671
2023-10-15,1.4122483974265236,4.515512838960492,55.586089692327526,35.77235772357723,0.03209161536630671,0.0,0.017397244094091494,-0.04827342327309091,33.53285714285715,28.447762018961296,36.66323152179201,2.0381763259862447,8675320000.0,0.007563188374025411
2023-10-22,1.3469067886868586,4.28725139427627,56.2762420800781,33.77581120943951,0.007563188374025411,0.03209161536630671,0.0,0.017397244094091494,33.40071428571429,27.34531703582621,36.43230226092032,1.941878016987227,8731100000.0,0.020877585021555393
2023-10-29,1.3362043113132067,4.228623857947325,58.23327926188489,44.10029498525076,0.020877585021555393,0.007563188374025411,0.03209161536630671,0.0,33.40071428571429,26.62792338535095,36.21061017048351,1.8996010157738537,8821650000.0,-0.02844077339558079
2023-11-05,1.236808304125148,3.901895875671968,54.65772482633398,30.08849557522122,-0.02844077339558079,0.020877585021555393,0.007563188374025411,0.03209161536630671,33.325714285714284,25.908730693652892,35.99778576366417,1.8346295146471499,8763280000.0,0.010572519564735044
2023-11-12,1.1727594859108557,3.6862029704589245,55.73605410205999,35.250737463126846,0.010572519564735044,-0.02844077339558079,0.020877585021555393,0.007563188374025411,33.21142857142857,25.416186941363865,35.7934743331176,1.8000131207437822,8799860000.0,0.0383188643021366
2023-11-19,1.2129177111171998,3.7880400521856803,59.58102757091315,54.4247787610619,0.0383188643021366,0.010572519564735044,-0.02844077339558079,0.020877585021555393,33.261428571428574,25.136410303025936,35.59733535979289,1.7928693264049407,8881750000.0,0.008638118785634533
2023-11-26,1.2544899079470468,3.892118917018175,60.4351407668694,58.849557522123916,0.008638118785634533,0.0383188643021366,0.010572519564735044,-0.02844077339558079,33.42142857142857,25.120425156144965,35.40904194540118,1.7612358030903015,8939290000.0,0.0
2023-12-03,1.2727645361419704,3.924927220809254,60.4351407668694,58.849557522123916,0.0,0.008638118785634533,0.0383188643021366,0.010572519564735044,33.464285714285715,25.443584154792596,30.89,1.7525761028695659,9060580000.0,0.05819317390776148
2023-12-10,1.4393014723500528,4.39291052970031,66.20513384714748,99.18433931484495,0.05819317390776148,0.0,0.008638118785634533,0.0383188643021366,33.475,26.14123078385026,30.9926,1.7802492383788826,9203530000.0,0.021408363775825077
2023-12-17,1.6171944967598009,4.880624810931745,68.12155593501987,87.97953964194376,0.021408363775825077,0.05819317390776148,0.0,0.008638118785634533,33.806428571428576,27.371513173646584,31.233696,1.791660007066105,9307740000.0,0.019662450205559324
2023-12-24,1.7979688663485263,5.3616489749521286,69.84784964015508,90.61757719714966,0.019662450205559324,0.021408363775825077,0.05819317390776148,0.0,34.20857142857143,28.69965118209268,31.682274239999998,1.8058271494185263,9380270000.0,0.08291421000555955
2023-12-31,2.184752559144833,6.397539506503747,76.04941528133219,95.91280653950957,0.08291421000555955,0.019662450205559324,0.021408363775825077,0.05819317390776148,34.95928571428571,30.69592247378997,32.2924923008,1.9789823530314885,9461790000.0,0.023613848108304546
2024-01-07,2.5426628306046766,7.307690832878041,77.54314634744718,72.70440251572329,0.023613848108304546,0.08291421000555955,0.019662450205559324,0.021408363775825077,35.74214285714286,33.34933101365052,33.293243070719996,2.219055042100668,9651730000.0,0.045394953160170344
2024-01-14,2.9528470851033575,8.308876639411562,80.19079901207971,84.64052287581703,0.045394953160170344,0.023613848108304546,0.08291421000555955,0.019662450205559324,36.667142857142856,35.813210372092456,34.960853902233595,2.274122539093477,9793700000.0,-0.04539495316017043
2024-01-21,3.0818193974871946,8.541614139878254,71.15618798265112,69.65034965034967,-0.04539495316017043,0.045394953160170344,0.023613848108304546,0.08291421000555955,37.37571428571429,36.27161165934568,36.42835143396556,2.4602566434439432,9691430000.0,-0.08495557285973616
2024-01-28,2.869341073600033,7.899511891072719,58.671702632008575,45.24475524475525,-0.08495557285973616,-0.04539495316017043,0.045394953160170344,0.023613848108304546,37.81714285714286,34.120347749559166,47.19,2.925238311769376,9461350000.0,-0.06942850643176303
2024-02-04,2.4595721181488344,6.76590962621212,51.33450034378237,26.783216783216776,-0.06942850643176303,-0.08495557285973616,-0.04539495316017043,0.045394953160170344,38.019999999999996,32.12274554761454,46.9238,3.1148641466429914,9374270000.0,-0.02873125804048102
2024-02-11,2.0275357898819593,5.58509580706806,48.74822531306004,19.00070372976779,-0.02873125804048102,-0.06942850643176303,-0.08495557285973616,-0.04539495316017043,38.21642857142857,30.26782921723739,46.662924,3.0738024218827777,9313970000.0,-0.014112568402396474
2024-02-18,1.6260539282497106,4.489448577115808,47.50896571309304,15.482054890921905,-0.014112568402396474,-0.02873125804048102,-0.06942850643176303,-0.08495557285973616,38.35214285714286,28.40960270242903,46.407265519999996,2.9606736774625797,9228340000.0,0.005668949422227086
2024-02-25,1.3089264990136158,3.620091601555194,48.07756098198413,25.253164556962044,0.005668949422227086,-0.014112568402396474,-0.02873125804048102,-0.06942850643176303,38.409285714285716,27.306502338804144,46.156720209599996,3.112054129072395,9353620000.0,-0.04332181894778561
2024-03-03,0.9258901769737875,2.5727326744156795,44.20961179901085,15.75949367088609,-0.04332181894778561,0.005668949422227086,-0.014112568402396474,-0.02873125804048102,38.337857142857146,26.24241333384057,45.566051401215994,3.1526216912815097,9280320000.0,0.1549936369706578
2024-03-10,1.0683444525611208,2.946902046457393,57.99170416173158,51.708860759493696,0.1549936369706578,-0.04332181894778561,0.005668949422227086,-0.014112568402396474,38.67214285714285,24.581600058694328,44.99900934516735,3.33314871333283,9348010000.0,0.00629963025771446
2024-03-17,1.1877220821231447,3.2525530698742067,58.4779002235988,53.291139240506354,0.00629963025771446,0.1549936369706578,-0.04332181894778561,0.005668949422227086,38.875,23.60466591747371,44.454648971360655,3.3764952338090564,9457680000.0,0.1077690671759396
2024-03-24,1.6290837909580915,4.391520788445338,66.12789928324987,81.96202531645572,0.1077690671759396,0.00629963025771446,0.1549936369706578,-0.04332181894778561,39.34428571428572,23.505566079018188,31.39,3.5267455742512666,9650690000.0,-0.04591878309010202
2024-03-31,1.797568505390501,4.79539636573486,60.82623113905772,69.36708860759495,-0.04591878309010202,0.1077690671759396,0.00629963025771446,0.1549936369706578,39.61785714285714,23.52594631645368,31.649,3.5198351760904614,9297090000.0,-0.060595106313414825
2024-04-07,1.710454609229103,4.541689122638369,54.895656814811105,53.607594936708864,-0.060595106313414825,-0.04591878309010202,0.1077690671759396,0.00629963025771446,39.47571428571428,22.590166916461037,32.174640000000004,3.5534183777982853,9144650000.0,-0.11922662605300936
2024-04-14,1.2653317035843727,3.3749178860298197,46.172856365641024,27.612456747404856,-0.11922662605300936,-0.060595106313414825,-0.04591878309010202,0.1077690671759396,38.94214285714286,21.463952448078054,32.679254400000005,3.6553170650984077,8995010000.0,-0.08521433905063033
2024-04-21,0.6716276412862641,1.8092594818999033,41.5826270066467,8.208955223880608,-0.08521433905063033,-0.11922662605300936,-0.060595106313414825,-0.04591878309010202,38.06,21.02879106610772,44.79,3.778508703305664,8839470000.0,0.05944709611448328
2024-04-28,0.3575674484169582,0.9683350104345232,45.593495182381375,24.468864468864446,0.05944709611448328,-0.08521433905063033,-0.11922662605300936,-0.060595106313414825,37.46214285714286,20.944238668159553,44.544,3.754329510212402,8905130000.0,-0.017554576011638498
2024-05-05,0.05957080216987265,0.16231659755423358,44.59922025371334,20.07326007326009,-0.017554576011638498,0.05944709611448328,-0.08521433905063033,-0.11922662605300936,37.07071428571429,19.87892769755758,44.007839999999995,3.792591688054373,8776670000.0,-0.03575564904773456
2024-05-12,-0.26950999819088395,-0.7403447313231022,42.61431619169728,11.355311355311336,-0.03575564904773456,-0.017554576011638498,0.05944709611448328,-0.08521433905063033,36.78285714285715,19.20822682972598,43.493126399999994,3.695977996050489,8707570000.0,-0.08921074033947847
2024-05-19,-0.746829599633756,-2.0790552721377065,38.30944607853548,1.9749835418038,-0.08921074033947847,-0.03575564904773456,-0.017554576011638498,0.05944709611448328,36.37,19.191301002650626,42.99900134399999,3.7376938534754536,8595430000.0,0.09531017980432493
2024-05-26,-0.873768551195738,-2.4477350824394337,44.75086679544055,21.658986175115203,0.09531017980432493,-0.08921074033947847,-0.03575564904773456,-0.017554576011638498,36.20642857142857,19.17558416322351,42.195061263359996,3.7371442925129217,8782750000.0,0.007270556110838866
2024-06-02,-0.9441193702121495,-2.6589763915818225,45.24507609402656,23.238973008558272,0.007270556110838866,0.09531017980432493,-0.08921074033947847,-0.03575564904773456,36.04571428571428,19.160989955184046,41.4393575875584,3.580205414476285,8852250000.0,0.07946207523238658
2024-06-09,-0.7699028395815617,-2.166679222838392,50.67030287650201,41.27715602369978,0.07946207523238658,0.007270556110838866,0.09531017980432493,-0.08921074033947847,36.18785714285714,18.185312909698816,40.72899613230489,3.5523335991565506,9042520000.0,-0.0027917382732646824
2024-06-16,-0.6326117931948403,-1.7794351603763643,50.47374323474865,40.61882817643188,-0.0027917382732646824,0.07946207523238658,0.007270556110838866,0.09531017980432493,35.917142857142856,17.279327081748242,40.0612563643666,3.455024056359654,8998830000.0,-0.005325871033237437
2024-06-23,-0.5329950270149979,-1.4991394881803408,50.076267076968136,39.36800526662276,-0.005325871033237437,-0.0027917382732646824,0.07946207523238658,0.007270556110838866,35.615,16.43805452722271,39.4335809825046,3.2968080523339647,8959850000.0,0.04908456125970334
2024-06-30,-0.30608166289101746,-0.857660831023142,53.76990616342938,51.15207373271887,0.04908456125970334,-0.005325871033237437,-0.0027917382732646824,0.07946207523238658,35.11714285714286,15.540662499105622,38.843566123554325,3.289178905738681,9023230000.0,-0.012114833862741035
2024-07-07,-0.16070986293186706,-0.44917091202588627,52.714018544874676,55.24528301886792,-0.012114833862741035,0.04908456125970334,-0.005325871033237437,-0.0027917382732646824,34.729285714285716,14.707369901568324,38.288952156141065,3.154237555328776,8939870000.0,-0.001355197388598356
2024-07-14,-0.0489717306227746,-0.13656358436146634,52.59044445122639,68.52026390197922,-0.001355197388598356,-0.012114833862741035,0.04908456125970334,-0.005325871033237437,34.51571428571428,14.811980969640073,29.6,3.238934872805292,8740540000.0,-0.0280546452004237
2024-07-21,-0.042237048835048085,-0.1177855492045649,50.014637645780624,58.906691800188504,-0.0280546452004237,-0.001355197388598356,-0.012114833862741035,0.04908456125970334,34.549285714285716,14.714069508564839,29.8122,3.151868096176343,8602710000.0,0.004175371410480592
2024-07-28,-0.024513442889272596,-0.06834024517702035,50.39937940476109,60.32045240339302,0.004175371410480592,-0.0280546452004237,-0.001355197388598356,-0.012114833862741035,34.8,13.730026188787262,30.020156,3.1338775178780325,8779190000.0,0.07618913835754638
2024-08-04,0.21700235599004714,0.6012733618982854,57.14827990346591,87.181903864279,0.07618913835754638,0.004175371410480592,-0.0280546452004237,-0.001355197388598356,35.11214285714286,13.737429498905838,30.22395288,3.1278862666010303,8934070000.0,-0.02212191708727071
2024-08-11,0.3359449066107061,0.9272072114186276,54.75534342007088,79.17059377945334,-0.02212191708727071,0.07618913835754638,0.004175371410480592,-0.0280546452004237,35.40642857142857,13.7443040011588,30.423673822399998,3.0580372475580995,8868250000.0,-0.0026350476380051138
2024-08-18,0.41732787468546917,1.1479093005018586,54.46639362819576,78.22808671065032,-0.0026350476380051138,-0.02212191708727071,0.07618913835754638,0.004175371410480592,35.77857142857143,13.750687467536553,30.619400345952,2.9181774441610924,8822860000.0,0.009192448184164145
2024-08-25,0.5042538140638655,1.3816759130804424,55.35442243120753,79.62577962577961,0.009192448184164145,-0.0026350476380051138,-0.02212191708727071,0.07618913835754638,36.375,13.824865402955481,30.81121233903296,2.7597361981495854,8881870000.0,-0.019802627296179754
2024-09-01,0.5067826404821076,1.3857805516998514,52.970421952490945,61.790393013100434,-0.019802627296179754,0.009192448184164145,-0.0026350476380051138,-0.02212191708727071,36.70428571428572,14.711674020685292,30.9991880922523,2.8661836125674722,8731930000.0,0.013245226750020723
2024-09-08,0.5428746538812206,1.4801861904206226,54.380987647249604,62.82527881040892,0.013245226750020723,-0.019802627296179754,0.009192448184164145,-0.0026350476380051138,37.05214285714286,15.510113083534634,31.399220568562207,2.7543133545269383,8987180000.0,-0.0026350476380051138
2024-09-15,0.5569880586368541,1.5149226852999087,54.03193779572331,60.75949367088605,-0.0026350476380051138,0.013245226750020723,-0.019802627296179754,0.009192448184164145,37.19714285714286,15.466554443288834,31.78325174581972,2.7647195434892997,8930990000.0,-0.005291017634415436
2024-09-22,0.5457437112672068,1.4815541681366902,53.29514947927731,58.22784810126585,-0.005291017634415436,-0.0026350476380051138,0.013245226750020723,-0.019802627296179754,37.335,15.46161372001039,32.15192167598693,2.6600967189543496,8855840000.0,-0.005319161477600045
2024-09-29,0.5147603198947834,1.395578461148435,52.52383182357675,55.69620253164557,-0.005319161477600045,-0.005291017634415436,-0.0026350476380051138,0.013245226750020723,37.472142857142856,15.494802768426267,32.50584480894745,2.523661239029039,8766980000.0,-0.0013342230131366103
2024-10-06,0.48063076460420007,1.301572434009594,52.319969129542244,55.06329113924053,-0.0013342230131366103,-0.005319161477600045,-0.005291017634415436,-0.0026350476380051138,37.47785714285714,15.470248602637726,32.84561101658955,2.3755425790983935,8693600000.0,0.0
2024-10-13,0.44841381086253307,1.2130544884792416,52.319969129542244,55.06329113924053,0.0,-0.0013342230131366103,-0.005319161477600045,-0.005291017634415436,37.51571428571429,15.512217583456879,33.17178657592597,2.2380038234485085,8817630000.0,0.06336961393258919
2024-10-20,0.6135040743314519,1.64995697088083,60.93626443662487,86.0759493670886,0.06336961393258919,0.0,-0.0013342230131366103,-0.005319161477600045,37.732142857142854,16.499942409028495,33.484915112888935,2.281717836059329,8904200000.0,0.03327478888487235
2024-10-27,0.8435491061167113,2.250406965696623,64.71956107334222,91.57303370786516,0.03327478888487235,0.06336961393258919,0.0,-0.0013342230131366103,38.11785714285714,17.95079015222732,33.78551850837338,2.3330237049122338,9008940000.0,0.018018505502678212
2024-11-03,1.0739997822320362,2.839857721298168,66.65188567376705,82.14285714285714,0.018018505502678212,0.03327478888487235,0.06336961393258919,0.0,38.54642857142857,19.71009182040412,34.27838739787098,2.4020934402756455,9107860000.0,0.03048301672507575
2024-11-10,1.3460166962000883,3.5213174510326755,69.74509085332745,97.61904761904758,0.03048301672507575,0.018018505502678212,0.03327478888487235,0.06336961393258919,38.864285714285714,21.343729083711146,35.0161164060413,2.387658194541671,9184160000.0,0.02283204204264569
2024-11-17,1.6235682191528369,4.1979982809974965,71.90394878679328,92.9292929292929,0.02283204204264569,0.03048301672507575,0.018018505502678212,0.03327478888487235,39.31428571428571,23.30013218214441,35.694827093558,2.3385397520744085,9247550000.0,0.004504512121104729
2024-11-24,1.8384753300798877,4.701223832041558,72.32921836553294,94.94949494949495,0.004504512121104729,0.02283204204264569,0.03048301672507575,0.018018505502678212,39.785714285714285,24.974501592670624,36.625344384202194,2.275072626926236,9284290000.0,-0.012436565041008488
2024-12-01,1.9420239175004568,4.920863413282791,69.22604575497074,88.05970149253734,-0.012436565041008488,0.004504512121104729,0.02283204204264569,0.03048301672507575,40.19285714285714,26.68705863525051,37.46280994578198,2.198281725002933,9225240000.0,0.001137009787075102
2024-12-08,2.0050090054510363,5.03758155583794,69.35476607196446,88.55721393034827,0.001137009787075102,-0.012436565041008488,0.004504512121104729,0.02283204204264569,40.65714285714286,28.12120464351708,38.38527275228814,2.094833030359866,9289290000.0,0.04118556478421265
2024-12-15,2.1790855386835233,5.413998766732444,73.7326692022688,100.0,0.04118556478421265,0.001137009787075102,-0.012436565041008488,0.004504512121104729,41.21785714285715,29.819347604684914,39.19704002201356,2.0773449567627327,9402270000.0,0.0021786500992221724
2024-12-22,2.2986146112880803,5.651675305504029,73.94930759889276,89.80582524271847,0.0021786500992221724,0.04118556478421265,0.001137009787075102,-0.012436565041008488,41.79285714285714,31.675287105489666,40.12845441893166,2.1075346027082515,9485290000.0,0.011898463791614518
2024-12-29,2.409942350664444,5.863159597968661,75.16262002013977,94.87179487179488,0.011898463791614518,0.0021786500992221724,0.04118556478421265,0.001137009787075102,42.42142857142857,33.39865949909408,41.2279017119026,2.060567845371948,9532510000.0,-0.010810916104215617
2025-01-05,2.4298151681169884,5.859796183740495,71.8848192273129,89.74358974358974,-0.010810916104215617,0.011898463791614518,0.0021786500992221724,0.04118556478421265,43.028571428571425,34.2745108547737,42.15143743799818,2.0705272849882372,9482320000.0,0.017241806434505954
2025-01-12,2.481512501812084,5.927983878613893,73.84980850595346,96.90721649484531,0.017241806434505954,-0.010810916104215617,0.011898463791614518,0.0021786500992221724,43.69642857142857,35.21175604188248,42.92720744791848,2.0012039074890775,9533360000.0,0.058107630807280757
2025-01-19,2.7170985894442907,6.403079649792522,79.3022912920282,96.81274900398407,0.058107630807280757,0.017241806434505954,-0.010810916104215617,0.011898463791614518,44.564285714285724,36.831962750474645,43.67831010729315,2.0868321998112864,9631130000.0,0.01996074256253815
2025-01-26,2.9504825773106163,6.8553511008452235,80.8389105769613,93.1726907630522,0.01996074256253815,0.058107630807280757,0.017241806434505954,-0.010810916104215617,45.32857142857142,38.628283942072414,44.94264808583452,2.06991561411048,9747530000.0,0.027292142288007554
2025-02-02,3.211390458661029,7.348234288717662,82.76776054719629,100.0,0.027292142288007554,0.01996074256253815,0.058107630807280757,0.017241806434505954,46.09642857142857,39.70297377213636,46.244118468667615,2.1363502131025887,9933630000.0,-0.007722046093910278
2025-02-09,3.3472995912442727,7.558052664897148,80.28114609268664,96.33027522935781,-0.007722046093910278,0.027292142288007554,0.01996074256253815,0.058107630807280757,46.78214285714285,40.700900042910014,47.395294774934094,2.0694680550238327,9830170000.0,-0.043571248293640306
2025-02-16,3.2401366655901924,7.254058744859919,68.15335133778869,70.78651685393257,-0.043571248293640306,-0.007722046093910278,0.027292142288007554,0.01996074256253815,47.21785714285714,40.2899101355667,48.31623581994727,2.1037917653792735,9736250000.0,-0.02148420229457338
2025-02-23,3.03549179032742,6.754635960972253,63.24279569692519,58.98876404494383,-0.02148420229457338,-0.043571248293640306,-0.007722046093910278,0.027292142288007554,47.50714285714286,39.082155433787804,52.0,2.0749494964236113,9507280000.0,-0.011440582401893168
2025-03-02,2.7966903434369073,6.194044229423981,60.77272051669676,49.09090909090906,-0.011440582401893168,-0.02148420229457338,-0.043571248293640306,-0.007722046093910278,47.74285714285715,37.354678741419995,51.916,2.0838816752504963,9348940000.0,0.0
2025-03-09,2.5777240777142865,5.684381837649705,60.77272051669676,49.09090909090906,0.0,-0.011440582401893168,-0.02148420229457338,-0.043571248293640306,48.017857142857146,35.75059324136417,51.71136,1.9850329841611754,9469050000.0,-0.04711792297706985
2025-03-16,2.2012949626585083,4.852281113363385,51.450523668254256,20.000000000000018,-0.04711792297706985,0.0,-0.011440582401893168,-0.02148420229457338,48.13214285714286,33.28129952444823,51.5149056,2.0075306281496625,9356300000.0,0.030239885189718176
2025-03-23,1.992966796017555,4.381378315560809,56.06873053273155,33.333333333333336,0.030239885189718176,-0.04711792297706985,0.0,-0.011440582401893168,48.214285714285715,31.728995672276817,51.160011264,2.1391355832818295,9517690000.0,0.018967902706810827
2025-03-30,1.8788297219140446,4.114291492961331,58.78306688591934,45.33333333333332,0.018967902706810827,0.030239885189718176,-0.04711792297706985,0.0,48.353571428571435,30.287570666689078,50.826410588159995,2.0791973273331275,9604120000.0,0.041907000677693075
2025-04-06,1.9315276869678257,4.200500560430987,64.20775620034942,74.8466257668712,0.041907000677693075,0.018967902706810827,0.030239885189718176,-0.04711792297706985,48.60000000000001,28.838538176970225,50.512825952870394,2.3663975182379042,9749650000.0,-0.12683287117630146
2025-04-13,1.4761596802496513,3.2204990136974616,45.49277443523966,1.8404907975459952,-0.12683287117630146,0.041907000677693075,0.018967902706810827,0.030239885189718176,48.45714285714286,26.967855530283668,43.85,2.7009405526494823,9641560000.0,0.05526267867504952
2025-04-20,1.301997741308064,2.837491334981251,51.844032429626644,32.51533742331288,0.05526267867504952,-0.12683287117630146,0.041907000677693075,0.018967902706810827,48.43571428571429,25.23079307264615,51.0,2.7401590846030905,9717630000.0,0.02127739844728488
2025-04-27,1.2304805784186925,2.674660429044106,54.14563854326583,44.78527607361963,0.02127739844728488,0.05526267867504952,-0.12683287117630146,0.041907000677693075,48.285714285714285,23.766840003923882,50.859,2.7051477214171555,9781990000.0,0.029047685440230817
2025-05-04,1.2721069541786605,2.752313588522222,57.227798754993586,61.963190184049054,0.029047685440230817,0.02127739844728488,0.05526267867504952,-0.12683287117630146,48.16428571428572,22.9609299601595,50.72082,2.6976371698873587,9902860000.0,-0.010277582758240296
2025-05-11,1.250337226307657,2.695792414921038,55.78560581424777,58.709677419354804,-0.010277582758240296,0.029047685440230817,0.02127739844728488,0.05526267867504952,47.90714285714286,22.21258491952114,50.58540360000001,2.601377372038262,9791190000.0,-0.020877585021555255
2025-05-18,1.1392602346559286,2.45231392344774,52.91351846548041,46.10389610389609,-0.020877585021555255,-0.010277582758240296,0.029047685440230817,0.02127739844728488,47.607142857142854,21.127107315873417,50.45269552800001,2.5227075597498145,9720430000.0,0.03319806940959583
2025-05-25,1.1668864066136209,2.5016352503311037,56.750269037229174,72.02797202797203,0.03319806940959583,-0.020877585021555255,-0.010277582758240296,0.029047685440230817,47.57857142857143,20.275859717621717,50.322641617440006,2.456799876910542,9841020000.0,0.03509131981127019
2025-06-01,1.3148341321461245,2.8005569088624576,60.537761627430896,96.5034965034965,0.03509131981127019,0.03319806940959583,-0.020877585021555255,-0.010277582758240296,47.75,20.322498817480096,43.95,2.4348855999883603,9939510000.0,-0.010896591224213143
2025-06-08,1.3718890836927287,2.90717063850818,58.79507751036987,83.00653594771245,-0.010896591224213143,0.03509131981127019,0.03319806940959583,-0.020877585021555255,47.92142857142857,20.68336479041242,44.086000000000006,2.3716794857034773,9826790000.0,-0.005994023940210637
2025-06-15,1.37702456899342,2.9056919868723194,57.81740333079415,81.17647058823528,-0.005994023940210637,-0.010896591224213143,0.03509131981127019,0.03319806940959583,48.07142857142857,20.612292616643135,51.5,2.7737023795818,9441390000.0,0.1504220077889464
2025-06-22,2.011509355835919,4.175294023386796,71.56559911028421,96.4630225080386,0.1504220077889464,-0.005994023940210637,-0.010896591224213143,0.03509131981127019,48.957142857142856,20.264384707162375,43.0,3.1934379238973856,9673330000.0,-0.008658062743114541
2025-06-29,2.445803597882481,5.0050103501105205,70.04792905102636,93.24758842443731,-0.008658062743114541,0.1504220077889464,-0.005994023940210637,-0.010896591224213143,49.707142857142856,19.941327362644525,43.0,3.1760495007618585,9582000000.0,0.1924153699631735
2025-07-06,3.7314095869744293,7.402080484406476,80.76600869980732,100.0,0.1924153699631735,-0.008658062743114541,0.1504220077889464,-0.005994023940210637,51.26428571428572,21.73135379936152,43.311,3.9920459649931543,9734660000.0,0.03246580124957708
2025-07-13,4.879603343818836,9.382134998379678,82.06873656843005,81.69014084507042,0.03246580124957708,0.1924153699631735,-0.008658062743114541,0.1504220077889464,52.839285714285715,24.255944050279687,44.36656,4.3354712532079285,9978880000.0,0.027398974188114347
2025-07-20,5.883121491274501,10.968106159025877,83.13822113334477,87.32394366197182,0.027398974188114347,0.03246580124957708,0.1924153699631735,-0.008658062743114541,54.982142857142854,26.278154459179174,46.4145664,4.507937592264505,10079830000.0,0.033225647628320386
2025-07-27,6.801739737956019,12.292620778952118,84.39142461514663,94.36619718309859,0.033225647628320386,0.027398974188114347,0.03246580124957708,0.1924153699631735,57.125,28.31905082955337,48.339692416,4.557370621388469,10211480000.0,-0.024480216847290674
2025-08-03,7.296363837345169,12.85411512843731,79.67249987903364,89.1549295774648,-0.024480216847290674,0.033225647628320386,0.027398974188114347,0.03246580124957708,59.06428571428571,30.214168887757985,50.14931087104,4.510415577003579,10043850000.0,-0.030604224593528715
2025-08-10,7.421253216213081,12.812678363040671,74.23558725090406,82.81690140845072,-0.030604224593528715,-0.024480216847290674,0.033225647628320386,0.027398974188114347,60.74285714285714,31.312560834128526,51.8503522187776,4.4453858929318955,9945350000.0,-0.03371105734231172
2025-08-17,7.243075342491771,12.314825702813968,68.83931494976039,76.05633802816901,-0.03371105734231172,-0.030604224593528715,-0.024480216847290674,0.033225647628320386,62.285714285714285,31.17171308108993,53.44933108565095,4.552858329151046,9881420000.0,-0.058840500022933465
2025-08-24,6.701846805046401,11.292445786028386,60.89434749964443,64.78873239436619,-0.058840500022933465,-0.03371105734231172,-0.030604224593528715,-0.024480216847290674,63.614285714285714,30.554352099732778,54.95237122051189,4.6383684484974,9830880000.0,-0.016807118316381174
2025-08-31,6.11368374231801,10.230512757210196,58.88176460869578,61.69014084507044,-0.016807118316381174,-0.058840500022933465,-0.03371105734231172,-0.030604224593528715,64.75,29.67052198402425,56.36522894728118,4.592770702176158,9750370000.0,0.0466600814660624
2025-09-07,5.830494063629757,9.657975942519121,62.63020965705679,70.4225352112676,0.0466600814660624,-0.016807118316381174,-0.058840500022933465,-0.03371105734231172,65.98214285714286,28.84982259086633,57.69331521044431,4.550429937735004,9859990000.0,-0.060624621816434854
2025-09-14,5.223089112365393,8.613466851327816,55.58840643062236,59.15492957746479,-0.060624621816434854,0.0466600814660624,-0.016807118316381174,-0.058840500022933465,66.96785714285714,27.862327587697965,58.94171629781765,4.596827799325361,9762410000.0,0.08746700234329889
2025-09-21,5.1543463259062605,8.405520911325292,62.26983437819526,69.75524475524473,0.08746700234329889,-0.060624621816434854,0.0466600814660624,-0.016807118316381174,68.39285714285714,27.27547876683778,60.11521331994859,4.697054385087834,10078930000.0,-0.006463218190211893
2025-09-28,5.005851592060424,8.08446271462888,61.50333304290799,61.1940298507463,-0.006463218190211893,0.08746700234329889,-0.060624621816434854,0.0466600814660624,69.20714285714286,26.73054771889618,61.21830052075167,4.432979071867274,9933810000.0,-0.01305312224457933
2025-10-05,4.7606679505337866,7.628436818385563,59.91484366659215,57.26495726495726,-0.01305312224457933,-0.006463218190211893,0.08746700234329889,-0.060624621816434854,69.99285714285715,26.027063796007184,62.255202489506566,4.2234805667338975,9868180000.0,-0.004389180418763096
2025-10-12,4.49038825474473,7.146205235299341,59.36444734809351,32.67973856209151,-0.004389180418763096,-0.01305312224457933,-0.006463218190211893,0.08746700234329889,69.88571428571429,25.17112009712653,63.22989034013617,3.971803383395762,9778140000.0,-0.014771317320312543
2025-10-19,4.147686062833131,6.567029426038134,57.469310798961125,28.571428571428573,-0.014771317320312543,-0.004389180418763096,-0.01305312224457933,-0.006463218190211893,69.54285714285714,24.13517022433454,64.14609691972801,3.8095317131532083,9698010000.0,-0.06453852113757118
2025-10-26,3.496877381844463,5.5376385644437685,50.21813211799578,5.64784053156147,-0.06453852113757118,-0.014771317320312543,-0.004389180418763096,-0.01305312224457933,68.75714285714285,23.103456538710454,78.5,3.9017080193565508,9599850000.0,-0.048790164169432056
2025-11-02,2.7078178468038416,4.303978148285275,45.77529475712117,2.2988505747126355,-0.048790164169432056,-0.06453852113757118,-0.014771317320312543,-0.004389180418763096,67.57857142857144,22.74281813326335,78.173,3.8837288751167973,9411750000.0,0.06453852113757116
2025-11-09,2.37783880542667,3.77466337169386,51.8872911549487,49.16467780429593,0.06453852113757116,-0.048790164169432056,-0.06453852113757118,-0.014771317320312543,66.81785714285715,23.505358451153842,77.43008,4.413462526894169,9628680000.0,-0.06871389254805181
2025-11-16,1.7531790002972372,2.7937159821819866,45.9597186705708,31.34715025906735,-0.06871389254805181,0.06453852113757116,-0.048790164169432056,-0.06453852113757118,65.91428571428573,24.21343160348073,76.0062752,4.451786632116014,9463550000.0,0.004175371410480592
2025-11-23,1.263736942144014,2.0203516058230284,46.34799205138039,36.52173913043477,0.004175371410480592,-0.06871389254805181,0.06453852113757116,-0.048790164169432056,65.2,24.879675714810475,74.66789868800001,4.283801872679156,9562260000.0,0.03601043752303303
2025-11-30,1.0413679570707544,1.6655386258645872,49.7683002814461,52.14723926380369,0.03601043752303303,0.004175371410480592,-0.06871389254805181,0.06453852113757116,64.92857142857143,25.10001138424545,73.40982476672,4.170673167487788,9766840000.0,0.02852808361453803
2025-12-07,0.9988695447532976,1.594779731425684,52.43981346723985,63.190184049079754,0.02852808361453803,0.03601043752303303,0.004175371410480592,-0.06871389254805181,64.86428571428571,24.089587109771355,72.22723528071681,4.140625084095803,9893670000.0,-0.010997754209541398
2025-12-14,0.8983494833107954,1.4331616126764668,51.29724120770522,58.895705521472365,-0.010997754209541398,0.02852808361453803,0.03601043752303303,0.004175371410480592,64.52857142857144,23.211464075397476,71.1156011638738,3.969866149517532,9808720000.0,-0.004750602758597753
2025-12-21,0.7854252245360769,1.2525413114887138,50.78652582333881,57.055214723926376,-0.004750602758597753,-0.010997754209541398,0.02852808361453803,0.03601043752303303,64.45714285714287,22.815183896033723,70.07066509404137,3.8577328531234225,9736790000.0,0.023530497410194036
