,MACD,PPO,RSI,STOCH,Lag_1,Lag_2,Lag_3,Lag_4,SMA,ADX,SAR,ATR,OBV,Target_Return
2010-08-01,0.2116583574843178,0.49608867385539873,0.47023167294336926,0.4802110817941952,0.6003978049128457,0.7537622837022846,0.6050046825707317,0.6030781440272464,0.0398787685436274,0.11415784193591472,0.04837089134491171,0.1507815348639302,0.018712244321192645,-0.05573289684872756
2010-08-08,0.20579494507992363,0.47967643505397173,0.38126480572201954,0.27968337730870724,0.5431706176638222,0.6003978049128457,0.7537622837022846,0.6050046825707317,0.037007497208486256,0.10778758510225234,0.04902827615903543,0.15202502876439467,0.011736275479563352,0.01793770068666725
2010-08-15,0.20320752995454117,0.4724062201263263,0.4110653026171886,0.36619718309859167,0.6429051322796806,0.5431706176638222,0.6003978049128457,0.7537622837022846,0.034074873921739496,0.10187234661385164,0.04967251327687669,0.1426856157092974,0.020489631539901798,-0.059514127532407604
2010-08-22,0.19445570239291374,0.44766398365397864,0.32596085089542376,0.1529411764705886,0.5380516255624451,0.6429051322796806,0.5431706176638222,0.6003978049128457,0.030909113218891532,0.08409533379458006,0.08124013205109804,0.14765561533817984,0.013497103190023674,-0.0174469136037207
2010-08-29,0.18578366385816086,0.42284917143153394,0.30358577219332544,0.08823529411764726,0.5950017970389737,0.5380516255624451,0.6429051322796806,0.5431706176638222,0.029682074186779928,0.06758810760525641,0.08058848858906273,0.13320635882805104,0.007206697989896482,-0.04416089578576966
2010-09-05,0.17452455276463325,0.3901211003735013,0.25067363817122007,0.016216216216216356,0.5588366764139743,0.5950017970389737,0.5380516255624451,0.6429051322796806,0.027743352516043568,0.06279251081811288,0.07994987799626813,0.12346212215558072,0.0021306567280177935,0.01658412801553526
2010-09-12,0.16772254463117983,0.3699053241970216,0.28044973526774614,0.21574344023323627,0.6410726791997693,0.5588366764139743,0.5950017970389737,0.5380516255624451,0.02409904659067208,0.06758198487982497,0.07851447796756136,0.11721232531166592,0.011387421839121059,-0.030052345066401823
2010-09-19,0.15968036353020562,0.3456098558891936,0.24415932105819765,0.11078717201166205,0.5779366905987829,0.6410726791997693,0.5588366764139743,0.5950017970389737,0.021767672429660045,0.05059711042901721,0.07603412457585762,0.12085361989443488,0.0,0.04555653160236701
2010-09-26,0.1585739822948607,0.3417758501131858,0.32714664361543916,0.3495440729483283,0.6802952280273276,0.5779366905987829,0.6410726791997693,0.5588366764139743,0.019681706075070277,0.04661848166392352,0.07370259238765609,0.12423482200700614,0.007564383368071498,0.050523767608521924
2010-10-03,0.16368723149555536,0.35666949334262577,0.4137276779715337,0.5440729483282676,0.687019822215915,0.6802952280273276,0.5779366905987829,0.6410726791997693,0.019055916168693343,0.043713042265763113,0.034017511123869665,0.13349605982785678,0.017627044547285114,0.03776883953715639
2010-10-10,0.17241270963804375,0.38244522841408596,0.47498787907059875,0.696048632218845,0.6697523287692024,0.687019822215915,0.6802952280273276,0.5779366905987829,0.019485379829932453,0.04101513425318559,0.034017511123869665,0.12390603165954006,0.02224714734871233,0.008856146443710062
2010-10-17,0.18060510680728517,0.40659313715653783,0.4894001031114849,0.7325227963525833,0.630610615407549,0.6697523287692024,0.687019822215915,0.6802952280273276,0.020246144029841623,0.03389911084551925,0.03482130041624801,0.12199706281169359,0.031328381672377864,-0.032863300908185
2010-10-24,0.18347676632845283,0.414976076121997,0.4298367857320326,0.5987841945288754,0.5741312468279195,0.630610615407549,0.6697523287692024,0.687019822215915,0.020626526129796235,0.034701605443023614,0.03560901392277882,0.12074915317968399,0.014428851520825237,0.046727076407969394
2010-10-31,0.1913370338425691,0.43804456925960705,0.5081639028230647,0.7902735562310033,0.681879899822161,0.5741312468279195,0.630610615407549,0.6697523287692024,0.020123440126630476,0.03544677899784912,0.037262018085259085,0.11539274556489226,0.028083822022821198,0.083381608939051
2010-11-07,0.2079117880519958,0.48612896363237634,0.6299538613766085,0.8033826638477802,0.7315024376155085,0.681879899822161,0.5741312468279195,0.630610615407549,0.021325938378099846,0.06746462420032445,0.038848902081240144,0.13542984337171432,0.04488951496096372,0.0
2010-11-14,0.2208187005431885,0.5228487298700109,0.6299538613766085,0.8033826638477802,0.6186212533488794,0.7315024376155085,0.681879899822161,0.5741312468279195,0.023460986293974057,0.09719548045976584,0.04263250793052964,0.12535188494198546,0.0506842388808422,-0.004008021397538822
2010-11-21,0.2301895333026069,0.5489802842241556,0.6204365600937232,0.7906976744186046,0.6131952342581363,0.6186212533488794,0.7315024376155085,0.681879899822161,0.0252279225002148,0.10964075034919651,0.04618909742886179,0.12543845805221288,0.030235454127954225,0.013298068304631634
2010-11-28,0.2389162278398325,0.5728371173577381,0.6410922512229345,0.8329809725158565,0.636624044585285,0.6131952342581363,0.6186212533488794,0.7315024376155085,0.028197356957924857,0.1229544619367518,0.049532291557293995,0.1232451287436071,0.03788042710283676,-0.07828291839404419
2010-12-05,0.23552983100593744,0.5631626776781511,0.47004315879809927,0.5919661733615224,0.5126426251045278,0.636624044585285,0.6131952342581363,0.6186212533488794,0.030037915506092305,0.12794915665907297,0.05267489403802028,0.12523119876654487,0.027082523757374494,0.03578073728083791
2010-12-12,0.2368632111038158,0.5664883496133509,0.5283518826685507,0.6997885835095139,0.6670608559133544,0.5126426251045278,0.636624044585285,0.6131952342581363,0.03316686503797689,0.13351251981400591,0.055628940369902985,0.12777501237583183,0.1046262850178401,0.03321213420611362
2010-12-19,0.2417074511676629,0.5793027994733657,0.58023351655797,0.8033826638477802,0.6635835068830938,0.6670608559133544,0.5126426251045278,0.636624044585285,0.03665165588917388,0.13867849988644365,0.05840574392187273,0.11999284191577791,0.11408507612957924,0.0006664445431604468
2010-12-26,0.2451245420104185,0.5880643587436245,0.5812909050990915,0.8054968287526428,0.6195234792742027,0.6635835068830938,0.6670608559133544,0.5126426251045278,0.04059045118225216,0.15144128852197397,0.06101593926072427,0.11136732931260968,0.1197252446391352,0.035986873104875076
2011-01-02,0.2520225000075659,0.6059351990150754,0.6385247672115917,0.6815144766146998,0.6673399205204442,0.6195234792742027,0.6635835068830938,0.6670608559133544,0.04452924647533041,0.18569069884115386,0.06346952287924473,0.12731942103395788,0.1770112074751828,0.027260008095617395
2011-01-09,0.2605383694255733,0.6276406453168246,0.6796935215164868,0.7619047619047623,0.6555255783685665,0.6673399205204442,0.6195234792742027,0.6635835068830938,0.048210363571665305,0.21749372270896378,0.06776184765720142,0.12131880713972104,0.2555584749355283,0.04344519257684656
2011-01-16,0.2726296467983997,0.6579572301885759,0.7407902170424676,0.9309523809523812,0.6774369184717599,0.6555255783685665,0.6673399205204442,0.6195234792742027,0.05214915886474353,0.25396749365212745,0.07171078645292156,0.12274286583209165,0.2978978256261702,-0.042819997182928185
2011-01-23,0.2752741871022902,0.6634232633251591,0.6266857713511147,0.7421875000000003,0.5606519714675976,0.6774369184717599,0.6555255783685665,0.6673399205204442,0.05508178215149029,0.28783599524220804,0.07534381014498406,0.11899306449781122,0.2892614900907903,-0.01892800988551891
2011-01-30,0.27392281544222424,0.6586824829644682,0.5814532427258154,0.6550802139037434,0.5929967037764476,0.5606519714675976,0.6774369184717599,0.6555255783685665,0.05818619090273264,0.28538881257599696,0.07868619194168161,0.11988364193375922,0.26654074080616097,0.01642487966740033
2011-02-06,0.274265864735737,0.6582765512111853,0.6084183609465506,0.686930091185411,0.6408570903863762,0.5929967037764476,0.5606519714675976,0.6774369184717599,0.060836595212093725,0.2831164286716581,0.08176118319464334,0.10899221070406118,0.28554774437418307,-0.009442940800282072
2011-02-13,0.27241113957153007,0.6523853042950211,0.5842879220681929,0.615635179153095,0.6058374949870725,0.6408570903863762,0.5929967037764476,0.5606519714675976,0.0618304968281041,0.2800627990700181,0.08459017514736814,0.09975324601146898,0.2642246175857561,-0.006981938867118388
2011-02-20,0.26919919930865127,0.6432075212121914,0.5660411967854826,0.5798045602605865,0.6091691746731893,0.6058374949870725,0.6408570903863762,0.5929967037764476,0.06268942415058221,0.28044337091895105,0.08719284774387492,0.09607144748426091,0.251159165577419,-0.0199427645034744
2011-02-27,0.26324275970390565,0.6273220192685949,0.5146288376394867,0.47882736156351835,0.5916229391720901,0.6091691746731893,0.6058374949870725,0.6408570903863762,0.06324159171503246,0.2632231910488861,0.11712358260370315,0.09422674746053986,0.24118371780831596,0.0025957185242816137
2011-03-06,0.25821002658278314,0.6139042068130995,0.5201426669205746,0.49185667752443013,0.6221353110022633,0.5916229391720901,0.6091691746731893,0.6058374949870725,0.0635974330343449,0.23406544716011923,0.11649490455002148,0.0982855590036967,0.25051776062458053,-0.09725633675981087
2011-03-13,0.2413328306776914,0.5708142792469568,0.31806515247832673,0.18749999999999997,0.4869566019878536,0.6221353110022633,0.5916229391720901,0.6091691746731893,0.0635974330343449,0.22399105380769163,0.11500433472082675,0.11762068294792394,0.24547925424806585,0.06899287148695142
2011-03-20,0.23623887119613574,0.5575407656590325,0.4527425053997865,0.4592391304347827,0.7120231094475686,0.4869566019878536,0.6221353110022633,0.5916229391720901,0.06419868216007951,0.19548529902990447,0.11196226324099326,0.13609943090855414,0.25241327233546473,0.0
2011-03-27,0.2318460554890473,0.5461047266939819,0.4527425053997865,0.4592391304347827,0.6186212533488794,0.7120231094475686,0.4869566019878536,0.6221353110022633,0.06419868216007951,0.16901566959338782,0.10910271604994973,0.1345438150004707,0.28821492916946334,-0.03390155167568134
2011-04-03,0.22375823581052434,0.5252642595770434,0.3881371355867424,0.32336956521739135,0.5727256733724302,0.6186212533488794,0.7120231094475686,0.4869566019878536,0.0635728922537026,0.16300501976299236,0.10641474169036888,0.13432362454337154,0.27938319143674706,0.050430853626891904
2011-04-10,0.22360362317906812,0.524748928684928,0.4840150907805239,0.5495750708215297,0.6868940362012916,0.5727256733724302,0.6186212533488794,0.7120231094475686,0.06319251015374805,0.14736524960960357,0.10388804579236283,0.1335944576779316,0.2975953386088247,-0.017863524964347167
2011-04-17,0.22090568493825963,0.5177354487755732,0.4482141440080048,0.473087818696884,0.5944377927655515,0.6868940362012916,0.5727256733724302,0.6186212533488794,0.06195320073131527,0.13284260589574248,0.10151295164823718,0.12224838676464056,0.2833144186950224,0.0013342230131366622
2011-04-24,0.21873660676401496,0.512094277026281,0.4508523868499143,0.4842406876790829,0.6204275110562444,0.5944377927655515,0.6868940362012916,0.5727256733724302,0.05986723437672553,0.11881001063623026,0.09928036315275904,0.11153784805530198,0.30269787508390145,0.020456008567382264
2011-05-01,0.21949734484041022,0.5139666701590444,0.4924798704424363,0.7042253521126766,0.6463143921817159,0.6204275110562444,0.5944377927655515,0.6868940362012916,0.05902057744456851,0.09742530435795171,0.06430314339026841,0.1050903764794256,0.31264241177094,0.009102793674162
2011-05-08,0.22108475975553804,0.517934485955466,0.5112093039179892,0.7535211267605635,0.6309445239495376,0.6463143921817159,0.6204275110562444,0.5944377927655515,0.05871381768654066,0.07756807709955027,0.06498923496483425,0.09263208557722641,0.3360995071890345,-0.013029500290333795
2011-05-15,0.22038157802833053,0.5160539655055947,0.47852552281117516,0.683098591549296,0.6009820467913476,0.6309445239495376,0.6463143921817159,0.6204275110562444,0.057842619973741405,0.06206846235685709,0.06566160470790874,0.08106367259661287,0.3235242166248631,0.0032733253449691085
2011-05-22,0.22003897962778063,0.5150980210686938,0.4860641891007608,0.7007042253521132,0.6230526483067312,0.6009820467913476,0.6309445239495376,0.6463143921817159,0.0572168300673645,0.05643029396792748,0.06632052705612174,0.07311999775227934,0.33387942911647295,-0.016474837203505097
2011-05-29,0.2174061575564752,0.5083267553583968,0.44271390543374983,0.6126760563380287,0.5963177843010352,0.6230526483067312,0.6009820467913476,0.6309445239495376,0.05641925469649195,0.0511948518924929,0.06696627095737048,0.06312020676330182,0.3184514872646341,0.0
2011-06-05,0.21515620122937934,0.5025415677969309,0.44271390543374983,0.6126760563380287,0.6186212533488794,0.5963177843010352,0.6230526483067312,0.6009820467913476,0.05600206142557396,0.0463333699653036,0.06759909998059427,0.04946215074147148,0.3297671512346769,-0.003327790092674691
2011-06-12,0.2128024120974061,0.49649944051370093,0.43326578906908214,0.5950704225352115,0.6141161245629086,0.6186212533488794,0.5963177843010352,0.6230526483067312,0.05547443464176599,0.05371985553408243,0.06821927242335354,0.045349840352620185,0.31649415338962095,-0.00668898815079654
2011-06-19,0.20996465691332067,0.4892241398633452,0.41362814346169613,0.4444444444444448,0.6095657684090375,0.6141161245629086,0.6186212533488794,0.5963177843010352,0.05657876977066639,0.06057873499080568,0.06882704141725765,0.03750853346775804,0.31216328999894016,-0.015556620796523165
2011-06-26,0.20566352277129396,0.4781903787855715,0.36880315300714966,0.36666666666666653,0.5975608564455045,0.6095657684090375,0.6141161245629086,0.6186212533488794,0.056173846890069545,0.08264009851864013,0.06942265503128364,0.03792298297110697,0.30023161232204043,-0.0047830634405996286
2011-07-03,0.20163908841691347,0.46783337847260253,0.3551819542953852,0.38888888888888873,0.6121459901287614,0.5975608564455045,0.6095657684090375,0.6141161245629086,0.05568303127722496,0.10217645573451412,0.07000635637302915,0.030787067331921214,0.27550053873600167,-0.006872879287762064
2011-07-10,0.19761964052217273,0.4574466447745639,0.3351573857594224,0.3023255813953488,0.6093168184357649,0.6121459901287614,0.5975608564455045,0.6095657684090375,0.05568303127722496,0.1351995483790197,0.07057838368793978,0.028708297203168254,0.266497686084714,0.0204785313435407
2011-07-17,0.1970854200456774,0.456059524893766,0.40892346089912396,0.4767441860465121,0.6463448832897443,0.6093168184357649,0.6121459901287614,0.5975608564455045,0.0551308637127747,0.15070141678396337,0.07113897045655215,0.030625842174686696,0.282075767478009,0.0
2011-07-24,0.1967112426035274,0.455085442417968,0.40892346089912396,0.4767441860465121,0.6186212533488794,0.6463448832897443,0.6093168184357649,0.6121459901287614,0.054909996686994644,0.15825871761107413,0.07168834548979228,0.022087235118279314,0.2938164588264387,-0.08529295260701715
2011-07-31,0.18607428633757467,0.4273021271411884,0.19172051191050682,0.0,0.5031525112319545,0.6186212533488794,0.6463448832897443,0.6093168184357649,0.05317987165171728,0.19320910188034068,0.09860772211855892,0.03287298186599835,0.2772845497580104,-0.0051641575482343745
2011-08-07,0.1773091279423261,0.40406801340952775,0.1820390075851835,0.467171717171717,0.6116300687555207,0.5031525112319545,0.6186212533488794,0.6463448832897443,0.050983471784237455,0.2518227819540936,0.09800200947323096,0.05338240409440881,0.26630228388737764,-0.03922071315328127
2011-08-14,0.16624541134970516,0.37426683495966373,0.11484960980431852,0.344559585492228,0.5655246460171556,0.6116300687555207,0.5031525112319545,0.6186212533488794,0.047977226155564046,0.2900605793017417,0.0957124730874121,0.056335935782789115,0.25906798671706643,-0.05129329438755058
2011-08-21,0.15239036994640143,0.33614713913905125,0.045975340200576864,0.1827956989247311,0.5491809068614919,0.5655246460171556,0.6116300687555207,0.5031525112319545,0.04441881296244041,0.3368403013137999,0.093514518157026,0.059078500921999344,0.252891290140248,0.04666722599876833
2011-08-28,0.14715638177879717,0.32104236083319804,0.1888413944252248,0.34986225895316786,0.681798874939631,0.5491809068614919,0.5655246460171556,0.6116300687555207,0.04152300084665697,0.38150943510635754,0.09140448142385532,0.06407378860922264,0.2572486487441269,-0.02662647511532219
2011-09-04,0.14074885432400316,0.30231963414559415,0.14945507636108307,0.26345609065155806,0.5825745989114421,0.681798874939631,0.5491809068614919,0.5655246460171556,0.038516755217983534,0.41822780219332617,0.08937884616001149,0.06014209983022459,0.2533361889285336,0.0
2011-09-11,0.13641509524041323,0.28906862263328703,0.14945507636108307,0.26345609065155806,0.6186212533488794,0.5825745989114421,0.681798874939631,0.5491809068614919,0.03551050958931007,0.4528100534428217,0.0874342363067214,0.048445780059297394,0.2601807856713887,-0.05715841383994852
2011-09-18,0.12774331981985204,0.26296933787776244,0.07410298045559655,0.06824925816023752,0.5412407670863544,0.6186212533488794,0.5825745989114421,0.681798874939631,0.03170668858976411,0.4915431431074421,0.08556741084756292,0.04650488476884995,0.24529709965732857,0.04196419909903221
2011-09-25,0.1261640700983889,0.25692151261657403,0.19122776760756915,0.22418879056047197,0.6754319643842339,0.5412407670863544,0.6186212533488794,0.5825745989114421,0.028651361399806174,0.5302796622370443,0.0837752584067708,0.04732614634695945,0.2523117073515385,-0.025297146613820425
2011-10-02,0.1231168339572625,0.24640056035191304,0.15593861713753182,0.13274336283185825,0.5843742304781416,0.6754319643842339,0.5412407670863544,0.6186212533488794,0.025497871087279328,0.5500263566735824,0.08117733483576486,0.05333578936511113,0.24643087398876604,-0.019191243981118714
2011-10-09,0.11964129533842074,0.2343322426019223,0.1306872295158557,0.15240641711229913,0.5926403401031058,0.5843742304781416,0.6754319643842339,0.5412407670863544,0.022148054529614603,0.574364884666954,0.07873528667901927,0.05804166500412458,0.23106696223548942,0.047706414289139965
2011-10-16,0.1228267172000569,0.24207852423967802,0.25667653840644894,0.30748663101604257,0.6832057176041676,0.5926403401031058,0.5843742304781416,0.6754319643842339,0.01963262451378578,0.5810825855538728,0.07527269167637565,0.065384731025013,0.23986668491892463,0.03628158194783461
2011-10-23,0.13016388469684315,0.26250157749320446,0.34391022796150866,0.43048128342245995,0.6677388943904667,0.6832057176041676,0.5926403401031058,0.5843742304781416,0.01731352074309489,0.5805525878295659,0.07208710427394352,0.06730605221421035,0.270166169145441,-0.012470933254115992
2011-10-30,0.13534518170403226,0.2767046550989555,0.3207402254202624,0.40166204986149573,0.6017382292318502,0.6677388943904667,0.6832057176041676,0.5926403401031058,0.014798090727266094,0.5800604470855664,0.06915636386370594,0.05894585307835892,0.24559848270745752,-0.038374012881615155
2011-11-06,0.1360299482914855,0.2775354979637366,0.25497407702105496,0.35925925925925895,0.5666709003363114,0.6017382292318502,0.6677388943904667,0.6832057176041676,0.013178399204878732,0.5884816136583206,0.06646008268628736,0.056954558303109,0.23812020878228,-0.0016313217320840852
2011-11-13,0.13713483079751626,0.2796679663827121,0.25230779993789393,0.3518518518518517,0.6164127863813956,0.5666709003363114,0.6017382292318502,0.6677388943904667,0.011620059634097013,0.6013667453962903,0.06397950400306229,0.052831780243702914,0.22284682234076378,-0.06230971425694478
2011-11-20,0.13237234574543008,0.26383211761357345,0.1615015439508986,0.11351351351351303,0.5342669883480625,0.6164127863813956,0.5666709003363114,0.6017382292318502,0.00979177147625071,0.6163636592949442,0.06169737161449523,0.0512772049566427,0.21547011339951247,-0.005226492733542695
2011-11-27,0.1289075690882942,0.25163313415252975,0.1547794256724631,0.08108108108108032,0.6115456800080665,0.5342669883480625,0.6164127863813956,0.5666709003363114,0.008687436347350252,0.632851346237598,0.059597809817013514,0.04458662778017966,0.1926555269014731,0.004357305368955847
2011-12-04,0.1274437667846956,0.24543334786018245,0.1667373446226436,0.10810810810810775,0.6245201295701167,0.6115456800080665,0.5342669883480625,0.6164127863813956,0.006920500141109509,0.6481613412557765,0.057666212963330354,0.03505082175195137,0.21039296817041722,0.029980832211935857
2011-12-11,0.13014099716857597,0.25229214342216105,0.24916127132661975,0.32544378698224796,0.6592090027152439,0.6245201295701167,0.6115456800080665,0.5342669883480625,0.006000220867025813,0.6507496095560648,0.05588914385794183,0.03091848340894149,0.25100019429823006,0.012578782206860185
2011-12-18,0.1343498007422261,0.26408508882692083,0.28314073426217096,0.41420118343195234,0.6356502822943424,0.6592090027152439,0.6245201295701167,0.6115456800080665,0.00526399744775885,0.6268642641810811,0.05425424028098441,0.031978552206345656,0.2609358992475359,0.014888612493750559
2011-12-25,0.13995258535456245,0.28048994884178047,0.3237999583326389,0.5207100591715972,0.6387773073248825,0.6356502822943424,0.6592090027152439,0.6245201295701167,0.0056075683767501106,0.6101256272545674,0.03545284914597388,0.039434254814249226,0.26992329635779133,-0.013223333174689428
2012-01-01,0.1436634832282631,0.291102538059443,0.29642333594722386,0.4260355029585794,0.6007196377803644,0.6387773073248825,0.6356502822943424,0.6592090027152439,0.0051290231542265585,0.5945826072513765,0.035820295679632574,0.034114306946090744,0.2675343113010916,0.006633523495633877
2012-01-08,0.1479111532070203,0.3035667027972586,0.31589758077652447,0.4733727810650882,0.6276016507959352,0.6007196377803644,0.6387773073248825,0.6356502822943424,0.005129023154226586,0.580149802962699,0.03618039328261807,0.027075538161695,0.2709775850496343,0.0
2012-01-15,0.1518438616410787,0.31517638708140033,0.31589758077652447,0.4638554216867467,0.6186212533488794,0.6276016507959352,0.6007196377803644,0.6387773073248825,0.005411242131612232,0.5696120681186763,0.03653328893354388,0.021938750037874155,0.27526208181721834,0.0
2012-01-22,0.15548498814200745,0.32598559962429485,0.31589758077652436,0.4638554216867467,0.6186212533488794,0.6186212533488794,0.6276016507959352,0.6007196377803644,0.004981778470373205,0.5598270286206553,0.03687912667145116,0.014370452428090097,0.3027939202317448,0.02449102000829591
2012-01-29,0.16143280917072508,0.34421971871383483,0.39750787123589043,0.6729559748427676,0.6517769501219527,0.6186212533488794,0.6186212533488794,0.6276016507959352,0.004355988563996244,0.5352454023181668,0.03721804765460027,0.011365480457076527,0.3096241654007842,-0.009724549891994857
2012-02-05,0.16551279734306545,0.35664608924820496,0.3692004099121881,0.7251908396946557,0.6054562554286462,0.6517769501219527,0.6186212533488794,0.6186212533488794,0.0037792802189038077,0.505045798148176,0.03755019021808642,0.009099853639268934,0.30436376161373513,0.0
2012-02-12,0.1691135426053038,0.36763550778612036,0.3692004099121881,0.7251908396946557,0.6186212533488794,0.6054562554286462,0.6517769501219527,0.6186212533488794,0.003791550609224953,0.47700330856175605,0.03823563775504979,0.0,0.31574014378069026,0.08354446212726206
2012-02-19,0.1814877810741029,0.4061934619946121,0.6100805022177249,0.8278688524590163,0.731722906625171,0.6186212533488794,0.6054562554286462,0.6517769501219527,0.005141293544547704,0.46349224735165356,0.0388936673905346,0.01673594221680441,0.33802151411311687,0.05110601093349636
2012-02-26,0.19741697069330533,0.45527378289812487,0.7138843865499491,1.0,0.6878080573782095,0.731722906625171,0.6186212533488794,0.6054562554286462,0.00825797268611117,0.4583445708615082,0.04081438924461939,0.022132176892302374,0.34941997562440386,-0.03549811326750533
2012-03-04,0.20572919217663013,0.48053323513771184,0.5949024309000432,0.7907801418439718,0.5705642643335204,0.6878080573782095,0.731722906625171,0.6186212533488794,0.01084702504386667,0.4561653575462196,0.04354320968535702,0.028192374830103367,0.33090534143498074,-0.04140598998783565
2012-03-11,0.20746365016515936,0.4857592382908762,0.481410296493105,0.5957446808510637,0.5625662401987306,0.5705642643335204,0.6878080573782095,0.731722906625171,0.012699853982355208,0.44498895050350856,0.04682488699441567,0.030846377130542613,0.30736213657399225,0.051677540309665246
2012-03-18,0.2146749202620428,0.5073580042393994,0.5860084083166159,0.8357664233576638,0.6885817881042773,0.5625662401987306,0.5705642643335204,0.6878080573782095,0.01496987619176171,0.4204386153153779,0.049778396572568495,0.0371586393577395,0.33381981488677714,-0.09969936022308792
2012-03-25,0.20900327330531987,0.4903434238954824,0.3766128217024421,0.3613138686131388,0.48364926137360076,0.6885817881042773,0.5625662401987306,0.5705642643335204,0.015460691804606352,0.37753226622095265,0.07635998277594375,0.05176509734712467,0.310606696223549,0.059485453286179955
2012-04-01,0.21099570908529228,0.49628977784763195,0.4815033247479263,0.5599999999999998,0.6991520622289228,0.48364926137360076,0.6885817881042773,0.5625662401987306,0.016663190056075694,0.363949428344615,0.075771494186881,0.06183020825447283,0.3214653177659236,-0.012232568435634408
2012-04-08,0.21106837783129162,0.4964756109415806,0.4586178870994721,0.4888888888888888,0.6020609251277446,0.6991520622289228,0.48364926137360076,0.6885817881042773,0.01786568830754512,0.35133679317373007,0.07519477536959956,0.058233676647810956,0.31074910799448896,0.05025429327432145
2012-04-15,0.2167648210331567,0.5133779147683893,0.5432678217955231,0.7866666666666664,0.6866550105702648,0.6020609251277446,0.6991520622289228,0.48364926137360076,0.019792139587960306,0.35444323956679474,0.0746295909286637,0.059441477406401544,0.3268305984385488,0.03309654596057798
2012-04-22,0.22499879324000122,0.5375129384236732,0.5951502134198097,0.9083333333333339,0.6634270246778523,0.6866550105702648,0.6020609251277446,0.6991520622289228,0.022283028823146894,0.3718415813377198,0.04693555332280752,0.05933869665325736,0.3507370085137952,0.09447344046415954
2012-04-29,0.243200483719578,0.5898054519114311,0.7224875181858237,0.9540540540540541,0.7465184476706201,0.6634270246778523,0.6866550105702648,0.6020609251277446,0.026491772703289757,0.4089076330368739,0.04758145543275441,0.07183616053768624,0.37569660331366794,-0.0353903250460893
2012-05-06,0.2523419657870047,0.615057459142612,0.6402519981217349,0.781081081081081,0.5707101869444924,0.7465184476706201,0.6634270246778523,0.6866550105702648,0.02966980379645881,0.4446009303669956,0.04962250610018659,0.07679469398734506,0.34592039954781506,-0.009383446865797777
2012-05-13,0.2577163325103101,0.6292366416438638,0.6194218185925568,0.7432432432432431,0.6059180372777133,0.5707101869444924,0.7465184476706201,0.6634270246778523,0.03282329410898563,0.4706148791299634,0.052647739342615185,0.0717794676771985,0.3340417122973116,-0.0033726844786391187
2012-05-20,0.2608510001126293,0.6369455860891723,0.6116331028933366,0.7297297297297298,0.6140553469943408,0.6059180372777133,0.5707101869444924,0.7465184476706201,0.03591543246990689,0.4956883607787967,0.05549145859049806,0.06607306322150958,0.32272384039283564,-0.09564807472222141
2012-05-27,0.25102977131862547,0.6089812297965086,0.4281432292048582,0.3648648648648647,0.4891338509726611,0.6140553469943408,0.6059180372777133,0.5707101869444924,0.03603813637311806,0.47679737315946696,0.05816455468350795,0.07424166940284577,0.31658909457024764,0.0037105793965357746
2012-06-03,0.24319413668864473,0.5866278909790682,0.43416347026080476,0.37837837837837834,0.6236445984477067,0.4891338509726611,0.6140553469943408,0.6059180372777133,0.03536326490545666,0.45284327256871754,0.06067726501093729,0.07168252061683744,0.328010739393083,-0.01869213301215252
2012-06-10,0.23442682575313153,0.5617415295860669,0.4031955075838181,0.3108108108108108,0.5933160315172468,0.6236445984477067,0.4891338509726611,0.6140553469943408,0.034982882805502075,0.43060017916302157,0.06303921271872082,0.06773205527828619,0.32295346557388627,0.04789128770441485
2012-06-17,0.2327593900607101,0.5567736627458669,0.48459449717310604,0.4864864864864865,0.6834559973759443,0.5933160315172468,0.6236445984477067,0.4891338509726611,0.036074947544081415,0.423964945278925,0.10004306014066314,0.07648176775784016,0.33026945631822513,-0.010850016024065818
2012-06-24,0.2298025068553865,0.5482389768026003,0.46438393716573684,0.4459459459459459,0.6039326106890369,0.6834559973759443,0.5933160315172468,0.6236445984477067,0.036136299495686974,0.41780365667226377,0.0992823309889479,0.06729125893616111,0.3256879923693786,0.05241993222001066
2012-07-01,0.23351309024118033,0.5583308556524869,0.5511707782953104,0.6361111111111111,0.6895868308120885,0.6039326106890369,0.6834559973759443,0.5933160315172468,0.03870081107280027,0.429175636150462,0.09853681642026696,0.07100031532009954,0.33321704878651925,-0.006230549750636086
2012-07-08,0.2352764928169424,0.5629131895983106,0.5378829677560222,0.5757575757575757,0.6101863977082543,0.6895868308120885,0.6039326106890369,0.6834559973759443,0.04022233947261869,0.43973533138021753,0.09780621214295968,0.06744838179673768,0.3264806408308899,0.02061928720273561
2012-07-15,0.23884385772565836,0.57238689157878,0.5726162774092887,0.6393442622950817,0.6465354371574443,0.6101863977082543,0.6895868308120885,0.6039326106890369,0.0423083058272084,0.4628282679998868,0.09709021995119851,0.07097131368649515,0.33477695446356026,-0.013698844358161802
2012-07-22,0.23948953598806982,0.573761818794576,0.5403984532714186,0.5094339622641507,0.600075895518667,0.6465354371574443,0.6101863977082543,0.6895868308120885,0.04332674822386107,0.4741856961112753,0.09638854760327256,0.07091948036261456,0.32286625216377574,0.030562650410166668
2012-07-29,0.24342149719188005,0.5840249304388867,0.5942201183005318,0.6792452830188674,0.6599966623452251,0.600075895518667,0.6465354371574443,0.6101863977082543,0.04433292023019256,0.48823784453015756,0.09570090870230516,0.07471918093865726,0.35076239975977674,0.0033389012655146303
2012-08-05,0.24644785784938072,0.591686246986275,0.600123407504062,0.6981132075471697,0.6231414243289829,0.6599966623452251,0.600075895518667,0.6465354371574443,0.04368258954317336,0.5012862680619767,0.09502702257935708,0.06460516257922413,0.3678496043381495,0.025667746748577813
2012-08-12,0.25165040169658326,0.6050064845723627,0.6458472244893885,0.9531914893617024,0.653369990957832,0.6231414243289829,0.6599966623452251,0.600075895518667,0.04417340515601803,0.5199271479633822,0.0620066025549017,0.05836179989140908,0.37471407249090327,0.005830920310793144
2012-08-19,0.2559220078939595,0.6156084491745595,0.6562394845733603,0.9914893617021278,0.6265150946697849,0.653369990957832,0.6231414243289829,0.6599966623452251,0.044946439746248346,0.5372365364432587,0.06268121142529068,0.048891461594360114,0.3890049281096548,-0.0064809040840831155
2012-08-26,0.257783698101284,0.6197098232298842,0.6354006544184372,0.7824561403508775,0.6098474705274842,0.6265150946697849,0.653369990957832,0.6231414243289829,0.04565812238487313,0.5620182005729657,0.06334232811827187,0.05181597202446436,0.370900969724803,0.08234075534521139
2012-09-02,0.2699321398045701,0.6502303280895738,0.772679815532316,0.9220779220779218,0.7300933404798718,0.6098474705274842,0.6265150946697849,0.653369990957832,0.04964599923923585,0.5986926607275098,0.06492518444093587,0.06712449200762391,0.38339456671494676,-0.023017369886748407
2012-09-09,0.2754006197765834,0.662942025108348,0.6982526185915896,0.8233766233766235,0.5874605693014125,0.7300933404798718,0.6098474705274842,0.6265150946697849,0.053106249309790576,0.6327475165853012,0.06806570035883452,0.0725944746421412,0.3598701292966404,0.010969031370573937
2012-09-16,0.28038291360092116,0.6740974504792692,0.715938101161588,0.8701298701298701,0.6334710177888204,0.5874605693014125,0.7300933404798718,0.6098474705274842,0.057094126164153325,0.6643698827389644,0.07101778532165925,0.06770436256679804,0.38873335217437377,-0.012195273093818243
2012-09-23,0.28166377484992783,0.6757951184046442,0.6756233876820268,0.7941176470588238,0.6021114151867084,0.6334710177888204,0.5874605693014125,0.7300933404798718,0.060039019841221175,0.69373350845308,0.07379274518671453,0.06071492415316554,0.3631102730773307,0.04791335569589745
2012-09-30,0.2886188440372496,0.6913342219450809,0.7545954433231294,0.9565217391304351,0.6834858728010487,0.6021114151867084,0.6334710177888204,0.5874605693014125,0.0641496005987951,0.7304568572673911,0.07640120745986648,0.0664678316302901,0.36979700250821346,0.07055111099196519
2012-10-07,0.3038052120325189,0.7260762996465426,0.848054518258178,0.9687500000000008,0.7141326384304595,0.6834858728010487,0.6021114151867084,0.6334710177888204,0.06888597126274587,0.7756332963722494,0.07995754777997108,0.07705686012609853,0.3894553467340234,-0.008207980417829733
2012-10-14,0.3132432368791266,0.7459412732396691,0.8190158795429743,0.9334862385321102,0.607509371942523,0.7141326384304595,0.6834858728010487,0.6021114151867084,0.07354871958477,0.8175828469696178,0.08582715829550061,0.07796955637536432,0.37444580845727204,-0.03922071315328127
2012-10-21,0.31334618514588547,0.743512324517924,0.6915498760540326,0.7729357798165141,0.5655246460171556,0.607509371942523,0.7141326384304595,0.6834858728010487,0.07698442887468254,0.8461726322822887,0.09110980775947716,0.0831895958531765,0.3609774084148797,0.015310761237091514
2012-10-28,0.3144652775874266,0.7434576192132132,0.7152951892313502,0.8348623853211011,0.6393488080513776,0.5655246460171556,0.607509371942523,0.7141326384304595,0.08099684650968747,0.8727202900726261,0.09586419227705609,0.08209012665610743,0.37079719680644363,-0.001126126245135136
2012-11-04,0.3138769928361648,0.7395002296938054,0.7116088330118622,0.7994579945799462,0.6170967149548373,0.6393488080513776,0.5655246460171556,0.607509371942523,0.08443255579960002,0.8973716865922252,0.10014313834287711,0.07197431647213284,0.3594605574592856,0.011204599012863062
2012-11-11,0.31384725673643465,0.7368867112311095,0.7305375845210065,0.8461538461538463,0.6337899268956948,0.6170967149548373,0.6393488080513776,0.5655246460171556,0.0880523209443293,0.9089773092481526,0.103994189802116,0.06555438851453238,0.36558095170805804,-0.04617520176465404
2012-11-18,0.30558079354301204,0.7158381421991376,0.5833763184088514,0.6109510086455336,0.556109729221842,0.6337899268956948,0.6170967149548373,0.6393488080513776,0.09019963925052454,0.8980621001444107,0.10746013611543101,0.06641418271535407,0.35558673649627304,0.008713386525565227
2012-11-25,0.2992004947825996,0.6993978025162235,0.6005875031040258,0.6541786743515852,0.6304173484649817,0.556109729221842,0.6337899268956948,0.6170967149548373,0.0924205798986466,0.8554081635715236,0.13865365293526621,0.06808707020824445,0.36229885717313737,0.029070157602840523
2012-12-02,0.29746263361295944,0.6936549574755477,0.6567413251866661,0.7836990595611291,0.6579761405809648,0.6304173484649817,0.556109729221842,0.6337899268956948,0.09539001435635669,0.8275826133109883,0.13803071623367302,0.0647432256214436,0.374421521178507,0.009505243497428111
2012-12-09,0.2964616268299019,0.6896630410202137,0.6746247857753696,0.8066914498141264,0.6314893564759929,0.6579761405809648,0.6304173484649817,0.556109729221842,0.09694835392713841,0.8071435022582139,0.13742023826611166,0.06163822707655714,0.39831026777828804,0.01271789328728209
2012-12-16,0.2965646623454654,0.6881849863316046,0.6988526108521129,0.7524752475247525,0.6358386094770683,0.6314893564759929,0.6579761405809648,0.6304173484649817,0.09925518730750826,0.8046679691857104,0.10750681785560501,0.06487656428691135,0.41312550782491964,0.02335159053074734
2012-12-23,0.2992492715589514,0.6923780792927332,0.7419880452938585,0.8911564625850339,0.6502344019455556,0.6358386094770683,0.6314893564759929,0.6579761405809648,0.10186878044590603,0.8023692599040999,0.1082618056552318,0.06071263295536722,0.4193275956477196,0.06040357500097732
2012-12-30,0.31019570223811765,0.7142510857823577,0.8364088129024738,0.9491094147582699,0.7003950061800642,0.6502344019455556,0.6358386094770683,0.6314893564759929,0.10615114666797554,0.8169712821518358,0.10900169369886606,0.06943902844556754,0.42994113646801135,0.017034480037225838
2013-01-06,0.3204475186178704,0.7338622985274215,0.8594145064192951,0.7229601518026564,0.6416823612410749,0.7003950061800642,0.6502344019455556,0.6358386094770683,0.1098690749352737,0.8453865636684299,0.1110489748815846,0.08681188590587524,0.44654811530716776,0.02598822403979242
2013-01-13,0.33167016131146554,0.7547319827027675,0.8928497588688713,0.823529411764706,0.6538038498941511,0.6416823612410749,0.7003950061800642,0.6502344019455556,0.11270353509945152,0.871772182219553,0.11537498428591933,0.0865030903013091,0.4589611226905005,0.021073576790528393
2013-01-20,0.3427525386787699,0.7744571525590775,0.9183119905554102,0.9070208728652754,0.6471504498361698,0.6538038498941511,0.6416823612410749,0.7003950061800642,0.11626194829257519,0.8993879190958269,0.11944143312599398,0.08953947874715312,0.46542153884198245,-0.005226906649479302
2013-01-27,0.3488748935718362,0.7834619160643801,0.8941535802701603,0.8537477148080437,0.6115451196528311,0.6471504498361698,0.6538038498941511,0.6416823612410749,0.1205443145146447,0.9292535223135205,0.12326389503566415,0.09743112385263278,0.4586608436075882,0.00047630389088134897
2013-02-03,0.35207207503686677,0.7863357834548268,0.8948087667919715,0.8555758683729435,0.619266068769901,0.6115451196528311,0.6471504498361698,0.6538038498941511,0.12450765058836522,0.9569858681585215,0.12828436804598742,0.0907669654051117,0.46865064295050685,0.0
2013-02-10,0.35285513096780785,0.7843721582087798,0.8948087667919715,0.8555758683729435,0.6186212533488794,0.619266068769901,0.6115451196528311,0.6471504498361698,0.1284955274427279,0.9639718843951348,0.13290320321548482,0.08702743833322726,0.4793624368530751,-0.023609865639133622
2013-02-17,0.34752934844722977,0.7706390376141716,0.7753242540093803,0.7659963436928706,0.5866584545059176,0.6186212533488794,0.619266068769901,0.6115451196528311,0.1316367473649337,0.9691872303279916,0.13715253157142243,0.08460442893417311,0.46697261278129076,0.028360468397731462
2013-02-24,0.3467540220424352,0.765995289589317,0.8271938209096534,0.8738574040219382,0.6570153704668679,0.5866584545059176,0.6186212533488794,0.619266068769901,0.1364958219320957,0.9781370849233773,0.14106191365888504,0.08865094321265421,0.4840918324089447,0.028039220064392908
2013-03-03,0.34963859131101793,0.7684101827807979,0.8725311766431141,0.9426229508196718,0.6565804677014697,0.6570153704668679,0.5866584545059176,0.6186212533488794,0.1419070640637079,0.9894172961551415,0.14465854517935062,0.09398253365135886,0.5027555021726074,-0.005545300716425264
2013-03-10,0.34917380067253717,0.764426671910701,0.8445063097691816,0.9116379310344825,0.6111140809645923,0.6565804677014697,0.6570153704668679,0.5866584545059176,0.14654527160508973,0.9999999999999998,0.14906738565208588,0.08511608301740059,0.49236385876285016,-0.02724452210656551
2013-03-17,0.3421393221962029,0.7482656199591871,0.7166646404636019,0.757946210268949,0.5817378931055496,0.6111140809645923,0.6565804677014697,0.6570153704668679,0.1502631998723879,0.9691999332401926,0.15384615741890517,0.09157467063360789,0.4840763768679125,0.014184634991956381
2013-03-24,0.3375959503332847,0.7371053710462545,0.7461580142111579,0.8198433420365541,0.6378242696573355,0.5817378931055496,0.6111140809645923,0.6565804677014697,0.15406702087193397,0.940599871248943,0.15805147657370622,0.08760254889840538,0.49237489843501603,0.00981087056425924
2013-03-31,0.33428308562444287,0.7284746712553243,0.766346422770759,0.5527343750000002,0.6319031113277739,0.6378242696573355,0.5817378931055496,0.6111140809645923,0.1576008932844154,0.9422964207540212,0.16175215742993104,0.11434699943603577,0.5080070742219238,0.006949298293205724
2013-04-07,0.33145671967011014,0.7209300133555907,0.7808217704933855,0.47804878048780497,0.6280291435436168,0.6319031113277739,0.6378242696573355,0.5817378931055496,0.1598954562744641,0.9021761938193256,0.21487010190899958,0.1365576105874533,0.524340269191366,-0.12055696253910872
2013-04-14,0.3066269878028254,0.6728713944480837,0.38017391822470264,0.03361344537815128,0.4554124489595369,0.6280291435436168,0.6319031113277739,0.6378242696573355,0.15875430997460027,0.8446239002732789,0.21375053825175833,0.16190408819697172,0.5076979634012788,0.0408219945202552
2013-04-21,0.29284055853205104,0.6456991706872021,0.4741006205226134,0.20168067226890768,0.6738856593036813,0.4554124489595369,0.6280291435436168,0.6319031113277739,0.15794446421340658,0.802719774335835,0.21106243720396156,0.16760015698355457,0.5244683293884904,0.009950330853168092
2013-04-28,0.2827101272595302,0.6256175431858264,0.49604600820558115,0.2436974789915966,0.6320919112654401,0.6738856593036813,0.4554124489595369,0.6280291435436168,0.15684012908450617,0.7638088002510657,0.20848186019807663,0.15225099465403252,0.5348290617161833,0.06190510624726007
2013-05-05,0.28492130669706967,0.6288825321434548,0.6200560571681015,0.5147058823529409,0.7024277640921553,0.6320919112654401,0.6738856593036813,0.4554124489595369,0.15745364860056205,0.7469826126157786,0.20600450627242717,0.15933617585309862,0.5467618433602995,0.00972454989199478
2013-05-12,0.28750075019953963,0.6327645523647714,0.6377471241349446,0.5588235294117645,0.6317862512691125,0.7024277640921553,0.6320919112654401,0.6738856593036813,0.1583125759230401,0.7337832286143249,0.20362624650380368,0.14632631221714965,0.5614457113081569,0.04725288485054551
2013-05-19,0.29755390575636065,0.6502735627692726,0.7183077373265065,0.7794117647058824,0.6825917340077878,0.6317862512691125,0.7024277640921553,0.6320919112654401,0.1604598942292354,0.7327813676144685,0.14654801205683937,0.14788803630666986,0.577007233193203,-0.02447285651872569
2013-05-26,0.2996059079497114,0.6528402809074212,0.6426187112032602,0.6638655462184871,0.5854901461254585,0.6825917340077878,0.6317862512691125,0.7024277640921553,0.16253359019350405,0.731851068114602,0.14768479977034593,0.1414676442035065,0.5705170099268732,0.02666824708216149
2013-06-02,0.30524292115237095,0.6617883074551522,0.6882953694070608,0.7899159663865547,0.6547244582552505,0.5854901461254585,0.6825917340077878,0.6317862512691125,0.16461955654809374,0.7266743793252368,0.1487988517295823,0.1370799644306841,0.5900969724803051,-0.10682357370958687
2013-06-09,0.288631092762801,0.6306546530425248,0.434534686081622,0.30462184873949555,0.4740045727479336,0.6547244582552505,0.5854901461254585,0.6825917340077878,0.16313483931923872,0.6793592133805637,0.149890622649634,0.16378834251308982,0.5785439555586956,-0.013264748658483058
2013-06-16,0.27229827072764434,0.6001579724453101,0.4108242306022662,0.24789915966386541,0.6006635699145954,0.4740045727479336,0.6547244582552505,0.5854901461254585,0.16146606623556697,0.6257472561338093,0.15096055815128462,0.1709239346000649,0.5622571272123502,-0.020990275891835743
2013-06-23,0.25508185432545133,0.5680713759211427,0.3740246674036584,0.33333333333333337,0.5902048287811351,0.6006635699145954,0.4740045727479336,0.6547244582552505,0.15999361939703305,0.5887180326012971,0.2033873977321659,0.1903176461258872,0.5397229483873246,0.044451762570833796
2013-06-30,0.24870656102551966,0.5559853136653173,0.4588123371268467,0.48333333333333317,0.6787996028144377,0.5902048287811351,0.6006635699145954,0.4740045727479336,0.15925739597776611,0.5375781431597682,0.20189464618917757,0.19048614640618095,0.5448155491574521,0.004338401598598141
2013-07-07,0.2439407602349251,0.5469253286593821,0.466981810238647,0.5749999999999997,0.6244945378357735,0.6787996028144377,0.5902048287811351,0.6006635699145954,0.15837392787464571,0.4900911029640627,0.20043174967704896,0.17997362355678537,0.5497116437630267,0.03822121282019788
2013-07-14,0.24667419592214782,0.5517296066928665,0.538277779633566,0.730769230769231,0.6703647471738129,0.6244945378357735,0.6787996028144377,0.5902048287811351,0.158300305532719,0.44802392509928185,0.1989981110951629,0.17213591095645547,0.5577683965096972,-0.10484624462566408
2013-07-21,0.22982914071350616,0.5203975967378883,0.34820248676600124,0.31730769230769207,0.47668146099125364,0.6703647471738129,0.6244945378357735,0.6787996028144377,0.15860706529074692,0.41906125281155376,0.19759314528491462,0.188994432684579,0.5508575617338467,0.0733364663934531
2013-07-28,0.22901407683984085,0.5187842392086436,0.4681222527557323,0.6019230769230768,0.7179034245825141,0.47668146099125364,0.6703647471738129,0.6244945378357735,0.15974821159061076,0.39216734283009197,0.19621627879087122,0.19188096970134827,0.5594784417281944,0.008563325402320809
2013-08-04,0.22960198779860963,0.519778007174753,0.48152427982968277,0.6365384615384614,0.6302141972243215,0.7179034245825141,0.47668146099125364,0.6703647471738129,0.1608648171098323,0.3601209210041009,0.19486694962670875,0.1786452951259157,0.5663936923729113,-0.01287264497506302
2013-08-11,0.2274174413778407,0.5156375483900894,0.4582818352626215,0.5846153846153844,0.6011943959408971,0.6302141972243215,0.7179034245825141,0.47668146099125364,0.16006724173895975,0.3343759356205019,0.1935446070458295,0.17037775882965717,0.5297684759953368,-0.03416632959474986
2013-08-18,0.2193924582584931,0.5006677738200109,0.39950648707883535,0.45000000000000007,0.5723672196863906,0.6011943959408971,0.6302141972243215,0.7179034245825141,0.1581530608488656,0.32145848402876126,0.19224871131656784,0.16899721241787696,0.5213407902638922,-0.021581766125787424
2013-08-25,0.20920205982732099,0.48160204609861246,0.3649120339890481,0.36730769230769234,0.5894040752463908,0.5723672196863906,0.6011943959408971,0.6302141972243215,0.15442286219124635,0.31680408346687244,0.19097873350189143,0.16211843061732312,0.5163287791005757,-0.010711655594927772
2013-09-01,0.19932077407044074,0.46299965825240047,0.3479089268738778,0.33009708737864074,0.604119921647598,0.5894040752463908,0.5723672196863906,0.6011943959408971,0.15110985680454503,0.31248214008797576,0.1897341552435085,0.14856003163279297,0.5092942999964672,0.007662872745569097
2013-09-08,0.1928862413297983,0.45080615923187,0.36341959665928586,0.35922330097087346,0.6289951734664031,0.604119921647598,0.5894040752463908,0.5723672196863906,0.1472446838533934,0.3099624071452552,0.1885144685502933,0.13404617395876323,0.51402590348677,0.012642393415176527
2013-09-15,0.19008436286090533,0.4454650276838238,0.38997088066308644,0.5398457583547551,0.6357363985089219,0.6289951734664031,0.604119921647598,0.5894040752463908,0.1465207308244475,0.30247884091551586,0.18731917559094236,0.12599096481835392,0.5202842936376161,0.0
2013-09-22,0.1880133144239684,0.441497348959294,0.38997088066308644,0.5398457583547551,0.6186212533488794,0.6357363985089219,0.6289951734664031,0.604119921647598,0.1461280783341719,0.2950183171626024,0.1861477884907785,0.11501309910517865,0.5271631133641855,0.013972283195016335
2013-09-29,0.18894331579219553,0.4432539124262614,0.42219044646018605,0.3861788617886175,0.6375367899285951,0.6186212533488794,0.6357363985089219,0.6289951734664031,0.14659435316637426,0.2819881229623345,0.18499982913261787,0.10219584516656238,0.5455927420779312,0.06382592835417578
2013-10-06,0.20123219550796073,0.46660999684658816,0.5555274670784236,0.9268292682926831,0.7050281537578508,0.6375367899285951,0.6186212533488794,0.6357363985089219,0.14758825478238463,0.25510814132549725,0.1838748289616205,0.10918346409922713,0.5533547355777723,0.024341041005074993
2013-10-13,0.21540940717546805,0.49327521254907636,0.6005223614326476,0.9790940766550515,0.651573910054555,0.7050281537578508,0.6375367899285951,0.6186212533488794,0.14912205357252412,0.23996582948835454,0.12874982058274725,0.11269864303775423,0.570947557141343,-0.015546723738299897
2013-10-20,0.22343227246446035,0.5081854842168975,0.5585461548625721,0.8606271777003478,0.59757425498347,0.651573910054555,0.7050281537578508,0.6375367899285951,0.14924475747573535,0.22590511135386498,0.12998421128175686,0.10599335610184862,0.5605018193379728,-0.018605187831034358
2013-10-27,0.2260266004924233,0.512926092399668,0.5102198282133226,0.7212543554006967,0.5934337370297186,0.59757425498347,0.651573910054555,0.7050281537578508,0.15151477968514176,0.19782671028457727,0.13119391416678627,0.1069379769739523,0.5500494577313032,-0.00046959380999139945
2013-11-03,0.22768786314441472,0.5159150733982144,0.5089868270716702,0.7177700348432049,0.617985521967936,0.5934337370297186,0.59757425498347,0.651573910054555,0.15195651373670194,0.17175390929166728,0.13237942299411515,0.09994456045461636,0.5286832762214293,-0.0018805835349622534
2013-11-10,0.22834149627877903,0.5170323904829855,0.5037138905777878,0.7038327526132401,0.6160753382575307,0.617985521967936,0.5934337370297186,0.59757425498347,0.15212829920119758,0.14631332047493018,0.1335412216448974,0.09082715219599377,0.5192255890769067,-0.0032995551971655044
2013-11-17,0.22794056365367968,0.5162072249009595,0.49394302065264756,0.679442508710801,0.6141543486807121,0.6160753382575307,0.617985521967936,0.5934337370297186,0.15254549247211552,0.12268991657367423,0.13467978432266398,0.08026217019188134,0.5108619334440244,0.0056497325421191276
2013-11-24,0.22834984293930455,0.5168713686797985,0.5090617800200345,0.7212543554006967,0.6262698044893388,0.6141543486807121,0.6160753382575307,0.617985521967936,0.15396885774936508,0.10018988772752285,0.13579557574687529,0.06992712546135774,0.5246295086021125,-0.004705891037412728
2013-12-01,0.22749970624944135,0.5152269844820232,0.4933780245218757,0.6785714285714279,0.612250465352678,0.6262698044893388,0.6141543486807121,0.6160753382575307,0.15579714590721128,0.09414587736718305,0.13688905134260237,0.06960007414527883,0.5061248101176387,0.03019973986363241
2013-12-08,0.23211412638485057,0.5235626992251453,0.5765857096480123,0.9107142857142857,0.6595053576942729,0.612250465352678,0.6262698044893388,0.6141543486807121,0.15868068763267357,0.08983140974528275,0.1379606574264149,0.07052069366646957,0.51746034549758,0.04693598901859476
2013-12-15,0.24439282344969704,0.5456522089411467,0.6850033816920604,0.8977556109725684,0.6821627236150296,0.6595053576942729,0.612250465352678,0.6262698044893388,0.16266856448703632,0.1152382994497465,0.13901083138855114,0.09148921941221919,0.5253735825060939,0.025863510589919373
2013-12-22,0.25867141336933985,0.5709071277118029,0.7360780879248683,1.0,0.6536350140789782,0.6821627236150296,0.6595053576942729,0.612250465352678,0.1670859050026382,0.14217711904238367,0.1417638759570367,0.08472477841230833,0.5294626770763415,0.06586742498762502
2013-12-29,0.282942939371464,0.6130102405458386,0.8423831088275999,0.6925133689839575,0.7077919113848898,0.6536350140789782,0.6821627236150296,0.6595053576942729,0.17346650796961854,0.20920874712730686,0.14589188867017566,0.13633588599693758,0.5356614529974917,-0.07871556746547398
2014-01-05,0.2847063341918558,0.6153111779935583,0.5875721401118401,0.4206896551724139,0.5120569091393856,0.7077919113848898,0.6536350140789782,0.6821627236150296,0.17717216584659556,0.24767923826634192,0.1555439192329417,0.16064879248094005,0.5252996167025823,0.07911389449722943
2014-01-12,0.3015383377585953,0.643205521882792,0.7101007267627777,0.655639097744361,0.7257248486911121,0.5120569091393856,0.7077919113848898,0.6536350140789782,0.18158950636219728,0.2844070048529668,0.16442378735068647,0.17185646966128632,0.534044141025188,-0.020519730231176453
2014-01-19,0.30919954807246225,0.6549763411976968,0.6551574959526683,0.578947368421053,0.5908418487679474,0.7257248486911121,0.5120569091393856,0.7077919113848898,0.18473072628440312,0.3255370449518538,0.1725932660190116,0.20290196753152823,0.5220550570530257,-0.05429308236666225
2014-01-26,0.30280321464402665,0.6431067829254454,0.5291737491312265,0.38345864661654155,0.5451198240407173,0.5908418487679474,0.7257248486911121,0.5120569091393856,0.18669398873578164,0.35582513462024684,0.18010918639387075,0.21441468800120234,0.5098076447521814,-0.04701063259554964
2014-02-02,0.2874414499169569,0.6163894946303018,0.4404754924701713,0.19218750000000012,0.5549787313583529,0.5451198240407173,0.5908418487679474,0.7257248486911121,0.18783513503564553,0.37701991589976286,0.18702383313874116,0.2107631538121535,0.48969005016427025,-0.10072291291107503
2014-02-09,0.25612643504415905,0.5626442211268896,0.2981912987721333,0.06290115532734301,0.48226358603044767,0.5549787313583529,0.5451198240407173,0.5908418487679474,0.18637495858743264,0.3439757956641624,0.26654227070475095,0.23080923547705046,0.4697358427244144,-0.010000083334583534
2014-02-16,0.22924566102967503,0.5159589287040366,0.28647663995115985,0.03722721437740683,0.6050832410229491,0.48226358603044767,0.5549787313583529,0.5451198240407173,0.18471845589408203,0.3132919697311049,0.2643060140663126,0.23000939513494117,0.44725244639135187,0.02970515441391591
2014-02-23,0.21301637090049824,0.4874499885932914,0.33716802911293725,0.11424903722721447,0.6588357928826145,0.6050832410229491,0.48226358603044767,0.5549787313583529,0.18388406935224616,0.2952772867926954,0.262114482560643,0.24046037793935593,0.46615788497544774,0.04529975922966352
2014-03-02,0.20832328523092927,0.47915281510602287,0.41238730980340926,0.2362002567394095,0.679947612169508,0.6588357928826145,0.6050832410229491,0.48226358603044767,0.18406812520706284,0.2785493669213151,0.2599667816850868,0.23180021153735192,0.49077966580704413,-0.0032687397771267897
2014-03-09,0.20396145566312246,0.47142575528642067,0.4072231844267851,0.2272143774069319,0.6141960662866914,0.679947612169508,0.6588357928826145,0.6050832410229491,0.18428899223284295,0.2806424387120228,0.25786203482704173,0.2311044886236467,0.4811773589571483,0.028586547761416694
2014-03-16,0.20583512801854298,0.4747442010356694,0.45645221746677406,0.3068035943517331,0.6573214344375174,0.6141960662866914,0.679947612169508,0.6588357928826145,0.18447304808765963,0.265977300636853,0.25579938290615756,0.23098316450191103,0.5018292736778888,-0.11551288712184422
2014-03-23,0.1866346746844835,0.44050069111479845,0.2920716726562122,0.01265822784810145,0.4622410675707129,0.6573214344375174,0.6141960662866914,0.679947612169508,0.18042381928169138,0.2356409530892808,0.2537779840236911,0.24748614249643386,0.48777687497792055,0.0608646890364089
2014-03-30,0.18231926118755942,0.43270289585216104,0.3856210890325639,0.16835443037974668,0.7010192577274232,0.4622410675707129,0.6573214344375174,0.6141960662866914,0.17714762506595338,0.21910114613165715,0.2497528873410842,0.2505672360587075,0.5007484897728477,0.04091800527353328
2014-04-06,0.18662313096402022,0.440427811036351,0.4455439341309538,0.34375,0.6740156376966417,0.7010192577274232,0.4622410675707129,0.6573214344375174,0.17297569235677385,0.21303757975219612,0.24588879452578155,0.24573258847009788,0.5248171830289328,0.03620304866396064
2014-04-13,0.19702973838665075,0.45908314625275287,0.49727843321793347,0.46875000000000006,0.6676325768199517,0.6740156376966417,0.7010192577274232,0.4622410675707129,0.17211676503429574,0.21609826837789992,0.24217926542309104,0.241942878582948,0.5328032818737414,-0.00668898815079654
2014-04-20,0.20393975108826645,0.4714012579616596,0.48601834569465613,0.4453125000000003,0.6095657684090375,0.6676325768199517,0.6740156376966417,0.7010192577274232,0.16873013730566777,0.22959773118480664,0.23861811748450817,0.2391234679900106,0.5100527254742643,0.015538603427779166
2014-04-27,0.21232591363516642,0.48625854367751964,0.5098792744968608,0.6680584551148226,0.639657258519508,0.6095657684090375,0.6676325768199517,0.6740156376966417,0.16639876314465563,0.230797161414801,0.23519941546346856,0.23668034530070858,0.5198559543575794,-0.0030884648419109858
2014-05-04,0.21816574431212346,0.4965260693523369,0.5039293699187157,0.7382075471698113,0.6144401206823751,0.639657258519508,0.6095657684090375,0.6676325768199517,0.16557664699314084,0.23191091805693853,0.23191746152327058,0.22304313824870076,0.5107813438372134,0.014041476861108196
2014-05-11,0.22529366195485373,0.5089664696943447,0.5277035734018343,0.813679245283019,0.637630463618412,0.6144401206823751,0.639657258519508,0.6095657684090375,0.16646011509626119,0.2392942757627753,0.2287667857406805,0.21212903174180542,0.5244285865686932,0.019845344996265238
2014-05-18,0.23455196495244188,0.5249757156521686,0.561684476341477,0.922169811320755,0.6454876819757931,0.637630463618412,0.6144401206823751,0.639657258519508,0.1705216142925507,0.24615025077533803,0.225742136989394,0.19972078564587137,0.5569050941463242,0.08158589252167135
2014-05-25,0.25851471033357293,0.5658382150558913,0.6856918340219591,0.9983079526226731,0.7290714147751,0.6454876819757931,0.637630463618412,0.6144401206823751,0.1772703289691645,0.2740634390350555,0.15315056695851875,0.21495876204731612,0.5974118592574275,-0.01587334915629012
2014-06-01,0.27319774854347834,0.5901525175488959,0.6457543848147997,0.9243697478991598,0.5971320727749058,0.7290714147751,0.6454876819757931,0.637630463618412,0.18279200461366674,0.30037433068906166,0.1548471365006459,0.20532171671422156,0.5753733617126505,0.011928570865273812
2014-06-08,0.286455184040466,0.6115589595590907,0.6635697654218695,0.974789915966387,0.6347700327141801,0.5971320727749058,0.7290714147751,0.6454876819757931,0.18751610488729648,0.3248058729392104,0.15819537821156882,0.18692835439565808,0.5813667997315152,-0.06111881505604553
2014-06-15,0.28298479506665714,0.6051426326877971,0.5208244348512916,0.7226890756302522,0.5358792157187043,0.6347700327141801,0.5971320727749058,0.7290714147751,0.19048553934500662,0.31726441131744837,0.16140969025405483,0.19153658132746526,0.5752099745645953,0.04919024419077178
2014-06-22,0.2896378353755829,0.6153309109076728,0.5978560367057357,0.9243697478991598,0.6852145116137539,0.5358792157187043,0.6347700327141801,0.5971320727749058,0.1941666564413414,0.3102616255258122,0.1644954298148414,0.19336702913475812,0.5841223019041226,0.003992021269537457
2014-06-29,0.29469885307197186,0.6227459189761646,0.6039879607360155,0.9304347826086959,0.6240256116271221,0.6852145116137539,0.5358792157187043,0.6347700327141801,0.20091537111795532,0.30668123702445843,0.1674577397931965,0.17932560172609452,0.5972959426996856,-0.003592101248210559
2014-07-06,0.29682301457676674,0.6253117726951101,0.5951169950785156,0.880412371134021,0.6137583027766491,0.6240256116271221,0.6852145116137539,0.5358792157187043,0.2060443942721818,0.3047226118322102,0.171766526302691,0.16593733055262722,0.5905738863178719,0.008361585647245609
2014-07-13,0.2991986496375745,0.6282268094422471,0.6096528442364213,0.9116945107398565,0.6299410839712156,0.6137583027766491,0.6240256116271221,0.6852145116137539,0.2103635716652147,0.30264742278221074,0.17727021639884888,0.1503571386741776,0.5952381478079627,0.0003964321161928768
2014-07-20,0.3000264778885477,0.6286373216292018,0.6103810763115585,0.9074550128534706,0.6191579391639719,0.6299410839712156,0.6137583027766491,0.6240256116271221,0.21371338822287939,0.2953634954115266,0.18233361128731418,0.13763883197130067,0.5981139824071784,-0.0067608131850441806
2014-07-27,0.29808622130809925,0.624680572237154,0.5902193450363298,0.8195121951219508,0.6094685323994543,0.6191579391639719,0.6299410839712156,0.6137583027766491,0.21703866399990174,0.2974352557200855,0.1869919345847022,0.14296931615289715,0.5901709382838166,-0.0023971245997214037
2014-08-03,0.29494411509953766,0.6188924971162919,0.5827679232064698,0.7777777777777776,0.6153760501548632,0.6094685323994543,0.6191579391639719,0.6299410839712156,0.21986085377375852,0.2993590331494616,0.19265042736134036,0.13375203541477332,0.5783021867382626,-0.044997365930735805
2014-08-10,0.2819638573580995,0.5977195489016742,0.45584968325718395,0.4062499999999992,0.5577042715375408,0.6153760501548632,0.6094685323994543,0.6191579391639719,0.22141919334454024,0.2745209693642849,0.19774307086031467,0.1344629078059228,0.5728364450489277,0.03292478469646661
2014-08-17,0.2777422654274577,0.5904879295320724,0.5302172212470702,0.6416938110749182,0.6631944960045546,0.5577042715375408,0.6153760501548632,0.6094685323994543,0.22356651165073554,0.25145705299233506,0.2023264500093916,0.13319908783788137,0.5800795739569717,-0.004056800695614318
2014-08-24,0.27270107667370247,0.5820370197875541,0.5188768771175598,0.5539033457249075,0.6131291973345926,0.6631944960045546,0.5577042715375408,0.6153760501548632,0.22502668809894838,0.23004055921838162,0.20645149124356077,0.1269533991760755,0.5768162468647331,-0.014329825554824968
2014-08-31,0.26492800624264967,0.5693537590970388,0.4785371766425884,0.2757009345794391,0.5992216795154549,0.6131291973345926,0.6631944960045546,0.5577042715375408,0.22361559321202007,0.2075718650059561,0.21016402835431308,0.11905501394043577,0.5715834422580987,0.014329825554824868
2014-09-07,0.2611153058775797,0.5629888911840295,0.51409848632277,0.43925233644859857,0.6380208271823038,0.5992216795154549,0.6131291973345926,0.6631944960045546,0.22312477759917537,0.18198718045358364,0.21350531175399018,0.11294510910774869,0.579072755855442,0.0020304575503819213
2014-09-14,0.2578722728992261,0.5575676833179601,0.5192830233347718,0.46261682242990565,0.6213700663761954,0.6380208271823038,0.5992216795154549,0.6131291973345926,0.22232720222830288,0.1596828540161433,0.2155877709200517,0.10429830169273469,0.5860641802381036,-0.026723070140753393
2014-09-21,0.24910036695952747,0.5434703220801658,0.43847088917261084,0.09999999999999964,0.5824438295367123,0.6213700663761954,0.6380208271823038,0.5992216795154549,0.22257261003472517,0.13704905257801797,0.24357686235108367,0.10186596922555119,0.5780151552619492,0.01242251999855711
2014-09-28,0.24425603574766797,0.5356207382135072,0.4731481043115982,0.25,0.6354387360870456,0.5824438295367123,0.6213700663761954,0.6380208271823038,0.22171368271224706,0.11603195124261595,0.24300272714224203,0.09610934613751418,0.5950681368566079,-0.06371581438610774
2014-10-05,0.22708425289419576,0.5082068403024476,0.31308044684668296,0.035369774919613975,0.5323634241233257,0.6354387360870456,0.5824438295367123,0.6213700663761954,0.21889149293839033,0.1310920050795482,0.24244007463757716,0.11035287087656165,0.5857948122372557,-0.06336961393258937
2014-10-12,0.20130877878410372,0.46666659235926683,0.20269576798177819,0.13725490196078413,0.5328321068182754,0.5323634241233257,0.6354387360870456,0.5824438295367123,0.21446188203246752,0.1764451909597095,0.24069998564661982,0.13022525543441654,0.5686490973964037,0.05411640845210621
2014-10-19,0.19133121797837688,0.45040113211389715,0.3354116023208093,0.37058823529411766,0.6918835032869398,0.5328321068182754,0.5323634241233257,0.6354387360870456,0.2112347693780139,0.21855886356271648,0.23648046390124872,0.13433626647010727,0.5781189281803087,-0.06350614880194515
2014-10-26,0.17168557249133026,0.4180001923005582,0.23644624245883222,0.09803921568627448,0.5326472672842022,0.6918835032869398,0.5328321068182754,0.5323634241233257,0.2062898020786041,0.2626351846444387,0.23251411346059997,0.1454994940342615,0.5691204913978873,-0.05278397789340611
2014-11-02,0.14726573501412232,0.37692923537203415,0.17176556179639985,0.17209302325581388,0.5471628345113805,0.5326472672842022,0.6918835032869398,0.5328321068182754,0.20021595886965166,0.3225264096681178,0.22878574404639013,0.18332487313663276,0.5431419348571024,0.03373578292271168
2014-11-09,0.13467176410680748,0.3551550060241907,0.24328444064789673,0.3000000000000001,0.6642924172533949,0.5471628345113805,0.5326472672842022,0.6918835032869398,0.19506239493478295,0.3781396900472483,0.22216079467051875,0.18469246293271796,0.5593183664817889,0.007185659660874312
2014-11-16,0.12684864909689175,0.3412193006107256,0.25868667452128474,0.32554257095158595,0.6283491271879336,0.6642924172533949,0.5471628345113805,0.5326472672842022,0.1914426297900536,0.42978059325644086,0.21606584124471706,0.16899692877038308,0.5679778853287172,-0.02073862606557798
2014-11-23,0.11787103974475185,0.32500817187590714,0.2296876215075137,0.25762711864406773,0.5905455097870538,0.6283491271879336,0.6642924172533949,0.5471628345113805,0.18631360663582702,0.4645912817874838,0.21045848409297951,0.16579109731729952,0.5299914773730878,-0.08914016970415131
2014-11-30,0.0967540215580727,0.2868424843520573,0.12821543779032435,0.0,0.4979441873871511,0.5905455097870538,0.6283491271879336,0.6642924172533949,0.17915996907861642,0.5108335151536862,0.20529971551338094,0.1738330440859554,0.5234880065001589,-0.08444770712104861
2014-12-07,0.06834214141369402,0.23400020094120977,0.059442335115091394,0.010624169986719565,0.5042967960768523,0.4979441873871511,0.5905455097870538,0.6283491271879336,0.1705706958538351,0.5640050503666094,0.19903700390175866,0.17867704459475375,0.5149797311619033,-0.05542079394140781
2014-12-14,0.03960608027800744,0.178171619925102,0.023327151142619906,0.15947843530591777,0.54359313944338,0.5042967960768523,0.4979441873871511,0.5905455097870538,0.16041081266795104,0.6240597893386757,0.1895174263587665,0.20014048404019474,0.5047404352280355,0.17648346984814725
2014-12-21,0.0459857603997014,0.18750519510878821,0.30367729040721686,0.47542627883650945,0.8575428013188258,0.54359313944338,0.5042967960768523,0.4979441873871511,0.15405475048161282,0.6230897740139869,0.17484087873111992,0.2396597811317574,0.5132012399759777,-0.05598082413912174
2014-12-28,0.043646275408126184,0.18029144116844498,0.25100918161260205,0.3691073219658978,0.5428349761895473,0.8575428013188258,0.54359313944338,0.5042967960768523,0.14719560229210893,0.6221890454982044,0.16221904777134388,0.2441744076693496,0.5034664570600911,-0.11378506319580978
2015-01-04,0.026600512055928005,0.14392424619526523,0.1661190394006224,0.18956870611835508,0.46458017823860076,0.5428349761895473,0.8575428013188258,0.54359313944338,0.1375388051093906,0.6444445262890359,0.15136427314593648,0.28527076318488914,0.48675239340092546,0.0030385924321490133
2015-01-11,0.01566222794887412,0.1182862625620471,0.1700426200296113,0.23205741626794274,0.6227348692482239,0.46458017823860076,0.5428349761895473,0.8575428013188258,0.12978391842644516,0.6651103298805223,0.14025923761253067,0.2744592635758999,0.5081483820256473,0.060053356448142754
2015-01-18,0.01796478255041503,0.11878806682170656,0.24963987070774968,0.35835351089588385,0.6999208838226387,0.6227348692482239,0.46458017823860076,0.5428349761895473,0.12499846620120986,0.6609890531676541,0.08195780106215012,0.27351488843996313,0.5165297011339951,-0.08898735392084497
2015-01-25,0.009057117233608913,0.09606214558072845,0.18371634959689104,0.1779661016949155,0.49815106785892116,0.6999208838226387,0.6227348692482239,0.46458017823860076,0.11692454936991548,0.6627827326384739,0.08299698579015358,0.2712387572091895,0.5033715158794644,0.0056057449817940325
2015-02-01,0.005038312085542146,0.08276901689482402,0.1908800942297197,0.19923371647509605,0.6262102545722087,0.49815106785892116,0.6999208838226387,0.6227348692482239,0.11066665030614631,0.6493277097247172,0.08401538682359694,0.2808436027722636,0.5175365192355247,-0.030267127578877555
2015-02-08,0.0,0.06676519875618281,0.16948781430814236,0.1540656205420827,0.577645920191777,0.6262102545722087,0.49815106785892116,0.6999208838226387,0.10515724505196511,0.6412965786648823,0.08607460772211856,0.2619530601368963,0.49663841982548484,0.10619243584147377
2015-02-15,0.01337334155906389,0.09041052849152714,0.3071718810156064,0.41014492753623205,0.7623835058463786,0.577645920191777,0.6262102545722087,0.49815106785892116,0.10094850117182225,0.6045540558772615,0.0880514597846993,0.27729331132518736,0.5045671123750308,0.01315432179109248
2015-02-22,0.027964408228948412,0.11740385672558368,0.3238921148823259,0.4434782608695654,0.6364294419997872,0.7623835058463786,0.577645920191777,0.6262102545722087,0.09683792041424844,0.5603974021907181,0.08994923776477678,0.27527199704360267,0.5171898735295156,0.17376230339828463
2015-03-01,0.07005438199378952,0.20406732240833347,0.5253106562000625,1.0,0.8538589135244365,0.6364294419997872,0.7623835058463786,0.577645920191777,0.09735327680773526,0.5133669841003499,0.09331071610977007,0.30330320734717314,0.5345596937153354,-0.01637012964685544
2015-03-08,0.10160268795940204,0.2682257569859973,0.5041835326133486,0.7104337631887458,0.5964595363390046,0.8538589135244365,0.6364294419997872,0.7623835058463786,0.09959875823649955,0.4885481531967672,0.099751413579134,0.32460984966014367,0.5122142932843465,-0.22253693922402806
2015-03-15,0.09215259900394829,0.246992418332345,0.2976689408508096,0.22860492379835864,0.31735298133650863,0.5964595363390046,0.8538589135244365,0.6364294419997872,0.09866620857209474,0.44655652128141726,0.20439213434763887,0.36310904225085633,0.5058134913625605,0.1364077854940891
2015-03-22,0.10668784786178268,0.276072478499946,0.4199343429682187,0.5111371629542789,0.8032887425672319,0.31735298133650863,0.5964595363390046,0.8538589135244365,0.10183196927494265,0.4075642916457352,0.2024946174824171,0.36860034465462527,0.5293809835023139,0.28171190546527725
2015-03-29,0.1719714491987617,0.40896966423136594,0.6370472554373656,0.9606946983546619,1.0,0.8032887425672319,0.31735298133650863,0.5964595363390046,0.10867884707412545,0.4026672071375456,0.1095162910865509,0.44663330861297684,0.5511644646200586,-0.0630227045004477
2015-04-05,0.21030929559155592,0.4842464266580893,0.5704014617467763,0.8208409506398536,0.5333017493213608,1.0,0.8032887425672319,0.31735298133650863,0.11494901652821582,0.39811991437994104,0.11066456150423423,0.4573522836843961,0.5276422351361854,-0.022356907101276448
2015-04-12,0.23577357229270968,0.5329077574771285,0.5481234906816144,0.753479125248509,0.5883546971832888,0.5333017493213608,1.0,0.8032887425672319,0.12301066296918906,0.3938974282478796,0.11323094588775653,0.4428194170997188,0.5162570212314974,-0.04445176257083381
2015-04-19,0.24673890973746737,0.5533415301378167,0.5051266470369671,0.6540755467196818,0.5584429038833211,0.5883546971832888,0.5333017493213608,1.0,0.12978391842644516,0.386377032792296,0.11574600258360843,0.4240775694326115,0.5061921521178506,-0.03940254786602893
2015-04-26,0.24750803639346824,0.5545132697006272,0.4690894263466974,0.5695825049701788,0.5652784800103238,0.5584429038833211,0.5883546971832888,0.5333017493213608,0.13426261089365255,0.3681616339582447,0.11821075814554324,0.40405090367962965,0.4987966757339174,0.0051874674215150116
2015-05-03,0.2485251497743867,0.5561328044403081,0.47349214168684634,0.58051689860835,0.6256439946144408,0.5652784800103238,0.5584429038833211,0.5883546971832888,0.1407045658122385,0.3512473350409114,0.1206262185962394,0.3793331639069692,0.5097921892111491,0.044165411297681985
2015-05-10,0.2570254330326704,0.5715179480779105,0.5125865396235827,0.6759443339960237,0.6784119433384344,0.6256439946144408,0.5652784800103238,0.5584429038833211,0.14821404468876154,0.3394638507619456,0.12299336983792164,0.37212210591922007,0.5228918642032006,0.001349224400765385
2015-05-17,0.26330415703440363,0.5825945825551407,0.5138344554144112,0.6656314699792961,0.6204478197840648,0.6784119433384344,0.6256439946144408,0.5652784800103238,0.15634931347166153,0.3343726747738079,0.1253131780547702,0.3528332203468188,0.5293743596990144,-0.03708367240964793
2015-05-24,0.26055620930169476,0.5771423831914854,0.4718880473174694,0.5521064301552108,0.5684177503004239,0.6204478197840648,0.6784119433384344,0.6256439946144408,0.16134336233235574,0.31875149029147826,0.12758659010728185,0.33299819655548035,0.5225684018087399,-0.0710271887748775
2015-05-31,0.24509879879647709,0.5485562924792331,0.4002296482149403,0.3891352549889133,0.5224653589489741,0.5684177503004239,0.6204478197840648,0.6784119433384344,0.16425144483846033,0.2819570087749959,0.1298145339187432,0.33889125932466424,0.5063555392659059,0.0025006264593506813
2015-06-07,0.23291494171494315,0.5259289625891428,0.4028351192751158,0.3946784922394677,0.622006576320355,0.5224653589489741,0.5684177503004239,0.6204478197840648,0.16312256892891763,0.2475944286387437,0.13199791885397533,0.3266983443350763,0.5176281485145017,-0.027856954502966224
2015-06-14,0.21828140938014054,0.4986609370562003,0.3753151583566276,0.33370288248337004,0.5809087882817329,0.622006576320355,0.5224653589489741,0.5684177503004239,0.1617360148226315,0.2156863185122238,0.13413763609050278,0.30400775871851726,0.49886953757021224,-0.011363758650314982
2015-06-21,0.2047296795617062,0.4732148983048317,0.3640416158707565,0.3031319910514542,0.6032371110843022,0.5809087882817329,0.622006576320355,0.5224653589489741,0.16512264255125958,0.18795833045157934,0.1362345589822997,0.28818497219876243,0.4770595612392694,0.005698021114637796
2015-06-28,0.19501425133822975,0.454821385852852,0.37108147024005084,0.05555555555555547,0.626335177073555,0.6032371110843022,0.5809087882817329,0.622006576320355,0.16568708050603087,0.1616014007800345,0.1382895434162607,0.269819454629198,0.49845334192955804,-0.021405150319995632
2015-07-05,0.18394902017724807,0.4336762764848966,0.34777882962002643,0.060449050086355434,0.5896431759494315,0.626335177073555,0.6032371110843022,0.5809087882817329,0.15820214241015013,0.1414432769618824,0.23898378068035026,0.25311556260859613,0.47096455823647854,-0.06710998635150055
2015-07-12,0.16490954490626725,0.39675186851560307,0.2813845279744301,0.0,0.5277684282251511,0.5896431759494315,0.626335177073555,0.6032371110843022,0.15108531602390274,0.1331343083090064,0.23700875556193485,0.2510722160510847,0.4145297541244215,-0.012493064247466445
2015-07-19,0.14851409186973233,0.364254068658027,0.2699476712232019,0.01032702237521493,0.6017082685154502,0.5277684282251511,0.5896431759494315,0.626335177073555,0.14433660134728882,0.1286510966063396,0.23263246734606002,0.23081017238443485,0.3310974317306673,-0.08586917241085289
2015-07-26,0.1238986883242369,0.3143011087707445,0.199219213615834,0.0,0.5023724306520462,0.6017082685154502,0.5277684282251511,0.5896431759494315,0.1370479894965459,0.13934555442178564,0.22608947552748676,0.22878595509139132,0.3153129084678701,0.05098191341041216
2015-08-02,0.11270610538391453,0.2904712031111977,0.2660803142469074,0.1289437585733879,0.6876400553985339,0.5023724306520462,0.6017082685154502,0.5277684282251511,0.13183307361007157,0.15029588786473025,0.21630431260513855,0.2270812261805621,0.3431648973752075,-0.04973735817820746
2015-08-09,0.09790014099491233,0.25838421918641163,0.22529089441343148,0.024489795918367068,0.55128731766585,0.6876400553985339,0.5023724306520462,0.6017082685154502,0.1254770114237334,0.16111357376816915,0.20490784144222768,0.21850220631205874,0.32611412371498216,-0.04320875433123669
2015-08-16,0.08163433892416569,0.22206909519932977,0.19293459694696863,0.04733009708737871,0.5601256759469,0.55128731766585,0.6876400553985339,0.5023724306520462,0.11710860522473227,0.1806284382615801,0.1924963082486924,0.2217296652705361,0.306846583883845,-0.06090875308699246
2015-08-23,0.062434733537761467,0.17785500056967035,0.15188125937448577,0.09080188679245281,0.5361635955014623,0.5601256759469,0.55128731766585,0.6876400553985339,0.10758678233554614,0.21077468707487362,0.1779653696611211,0.22455169001355385,0.2691472074045289,0.09034145987411087
2015-08-30,0.06073779857283301,0.1711665148349395,0.2653877628159465,0.27471116816431307,0.7409246138707428,0.5361635955014623,0.5601256759469,0.55128731766585,0.10073990453636333,0.22300828900589748,0.160720995200285,0.22175019714659483,0.3111984226516409,0.06882471947713864
2015-09-06,0.07071181133517243,0.19064157580372165,0.34828930376566675,0.48372781065088727,0.7117954669464704,0.7409246138707428,0.5361635955014623,0.5601256759469,0.09708332822067073,0.20393499261900033,0.1462357206531827,0.24101149000188882,0.33177968347051967,0.06328700258793955
2015-09-13,0.0895442893002414,0.23033378500890878,0.4221231544118312,0.6759259259259262,0.704298561471271,0.7117954669464704,0.7409246138707428,0.5361635955014623,0.0947274132790164,0.1812233535890802,0.07018802928089565,0.23598488853949606,0.3476304447663122,0.0005523336235418499
2015-09-20,0.10565487891879742,0.26432532715700585,0.42278075629075323,0.6774691358024691,0.6193689970579419,0.704298561471271,0.7117954669464704,0.7409246138707428,0.0930586401953446,0.15595454397561587,0.07147696282474525,0.224146371297544,0.3665336754159748,-0.09553107664639823
2015-09-27,0.10519195132813311,0.2618827825148594,0.3231616374420913,0.4405144694533762,0.4892922417919782,0.6193689970579419,0.704298561471271,0.7117954669464704,0.08963520129575331,0.15159479398003317,0.07437071910434909,0.23624045154789397,0.3547653848871304,-0.009768087436207072
2015-10-04,0.10454664316274656,0.2589878071512536,0.3141516131288176,0.4665461121157324,0.6053973147388075,0.4892922417919782,0.6193689970579419,0.704298561471271,0.08588046185749165,0.14754645469842076,0.07714872513276877,0.2217601583146741,0.3411954198608118,0.07160703848504385
2015-10-11,0.11553243695836038,0.2822460207999651,0.4022713755864133,0.6853526220614832,0.715562142459406,0.6053973147388075,0.4892922417919782,0.6193689970579419,0.08411352565125102,0.13038765586995937,0.07981561092005168,0.21950786343448614,0.3480035856855195,0.010792493282022829
2015-10-18,0.12674516006092795,0.30622759330585503,0.4155695257883703,0.775828460038986,0.6332320222985993,0.715562142459406,0.6053973147388075,0.4892922417919782,0.08408898487060873,0.11208318505737569,0.08237582127584328,0.20779686796091035,0.3570505970254707,-0.005665737535677196
2015-10-25,0.13551714810374976,0.3249427861392814,0.4085398305010202,0.7563352826510722,0.6109510348089778,0.6332320222985993,0.715562142459406,0.6053973147388075,0.0842116887738199,0.09935960005052624,0.0848336232174032,0.20496783806873337,0.3309108612710637,0.006230549750635942
2015-11-01,0.14408055901895478,0.3433230633515043,0.4172357006779532,0.7777777777777777,0.6270561089895044,0.6109510348089778,0.6332320222985993,0.715562142459406,0.08623630317680409,0.08754484254416606,0.08719311308130073,0.19184679577761188,0.35476096901826404,-0.04091610773852618
2015-11-08,0.1453401603808977,0.3456058947268036,0.36364445146582974,0.6393762183235865,0.5632294378649411,0.6270561089895044,0.6109510348089778,0.6332320222985993,0.0863590070800152,0.0820652990016037,0.08945822335064238,0.18176178798553344,0.3393418589041579,-0.02985296314968116
2015-11-15,0.1426666947605404,0.339123661987357,0.32752662391154125,0.5419103313840155,0.5782066118340188,0.5632294378649411,0.6270561089895044,0.6109510348089778,0.08687436347350214,0.08708558763416974,0.09163272920921034,0.17257203932560028,0.33733815840604797,-0.06899287148695143
2015-11-22,0.13178896078865243,0.3139605903008367,0.2543866755087813,0.327485380116959,0.5252193972501902,0.5782066118340188,0.5632294378649411,0.6270561089895044,0.08687436347350214,0.10385061953862007,0.14382086981484143,0.17225906862165968,0.3216861112092415,0.04134134015644133
2015-11-29,0.12963772203313945,0.3082359002057318,0.3155749855253536,0.35632183908045983,0.6745887442069631,0.5252193972501902,0.5782066118340188,0.5632294378649411,0.08878854436359623,0.11941814916418109,0.14277307305870535,0.1639229870632859,0.3292615342494789,-0.0810816688059555
2015-12-06,0.1180293003698197,0.2804689559619513,0.23656578838445813,0.2741935483870969,0.5088537049219706,0.6745887442069631,0.5252193972501902,0.5782066118340188,0.08748788298955795,0.15540459300399118,0.141746232237692,0.19011321784790958,0.3156485145017134,-0.05771500750119897
2015-12-13,0.10275098534644851,0.24314345676777765,0.19013500858606264,0.12544802867383528,0.5404872561810519,0.5088537049219706,0.6745887442069631,0.5252193972501902,0.08378222511258088,0.1888205765695291,0.1386255432754414,0.18837240438823577,0.3095766948104709,-0.008626940635522978
2015-12-20,0.09086954867825534,0.21269935521167327,0.18351933804039172,0.10394265232974909,0.6069421878100077,0.5404872561810519,0.5088537049219706,0.6745887442069631,0.07856730922610655,0.21984970416610006,0.13562968187168084,0.1706650029376806,0.3037002773165648,0.01433716314640725
2015-12-27,0.08453329690751546,0.19486653317343694,0.20510414491992285,0.15853658536585383,0.6380307607400514,0.6069421878100077,0.5404872561810519,0.5088537049219706,0.07358553075573337,0.2360093511514248,0.13275365492407065,0.1591196559923641,0.3085698767089412,-0.08539508441212841
2016-01-03,0.07101890817944156,0.1583461437695471,0.13937506241882797,0.032258064516129024,0.5030142462205336,0.6380307607400514,0.6069421878100077,0.5404872561810519,0.06921727180141601,0.26467189275158354,0.1299926690543649,0.1662389228225402,0.30095691878333974,-0.3122713312102171
2016-01-10,0.032194534128747676,0.05354893866603094,0.0,0.0,0.19587146322079196,0.5030142462205336,0.6380307607400514,0.6069421878100077,0.0607997840411304,0.31560327568220997,0.1255517998828269,0.2127271972515692,0.27649190129649903,0.1798467455608856
2016-01-17,0.019675191659093205,0.013424411015817428,0.16665579013505533,0.2693565976008725,0.8620959701806381,0.19587146322079196,0.5030142462205336,0.6380307607400514,0.05317987165171728,0.36627899114572066,0.11620810084698754,0.2350816101573216,0.2951268679125304,0.10968742425853324
2016-01-24,0.023184041897148122,0.016059228289534766,0.2662789961629444,0.4122137404580152,0.7671149860436989,0.8620959701806381,0.19587146322079196,0.5030142462205336,0.046934242978269175,0.39341061433907537,0.10458729076228881,0.23660012168586092,0.31241499452432264,0.017296028650717027
2016-01-31,0.029848827773513303,0.027798208204801722,0.2823838532483112,0.4371584699453552,0.6420364431256755,0.7671149860436989,0.8620959701806381,0.19587146322079196,0.0410812667950968,0.3972027277512061,0.09412856168605993,0.2304894064986377,0.32363019747765565,-0.05035022688833422
2016-02-07,0.03160979150145499,0.026118424549536168,0.2503545245327988,0.37907761529808776,0.5504576221648957,0.6420364431256755,0.7671149860436989,0.8620959701806381,0.03432028172816182,0.405437293807781,0.08471570551745394,0.2162450007647964,0.3109941887165718,-0.05908891637000644
2016-02-14,0.02890744624649788,0.011503625772495418,0.2158312281593046,0.3268053855569156,0.5386272721610892,0.5504576221648957,0.6420364431256755,0.7671149860436989,0.02757156705154795,0.42308170258617567,0.07624413496570853,0.21281253281519896,0.2857210672271876,-0.013129291441792736
2016-02-21,0.02746283553564577,0.0,0.2083877283845877,0.32855280312907426,0.6008469505333196,0.5386272721610892,0.5504576221648957,0.6420364431256755,0.02125231603617314,0.439695991103426,0.0686197214691377,0.1987813523196219,0.27456768643798357,0.06975616307202419
2016-02-28,0.03535121599387123,0.016108081144743713,0.2792783253413948,0.4569083447332421,0.7130564459250015,0.6008469505333196,0.5386272721610892,0.5504576221648957,0.017288979962452627,0.442309779945165,0.061757749322223915,0.19572178066683815,0.28954079379658737,0.01468215607455029
2016-03-06,0.044965048988691,0.0381038441604884,0.29465771141682057,0.49093444909344486,0.6384978086992825,0.7130564459250015,0.6008469505333196,0.5386272721610892,0.012748935543639678,0.43554651960274055,0.0,0.1822117624510135,0.30136097078461155,0.03500755251676514
2016-03-13,0.05805425764410868,0.07137188323922722,0.33292185761248044,0.6984126984126983,0.6660141261496094,0.6384978086992825,0.7130564459250015,0.6008469505333196,0.010282587089095352,0.4181516958826393,0.0011310463614181143,0.178761620037301,0.3193920673331685,0.016285741870785467
2016-03-20,0.07174175308711567,0.1073376710983574,0.35142862845864603,0.7354497354497355,0.6406687270355369,0.6660141261496094,0.6384978086992825,0.7130564459250015,0.0090923592279471,0.4019993595711167,0.003721085115544698,0.17485831063658042,0.3415221941569223,-0.16887392138015211
2016-03-27,0.06658901290646127,0.08714321266670033,0.22428638159401265,0.3791887125220459,0.3900014356253413,0.6406687270355369,0.6660141261496094,0.6384978086992825,0.005570757205786758,0.4060497394386919,0.006207522319506248,0.19502040389891873,0.33472617197159715,-0.0018231545615150252
2016-04-03,0.06391169991480114,0.07381670498352427,0.2231657364766077,0.3824057450628368,0.6161530850246707,0.3900014356253413,0.6406687270355369,0.6660141261496094,0.0017792065965618609,0.4098108064585831,0.008594502035309315,0.1733401166862339,0.3301943865474971,0.04373744848037896
2016-04-10,0.0675846164605085,0.08002669138197549,0.2707497313260762,0.5229540918163671,0.6778325715770359,0.6161530850246707,0.3900014356253413,0.6406687270355369,0.0,0.4183509326787011,0.010886002562480263,0.16947425465945293,0.3386883103119369,0.05933943978630894
2016-04-17,0.07799457283071996,0.10781304900024569,0.3359668131830113,0.6626746506986028,0.6989543906201103,0.6778325715770359,0.6161530850246707,0.3900014356253413,0.0033252757770224906,0.4116660827302548,0.013085843068564362,0.1692076528560974,0.35083084572720524,0.04427282367798804
2016-04-24,0.0922758866591187,0.14846195996814526,0.38476942614587367,0.6733524355300858,0.6785573571394886,0.6989543906201103,0.6778325715770359,0.6161530850246707,0.0050431304219787365,0.3946619760529861,0.015197689954405097,0.16161423386482582,0.3591393029992581,0.03481976515922812
2016-05-01,0.10856868654658232,0.19599924959459197,0.4236745484105338,0.8022922636103154,0.6657599015120809,0.6785573571394886,0.6989543906201103,0.6778325715770359,0.0057057314993189945,0.3716193468826215,0.017225062964812243,0.1475671446359118,0.36713423358179953,0.11142573516091707
2016-05-08,0.13569943029504242,0.2769042157503615,0.5419730709703008,1.0,0.7694682938747832,0.6657599015120809,0.6785573571394886,0.6989543906201103,0.00800029448936776,0.33546505373617613,0.01917134105480306,0.1534127736561573,0.3767773872187091,0.08161133544616295
2016-05-15,0.1684356221059296,0.37316424609788107,0.6204476181875889,0.980735551663748,0.7291058591505967,0.7694682938747832,0.6657599015120809,0.6785573571394886,0.012601690859786296,0.31958578538612475,0.023076321105365893,0.16758592938194472,0.40396478786165957,0.03873832047629526
2016-05-22,0.19986543650484062,0.4630025305981091,0.6562328747485622,0.8774647887323943,0.6710648023221404,0.7291058591505967,0.7694682938747832,0.6657599015120809,0.018835049142913257,0.3199519981285635,0.02953221053678734,0.1884423798808968,0.4194048733528809,-0.10348584987045342
2016-05-29,0.21050290171202465,0.4927115058371218,0.514719352628618,0.6478873239436619,0.4785231497400344,0.6710648023221404,0.7291058591505967,0.7694682938747832,0.02325238965851506,0.2985390767380324,0.03895160323364685,0.21760356414746462,0.40715194121595355,0.0033389012655146303
2016-06-05,0.2191580030613976,0.5165490026677312,0.5180253364387684,0.6549295774647889,0.6231414243289829,0.4785231497400344,0.6710648023221404,0.7291058591505967,0.026724910119390932,0.27865564973253937,0.04742905666082042,0.20445447715713266,0.4144789716324584,0.10436001532424266
2016-06-12,0.23990339659595972,0.572531640314457,0.6190039907866813,0.8873239436619718,0.7599027933644364,0.6231414243289829,0.4785231497400344,0.6710648023221404,0.0320011779574709,0.28211279802584366,0.05505876474527663,0.22232765709243468,0.4357204048468576,0.020803127629763326
2016-06-19,0.2587194028665899,0.6216087454056816,0.6383154321486619,0.8636363636363634,0.6467843184801126,0.7599027933644364,0.6231414243289829,0.4785231497400344,0.03716701228266073,0.29147005091559774,0.061925502021287215,0.23350223690402544,0.468725712721235,-0.08594242980072477
2016-06-26,0.26077897550646567,0.6261007279303217,0.5198485881114971,0.6818181818181818,0.5022732555338127,0.6467843184801126,0.7599027933644364,0.6231414243289829,0.040357313766150926,0.28999056583811733,0.07037502165529366,0.23670767370220086,0.4587988395096618,-0.009661910911736972
2016-07-03,0.2604228015592582,0.6243112664594015,0.5079153876232632,0.6623376623376622,0.6055410554506503,0.5022732555338127,0.6467843184801126,0.7599027933644364,0.04584217823968981,0.28265187365228367,0.07781059893321937,0.22359321891964862,0.45645180520719253,0.05845207508116895
2016-07-10,0.26745389805383535,0.6413349344440066,0.5683117562455933,0.7831168831168829,0.6977530851995609,0.6055410554506503,0.5022732555338127,0.6467843184801126,0.05249272979373476,0.28540209510704734,0.08435390693779396,0.2269817384185746,0.4655749902850884,-0.06364352087441888
2016-07-17,0.26353036796654616,0.6303838184791873,0.4858471259098371,0.625174825174825,0.5324612943529611,0.6977530851995609,0.6055410554506503,0.5022732555338127,0.05730272279961229,0.28978516827382067,0.13233816563800777,0.2315274322721239,0.45430127706927614,0.09548760535998449
2016-07-24,0.27297027378727823,0.6530796970945685,0.5814335760425404,0.8146341463414634,0.7478914139150835,0.5324612943529611,0.6977530851995609,0.6055410554506503,0.06314342859246352,0.29586452732822444,0.1314626094445242,0.23382451794773945,0.47045342141519764,-0.05344319628902729
2016-07-31,0.2719876651598227,0.6494537928025873,0.512680405757254,0.6152380952380954,0.5462703912719791,0.7478914139150835,0.5324612943529611,0.6977530851995609,0.06722946856939521,0.3015096464501708,0.1306045643749103,0.22214031289091274,0.4617950065354859,-0.046609138223071785
2016-08-07,0.26413878479359915,0.6289014021988371,0.4590122530159953,0.4222689075630255,0.5555222704051326,0.5462703912719791,0.7478914139150835,0.5324612943529611,0.06986760248843515,0.29213898666235066,0.12976368020668866,0.22510790709375766,0.4529952838520507,0.03215711163453144
2016-08-14,0.26156400127199997,0.6216259843113379,0.49258496582430783,0.5022123893805311,0.6621552279277756,0.5555222704051326,0.5462703912719791,0.7478914139150835,0.0712173454237579,0.27672058410098893,0.1289396137218315,0.21824395148299824,0.46850271134348387,-0.032157111634531284
2016-08-21,0.2545618997355791,0.60347192880845,0.4543890117482328,0.3915929203539825,0.5750872787699834,0.6621552279277756,0.5555222704051326,0.5462703912719791,0.07041977005288541,0.26240349600829593,0.12726702989062721,0.20225069961674902,0.4594104373476525,-0.03322564762832039
2016-08-28,0.24417089777770418,0.5769746265297526,0.4167935909082587,0.28097345132743384,0.5736407054794801,0.5750872787699834,0.6621552279277756,0.5555222704051326,0.06823564057572673,0.2356761993908083,0.12566134941267115,0.1910727529707384,0.4506637050906136,-0.013605652055778709
2016-09-04,0.23381982661413095,0.5505901743181324,0.401612755396252,0.02816901408450694,0.600202058321129,0.5736407054794801,0.5750872787699834,0.6621552279277756,0.0678061769144877,0.2106677732642046,0.12301330042724201,0.17562108953653255,0.44467357897339876,-0.006872879287762064
2016-09-11,0.22447687992931326,0.5267116394282896,0.39367317015819797,0.07792207792207809,0.6093168184357649,0.600202058321129,0.5736407054794801,0.5750872787699834,0.06719265739843189,0.18153746482240324,0.11968292966132729,0.16197272207847196,0.4414190836188928,0.07312226482896259
2016-09-18,0.2263367916087975,0.53130108443997,0.48549606621101876,0.3636363636363636,0.7176134406570525,0.6093168184357649,0.600202058321129,0.5736407054794801,0.06590426641471464,0.17470573047016602,0.11542240187389416,0.1659148741178358,0.4555531758928887,-0.025317807984289783
2016-09-25,0.224155382670104,0.5256360009517006,0.4513834617007934,0.36200716845878206,0.5843462593224296,0.7176134406570525,0.6093168184357649,0.600202058321129,0.06370786654723487,0.1683619771430887,0.11158792686520433,0.15330961062653298,0.4492506270533789,-0.06660069416944056
2016-10-02,0.21376517166849085,0.499088341612736,0.37114935734056925,0.010752688172043421,0.5284579028632658,0.5843462593224296,0.7176134406570525,0.6093168184357649,0.06202682307324198,0.14200184951018785,0.10813689935738349,0.155771739148501,0.4426047444095099,0.052697789000449066
2016-10-09,0.21209234801284532,0.4947716335514314,0.4373904277581168,0.2867383512544806,0.689962990529219,0.5284579028632658,0.5843462593224296,0.7176134406570525,0.061474655508791776,0.11752458813677996,0.10503097460034472,0.15263605693342452,0.449293681774826,-0.01680711831638129
2016-10-16,0.2085078865720482,0.4855549153098833,0.4163443175112637,0.1971326164874555,0.5958679454695692,0.689962990529219,0.5284579028632658,0.5843462593224296,0.05947458188644983,0.09479570257575831,0.10223564231900983,0.13975497035488704,0.44633394566714946,0.010118130165584686
2016-10-23,0.20690206675709366,0.48141594509840785,0.4299601571285017,0.25089605734767073,0.6323190762883476,0.5958679454695692,0.689962990529219,0.5284579028632658,0.05889787354135739,0.07590459835714752,0.09971984326580843,0.12517043989843435,0.45201054509485283,-0.006734032181344068
2016-10-30,0.20471756782241382,0.4757857102200874,0.42055079344356655,0.2181818181818187,0.6095047882531369,0.6323190762883476,0.5958679454695692,0.689962990529219,0.05630882118360192,0.05598100730405453,0.09745562411792719,0.11250216878099861,0.446668447733776,0.02205234703019511
2016-11-06,0.20579776098267788,0.4785634279896836,0.4533786614511031,0.4052287581699349,0.6484754991508127,0.6095047882531369,0.6323190762883476,0.5958679454695692,0.05520448605470146,0.05553535177492919,0.09541782688483405,0.11665480454866933,0.4538519624121241,-0.06484700669628317
2016-11-13,0.19842980352992468,0.45952859882671326,0.3620439833228862,0.13488372093023224,0.5308320273413418,0.6484754991508127,0.6095047882531369,0.6323190762883476,0.05383020233873642,0.052476542807079696,0.07262810391847282,0.12033592204308097,0.44974078849754473,-0.02716392894082239
2016-11-20,0.18942249882156129,0.4360364657531957,0.32853477064274966,0.0,0.5818469993234391,0.5308320273413418,0.6484754991508127,0.6095047882531369,0.05137612427451321,0.05405866228831113,0.09286637003014211,0.10801297362959894,0.4453690783198502,0.016529301951210506
2016-11-27,0.18447261291995742,0.42297739099919285,0.35478732546836106,0.28076923076923027,0.6409984562248423,0.5818469993234391,0.5308320273413418,0.6484754991508127,0.04981778470373144,0.0661190724011454,0.09243576862351086,0.10391609599094992,0.4514994082735718,0.03295075531215919
2016-12-04,0.18481933433732772,0.423829626410108,0.4076373131107465,0.46153846153846134,0.6632296547630964,0.6409984562248423,0.5818469993234391,0.5308320273413418,0.04944967299409797,0.06607701425256607,0.09130472226209277,0.09399030232445565,0.45665162327339526,-0.007615128527252195
2016-12-11,0.1843303713703764,0.42247365151332794,0.39605237587512737,0.4192307692307692,0.6083119688743239,0.6632296547630964,0.6409984562248423,0.5818469993234391,0.04919199479735453,0.05486648695819124,0.09021891775513138,0.0887962268722112,0.45007418659695475,0.004160893659164718
2016-12-18,0.1846523360171138,0.42326164766809926,0.40334808120004756,0.44230769230769185,0.624254229371174,0.6083119688743239,0.6632296547630964,0.6409984562248423,0.04913064284574897,0.044456711613414523,0.08917654542844844,0.07907591669349945,0.4582457519341505,0.02054866822738776
2016-12-25,0.1876672826828596,0.4311883665234868,0.44059950374490714,0.5846774193548389,0.6464398338982796,0.624254229371174,0.6083119688743239,0.6632296547630964,0.048087659668454075,0.028958370690595064,0.08817586799483285,0.07057461868282927,0.4613136768290529,0.0013550137574595796
2017-01-01,0.19035289669757255,0.43824838187403325,0.4431492393161049,0.6419213973799124,0.6204556573569793,0.6464398338982796,0.624254229371174,0.6083119688743239,0.04754776249432499,0.017449673504672997,0.08721521765856183,0.06355506340790576,0.4652570477267106,0.052747889302618575
2017-01-08,0.19944913546659973,0.4621340445701767,0.5396542846329953,0.9265306122448981,0.6900308158148302,0.6204556573569793,0.6464398338982796,0.624254229371174,0.04919199479735453,0.020144051942343782,0.064159609588058,0.06543217370847101,0.468978521213834,0.02724273639387416
2017-01-15,0.21028643129609098,0.4902970939787829,0.5857270545819069,1.0,0.6555021961123126,0.6900308158148302,0.6204556573569793,0.6464398338982796,0.050419033829466164,0.028685476908485302,0.06486292521888906,0.057555625902737606,0.47423009326315035,0.0
2017-01-22,0.218671122626433,0.5118072024489522,0.5857270545819069,1.0,0.6186212533488794,0.6555021961123126,0.6900308158148302,0.6204556573569793,0.051952832619605704,0.028412966137860513,0.06638495765752836,0.054089520174202765,0.48514832903522087,-0.027885203489535663
2017-01-29,0.22125963921605124,0.5183300616615474,0.5167174351655113,0.8370370370370371,0.5808705450875937,0.6186212533488794,0.6555021961123126,0.6900308158148302,0.052762678380799344,0.027155262739013475,0.06784610879862207,0.05139569772441113,0.4804697159713145,-0.007094515406491173
2017-02-05,0.22211179434839717,0.5203993284656901,0.4997772030470718,0.7962962962962961,0.609016769685486,0.5808705450875937,0.6186212533488794,0.6555021961123126,0.05356025375167184,0.013394647423871503,0.06924881389407206,0.047844882567623176,0.471530893418589,-0.02955880224154439
2017-02-12,0.2186736534302308,0.5115751481013967,0.43212068589386926,0.6296296296296297,0.5786048439153846,0.609016769685486,0.5808705450875937,0.6186212533488794,0.05340073867749734,0.01602823146613877,0.07059541078570405,0.05189355723876152,0.4568757286183629,-0.01816397062767118
2017-02-19,0.21345933228386665,0.4982293983749406,0.3936287096656887,0.5296296296296297,0.5940310524457697,0.5786048439153846,0.609016769685486,0.5808705450875937,0.05407561014515877,0.010146371575015328,0.07188814380167075,0.04271033484133335,0.4455457130745045,-0.026136288268908826
2017-02-26,0.20596807278701676,0.4790036394023488,0.34171545303849443,0.38888888888888856,0.5832382089381509,0.5940310524457697,0.5786048439153846,0.609016769685486,0.054750481612820145,0.00873276433490533,0.10291373618487154,0.05534613025891827,0.3986955523368777,0.029524973314425534
2017-03-05,0.20373517553275347,0.4732483430552225,0.41019930891304573,0.42180094786729816,0.6585918655207931,0.5832382089381509,0.5940310524457697,0.5786048439153846,0.05567076088690387,0.007420129040517476,0.10230802353954357,0.05308725424406624,0.4233029815946585,-0.04497471882361959
2017-03-12,0.1963716334494385,0.4541850246258666,0.32346857394787837,0.35517241379310377,0.5577349309635703,0.6585918655207931,0.5832382089381509,0.5940310524457697,0.05521675644502255,0.033282937221595366,0.10171442514712214,0.06830496835439714,0.41434428763203446,-0.046351526476771626
2017-03-19,0.18515815827278925,0.4248256309035596,0.249956011079631,0.13448275862068984,0.5558710225984923,0.5577349309635703,0.6585918655207931,0.5832382089381509,0.054112421316122095,0.05729840196116759,0.10009740548299126,0.06721927823954518,0.40936539548521567,0.04067372556009025
2017-03-26,0.18136268756198717,0.4147294698480294,0.33923976301355524,0.3275862068965521,0.6736849342753883,0.5558710225984923,0.5577349309635703,0.6585918655207931,0.05362160570327745,0.07885087752070452,0.09854506660542561,0.06428722165878811,0.4295525400077719,0.028072018778686307
2017-04-02,0.18204809094982233,0.4164575817954508,0.3978324355127037,0.46551724137931016,0.6566248702712807,0.6736849342753883,0.5558710225984923,0.5577349309635703,0.053253493993643986,0.08338397384563145,0.09705482128296256,0.05754186473858486,0.43518718868124484,-0.0020782827016380704
2017-04-09,0.1825431612210269,0.41768790985321763,0.3937979636541476,0.45517241379310347,0.6158076951123954,0.6566248702712807,0.6736849342753883,0.5558710225984923,0.0528240303324049,0.08759327757592067,0.09562418577339801,0.04725558607461025,0.4296000105980853,0.005532517569725698
2017-04-16,0.18382823489591668,0.4210235281892381,0.406330314247255,0.48275862068965525,0.6261111200376245,0.6158076951123954,0.6566248702712807,0.6736849342753883,0.05151109856804548,0.08728365259976312,0.09425077568421608,0.037354238735497175,0.43518166884516196,0.027212563524884794
2017-04-23,0.18846602437130025,0.43325977611103317,0.4680092649861339,0.6206896551724139,0.6554613483854868,0.6261111200376245,0.6158076951123954,0.6566248702712807,0.050161355632722726,0.0712523261182646,0.09293230199860142,0.03323227204065948,0.44668721517645804,0.08241469867893218
2017-04-30,0.20323586612602143,0.4720151570130966,0.6257302013007442,0.9777777777777777,0.7301934442219947,0.6554613483854868,0.6261111200376245,0.6158076951123954,0.050382222658502784,0.08108667277788667,0.061288933543849566,0.043746649020627776,0.46620204366411133,0.11379211313641398
2017-05-07,0.23153009577477313,0.5444783409527555,0.7816134018011818,0.8411371237458195,0.772671872597902,0.7301934442219947,0.6554613483854868,0.6261111200376245,0.05353571297102966,0.1332954535610042,0.062193196497775244,0.08901498991382695,0.4977744020913555,-0.013326127246131851
2017-05-14,0.2512884699794377,0.5933639429509043,0.7445201543624389,0.8010033444816057,0.6005804761994397,0.772671872597902,0.7301934442219947,0.6554613483854868,0.05652968820938198,0.18177503571675624,0.06559035452849146,0.09344606985317758,0.45806911717949617,0.06701588593153357
2017-05-21,0.2768454468980829,0.6544522697325007,0.8213340561662226,0.9999999999999999,0.7093466862696864,0.6005804761994397,0.772671872597902,0.7301934442219947,0.061597359412002894,0.23676264379681566,0.06885162623797905,0.10438179995831093,0.48067063800473375,0.04397436506014724
2017-05-28,0.3033905017957512,0.7150646850481488,0.8651916405672528,0.8788265306122446,0.6781533068619139,0.7093466862696864,0.6005804761994397,0.772671872597902,0.06805158472091,0.301441298499392,0.07359091764030429,0.12328147812006574,0.5006789398382026,0.03490155175901473
2017-06-04,0.3291188659988514,0.7707360365426419,0.8973757473288249,0.9693877551020407,0.6658706233889854,0.6781533068619139,0.7093466862696864,0.6005804761994397,0.0758432825748187,0.3615000492946416,0.08160919898722549,0.1306868961730176,0.5191659748472108,0.10056643369315192
2017-06-11,0.3666255774917836,0.8482731374092347,0.9744550705486725,0.988888888888889,0.7547670806745714,0.6658706233889854,0.6781533068619139,0.7093466862696864,0.08579456912524386,0.4293113025171436,0.08898601782639301,0.157152316257269,0.5503353852403998,-0.11860250632422019
2017-06-18,0.37213617162949975,0.8547729192658471,0.6847338745977225,0.7247422680412369,0.45805837214261147,0.7547670806745714,0.6658706233889854,0.6781533068619139,0.09340221112433589,0.4920022576988016,0.10042615581697029,0.1799783348655335,0.5240322623379375,0.027172947928219223
2017-06-25,0.37931280065665673,0.864295483130756,0.7120158900048232,0.7802083333333334,0.6554077171888244,0.45805837214261147,0.7547670806745714,0.6658706233889854,0.10248229996196179,0.543264450261226,0.11072228000848985,0.17738732872448576,0.5292231161903416,-0.013979499772938983
2017-07-02,0.3804124734084894,0.8611243324351818,0.6835060506008741,0.7303370786516856,0.5996959470384926,0.6554077171888244,0.45805837214261147,0.7547670806745714,0.1105194056222929,0.5798352120386934,0.11998879178085745,0.17463159158523345,0.5153495601794609,0.06256448663426126
2017-07-09,0.39065230184227884,0.8760308828382878,0.7485411499605381,0.8779931584948688,0.7033204266338591,0.5996959470384926,0.6554077171888244,0.45805837214261147,0.11969765758248768,0.6220354366055354,0.12832865237598828,0.17766953865982854,0.5257003568022044,0.04546237407675741
2017-07-16,0.4052740036038146,0.8984795421126308,0.7920815789874189,0.9942129629629629,0.6801677585153613,0.7033204266338591,0.5996959470384926,0.6554077171888244,0.13016430052639977,0.6659798514729767,0.13583452691160602,0.17926617948583146,0.5365092998198325,0.12092503219893797
2017-07-23,0.4397385276728609,0.9561391892996232,0.8899604330762456,0.9126602564102564,0.7823283467449081,0.6801677585153613,0.7033204266338591,0.5996959470384926,0.14415254549247208,0.7219987933213623,0.14258981399366205,0.22727255563972487,0.558616243332038,-0.027398974188114388
2017-07-30,0.45800759025014887,0.9806480615502482,0.8246687281439748,0.8507089241034196,0.5815287974296622,0.7823283467449081,0.6801677585153613,0.7033204266338591,0.15679104752322176,0.7740163821805779,0.15675792249211745,0.23529550548884437,0.5368018511322287,-0.059261464036727426
2017-08-06,0.45693811592512007,0.9698340608047453,0.7005932612859742,0.7130203720106291,0.5383936788638413,0.5815287974296622,0.7823283467449081,0.6801677585153613,0.16607973299630663,0.8163802264680033,0.16922585797075823,0.236099133048573,0.5184362525170452,0.032314327789747826
2017-08-13,0.4598825499701296,0.966314554490932,0.7317058794193869,0.7561942517343907,0.6623680655788173,0.5383936788638413,0.5815287974296622,0.7823283467449081,0.17393278280182095,0.8209707839067095,0.18019764119196208,0.2501378675258001,0.5351216130285794,-0.06006424074265002
2017-08-20,0.44695700898565605,0.9358841001689335,0.620301335683479,0.5896624472573841,0.5373068878265941,0.6623680655788173,0.5383936788638413,0.5815287974296622,0.18032565615912238,0.8252334443855078,0.1898528104266215,0.24830721347420265,0.5232815646306567,-0.004338401598598242
2017-08-27,0.4331681137816542,0.9050431987207981,0.6128021290213015,0.5116279069767443,0.6127479688619852,0.5373068878265941,0.6623680655788173,0.5383936788638413,0.18507429721339436,0.820767701789346,0.2606573848141237,0.22859247285703815,0.5184373564842618,0.003472225710749057
2017-09-03,0.42040592159920964,0.8769324427849303,0.6169006360692979,0.49417852522639044,0.6233219176231427,0.6127479688619852,0.5373068878265941,0.6623680655788173,0.18886584782261923,0.8233669290941341,0.25939715803071617,0.21903099963380207,0.5258769915568586,-0.04338883311619154
2017-09-10,0.39948944977780165,0.8357866176996493,0.5390326960584797,0.3282967032967035,0.5598818870974686,0.6233219176231427,0.6127479688619852,0.5373068878265941,0.1905837024675755,0.8055089038213918,0.2581621357829768,0.2188975604192137,0.5143725491927791,-0.002265006630852125
2017-09-17,0.38041023399303786,0.7986715880655282,0.5351023549076226,0.32142857142857156,0.6155549101334439,0.5598818870974686,0.6233219176231427,0.6127479688619852,0.1895529896806017,0.7889264517824168,0.2553970110521027,0.20040900214242108,0.5084861959939238,0.0594234204708006
2017-09-24,0.3750121931900434,0.7857266400184961,0.6142744977366263,0.5068681318681317,0.6990680828268399,0.6155549101334439,0.5598818870974686,0.6233219176231427,0.19331999950918444,0.7856659812366098,0.25274249131046356,0.20755235431796898,0.5143824848977284,0.06653972252587213
2017-10-01,0.3826276225422749,0.7950672346395548,0.6936228826370456,0.7280219780219784,0.7087020610361439,0.6990680828268399,0.6155549101334439,0.5598818870974686,0.19837540032148426,0.7917252587876069,0.25019415235848996,0.21173684699444967,0.5252245469318543,0.019402707274852667
2017-10-08,0.39073256317362426,0.8048009238038808,0.7155314896305329,0.7668231611893586,0.6448884434766816,0.7087020610361439,0.6990680828268399,0.6155549101334439,0.20438789157883108,0.8000427094327933,0.24774774696459528,0.19463427541155331,0.5335539795810224,0.019033396489018275
2017-10-15,0.3991286600421015,0.8145600062905913,0.7372957177338464,0.8171846435100548,0.6443884742460819,0.6448884434766816,0.7087020610361439,0.6990680828268399,0.20936967004920426,0.8144207743064167,0.18903401751112386,0.18837289488369352,0.5430856325290564,-0.010831827375600702
2017-10-22,0.4010438224313047,0.813502992595217,0.7101128399944618,0.7176015473887815,0.6039572342985483,0.6443884742460819,0.6448884434766816,0.7087020610361439,0.21275629777783228,0.8120067715580845,0.19034017511123874,0.20564574493998644,0.5338354912212526,0.008134850206275815
2017-10-29,0.402068010232267,0.8110233038010399,0.7205710570756438,0.7582205029013541,0.6296341318097313,0.6039572342985483,0.6443884742460819,0.6448884434766816,0.21278083855847452,0.8097651975774904,0.19325620783694564,0.19719861941269184,0.5413998745893241,-0.03613904661587324
2017-11-05,0.3926771395626488,0.7922226482783827,0.6287638510830122,0.5802707930367503,0.5696965752073411,0.6296341318097313,0.6039572342985483,0.6443884742460819,0.21253543075205217,0.8070030600969995,0.19605559925362426,0.1884803528309339,0.5351801232910587,-0.03583445300921607
2017-11-12,0.37557689276440154,0.7617407985907377,0.548837932904616,0.4100580270793038,0.5701089309711239,0.5696965752073411,0.6296341318097313,0.6039572342985483,0.21298943519393354,0.7813194498899201,0.19874301501363573,0.1828334396344009,0.5207435439997173,0.03543437298787629
2017-11-19,0.3676617890816851,0.7463303067035547,0.6034920271297781,0.5783365570599608,0.6665919514142129,0.5701089309711239,0.5696965752073411,0.6296341318097313,0.2135538731487049,0.7628640360017875,0.20132293414324676,0.18895847050670478,0.538592485957537,-0.002403847311394443
2017-11-26,0.35904565089529417,0.7301566493655278,0.5978371385360879,0.5667311411992261,0.6153669490153578,0.6665919514142129,0.5701089309711239,0.5696965752073411,0.21579935457746913,0.7499674561551861,0.20379965650767334,0.18555112467286228,0.5215074893135973,0.07642606720334795
2017-12-03,0.3674995851275328,0.7409146767599402,0.7088525092787707,0.846551724137931,0.7220860951110595,0.6153669490153578,0.6665919514142129,0.5701089309711239,0.22059707719302546,0.7545531709307198,0.20617730997752282,0.21316981284146352,0.5538713922351362,-0.04600697283764032
2017-12-10,0.3618329346745741,0.7296243122704416,0.5993355827472164,0.6379310344827585,0.5563374758526739,0.7220860951110595,0.6153669490153578,0.6665919514142129,0.22381191945715795,0.7533684219394603,0.2101436887464615,0.2288463559049126,0.5268032200515773,-0.007812539736793625
2017-12-17,0.3538424005943752,0.715007796454703,0.5820931841641301,0.603448275862069,0.6080447155626634,0.5563374758526739,0.7220860951110595,0.6153669490153578,0.22798385216633738,0.7522682978761477,0.2138720847892639,0.21087147940811973,0.5136958172890097,0.005475179888088941
2017-12-24,0.34704240791383567,0.7024983863477182,0.5908564033600929,0.626943005181347,0.6260334968604202,0.6080447155626634,0.5563374758526739,0.7220860951110595,0.23238892229161812,0.7512467541030716,0.2173767770694981,0.1894581839778957,0.5182761772706397,0.0844730567748505
2017-12-31,0.3594608977446832,0.7193976217525391,0.7135248253423299,0.8226691042047528,0.7329800287274808,0.6260334968604202,0.6080447155626634,0.5563374758526739,0.2379105979361203,0.7736717624802811,0.22067118781291828,0.22169503659776507,0.5289614759600099,0.11371263616601075
2018-01-07,0.39624274814483273,0.7715045742170429,0.8372576273662777,0.722868217054264,0.7725642774740469,0.7329800287274808,0.6260334968604202,0.6080447155626634,0.24557959188681794,0.8146220342414203,0.22602883195825946,0.30392478526828937,0.562247191507401,0.054168236473149674
2018-01-14,0.43777969952466617,0.827422315615268,0.8845404824870831,0.8846153846153844,0.6919536675410004,0.7725642774740469,0.7329800287274808,0.6260334968604202,0.25478238462765496,0.8528669267222828,0.2397256473414489,0.3484489197089112,0.5763812837813967,-0.06252035698133393
2018-01-21,0.45044673679320896,0.840479113893976,0.7286939618497197,0.6923076923076922,0.5339818223445668,0.6919536675410004,0.7725642774740469,0.7329800287274808,0.26092985017853415,0.8883800411687979,0.2546560004054155,0.3653065582527792,0.5597908644504892,0.03018497633839745
2018-01-28,0.46568746471566874,0.8563297643567944,0.7598179869696287,0.7836538461538458,0.6594853709821707,0.5339818223445668,0.6919536675410004,0.7725642774740469,0.2685865737389106,0.9213565045834191,0.26779471110170605,0.35122683619689726,0.5737704013141626,-0.033415996919844065
2018-02-04,0.46559335856125117,0.8510370323748685,0.6845487603968994,0.6826923076923074,0.5733830125214656,0.6594853709821707,0.5339818223445668,0.6919536675410004,0.27469722811882646,0.953613683185434,0.27935677651444174,0.35476844468114127,0.5651749125657964,0.0349797188960269
2018-02-11,0.47195174668327744,0.8543434940766406,0.7239553606130302,0.7884615384615383,0.6659764452735585,0.5733830125214656,0.6594853709821707,0.5339818223445668,0.2832865013436077,0.9460382416078974,0.364145256207837,0.38604131036458683,0.576913395979793,-0.0031298930089277044
2018-02-18,0.4729865026288394,0.8505651808294463,0.7165061116322331,0.7788461538461534,0.614384035646186,0.6659764452735585,0.5733830125214656,0.6594853709821707,0.29283286501343603,0.9390039030001849,0.3625089708626382,0.3748530704042126,0.5674877238845515,-0.011032420803576613
2018-02-25,0.46769133273479985,0.8387773829726379,0.6893028491237521,0.7239583333333331,0.6036856729315498,0.614384035646186,0.6659764452735585,0.5733830125214656,0.3008822410640883,0.9324720171501657,0.36090541122434344,0.3539699044783366,0.5526658600346204,-0.020817405083522467
2018-03-04,0.4549205268202987,0.817829300572557,0.6387261924515937,0.6562499999999998,0.5904388595442234,0.6036856729315498,0.614384035646186,0.6659764452735585,0.3082076640857944,0.9027225265648107,0.35933392277881454,0.34594698638767923,0.537484102872081,-0.1129404111805954
2018-03-11,0.41367799066561206,0.7609085941804874,0.42899180044340995,0.31249999999999994,0.4657236596487555,0.5904388595442234,0.6036856729315498,0.614384035646186,0.30905432101795155,0.8396685773444634,0.35779386410219616,0.385720520706947,0.4999558413113364,0.09002615165771961
2018-03-18,0.4012723896305147,0.7419792208428498,0.5512324462325311,0.5520716685330345,0.7404977527759747,0.4657236596487555,0.5904388595442234,0.6036856729315498,0.3145759966624539,0.7710455926878681,0.3542586274080667,0.4069119593451172,0.5302751969477514,-0.03025440835780226
2018-03-25,0.3815404472807879,0.7139582771502935,0.5022050418970077,0.43999999999999995,0.5776631393454512,0.7404977527759747,0.4657236596487555,0.5904388595442234,0.31923874498447796,0.7202214056168652,0.3484789243179103,0.4090995805237277,0.5107493287879322,-0.07070081383210759
2018-04-01,0.34684569319134306,0.6667642188523613,0.40334102594304627,0.19109026963657663,0.5229072020667022,0.5776631393454512,0.7404977527759747,0.4657236596487555,0.3212756297777832,0.6608543286790236,0.34304600341316316,0.43736615795340167,0.4889581198996714,-0.044951387862266275
2018-04-08,0.3076943502118243,0.6136714003980576,0.35035153030113325,0.05263157894736873,0.5577665161845938,0.5229072020667022,0.5776631393454512,0.7404977527759747,0.31906695951998226,0.6169268836778403,0.33793905776270095,0.4242608717780811,0.4658355265482036,0.0339015516756812
2018-04-15,0.2835340005235449,0.5805420486611987,0.39683697878024565,0.15789473684210534,0.6645168333253285,0.5577665161845938,0.5229072020667022,0.5776631393454512,0.31383977324318685,0.5761371133195987,0.3302178415671191,0.40072308434619913,0.4864079556293496,0.014706147389695487
2018-04-22,0.26709966895225556,0.5578721941071831,0.4174396872702512,0.23809523809523808,0.6385302879006336,0.6645168333253285,0.5577665161845938,0.5229072020667022,0.30696835466336186,0.527164462504919,0.3231143226671837,0.3788665674451657,0.5038031670611509,0.00364299127850123
2018-04-29,0.25432913507780186,0.5402129968272656,0.42281898179932625,0.2642857142857145,0.6235530983327152,0.6385302879006336,0.6645168333253285,0.5577665161845938,0.30267371805097126,0.4816898581770022,0.31657908527924317,0.34982615868721817,0.5129826544670929,0.04965559044586076
2018-05-06,0.25574005478897976,0.5419458075846535,0.49630206868734844,0.4642857142857143,0.6858444926975548,0.6235530983327152,0.6385302879006336,0.6645168333253285,0.29893124900303075,0.44065041548958045,0.3105666668823379,0.34297372960233935,0.5304794308828205,-0.03163708494318247
2018-05-13,0.24849151000219233,0.5318864865307139,0.4454362639318707,0.3507462686567165,0.5757912856789005,0.6858444926975548,0.6235530983327152,0.6385302879006336,0.29537283580990703,0.40254236156554607,0.30503524195718507,0.3304892095929174,0.5051687745080722,-0.04941535956335043
2018-05-20,0.2306761346367851,0.5073646785766917,0.37457379410113606,0.1503759398496241,0.5517232361548282,0.5757912856789005,0.6858444926975548,0.6235530983327152,0.28880817698811,0.3667799179470958,0.29994633102604445,0.3250179911576316,0.4942152117850708,-0.04411069844747308
2018-05-27,0.20650268511255573,0.47384733806042245,0.3193924386545907,0.029197080291970712,0.5589046330661191,0.5517232361548282,0.5757912856789005,0.6858444926975548,0.28095512718259574,0.3460849467873815,0.2952645329693951,0.31469053105781614,0.4690955417387924,0.05900855312811007
2018-06-03,0.20081304543514847,0.4658986756003234,0.40844808751842615,0.26515151515151525,0.6985064395873734,0.5589046330661191,0.5517232361548282,0.5757912856789005,0.2754334515380934,0.308522338361691,0.2893780968965118,0.33133596158609446,0.4877636273713215,-0.024322995140220134
2018-06-10,0.19077453000147956,0.45180875537523585,0.37566533168533806,0.1666666666666664,0.5856930269536985,0.6985064395873734,0.5589046330661191,0.5517232361548282,0.26991177589359117,0.2736427733949785,0.28408030443091686,0.31705918923002213,0.4854287367082346,-0.019121041446778397
2018-06-17,0.17873149287891296,0.43477224434068923,0.3504834487584572,0.0983606557377046,0.5927353795886193,0.5856930269536985,0.6985064395873734,0.5589046330661191,0.26782580953900137,0.25008229558876693,0.27931229121188145,0.30380218632795497,0.47514749002013634,-0.03536714383729125
2018-06-24,0.16181968917007655,0.4105784951211485,0.3061127318050832,0.07246376811594205,0.5707415694320115,0.5927353795886193,0.5856930269536985,0.6985064395873734,0.261445206572021,0.23775095995300088,0.27502107931474956,0.2976136623494986,0.4591808121666019,-0.028399474521698
2018-07-01,0.143003809340223,0.3832327019134345,0.27285217902841447,0.04477611940298519,0.5801743301322438,0.5707415694320115,0.5927353795886193,0.5856930269536985,0.255310011411463,0.2317058153384436,0.26900864596462715,0.2918671757980748,0.4494868760377292,-0.012422519998557209
2018-07-08,0.12634607293448397,0.3585341875910393,0.25855236026625955,0.009900990099010042,0.6018037706107131,0.5801743301322438,0.5707415694320115,0.5927353795886193,0.2512607826054946,0.22664815410698297,0.26183114444302846,0.2786605880997492,0.43403795880877516,-0.04255961441879589
2018-07-15,0.10555687018846512,0.32711685650510736,0.21194750888931907,0.01639344262295105,0.5610044750370521,0.6018037706107131,0.5801743301322438,0.5707415694320115,0.2474569616059487,0.23332768898994383,0.2546618587628889,0.2672718352577171,0.41873476525241105,0.029980832211935857
2018-07-22,0.09636861624489756,0.31253703722749226,0.2657637292992147,0.13114754098360665,0.6592090027152439,0.5610044750370521,0.6018037706107131,0.5801743301322438,0.24340773279998035,0.23953011423840742,0.24517409493337994,0.2514495217802087,0.43374651146359555,0.006309169193264756
2018-07-29,0.09165030111098794,0.3045051808353039,0.277404827140409,0.1557377049180332,0.6271625432008759,0.6592090027152439,0.5610044750370521,0.6018037706107131,0.2390517442359842,0.241580176134431,0.23739412859318265,0.24025540220531755,0.4473010209488818,-0.010537505302785799
2018-08-05,0.08705232978724159,0.29650701604905705,0.2636567797896449,0.11475409836065618,0.6043556845630358,0.6271625432008759,0.6592090027152439,0.5610044750370521,0.23426629201074883,0.23871482541471278,0.2310145561942209,0.22461381961872579,0.44094548168297587,-0.03229559469135071
2018-08-12,0.07830664974073032,0.28187425192576054,0.22287747826044518,0.01626016260162625,0.5748998017992997,0.6043556845630358,0.6271625432008759,0.6592090027152439,0.22684270586647365,0.24604350893871574,0.22578330682707226,0.21271301442184415,0.4328026194934115,-0.04018397781903342
2018-08-19,0.06512268810730074,0.2598510296482265,0.17716787726517896,0.045801526717557356,0.5642205879926603,0.5748998017992997,0.6043556845630358,0.6271625432008759,0.21941911972219835,0.2649693403876261,0.2205864559970389,0.20778381688391723,0.4244135726145476,-0.044244701797757316
2018-08-26,0.048182245535560775,0.231110139405178,0.13285895071263915,0.0769230769230771,0.5587232206771253,0.5642205879926603,0.5748998017992997,0.6043556845630358,0.21248634919076775,0.29423499206949894,0.21327123168438294,0.2163243123377528,0.41564476101317693,-0.004773278752657771
2018-09-02,0.035792213913616644,0.2088770191622154,0.12827032324769888,0.0641025641025641,0.6121592365409692,0.5587232206771253,0.5642205879926603,0.5748998017992997,0.20684196964305435,0.3214102400598095,0.20383070717899765,0.2111371649486894,0.4106051506694457,-0.04152000521818706
2018-09-09,0.020666925441276823,0.1813012857642452,0.08974106096058121,0.05696202531645562,0.562411887525638,0.6121592365409692,0.5587232206771253,0.5642205879926603,0.1982526964182731,0.3560655789770056,0.1962782875746894,0.20806954241452813,0.39813584095806687,0.0367238329546941
2018-09-16,0.01731305732029717,0.17278194012386555,0.16696355509045951,0.17391304347826078,0.6683376093593024,0.562411887525638,0.6121592365409692,0.5587232206771253,0.19138127783844805,0.38039279674203036,0.18793981105587615,0.1990994856307725,0.4151501837001448,0.03309994842634471
2018-09-23,0.022790593329317738,0.1791966439211753,0.234926087601167,0.2968749999999999,0.6634316309018153,0.6683376093593024,0.562411887525638,0.6121592365409692,0.18598230609715694,0.3848343072909253,0.15458590498062297,0.20126423315138514,0.42444779559826185,0.0023228814161397287
2018-09-30,0.02954218671298109,0.18799969763656943,0.23980455878407642,0.33050847457627114,0.6217659468670443,0.6634316309018153,0.6683376093593024,0.562411887525638,0.18174902143637195,0.3761585443410072,0.15523180709056988,0.19452928421353732,0.42875547567739425,0.02971647232847687
2018-10-07,0.04236830442208109,0.20753737253624616,0.3035186396398564,0.4814814814814812,0.6588511149616116,0.6217659468670443,0.6634316309018153,0.6683376093593024,0.1791722394689375,0.3681024787446547,0.15687096311181287,0.18127934574851678,0.4330697795598262,0.031044621681960108
2018-10-14,0.06023693762444826,0.23612205569652775,0.3680907787968199,0.7096774193548383,0.660649150209573,0.6588511149616116,0.6217659468670443,0.6634316309018153,0.17782249653361476,0.3467912175405699,0.15844455289220616,0.1698503386231251,0.4501117214823188,0.04691691978775166
2018-10-21,0.08528814342984457,0.2772966710001017,0.459487675821795,0.9361702127659574,0.6821369078819439,0.660649150209573,0.6588511149616116,0.6217659468670443,0.17904953556572634,0.3117589028114853,0.16105500330127753,0.17148078943933043,0.4570843784222983,-0.018928009885518796
2018-10-28,0.10236861658222834,0.3051337557525106,0.422735372236058,0.8061224489795921,0.5929967037764478,0.6821369078819439,0.660649150209573,0.6588511149616116,0.1788654797109096,0.2823066289481178,0.16593434639873694,0.17474379381006155,0.4463383615360158,0.03545731183672942
2018-11-04,0.12417498812276243,0.34103910530910864,0.49031649125386795,0.9795918367346935,0.6666230057972741,0.5929967037764478,0.6821369078819439,0.660649150209573,0.17954035117857098,0.25495808893213373,0.17183265856523616,0.16727964047735466,0.4814003603348994,-0.01652930195121047
2018-11-11,0.13869949665369083,0.36479531746616917,0.4556558021316743,0.8979591836734695,0.5962440504729166,0.6666230057972741,0.5929967037764478,0.6821369078819439,0.18003116679141573,0.22399074715634926,0.17714113951508548,0.1655956839354626,0.4750150139541456,0.0
2018-11-18,0.15078883536712345,0.3845404259970384,0.4556558021316743,0.8979591836734695,0.6186212533488794,0.5962440504729166,0.6666230057972741,0.5929967037764478,0.18144226167834404,0.19523535836454947,0.1819187723699498,0.14829088105969862,0.5465653371957466,-0.03390155167568134
2018-11-25,0.153961477310432,0.38957137919542006,0.384903684322301,0.7346938775510202,0.5727256733724302,0.6186212533488794,0.5962440504729166,0.6666230057972741,0.18297606046848353,0.18252667016361773,0.18621864193932774,0.14533974298554275,0.5392813615006888,0.014973541790162581
2018-12-02,0.15998905335185273,0.3993568759334621,0.4180289861147907,0.8061224489795921,0.6388922837528971,0.5727256733724302,0.6186212533488794,0.5962440504729166,0.18610501000036817,0.1707257454056097,0.19008852455176783,0.1399758789974444,0.544159792630798,-0.02363160453327706
2018-12-09,0.1604548021061239,0.3999748733724777,0.36931052821471894,0.6938775510204082,0.5866290246094837,0.6388922837528971,0.5727256733724302,0.6186212533488794,0.1886817919678025,0.16163292270278073,0.19357141890296398,0.13674416247846494,0.5274446250044158,-0.013129291441792736
2018-12-16,0.15870488304958907,0.3969164151851492,0.34334300516108335,0.5813953488372092,0.6008469505333196,0.5866290246094837,0.6388922837528971,0.5727256733724302,0.19193344540289825,0.16575378167096344,0.22491746806372903,0.13724131150792213,0.5030027908291235,0.013129291441792802
2018-12-23,0.16039225647735839,0.3995617491669545,0.37585508721938693,0.6428571428571428,0.6363955561644393,0.6008469505333196,0.5866290246094837,0.6388922837528971,0.19463293127354386,0.16699408972377283,0.22428591933400316,0.1324559069110824,0.5115077542657293,-0.05818195538273583
2018-12-30,0.1510113761050579,0.3837032369413004,0.26699160722799925,0.1515151515151515,0.5398551068314608,0.6363955561644393,0.6008469505333196,0.5866290246094837,0.19487833907996616,0.19434120584307063,0.22366700157887182,0.15162401034431322,0.5017795951531423,0.006888660995185316
2019-01-06,0.14551943331490297,0.3741967513478985,0.2842060321013619,0.4111111111111114,0.6279470533789107,0.5398551068314608,0.6363955561644393,0.6008469505333196,0.19524645078959962,0.2329225305032549,0.2218223740490886,0.18254057098565252,0.515179549228106,-0.016147986407982103
2019-01-13,0.13884257146910772,0.3625447778758169,0.25604138921872893,0.33333333333333337,0.5967602716234386,0.6279470533789107,0.5398551068314608,0.6363955561644393,0.19438752346712151,0.2687480462591403,0.21813266703028567,0.1753940121611023,0.5020191560391422,0.06744128079553248
2019-01-20,0.14720270058561835,0.3764416478312914,0.4181213406163606,0.6666666666666667,0.7099225815617074,0.5967602716234386,0.6279470533789107,0.5398551068314608,0.19451022737033263,0.2825320191601632,0.21466434243261096,0.17925200778669131,0.5174956724485109,-0.0021762794225955173
2019-01-27,0.15393605532705462,0.3876265966045481,0.4134592963724592,0.6555555555555554,0.6156750281363479,0.7099225815617074,0.5967602716234386,0.6279470533789107,0.19322183638661544,0.2844913625649205,0.21140411731079672,0.18108541796905492,0.5038274543399158,0.06126519579260209
2019-02-03,0.17220131950504314,0.41830406198023173,0.5424198770231581,0.7652173913043477,0.7015614597492014,0.6156750281363479,0.7099225815617074,0.5967602716234386,0.19426481956391034,0.25641216238070824,0.16032725706903977,0.20989759235148409,0.5367102218532518,0.014242356715543168
2019-02-10,0.18984573812697253,0.447718463187482,0.5697309321709512,0.6934306569343065,0.6379024127466725,0.7015614597492014,0.6156750281363479,0.7099225815617074,0.1946942832251493,0.24570161409281538,0.1619778957944596,0.22703217547891003,0.5622747906878157,0.03960913809504588
2019-02-17,0.21238537512727906,0.48485077887298705,0.6420456795972962,0.8394160583941604,0.6722437064634201,0.6379024127466725,0.7015614597492014,0.6156750281363479,0.19684160153134467,0.22398361801110167,0.1658446964260083,0.24031933832085206,0.5721928321616561,-0.07246630325282097
2019-02-24,0.21445483040474383,0.4882161375345045,0.46742902856045226,0.5766423357664232,0.5205171002306246,0.6722437064634201,0.6379024127466725,0.7015614597492014,0.1967802495797391,0.20670131242309442,0.16955682503229513,0.25265741810265535,0.5585179902497615,0.04090549834060354
2019-03-03,0.22451141530009688,0.5045270279539794,0.5400903293536294,0.7226277372262772,0.6739987059365257,0.5205171002306246,0.6722437064634201,0.6379024127466725,0.19892756788593446,0.19065345723423066,0.17312046849433044,0.24574955603679777,0.5784048556894054,-0.12583136883921184
2019-03-10,0.20678540750762447,0.4756537631838056,0.32999781129112976,0.29197080291970795,0.4482720107138056,0.6739987059365257,0.5205171002306246,0.6722437064634201,0.19702565738616146,0.18978676787493604,0.1765415662178843,0.2830604708677274,0.5560241283074857,0.0022701485345390775
2019-03-17,0.19326077923281515,0.4534135511300074,0.33380978330706496,0.29927007299270075,0.6216945576218545,0.4482720107138056,0.6739987059365257,0.5205171002306246,0.19585997030565538,0.18898198489844814,0.1775513133342902,0.2661103977037897,0.5697122178259794,-0.011402632097811649
2019-03-24,0.18060532065483859,0.43238909182733676,0.31816088919640223,0.26277372262773724,0.6031844846017267,0.6216945576218545,0.4482720107138056,0.6739987059365257,0.19475563517675493,0.19075661203988264,0.1775513133342902,0.24687301539733814,0.5588745716607199,-0.06882905790643933
2019-03-31,0.15846851231466358,0.39506232166390876,0.23393263318431007,0.051094890510949106,0.5254411664292987,0.6031844846017267,0.6216945576218545,0.4482720107138056,0.19150398174165917,0.2070325958150956,0.25864791158317785,0.24737438226173647,0.5433803917758858,0.004901970600206688
2019-04-07,0.14246818788495821,0.36748205762243946,0.2429089804908035,0.06569343065693418,0.6252574918867565,0.5254411664292987,0.6031844846017267,0.6216945576218545,0.18997018295151968,0.22378343642728638,0.2567532653940003,0.23559683691746597,0.5584329847740841,0.021766276481954505
2019-04-14,0.13446406547646197,0.35326365837412943,0.28426901232705676,0.1185185185185181,0.648088219717373,0.6252574918867565,0.5254411664292987,0.6031844846017267,0.1888044958710136,0.2261730475858187,0.252953638581886,0.22990758779340764,0.5645500671212067,0.021302580703868406
2019-04-21,0.13281598878154552,0.34994337868106007,0.3251956076870978,0.1851851851851852,0.6474604730327527,0.648088219717373,0.6252574918867565,0.5254411664292987,0.18862044001619688,0.2283919722330272,0.24930599684225635,0.2150051348076667,0.5735275285265128,-0.016529301951210582
2019-04-28,0.129295471534964,0.3432867214948272,0.30089784541792436,0.13333333333333314,0.5962440504729164,0.6474604730327527,0.648088219717373,0.6252574918867565,0.18616636195197367,0.23045240226257802,0.24580426077221185,0.19854362125881075,0.5665857826685978,-0.048790164169432056
2019-05-05,0.11876535048229692,0.3240678190772038,0.23552938605784218,0.0072463768115943045,0.5525696193964269,0.5962440504729164,0.6474604730327527,0.648088219717373,0.1825465968072444,0.2458218903027209,0.24244259414496916,0.194626523232529,0.5544355194828133,-0.020202707317519355
2019-05-12,0.10801664843610752,0.3040291085262654,0.2110412975384824,0.013605442176870939,0.5912710312026428,0.5525696193964269,0.5962440504729164,0.6474604730327527,0.17665680945310874,0.26557218935423743,0.23747261377975026,0.18049513195973882,0.5450573179778853,-0.03109058707003112
2019-05-19,0.09550142831884613,0.28026266141629413,0.17530194561165652,0.0400000000000001,0.5765311290077287,0.5912710312026428,0.5525696193964269,0.5962440504729164,0.16960133501846703,0.29295041003697686,0.23072685003405174,0.1752436902498658,0.5310557017698802,0.052792170511286436
2019-05-26,0.09574453118138056,0.27951586393728717,0.282668510682006,0.17733333333333356,0.6900907632701357,0.5765311290077287,0.5912710312026428,0.5525696193964269,0.16258267175478852,0.2822156897303793,0.22182095130881513,0.19485355209883592,0.5433693521037198,0.012404029045255423
2019-06-02,0.09928144653433166,0.2848787071053849,0.30730745387656305,0.24307692307692336,0.6354137032202842,0.6900907632701357,0.5765311290077287,0.5912710312026428,0.15807943850693895,0.27224773515996736,0.21380564245610212,0.17720791582422857,0.5517054085561874,-0.017409044498279097
2019-06-09,0.10020540502037821,0.2854656289963009,0.281750621070567,0.25625000000000003,0.595053063853368,0.6354137032202842,0.6900907632701357,0.5765311290077287,0.15191970256573867,0.2666095938796424,0.2065918644886604,0.16257169646777658,0.5363227293602288,0.0
2019-06-16,0.10207772123862772,0.28784820023153734,0.281750621070567,0.32368421052631585,0.6186212533488794,0.595053063853368,0.6354137032202842,0.6900907632701357,0.1493797317692675,0.26137417697648346,0.20009946431796288,0.14548289269684733,0.5895207015932454,-0.010085814190179357
2019-06-23,0.10295395835024088,0.2884006151479626,0.26582344686496656,0.3029411764705884,0.6049671794521665,0.6186212533488794,0.595053063853368,0.6354137032202842,0.1465330012147687,0.25891060885944367,0.1942563041643351,0.13136373209381058,0.5421064136079414,-0.0230720308521244
2019-06-30,0.10089260913660797,0.2833933490548071,0.230199320898886,0.1812500000000006,0.5873865698357833,0.6049671794521665,0.6186212533488794,0.595053063853368,0.14344086285384744,0.2687673544850398,0.1889974600260701,0.12524914027086698,0.5316717154767372,-0.018320323961168124
2019-07-07,0.097412102077869,0.2755701458946669,0.20321573299122636,0.07666666666666681,0.5938193828741011,0.5873865698357833,0.6049671794521665,0.6186212533488794,0.14169846742824893,0.27937059629811684,0.1842645003016316,0.1195713050067051,0.5154036545730738,-0.0262257470927836
2019-07-14,0.09165695287181458,0.2631699748809726,0.16670819819537824,0.02976190476190519,0.5831171004813752,0.5938193828741011,0.5873865698357833,0.6049671794521665,0.13923211897370463,0.29627073886088423,0.18000483654963695,0.12461821393422917,0.5077377062210761,0.0
2019-07-21,0.08839376821617953,0.2553548070895987,0.16670819819537824,0.04531722054380726,0.6186212533488794,0.5831171004813752,0.5938193828741011,0.5873865698357833,0.13621360295471002,0.31268261856089635,0.17478433367193374,0.11181448609581113,0.5159214151976542,-0.01090523348226258
2019-07-28,0.08540240724167159,0.24789914474259328,0.1509531065162953,0.029761904761904132,0.6038578578490191,0.6186212533488794,0.5831171004813752,0.5938193828741011,0.13239751156484292,0.33017572937873946,0.16932414372261112,0.09922570451500676,0.5055176281485144,-0.11306556203223149
2019-08-04,0.06762772511182724,0.21049997886576072,0.027121330134278143,0.0,0.4655542316834714,0.6038578578490191,0.6186212533488794,0.5831171004813752,0.1266181577235972,0.3688931492882472,0.1636130759042576,0.11552035085233592,0.493028447027237,0.015230266981591564
2019-08-11,0.0573685616937645,0.18715382310253015,0.0649018087454501,0.10928961748633872,0.6392398357371813,0.4655542316834714,0.6038578578490191,0.6186212533488794,0.12237260267249106,0.4082043653083733,0.15343644120230648,0.1122864434451809,0.50104876885576,0.11414887054216384
2019-08-18,0.06814491674049733,0.20681327822331474,0.31436268503780335,0.4735883424408014,0.7731548471886942,0.6392398357371813,0.4655542316834714,0.6038578578490191,0.12107194129845267,0.3843976554056487,0.10205253337160902,0.14321440737022212,0.5195214522909527,-0.07851564696807528
2019-08-25,0.06607740635453965,0.20016480880030751,0.218589148357845,0.2185792349726778,0.5123275594997311,0.7731548471886942,0.6392398357371813,0.4655542316834714,0.1187896486987251,0.36229142478169013,0.10205253337160902,0.15531759490734015,0.5121601988907337,0.045617943461016414
2019-09-01,0.07286593216398798,0.21198427090105582,0.298919228302921,0.4454342984409803,0.6803783667844296,0.5123275594997311,0.7731548471886942,0.6392398357371813,0.11622513712161192,0.3417642106308714,0.10304004593081673,0.163058240394726,0.5230420037446567,0.05635293655113178
2019-09-08,0.08857689473695035,0.2427550112752451,0.39253853431278224,0.6924829157175404,0.6949112925521738,0.6803783667844296,0.5123275594997311,0.7731548471886942,0.11462998637986671,0.3194758066397148,0.10400780823884026,0.16412443248812114,0.5326211272830041,-0.018612608568284828
2019-09-15,0.09916091360103839,0.26318362777485127,0.3658215154244599,0.6344339622641507,0.5934236909102011,0.6949112925521738,0.6803783667844296,0.5123275594997311,0.11303483563812172,0.2871419382007922,0.10495621530070329,0.15741880496412436,0.524746529127071,-0.01025096648504914
2019-09-22,0.10698168661593245,0.27811506989948775,0.3510324535077734,0.5966587112171843,0.6047435979350135,0.5934236909102011,0.6949112925521738,0.6803783667844296,0.11120654748027536,0.26796315135070686,0.10690121342328116,0.15101724940198757,0.5206154838025929,-0.02748936149779767
2019-09-29,0.10988587370104952,0.2829775135877304,0.3121050780217471,0.527704485488127,0.5814064319981295,0.6047435979350135,0.5934236909102011,0.6949112925521738,0.1090101476127956,0.2519627195078272,0.10876841162095591,0.14594745497213074,0.517479112940262,-0.00279095911002234
2019-10-06,0.1127698929692815,0.2878843441227656,0.30815597762632657,0.5145118733509236,0.6148428809525235,0.5814064319981295,0.6047435979350135,0.5934236909102011,0.10730456335816047,0.23899950368657064,0.11056092189072364,0.13004609702231906,0.505475677394284,-0.028346569154436178
2019-10-13,0.11174029057933967,0.2846064374843825,0.26828735795236697,0.382585751978892,0.5802459528867884,0.6148428809525235,0.5814064319981295,0.6047435979350135,0.10541492324870855,0.24287668773320914,0.11228173174970069,0.1292726649715319,0.49799298760024013,-0.026217639142283335
2019-10-20,0.1080856331268349,0.27566656160279834,0.23377183398196094,0.27855153203342653,0.5831280769432844,0.5802459528867884,0.6148428809525235,0.5814064319981295,0.1035743647005411,0.24730809102003465,0.11393370921431867,0.11806039210455821,0.443153416116155,0.0
2019-10-27,0.10628091146608885,0.2705229443542135,0.23377183398196094,0.27855153203342653,0.6186212533488794,0.5831280769432844,0.5802459528867884,0.6148428809525235,0.10173380615237376,0.254028608001275,0.15358116836515,0.11027251736160759,0.4719349454198608,0.008815807903591205
2019-11-03,0.1072344544429801,0.27126731667658155,0.2541440473935243,0.3203342618384401,0.6305560054973045,0.6186212533488794,0.5831280769432844,0.5802459528867884,0.1003227112654454,0.2528382932907026,0.15278024974881582,0.10478993371312251,0.5054635337549016,0.09429897665261731
2019-11-10,0.12356489703060126,0.3053554198479716,0.4492605345683702,0.7117794486215543,0.7462822603157689,0.6305560054973045,0.6186212533488794,0.5831280769432844,0.10337803845540328,0.23965942033068477,0.11353523754844264,0.136253362619025,0.5788144275267602,-0.01016867204676424
2019-11-17,0.13560974580120275,0.3303789547397271,0.42997808636389084,0.5927051671732523,0.6048550073185737,0.7462822603157689,0.6305560054973045,0.6186212533488794,0.1058934684712321,0.22742189543923963,0.11445098320654512,0.12349305989524889,0.5656231232557317,-0.0026932415956436077
2019-11-24,0.1453621026053532,0.35061528140221326,0.42467381724092584,0.5642633228840125,0.6149751699415105,0.6048550073185737,0.7462822603157689,0.6305560054973045,0.1058934684712321,0.2255463315282527,0.11534841395148557,0.12388730765581152,0.551607155473911,0.0
2019-12-01,0.15363664887243084,0.367788533417527,0.42467381724092584,0.5642633228840125,0.6186212533488794,0.6149751699415105,0.6048550073185737,0.7462822603157689,0.10761132311618837,0.2238047364680506,0.1162278960815272,0.11026128024515308,0.5627781997385805,0.007522872662987415
2019-12-08,0.16186149978844055,0.3849091898804915,0.44182631979062054,0.6081504702194359,0.6288056427614871,0.6186212533488794,0.6149751699415105,0.6048550073185737,0.10851933199995095,0.21818003054083096,0.11708978856896796,0.09760854050668455,0.5716309128484119,-0.0238364481545113
2019-12-15,0.16497218839347316,0.391267030499429,0.38767990054424933,0.4702194357366769,0.5863517093735631,0.6288056427614871,0.6186212533488794,0.6149751699415105,0.10761132311618832,0.21018810116277226,0.11793444320665997,0.08848308938306021,0.5545194209912742,0.0054674821821336156
2019-12-22,0.16867855044700733,0.3989158641653184,0.4013349344122363,0.5015673981191225,0.6260230757834533,0.5863517093735631,0.6288056427614871,0.6186212533488794,0.107255481796876,0.19847334397196226,0.11876220475159807,0.07756083613888096,0.5603836948457978,0.044783602626973444
2019-12-29,0.17916507317973984,0.4208538092955122,0.5077895402293633,0.7648902821316615,0.679248844547726,0.6260230757834533,0.5863517093735631,0.6288056427614871,0.10816349068063857,0.20403647196333374,0.11957341106563746,0.07686342120711873,0.5779886600487512,0.1266648057911639
2020-01-05,0.20987456109076238,0.48436307864887634,0.7267917421450067,0.9349442379182153,0.7900987945541653,0.679248844547726,0.6260230757834533,0.5863517093735631,0.11286305017362602,0.2474461956723532,0.12036839325339604,0.11207061533341911,0.6185738068322323,0.02045990896502791
2020-01-12,0.23769828170470741,0.5403967496992013,0.7542837692264155,0.9999999999999999,0.6463196725008529,0.7900987945541653,0.679248844547726,0.6260230757834533,0.11817612918266934,0.28870329061455857,0.12318391444876614,0.11240624482769934,0.646368389444307,-0.015876949522807396
2020-01-19,0.2560729641397331,0.5763626430510931,0.7067028830848707,0.8300970873786407,0.5971271986348953,0.6463196725008529,0.7900987945541653,0.679248844547726,0.12367326404652934,0.33348754902066186,0.12732438525142536,0.11971395809512148,0.6303266418200445,-0.05112484901759516
2020-01-26,0.2604794531923723,0.5844970217902836,0.5725087727277496,0.6537216828478966,0.5494089465106032,0.5971271986348953,0.6463196725008529,0.7900987945541653,0.12838509392983793,0.35607475578048725,0.13331756461646993,0.12037814169855038,0.6084261401773412,-0.05185066563655734
2020-02-02,0.2542355360889307,0.5719388533835252,0.46413130269494113,0.4709784411276948,0.548426343265699,0.5494089465106032,0.5971271986348953,0.6463196725008529,0.13180853282942934,0.3368251521979507,0.13883128963231095,0.13865992831985025,0.5744095983325679,-0.007631682932159722
2020-02-09,0.2474483481196663,0.5583967067748916,0.44959063926761517,0.4271012006861059,0.608289557687318,0.548426343265699,0.5494089465106032,0.5971271986348953,0.13486386001938727,0.31895052029988097,0.14390391664688468,0.1285261509693943,0.5614876620623873,0.010162689092201837
2020-02-16,0.24331894305673157,0.5500851477611555,0.4688863724377334,0.349896480331263,0.6323793997154222,0.608289557687318,0.548426343265699,0.5494089465106032,0.1360908990514988,0.29643254003198644,0.14425147122147264,0.12348875067603626,0.5903608206450701,-0.07014910806611827
2020-02-23,0.2280921726364442,0.520101019029739,0.34277048602019494,0.2112676056338032,0.5236540957885195,0.6323793997154222,0.608289557687318,0.548426343265699,0.13590684319668211,0.2794201556067379,0.20223912731448257,0.15099302830820566,0.5658107976825519,0.01560429832754932
2020-03-01,0.21834413316599405,0.5007830485546679,0.37306942079619226,0.26232394366197204,0.6397461956146384,0.5236540957885195,0.6323793997154222,0.608289557687318,0.13613998061278332,0.2618354954629925,0.20060858332137216,0.16691313588181894,0.5986781096548557,-0.4569551228864178
2020-03-08,0.1515039174557521,0.3644934111081246,0.024154755796476912,0.08670520231213862,0.0,0.6397461956146384,0.5236540957885195,0.6323793997154222,0.12794335987827776,0.30533236992882445,0.19901065020812403,0.2827891210215274,0.4783456830465962,-0.004224763360308382
2020-03-15,0.09927060639993089,0.25128434984412673,0.022678366883914947,0.08257638315441783,0.6129018111670133,0.0,0.6397461956146384,0.5236540957885195,0.11951360172767095,0.34572232478995407,0.19218701191330556,0.29716578644476405,0.40434786448581617,0.06157053083078171
2020-03-22,0.06594773276814775,0.17414089230635887,0.09011885862600355,0.15497553017944535,0.7019748192555286,0.6129018111670133,0.0,0.6397461956146384,0.11254402002527697,0.3861035262786063,0.18563631915027984,0.3019453769920641,0.4405237662062387,-0.05734576747047327
2020-03-29,0.03536673498045248,0.09889523989497745,0.06520253707727208,0.097879282218597,0.5409871296240965,0.7019748192555286,0.6129018111670133,0.0,0.10459280709719376,0.42360035623235476,0.17607414114953351,0.2985130037425535,0.4133705885470025,0.16230811469779516
2020-04-05,0.031245148859848,0.0841503692681293,0.2360854694533338,0.26835236541598684,0.838352347966679,0.5409871296240965,0.7019748192555286,0.6129018111670133,0.09817539295925004,0.4276716131593092,0.16708569382883193,0.3030214630501574,0.4266292348182428,0.06923179156932081
2020-04-12,0.038539062364063126,0.09707055129857078,0.3063199053413583,0.34991843393148436,0.7123465570541344,0.838352347966679,0.5409871296240965,0.7019748192555286,0.0898069867602489,0.40634877766480976,0.15863655334737242,0.3089569038771872,0.4512399759776733,-0.06565397022143678
2020-04-19,0.03794548636162581,0.09084483458184639,0.2606283884015314,0.2724306688417618,0.5297395682302937,0.7123465570541344,0.838352347966679,0.5409871296240965,0.07972072591629142,0.39262774866012135,0.15069436129480046,0.31114525742363086,0.43578443494541985,0.017699577099400857
2020-04-26,0.041485562658770375,0.09487782298603936,0.2788557649399525,0.320249776984835,0.6425827629601811,0.5297395682302937,0.7123465570541344,0.838352347966679,0.07037068849160094,0.37988679315576784,0.1432287007653829,0.2948126495677965,0.4446724750061821,0.07435856731854665
2020-05-03,0.05552438199957016,0.12569598044067826,0.35688025206391133,0.4522661523625843,0.7192871345436509,0.6425827629601811,0.5297395682302937,0.7123465570541344,0.06370786654723487,0.3543148621836299,0.13621097986773034,0.29433837690654735,0.4687301285901013,0.003252035386377316
2020-05-10,0.06861049892043625,0.15481024371069374,0.36038123167539354,0.4978991596638656,0.6230238261747358,0.7192871345436509,0.6425827629601811,0.5297395682302937,0.05839478753819166,0.3305694977095019,0.12961432222393693,0.27046118888065945,0.4770187144522555,0.09235422140012528
2020-05-17,0.09316892093475546,0.21312773897240772,0.45987663324210165,0.6578669482576558,0.7436494701981002,0.6230238261747358,0.7192871345436509,0.6425827629601811,0.05509405254181138,0.2956797014591994,0.12341346403877118,0.2699772919413797,0.5071658512028826,-0.002964722005528126
2020-05-24,0.11320901546394373,0.26052938384491964,0.4564876153967183,0.6595517609391675,0.6146076424907587,0.7436494701981002,0.6230238261747358,0.7192871345436509,0.05148655778740324,0.27432889256971515,0.026266685804506973,0.2592087745392311,0.49296662486310805,-0.008947271140436822
2020-05-31,0.12862185393762246,0.29680336714402833,0.4457211872328856,0.6435432230522946,0.6065085275915076,0.6146076424907587,0.7436494701981002,0.6230238261747358,0.04933923948120794,0.2506063224129712,0.028356537964690703,0.24308788680663002,0.4790345585897481,-0.006009633471390679
2020-06-07,0.14066314383670894,0.3250490716322565,0.4381591237369637,0.8145604395604394,0.6104854719470739,0.6065085275915076,0.6146076424907587,0.7436494701981002,0.04671337595248909,0.22857822155313756,0.030404593081670733,0.2237459552371493,0.4726028455858974,-0.03060214319806123
2020-06-14,0.14649016942401916,0.3384482546295387,0.3996874583348012,0.7458791208791208,0.5771923794131514,0.6104854719470739,0.6065085275915076,0.6146076424907587,0.05190375105832118,0.19833953725026487,0.032411687096311204,0.21365615468034926,0.4643440668385911,0.00310270183751088
2020-06-21,0.15210589764999244,0.35144121227802233,0.4039621363634142,0.7527472527472526,0.622821659916957,0.5771923794131514,0.6104854719470739,0.6065085275915076,0.0572168300673645,0.17026075896902582,0.034378639230658814,0.19291846103709342,0.47129795633588856,-0.060005234989572075
2020-06-28,0.1489891830470865,0.3434426621300032,0.3312896552690628,0.6102418207681363,0.5373867692221528,0.622821659916957,0.5771923794131514,0.6104854719470739,0.06045621311213911,0.16115769333817076,0.03630625232231949,0.19360079455457435,0.46370486982018577,0.0905140075408319
2020-07-05,0.1595076431667562,0.36839460240724653,0.4529198511481987,0.782608695652174,0.7411582071679907,0.5373867692221528,0.622821659916957,0.5771923794131514,0.06632145968563263,0.1436891841406978,0.03819531315214697,0.1968579114543315,0.471358674532801,-0.05814872303880024
2020-07-12,0.16014774989917624,0.3696112317134116,0.38176425568288347,0.5511022044088174,0.5399000964447237,0.7411582071679907,0.5373867692221528,0.622821659916957,0.06846877799182793,0.12746842560018717,0.04004659276537789,0.1946353341656275,0.46603976048327267,-0.0160517090105079
2020-07-19,0.15896737463835864,0.3664277801911395,0.36354902790836124,0.5010020040080159,0.5968906109966322,0.5399000964447237,0.7411582071679907,0.5373867692221528,0.06908229750788375,0.11240629266971303,0.04186084678634422,0.17438176339558148,0.45571214717207753,0.04986833138977737
2020-07-26,0.16530648632354078,0.38146634368135246,0.4300859260833683,0.5739348370927314,0.6861324992495614,0.5968906109966322,0.5399000964447237,0.7411582071679907,0.07183086493981372,0.09116210833336369,0.043638815726891184,0.16589406078192753,0.45781962058854697,0.036279674080648895
2020-08-02,0.17583282373348816,0.40660849571884966,0.477561266453359,0.70976253298153,0.6677363115390432,0.6861324992495614,0.5968906109966322,0.5399000964447237,0.07500889603298283,0.08164277946900922,0.04538122528862723,0.15556400258272085,0.46483864415162324,-0.011947573421118062
2020-08-09,0.18264876288993762,0.4228097623077717,0.4600697636775591,0.5924764890282131,0.6024467485144365,0.6677363115390432,0.6861324992495614,0.5968906109966322,0.0765917763844069,0.07280340266639435,0.04708878665912855,0.13897574837500992,0.45138680361747974,0.005991629668266541
2020-08-16,0.18905665657781315,0.43800728827795327,0.46864176664517715,0.6238244514106576,0.6267326613829386,0.6024467485144365,0.6677363115390432,0.6861324992495614,0.07823600868743641,0.06627240590756317,0.048762196802219826,0.12357236946784966,0.4645814197901579,0.0029824060281203107
2020-08-23,0.19464239272127964,0.45121297343458056,0.47318149992799113,0.6394984326018803,0.6226588046590759,0.6267326613829386,0.6024467485144365,0.6677363115390432,0.07811330478422518,0.06020790891722,0.05040213874244931,0.10752021758408908,0.4732541862436852,0.032232500262946405
2020-08-30,0.20381472694307703,0.47277814966286164,0.523234810526596,0.9810606060606059,0.6622572882953314,0.6226588046590759,0.6267326613829386,0.6024467485144365,0.07872682430028105,0.06271439442137894,0.05200928184387418,0.10310873394041126,0.4896790104921044,-0.011601058182762055
2020-09-06,0.20925095530300292,0.4854618466111026,0.500987111499122,0.8884758364312266,0.6029158573619361,0.6622572882953314,0.6226588046590759,0.6267326613829386,0.0792789918647312,0.05157869800041537,0.05358428208327057,0.1103809493975092,0.47377194686826574,-0.029605477776571198
2020-09-13,0.20912144764491672,0.4851478383102815,0.4461538245495155,0.7026022304832712,0.5785416550451151,0.6029158573619361,0.6622572882953314,0.6226588046590759,0.07934034381633681,0.04123840846666341,0.055127782317879015,0.10314160627649072,0.4636816865086374,0.03542282984248427
2020-09-20,0.21408046264835615,0.496630870598746,0.5059735828785483,0.9256505576208168,0.66657632441998,0.5785416550451151,0.6029158573619361,0.6622572882953314,0.08075143870326523,0.034809151518439274,0.05664041254779531,0.09816837341979973,0.4837650581128342,0.042583782726894635
2020-09-27,0.2242580170544738,0.5199823136615986,0.573818380139957,0.9848024316109419,0.6762707504733396,0.66657632441998,0.5785416550451151,0.6029158573619361,0.0830214609126716,0.042870890122597094,0.05812279017311325,0.09442487864499974,0.5211652594764545,0.10241008626226167
2020-10-04,0.2486288442289361,0.5747886199223072,0.7111613004877888,0.7038690476190474,0.7572629989954741,0.6762707504733396,0.66657632441998,0.5785416550451151,0.08882535553455961,0.09755969242199158,0.06108566383962061,0.1456929247927164,0.5859968382378916,0.07443047766598625
2020-10-11,0.2804065117075946,0.6437117582046405,0.7912019597552282,0.931506849315068,0.7193844860493761,0.7572629989954741,0.6762707504733396,0.66657632441998,0.09475195405965864,0.1483421517000008,0.06869366883484981,0.15674456820752886,0.6143853552124916,-0.025473075432781246
2020-10-18,0.2997604426718745,0.6835511148278879,0.7292868945303255,0.8469860896445128,0.5841360598109692,0.7193844860493761,0.7572629989954741,0.6762707504733396,0.10116936819760236,0.1836670861497831,0.07584519353036523,0.17400286582973096,0.5956731108912989,0.05076759483662545
2020-10-25,0.323159842837501,0.7300412648980033,0.7833096063007434,0.9843260188087771,0.687349913067063,0.5841360598109692,0.7193844860493761,0.7572629989954741,0.10923101463857571,0.2230956907303247,0.08256762674414977,0.17166377747281514,0.6165601706291729,0.009041652916949946
2020-11-01,0.34181808950739734,0.7649382326505063,0.7927012406724006,0.9121522693997071,0.6308617522068372,0.687349913067063,0.5841360598109692,0.7193844860493761,0.1165687080506031,0.26592502729227413,0.0912227304556297,0.16966666828839017,0.6360032412477479,0.19706383853115803
2020-11-08,0.396401101332724,0.866270224692631,0.95085295654569,0.8920225624496374,0.8854042976264855,0.6308617522068372,0.687349913067063,0.5841360598109692,0.12910904695878378,0.3359610284991697,0.10218083633930455,0.25491312325016796,0.6940365898894266,-0.058986090588921805
2020-11-15,0.4236259163522094,0.9103641887956411,0.810004826475011,0.7671232876712332,0.5387664766702089,0.8854042976264855,0.6308617522068372,0.687349913067063,0.13999288317361375,0.40099445819128704,0.12362661408968317,0.27233033996762596,0.6649746529127071,-0.04612808931202384
2020-11-22,0.432541507366395,0.9194238393546097,0.717107620457275,0.6744560838033844,0.5561735095867721,0.5387664766702089,0.8854042976264855,0.6308617522068372,0.14934292059830423,0.4365424582774367,0.14249889851001635,0.28483053968975913,0.6354126187868725,-0.020320002490957494
2020-11-29,0.43267926228826187,0.9127038276284822,0.6791354537240764,0.6349717969379535,0.59111223817556,0.5561735095867721,0.5387664766702089,0.8854042976264855,0.15803035694565437,0.4695513155002901,0.15910650879990956,0.2702026530964901,0.6191765729324902,-0.053787969662764314
2020-12-06,0.4194107468934862,0.8831095946319085,0.5870853583136273,0.5342465753424659,0.5458036405432964,0.59111223817556,0.5561735095867721,0.5387664766702089,0.16450912303520376,0.4720981758993508,0.1737212058550156,0.2769081817400954,0.5980013777510862,0.08837354931254436
2020-12-13,0.42447650154325467,0.8858526520350254,0.6770892123757852,0.6888701517706579,0.7382604763283405,0.5458036405432964,0.59111223817556,0.5561735095867721,0.17379780850828863,0.4825189669144319,0.18573274006028417,0.2882068856006391,0.6110039036280778,-0.012215135595650012
2020-12-20,0.42332178141410787,0.8779385930801562,0.6554040418252929,0.6621507197290433,0.6020845255313301,0.7382604763283405,0.5458036405432964,0.59111223817556,0.18333190178779585,0.49503475626697163,0.18573274006028417,0.2812083959143107,0.5889709259193838,0.012215135595650059
2020-12-27,0.42245990159849717,0.8707553508096055,0.6683022721111003,0.6693548387096776,0.6351579811664289,0.6020845255313301,0.7382604763283405,0.5458036405432964,0.1924978833576696,0.5066565606657585,0.1964977752260657,0.26439061381847423,0.6002137280531317,0.03382060950881525
2021-01-03,0.42656111015822307,0.8719205334148115,0.704448829986924,0.723196881091618,0.664407254633226,0.6351579811664289,0.6020845255313301,0.7382604763283405,0.20178656883075446,0.522707363118661,0.206625520310033,0.2610172021621236,0.6101494330024375,0.025112387825980898
2021-01-10,0.4327862833648626,0.876365756144011,0.731042969220612,0.761177753544166,0.6526181516293105,0.664407254633226,0.6351579811664289,0.6020845255313301,0.20949237395241543,0.5432959916277929,0.21553793598392418,0.25351221266344687,0.627294043876073,0.007601708973725765
2021-01-17,0.4367396349469218,0.8769230571271859,0.7392992174064215,0.7829880043620503,0.6289123705667261,0.6526181516293105,0.664407254633226,0.6351579811664289,0.21555394677104672,0.562414003814844,0.2233808617769485,0.23604920788057565,0.6412791005758293,0.02615993720153332
2021-01-24,0.4431624105793872,0.881210694142272,0.7682184736254487,0.8249660786974219,0.654036313446943,0.6289123705667261,0.6526181516293105,0.664407254633226,0.22313704798949652,0.5867857669941816,0.2302826364748098,0.23102725227571136,0.6592572066979898,-0.04527366893655551
2021-01-31,0.4351280300043504,0.8629962296142857,0.6600489177435556,0.6327433628318585,0.5573302153048749,0.654036313446943,0.6289123705667261,0.6526181516293105,0.22791022982441073,0.5978491678089488,0.23635619820892778,0.23336006509392782,0.6388812837813967,-0.03935966529992958
2021-02-07,0.41757613502233115,0.8306953045737906,0.5788657660828389,0.47360482654600317,0.5653365339973753,0.5573302153048749,0.654036313446943,0.6289123705667261,0.23121096482079095,0.5603626014162371,0.280895650925793,0.26351047765891916,0.6194183417529232,-0.01211646487112462
2021-02-14,0.3987796707830474,0.7972481300369216,0.5552587750281208,0.5044404973357017,0.6022181049666346,0.5653365339973753,0.5573302153048749,0.654036313446943,0.2282047191921175,0.525553646908719,0.2792651069326826,0.2591505242748411,0.6064798459744939,0.030020265166060732
2021-02-21,0.3882405481968919,0.7772892010034935,0.598512301140784,0.6376554174067497,0.6592623866522701,0.6022181049666346,0.5653365339973753,0.5573302153048749,0.2280206633373008,0.5078318570259956,0.27766717381943445,0.2657709835278654,0.6375234041049916,-0.00593238836919668
2021-02-28,0.3765610481017637,0.7560373715947856,0.5855779222988011,0.6110124333925403,0.6105900455901758,0.6592623866522701,0.6022181049666346,0.5653365339973753,0.22906364651459565,0.4913759092777524,0.27610119936845123,0.25180488807245827,0.6158536316105556,-0.16947307672638476
2021-03-07,0.3316555730575577,0.6833277863746193,0.3226409654806676,0.03924646781789641,0.38919030513861896,0.6105900455901758,0.6592623866522701,0.6022181049666346,0.22588561542142654,0.4557855725056859,0.2745665444064877,0.29795305512024794,0.6007469442187444,0.05218575317057025
2021-03-14,0.30477524685737667,0.6390856325101342,0.3952926328358249,0.37515683814303674,0.6892698015682586,0.38919030513861896,0.6105900455901758,0.6592623866522701,0.2256402076150042,0.43713474677655423,0.2705883321780967,0.3217406683562474,0.6173914579432649,-0.022553955564199032
2021-03-21,0.2782379053809228,0.5953755646387318,0.36752313690782995,0.3124215809284821,0.5880879349543556,0.6892698015682586,0.38919030513861896,0.6105900455901758,0.22221676871541285,0.4198161228852178,0.26348178206799366,0.2994042024524618,0.606611218073268,0.0045516692147191005
2021-03-28,0.2574249764362844,0.5608744078405435,0.37425843273567666,0.3249686323713928,0.6247832573913178,0.5880879349543556,0.6892698015682586,0.38919030513861896,0.2192841454286661,0.39907739049147467,0.2568016249644968,0.2847847485438383,0.6139724714734871,-0.006835296605857366
2021-04-04,0.23918697360172436,0.530493007988611,0.3650399346099184,0.30614805520702654,0.6093676974928531,0.6247832573913178,0.5880879349543556,0.6892698015682586,0.21579935457746913,0.39171694088638914,0.2505222772872097,0.27890520438226596,0.6032783410463842,-0.02032402520319093
2021-04-11,0.22068345515074606,0.4994820176753826,0.3373289887902506,0.2509410288582184,0.5911067922681633,0.6093676974928531,0.6247832573913178,0.5880879349543556,0.21073168337484816,0.3834378336752469,0.24461969047055993,0.2673240775159143,0.5980753435545978,0.03620097472599827
2021-04-18,0.2127469864959178,0.48608603306585707,0.3983738033792518,0.3500627352572145,0.6676297691435795,0.5911067922681633,0.6093676974928531,0.6247832573913178,0.20583579763672283,0.3705007077899412,0.23907125886290903,0.2548211596700473,0.6081126134878299,-0.0022527605832637497
2021-04-25,0.20596540810128747,0.474602361814178,0.3948294041306866,0.3437892095357594,0.6155714887096065,0.6676297691435795,0.5911067922681633,0.6093676974928531,0.2006331521405696,0.35848766232501456,0.23385573315171726,0.23376663001819514,0.6002413272335464,-0.002257846974086088
2021-05-02,0.20016594120276263,0.4647468933177862,0.3910478994592606,0.343989769820972,0.6155646028048253,0.6155714887096065,0.6676297691435795,0.5911067922681633,0.19451022737033263,0.35476788650358787,0.22895313898319702,0.2289077156892152,0.5849557971526477,0.06561163411508229
2021-05-09,0.20851464619267682,0.4789178103469479,0.5078658066238024,0.5795297372060859,0.7074456242721247,0.6155646028048253,0.6155714887096065,0.6676297691435795,0.19170030798679705,0.3293126511335828,0.22434470046478794,0.23331583973771874,0.5963056841064047,-0.030083918922677443
2021-05-16,0.20895762694420847,0.4796612626847277,0.4509460580672407,0.48271092669432947,0.5778939462294477,0.7074456242721247,0.6155646028048253,0.6155714887096065,0.18925850031289498,0.3056756468614354,0.2200127682574834,0.21904444734808287,0.5839379393789521,0.0
2021-05-23,0.20921376719468926,0.48008778240641836,0.4509460580672407,0.48271092669432947,0.6186212533488794,0.5778939462294477,0.7074456242721247,0.6155646028048253,0.18718480434862633,0.28569267718279384,0.2159407519826172,0.19704736849357574,0.5931980163917052,0.0
2021-05-30,0.20932060346001058,0.48026150114585386,0.4509460580672407,0.5513428120063193,0.6186212533488794,0.6186212533488794,0.5778939462294477,0.7074456242721247,0.18419082911027396,0.2671370624811982,0.21211305668424285,0.17487249523013587,0.6017868813367717,0.006523180339123476
2021-06-06,0.21059756427648207,0.4824088831870961,0.4644138456409363,0.6190476190476193,0.6274522693395074,0.6186212533488794,0.6186212533488794,0.5778939462294477,0.18156496558155516,0.24626557545397892,0.20851502310377107,0.15690506297618095,0.6134193838979757,0.027785501943862336
2021-06-13,0.21707113079973725,0.4932827468228558,0.5217420127032968,0.9554565701559014,0.6562369866595492,0.6274522693395074,0.6186212533488794,0.6186212533488794,0.18455894081990748,0.21613074879983885,0.1521458303430458,0.14634256888525732,0.6240870191118804,0.0
2021-06-20,0.22195962738013744,0.5014329264070337,0.5217420127032968,0.9401197604790411,0.6186212533488794,0.6562369866595492,0.6274522693395074,0.6186212533488794,0.18615409156165263,0.18688679755985815,0.1533773503660112,0.13303651000374722,0.6332201398947256,0.008396354952906358
2021-06-27,0.2272683081693853,0.5102237327019848,0.5402418681499519,1.0,0.6299881543078168,0.6186212533488794,0.6562369866595492,0.6274522693395074,0.1886081696258758,0.16066371727087625,0.15587724989234963,0.12068088389948795,0.6397346504398205,0.03854515700013399
2021-07-04,0.23920139802572982,0.5298563128426611,0.621208638826896,0.9884526558891453,0.6708032995492438,0.6299881543078168,0.6186212533488794,0.6562369866595492,0.19209296047707275,0.15376210101228732,0.15952016535094016,0.1195269870469216,0.6491514907973293,-0.02031764324086881
2021-07-11,0.24382070843209952,0.5372792990485735,0.559831015588232,0.8600508905852415,0.5911154321046216,0.6708032995492438,0.6299881543078168,0.6186212533488794,0.19514828766703074,0.14735345734359773,0.16522274043921348,0.11758100423455403,0.6414380718550181,0.01628700497469906
2021-07-18,0.25038711673087954,0.5477854111529857,0.5945176065738662,0.9592391304347829,0.6406704370129219,0.5911154321046216,0.6708032995492438,0.6299881543078168,0.19923432764396237,0.14140257393695727,0.17046910952042488,0.11402500586738656,0.6456408750485745,-0.012190317557369091
2021-07-25,0.2523920470083643,0.5507983493232153,0.5565328903472881,0.8777173913043481,0.6021181239421544,0.6406704370129219,0.5911154321046216,0.6708032995492438,0.20198289507589234,0.1358767536307912,0.17529576907513944,0.10460145723869657,0.6417803016921609,-0.007798110520516383
2021-08-01,0.2517450881288279,0.5495099730209545,0.5322661370760691,0.8260869565217389,0.608064249690658,0.6021181239421544,0.6406704370129219,0.5911154321046216,0.20455967704332678,0.1307456347750655,0.1797362958654768,0.0914784834085618,0.6379429116472957,0.0016467685895219695
2021-08-08,0.2510032321750356,0.5480788394362912,0.5364601091899028,0.7810218978102184,0.6208506321167346,0.608064249690658,0.6021181239421544,0.6406704370129219,0.2072468925236512,0.11901276180861059,0.18382158051258718,0.08016737201556406,0.6416279542162715,-0.003709050203085745
2021-08-15,0.24907893849404034,0.5447603117205466,0.5236670357103679,0.6849315068493147,0.6135999784567777,0.6208506321167346,0.608064249690658,0.6021181239421544,0.20798311594291813,0.10528882200602613,0.1875800423879287,0.07141321147774946,0.6380676599427703,0.0037090502030858482
2021-08-22,0.2477961444992684,0.5424925927333685,0.5344274948041838,0.7260273972602735,0.6236425282409812,0.6135999784567777,0.6208506321167346,0.608064249690658,0.20968870019755326,0.09640906296669405,0.19103782731324287,0.060660826630539566,0.6423355972021054,-0.012000971676194497
2021-08-29,0.24376682948357709,0.535839857242517,0.48970273292040406,0.5841121495327102,0.6023744584933216,0.6236425282409812,0.6135999784567777,0.6208506321167346,0.211038443132876,0.07624624427513715,0.19421898944453192,0.05417449792663978,0.636072791182393,-0.004171887569406382
2021-09-05,0.23926346949160754,0.528455876528641,0.4741783788585228,0.526315789473685,0.6129733938813792,0.6023744584933216,0.6236425282409812,0.6135999784567777,0.2122654821649877,0.06737880821514108,0.1971456586053179,0.05444792999347853,0.6306986787720351,-0.008396354952906391
2021-09-12,0.23358114833877072,0.5192013594539273,0.44253726338777616,0.35326086956521663,0.607254352389942,0.6129733938813792,0.6023744584933216,0.6236425282409812,0.21306305753586025,0.05914476044514466,0.19983819423324095,0.048580281053508645,0.6261933885611333,-0.012728215959953307
2021-09-19,0.2261810167198842,0.5071908925107651,0.396053877522707,0.34934497816593935,0.6013899224901624,0.607254352389942,0.6129733938813792,0.6023744584933216,0.21269494582622672,0.07150504250481932,0.23080235395435628,0.0536258358576365,0.6203401543787755,-0.002137209618804733
2021-09-26,0.21966655104316873,0.4966065664401966,0.3882557137091555,0.3275109170305678,0.6157279204441012,0.6013899224901624,0.607254352389942,0.6129733938813792,0.21226548216498764,0.08298244727451715,0.23014496914023252,0.0460678936002577,0.6166617356130992,0.04353973585410212
2021-10-03,0.22328200041324864,0.5024167814056959,0.5464317047758998,0.7816593886462881,0.677564910210428,0.6157279204441012,0.6013899224901624,0.607254352389942,0.21286673129072237,0.06528420662109052,0.2295007320223913,0.050243496054779235,0.6217366729077612,0.008159979998095758
2021-10-10,0.22757820976383428,0.5092852106534724,0.5722503955678255,0.8689956331877725,0.6296681522693638,0.677564910210428,0.6157279204441012,0.6013899224901624,0.2125599715326945,0.05416290100992516,0.19793311324816998,0.04292714949760451,0.6259449959374006,0.01211646487112449
2021-10-17,0.2332176971662505,0.5182506917570305,0.6102127745091657,0.9786324786324784,0.635024401731124,0.6296681522693638,0.677564910210428,0.6157279204441012,0.21323484300035583,0.04777354252888527,0.19856179130185164,0.03525889195952922,0.6297249796870031,0.009986102558150701
2021-10-24,0.2394159033583128,0.528021632133025,0.6408666450023186,1.0,0.6321403386401699,0.635024401731124,0.6296681522693638,0.677564910210428,0.21372565861320053,0.04713038688879401,0.19988012056839388,0.0325109029205248,0.6336429593386794,-0.02617423429221854
2021-10-31,0.2382513086722551,0.5260439873234587,0.5202450747752245,0.7297297297297299,0.5831868379931199,0.6321403386401699,0.635024401731124,0.6296681522693638,0.2137870105648061,0.04151730653338864,0.20195075527486722,0.033457227467101586,0.627423208040414,-0.024366268457590226
2021-11-07,0.23184673678002865,0.5157609573306633,0.4268519567556002,0.5019305019305021,0.5856344439715033,0.5831868379931199,0.6321403386401699,0.635024401731124,0.213357546903567,0.02870578290847653,0.20460336429453135,0.03153753447982957,0.6181487794538453,-0.004189365155276994
2021-11-14,0.22561826205805122,0.5057677056385672,0.41183871925039656,0.4633204633204631,0.6129497329012625,0.5856344439715033,0.5831868379931199,0.6321403386401699,0.21275629777783228,0.01799352942719737,0.20704376459262236,0.03675101972866737,0.6134547108489066,0.018715455811356002
2021-11-21,0.224322568062469,0.503649673169842,0.4810660045952863,0.6370656370656366,0.6439580493516992,0.6129497329012625,0.5856344439715033,0.5831868379931199,0.2128176497294379,0.00804643690886675,0.20928893286686606,0.03372154870201327,0.6243806743914933,-0.03565066156893868
2021-11-28,0.21574093038971337,0.4898995086619671,0.356856815092994,0.3088803088803092,0.5703577459760221,0.6439580493516992,0.6129497329012625,0.5856344439715033,0.21172558499085858,0.0,0.23510836802066887,0.03545590571346818,0.6141126753099939,0.08155243916250131
2021-12-05,0.22594088504123278,0.5061431463280373,0.5951587723693672,0.9999999999999999,0.7290261259536337,0.5703577459760221,0.6439580493516992,0.6129497329012625,0.2134311692454937,0.01353897818770819,0.2094158174250036,0.058754157737435336,0.6213591161196876,-0.027934777331553955
2021-12-12,0.2276356854552919,0.5087752105908995,0.505490230802,0.7491039426523299,0.5808034325184448,0.7290261259536337,0.5703577459760221,0.6439580493516992,0.2144005300808619,0.026110886504865732,0.2094158174250036,0.057825964082804215,0.6160633853817077,-0.016320231672486762
2021-12-19,0.22522422575513537,0.5048940245612231,0.45800419490982064,0.605734767025089,0.5965270877152722,0.5808034325184448,0.7290261259536337,0.5703577459760221,0.2151244831098077,0.01611600985151268,0.20798047940289938,0.0594126900328891,0.6131654714381601,0.03038516113989032
2021-12-26,0.2295001972669052,0.5116003075919175,0.5353858499213002,0.695340501792114,0.659756379154743,0.5965270877152722,0.5808034325184448,0.7290261259536337,0.21713682712247084,0.030789384755952498,0.2085804506961389,0.07242957297404934,0.622824080616102,0.00992662508911053
2022-01-02,0.23467248644947958,0.51966372917668,0.5596298389352459,0.7683397683397678,0.6320598186402819,0.659756379154743,0.5965270877152722,0.5808034325184448,0.21951728284476735,0.0444146614529323,0.21004346203530933,0.06440301380048272,0.6277168633200267,0.0039432227750400076
2022-01-09,0.23919975723976572,0.5266479916356669,0.5695784109420825,0.806949806949807,0.6239595487156554,0.6320598186402819,0.659756379154743,0.5965270877152722,0.22074432187687887,0.05923570604715478,0.21144795292091284,0.053451751627947075,0.6323634613346522,0.01173722394572542
2022-01-16,0.24488783639720746,0.5353707098134567,0.5998649831884211,0.9227799227799232,0.6345109891773711,0.6239595487156554,0.6320598186402819,0.659756379154743,0.22209406481220173,0.0805188546145364,0.21279626417109232,0.048529765449071116,0.637799395909139,-0.0019466620903077659
2022-01-23,0.24841448378254596,0.5406617122890247,0.5921087352076613,0.9034749034749036,0.6159858817733379,0.6345109891773711,0.6239595487156554,0.6320598186402819,0.2230143440862854,0.09843659683461586,0.2140906429712645,0.04221033538443153,0.630179814180238,0.023113509687159875
2022-01-30,0.2557902238355337,0.5518088790968814,0.6533151300493099,0.7205882352941183,0.6499120904920191,0.6159858817733379,0.6345109891773711,0.6239595487156554,0.2243640870216081,0.14447301598898465,0.21533324661942987,0.05890457800129531,0.638945313879959,0.020728083373217767
2022-02-06,0.26566814139254846,0.566606562898877,0.7036018213500028,0.8553921568627451,0.646682724319733,0.6499120904920191,0.6159858817733379,0.6345109891773711,0.22718627679546483,0.1872211194894699,0.21840578806454913,0.06216327442717129,0.6475993128908043,-0.0037369251259983336
2022-02-13,0.2718111737363575,0.5755364820547848,0.686070441250644,0.830882352941177,0.6135622416662582,0.646682724319733,0.6499120904920191,0.6159858817733379,0.23060971569505628,0.2269157870256348,0.22129397702296122,0.057493543783335266,0.6403550800155438,0.005600163973221865
2022-02-20,0.2771052047536238,0.5830597264265602,0.7004971371218078,0.8676470588235295,0.6262026990588881,0.6135622416662582,0.646682724319733,0.6499120904920191,0.23433991435267554,0.26377512116635937,0.2240088746438686,0.04703581518345301,0.6535728794997703,-0.018790481460785026
2022-02-27,0.27609102112108186,0.5810796753589654,0.6099075685496642,0.7450980392156863,0.5931828883758072,0.6262026990588881,0.6135622416662582,0.646682724319733,0.23690442592978883,0.2793666558537409,0.22656087840752154,0.04781915316051938,0.6446031458649804,0.020650255104508002
2022-03-06,0.27916428852806013,0.5851869833788921,0.6679396433128677,0.8799019607843142,0.6465773611916623,0.5931828883758072,0.6262026990588881,0.6135622416662582,0.24118679215185834,0.249704703656575,0.26654227070475095,0.07653076765872852,0.6547353569788391,-0.01309164013058138
2022-03-13,0.2776750431590709,0.5825016996995314,0.606756611990882,0.7586206896551723,0.6008979225000735,0.6465773611916623,0.5931828883758072,0.6262026990588881,0.24259788703878676,0.21969476976888652,0.26569829194775363,0.07258380182546462,0.6474767725297629,0.009368627639634886
2022-03-20,0.27778142343629647,0.5821943542267604,0.6344823524070877,0.8304597701149424,0.631304407300587,0.6008979225000735,0.6465773611916623,0.5931828883758072,0.2451746690062211,0.1918284025874616,0.2648711927658963,0.0654207334689243,0.6588840657787826,-0.18329181473475767
2022-03-27,0.2384258730157522,0.523251911262938,0.17208387776389295,0.01930501930501958,0.37048263648958113,0.631304407300587,0.6008979225000735,0.6465773611916623,0.24273286133231897,0.23066321777763077,0.26406063556767617,0.13030399883101335,0.650012585226269,0.026526754333428604
2022-04-03,0.21231827986774046,0.48354853459807046,0.23833802649139196,0.18248175182481763,0.6545329067938991,0.37048263648958113,0.631304407300587,0.6008979225000735,0.24010699780360018,0.26945520518235266,0.2611858805913592,0.12776313089535046,0.6577558112834281,0.08325943742755014
2022-04-10,0.2088260773864756,0.47819158409720186,0.42073684014060947,0.5456204379562044,0.7313370430509596,0.6545329067938991,0.37048263648958113,0.631304407300587,0.23961618219075542,0.25738078044360524,0.2567878725814841,0.14971505267337593,0.6725268926413961,0.011971411925739467
2022-04-17,0.2085772322411721,0.47780527180039056,0.4443590931575409,0.6003649635036498,0.6348280305113219,0.7313370430509596,0.6545329067938991,0.37048263648958113,0.23937077438433313,0.24616881461476836,0.25265374505220145,0.1543578510946783,0.6822108930653195,-0.03224785679495981
2022-04-24,0.2014246486897551,0.46681699426107526,0.3818579981722591,0.4543795620437956,0.5749644288837079,0.6348280305113219,0.7313370430509596,0.6545329067938991,0.23777562364258803,0.22708456645397546,0.24876766517467586,0.16304155687509597,0.6738704207439855,-0.002050441563172473
2022-05-01,0.19538625478134372,0.4575023783011234,0.37798647521823153,0.44525547445255453,0.6158453861658701,0.5749644288837079,0.6348280305113219,0.7313370430509596,0.23618047290084299,0.21156814147501546,0.24511475008980171,0.15973640483068502,0.6661989525559049,0.0020504415631723964
2022-05-08,0.19114849382568494,0.4509376468180924,0.3827176284157659,0.4628252788104087,0.6213971205318886,0.6158453861658701,0.5749644288837079,0.6348280305113219,0.23391045069143646,0.19716003256598108,0.24168100991002,0.15491832074804862,0.6746906683859115,-0.016106067753031247
2022-05-15,0.18459071228433654,0.44073165724645497,0.349353699379002,0.40462427745664714,0.5968170206772638,0.6213971205318886,0.6158453861658701,0.5749644288837079,0.23048701179184516,0.18378107429330637,0.23845329414102528,0.1416993138928982,0.6717143727699861,-0.008361252724683433
2022-05-22,0.1779218529626958,0.43028184205474557,0.3321364598474535,0.36608863198458563,0.6073018734337623,0.5968170206772638,0.6213971205318886,0.6158453861658701,0.22694086898904253,0.1798279715639572,0.2354192413181702,0.13642057912156325,0.6649415338962094,-0.019072415376387382
2022-05-29,0.16909476842828022,0.4163434214887225,0.2935720208386999,0.27938342967244706,0.5928012090740636,0.6073018734337623,0.5968170206772638,0.6213971205318886,0.22265850276697302,0.18492077890249758,0.23256723166468646,0.13431731975727418,0.6584314392199808,-0.02600926847511844
2022-06-05,0.1573890421451191,0.39766782679840923,0.244901400676604,0.16699410609037288,0.5834101670585423,0.5928012090740636,0.6073018734337623,0.5968170206772638,0.21825343264169234,0.19199962868520726,0.22988634259041169,0.1262427430598284,0.6530319355636415,-0.06532934759238913
2022-06-12,0.13634678690753266,0.36361969586601706,0.14627556127168534,0.025728987993138684,0.530179039083314,0.5834101670585423,0.5928012090740636,0.6073018734337623,0.21140655484250948,0.21947245242227043,0.2273663068605934,0.1343111493520675,0.6451010350796622,0.011188927917805822
2022-06-19,0.12265854800312374,0.34085943879325864,0.17647169767091025,0.06806282722513099,0.6337687115246876,0.530179039083314,0.5834101670585423,0.5928012090740636,0.20528363007227252,0.24498293160668627,0.22335814197013548,0.1260621119651396,0.650948749425937,0.009229414845391073
2022-06-26,0.11454444263620474,0.32687706405560735,0.20220597070168972,0.13024282560706396,0.6311159424187113,0.6337687115246876,0.530179039083314,0.5834101670585423,0.19909935335043005,0.26867123370650103,0.21967063027091416,0.11158113565868438,0.6576100876108383,0.006866586833358803
2022-07-03,0.11046056497526721,0.3193787871116133,0.2221132045919781,0.16335540838852136,0.6279171696004566,0.6311159424187113,0.6337687115246876,0.530179039083314,0.19860853773758536,0.28201185464205497,0.2162781195076306,0.10250705062047005,0.6620182287066803,0.009082714574319226
2022-07-10,0.11001025241195489,0.31787617846549066,0.24941825698064007,0.20750551876379714,0.6309173410659485,0.6279171696004566,0.6311159424187113,0.6337687115246876,0.19762690651189613,0.281849615281628,0.21315700960540973,0.09583012884066855,0.6637580810400254,-0.06731512701390571
2022-07-17,0.09832627048460021,0.29725430146375775,0.14107164861708638,0.0,0.5274907108578782,0.6309173410659485,0.6279171696004566,0.6311159424187113,0.19243653140606404,0.3014061397523414,0.2102855884953665,0.10694537188354641,0.6588288674179531,-0.002420722557067953
2022-07-24,0.08991254597629601,0.2817712585786681,0.13772964629353074,0.26162790697674415,0.615344103477347,0.5274907108578782,0.6309173410659485,0.6279171696004566,0.18681669263899287,0.33904041631546417,0.20626578520776467,0.137380333756577,0.6507897781467481,0.05608065332176441
2022-07-31,0.09480696828089054,0.2890944603433041,0.2935558793127379,0.49177631578947395,0.6945426782524737,0.615344103477347,0.5274907108578782,0.6309173410659485,0.18363866154582376,0.3663751237864649,0.19873794724808336,0.13940615487485553,0.6568660137068569,-0.029769640231664382
2022-08-07,0.09435474343856999,0.28722078776910503,0.24265924395349908,0.386513157894737,0.5783194135631046,0.6945426782524737,0.615344103477347,0.5274907108578782,0.1797366774237088,0.3917573521523943,0.19211344984356382,0.134291217176238,0.6529292666124986,0.03205849451541615
2022-08-14,0.10114179088138639,0.29800255611690074,0.3235274594203272,0.5547445255474458,0.6620217210629363,0.5783194135631046,0.6945426782524737,0.615344103477347,0.17661999828214536,0.41391433188178145,0.14353380221042056,0.126043603516155,0.6578110096442575,-0.002288854283751714
2022-08-21,0.10716758487795469,0.30759300424630487,0.31912451486537347,0.5456204379562047,0.6155226254205973,0.6620217210629363,0.5783194135631046,0.6945426782524737,0.17392051241149975,0.4244055842253354,0.1444064877278599,0.11331296356888204,0.6516310011657893,-0.018035170919439184
2022-08-28,0.10960809748946422,0.31101455228340524,0.28418363059219426,0.5108055009823181,0.5942054201964455,0.6155226254205973,0.6620217210629363,0.5783194135631046,0.170987889124753,0.44229475097317145,0.14631789866513562,0.10743830375859476,0.6466200939696894,-0.07006003626507816
2022-09-04,0.10010770216857762,0.29334119034661976,0.1731461307904945,0.25054466230936845,0.5237746802976709,0.5942054201964455,0.6155226254205973,0.6620217210629363,0.16682822680589465,0.4722387797823964,0.14815285316492033,0.12209692726797189,0.6405869131310276,-0.01512888159630009
2022-09-11,0.09123726681312992,0.276373968342298,0.15322280064794497,0.21573604060913734,0.5981399254763472,0.5237746802976709,0.5942054201964455,0.6155226254205973,0.16303667619666984,0.5046261726407106,0.14991440948471363,0.11839326440255715,0.6326725721552973,0.010111309604320474
2022-09-18,0.0872558711348844,0.2678906302402162,0.18063406170855573,0.2807486631016043,0.6323098426810491,0.5981399254763472,0.5237746802976709,0.5942054201964455,0.161257469600108,0.5347001802948594,0.1516055035517152,0.10708358441266858,0.640634383721341,0.0025119329962754178
2022-09-25,0.08586197356350314,0.26397253422882605,0.18778290174527829,0.29411764705882376,0.6220218829964226,0.6323098426810491,0.5981399254763472,0.5237746802976709,0.15924512558744502,0.5517044438995637,0.1521458303430458,0.10270328885266372,0.6507588670646836,-0.022837836010314302
2022-10-02,0.08221680925392574,0.25580773732272233,0.15292792597471788,0.17379679144385077,0.5877036204591646,0.6220218829964226,0.6323098426810491,0.5981399254763472,0.15643520620390933,0.5745192287099465,0.19219176115975312,0.10213390020116864,0.6460416151481965,0.022837836010314305
2022-10-09,0.0845792809980198,0.2586849002946763,0.22043978688202143,0.29411764705882376,0.6495388862385942,0.5877036204591646,0.6220218829964226,0.6323098426810491,0.15399339853000726,0.5957043860338735,0.19124730874120854,0.09460912485918993,0.6494672254212738,0.0025056389957042436
2022-10-16,0.088186152377325,0.2639610179790134,0.22796896248712611,0.3295128939828084,0.6220133622416988,0.6495388862385942,0.5877036204591646,0.6220218829964226,0.1513675350012884,0.5890454546252331,0.19032174537103486,0.09199436928798946,0.6534359875649132,0.0024993764573194243
2022-10-23,0.09272687678844178,0.27109846910692553,0.23595590883348444,0.3539823008849565,0.6220048840801666,0.6220133622416988,0.6495388862385942,0.5877036204591646,0.15056995963041586,0.5897411757601378,0.18941469326826466,0.08694286048120686,0.6564862489843502,-0.012559823483160834
2022-10-30,0.0953708700577796,0.2747821713079923,0.21090306779676266,0.25835866261398227,0.6016178905330413,0.6220048840801666,0.6220133622416988,0.6495388862385942,0.14952697645312102,0.5903872025282639,0.18852578220754984,0.07787963791427183,0.6518131557565265,0.0050428750338617385
2022-11-06,0.09950476503446634,0.2813656174611059,0.2286734836079944,0.2887537993920971,0.6254482468930677,0.6016178905330413,0.6220048840801666,0.6220133622416988,0.14714652073082446,0.590987084527238,0.18765464936804932,0.06596575973360838,0.6586566485321651,0.06805346324501578
2022-11-13,0.11592427566939571,0.3113133459669879,0.4383358674309538,0.7142857142857149,0.710751348009899,0.6254482468930677,0.6016178905330413,0.6220048840801666,0.1472692246340357,0.5407618990430045,0.18680093918533885,0.08533572214331081,0.664011993499841,0.025059315931481117
2022-11-20,0.13439579453354145,0.34520047067036497,0.5022520022343482,0.7727272727272725,0.6525463034318646,0.710751348009899,0.6254482468930677,0.6016178905330413,0.14720787268243007,0.4977840040692412,0.14496914023252477,0.09282802984679162,0.6693088282050376,0.038215484114512956
2022-11-27,0.1569270346180333,0.3865196014834653,0.5904614423053502,0.9614395886889464,0.6703569917096253,0.6525463034318646,0.710751348009899,0.6254482468930677,0.14825085585972492,0.460650055818065,0.14604277307305868,0.09821105981990885,0.6734862401526124,-0.02909133322490381
2022-12-04,0.16949902054559202,0.40937274106322413,0.5044962720239901,0.7943444730077119,0.579237698772442,0.6703569917096253,0.6525463034318646,0.710751348009899,0.14897480888867076,0.4261685324419728,0.1482332137218315,0.0935900088529737,0.6697802222065213,0.08693568535730359
2022-12-11,0.19688518822662257,0.45881622290287377,0.6740692198820502,0.9288321167883211,0.7363139105550592,0.579237698772442,0.6703569917096253,0.6525463034318646,0.15393204657840165,0.4237410506793085,0.15033603674465335,0.11798286791974044,0.6755760500936163,0.01815231360718885
2022-12-18,0.22216730708647411,0.5036199689384709,0.7036114261450841,1.0,0.6431956730948033,0.7363139105550592,0.579237698772442,0.6703569917096253,0.15979729315189511,0.4221823130266707,0.15473341437060423,0.1082766148587394,0.6782752499381778,-0.02232420117659531
2022-12-25,0.23709582764708598,0.5295769638703909,0.6350350424587945,0.7821316614420067,0.5883989741354552,0.6431956730948033,0.7363139105550592,0.579237698772442,0.16475453084162606,0.4320589608494036,0.1603022078493469,0.11413028736826097,0.6750604974034691,0.018227513759265165
2023-01-01,0.25215944076392627,0.5553167994606155,0.6675070647755399,0.8510971786833857,0.643297478304986,0.5883989741354552,0.6431956730948033,0.7363139105550592,0.17019031375388055,0.4284204354817261,0.16792635766868946,0.11344429026792507,0.6773600611156251,0.04416615028756419
2023-01-08,0.2728258302272211,0.5899528060824659,0.7401514893669416,0.976114649681529,0.6784129437755106,0.643297478304986,0.5883989741354552,0.6431956730948033,0.177528007165908,0.43967782328915844,0.17478809250609784,0.12155236459602986,0.6856519588794291,-0.044166150287564265
2023-01-15,0.2787510125121346,0.5992932045538102,0.6078841137774937,0.7977346278317152,0.5588295629222481,0.6784129437755106,0.643297478304986,0.5883989741354552,0.18296379007816238,0.4501311119674886,0.18271548781845642,0.12470875494006167,0.6781979722330165,0.018304354862013313
2023-01-22,0.2863719130324462,0.611253744523907,0.639744264861285,0.8705501618122976,0.6434015050176979,0.5588295629222481,0.6784129437755106,0.643297478304986,0.18889038860326146,0.4598377371687951,0.18969159569333194,0.11294796848320843,0.6821049122125269,0.01201937546578394
2023-01-29,0.29394620174141606,0.6228923903147374,0.6607545497755585,0.9004975124378107,0.6348929630698408,0.6434015050176979,0.5588295629222481,0.6784129437755106,0.1951237468863885,0.4798154408326591,0.1958305706232224,0.1125213241645161,0.6902819973858055,0.0
2023-02-05,0.29882101831413765,0.6299281045435478,0.6607545497755585,0.9004975124378107,0.6186212533488794,0.6348929630698408,0.6434015050176979,0.5588295629222481,0.20166386492754335,0.4983661656633898,0.2023341988743378,0.09900754698667688,0.6959420373052602,-0.007996843895404579
2023-02-12,0.29980755288779654,0.6305923604737154,0.6338421264650553,0.8639455782312925,0.6077952064448376,0.6186212533488794,0.6348929630698408,0.6434015050176979,0.20783587125906477,0.5203100976187216,0.2079273191702971,0.09258058975214634,0.6906308510262479,0.029664029913401255
2023-02-19,0.3058958181795334,0.6393516450807256,0.6923166866773072,0.9887133182844242,0.6587801189470844,0.6077952064448376,0.6186212533488794,0.6348929630698408,0.21321030221971365,0.5406866058629585,0.2127374026248221,0.09011072954573471,0.6992682905288444,0.03258866111344384
2023-02-26,0.316770662745517,0.6554186949068173,0.7503390995732051,0.925788497217069,0.6627394552756177,0.6587801189470844,0.6077952064448376,0.6186212533488794,0.21896511528031704,0.5730173446268771,0.2168740743957136,0.0965623595610548,0.7082821828522979,-0.030641999023136114
2023-03-05,0.3171002471387914,0.6547069854367626,0.6428917815941655,0.7595190380761524,0.5771384229976825,0.6627394552756177,0.6587801189470844,0.6077952064448376,0.2226953139379364,0.6030387449076589,0.2236956807958299,0.09293358006187943,0.7020767831278482,-0.047798823737776885
2023-03-12,0.3057286046349363,0.6358398151095593,0.5064901776390196,0.5092024539877305,0.5539116861106639,0.5771384229976825,0.6627394552756177,0.6587801189470844,0.22575064112789422,0.5713871289373036,0.25950911439644037,0.11300079108165889,0.6938665789380718,0.014178888542543814
2023-03-19,0.29863154611149073,0.6238264605736652,0.5364169635098959,0.4126074498567331,0.6378164901718677,0.5539116861106639,0.5771384229976825,0.6627394552756177,0.22678135391486803,0.5419963426791168,0.25855030859767475,0.10994685222955225,0.6983972603949552,0.03556281515358787
2023-03-26,0.29968823186999627,0.6246127782578889,0.608071120444216,0.6704871060171922,0.6667658351274175,0.6378164901718677,0.5539116861106639,0.5771384229976825,0.22837650465661313,0.5227027462348686,0.2576106789148845,0.10973457335754966,0.7060002826156074,-0.013680103904080154
2023-04-02,0.2963851525218114,0.6186589350870787,0.5682199446225733,0.5702005730659023,0.6001012661570769,0.6667658351274175,0.6378164901718677,0.5539116861106639,0.23020479281445944,0.5047872638223525,0.25668984182574994,0.10691393577145081,0.6995906489560886,-0.019873468057983703
2023-04-09,0.2884156266055889,0.6055834870933713,0.5127736369905842,0.40119760479041916,0.5917167520036244,0.6001012661570769,0.6667658351274175,0.6378164901718677,0.23087966428212076,0.4867912363120083,0.25578742147839817,0.09904772931730907,0.6891073762673543,-0.13015349458541256
2023-04-16,0.25506535353258664,0.553009593318381,0.26485500309805804,0.047258979206049156,0.4424207603123286,0.5917167520036244,0.6001012661570769,0.6667658351274175,0.22647459415684013,0.4672530707275577,0.25490304953799336,0.1387918801520589,0.6824460380824531,0.03812975916427395
2023-04-23,0.23562032290849816,0.521998291782396,0.34073759543945975,0.20793950850661588,0.6702409381334554,0.4424207603123286,0.5917167520036244,0.6001012661570769,0.22446225014417714,0.4316122348424986,0.25205011687755874,0.1356447349791784,0.6905072066979898,0.05355745459334233
2023-04-30,0.23072682377093928,0.5140988123939594,0.4397274141724556,0.44423440453686164,0.6911267971699615,0.6702409381334554,0.4424207603123286,0.5917167520036244,0.22343153735720334,0.392340543202873,0.24931130152354147,0.13796942887141084,0.6999759335146782,-0.0020881193638619343
2023-05-07,0.22612443987245992,0.5066779094404672,0.43589029746946156,0.43478260869565233,0.6157943783379269,0.6911267971699615,0.6702409381334554,0.4424207603123286,0.2219713609089905,0.3615769790752483,0.24668203878368494,0.13208260729519766,0.6885531847246263,0.07991406549158754
2023-05-14,0.23932371290003362,0.5275836211979109,0.5719045704372379,0.8109640831758033,0.7268081121422284,0.6157943783379269,0.6911267971699615,0.6702409381334554,0.22295299213467984,0.35253104876529745,0.18357973302712788,0.14935345922688298,0.7101313279400854,0.037868970164795866
2023-05-21,0.25781683440877307,0.556432199061907,0.6282620344656467,0.9635701275045538,0.6698878846066721,0.7268081121422284,0.6157943783379269,0.6911267971699615,0.225407070198903,0.35704078724523475,0.18481125305009327,0.16556558031044477,0.7366530363514324,0.05740612253579029
2023-05-28,0.28531419476687564,0.5984158080522369,0.705885408881884,0.8359659781287969,0.6963370851545709,0.6698878846066721,0.7268081121422284,0.6157943783379269,0.22889186105009995,0.38363366929549475,0.1879139945457155,0.1944369059293647,0.755456909951602,-0.021277398447284965
2023-06-04,0.3007433534982106,0.621074012975855,0.6535885181188381,0.7630619684082622,0.5898161251509083,0.6963370851545709,0.6698878846066721,0.7268081121422284,0.23059744530473514,0.4083270597707362,0.1947416380077508,0.1899386375487731,0.7438652541774119,0.10180581810317053
2023-06-11,0.3373752845265151,0.6742110625749982,0.7767156477002501,0.6736918604651162,0.7564449468340835,0.5898161251509083,0.6963370851545709,0.6698878846066721,0.2369535074910733,0.4638989792044312,0.201159622862064,0.2964742809586925,0.7778321174974387,0.03185997409147584
2023-06-18,0.373109929293645,0.7237426763634276,0.8095935785976649,0.7463662790697674,0.6617529661079693,0.7564449468340835,0.5898161251509083,0.6963370851545709,0.24600905554805702,0.5155014758214338,0.2155534326225922,0.28206410715676683,0.7909704313420708,0.0678842818966495
2023-06-25,0.4183844360042611,0.7838717763640434,0.8729987808108515,0.9091569767441862,0.7105223120006111,0.6617529661079693,0.7564449468340835,0.5898161251509083,0.2573837073757316,0.5698689652670941,0.22879573760227812,0.2929945306304056,0.8081868000847846,0.015986388993725398
2023-07-02,0.45610219396632684,0.8305233380400976,0.886867542368815,0.949127906976744,0.6402634661188177,0.7105223120006111,0.6617529661079693,0.7564449468340835,0.2683288955421672,0.6230382816249036,0.2409786581835892,0.29282502504025265,0.8282657558201151,-0.06831341872910317
2023-07-09,0.4630774339681306,0.8350405612289928,0.7090451779165388,0.7351535836177473,0.5261392335658363,0.6402634661188177,0.7105223120006111,0.6617529661079693,0.27689362798630623,0.6315889416557847,0.2521869451183954,0.3657764258655308,0.811595850849613,0.07835510402615749
2023-07-16,0.48822988776325343,0.862280876432745,0.7898751955768608,0.915358361774744,0.724697605776581,0.5261392335658363,0.6402634661188177,0.7105223120006111,0.28931126299127574,0.6395288402558883,0.26635392593309526,0.41795078483485043,0.8248445614159041,-0.033379967425541786
2023-07-23,0.4947856063491091,0.8650794257985557,0.713587449006857,0.8334494773519162,0.5734317888887859,0.724697605776581,0.5261392335658363,0.6402634661188177,0.3040480017669362,0.6469016032416992,0.2791042086663251,0.41497738266070044,0.8131679001660366,0.0029472464599321056
2023-07-30,0.49743250849638615,0.8629100033979398,0.7168610595652136,0.8309963099630993,0.6226112059889868,0.5734317888887859,0.724697605776581,0.5261392335658363,0.3178644612685129,0.6471393854752057,0.290579463126232,0.4050454076149735,0.822026133111951,0.026141482796993104
2023-08-06,0.5038578134426661,0.865294638421185,0.7466582313678316,0.8905511811023622,0.6540113300595277,0.6226112059889868,0.5734317888887859,0.724697605776581,0.3312514571088507,0.6510969404590927,0.3009071921401482,0.38725268915537897,0.8275382414243826,-0.02908872925692526
2023-08-13,0.4968514865079663,0.8515648124966668,0.676345823434739,0.8088000000000001,0.5792412239981237,0.6540113300595277,0.6226112059889868,0.5734317888887859,0.3434727658686823,0.6476180211560669,0.3102021482526728,0.37510341497496363,0.8221210742925777,-0.03728633968794744
2023-08-20,0.4773403364592327,0.8234410353398479,0.5949971402054008,0.6790450928381963,0.5681433813756978,0.5792412239981237,0.6540113300595277,0.6226112059889868,0.35173073855479337,0.6319199743099011,0.3185676087539449,0.3618980303333264,0.8176511110326067,0.04902356363367282
2023-08-27,0.47299001742409097,0.8139788106642403,0.6599453143818554,0.7873931623931623,0.6849888611505528,0.5681433813756978,0.5792412239981237,0.6540113300595277,0.36077401622145594,0.6206883905417255,0.3260965232050898,0.35663194476025367,0.8242086762991485,0.07147908207535267
2023-09-03,0.48829732732194797,0.8276462570103011,0.7438999511423079,0.9176356589147285,0.7153889163578204,0.6849888611505528,0.5681433813756978,0.5792412239981237,0.37098298096862464,0.6311961663569223,0.3328725462111203,0.37972623739047645,0.8389753417882502,-0.10560195949312723
2023-09-10,0.465323325453482,0.7967649393888319,0.5396587384067826,0.5305067218200622,0.475658381797981,0.7153889163578204,0.6849888611505528,0.5681433813756978,0.37740039510656825,0.5957147872871909,0.4139514855748529,0.43947435145371955,0.8238167679372592,-0.007270556110838969
2023-09-17,0.44224997149304857,0.7664279245628725,0.5280795964502152,0.35230352303523044,0.608778447549001,0.475658381797981,0.7153889163578204,0.6849888611505528,0.37985447317079163,0.562767792436726,0.4121056408784269,0.40680442099743436,0.8172316034903027,-0.04827342327309091
2023-09-24,0.4081104102398119,0.723722700766203,0.45490011608372577,0.1422764227642277,0.553269178029082,0.608778447549001,0.475658381797981,0.7153889163578204,0.3791796017031302,0.5134930561731148,0.41029671307592946,0.40200366617814604,0.8102169957960927,0.017397244094091494
2023-10-01,0.38372625199959337,0.6929263663529905,0.47864311265799314,0.21680216802168034,0.6421734675757859,0.553269178029082,0.608778447549001,0.475658381797981,0.3764310342712001,0.46773794392833307,0.40655026725993987,0.37918117198270335,0.8150634118769209,0.0
2023-10-08,0.3625392648342537,0.6662479233500682,0.47864311265799325,0.21680216802168034,0.6186212533488794,0.6421734675757859,0.553269178029082,0.608778447549001,0.3730075953716087,0.42476857915548166,0.4029536792765897,0.35361632012629834,0.8244537570212315,0.03209161536630671
2023-10-15,0.35303096986092564,0.6536733731271884,0.5260892272227209,0.3577235772357723,0.6620665597380353,0.6186212533488794,0.6421734675757859,0.553269178029082,0.3736701964489491,0.3996161424009678,0.3995009548125737,0.34894178528229913,0.8304129720563818,0.007563188374025411
2023-10-22,0.3459958619672088,0.6441930053823008,0.537443743748542,0.3377581120943951,0.6288602217659514,0.6620665597380353,0.6186212533488794,0.6421734675757859,0.3714001742395426,0.3762603082717764,0.39618633932711816,0.3253619881860689,0.8365709011905181,0.020877585021555393
2023-10-29,0.34484356277369355,0.641758031726789,0.5696412865186211,0.44100294985250765,0.6468851181488866,0.6288602217659514,0.6620665597380353,0.6186212533488794,0.3714001742395426,0.3610619742395536,0.393004308461081,0.3150099568699365,0.8465673243367364,-0.02844077339558079
2023-11-05,0.33414193408318094,0.628188059676535,0.510815594326554,0.3008849557522122,0.5801184201318003,0.6468851181488866,0.6288602217659514,0.6620665597380353,0.37011178325582533,0.345825526642451,0.38994955882968524,0.29910090478449647,0.8401234676935033,0.010572519564735044
2023-11-12,0.3272460165308927,0.6192297002645385,0.5285564698184353,0.35250737463126847,0.632934224090686,0.5801184201318003,0.6468851181488866,0.6288602217659514,0.36814852080444677,0.33539074726042856,0.3870169991835453,0.29062466513990504,0.8441617797717879,0.0383188643021366
2023-11-19,0.3315697155122328,0.6234592931604015,0.5918146944776752,0.544247787610619,0.6704969467687463,0.632934224090686,0.5801184201318003,0.6468851181488866,0.36900744812692493,0.32946354285730167,0.3842017419232509,0.2888754213291046,0.8532021673084396,0.008638118785634533
2023-11-26,0.3360456519900451,0.6277819938882774,0.6058667249720071,0.5884955752212392,0.630315451755041,0.6704969467687463,0.632934224090686,0.5801184201318003,0.3717560155588549,0.3291248897319356,0.38149909495336837,0.2811295733598981,0.8595543946726957,0.0
2023-12-03,0.33801321880617713,0.6291446190370655,0.6058667249720071,0.5884955752212392,0.6186212533488794,0.630315451755041,0.6704969467687463,0.632934224090686,0.37249223897812184,0.3359711705760881,0.3166355676761877,0.2790091417942596,0.8729444130427102,0.05819317390776148
2023-12-10,0.3559436820609284,0.6485813393859365,0.7007957333283008,0.9918433931484495,0.697402587392741,0.6186212533488794,0.630315451755041,0.6704969467687463,0.37267629483293857,0.35075115433792964,0.31810822448686665,0.28578524126172616,0.8887256244038577,0.021408363775825077
2023-12-17,0.37509681655518945,0.6688375449264911,0.7323250689553475,0.8797953964194376,0.6476036810925367,0.697402587392741,0.6186212533488794,0.630315451755041,0.3783697559419365,0.37681528621545407,0.321568767044639,0.28857930497014983,0.9002300667679373,0.019662450205559324
2023-12-24,0.394560175646061,0.6888158902637821,0.7607263767697929,0.9061757719714966,0.6452400808460743,0.6476036810925367,0.697402587392741,0.6186212533488794,0.3852779856927249,0.40495253705379425,0.32800738108224486,0.2920482998629564,0.9082371409898611,0.08291421000555955
2023-12-31,0.4362038551151962,0.7318394643769761,0.8627556978422255,0.9591280653950958,0.730869677636314,0.6452400808460743,0.6476036810925367,0.697402587392741,0.39817416592021787,0.4472445170428179,0.3367660729266542,0.33444743033358315,0.917236681739499,0.023613848108304546
2024-01-07,0.4747388319019094,0.7696407202546925,0.8873308415008816,0.7270440251572329,0.6505894436185844,0.730869677636314,0.6452400808460743,0.6476036810925367,0.41162251371216113,0.5034582698214172,0.3511302292338165,0.39323211051582146,0.9382054350514006,0.045394953160170344
2024-01-14,0.5189019699446111,0.8112229052795458,0.9308905197238149,0.8464052287581703,0.6800764847560092,0.6505894436185844,0.730869677636314,0.6452400808460743,0.4275126691780065,0.5556567545444024,0.3750660815592593,0.40671604828362756,0.9538784576253223,-0.04539495316017043
2024-01-21,0.5327879784225699,0.8208891767582993,0.7822514045678646,0.6965034965034967,0.5571660219417495,0.6800764847560092,0.6505894436185844,0.730869677636314,0.43968489637655367,0.5653682091688752,0.3961296316056489,0.4522932184218624,0.9425881849012612,-0.08495557285973616
2024-01-28,0.5099111628305643,0.794220785795835,0.5768543100330377,0.45244755244755247,0.5036092525434407,0.5571660219417495,0.6800764847560092,0.6505894436185844,0.4472679975950035,0.519792635046159,0.5505956652791733,0.5661495623862427,0.917188107181969,-0.06942850643176303
2024-02-04,0.4657927386182005,0.7471389566144624,0.45614128184734765,0.2678321678321678,0.5246296390396691,0.5036092525434407,0.5571660219417495,0.6800764847560092,0.4507527884462003,0.4774724590750656,0.5467747954643318,0.6125817246640737,0.9075747606599074,-0.02873125804048102
2024-02-11,0.41927686241024775,0.6980962930178246,0.41359139996927746,0.1900070372976779,0.5797251649386608,0.5246296390396691,0.5036092525434407,0.5571660219417495,0.45412714578450736,0.43817515281619307,0.5430303430457872,0.6025272683778582,0.9009178383438725,-0.014112568402396474
2024-02-18,0.37605068129177455,0.6525908478341916,0.39320286859945913,0.15482054890921906,0.5995158000651609,0.5797251649386608,0.5246296390396691,0.5036092525434407,0.4564585199455194,0.39880771868727244,0.5393607796756135,0.5748263371059834,0.8914645670682162,0.005668949422227086
2024-02-25,0.3419066538678115,0.6164839010771535,0.4025575046069792,0.25253164556962043,0.6262958201085155,0.5995158000651609,0.5797251649386608,0.5246296390396691,0.4574401511712087,0.3754380000030733,0.5357646075728433,0.6118936581254164,0.90529506835765,-0.04332181894778561
2024-03-03,0.30066644101203477,0.5729840108354624,0.33892127918979137,0.1575949367088609,0.5599726102052204,0.6262958201085155,0.5995158000651609,0.5797251649386608,0.45621311213909715,0.3528947559602273,0.527286513581398,0.6218271127781807,0.8972029886600488,0.1549936369706578
2024-03-10,0.31600400643181303,0.5885243630431529,0.5656668476619249,0.517088607594937,0.8284500815240312,0.5599726102052204,0.6262958201085155,0.5995158000651609,0.46195565480937933,0.3177096175022824,0.5191475433496102,0.6660313214979854,0.9046757427491432,0.00629963025771446
2024-03-17,0.32885698817291276,0.6012189471311548,0.5736658364609835,0.5329113924050636,0.6271496294857862,0.8284500815240312,0.5599726102052204,0.6262958201085155,0.46544044566057635,0.2970127917136554,0.5113341319270943,0.676645237446057,0.9167829512134806,0.1077690671759396
2024-03-24,0.37637689626363935,0.6485236193527282,0.699525055797215,0.8196202531645572,0.7645179335031592,0.6271496294857862,0.8284500815240312,0.5599726102052204,0.47350209210154975,0.29491331335001425,0.3238122577867088,0.7134358371782181,0.9380906224608754,-0.04591878309010202
2024-03-31,0.3945170701488064,0.6652977574520481,0.6123010171267806,0.6936708860759495,0.5564568662466585,0.7645179335031592,0.6271496294857862,0.8284500815240312,0.47820165159453715,0.2953450786102663,0.32752978326395865,0.7117437432237168,0.8990543416822694,-0.060595106313414825
2024-04-07,0.3851378144133189,0.6547605510157016,0.5147300960266645,0.5360759493670887,0.5365882073516453,0.5564568662466585,0.7645179335031592,0.6271496294857862,0.47575984392063503,0.2755201360670207,0.33507449404334727,0.7199669933549349,0.8822254654325785,-0.11922662605300936
2024-04-14,0.3372129511052858,0.6063011170867318,0.3712209470192201,0.27612456747404857,0.45721344512565515,0.5365882073516453,0.5564568662466585,0.7645179335031592,0.46659386235076145,0.2516607338112754,0.34231741639156027,0.7449181103151881,0.8657057000035326,-0.08521433905063033
2024-04-21,0.27329086201430025,0.5412747283570921,0.29570163267781074,0.08208955223880608,0.5032589374745908,0.45721344512565515,0.5365882073516453,0.5564568662466585,0.451439930304183,0.24244162790376228,0.5161475527486723,0.7750830619438709,0.8485345939166989,0.05944709611448328
2024-04-28,0.23947707345638453,0.506348666944505,0.36168918816929146,0.24468864468864446,0.6991001346753372,0.5032589374745908,0.45721344512565515,0.5365882073516453,0.4411696136054088,0.24065034415544595,0.512616621214296,0.769162496224534,0.8557832426608258,-0.017554576011638498
2024-05-05,0.20739279211175646,0.4728723565942098,0.3453311905601449,0.2007326007326009,0.5948560447530513,0.6991001346753372,0.5032589374745908,0.45721344512565515,0.4344454397094371,0.21808121217515303,0.5049209128749819,0.7785314498370295,0.8416016797965167,-0.03575564904773456
2024-05-12,0.17196178603548198,0.43538218229567854,0.31267517665024885,0.11355311355311337,0.570215614982264,0.5948560447530513,0.6991001346753372,0.5032589374745908,0.42950047241002737,0.20387208749408942,0.4975330328692406,0.7548744274256338,0.833973266329883,-0.08921074033947847
2024-05-19,0.12057041443158555,0.3797816044213153,0.24185064614225021,0.019749835418038,0.4978486495702208,0.570215614982264,0.5948560447530513,0.6991001346753372,0.4224081868044221,0.20351350560046316,0.49044066806372894,0.7650890559481967,0.821593377963048,0.09531017980432493
2024-05-26,0.10690333097008306,0.36446924982454554,0.34782610790693164,0.21658986175115202,0.7476512169808093,0.4978486495702208,0.570215614982264,0.5948560447530513,0.4195982674208865,0.2031805366992387,0.47890141041136786,0.764954489348604,0.8422728918642032,0.007270556110838866
2024-06-02,0.09932889851061161,0.3556957782627941,0.3559569319794222,0.23238973008558272,0.6284640591487576,0.7476512169808093,0.4978486495702208,0.570215614982264,0.4168374295986354,0.20287135129095896,0.46805450821814837,0.726526120885232,0.8499454640195004,0.07946207523238658
2024-06-09,0.11808619747364134,0.37614232457249286,0.4452137805411159,0.41277156023699785,0.7261962122714442,0.6284640591487576,0.7476512169808093,0.4978486495702208,0.4192792372725375,0.18220115768800044,0.45785842015652206,0.7197013722808754,0.8709506482495495,-0.0027917382732646824
2024-06-16,0.1328678556360544,0.39222570704754467,0.44197994444895633,0.4061882817643188,0.6148418261291558,0.7261962122714442,0.6284640591487576,0.7476512169808093,0.4146287593408346,0.1630074064852532,0.4482740973785933,0.6958739624485681,0.8661274154802698,-0.005325871033237437
2024-06-23,0.1435932526933958,0.40386720898141215,0.4354405921519245,0.39368005266622763,0.6114111426646082,0.6148418261291558,0.7261962122714442,0.6284640591487576,0.4094383842350025,0.14518463751127364,0.43926483396734034,0.6571328743538629,0.8618241512700038,0.04908456125970334
2024-06-30,0.16802423977696612,0.4305097003524801,0.49620903516830933,0.5115207373271887,0.6850714391236981,0.6114111426646082,0.6148418261291558,0.7261962122714442,0.4008859221811845,0.12617295014529,0.43079612636076253,0.6552647862160326,0.8688210954887483,-0.012114833862741035
2024-07-07,0.18367592508350836,0.4474754856060113,0.47883737402928833,0.5524528301886792,0.6022203130093942,0.6850714391236981,0.6114111426646082,0.6148418261291558,0.39422310023681856,0.10851924044830513,0.42283554121057937,0.6222227764898876,0.8596184247712579,-0.001355197388598356
2024-07-14,0.19570638824165962,0.4604589854261634,0.4768043098634654,0.6852026390197922,0.6167866007427892,0.6022203130093942,0.6850714391236981,0.6114111426646082,0.3905542535308047,0.1107354768966885,0.2981197071910435,0.6429619315326993,0.8376130462429787,-0.0280546452004237
2024-07-21,0.1964314884331054,0.46123889233974724,0.43442665319102874,0.589066918001885,0.5806411566021402,0.6167866007427892,0.6022203130093942,0.6850714391236981,0.3911309618758973,0.10866117488688037,0.30116549447394864,0.6216425859691717,0.8223970660967251,0.004175371410480592
2024-07-28,0.1983397285652245,0.4632925009379377,0.4407564967705832,0.6032045240339302,0.6242738292054162,0.5806411566021402,0.6167866007427892,0.6022203130093942,0.39543786887860893,0.0878137376866081,0.30415036601119566,0.6172373768816235,0.8418798795350972,0.07618913835754638
2024-08-04,0.22434290993657352,0.4911035193551594,0.5517906735752578,0.87181903864279,0.7217653432205491,0.6242738292054162,0.5806411566021402,0.6167866007427892,0.4008000294489367,0.08797058041870048,0.3070755401176977,0.6157703470767109,0.858978123785636,-0.02212191708727071
2024-08-11,0.23714904821370258,0.5046405087413186,0.5124216337397127,0.7917059377945335,0.5886728243027978,0.7217653432205491,0.6242738292054162,0.5806411566021402,0.40585543026123655,0.08811622009850051,0.30994221074206973,0.5986669761709993,0.8517118115660437,-0.0026350476380051138
2024-08-18,0.24591127449126465,0.5138069142613946,0.507667777569379,0.7822808671065031,0.6150539523365611,0.5886728243027978,0.7217653432205491,0.6242738292054162,0.4122483036185381,0.08825145694402914,0.3127515479539543,0.5644206241810206,0.8467009043699437,0.009192448184164145
2024-08-25,0.2552702935617346,0.5235159277865982,0.52227779399208,0.7962577962577961,0.631065897324226,0.6150539523365611,0.5886728243027978,0.7217653432205491,0.42249407953667,0.08982295264875229,0.3155046984216012,0.5256243828818785,0.8532154149150386,-0.019802627296179754
2024-09-01,0.255542563667108,0.5236864054755732,0.48305577098151026,0.6179039301310043,0.5918126555150645,0.631065897324226,0.6150539523365611,0.5886728243027978,0.4281507294747046,0.10861042530896126,0.3182027858798952,0.5516893102880047,0.8366625304694951,0.013245226750020723
2024-09-08,0.25942846750788834,0.5276073487321186,0.5062626623524082,0.6282527881040892,0.6365525082196659,0.5918126555150645,0.631065897324226,0.6150539523365611,0.4341264095610881,0.12552574589135007,0.3239446041131363,0.524296534515321,0.864841293672943,-0.0026350476380051138
2024-09-15,0.2609480096054692,0.5290500573160392,0.5005200287285381,0.6075949367088606,0.6150539523365611,0.6365525082196659,0.5918126555150645,0.631065897324226,0.4366172987962747,0.12460293487398671,0.3294567496170478,0.5268446148173336,0.8586381018829264,-0.005291017634415436
2024-09-22,0.2597373691197862,0.5276641648616803,0.4883982491569497,0.5822784810126586,0.611458326845686,0.6150539523365611,0.6365525082196659,0.5918126555150645,0.43898548412825006,0.12449826324398722,0.33474840930080274,0.5012264601496976,0.8503417882502561,-0.005319161477600045
2024-09-29,0.25640149316841954,0.5240933414118291,0.47570838641974383,0.5569620253164557,0.6114202259936047,0.611458326845686,0.6150539523365611,0.6365525082196659,0.4413413990699044,0.12520138940589554,0.33982840259720754,0.4678185948734919,0.8405319355636415,-0.0013342230131366103
2024-10-06,0.2527268804910602,0.5201889951971409,0.4723543991417201,0.5506329113924053,0.6168149956415144,0.6114202259936047,0.611458326845686,0.6150539523365611,0.4414395621924732,0.12468119743975592,0.34470519616175616,0.43154996270710805,0.8324310241283074,0.0
2024-10-13,0.24925819109159142,0.5165125851191683,0.4723543991417201,0.5506329113924053,0.6186212533488794,0.6168149956415144,0.6114202259936047,0.611458326845686,0.44208989287949246,0.1255703307476112,0.34938691798372284,0.39787194712403723,0.8461235295156674,0.06336961393258919
2024-10-20,0.2670328960324104,0.5346584275217315,0.6141113055758127,0.860759493670886,0.7044103998794832,0.6186212533488794,0.6168149956415144,0.6114202259936047,0.4458078211467906,0.1464957624419277,0.3538813709328109,0.40857584793329976,0.8556805737096831,0.03327478888487235
2024-10-27,0.2918010590794949,0.5595968781266708,0.676354811424865,0.9157303370786517,0.6636683281575705,0.7044103998794832,0.6186212533488794,0.6168149956415144,0.4524338319201933,0.17723267880078358,0.3581960457639354,0.4211387058897114,0.8672435263362418,0.018018505502678212
2024-11-03,0.3166128964664606,0.5840784980442844,0.7081457781710436,0.8214285714285714,0.6430145250275758,0.6636683281575705,0.7044103998794832,0.6186212533488794,0.459796066112863,0.21450434185311762,0.3652703803340172,0.4380512598305722,0.8781639700427455,0.03048301672507575
2024-11-10,0.3459000287485201,0.612381520703903,0.759035769935829,0.9761904761904758,0.6598888550626006,0.6430145250275758,0.6636683281575705,0.7044103998794832,0.4652563898057596,0.24911374325885632,0.37585928528837803,0.4345166166059979,0.8865872399053236,0.02283204204264569
2024-11-17,0.375783053481162,0.6404860616300195,0.7945537055649914,0.9292929292929291,0.649531042423389,0.6598888550626006,0.6430145250275758,0.6636683281575705,0.47298673570806277,0.29056109614797954,0.38560107784639003,0.422489376261905,0.8935852880912847,0.004504512121104729
2024-11-24,0.398921368280274,0.6613864957314566,0.8015503204364791,0.9494949494949495,0.6247194165918718,0.649531042423389,0.6598888550626006,0.6430145250275758,0.4810851933199994,0.32603342793911655,0.39895714632126017,0.406948688696039,0.8976412636450348,-0.012436565041008488
2024-12-01,0.41007009110477743,0.6705087721823947,0.7504963426273958,0.8805970149253735,0.6017847565733835,0.6247194165918718,0.649531042423389,0.6598888550626006,0.4880793158030356,0.3623147833220665,0.4109776079486433,0.3881455144242408,0.8911223372310735,0.001137009787075102
2024-12-08,0.4168514804518473,0.6753564192103622,0.7526140734249054,0.8855721393034827,0.6201605257726294,0.6017847565733835,0.6247194165918718,0.649531042423389,0.4960550695117611,0.3926978652885356,0.4242180673501958,0.36281485955699616,0.8981932472533294,0.04118556478421265
2024-12-15,0.4355937063730668,0.6909901307630142,0.824640156828748,1.0,0.6743778570734514,0.6201605257726294,0.6017847565733835,0.6247194165918718,0.5056873259138372,0.42867385133357344,0.4358696716235619,0.35853269477849986,0.910665868866358,0.0021786500992221724
2024-12-22,0.44846299346942986,0.7008615349986433,0.8282043323619395,0.8980582524271847,0.6215706879596048,0.6743778570734514,0.6201605257726294,0.6017847565733835,0.5155649901223356,0.46799283395649,0.44923861660588,0.3659249920389805,0.9198310046984843,0.011898463791614518
2024-12-29,0.460449271021866,0.7096450983709234,0.8481659758808953,0.9487179487179488,0.6347292740604109,0.6215706879596048,0.6743778570734514,0.6201605257726294,0.5263629336049178,0.5045033178206269,0.46501940163488725,0.35442461763189487,0.9250439378952202,-0.010810916104215617
2025-01-05,0.46258890941809544,0.7095054059064096,0.7942389824645475,0.8974358974358974,0.6039855437676087,0.6347292740604109,0.6215706879596048,0.6743778570734514,0.5367927653778666,0.5230586555454249,0.4782752610592534,0.3568633059929403,0.9195031264351574,0.017241806434505954
2025-01-12,0.4681549848083039,0.7123374410053301,0.8265673546232031,0.9690721649484532,0.6419630376342568,0.6039855437676087,0.6347292740604109,0.6215706879596048,0.54826558032811,0.542914651502924,0.48941018297572086,0.339888644729966,0.9251377751086303,0.058107630807280757
2025-01-19,0.4935197344176155,0.732069562788075,0.9162726240681522,0.9681274900398407,0.6972867800029464,0.6419630376342568,0.6039855437676087,0.6347292740604109,0.5631741045682663,0.5772395200630496,0.5001910450307614,0.3608557601408397,0.9359312625852263,0.01996074256253815
2025-01-26,0.5186473914645535,0.7508537235666293,0.9415533727467669,0.931726907630522,0.6456439060413648,0.6972867800029464,0.6419630376342568,0.6039855437676087,0.5763034222118604,0.6152954597566571,0.5183385687646693,0.3567135310349259,0.9487814409863284,0.027292142288007554
2025-02-02,0.5467384521382248,0.7713246089707214,0.9732871742253728,1.0,0.6555690813153027,0.6456439060413648,0.6972867800029464,0.6419630376342568,0.5894940918070601,0.6380632874444601,0.5370190680158979,0.37298084019836436,0.9693262708870596,-0.007722046093910278
2025-02-09,0.5613713243601812,0.7800389819502165,0.9323769268391402,0.9633027522935781,0.6081672249470138,0.6555690813153027,0.6456439060413648,0.6972867800029464,0.6012736665153318,0.659204841725991,0.5535423392411956,0.35660394081925734,0.9579046260642243,-0.043571248293640306
2025-02-16,0.5498334580798067,0.7674132222291659,0.7328481728851337,0.7078651685393257,0.5596349352633575,0.6081672249470138,0.6555690813153027,0.6456439060413648,0.6087586046112126,0.6504978202858962,0.5667609562214335,0.3650085133832401,0.9475361659660153,-0.02148420229457338
2025-02-23,0.5278000431526367,0.7466707282088525,0.6520587904751447,0.5898876404494383,0.589536156180654,0.5596349352633575,0.6081672249470138,0.6555690813153027,0.6137281126912646,0.624910948455538,0.6196354241423856,0.3579461375550586,0.9222586286077648,-0.011440582401893168
2025-03-02,0.5020891067913373,0.7233877082613831,0.6114206503314343,0.4909090909090906,0.6031331078614297,0.589536156180654,0.5596349352633575,0.6081672249470138,0.617777341497233,0.588313513022297,0.6184297402038179,0.36013328877873524,0.9047784117002862,0.0
2025-03-09,0.4785137566560139,0.7022199332722981,0.6114206503314343,0.4909090909090906,0.6186212533488794,0.6031331078614297,0.589536156180654,0.5596349352633575,0.6225014417708628,0.5543301801200018,0.6154924644753839,0.335929000008328,0.918038161938743,-0.04711792297706985
2025-03-16,0.43798491921485405,0.6676603479777481,0.4580501193424848,0.20000000000000018,0.5548334827180289,0.6186212533488794,0.6031331078614297,0.589536156180654,0.6244647042222413,0.5020169895746225,0.6126726797760873,0.34143781824102576,0.9055909315716959,0.030239885189718176
2025-03-23,0.41555493688217776,0.648102372685684,0.5340297248514623,0.33333333333333337,0.659559706033301,0.5548334827180289,0.6186212533488794,0.6031331078614297,0.6258757991091697,0.469130676113139,0.607578746433185,0.37366287152733674,0.9234078584802345,0.018967902706810827
2025-03-30,0.4032661878525886,0.6370094730435238,0.5786864956254643,0.4533333333333332,0.6442998094218869,0.659559706033301,0.5548334827180289,0.6186212533488794,0.6282685252217872,0.43859338504176154,0.6027904490908569,0.3589862699518435,0.9329494471332178,0.041907000677693075
2025-04-06,0.4089399978043724,0.6405899886390805,0.6679345016620699,0.748466257668712,0.6753545297362211,0.6442998094218869,0.659559706033301,0.5548334827180289,0.6325018098825723,0.40789492571235314,0.5982894495890683,0.42931068476168516,0.9490154820362453,-0.12683287117630146
2025-04-13,0.35991207944728354,0.5998876480995061,0.3600321115464877,0.018404907975459954,0.44691618691411006,0.6753545297362211,0.6442998094218869,0.659559706033301,0.630047731818349,0.3682636023603974,0.5026553753408929,0.5112275631926726,0.9370827003921292,0.05526267867504952
2025-04-20,0.3411606581849965,0.5839802150752009,0.4645241992896992,0.3251533742331288,0.6934353123957085,0.44691618691411006,0.6753545297362211,0.6442998094218869,0.6296796201087156,0.33146308781929573,0.6052820439213435,0.5208306915911944,0.9454805790087257,0.02127739844728488
2025-04-27,0.3334606494633895,0.5772173696430567,0.5023906547524191,0.4478527607361963,0.6474263815468504,0.6934353123957085,0.44691618691411006,0.6753545297362211,0.6271028381412811,0.30044852875371336,0.6032582173101766,0.5122577389758458,0.9525857120146959,0.029047685440230817
2025-05-04,0.3379424192016054,0.5804425332681418,0.5530989326348665,0.6196319018404906,0.65794571799305,0.6474263815468504,0.6934353123957085,0.44691618691411006,0.6250168717866915,0.2833749318004368,0.6012748672312329,0.5104186902636281,0.9659293637616138,-0.010277582758240296
2025-05-11,0.3355985469379219,0.5780950430388868,0.5293717038810932,0.5870967741935481,0.6047075650918385,0.65794571799305,0.6474263815468504,0.6934353123957085,0.6205995312710897,0.2675208774866799,0.5993311841538682,0.4868483230848129,0.9536013618539583,-0.020877585021555255
2025-05-18,0.3236392665367794,0.5679826666788291,0.48211958414059547,0.4610389610389609,0.5903573885488724,0.6047075650918385,0.65794571799305,0.6474263815468504,0.6154459673362209,0.24452450555920935,0.5974263747380508,0.46758507505229524,0.9457896898293707,0.03319806940959583
2025-05-25,0.32661368213751985,0.570031126142349,0.5452425241544163,0.7202797202797203,0.6635644661029073,0.5903573885488724,0.6047075650918385,0.65794571799305,0.6149551517233762,0.2264904104235947,0.5955596615105498,0.45144678763492646,0.959102430494224,0.03509131981127019
2025-06-01,0.34254270855463875,0.5824462199559772,0.6075550626171715,0.9650349650349651,0.6661275294711195,0.6635644661029073,0.5903573885488724,0.6047075650918385,0.6179000454004442,0.227478482478791,0.504090713362997,0.4460808138321994,0.9699754036104142,-0.010896591224213143
2025-06-08,0.3486856203644836,0.5868742010593726,0.5788840966715949,0.8300653594771246,0.603869557651119,0.6661275294711195,0.6635644661029073,0.5903573885488724,0.6208449390775119,0.23512360394572213,0.5060427730730588,0.43060403790985285,0.957531485145017,-0.005994023940210637
2025-06-15,0.3492385405308802,0.5868127883170939,0.5627992177000929,0.8117647058823527,0.6105066039735227,0.603869557651119,0.6661275294711195,0.6635644661029073,0.6234217210449462,0.2336179053148154,0.6124587340318646,0.5290441700806767,0.9149845886176564,0.1504220077889464
2025-06-22,0.41755135098131063,0.6395430871744698,0.7889871132273918,0.9646302250803861,0.8222610558788594,0.6105066039735227,0.603869557651119,0.6661275294711195,0.6386370050431303,0.22624730673586513,0.490455002153007,0.6318214573655265,0.9405900042392341,-0.008658062743114541
2025-06-29,0.4643103290559176,0.6740036414400404,0.7640181207636361,0.9324758842443731,0.6069000550135013,0.8222610558788594,0.6105066039735227,0.603869557651119,0.6515209148803023,0.2194031794839827,0.490455002153007,0.6275636931989377,0.9305074716501218,0.1924153699631735
2025-07-06,0.6027271359959667,0.7735609995162178,0.9403539773906107,1.0,0.8791112475923485,0.6069000550135013,0.8222610558788594,0.6105066039735227,0.6782703657803355,0.25732576172834926,0.4949189034017511,0.8273702241527836,0.9473606351785777,0.03246580124957708
2025-07-13,0.7263492371057765,0.8557984749398897,0.9617867006202379,0.8169014084507041,0.6625731288265533,0.8791112475923485,0.6069000550135013,0.8222610558788594,0.7053265764383965,0.3108104362895589,0.5100697574278743,0.9114620290660076,0.9743217225421272,0.027398974188114347
2025-07-20,0.8343946093705068,0.9216685120655743,0.9793820612709692,0.8732394366197183,0.6557137092680965,0.6625731288265533,0.8791112475923485,0.6069000550135013,0.7421377474017448,0.35365194911523196,0.5394655719822017,0.9536924827796363,0.9854662715935987,0.033225647628320386
2025-07-27,0.9332990992230568,0.9766794916804276,1.0,0.943661971830986,0.6636018012182787,0.6557137092680965,0.6625731288265533,0.8791112475923485,0.7789489183650931,0.3968893331393993,0.5670976376632697,0.9657967534434857,1.0,-0.024480216847290674
2025-08-03,0.9865535870318769,1.0000000000000002,0.922363365176583,0.891549295774648,0.5854801817866123,0.6636018012182787,0.6557137092680965,0.6625731288265533,0.8122630280869232,0.43703833259041197,0.5930717794034734,0.954299247093177,0.9814941975483096,-0.030604224593528715
2025-08-10,1.0,0.9982790095162055,0.8329142588904317,0.8281690140845072,0.5771895616408838,0.5854801817866123,0.6636018012182787,0.6557137092680965,0.8410984453415462,0.4603083011609221,0.6174874726392652,0.9383759482151262,0.9706201204649025,-0.03371105734231172
2025-08-17,0.9808161967530262,0.9776017273398434,0.7441337748862087,0.7605633802816901,0.5729835626866381,0.5771895616408838,0.5854801817866123,0.6636018012182787,0.867602488435157,0.4573243728853506,0.6404382242809092,0.9646918645154938,0.9635624580492457,-0.058840500022933465
2025-08-24,0.9225439682369354,0.9351392887115261,0.6134216802668175,0.6478873239436619,0.5389635757153811,0.5729835626866381,0.5771895616408838,0.5854801817866123,0.8904254144324331,0.44424527968887345,0.6620119308240546,0.985630043854469,0.9579830077366023,-0.016807118316381174
2025-08-31,0.8592184596489998,0.8910340932521432,0.5803102890719791,0.6169014084507044,0.5958679454695693,0.5389635757153811,0.5729835626866381,0.5771895616408838,0.9099353350430077,0.4255209080452475,0.6822912149746114,0.9744648882304878,0.9490949676758398,0.0466600814660624
2025-09-07,0.8287283939406929,0.8672549589429441,0.6419804100527517,0.704225352112676,0.6817892027430502,0.5958679454695693,0.5389635757153811,0.5729835626866381,0.931101758346933,0.40813399151902324,0.7013537420761349,0.9640972437225048,0.9611966563040943,-0.060624621816434854
2025-09-14,0.7633311769185682,0.8238734307524485,0.526127342635667,0.5915492957746479,0.5365482495602628,0.6817892027430502,0.5958679454695693,0.5389635757153811,0.9480348969900732,0.3872134287242996,0.7192725175515666,0.9754583171761495,0.9504241442046135,0.08746700234329889
2025-09-21,0.7559298758336568,0.8152368255429813,0.6360514483742052,0.6975524475524474,0.7370332021514108,0.5365482495602628,0.6817892027430502,0.5958679454695693,0.9725143256806996,0.37478075051486676,0.7361161664984726,1.0,0.9853669145441055,-0.006463218190211893
2025-09-28,0.739941954899288,0.8019023363286369,0.623440824643771,0.611940298507463,0.6098714135128788,0.7370332021514108,0.5365482495602628,0.6817892027430502,0.986502570646772,0.363236120748965,0.7519491965085643,0.935337989123695,0.9693461422969583,-0.01305312224457933
2025-10-05,0.7135438694345326,0.7829622424220227,0.597306699493156,0.5726495726495726,0.6009500676270707,0.6098714135128788,0.7370332021514108,0.5365482495602628,1.0,0.3483324710731109,0.7668322447180502,0.8840397649455429,0.9621008054544811,-0.004389180418763096
2025-10-12,0.6844437775017986,0.7629337494271535,0.5882514760308235,0.3267973856209151,0.6126792250055305,0.6009500676270707,0.6098714135128788,0.7370332021514108,0.9981594414518324,0.33019888675751735,0.7808223100349674,0.8224135850203638,0.9521606846363089,-0.014771317320312543
2025-10-19,0.6475462027096461,0.7388788781880133,0.557072334079368,0.28571428571428575,0.5986239923999589,0.6126792250055305,0.6009500676270707,0.6098714135128788,0.9922696540976967,0.30825178394039493,0.7939729714328694,0.7826794183609591,0.943314595329777,-0.06453852113757118
2025-10-26,0.5774758543170224,0.6961252544446699,0.43777458241461814,0.0564784053156147,0.5312496519907056,0.5986239923999589,0.6126792250055305,0.6009500676270707,0.978772224744469,0.286394426812488,1.0,0.8052498935847452,0.932478053131734,-0.048790164169432056
2025-11-02,0.49252050854808554,0.644887716569304,0.3646801888705979,0.022988505747126357,0.5525696193964269,0.5312496519907056,0.5986239923999589,0.6126792250055305,0.9585260807146276,0.2787541264736124,0.9953064446677191,0.8008474842637094,0.9117124297876849,0.06453852113757116
2025-11-09,0.45699279192876,0.62290372035903,0.4652358999521516,0.49164677804295925,0.7059928547070532,0.5525696193964269,0.5312496519907056,0.5986239923999589,0.9454581150226389,0.2949089146525423,0.9846430314339027,0.9305591287753792,0.9356607906171617,-0.06871389254805181
2025-11-16,0.38973780371041766,0.5821620961928231,0.3677143656845701,0.3134715025906735,0.5255970761341687,0.7059928547070532,0.5525696193964269,0.5312496519907056,0.9299360712664271,0.30990978939012,0.9642066197789578,0.9399432460503243,0.9174309799696188,0.004175371410480592
2025-11-23,0.3370412485865682,0.5500420038188291,0.37410231216883577,0.36521739130434766,0.6242738292054162,0.5255970761341687,0.7059928547070532,0.5525696193964269,0.9176656809453108,0.3240244955131569,0.9449963928233098,0.8988101609115129,0.9283282403645741,0.03601043752303303
2025-11-30,0.3130995392778862,0.5353055793853515,0.43037386467082955,0.5214723926380369,0.6673718217929439,0.6242738292054162,0.5255970761341687,0.7059928547070532,0.9130029326232867,0.3286924140277238,0.9269387794850008,0.8711092392452879,0.9509132016815627,0.02852808361453803
2025-12-07,0.30852388034123257,0.5323667548220071,0.4743261006631025,0.6319018404907976,0.6572422862629885,0.6673718217929439,0.6242738292054162,0.5255970761341687,0.9118985974943863,0.30728608344820146,0.9099646229469902,0.8637516052756111,0.9649148178895679,-0.010997754209541398
2025-12-14,0.2977012285674055,0.525654280001307,0.4555282875524142,0.5889570552147236,0.6037326042181845,0.6572422862629885,0.6673718217929439,0.6242738292054162,0.9061315140434618,0.2886826191034003,0.8940089158012603,0.821939230047245,0.9555366163846397,-0.004750602758597753
2025-12-21,0.2855430592229171,0.5181525887725446,0.4471259022608412,0.5705521472392637,0.6121899350738529,0.6037326042181845,0.6572422862629885,0.6673718217929439,0.9049044750113502,0.2802872304178028,0.8790105510842741,0.7944820461757034,0.9475957801957113,0.023530497410194036
