,CONOIL,CUSTODIAN,DANGCEM,DANGSUGAR,ETI,FCMB,FIDELITYBK,FIDSON,FBNH,GTCO,GUINNESS,JBERGER,WAPCO,MANSARD,NAHCO,NASCON,NESTLE,NB,OKOMUOIL,PRESCO,STANBIC,STERLINGNG,TRANSCORP,UACN,UBA,UNILEVER,WEMABANK,ZENITHBANK
2021-01-03,-0.008012175560621474,-0.001444541085013255,0.0009692238769157104,-0.0029767477093001656,0.0006925909349385961,-0.0006322195287997942,-0.0034536508859757003,-0.000478513708231623,-0.006281335486073618,-0.0014643630360048163,0.003033058441745893,0.0007022938657865113,0.013251495118051498,0.02757229295539548,-0.0018029413215819579,-0.0007994396584923925,0.003529992902048844,0.00022388464438487417,0.0008840509180812929,-0.004732642135277159,0.0007995077045845854,-0.009639434401835942,-0.004647685608427683,-0.001752123121337127,-0.00111220021325791,-0.0010349043626754239,-0.0037228023379668705,-0.029973573489849307
2021-01-10,-0.004415051751388626,-0.001648538329601888,0.0036366804966178417,-0.010185295226788172,-0.0022338945873751066,-0.017581479509783404,0.004004499385087403,-0.0010828988801543206,-0.007081693674092423,-0.001222790010751091,0.004380693379838407,-0.001964099951922877,0.00974442986762607,0.020667996660451427,0.00037731647896888825,0.009369888246132625,0.0035299929020488436,0.00022388464438487425,-0.0023052348408528493,-0.005334144133723413,0.0009817267987911437,-0.008546646830600153,-0.0037600552325809445,-0.007453666916010356,-0.000802856538299774,-0.0010349043626754239,-0.0029422717594624415,-0.031216890791683837
2021-01-17,-0.008655845096055636,-0.0018737678912540583,-0.004815736684397095,-0.007697776176122043,-0.003913931607043701,-0.007118371120379493,-0.0026398112828759806,-0.001082898880154321,-0.006865173808087828,-0.0010633379353358187,0.004441911622104855,0.0008849765685978113,0.007238218926980458,0.04829865608642834,-0.004303974670230398,-0.011431822611026592,0.003529992902048844,0.0015891425214745332,-0.0023052348408528498,-0.004454191766670725,0.0007995077045845852,-0.010156265620056277,-0.00471216982537695,-0.003822348910172787,-0.0013607777034747562,-0.0014789450951039858,-0.0022324114977630024,-0.030808501166280776
2021-01-24,-0.008655845096055638,-0.0008679440771577548,-0.0027150301791549064,-0.0016054029830541966,-0.0020330969513507025,-0.00038871669160471924,-0.002032493920250946,-0.03314283715102519,-0.006865173808087828,-0.0007933522189774088,0.005040268092424877,0.006713594033076286,0.006986556939724371,-0.07040337302315619,-0.0032359006064600036,0.004026695305688346,0.0035299929020488436,-0.0005461868070581971,-0.0023052348408528493,-0.004459224645472674,0.004309044679434151,-0.009600944019720774,-0.003695571015631677,-0.006857539780737334,-0.0005848940995701688,-0.002130467803517133,-0.001955280113394645,-0.029465632823643943
2021-01-31,-0.008655845096055638,-0.0014445410850132557,-0.0004210671846196781,-0.009759785963677632,-0.0013623444721231773,0.0004916464146744664,0.00032682561731064893,0.0008641271305652187,-0.0067111631759224554,-0.0006584839346325017,0.005327225059685736,0.015265583674924445,0.008736903509941085,-0.05389149490354619,-0.003157511657802311,-0.0008150324489648536,0.0035299929020488436,0.004690837839039525,-0.003403013418833591,-0.010780202407505319,0.000799507704584585,-0.008804383418309279,-0.00471216982537695,-0.0028183980432863564,-0.0028961075067115098,-0.004868406662540611,-0.0017076500494404628,-0.02942559272051339
2021-02-07,-0.008655845096055638,0.001873944048549439,-0.0009919037756268808,-0.0018677218969960188,-0.0021752606392064894,-0.01594462152549038,0.0016377095484671794,0.006083409097717674,-0.006942757219317431,0.01999015640621238,0.005261109406544597,-0.0037950434501510277,-0.005902862631778215,-0.03899447308774626,-0.0019603695983701555,0.000726986833255079,-0.0033813544229655385,0.05455111593151367,-0.0034030134188335914,-0.007941679600012066,0.0010613518629042135,-0.00724312869411254,-0.005377996836025133,-0.0024563488172865246,-0.0025226578032654335,-0.004868406662540612,-0.0023113099494878227,-0.03098218477705604
2021-02-14,-0.007104856990934129,-0.0013906730627973208,0.0008153855487944166,-0.005744980010241323,-0.002428854834751773,-0.01893771550817714,-0.002866507787955586,0.0018106136604444639,-0.007799033937103632,-0.04011021937555406,0.004829984335992784,-0.007094046761715643,-0.0155264160541208,0.05344735514680566,-0.0022221635202178316,-0.0004457688095476575,-0.0029350243600380537,0.061830615403222565,-0.0034030134188335927,-0.00744799792522666,0.004428437325071189,-0.007197340104884316,-0.0054424810529744025,-0.003822348910172787,-0.0032652518456301235,-0.004497682918137985,-0.0016651309865657413,-0.029796792353631005
2021-02-21,-0.006177565870426896,-0.0030581674912565303,0.0012903059552092997,-0.004958040707716838,-0.0023079032313473146,-0.0017882953008595845,-0.0011831452792343338,0.0022705002718993693,-0.0068461906076903774,-0.0023620830833182365,0.0036616540328652707,0.0003420429547038182,0.014301156988250551,0.06430187483662322,-0.008894571979294573,0.0011854764105499308,-0.00402338580060367,-0.0010032171792499764,-0.00230523484085285,-0.00685350185347115,0.004746085580074658,-0.0060061749434750225,-0.005442481052974401,-0.0006968786283155036,-0.0035395298378297106,-0.0048684066625406105,-0.0015184855519273428,-0.028213322623421574
2021-02-28,-0.005984591392922441,-0.0003356532341716577,-0.0015130293485599708,-0.0038481905319109914,-0.0024605547541185634,-0.014034785965232605,0.0016377095484671788,0.0008110232283817297,-0.0074300289297045885,-0.003322128076879227,0.0037028396395924383,-0.0051698546962120695,0.010710532294661505,0.020892479189465112,0.01138616575058753,0.0005481137632820193,-0.0033813544229655368,-0.0015327746787084234,-0.001917714689808619,-0.0008456983169140126,-0.0021204436077568944,-0.005413514844061389,-0.005442481052974402,-0.003468889664221159,-0.0026576971491927993,-0.004868406662540611,0.0062707518650870755,-0.030731773885932335
2021-03-07,-0.006624972778172019,-0.0014437054658716926,-0.004494208448539073,-0.004450833188334933,-0.0026001999840967347,-0.016682196999711643,-0.00030386723931861157,-0.0008079281309478578,-0.007213509063699994,-0.0016273700133411326,0.003623806584150977,-0.005339894183213441,0.017669790244608716,0.06356229006588507,0.00017446392637409064,0.0027001798032785297,-0.0008065306884330545,0.011518880505033722,-0.0019177146898086196,-0.0011941527323738618,-0.0024601009576732612,-0.004929917020471745,-0.005442481052974401,-0.023920274063737326,-0.0034678048426847546,-0.00298462122518211,-0.005333874027767284,-0.05894216907755141
2021-03-14,-0.006177565870426896,-0.0014445410850132557,0.0002602889138957797,-0.01977379550352091,-0.003304451194563578,-0.0028106623741096393,-0.002046791222863876,-0.0002035429590251595,-0.006976689077195465,-0.0012761780336468735,0.002791857340519456,-0.0005404567946751615,0.01415341609669194,0.06870491867044472,0.015514129597797258,-0.0031781538806613485,-0.008418683720016869,0.005705332484543804,0.000923593300424675,-2.4068855010640583e-05,-6.633768721767358e-05,-0.007503152819688524,-0.005442481052974401,-0.049803159178273805,-0.003961655301928642,-0.004868406662540611,-0.013353627911564692,-0.059507962789863846
2021-03-21,-0.006519040897861681,-0.0014445410850132553,0.0007389595307908871,-0.002476061955865655,0.002175098705505393,-0.01253989264649973,-0.0018314147731109164,0.0007402269049229946,-0.0004737407119175177,-0.0012761780336468735,0.005355151567485364,0.004258008907415503,0.011813504161957953,0.07141061676267424,-0.00020442642670295014,-0.0023776664058211827,-0.0019392980281844,0.03856622851760487,0.0009235933004246746,-0.00010776911833994302,-0.026059809446033352,-0.009196127915519145,-0.005442481052974401,-0.01214393634717204,-0.007012410700557078,-0.0048684066625406105,-0.0006837764112819878,-0.05196383516103567
2021-03-28,-0.006624972778172019,-0.04373087173862377,0.00011421493967520367,-0.004923636300543812,0.0031792391499131773,-0.00013363491650998348,-0.009465560987546301,-0.00047851370823162327,0.002880412709449062,0.0014281416742796948,0.003959723445299528,-0.0020681236407491268,0.010228602988464262,0.059718062721067736,0.01138807589320844,0.002106804077259581,0.003122830599812357,0.039057141475189634,0.0007052320238216787,0.0006057655326542394,-0.002226093096372423,-0.005773474091926224,-0.005442481052974402,-0.008515328044679813,-0.0033782174387741106,-0.004868406662540612,-0.006337609036347034,-0.05384607246192983
2021-04-04,-0.008647192561746652,0.022741815825614357,-0.0008301583711653665,-0.0049832215848888564,0.0010386528190764596,-0.014767639438665983,-0.0024123511997969117,-0.0006447509243100488,0.0018224410129472175,-0.001338321949508662,-0.009433645297252175,-0.00520222705218388,0.001311044737063704,0.007897145648215951,-0.004640100578313248,-0.00883684289414614,0.0011231853375639378,0.000557765072205562,0.003944002370799656,-0.0012296261760498793,0.00017197689238240106,0.0022162534347480107,-0.0052966746210186275,-0.016681995771191876,-0.004929868640174906,-0.0009081712647642878,-0.0026541909651995577,-0.015138549457350605
2021-04-11,-0.008647192561746654,0.03893272149673684,-0.0005920046448809756,-0.0027437708153502357,0.0010386528190764598,-0.003240770059533265,-0.0008731416692151964,0.00017215313151720306,0.03940839335300459,-0.0021706459121987607,0.0032482396724840545,-0.004070941005909542,0.001308016902778159,0.00809470636332407,-0.0021860715825727946,-0.011829093605934128,0.000670597937094282,0.0007179652045470573,0.0026733622436413995,-0.0036178770059880883,-0.0003979743846485165,0.005070677968848584,-0.005296674621018629,-0.01749606483735251,-0.004584896119960714,-0.0006763953059864576,-0.0020284000373400556,-0.028686676970658055
2021-04-18,0.016416065551153994,0.023331989682523563,-0.0016415264873626632,-0.0036876342600443506,-0.0009545117626463972,-0.015584783407857716,-0.002534885768212582,-0.0008358687512299056,0.002087118994113531,-0.0026358723367194193,0.00433193191586874,-0.002989741773289447,0.001344249575348561,0.005033142272920692,-0.003944891545356488,0.0010253545751554589,0.0007363152841318046,0.00832717722986447,0.0026733622436413995,-0.0029747906707636917,-0.0015902432362760355,-0.014060517414117887,-0.0052966746210186275,-0.007450438154640252,-0.002465087463619593,-0.0006763953059864581,-0.0034569579595476823,-0.028789877711638972
2021-04-25,-0.008555239959493888,0.02787758999491572,-0.0019880490644984313,-0.014740312900498107,0.0009326300368815954,-0.004276446148104192,-0.004385540178947629,-0.002905533600633956,0.00027954867049747505,-0.001344593654709841,-0.029531880165069233,-0.006803362162732355,0.002104498807382686,0.003998129415044136,-0.0031342113008151944,0.0020550090292983376,0.0017006252513124976,0.003751571636698391,-0.020137789796504504,-0.002974790670763692,-0.0013110691632482127,0.0009311508988141917,-0.0052966746210186275,-0.004796062637820776,-0.003416090387118757,-0.004604606777316588,-0.0028311670316881793,-0.02878987771163897
2021-05-02,0.02304734207320502,0.02872264909783795,-0.0009983825080684893,-0.0027437708153502357,-0.0009038470280360503,-0.016975269873825583,-0.004385540178947629,0.0005659042178981203,-0.007311248841190658,-0.0017388140042078671,-0.007390707709941264,-0.001125577886141651,0.00236046804379757,0.006838933208083537,-0.006091099073189595,0.0010253545751554589,0.00106821746096805,0.0011604862905363986,0.004775064592460703,-0.0015099427810849081,-0.0007135274352972981,0.0002551647233202844,-0.0029433261078046277,-0.005355766983572572,-0.0036371720424197363,5.9811429121898504e-05,-0.002174638782654789,-0.005823342685329547
2021-05-09,-0.011540390073396911,0.02651496909993085,-0.00016821252903692985,-0.005914272932716736,0.004923036661818435,-0.001817940657499658,-0.00661030740551288,0.002606602772795888,-0.00816437324823181,0.002558170672922986,-0.004531825481258999,-0.0032098271320836176,0.003019467647328363,0.00600031857017868,-0.0005577819050737563,0.0007260659635723623,0.00106821746096805,0.0011604862905363986,0.0026733622436414008,0.003255582862639348,-0.00014659734221989372,-0.0034444783612368707,-0.005296674621018629,-0.0011729384083012907,-0.0031728649724000204,5.98114291218986e-05,-0.0020821830650419627,-0.01313334325629022
2021-05-16,-0.008811708095273887,0.028580687817001498,-0.0011135555117563554,-0.002743770815350235,0.004603920945297685,0.0012913852296504414,-0.001162614746420733,0.00012438979078077425,-0.006752167009583355,-0.002309615944678932,0.021813867988691112,-0.005081530818073692,0.0032439062083937198,0.008420713544108872,-0.0038442488371870525,0.0003239540913316583,0.0013100695996678409,0.0022600397904065745,0.0026733622436414,0.0016329199355521816,0.0002629609906189691,-0.018990788548229443,-0.004874675649547874,-0.0012616981647433428,-0.003394285763030378,5.981142912189855e-05,-0.00212387582839567,-0.005243582639937735
2021-05-23,-0.010217252930188608,0.028111350617783297,-0.0003146635007112396,-0.0029985525543651187,0.00243863782334278,-0.01475727477373097,-0.0039246192934191924,0.008710591602994951,-0.0021852141583872313,-0.003431925603975606,0.024481333530451514,-0.002989741773289447,0.0030927951879193335,0.010168321797385417,-0.0021870095807266328,0.00015554989265145747,0.0013100695996678404,0.002584277263931283,0.002139888791917102,-0.0030389840796159195,-0.0001298156955909123,-0.00972504843278072,-0.0052966746210186275,0.0003430493953642637,-0.0033942857630303793,-0.0024188100580185565,-0.002093138507221782,-0.01355981538034362
2021-05-30,-0.008811708095273887,0.02790718858042088,-0.0002456277411480183,-0.005341970281354826,0.0024386378233427785,0.02059884025011482,-0.002921841945420762,0.002036450822913023,0.00032753534023105107,-0.003195746306449843,0.025858835399557564,-0.002534753819882234,0.002616852277185268,0.009329707159480555,-0.007599588789801765,0.001748395291896027,0.0013100695996678404,0.005486779816935216,0.0026733622436413995,-0.0036987240468514455,-0.0005656737733890575,-0.0031909317447672853,-0.0052966746210186275,0.00042302217419204973,-0.0033942857630303793,5.981142912189858e-05,-0.0018784134723534613,-0.023836402173409318
2021-06-06,0.015387999699702025,0.0285806878170015,-0.0003815975946425171,-0.0036876342600443506,0.0009953578186367516,0.00076982759946793,-0.0043040726265087354,0.0014918282761123287,0.0020912131606715505,-0.0026653290824481713,0.02628540889268329,0.00316262285496946,0.0026138244428997232,0.00966256781851785,-0.0006804334245465621,0.0035230822539177665,0.0013100695996678409,0.02547744228566371,-0.032924122631983764,-0.005499376103131563,0.004757678327970433,0.0004756954619203593,-0.005296674621018629,-0.015942438661768546,-0.0033942857630303793,5.981142912189863e-05,-0.0012218852233200714,-0.024623785724192538
2021-06-13,-0.008427310617096255,0.028111350617783297,-0.0008094987145322083,-0.00418122293058306,0.002165246288034062,-0.017185002789614757,-0.004346494930812478,0.0014918282761123293,0.0014060606984231778,-0.0022772399872796677,0.02585883539955756,0.0023036572829159972,0.0024836069487125484,0.007707009273126417,0.002566046303520793,-0.0033727516730492784,0.0010858081261022605,0.057756984916023456,0.0012654032240045712,-0.006184347082235083,-0.0012001755592104097,-0.0032172076598573377,-0.005296674621018629,0.002237236086023429,-0.0026754715402664943,5.9811429121898504e-05,-0.0014540946934342716,-0.023478610739448916
2021-06-20,-0.0018524346932037603,0.02616187922716088,0.00016203171902857136,0.05478413835872204,0.002165246288034062,-0.0022556477498503267,-0.004346494930812478,0.005979523582002996,0.0009264679076212824,-0.0026955893959381976,0.03727709392286564,0.0009517467164641248,0.0026138244428997237,0.006926703581260385,-0.001662085975318327,0.0016721881698845704,0.0013100695996678409,0.05866627757582528,0.0026733622436413995,-0.006184347082235083,0.003990686930002086,-0.004724826121432059,-0.0052966746210186275,0.0013222578717587842,-0.0029220435349956108,0.00041463791196756167,-0.003718287002497668,-0.023478610739448916
2021-06-27,-0.010445329614893521,0.02616187922716088,0.0026967767869088173,-0.0032214896414189827,0.0021652462880340615,-0.01763656411401787,-0.0039040958657176766,0.007722629878725951,0.0024339623290960764,-0.002039626573270607,0.02585883539955756,0.005037984694468569,0.002616852277185268,0.00770700927312642,-0.003490870921704755,0.004928169573177083,0.0012147399394879272,0.05866627757582528,0.003472705718450653,-0.0063844512175314635,0.0018015516661579493,-0.00455737620894013,-0.0052966746210186275,0.002670689827081345,-0.0026248017765290402,5.981142912189854e-05,-0.0032976024900141666,-0.01930685187620155
2021-07-04,-0.006588216098557649,-0.006666389454188213,6.8700273455376e-05,-0.003018037808272621,-0.003876400726474272,0.0008826483005505031,-0.003733758306181045,0.0012618117695224857,0.044847077878627906,-0.0018905390652943774,0.0009987462353074352,0.004194222494082231,0.0030265136239905816,-0.00413984657465318,-0.010218900687766635,-0.004552678046528501,0.003397158304685381,0.009000132775048148,0.003443459424079062,-0.0026588309754421295,0.002760079357047376,-0.0038904230768721302,-0.004697445621136871,-0.010831110721917354,-0.00347075873995477,5.24634700544286e-05,0.0013011604218013514,-0.0011687370959562763
2021-07-11,-0.005717435412575174,0.0016377253936041972,-0.0002350942117356442,-0.002538811361866396,0.0008582321758524284,-0.01570263658102295,-0.0037051301202384924,0.003816510644295584,0.00024228973810790685,0.0015951440819309253,0.008261860256322563,0.003490077334687089,0.004949986977066189,-0.007041058581494079,4.096302556536122e-06,0.0020962480908417263,0.003984005087173164,0.012454153900110936,0.0030243963014725023,-0.003099411268547795,0.0027600793570473764,-0.00385077140936382,-0.004286174555783213,-0.011822538933048934,-0.004233004831485204,5.246347005442852e-05,-0.0008864259144189818,-0.00302665519090108
2021-07-18,-0.0058157562336838674,-0.0003648073327626294,0.002025847425971324,-0.003670824113066545,-0.004377156709659287,0.00017582248047239487,-0.002017014448911669,0.0035405814579450513,0.0076658997977383,-0.015746442786358818,0.006774712228633881,0.004062586037151078,0.004949986977066188,-0.004482924641211628,0.006600863591691216,5.867852014484552e-05,0.004611094398478542,0.013398045137726284,0.003024396301472502,-0.0005029957027822937,7.410967944010265e-05,-0.0025152226569872555,-0.0032088564682765243,-0.007515728650037403,-0.002864240226831198,-0.0019864923621032947,-0.030160547811712818,-0.0015470189357761244
2021-07-25,-0.006311463383977934,-0.002130585951032109,-0.0002920030372546718,-0.0012694381204777585,-0.004430942649517946,0.0018895550822804353,-0.004064048421062552,-0.0009068910890879171,0.0016984484050803683,-0.018742730900266583,0.042987207959070545,0.009522928231046673,0.004691167508510066,-0.004599999811801045,-0.0036397717351996112,0.002164948310204935,0.004473114894806411,0.012454153900110936,0.0030243963014725023,-0.002969522959449799,0.005481325928974582,-0.002515222656987256,0.10573292315508956,-0.006609944641724323,-0.0011181135895858194,-0.0015467221990671898,-0.002028876511735348,-0.002597934431626694
2021-08-01,0.017285082491704393,-0.0022491235520255017,-0.0011863240629401111,-0.005192761083384905,-0.004817656546995744,0.00017852435275646269,-0.002506964841877057,0.0047795129980993,-9.307540758509365e-05,-0.019639974400744407,0.03814726214526591,0.008548977433766862,0.005650400714295203,0.002800737383019577,-0.005438717156384879,0.0018341384523319028,0.004473114894806411,0.013174227346962202,0.0030243963014725036,-0.002698829086425882,0.002356532735359465,0.005496569626698762,-0.002363526900105299,-0.013529006740532958,0.0024864951681530167,-0.0007728258261363219,-0.0012499507472230793,-0.002630315567227945
2021-08-08,0.006697606845747094,-0.0034288026253820637,-0.00018312148568735853,-0.002538811361866396,-0.004542525277478553,0.0018895550822804344,0.00016424232066001698,0.0033578400101791244,0.00040484941951985146,-0.01913786741723153,0.046411354391486415,0.009468981476697638,0.004586837029737542,0.008450068894900126,-0.006281123279397754,3.265366887109973e-05,0.004473114894806411,0.01411811858457755,0.0030243963014725027,-0.003037278474330912,-0.00018850969092553926,0.0064132777407912836,-0.004697445621136873,-0.013529006740532956,0.0008685929172906467,-0.00154672219906719,-0.00897997392541065,-0.0024630376334407247
2021-08-15,-0.008051130275339026,-0.0056158782746966816,0.0012151966055211289,-0.0043088458908190205,-0.0012746845445167423,-0.015418969872565177,-0.0031853945585134497,0.0027751550417005892,-0.00031630205772249933,-0.020035110917709355,0.04483472582283686,0.013054243418670059,0.005117820944773217,0.00772636119460679,-0.004339911184288421,0.0018190613540021274,0.0011594266262886417,0.01084037475079515,0.0030243963014725027,-0.002698829086425882,-0.0001885096909255393,0.006413277740791282,-0.004697445621136872,-0.017856147205269596,0.012059363355859639,-0.0015467221990671898,-0.0037887599751885146,-0.0026303155672279454
2021-08-22,-0.010549970915753984,-0.00509588935744124,-0.0008798787753167141,-0.003670824113066545,-0.004430942649517946,0.0016141746870634221,-0.00373070852925607,0.00277515504170059,-9.307540758509363e-05,-0.019639974400744407,0.042980392873161646,0.012175935358036245,0.004950527130371314,0.00745771232836146,0.004481241338682659,0.0016456241656078758,0.0021202079594345793,0.014139483741190229,0.0030243963014725027,-0.003549988582287074,0.0031654205948253643,0.006413277740791282,-0.004697445621136872,0.000794270122681293,0.010846491734469228,-0.011091689723281737,-0.0027938722474524836,-0.0026303155672279454
2021-08-29,-0.010549970915753985,-0.016255092515674342,-0.0008809598131830378,-0.0027974039598703095,-0.005464526133022044,-0.0020266863399436034,-0.002506964841877057,0.0025332524075693764,-9.30754075850934e-05,-0.018742730900266586,0.042980392873161646,0.0387913637893389,0.0053055352575389295,0.009466848909707039,-0.007425564744044034,0.0009016841854895565,-0.0037952643671194638,0.00015695302150554784,0.0030243963014725027,-0.0026988290864258823,0.0032397392467904945,0.006366860363595351,-0.004697445621136872,-0.0035057949042902026,0.012960444027723011,0.00018945665389751845,-0.004696666590906871,-0.002630315567227946
2021-09-05,-0.00805113027533903,-0.02025823824398489,0.0006720592292248217,-0.0033472903837746476,-0.0042962424369955,-0.016379079488819875,-0.003880575763336316,0.0028091815939199085,0.0013055542109433641,-0.020035110917709355,0.04298039287316166,0.04275767010356913,0.005473369225245955,0.014248259938240639,-0.004583820003061958,7.325690745006899e-06,0.0017262248275113732,0.004524539414442966,0.058694690951316596,-0.0021481994023370417,0.0035034975931988984,0.006950632019349579,-0.004697445621136873,-0.00023980398301475284,0.010790833769078377,0.0015861823902412436,-0.007263661619806342,-0.0030340236340778304
2021-09-12,-0.008051130275339026,-0.02138161383016659,-0.000377006831006787,-0.003515272072939296,-0.005052573638005872,0.001565032302122553,-0.005968580839902604,0.0033060960687105023,0.002438762978351897,-0.01743358969244452,0.040796754294729363,0.03954968135432113,0.005306075410844054,0.009383153693899676,-0.0038742295298496814,0.0022816251049571465,0.003069434859029696,0.015719452923756372,0.058922337695247906,-0.00202797129445278,0.005447215323214005,0.006950632019349579,-0.004697445621136871,-0.00015573623075064514,0.010337874413540359,0.0002619451690451597,-0.00480502357752868,-0.0030340236340778313
2021-09-19,0.0009739717599728004,-0.008144409149921723,-0.00014147412766335574,-0.0036708241130665436,-0.004929239174956351,-0.011907650601255948,-0.003341827074081803,0.0033060960687105036,0.007384400310402622,-0.004700705087444933,0.03988869962000489,0.02769356624342626,0.0053055352575389295,0.013627497018479562,-0.013100696007145744,0.0037008445326655983,0.003069434859029695,0.004073185141500244,0.060063410873668,-0.00018219476968579836,0.011121366699888762,0.006950632019349579,-0.004697445621136872,-0.025727793700658766,0.011788927593937492,5.730000756734091e-05,-0.005674552911354574,-0.003599122253445516
2021-09-26,-0.013855080898131802,-0.006478555206545862,0.0007450661851054082,-0.003670824113066544,-0.0015008556395516106,-0.001298724108223611,-0.0028721061406601577,0.002533252407569375,0.02212237818844874,-0.004466519650103085,0.038681098831302614,0.005093230217698666,0.005473369225245955,-0.0018718269386354528,-0.012438123855823647,0.00018245090483863484,0.003449779037385319,0.015719452923756375,0.05923624527559218,-0.0022522400642040682,0.011121366699888759,0.0069506320193495775,-0.004697445621136872,-0.01022426093091319,0.010684224490168547,5.7300007567340895e-05,-0.006482897195357146,-0.0035991222534455165
2021-10-03,-0.006114343467458225,0.001172859261666686,0.0007007810219956015,-0.0017929354247480248,0.003438678027864312,-0.01187270569874797,0.0004252917056417832,-0.0006566212674195246,0.028836213100624692,-0.0012581589197996055,0.0004550200835702364,-0.0018298350897854219,0.0014106785102655694,-0.0007547626338364947,-0.003888839184958316,0.002799646217961217,-0.0017497393034633833,-0.00013770736698797532,0.0050610590008756005,0.001789343589454701,0.0007469533117664624,0.0010652278209389375,-0.004030831988750598,0.0028701093862551997,0.010474513745937959,0.00016505967085966977,-0.004218072861809876,-0.0015318918203784445
2021-10-10,-0.008868703523555186,-0.002813529137590678,0.00012472094962521853,-0.0014297612543396779,0.008065307140497947,0.0017536113248582965,0.0018690286101834858,-0.0006566212674195249,0.03695352064561382,-0.0015391514495834869,0.0005236757744211565,-8.506189381332894e-05,0.002593955698638884,-0.04230107568827436,-0.0030771382012730335,-6.644138783591163e-05,-0.00018762532075008488,-0.00030049015440978497,0.00766464175979967,0.0019592125439283686,0.0007469533117664623,0.0011021425720278751,-0.003622144952933024,0.0024063944678081916,0.004873704135486945,-0.0003346100869112816,-0.004875503963109001,-9.971280675950592e-05
2021-10-17,-0.006369217701820227,-0.018969972340066185,0.002131991742298654,-0.0020881862648416223,0.012923649084000711,0.0025859629300503725,-0.0014592858863349111,-0.0006566212674195247,0.02247226769188069,-0.0012130934915276148,0.0007350640416797386,-0.0009662680353625922,0.0038180417567374365,0.052298263135927316,0.001147310262417808,-0.0016984778404194529,-3.265691612030782e-05,0.0002603199932322717,0.003672608384630001,-0.0010066009153602525,0.003986370956724401,0.00035587116193843435,-0.0015788152398176554,0.003791335167316097,0.015587030406072788,-0.0007553506800041432,-0.00407925131176774,-8.35997065111134e-05
2021-10-24,-0.006369217701820229,-0.017231906316694457,0.0010479054154038429,0.00016372170813237275,0.007527912648296644,0.0044746508625303424,0.0038813214862141844,-0.000656621267419525,0.012523662009869995,-0.0014773561179065536,0.005290845535464245,-0.0005240048044969558,-0.0021816371593153115,-0.040125195999653016,-0.004187676289179133,0.001290450960026051,0.001930198010126527,0.0015596879341416689,0.006946563767546942,-0.0017834713854980291,0.00021154186191768996,0.0008306170696500237,-0.0021359190608851,0.0019027897045048642,0.014228406430462259,-8.749187554958203e-05,-0.005484743401539434,-8.359970651111328e-05
2021-10-31,-0.00652185057241686,-0.010598008084794846,0.0010479054154038429,-0.00017189262256113257,0.006016192260306344,0.002342385416899564,-0.00013920512594679728,-0.0006566212674195249,0.013123358645558818,-0.002151632585032441,-0.003979840259234407,0.004054615623458152,0.0018468521348628073,-0.03977173195835321,-0.0038984963543643183,-0.0007492991742824498,0.0019301980101265274,-0.0007804157514083735,0.008368383301385672,-0.0038033006719356698,0.0009284507911570933,-0.0010248181883347747,-0.003622144952933024,0.0024063944678081907,0.0015819621088718988,-0.007751745476764486,-0.0052672785172313275,-0.001531891820378444
2021-11-07,-0.004141770001421115,0.003914772767701596,0.001047905415403843,-0.0036750224785981056,0.0078650435033286,-0.01141530843281386,-0.0029208519084071745,0.00012553059378813465,0.02480211091216349,-0.0019385391028932646,0.00539374468932049,0.005679409096132486,0.00266599769155138,-0.04366550968041655,-0.005960398734235867,-0.00023941725953081076,-0.0006009404522333441,-0.0006176329639865637,0.003520723148959352,-0.0033311525470443564,0.0009826029248901004,0.0014228914854804494,-0.004030831988750597,-0.008225913720170397,0.002002100325543163,-0.0012486885514160129,-0.005080265304320497,-0.0017582889492785288
2021-11-14,-0.0034472822225872684,-0.00037315889365866476,0.0010479054154038429,-0.001777413539117568,0.008561016222608265,0.002862022181440135,-0.0017466123327124197,-0.00014006701351041567,0.014340621340426461,-0.00214995568022668,0.006104438609779981,0.004622849955282432,0.003783749278186037,-0.04183809785728577,-0.008195205273450676,0.00013591481582839686,0.0006387642197038311,-0.0006176329639865637,0.0035207231489593504,-0.00310695627668513,0.0007469533117664625,0.0006766200753910093,-0.004030831988750597,-0.0010498295840917274,0.002002100325543163,0.009139726633820806,-0.005085770137931781,-0.0015642364988386474
2021-11-21,0.0010259072231804996,-0.0010484184427416166,0.0010479054154038429,-0.0008515526820783154,0.008467261406488178,-0.015064612228467585,-0.0029208519084071745,-0.0006566212674195247,0.022616654589324412,-0.0001234764633926013,0.005916308576780366,0.004054615623458152,0.00372304372999389,-0.04494714550683103,-0.007531554103408475,-0.0009508508107183415,0.0014531308134491442,-0.0016808042415048686,0.003520723148959352,-0.002828817481841625,0.000789720113280262,0.0006766200753910097,-0.004030831988750598,-0.0015895106080765352,0.0013740563261764158,0.00029068072782115114,-0.005085770137931782,-0.001337839369938563
2021-11-28,-0.0041417700014211144,-0.0003239139184994764,0.0020313367851244922,-0.0032274247259322696,0.009977010866353492,0.0009985792513773149,-0.002739723818455731,-0.00014006701351041546,0.01407844042348817,-0.002720381887960731,0.00045502008357023644,-0.0005240048044969554,0.003491441944889211,-0.04181643453313121,-0.007982214584374302,-0.00044096889596670157,0.0012025054896515977,0.00033124951338859356,0.0036210595217752795,-0.002234772711794331,0.0012094144072900507,0.0013859767343915117,-0.004030831988750598,-0.00203455319036468,0.0008845410367865426,0.0006284071830301525,-0.004688490750198172,-0.0020955552985651334
2021-12-05,-0.004141770001421115,0.0022342383054511712,-0.0031609721717601753,-0.0032274247259322696,0.0038200339026130746,-0.011231749785591999,-0.0033769683332447353,0.004698600448228188,0.01597355003475764,-0.0034530747028703205,0.00586743628330197,-0.0008980547912407913,0.003446219696169129,-0.049777154998923656,-7.665751133278924e-05,-0.0007514104501531713,0.001298162408819367,-0.00034638349506824917,0.0036210595217752817,-0.002475035835300349,0.0006549601134178998,0.0002718708189142259,-0.004030831988750597,0.0012649153617420705,0.002228464698933466,-0.0031602269412094558,-0.004688490750198173,-0.00030999683541119795
2021-12-12,-0.004419956721570228,0.00416579315792003,0.0030524574119313056,-0.003227424725932269,0.010465684856331807,0.00011601231133466442,-0.0031874383002972466,0.0046986004482281905,0.021571068662287276,0.00643237998038455,0.00516434967756231,-0.0026560079863136897,0.003311629087122845,-0.044125472712808714,-0.0075739351155297615,0.0016858851813942163,0.0014531308134491442,0.0036832563503968476,0.0036210595217752804,-0.00297737090050308,0.00017327544790444083,-0.0010248181883347747,-0.004030831988750598,-0.0009262487097999358,0.0015125850361532892,-0.0011382915929670735,-0.004688490750198173,-0.0018618034948136948
2021-12-19,-0.004141770001421115,-0.0030723645601315364,-0.00043158084672152876,-0.009055631571733709,0.007865043503328598,0.0006623507435604666,-0.003904255468368591,0.005480752309435848,0.014592092510225219,-0.0026204973968345707,0.005443520179491347,0.0010195023808398124,0.0034914419448892104,-0.04460128124027325,0.00014854320960173888,0.0024812788687033137,0.001598482003130173,0.001505935452268613,0.0036210595217752817,-0.0029773709005030792,-0.00041865554834975095,0.00027187081891422583,-0.004030831988750598,-0.0020345531903646803,0.0012510677238259116,-0.001006285234612952,-0.004495959973810656,-0.001991309172181894
2021-12-26,-0.003989137130824485,0.0008593404608912857,-0.0023463909716446565,-0.0022899814392218186,0.009127676128953549,0.0006623507435604668,-0.002766683564846876,0.006580426955985823,0.014592092510225219,0.0029884461106510257,0.005072880398528342,-0.0017259115320013264,0.003491441944889211,-0.04700934055554564,0.00840369562920113,-0.000865522396800104,-0.001751022675730172,0.0040332333438235415,0.0036210595217752804,-0.0017640200369163398,-0.0006001530277403819,-0.0010248181883347753,-0.004030831988750597,-0.0009262487097999358,0.0009429239964057062,-0.0010472132507819793,-0.003292418530525744,-0.002104745228295849
2022-01-02,-0.007045165806044402,0.0007984100229948559,-0.0017230425005238825,-0.00272191263322541,0.00011684528944121245,0.0005419255052827635,-0.003510236257448552,0.0013510769117870997,-0.004151332872073507,-0.0017033274473443895,0.0032953184180530316,-0.0022994413802777014,0.0014450057295753722,0.0017818305419999092,0.0012342745215254665,-0.0010632374012496059,0.00038958201430178195,0.0008706957561015625,0.004231045272146339,0.0010348734388449098,0.00255372266851345,-0.000175279080958745,-0.003940025855284068,-0.001169435780988975,0.006532732335708795,-0.0008314111546940836,-0.008988314525842318,-0.0007404860159161488
2022-01-09,-0.007045165806044401,0.009791706756033431,-0.00102363421509859,-0.0021651064361524848,0.003018499813442754,0.0017400467864784278,-0.003385038610835615,-0.004587339609392072,-0.003202158418320809,-0.0014797613388137052,0.01767281233436133,-0.004297546288173196,0.002381616437774597,-0.0020918442408229838,-0.0020477031024339373,-0.0013249246545840683,0.0016715269589683112,0.0008706957561015623,0.004231045272146338,0.0010348734388449098,-0.00018689160932216527,4.853063773821706e-05,-0.003273401559886085,-0.0005805816950032953,0.0073020309537039155,-0.003562599990364251,0.02254911978188801,-0.0009291624976864998
2022-01-16,0.0012455123551764063,0.0034561630549539996,-0.0019352916852508446,-0.003020720460493624,0.0042621474695911125,0.0017400467864784274,-0.004025502809029019,0.004090510525278002,-0.0028912807722938933,-0.0016328603599654113,0.01507950949587465,-0.0023453661881152454,0.002984284613223694,-0.0035379169667127276,0.0030139129469388738,-0.001573034891943715,0.002571388184850195,0.0024191099829989175,0.004231045272146339,0.0010348734388449096,-0.0005374837379107549,-0.005452280074767506,-0.00165359430062912,-0.0005805816950032955,0.007015582501400646,-0.002890752668068555,-0.0008604418844047946,-0.000635618985760628
2022-01-23,-0.007045165806044403,0.0029575291472490116,-0.0008384318875544838,-0.0034281959855471467,-0.009932873858330105,-0.011222471759720987,-0.003066013800746893,-0.0037553998223048514,-0.002891280772293894,-0.001644600681043116,-0.021812240273892905,-0.005779087489823154,0.002808026097409435,-0.0017663477487592576,2.9109645242890447e-06,-0.0015445407371920833,-0.001543852006304604,0.0019237153407617765,0.004231045272146339,0.0010348734388449098,4.040739524122207e-05,-0.009043799493606196,-0.003940025855284068,-0.0010559148639484573,0.005123735967030244,-0.001154530441176979,-0.034082912849643224,-0.0009291624976865001
2022-01-30,0.010125975822390363,0.003046153770425321,0.001405470266780469,-0.0021651064361524848,0.024216213371614236,0.0017400467864784274,-0.0013541248937352464,-0.010178653956489061,0.0043422246645671405,-0.00031274951947768393,-0.021619013213484698,-0.0029956809555329515,-0.0008570201924885677,-0.0020918442408229838,0.000825861038262623,-0.0016930227527461596,0.0015931402931932859,0.000870695756101563,0.004231045272146339,0.00724325709447953,-0.00021424183736646328,-0.006001571030107563,-0.0021051110793502263,-0.0007294629481807742,0.006604971982612413,-0.0018869253221463135,-0.001992399457104907,-0.0009291624976864995
2022-02-06,-0.01235832391518465,-0.0018577487367742226,-0.0033023023258755505,-0.0030207204604936234,0.0003412037061370077,-0.011105075610654911,0.00027787953506855286,-0.0012577280148593243,-0.0021050517754170116,0.000808832959207828,-0.03413938204539255,-0.003336506582306121,-0.0013014658870200452,-0.0031734613640857527,-0.003299050716961296,-0.0005265287579291102,0.002431233559811092,0.0008706957561015623,0.004836050112568474,0.004757656402400795,-0.0017401065468264547,-0.0008494464708322513,-0.0021051110793502263,0.0029333609705681617,0.004745277346630833,-0.002963938394339008,-0.002733699955616752,-0.0009291624976864998
2022-02-13,-0.011201936672579342,0.003085190383968987,-0.008099331139725892,-0.0014721590933546725,0.0003933610998235498,-0.014477327122663489,0.00404358950701098,-0.004870505733046746,-0.0024899785558870732,-0.0007983606777819258,-0.04368586828758004,-0.0015026978859682338,-0.0016212221961695104,-0.0005092755981327062,-0.0025448841731983618,-0.0020352818840885887,0.002431233559811092,0.0017157079154534022,0.003822119735202699,0.002471870810174691,0.0005280874844607957,-0.0027453659492397346,-0.0014898951255417794,-0.010067910155657505,0.007015582501400644,-0.002064566021763714,-0.0014029772002539071,-0.0009291624976864995
2022-02-20,-0.013792082185706322,0.0034561630549539996,0.00026195125748738885,-0.003170734282410693,-0.0018901749514369276,-0.00039775473232174453,0.0031474798534888563,-0.01015090882987593,-0.0013744316659571418,0.005371731629971089,-0.0334346999747199,0.0029027681636252895,0.0007936874956348021,-0.0024894715096003567,-0.004166950672319455,-0.010070725159877876,0.002431233559811092,0.0010804778911718384,0.0038981442273080097,0.0024445971326346443,-0.0003573014314950338,-0.0001266988510029823,-0.0025010323252501934,-0.0018995061068525418,0.0011700872058285987,-0.0016784120776989092,-0.0031764794705694123,-0.0009291624976865
2022-02-27,-0.011603827261408102,0.002337259689945826,-0.0007640828357715753,-0.0031884850712901943,-0.003438658858960109,0.002339441391891205,-0.0024241607103171765,0.0016701316092669633,-0.0013744316659571418,-0.0010888875942417168,0.0037971892503621315,0.0038751074884348373,0.0033504797114147704,-0.002819104621185118,0.005621849951267046,0.003991188342746487,0.0014181478907633563,0.0010804778911718384,0.006437296683344005,0.0003261158419694849,0.000744027565819311,0.00010694139833543779,-0.0022470454067933044,-0.0006956337286913564,0.0003522786605583659,-0.0013983741348450702,-0.001799593330388241,-0.0009291624976865
2022-03-06,-0.008667187284777528,0.0015852218904415945,-0.0007640828357715753,-0.005361012401305488,-0.0035446013651872195,0.003056378714013615,-0.002588926222535053,0.0014431082683904466,-0.0019896135489009107,-0.0008774983816313176,0.003498291982214728,0.0038751074884348373,0.003095836139920491,-0.0017663477487592585,-0.009892317100113379,-0.0044356804223904004,0.002080017077520614,0.0008706957561015624,0.006010268231201991,0.0015284020700433278,-0.0003825511338935486,-0.0002968783019337817,-0.003940025855284068,-0.011248898706393442,0.005083760386446252,-0.002323483164177024,-0.0017373310705609516,-0.0009291624976865
2022-03-13,-0.008470642219262343,0.002085722200160602,-0.0014468247452039324,-0.004960193047725185,-0.002381212983440333,0.002363878447327281,-0.005073529460633339,0.001616453953896292,-0.0021599413406687747,-0.0007347460047323219,0.0034982919822147272,0.003875107488434838,0.0028659603372711328,-0.0015034057424364318,0.0002487091919543676,-0.0056220034804429185,0.002080017077520614,-0.00010616825900451371,0.006010268231201991,0.001552493351664736,0.0021686609114930063,0.00010694139833543796,-0.003940025855284069,-0.01425581881766887,-0.0005415018645476941,-0.0022884658589256176,-0.00299321225733012,-0.0007404860159161484
2022-03-20,0.0010734192346503772,-0.000349803426876067,-0.00251445256938184,-0.002531103024311007,-0.0002709042072039419,-0.014627145038336238,-0.002443915639757042,0.001556684974203315,-0.001139651804232869,0.0013815242844403735,-0.03219284579082515,0.0061045721347274115,0.0030160846999742973,0.003605082825977006,-0.004706554469296573,0.0004997424877220991,0.0020800170775206136,0.00010361387606576262,0.0038417214083111633,0.0005044762905968468,0.00027585545707833333,0.00010694139833543783,-0.0035441046093840998,-0.00622655695086419,-0.003072958647943321,-0.0013237043749667293,-0.0023267533274119517,-0.0009291624976864995
2022-03-27,-0.007442968143702765,0.015198697714698686,-0.002514452569381841,-0.003139718761733361,-0.0027682163914347557,-0.01378611480637828,0.004753320513563874,0.0018757396716831778,0.003035117552354862,0.0074277392776697536,-0.03351511433888175,0.003055838205088896,0.0033065948373187082,0.0005689200745388385,-0.003695661212000317,-0.0006018970216162335,0.002080017077520614,0.0001797793714523263,0.003841721408311163,-0.005248699391223415,-0.0017889525803290167,-0.0057193505508133825,-0.003940025855284069,-0.00814045467572371,-0.002268024927906609,-0.0014364060772977484,-0.0017373310705609518,0.0038653559640191475
2022-04-03,0.022709923988776706,0.0039540199221214465,0.0001693334349656118,-0.0022568870651985067,0.002095200831482237,-0.009343944946158674,0.005200926377208296,0.002439752569652405,-0.00549359771512552,-0.001120181711465051,0.00420482155151183,0.0019272211286377732,5.919236880863841e-05,0.0016286410387387302,0.017357170515478307,0.003923751372138911,0.0015691185881388473,-0.0002491222861940911,0.003984269369927001,0.018581444006825633,-0.0003271183360621044,-0.0005043628698927163,-0.0034767836019911303,0.005034008858226291,-0.011994556135808822,0.000380179086032945,0.00538237327366525,-0.0049324428530390305
2022-04-10,-0.0014661010221105333,0.0017850905635689125,0.0037087861525135607,-0.0030001834218118507,0.00014709771805464177,0.0014573384905743735,0.014834217536896161,0.002439752569652405,-0.004783922825560985,-0.00188191992135773,0.003010374239586817,0.001809821348982456,0.001100275491352464,-0.0005399355366158521,0.014205650112961392,5.660628375165697e-05,0.0015530799395636007,-0.031221864528810338,0.006883357092663329,0.016790177347851275,0.010106713706561223,8.344796789298927e-05,-0.0034767836019911303,-0.016238761511219866,-0.007057069932262216,-0.00187636720559742,0.0034017160375138496,-0.02627727478765553
2022-04-17,0.0008866759206584856,0.001489923841122534,0.002078423296001482,-0.0029918805269588426,-0.00010565120254107737,0.0032810998047180175,0.017868550159099626,0.001884680820559974,-0.005882188306920983,-0.0012986208475588422,0.004529695676892945,0.004522535827452264,-0.0010620655707663418,-0.0008640519924663851,0.006728409030195365,-6.726847077579693e-05,0.0018897987813546924,0.0016617663530104515,0.006068522044879463,0.018191153531582085,0.00296572408429103,-0.00020344709355662584,-0.0034767836019911295,-0.008863609836087284,-0.00789127258786387,-0.0006550825162209903,8.412021820738059e-05,-0.027072907628198077
2022-04-24,-0.005703668325385804,-0.00022492750567621865,0.0020784232960014814,-0.0019613559304858734,0.0001470977180546417,0.02483080034430981,0.001621577153408793,0.0026942985442640396,-0.005794350831572941,0.0037747179778233235,-0.0030836643166961514,0.018437286303346134,-0.0072436364578727964,0.0003618076314362234,0.026375673959520944,0.000579628947767303,0.0022910764308048527,-0.035677317596984226,0.003984269369927001,0.01788040993250946,0.002501719370851287,6.371415181231402e-05,-0.004726496733523288,-0.012546089112802075,-0.006359344143059268,-0.0006089837119189923,-0.015148117157384892,-0.026496258616871594
2022-05-01,0.014739519450339333,0.00035228711210055747,0.001566106976815836,-0.002818968782624368,-0.0011204555631449439,0.00031048863695212146,-0.0002317220032895484,-0.0067457465627336986,-0.005319904836082635,0.004019911644593479,0.005921739796501696,0.005398082765758016,-0.007087061989491455,0.001969954403954078,0.010268492822394582,-0.006915881920052231,0.0015860943271101158,-0.05063045724802165,-0.024754941843326404,0.014503631531484032,-0.00279740166234014,-0.00016680175904895344,-0.0014064514089087848,-0.013332431170874997,-0.006385796270333936,-0.00021072692694748839,0.006229026076296496,-0.026137691115064875
2022-05-08,0.015656739000018932,-0.0008329881502682573,0.002372550359462847,-0.002519025225403657,0.0015048082521448626,-0.014539167918155954,0.0008814251803592574,-0.013291408732561256,-0.005319904836082635,-0.0014379407757359516,0.0037135726178206905,0.0011527293632465233,-0.007935623350709818,-0.00014484589896257148,0.011246431589238775,-0.0011736571331812107,0.0014116361528514327,-0.006238011267511044,-0.05359058781198043,-0.09753767502389322,-0.00022213381588256378,-0.0002034470935566259,-0.0034767836019911295,-0.01842325759745623,0.00010046721255514148,0.0006224807916241965,-0.0012020096981505176,-0.02503421754619717
2022-05-15,-0.006373312244159482,4.254872947457674e-05,0.001566106976815836,-0.008966263547361108,0.00014709771805464196,-0.017608775853671127,-0.0031731065398130547,0.004351974048025057,-0.005613324907817335,-0.001327539168101763,-0.0011019527607520566,0.003323966481463417,-0.007509461136727904,-0.0019615462567053217,0.01055883042636765,-0.0032112278484285927,0.002030521779211465,0.003851912635004578,0.0008728176140564154,-0.10081000280392236,0.003261888277597537,-0.0006515876119740846,-0.0019991685943798704,-0.009332749281170952,0.0048319612646318295,-0.00020291204053926134,-0.004536573598474234,-0.025253201375413238
2022-05-22,0.003557771797134721,0.001740543023481926,0.0012719799133544707,-0.002269165045252993,-0.00010565120254107768,0.0013273340462145165,-0.003533359792542984,0.0009806299519794922,-0.005049251783734511,-0.000909941066059912,0.0032404562667542203,0.0038701116438885747,-0.005880368061397018,0.009263580006690116,0.01898868161483898,-0.004128460025934216,0.0015530799395636011,-0.000575896061990101,0.00145181559072291,-0.10165739603547014,-0.0007340927588980288,-0.0009525033883101754,-0.004555026269064648,0.04503066798554885,0.003436073375892348,-0.001141914192775526,-0.002221536885496186,-0.026800016554108838
2022-05-29,-0.008344024327912584,0.0018098124831924741,0.0032742405453369196,-0.0030228428753244917,-0.0001056512025410774,-6.9250651593922045e-06,-0.003750034902763286,0.002075546469785106,-0.005073104505160235,-0.0005106789724600542,-0.0006969034974783795,-0.0002718684278722914,-0.01394830127551153,0.002482184396448439,-0.014662632063359262,-0.0017629647630076086,0.0018897987813546924,0.0008559270063394826,0.0016608881623544013,-0.10053158982607822,-0.0006592626863945085,-0.00043396300441789324,-0.004555026269064648,-0.022247902948598446,0.007066846065073348,-0.001141914192775526,0.005106147846093,-0.029901890538445452
2022-06-05,0.008363607760018335,0.0019605982778120464,0.001483128449049968,-0.0031350807922444946,0.00557894932004233,-0.013665210347808694,-0.003723194466690388,0.0002968179018296988,-0.005698476360306848,-0.001130811681415372,-0.0005349077616969764,0.0014513091637650796,-0.005740085201775885,-0.0028209960075259973,0.0200758414056392,-0.0024965732614661003,0.002030521779211465,-0.0006369944729606295,0.0011112614898679237,0.010709527598830997,7.68450519281102e-05,-0.0006515876119740843,-0.004555026269064648,-0.005489120021319738,0.008933447455873022,-0.00020291204053926137,-0.0020186940897665216,-0.004917453881739661
2022-06-12,-0.010697023504610543,0.001763683684782834,0.0008728716438717715,-0.004383676247923699,0.0022122538978383214,-0.0002737769277599452,-0.004002932859699341,0.0049502371853509895,-4.07927720017124e-05,0.002561336679040522,-0.0005409949572844149,-0.0007173638035319116,-0.006339642687081809,0.0048680721870513035,0.009758923539841348,-0.002496573261466099,0.0018897987813546926,0.0001539976890170086,0.0016457218211772984,0.009813999680575426,-0.00048735033480786465,-0.004835639835826833,-0.002484694075982304,-0.013062507959471548,0.006347719224552732,-0.00014540939816319896,-0.015036385260617376,-0.011670095338640284
2022-06-19,-0.004028781492890064,0.0020773707516012693,-0.0023397760329522945,-0.0025190252254036565,-0.0004476508064218054,0.004618218933064243,-0.003723194466690388,0.0008518896509221306,-0.006982611992830429,0.003154360722750828,-0.0008200485383467514,-0.0020301092674582465,-0.006196014793632407,0.004248889863434672,0.024436425094639516,0.0003636272604821086,0.0016781160575561817,-0.0009061189147695952,0.0022129205687558863,0.006968480769559755,-0.000618231380017422,-0.0057211782644468355,-0.0045550262690646475,-0.007858479254808488,0.006857521599836216,-0.00020291204053926134,-0.001164923632124782,-0.009901354479387081
2022-06-26,-0.010697023504610546,0.0006235059728188798,0.0007140471267853779,-0.0033079925365789697,-0.00018859826531393272,-0.0132721504768963,-0.003533359792542985,0.0006011105251437379,-0.010670944416208418,0.005239529405628021,-0.0008200485383467518,-0.0020301092674582465,-0.005899627329646689,0.0041754312862431415,0.01052112037327235,-0.001147810206377655,0.001889798781354693,-0.0007900603281409421,-0.012854784065640248,0.006968480769559754,0.003099474523514079,-0.005141404603083776,-0.004555026269064648,-0.007858479254808488,0.004322394318197401,-0.0001454093981631993,-0.0009906447097760471,-0.0267146777751293
2022-07-03,-0.0035954883288920715,0.0010131082246993548,0.00043473904639296235,-0.0035563211069198626,-0.00243511987768775,0.001588308778750709,-0.003838258178655371,0.007736436421599617,-0.000962784906998675,0.007126823878000818,-0.0044862628656661485,0.0017849479271986367,0.0012166759494064334,-0.0007426101917532966,0.024259922913513584,-0.0031358554952558137,0.0018273908690910467,-0.002050394402585292,0.006440354798132713,0.006346256347957894,-0.0005103505186600286,-0.004508728641344809,-0.002993449064111832,-0.010961855388068369,0.0029603886569721767,0.0011824169286954235,-0.002036460487651575,-0.002640230307474417
2022-07-10,-0.0027158362913129387,0.0017398366085451037,0.0004347390463929622,-0.0035563211069198613,-0.0035516546748026808,-0.014726026223632158,-0.004348937822077145,0.008868146115483673,-0.005230223771042565,-0.0024953218428020543,-0.004724076130414906,0.0034457917491610606,0.0012166759494064336,0.0012709954111407898,0.02356499110143464,-0.0015438904202566166,0.0018273908690910464,-0.0024528117703713835,0.007763105849948033,0.006817396555059272,-0.0006233218297288432,-0.004508728641344809,-0.002993449064111831,-0.0017807666536507924,0.0020634544592589045,0.0020511491618739838,-0.0036866528963283678,-0.002169080114171024
2022-07-17,-0.0033784266309345662,0.0035464084807957075,0.0009104806591256004,-0.003057280146225883,-0.003356646257217441,-0.017491649853021582,-0.004162500676662931,0.007736436421599617,-0.009137619418989147,-0.00033939960057278534,-0.004947693772615075,0.001949389054226146,0.0010508578230668934,0.0034410449156821827,0.0275246633585126,-0.004217257477955117,0.0018273908690910464,-0.001887919572866391,0.007664301028460234,0.006346256347957892,-0.0003434836353753107,-0.004052755621652557,-0.0029934490641118318,-0.18289818207323238,0.002063454459258905,0.0016383542546551206,0.0030561658507230922,-0.010522135472090376
2022-07-24,-0.0035214470063586324,0.006033368030744263,0.00043473904639296235,-0.003100137798863038,-0.0027568558530588695,0.004924410490021104,-0.004348937822077145,0.007970737607929568,-0.005313001821613738,0.007814454965105614,-0.0049476937726150765,0.001949389054226146,0.0008757141164368312,0.011007790503838433,0.02797849169371564,-0.0017903523906400859,0.0012645175645366216,-0.00314565979098618,0.00777000301715316,0.005681867274158478,0.003396714045312701,-0.001958581536056256,-0.004119611901430364,-0.18289818207323238,0.0024668884226345363,0.0013939703245993557,0.010614349937348042,-0.00856774384289143
2022-07-31,-0.003521447006358633,0.0019527033552161253,0.0005790089925613945,-0.0030572801462258837,-0.003261454345778873,0.004596159665714359,-0.0038695434701699533,0.01098419656313753,-0.005030292649955351,-0.0023325966231558773,-0.002347112572560114,0.0019493890542261463,-0.0006596393226125537,-0.00283790030368201,0.021800704369300716,-0.0025051266043779846,0.0038164598023536435,-0.0022999660396604035,0.0073154867818484145,0.006466316127841058,0.004752038602237566,-0.001470207619017917,-0.004119611901430364,-0.18289818207323238,0.00274291539934505,-0.0001627455174815485,-0.006615289087962008,-0.0021310851341222376
2022-08-07,-0.003521447006358633,0.0028444177940991954,0.0011262453090664709,-0.0028590553384489686,-0.003507389022092228,0.003234365733508575,-0.004348937822077145,0.0078024174424929935,-0.005721414566824892,-7.164279475427638e-05,-0.0040267790546842895,0.0033070096006656544,0.0016364744490217414,3.8884183028944007e-05,0.014716090247488649,-0.0022838977810581158,-0.004793035997598321,-0.002299966039660403,0.007315486781848417,0.0064663161278410595,-0.007989808784352976,-0.004092569771489429,-0.004119611901430365,-0.18289818207323238,0.0024668884226345354,0.0014722640677979663,-0.016254434567000615,-0.0018187519329575133
2022-08-14,-0.0035214470063586324,0.003200573217195568,0.0015874264145826112,-0.0022883056845606924,-0.0019383546146506487,0.0027242557219820723,-0.0041394904784457605,0.007568116256163042,-0.005550784562456981,-0.0004050373405124614,-0.004486262865666148,0.0019493890542261463,0.0005262674914711398,-0.0005830906780123021,0.027588300216738942,-0.004963176730688555,0.0034758128879707195,-0.0018782910146480376,0.007315486781848414,-0.004592813659986501,-0.0032484136779601792,-0.004321697933004539,-0.004119611901430365,-0.18289818207323236,0.003094388508381222,0.0014722640677979658,-0.0016253823402199393,-0.0021337958498633264
2022-08-21,-0.0035214470063586324,0.0030802488945061456,0.00207465480239308,-0.002566353083641732,-0.0033846959563659453,-0.012390537330098308,-0.003874430689984222,0.00932481766959133,-0.00503029264995535,0.0007081359080066293,-0.0016243166525896915,0.0019493890542261465,0.0010165122774860862,-0.006942591240017243,0.022566302046100502,-0.004981061015145641,0.0013934998264944708,-0.0016287193775729267,0.009688666693259513,0.006466316127841058,0.003129547790706499,-0.004321697933004539,-0.004119611901430365,-0.18289818207323238,0.0023409608419009023,0.001025778557687635,-0.0013647252148302398,-0.001530745232159135
2022-08-28,-0.002274183877562006,0.005136649741377487,0.002465058834761863,-0.00345040644934006,-0.003189687538780706,-0.0004763168462572465,-0.009828525071685584,0.007568116256163041,-0.005721414566824892,0.0011745506869016915,-0.00428745638066996,0.001949389054226146,0.0010165122774860862,-0.003810146640040651,0.010056116916430127,-0.005170770751393589,0.0005173858770662165,-0.0016287193775729267,0.009498124288902477,0.006157302147346893,-0.004152902982292627,0.00014515110512150172,-0.004119611901430364,-0.18289818207323238,0.0029707699426336177,-0.015003046582314978,-0.00136472521483024,-0.0015307452321591355
2022-09-04,-0.0035214470063586324,0.0032394864448667317,0.002370598735849863,-0.00345040644934006,-0.0033846959563659453,0.010993243986335131,-0.00427986090145756,0.007802417442492993,-0.0053130018216137375,0.0011288976206379423,-0.004486262865666148,-0.0013200990586261822,0.0014790125207227336,-0.0019198848601043306,0.013738478952278008,-0.004887872632888624,0.000640720284295743,-0.0004456188674920284,0.010092301518719737,0.005626882494735515,-0.0031363312253402846,0.00037199596329864324,-0.0032334845404899566,-0.18244222714001448,0.005014011263809336,0.00022568688240840192,-0.0013647252148302398,-0.0010052914151634064
2022-09-11,-0.003715231068622886,0.0033409755259757685,0.002514868682018295,-0.0022883056845606924,-0.003440192384689824,0.0034392812194326385,-0.0013187210228821258,0.007802417442492993,-0.005232420493916059,0.0011288976206379427,-0.004486262865666148,-0.0013200990586261826,0.0005262674914711398,-0.0005074952120149248,0.015346628804099467,-0.005170770751393589,0.001934301589337725,-0.0016287193775729267,0.01028102848867901,0.006439508107758277,-0.0020255942008828064,-0.0008658923309418499,-0.004119611901430365,-0.1682997798591488,0.0029707699426336177,0.001958590013902613,-0.0007520463259991302,-0.007893862038283123
2022-09-18,-0.003715231068622885,0.003767146560109872,0.0029052834966852557,-0.0033580962991429488,-0.0034401923846898246,-0.013052718960025387,-0.002796062738862233,0.007568116256163044,-0.0056386365162537175,-0.022638076202524962,-0.004224897852644653,-0.0019050537432305354,0.00206770583961568,0.004325355420935137,0.0106853050503712,-0.005170770751393589,0.0018273908690910464,-0.0016287193775729267,0.010281028488679012,0.005956684464188856,-0.0030496746564550254,-0.001169058885363155,-0.004119611901430365,-0.18289818207323238,0.003815743286007431,0.0014044100405198468,-0.0013647252148302393,-0.00154009339122861
2022-09-25,-0.003715231068622885,0.003767146560109872,0.0029052834966852552,-0.0035312667979265936,-0.003635200802275063,-0.0022600651992965813,-0.0011639458865770715,0.010174133920710817,-0.005966338099775937,-0.01949007649089303,-0.0008090010234470332,-0.0026590335049475893,0.0010165122774860862,-0.0007560869528555749,0.023166130165919015,-0.0032441012158490588,0.0018808944599498388,-0.0016287193775729267,0.01028102848867901,0.004600785097065746,0.0031817568158085115,-0.0013981870468782647,-0.004119611901430364,-0.18289818207323244,0.0013685952742545423,0.0002898441552213141,-0.0013647252148302398,-0.0014899269916524862
2022-10-02,-0.0038141707196549853,0.002317962124498123,-0.0003165067374372575,-0.00308272434817933,-0.001965956954322876,0.0011787159352392405,-0.00011770896050476927,0.004954368895078064,-0.005753041586749111,-0.02145753697670541,-0.0020064577292531974,-0.002915744921469618,0.0003573102417113191,0.002528865334307625,-0.004442963651469077,0.009263641908742015,0.0031295980513471465,0.00030707787809147594,0.003393092630007808,-0.008660197629891977,0.00013274729292053788,-0.0009164313845444893,-0.0033666822273011963,-0.004499660109496438,-0.001540539799313334,0.00014846452567156135,-0.0007194641723972053,-0.002701895265965973
2022-10-09,-0.0038141707196549853,0.0023179621244981234,-0.001684839555898401,-0.0030827243481793298,0.0034402824970402287,-0.011535559685211633,-0.0027138692443479774,0.002004290458734847,-0.0052674739369453815,0.00445399291455527,-0.0020064577292531974,-0.0029157449214696186,0.00035731024171131926,0.0005655398713794195,-0.0032878637518609227,-0.0015224073536726696,-0.0020406962970276788,0.00030707787809147605,0.0015244114954869098,-0.002518082922476322,8.474150682516199e-05,-0.0014470721462766607,-0.0033666822273011963,0.023540491646823293,-0.0020885855339391464,0.00045286637756531333,0.0002159976689120127,-0.0026739498244950266
2022-10-16,-0.0038141707196549858,0.002317962124498123,-0.0022264300688130062,-0.0030827243481793298,0.025524806339044324,-0.001685179901926835,-0.005645894194081659,0.0034317248562858037,-0.005672090786236042,-0.0007878869321875362,-0.002006457729253197,-0.002915744921469618,7.71661676718072e-05,0.008442068457972745,0.0046002203618739365,-0.004836947367863701,-0.0006491573310162445,-0.002271772513269181,-0.0034319647669541513,-0.0037395748953525437,0.0018909926450325846,-0.0014470721462766607,-0.0033666822273011963,-0.007950282344555465,-0.001682701461467941,1.5366028802491772e-05,-0.00037641957246637375,-0.001961357805527331
2022-10-23,-0.0038141707196549853,0.0023179621244981234,-0.0006195039740794174,-0.0030827243481793298,0.07052861729861969,0.002402556136148849,-0.005849683339540377,0.0007752651794344096,-0.0059545572912118126,5.658696895000423e-05,-0.0022743844553688307,-0.0029157449214696186,0.0006349347832376885,-0.0016397970941211567,-0.0017539637525753426,-0.0017181599574309853,-0.0005315311141946178,-0.0008367430738301274,-0.003756133692134989,-0.00411822725292286,-0.0003796818624903439,-0.0022139895814453623,-0.003366682227301196,-0.0043268064467439004,-0.0004521892373407534,-0.006139938869381787,-0.0013118814137755917,-0.002022166483979076
2022-10-30,-0.0038141707196549858,0.03142824065677953,0.002250479717905681,-0.0025274143118252483,0.017188718346249285,-0.0003038501309035543,0.0013883808043318863,0.0026701733867247634,-0.005549940441921154,0.009844368170583649,-0.0022743844553688307,-0.00310889242075474,0.0010949673082654543,-0.09380889433265162,-0.002639697591861895,-0.01623613459768152,-0.0009318244467496178,0.0008860230523118366,-0.0032258989172855306,-0.005170810689759043,-0.00011734131036830091,-0.0010915621805979026,-0.003366682227301196,-0.004784147653977345,-0.0004521892373407534,-0.000930140330205671,-0.0007194641723972053,-0.0018889801228321485
2022-11-06,-0.0038141707196549858,0.03167074663282971,-0.0034815492792464524,-0.0030827243481793315,0.018942731235186475,-0.000303850130903555,-0.0013520324817667855,0.0005078925349209933,-0.005042051222722224,0.0016962399905458318,-0.0006978712904831873,-0.0118518039765855,0.0002948372461507319,-0.08517743936207696,-0.006148180261400833,-0.016236134597681518,-0.0009318244467496176,0.002989025795152082,-0.0032258989172855306,-0.004341865673293038,-0.00028073845540630316,-0.0016925587438404264,-0.003366682227301196,-0.004784147653977347,-0.00045218923734075336,0.01265094118809839,-0.0004631029992007041,-0.0022967467625638355
2022-11-13,-0.0038141707196549858,0.029640730146464463,-0.002819501563769594,-0.0030827243481793293,0.0166515582850263,-0.001103343261914037,-0.0013520324817667853,0.0021478110886363685,0.0022062655686642114,-0.0023415925979166363,0.004494499082976988,-0.001270703882434173,0.0002948372461507319,-0.006108176473019861,-0.00582639721544407,-0.016031743226120568,-0.0009318244467496168,-0.00020568294300324626,-0.004393261074541056,-0.005537726368479643,0.019957844826653443,-0.0017703224500310397,-0.003366682227301196,-0.007247945039285964,-0.0004521892373407532,0.03605936657727875,-0.00046310299920070423,-0.0024771871051328114
2022-11-20,-0.0038141707196549853,0.028330665179034358,0.0006593656285601318,-0.0028358577532466077,0.012050271838941924,-0.011290553049762534,-0.0019018696238694752,-0.0011989351818882962,0.0008793436655595442,0.0035132405918399706,0.005092776467156735,-0.00122196418083008,0.0005636476999546823,-0.0017879095374520137,-0.007180531006959564,-0.015267359413732506,0.06118185440282767,-0.003739380705154174,-0.004393261074541058,-0.004082637198906648,-0.00180353237854917,-0.0010915621805979022,-0.003366682227301196,-0.009058169625139606,-0.00045218923734075336,0.06898283655374918,-0.0013118814137755912,-0.0016610727037018357
2022-11-27,-0.0038141707196549853,0.02719977813408618,-0.0034872840441649857,-0.003009150405275167,0.0126123259244262,-0.0018155666162782476,-0.0011026471231493638,-0.0008835122051865769,0.03681750088699873,0.0005871408978063206,-0.0021902071535694757,-0.002129664111591258,0.0013751113823049664,-0.0011652625617271852,-0.004277483150615154,-0.02150847042974486,0.03407186561816488,0.006287043582824382,-0.0036824188992024293,-0.0021768960706588765,-0.0006111828418132292,-0.0010915621805979022,-0.0019357066949763206,-0.009390338618150668,-0.0004521892373407534,0.06878833682083671,-0.0028500999740476377,-0.002755177931804803
2022-12-04,-0.003814170719654984,0.0282673371254661,-0.0007927923776860481,-0.0022944002800787747,-0.0001938681999317891,-0.0008419350058052976,0.001367328954558831,-0.0012453329082050767,-0.0049159494497042254,0.006918568513734288,-0.025445981892050877,-0.002129664111591258,0.00027957513875407855,-0.002569980605839831,-0.005795925674372339,-0.007976874922454408,0.04601250750445494,0.012465191124920649,-0.003682418899202431,-0.0012196120772042952,1.8961850064673976e-05,-0.0010915621805979024,-0.0033666822273011963,-0.0040576065319242885,-1.159353307966223e-05,0.06811306321352766,-0.0012905287708929953,-0.003008529833537076
2022-12-11,-0.0038141707196549844,0.028267337125466096,-0.00015584041251795876,-0.002835857753246609,0.002624799112160934,-0.0012706707135643242,0.009483370372471975,-0.0011657432458715658,0.00034625593050176777,8.0983493681661e-06,-0.004178172479706321,-0.002129664111591258,0.000817867559368861,-0.00047360937485606844,-0.003812322433274496,-0.011711267647656658,0.0414586163606513,0.0028089111857784034,-0.0036824188992024298,-0.0011776921702346796,0.0007100243638901474,-0.0008728907249595022,-0.003366682227301196,-0.010979587579223626,-0.00045218923734075336,0.06846570521499742,-0.0014406935864796928,-0.003018189206146124
2022-12-18,-0.0038141707196549853,0.004031381975487799,-0.0009607308434686343,-0.0028358577532466085,0.0020699906156565737,-0.009286226309976784,0.007423392869674794,-0.0010051922479441945,0.033700749395673954,0.007738146243560538,-0.003910245753590688,-0.003803657186800333,0.000817867559368861,-0.0027503328930366475,-0.005607753158614083,-0.011071312370771373,0.03404614161549192,0.009688381344270646,-0.0042908837842337575,-0.004501918014263694,-0.0017527387788788954,-0.0005774505579501723,-0.003366682227301196,-0.010979587579223625,0.0004353645976054955,0.06811306321352767,-0.0034570450740039186,-0.0018063839933090081
2022-12-25,-0.0038141707196549853,0.0007576400830548476,-0.0009216301278938796,-0.0041300091359987,-0.002084885065298911,0.0003713159445899223,0.014606637538318675,0.000455434085623492,0.00042830656393994866,0.004126643945897363,-0.003910245753590687,-0.002861026855840811,0.0008089564143283404,-0.003367671945548608,-0.002960838669793199,-0.012380981910832081,0.03665986750176003,0.006215841371870291,-0.0042908837842337575,-0.0008032900310707408,-0.002453537741479799,-0.0006137952553087292,-0.0033666822273011963,-0.004245735151863025,0.0004353645976054955,0.06811306321352767,0.005166226258427235,-0.0030283710967606674
2023-01-01,-0.00358449429150227,0.001101597510695764,0.00021101928447526854,-0.0021768898135444406,-0.002458074633699088,0.0003155083898161601,-0.004359389547906479,8.893309484948943e-05,-0.004861979139990984,7.138435578939092e-05,-0.003181102860987398,-0.00316669436831333,-0.00018278011957481441,-0.002768048590952739,0.01243158179876233,-0.001288751255281488,0.01218204693074397,0.0024954359269556536,0.0028856081813534037,0.008339728435546218,-0.00025654003010319693,-0.00044056247654819443,-0.002999412473929145,-0.004822148574223933,0.0029093292823041805,-0.0005411995988566512,0.003936976292528068,-0.0014214888134685647
2023-01-08,-0.0042612549616448964,0.0010646701247638856,-0.004080559230992359,-0.003016072374091284,-0.00014766196968432122,-0.007332226766143781,-0.01714225093425819,0.0027499707840207403,-0.0009690997353786399,0.005453682594344516,-0.003181102860987399,-0.003301011924784624,-0.00047485494949802684,0.0002055481542814841,0.015487037396608625,-0.0014668157403041687,0.017637897231253214,0.008605356186468844,0.0028856081813534037,0.003393834351607905,0.0002244128596254875,-0.0012008306908868139,0.07594316121923038,-0.003942108184850461,0.0029093292823041805,-0.00035764433179289725,0.0039688112084395,0.000557884962841045
2023-01-15,-0.004261254961644898,0.0003003665764714801,-0.005048096050438929,-0.008619585797835649,-0.0007556182816701205,-0.0005385172536290855,-0.008866199675387152,0.0012113106908964227,-0.0020884981449360413,0.0006119826506329054,-0.003181102860987398,-0.0029212643957423246,0.000970450594952284,-0.0028850678979264995,0.014922691143875311,0.0002355763660908925,0.023459606902642528,0.00731273215707699,0.002885608181353404,0.005887439114082452,-0.0006834242483994582,-0.0021656829689446202,0.07594316121923038,-0.00394210818485046,-6.350363337834827e-05,-0.0005411995988566511,-0.024624191574639707,0.0002888684911541288
2023-01-22,-0.0035844942915022704,3.3620581133534665e-05,-0.0034174343238207094,-0.002119744843847705,-0.0025741687211182167,0.0038473518400507713,-0.038176240389876236,-0.0008630832122570038,-0.0023591591977321375,0.0025632703150615926,-0.0030647298632519447,-0.0026836532690500147,0.001662277886582291,-0.003513132546890511,0.031238091882750448,0.00027363432990366426,-0.03826322052106606,-0.004868965155861509,0.015234505223038448,0.007412609735016349,0.002171002984722209,0.00214415458932799,-0.002999412473929145,0.0025260449396155393,0.001131299726142397,-0.00037589586274494857,0.00047172169474974323,-0.0011540745557123053
2023-01-29,-0.0035844942915022704,-0.00013617206187344658,-0.004719390880135201,-0.002820308992297054,0.0002423644584980467,-0.001115115413066415,-0.03221135183114288,0.0010318033964697327,0.00924216117461627,0.00024010988496583403,-0.006484161218946909,-0.0029212643957423246,0.0021243695320170997,-0.0026225554106841242,0.017709568102047497,0.0007459382597693149,-0.051748085819732496,0.0002300420342166863,0.0035303851675895386,0.006462767729426801,0.0020396289308778222,0.00044081460710921824,0.00518752993098548,0.0025260449396155397,0.013876237967204559,-0.00018454064857749346,-0.0018285477863008539,-0.00020283243507086715
2023-02-05,0.028005248439757116,0.000310011504788596,-0.003754017265984231,-0.0026482905490332396,4.709375311055891e-05,9.671689616600485e-05,-0.03826785188607348,-0.0002810151461083715,-0.0023591591977321375,0.0004693930327555783,-0.003181102860987398,-0.0029212643957423246,0.0016855377221443484,-0.0030487357109359185,0.012162652062073431,-0.0009765811978682678,-0.06050738309915572,8.399900136247037e-06,0.003997321329534574,0.005840039826001206,0.00014134555809782446,-0.0022304594517100467,-0.0015942523879819087,0.002072330687476157,0.001549260041935349,0.0008270010129800133,0.003526531967123799,-0.0005122611031055332
2023-02-12,0.015447624682273828,0.0003003665764714802,-0.0048837571950237045,-0.0020978485408936175,-0.0027694394265057047,-0.009689197727587457,-0.037904042012631416,0.026671011976362492,-0.005439096244027204,0.0002987689311686028,-0.002708681989252006,-0.002921264395742325,0.001532427876779271,-0.0026225554106841242,0.0105983158335271,9.108635387754276e-05,-0.08771810530384089,0.0003318003599048777,0.004959230388140607,0.005835181318009599,-9.356136252433087e-05,-0.0013986918817057547,-0.0029994124739291454,0.0006794705711415581,0.0015492600419353484,-0.0005411995988566512,0.0009147801910253522,-0.0004249536098746605
2023-02-19,0.021171551002859678,0.00030036657647147997,-0.0022623419033924734,-0.002627162888640076,-0.00257939405251004,-0.012597760855375536,-0.02674425286486532,0.20024751695237705,-0.005411093847844056,0.00026319008594748915,-0.003181102860987398,-0.002921264395742325,0.001051704878433636,-0.002622555410684124,0.004177308898724432,0.0011942944432910504,-0.08764364642271599,-0.0007401404031346594,0.0054912450307500835,0.005835181318009599,-0.000435360850300939,-0.0008984842228003702,-0.002999412473929145,0.000711947577854706,0.009585982281825499,-0.00021052618748471384,0.00034838021378715673,-0.0005781550601686407
2023-02-26,-0.00496646686702768,0.00018546857567813702,-0.0020349209949666173,-0.0032470155899447916,-0.0008009360418454331,-0.0025236945759420154,-0.058732862800976,0.2036891341248474,-0.005812697288614578,-0.0005811277337965793,-0.0010052294347863042,-0.003126956131930631,0.0015029031100320615,-0.0028850678979264995,0.012841441450402342,0.004024445395666573,-0.08764364642271599,-0.005885143313646499,0.003844396235520918,0.0058351813180096005,-0.02542315308409455,-0.0010078159077652846,-0.0015942523879819085,-0.0013003496120107697,0.0015492600419353486,-0.0005252181301198204,0.0035265319671237976,0.0008959838061666249
2023-03-05,-0.017370049722222714,1.5675932671155752e-05,-0.0018832839643278241,-0.008819186386724305,-0.002716670349103185,-0.009032566070705685,-0.014097495576136038,0.21391024761423716,-0.004478894820290854,-0.00047793344604648934,0.0001247726469447975,-0.004856645066436692,0.0017566643339300312,-0.00304873571093592,0.010247363403713934,-0.006508624766151626,-0.08996685194390086,-0.008608066428946442,0.004047642996765296,0.005497970173478323,-0.0027826576127984106,-0.0007898997469184028,-0.002999412473929145,-0.002864003574489706,0.001549260041935349,-0.0005252181301198201,-0.0006766588094027425,-0.0005122611031055331
2023-03-12,-0.005950944942349755,7.30055773851948e-06,-0.0027722690350903793,-0.0018715205896025267,-0.0037826204778140743,-0.0016290844210134978,-0.02229668375425905,0.2151196406847258,-0.006083322010664626,0.0013915590761170475,0.0002040876116438814,-0.003239714370746592,0.0012945726884952228,-0.0001316620816526037,0.013912487354689383,0.0056431962248996645,-0.08996685194390086,-0.008608066428946442,0.004047642996765296,0.005497970173478323,0.0005023514709478281,-0.0007898997469184028,-0.0015942523879819085,0.002682996936518071,0.0013321091379921582,-0.00018454064857749343,0.0017353845528444878,-0.0010318379454016488
2023-03-19,0.009696742317167786,-0.008596438548048601,-0.0020776682329873113,-0.0029759379359904363,-0.0008503313368370282,-0.008538679691953812,-0.017639214682498815,0.2151196406847258,-0.005802563850567828,0.006068089517327176,0.00020408761164388128,-0.006103480009423908,0.0017168214519830407,0.0001515909250605978,0.012671051271518994,0.002110495926974673,-0.08996685194390083,-0.008608066428946442,0.0043764108781303955,0.006458653424139247,0.0013323041196814842,-0.0007898997469184027,-0.0029994124739291445,0.001640598551670604,-0.00028303263913434084,-9.853815137398525e-07,0.00034838021378715694,-0.0008097167705978555
2023-03-26,-0.00468241911835096,-0.000728713512479354,-0.0019102474236054703,-0.0027725914994653077,-0.002473536211878797,-0.010936856795509814,-0.01845690317572524,0.19886751823139137,-0.0060810175056248035,-0.0007336395324279356,0.00020408761164388128,-0.004593266599948313,0.0017566643339300312,-0.0029611339227705786,0.012890619267782937,0.006848534898509408,-0.08996685194390086,-0.009973420453239625,0.003844396235520918,0.006458653424139248,0.0005023514709478284,-0.0003231485774098528,-0.002999412473929145,0.001778184699786209,0.001497375018840244,-0.0015896341945529973,0.0008292427610397355,-0.0005694615050435362
2023-04-02,-0.0023035865347227217,0.004404589113362857,-0.0005698460643796422,-0.0022987590701098047,-0.002119198520777162,-0.0005851131091637099,0.005204836004906228,0.00760994657401745,0.010361308065446863,1.0833134922307237e-05,0.00016808068007844623,-0.003390269910776795,0.0017214936621457596,-0.004847149492973449,0.03276616304140571,0.0006922526205565683,-0.002427280050907205,-0.005403920600175756,0.004357789155442159,0.002401718110621876,-1.583151299491014e-05,-8.225897673621411e-05,-0.002521237001293209,0.004527448111498255,0.003895951793852645,-0.00024399992451321192,0.004613560046980074,-0.0006308794659615178
2023-04-09,-0.005548629133894489,0.001036524541111946,-0.001247533481513813,-0.003818983578618447,-0.002663185351322612,-0.011934194459753564,0.005127528137782313,0.0022441696573381876,0.009510417319345148,-0.0006649795794030025,0.00016808068007844606,-0.0022928349949119685,0.001989380450710102,-0.0020856721133879533,0.05394239750312522,0.00738896952560423,-0.0024272800509072055,-0.006664093538175808,0.004357789155442159,0.002401718110621876,0.0004551431901566076,-3.228670682153402e-05,0.16194729948222553,-0.007351213452438692,0.001264530396435861,8.973442928679772e-06,0.006144942538835407,-0.0012182694669805962
2023-04-16,-0.010642306146007823,0.0009944756243083887,-0.0035730946588941603,-0.0024744618591412164,-0.0026960398959575992,-0.015100677958164707,0.005921020421417904,0.0008799193115365018,-0.00523053973330574,-0.0009799690056171923,-0.0004456964716292148,-0.0022928349949119685,0.0033846653505032976,-0.0028010594132831567,0.03742367352059235,0.002455617849570418,-0.0027570409764784433,-0.005403920600175757,0.004357789155442158,0.0021180320015189162,0.0023737220322417336,0.0004416582570601322,0.1673661243900068,-0.0059550550611983544,-0.00027204799960311874,0.00017165013080084742,0.00616320581913304,0.0053646988142456616
2023-04-23,-0.013379132544296166,-0.002806454366086076,-0.0009140215977002676,-0.0027238567599123524,-0.0019414864927338438,-0.00219814719348487,0.003919275169657725,0.0006013321564586271,-0.005592245009991587,-0.0007891364369762656,-0.0017273198308286994,-0.002570732308575602,0.0020735307597670753,-0.0040728882231488885,0.04996235045361184,-0.001549187738527318,-0.0026158231274081255,-0.0067080036738365375,0.004357789155442159,0.0021180320015189162,0.0012217136871320849,-0.0012975428284096157,-0.021916398817336633,-0.004080905705475067,-0.00027204799960311874,-0.00024399992451321184,0.005178065269123917,0.0009909057393888616
2023-04-30,-0.008372607733709524,-0.0018918204687597509,-0.0013505497452838328,-0.008194477406978875,-0.0028870504524098994,0.00039614560414233586,0.005566873507581979,0.0029652740401959602,0.01056730711150694,-0.0007891364369762656,-0.0019779244200446443,-0.002203213093450632,0.001776571764201662,-0.0028010594132831567,0.04424945307810644,-0.01195134203349577,-0.005079796460482573,9.009147052946716e-05,0.004558559134449865,0.0014426731759134724,4.328916230240585e-05,0.000431664187475969,0.07856790312664617,-0.007375814406996234,-0.0016487104416869427,-0.0002439999245132117,0.0004688576373110781,-0.0003540282640677224
2023-05-07,-0.008589922041961504,0.0005404585507332932,-0.0017190779836856853,-0.0016715499092627227,-0.0024750668229461025,-0.007804549496381697,0.0034905379228209214,0.000886814907025002,0.006782653771199224,-0.0004403103766269443,-0.0019779244200446443,-0.004639968867692004,0.0015086849756373209,-0.002554226130141815,0.04079089067421374,-0.02382338232026183,-0.002764678450635313,-0.0010334537763778925,0.003783184536007712,0.001442673175913471,0.0017881767706556624,0.005161410203710275,-0.026151522645439164,0.004114075526669685,-0.002080059002145856,0.0002499413761002076,0.002470804543737207,-0.00032091270102932055
2023-05-14,-0.014646430871480765,0.0005321701794578246,-0.0017190779836856853,-0.0024744618591412164,-0.0005944581734523735,0.00230496239147928,0.003972821784524366,0.000886814907025002,0.003794321228076195,-0.0011875213439539055,0.0001680806800784462,-0.0030669207903559863,0.001776571764201663,-0.007280988237414374,0.04068472509746762,0.0052929622414457835,-0.002764678450635313,-0.03052327742209549,0.004357789155442159,0.001145134902210695,0.0001997607105488587,0.000440172099469692,-0.004379829858124788,0.003201218877114349,-0.0014049358514390336,-8.132323664104428e-05,1.1423375944580902e-05,-0.000980528520914884
2023-05-21,-0.019180638469624155,-9.868374351421542e-05,-0.0017190779836856853,-0.0022078800900581902,-0.0024750668229461025,0.004892679220119615,0.0012811564354166761,0.002155656809861387,0.005657451161470782,0.007068202622336309,0.00016808068007844623,-0.0007844875849070893,0.0017765717642016627,-0.002526696165560745,0.038164536420446746,0.011510457103607827,-0.002412628864838738,-4.798979809760712e-06,0.004357789155442159,0.0014426731759134715,0.0020477731914962712,0.002308637073703071,0.002485415866520148,-0.005653078625709497,0.012394452454745514,0.00017165013080084736,-0.005481034219717043,-0.0008765812049354167
2023-05-28,-0.010481024990250108,-0.0036508924293362803,-0.0006895798295777421,-0.007752430301194569,-0.0024750668229461025,0.003091515163193795,0.0037543322649620553,0.000848130268949259,-0.00484203296790993,-0.0013751095422347547,0.00039323823942236775,0.0006746769235136609,-0.0004313827200743124,-0.006505822382343417,0.04044673175697538,-0.00848889085609228,-0.003808038054434372,0.0087245099978644,0.018053914604870592,0.0014426731759134717,-0.03032861049474557,-0.012717378600640645,-0.00765080220567027,-0.007346079759987956,-0.004237365987931502,-0.00024399992451321184,-0.0011710236441447276,-0.0009882653929130585
2023-06-04,-0.006076879080847894,1.8468723983730832e-05,-0.0011101840026849544,-0.001671549909262722,-0.001764712628556926,-0.0012106341511318867,0.0031081018402691223,0.0027315687027566404,-0.004366093086438461,0.004061442214807238,0.0003932382394223675,-5.732620701567161e-06,-0.0006992695086386547,-0.04236854497306359,0.03761135190385587,0.009854295367804211,-0.0037802450069904757,-0.003193826334658175,0.0031076627069253383,0.011805366962767884,-0.00021504471204867204,-0.012320614985878157,-0.0011688638437226924,-0.008032278329405139,-0.002153564026735303,8.726468822804002e-05,-0.0011710236441447276,0.00036773735415488487
2023-06-11,0.1266651489237375,-0.0013601908429235546,0.001195746216388346,-0.0016715499092627229,-0.01885587765853168,-0.0007171927587572371,-0.004275023300120775,0.0013382758876679729,-0.005431726993888669,0.0018108795363196526,0.0017976693604429663,-0.0025300788888570763,-0.0034203054266664567,-0.00620526127965873,0.040404896076138994,-0.02433549829944721,-0.0012309622275889919,0.0027706619312808985,0.024384517350707614,0.012130950278413486,-0.02595130183738793,0.03363200337864652,-0.0028520810807383516,-0.0070416918351346594,-0.0030367735484668934,-0.0003679512608902046,-0.0009871726709142507,-0.0017873102050525904
2023-06-18,-0.00671353446915225,-0.006772137260911348,0.0013096104719963581,-0.008087176729383019,-0.0005912411552864736,0.002482722567836041,-0.026316465315951665,0.0006846929385637545,-0.005508350385329923,0.006549849353423832,0.0014715858669740115,-0.0025300788888570768,-0.001519124259458173,-0.004448941403386731,0.04358889765556638,-0.04249419095891814,-0.001074563708872741,-0.0010811870977406406,0.004362590853778522,0.00805674530665071,0.001371930132782184,0.011107704534231657,-0.0012692336315434508,-0.004323734703362314,-0.005494900363608462,-0.0003679512608902046,0.001297039694683134,-0.000553119999852578
2023-06-25,-0.0018662703611096166,-0.012429822784811537,-0.000496941371950074,-0.004549709419292102,-0.00013092532104744267,0.0025826873085376097,-0.033389499828617254,0.0020009329278357006,-0.001160204752827082,-0.0036243627354161684,0.001989201565029865,-0.0025300788888570763,-0.001214259802068182,-0.008475059593135098,0.014973101818802516,-0.024940924482062816,-0.00160251948121024,0.0005378053300002369,0.007055622655674716,0.015391611949230355,0.001808807323789456,0.04979985353203673,-0.0042744975960263805,-0.007923339335424315,-0.003411098402412264,-3.497898004362243e-05,-0.004743532393087714,-0.0015877187178206876
2023-07-02,0.05412843972146548,-0.002110122962217609,0.0017273349310092214,-0.011468391278826645,0.011255293814020528,0.08330996051236633,0.0751225263157044,-0.011226422016488777,0.02320026393910236,0.010487517123700931,-0.0011332982646164163,-0.0018262549124580005,0.0014304513065624906,-0.019452281729110538,0.0399746372803533,0.06418241996907678,0.001812914884199418,-0.0027220601642694363,0.01796880673166655,0.055716520185280095,-0.008419285853663893,0.025454681726196613,0.00031995858426801143,-0.0025809920866981515,0.009280765066689727,0.0012303659011800752,-0.01551801810310648,0.0024707553460417645
2023-07-09,0.02225197864548191,0.001295006518946885,-0.002329767678819887,-0.011231117539256224,0.019812166328820508,0.08305710395307822,0.07672966984563287,-0.011876861504518579,0.042554964941925955,0.0009407770436695248,-0.0018539827276182633,-0.0024063180686967113,0.0012725536156813874,0.014425050049194333,0.03192687121979807,0.01947880581681015,0.0018129148841994178,-0.0018323473687898988,0.016156184939096395,0.0548042573569522,0.01555812892991677,-0.0012524108042799686,-0.0016392463074894892,0.02718899063123115,0.006699657914525216,-0.004050092976547498,0.010670257619905373,-2.4587025574181743e-05
2023-07-16,0.03357056736601467,-0.003081416945432547,-0.005621886704272182,-0.011924851417292102,-0.0609801194818172,0.04409453378315777,0.08324017015739786,-0.012958075545455326,0.011004174190466566,0.008403314029381206,-0.0030431130675911584,-0.001968379565640114,0.0015848412656521654,-0.004254219697798028,0.028214715369408574,0.024276575594119918,0.0018129148841994182,-0.012247350257203825,0.016307436860669523,0.061295302739732424,0.017552856454267917,0.0021889396270496895,-0.009132703416829778,-0.009498692608313016,0.012550691193551145,-0.004633401721810265,0.0008407275013519578,-0.0011325660001289828
2023-07-23,0.03569418265628091,0.001240728468231106,-0.0020559961625880884,-0.0072290644773617,0.009037939548180957,0.0624462638092024,0.08092736459079203,0.0037392951438146873,0.007942547789800206,0.006419074586279478,-0.001989446154466183,-0.001944348605741272,0.0015275346755757838,0.0035654680054040444,0.038368112478222756,0.036986745813979864,0.0016534736113145306,-0.0007326874129340584,0.01790180861357353,0.05226316059273284,-0.006478479044397422,0.016907290478971784,0.0022996049997981937,-0.06675163280741737,0.0007595187698470469,0.004876929054565854,-0.016010665117147483,0.001697647317789265
2023-07-30,0.05674132622730749,-0.00128473526006824,-0.002397080266302913,-0.01097088494778941,0.009422320974578876,0.05711827019889229,0.095331115616936,0.004057190906415235,0.017069940797069784,-0.00589716588054776,0.005964261389499938,-0.0012949554584721862,0.0012725536156813877,-0.02369589314418112,0.029674721378153558,0.012448430140109119,-0.0023621224126718927,-0.0927739682624906,0.014655039708204743,0.05575705763650446,0.012965181108541888,0.006219969945948526,-0.0014766001455379235,-0.011061928658771938,0.012373555720966135,0.0014781325532383805,0.07798748741539702,-0.002049938711728657
2023-08-06,0.041286045471232324,0.0022191057972432084,-0.002974790512995783,-0.006012450370383063,0.006600192563003176,0.04142403798741955,0.08215915930312401,0.002645202666336903,0.013591952171365843,0.0016322448587503973,0.002301152027125516,-0.0004078508756522172,0.0016854323664568871,-0.01914027476748303,0.03125698276871992,0.026497991730209735,-0.002202681139787006,0.004109435548168162,0.014588400518046645,0.05575705763650446,0.010255277309876623,-0.010070486177746675,-0.0009154497655097675,-0.009064191929377735,0.011458000927994996,0.0032011694400620257,-0.02067311224327896,0.0004588687729709089
2023-08-13,0.045274119503361875,0.0027404742908493135,-0.003910392445646445,0.0140506167568367,0.006141580544990573,0.06328610298691015,0.058679058412512745,0.0025667161239828935,0.013591952171365844,-0.0015835307186593298,0.0014656120350174423,0.00037928191706137365,0.0011637065561243866,-0.01809361172640735,0.030580986607847045,0.03294457290053336,-0.002202681139787006,-0.003640662949558797,0.019393952580564658,0.05575705763650447,0.010653682055275664,-0.023039662582576573,-0.0014766001455379235,-0.0038055682580363116,0.012169008241809838,0.00018793669039060312,0.0011786472128773847,-0.0014315547529798983
2023-08-20,0.023078669690863966,0.0024230022885073127,-0.004195680788067882,-0.024834308023277255,-0.0038608514373093266,0.043919411222367144,0.06280879953516705,0.0052396336080826325,0.01837736772730479,-0.001375697657715323,-0.004284695986103263,0.0003792819170613737,0.00185409883255818,-0.021338026696745754,0.0369348406402332,0.025368834126274855,-0.0022026811397870055,-0.0060484924862305375,0.019393952580564658,0.03580815707345005,0.014976304363453293,-0.018293726466609598,0.19990731152310542,-0.003805568258036312,0.011947793290438402,0.0014805306905557722,-0.0034140112225597434,-0.0016386618104218026
2023-08-27,0.027835673722002505,0.0023915925808011148,-0.006224376794457899,-0.017959596274533463,0.0002199559464677784,0.05524080267979704,0.07542459155316329,0.0018548626785435055,0.014253362937366888,0.0002610912587103912,-0.001989446154466183,-0.0019443486057412723,0.00019990213186605013,-0.019452281729110538,-0.005948328151709536,0.006578070205371801,-0.0025787063055067077,-0.003931077239861586,0.01610391529612832,0.03580815707345005,0.011735360845850902,-0.0187145512648126,-0.04561950382357434,-0.0038055682580363116,0.012191329806414148,0.0017969893022596719,-0.002435612095098484,-0.0010460103805555409
2023-09-03,0.028620718962400083,0.0027077637421759897,-0.005004774589311203,-0.008216511465126227,0.009612644534489503,0.0499682714301143,0.07600013368322901,0.005554704200964005,0.007679649327841268,-0.0013200400524508024,-0.002003347640331295,-0.0017755632562436565,0.0011498037051196537,-0.01965883247854246,-0.032979900700291734,0.012512718648762609,-0.002558663899141744,-0.006567606518847144,0.019780644619866738,0.035676676497379434,0.01578465243116788,-0.022127402006068907,-0.010896690405932717,-0.003805568258036311,-0.025796782863611704,0.001480530690555772,-0.0024356120950984835,0.0024390072113669313
2023-09-10,0.03508226552122715,0.0027383422475851103,-0.0054184135955466835,-0.011074081723901862,0.01280788184338187,0.05147904804374127,0.08081968609059464,0.0028710027384648853,0.014976068060638892,0.0011563560272489933,-0.00176900183012756,-4.7167644606288165e-05,0.0010058088652432835,-0.020577574861733318,0.030492614620296468,0.03540344477827949,-0.003930114849344756,-0.00626197016794742,0.020863708163036364,0.03580815707345005,0.01684381563677219,-0.023365415579104855,-0.0009154497655097675,-0.0038055682580363116,0.017996270108140443,0.0014805306905557722,-0.0037703414311512523,0.008274960483196106
2023-09-17,0.035561561318724025,0.0029101467002836025,0.008797406699231044,0.009240716303828153,0.00999397376982502,0.046348415977037594,0.07877974419669667,0.0024066595955100955,0.014253769365903706,0.0075931707494341725,-0.001592412224310665,-0.0007332472243455465,0.0015973754131139114,-0.020093938203614336,0.04775120624772266,0.03004162284858207,-0.002558663899141744,-0.007667266474702985,0.01978064461986673,0.03580815707345006,-0.0066391973419783566,-0.016024590418559505,-0.0009154497655097675,-0.003805568258036312,0.009379832941294533,0.0012016710751835238,-0.003770341431151252,-0.0010537505818135307
2023-09-24,0.033569280918800314,0.0025344457563210077,-0.0008468651874578213,0.0008440158680878362,0.009993973769825021,0.030375312335563717,0.07127715827475294,0.004203638286769476,0.012960236322388165,-0.001136239988202404,-0.0015924122243106654,-0.0008142614208288753,0.0014381081737908491,-0.01988738745418241,0.035588565351912654,0.034000340090104275,-0.0027341441919822057,-0.006546790582044888,0.01971400542970864,0.03580815707345005,0.0026948757318840826,-0.017059029305071267,-0.0014766001455379235,-0.004412760760485985,0.009013322211233606,0.0012303659011800752,-0.003004660871655196,-0.0008755199837471342
2023-10-01,-0.00865813886941657,0.0006638212804130082,-0.0033772445132558976,0.014806234092038724,0.0024538629578643206,-0.0038406159122847954,-0.0067087496146873305,0.0022208793590952672,-0.004728576201501739,-0.0019821372251527707,-0.0031392854890834243,-0.0018775005440780524,0.0016474140938616722,-0.0035674463870696933,0.022184389126554932,0.01713806815654969,-0.00010146044174481844,-0.006803744008012874,0.002658682143146514,0.0033444079700248384,0.00034629947924624566,-0.009044792180466582,0.0046170385225189495,-0.005697922549966272,0.0018002142368552458,0.0002471812048040397,-0.0015700271790407194,-0.003179982126565797
2023-10-08,-0.010605711352386011,0.0016267414631003039,-0.015165204544035731,0.019374462945572,0.0024538629578643206,0.0050896342219032805,0.009396081394268632,0.0024620806507629563,-0.004505893862049195,-0.00047531423798294987,-0.0031392854890834247,-0.0017081905139708599,0.002430480947535441,-0.0035674463870696937,0.030568776248241395,0.023552105454696583,0.00013435214544964104,-0.0068207437028632864,0.002658682143146514,-0.0034961910076433626,-0.006674153574680104,-0.008943651048980417,0.0046170385225189495,-0.0030931455378363833,0.0017711951784972592,0.0002471812048040396,0.0001602850604859732,-0.0029785768652098523
2023-10-15,-0.009677217474716459,0.0022040387854687505,-0.013770341823060932,0.013792775430785147,0.0024538629578643215,-0.0031929063569227333,0.008905256773585151,0.00429040594559384,-0.00428120200613299,-0.0021362611254943575,-0.0031392854890834243,-0.0032651617416192885,0.0031122066133152217,-0.003567446387069692,0.04342507477661114,0.01214952234463814,0.0008615116518152027,-0.006402679964579986,0.00391328844435847,-0.00033907978604792266,-0.004115744060342864,-0.009748014563462288,0.0046170385225189495,-0.08576361393122228,0.010554268166880914,-9.225303477642333e-05,0.0001602850604859731,-0.0066438002184328795
2023-10-22,-0.00967721747471646,0.0022386213810679247,-0.014473156715512851,0.016012351219805987,0.0015517231737187558,0.005977507366941844,0.009575069191611975,0.003009689616372715,-0.00428120200613299,0.0002537002010813763,-0.0031392854890834243,-0.0022087936620796573,0.0031122066133152217,-0.0035674463870696924,0.04219972047115965,0.028730998373339364,0.0009697083264536305,-0.007268260363045774,0.0036509677487713537,0.004459156215241318,-0.008388182788628417,-0.012532887392226527,0.006380381642018048,-0.10648215491616478,0.0027172870223183187,0.0002471812048040396,0.00016028506048597314,-0.006550293324954365
2023-10-29,-0.006590046756009323,0.0017565790096205724,-0.011734578946781059,0.01475876086422952,0.002453862957864321,-0.009609066367510908,-0.0031677126959046304,0.0016753159592006086,-0.004215445803687161,-0.0017638331736985694,-0.0024557513773645996,-0.0034008809064883074,0.0028655571067924403,-0.004247303845342292,0.04012109286214087,0.025399404842184104,0.00015317132558733803,-0.005928589254804264,0.0041726899622168715,0.0033444079700248393,-0.035054000526198094,-0.009043780264363808,0.006380381642018048,-0.13466895144893867,0.004383572900739603,-9.225303477642337e-05,0.00016028506048597325,-0.0066438002184328795
2023-11-05,0.0016382410911018822,0.0017565790096205724,-0.010561724098034318,0.01348503410705178,0.0024538629578643215,-0.010030133302281384,-0.005782317501402869,0.003100394940061096,-0.0017904492930013796,-0.0006581887499737041,-0.002204469782024973,-0.001964419304736312,0.0025857031298438284,-0.0014075244019892002,0.04141600534908457,0.01880752819081663,0.0002142839600891261,-0.005401164420459626,0.002602179273137436,0.0038628120268093175,-0.020479843403943994,-0.009747002647359514,0.006380381642018048,-0.13804587951802394,0.0016187245289929503,0.00024718120480403963,0.00041212595963644545,-0.0063638783083002715
2023-11-12,-0.010201086022078955,0.0017565790096205724,-0.008667134121004392,0.014686670198574978,0.0029358700657001607,-0.006488504223763891,-0.005849960593295126,0.002087470096576741,0.00377566434435442,-0.002836096876447697,-0.0013599901951972008,-0.0021588639144230867,0.0025857031298438275,-0.003275486088901006,0.043472547479427755,0.017681935526518765,0.0007883417865756378,-0.005655860318104511,0.002601849644787627,0.0028855191949033214,-0.013468070980426078,-0.009250346658395088,0.006380381642018047,-0.11758710587097808,0.0027172870223183187,0.0002471812048040396,0.00041212595963644545,-0.006845205479788823
2023-11-19,-0.010201086022078958,-0.0003044209144658371,-0.008015413965361262,0.014209073756232178,0.002453862957864321,-0.005214197376570941,-0.003160518422005549,0.0024662123371799356,0.001122180015659963,-0.0026777877161588692,-0.0013599901951972004,-0.0019476632298248769,0.0025857031298438284,-0.00394317511324331,0.04519152910789015,0.016607883240961525,0.0005207429597891874,-0.0064769829312216285,0.002101758488862475,0.0028252486818909624,-0.007669917801418052,-0.008652659364367253,0.006380381642018048,-0.1144480363663125,0.0016187245289929506,0.00024718120480403974,0.00041212595963644545,-0.006550293324954365
2023-11-26,-0.012000945487110217,0.000244205413246062,-0.0057218699479487534,0.014557212040149658,0.0007270711897190568,-0.015076693287708104,-0.0026977643907102585,0.0016753159592006086,-0.004032402566096946,-0.00043867542700194663,-0.0011976906920712494,-0.0021588639144230863,0.0025857031298438284,-0.0035674463870696933,0.046078004433917415,0.022754649609854002,0.0011636417232875522,-0.006677646688775016,0.002101758488862475,0.0054131558167259996,-0.010064661789743922,-0.008651537621841721,0.006380381642018048,-0.05285931608563784,0.0028987767301806144,7.28452964196336e-05,0.00041212595963644545,-0.005151955407158792
2023-12-03,-0.01077505745477639,0.0004449980400328062,-0.004757743756088864,0.015221636648176455,-0.009124384090079573,-0.012368640665461464,-0.00701465671804774,0.00447927250202749,-0.008033717284154309,-6.453233092686946e-05,-0.0007543626343618754,-0.0021588639144230863,0.0025857031298438284,-0.0014075244019891998,0.04820296066563199,0.021296515131282535,-0.000566923427147183,-0.008345864983114827,0.002986447910907829,0.00560113271476673,-0.013752234718089163,-0.008445983143913215,0.006380381642018048,-0.09181250502820992,0.0017621604336943838,7.284529641963348e-05,3.6123818190831804e-05,-0.0054526841617325485
2023-12-10,-0.01077505745477639,0.0006638212804130082,-0.003855708148066333,0.018059101316575565,0.00017692672976969828,-0.012124254746646048,-0.007180276507285732,0.0016753159592006088,-0.002778025383591557,0.0002033737342285963,-0.0007543626343618752,-0.001822248515324524,0.0025857031298438275,-0.003275486088901006,0.04455734863852183,0.02232746990776863,0.000513765291164751,-0.0063052310569824375,0.004856576882606056,0.003284541594102498,-0.013296551397415821,-0.02405232897448289,0.009708027921948394,-0.09132413381107445,-0.031121101913069604,7.28452964196336e-05,0.0006454520361815158,-0.0051727622515999406
2023-12-17,-0.011476832432448179,-0.025127615229218848,-0.00268401862026186,0.024448260225535246,-1.547943300633476e-05,-0.00956606736087202,-0.0037407435028868623,0.0041680486348780335,-0.009559085822852132,0.0018838993333395527,-0.00195853947043096,-0.0029661187072289597,0.00233766967955003,-0.003820388628522575,0.038332305268001,0.0218126987743689,0.0009334022331255533,-0.007587389240095621,0.014392254105071403,0.005601132714766729,-0.011960721087756953,-0.03172441093993108,-0.039031493865239374,-0.08816211583871977,-0.031489815607592765,7.284529641963352e-05,0.0007183497943668076,-0.002871304828642538
2023-12-24,-0.010969789448466749,-0.019782697503098638,-0.0028240269587272186,0.022139670455669495,-0.0008720784810706357,-0.006234589188969514,-0.008951813750056466,0.007521275060453484,-0.010287656873605633,0.0018838993333395527,-0.002381408781444121,-0.007410306395829463,0.0036235440734122054,-0.006586344248315937,0.04448720325517997,0.024151065591069828,0.0006658034063391033,-0.008609717580594336,0.004856576882606056,0.005601132714766729,-0.031598321746341126,-0.023199194969956732,-0.016346319010858198,-0.048404316452584355,-0.03401847331275951,0.0002471812048040396,0.0013757053256303149,-0.005836727811771493
2023-12-31,0.014324000628921198,0.043132650949884506,0.0013210204239476225,0.004767875262111608,-0.01257512142147883,0.10369258596430858,-0.029281627775837565,0.0033758102445836046,-5.445168718496714e-05,-0.00292698064884123,-0.0023322265020086766,-0.0008205095134854401,0.0016752432335747668,0.000502120791552225,0.010922414155256792,0.006909902385034119,0.001586439200379272,0.010644715806832095,0.0040060390581613155,0.05782555467324166,-0.012923858937981824,0.14569360863773256,0.1652104093806983,0.004943032754673387,0.01599317453335181,0.0005095249472120324,0.05479302558304169,0.00048811479426550704
2024-01-07,0.004241187411283361,0.02094546687563609,0.0015602472981292104,0.008425740162715288,-0.006177464163100578,0.14782366308498135,0.1186305340137353,0.006005224393224519,-0.0011920768515299273,-0.005600767973796581,0.00029980513600178876,0.11105266161351307,-0.0012477623899702665,-0.01708966451133645,0.014723534409075726,-0.0039396715456861955,0.000134922462565492,0.009042880105720848,0.006005327581102249,0.061497027756312675,-0.013735409651769902,0.07396501154414648,-0.039856941726774925,-0.025929355821495453,0.016713709453422418,0.0003533494791647082,0.09662081888019214,0.0005384848596478083
2024-01-14,0.013450971722103616,0.0021024938649973584,-0.026757974216779692,0.005666253103374792,-0.001830696453224107,0.11765283949544536,0.09544091375138082,0.0029672956262700445,0.0002018207308381825,0.0018643588332591192,-0.003113496891241213,0.002803995740016675,-0.001608803311632984,-0.0147178278933836,0.009653885107143378,0.012899184597868114,0.0011709645930238325,-0.0015720299801743037,0.006201227342968011,0.05851993367564848,0.00017308565657093416,0.13283983096759835,-0.026715669550786605,-0.00896480490728603,0.017504826754045796,-0.020907459234792248,0.07047270965334869,0.0006349969313926103
2024-01-21,-0.0042766197201995594,-0.0019541429862103836,-0.09707135134821748,0.002010476880737956,-0.007975035224587083,0.09518540612034469,0.09403142242798727,0.004608847464839635,0.00020182073083818263,0.0013621516153102286,-0.0036383737298953107,-0.009073604094046665,0.0009070196387617123,-0.015231687963407115,0.0073528691841880265,-0.011133439707262403,0.0015406315501080904,0.007475674365049985,0.005133851678500511,0.059665299016958245,0.0011179710551655702,0.09993167103902689,0.06459592288297752,-0.02688717464530519,0.009633964881115627,-0.020309190482643378,-0.015757410518361832,0.001878836880060215
2024-01-28,-0.0004963253907965936,0.001410314363656467,-0.08156349053840398,0.004196846208236354,-0.007994146579963123,0.11880604055896266,0.10063783845834294,0.006840532066658066,-0.0008559371479172354,0.0034143871037391115,-0.005427636007816836,-0.016369892378608596,-0.020390409445171773,-0.013207474292263089,0.01988586002768486,0.004486340966763432,0.0012824464385631268,0.0002573740552479265,0.004937951916634748,0.05610664436096314,0.001775985197595136,0.1072262389139347,0.06423931178261133,-0.0040755152988544464,0.01134821985348924,-0.01900361319827008,-0.0212874025273312,0.0015201476471270812
2024-02-04,-0.002638271704689409,0.0030376324544209125,-0.010899359529837702,0.0021763247322545524,0.008579710400742246,0.10253746004833747,0.08959128808518312,0.00405883776796376,-0.00048021468060486806,-0.0007064726687730967,-0.004632454727922184,-0.0015053999143232579,-0.016859725052607254,-0.01089543910234727,0.017249672521850886,0.00487161485808277,-0.0007165906681063942,-0.007630005783341117,0.004702956532892111,0.05535329172080086,0.0019364299311777928,0.11862606152455674,0.06508592839369917,-0.00037071292798117783,0.016555705590731586,-0.01996787071580397,-0.003112901928907148,0.0016821139181053904
2024-02-11,-0.0011985546190798869,0.0009144374831901671,-0.027982358366328643,0.040647082442418575,0.003783082062655971,0.08531295682272268,0.08509185176828847,0.002586868115552995,-0.0009734788494081865,0.00017885496619259652,-0.0013165476702991187,-0.0015053999143232579,0.002721217017808846,-0.013485811447654856,0.019395054714450733,0.008946410412042836,5.769256834343184e-06,-0.007630005783341118,0.0048988562947578735,0.05523056839629457,0.002137034575277659,0.10430359911555133,0.06508592839369916,-0.0033547450369052177,0.009840308596360325,-0.023664419592596325,0.034566379299752016,-0.0013279750411163737
2024-02-18,-0.00119704024053183,0.00039100165158994485,-0.02270978599668173,0.007786384809136001,0.0015324347513484913,0.09852609472155693,0.0831768311186469,0.002586868115552996,0.003731398865860295,0.00017885496619259657,-0.001316547670299118,-0.0013001062349630524,0.0016817258013521281,-0.007607857146272231,0.04824512515513826,0.00546476041719898,0.00036776935159475445,0.009820014638748919,0.005098452946933254,0.05523056839629458,0.0003004942355782863,0.11718103304840902,0.06508592839369917,-0.0003484413901600709,0.010154247805134164,-0.02206296761579391,0.04093779911361994,0.00013435517023335956
2024-02-25,-0.0006688744324537633,0.0019143996107146702,-0.030587185447445805,0.003067606624417899,0.005777976366975223,0.09833445515432851,0.0853359471158633,0.00444917447715644,0.010282328953372031,-0.005163280045367927,-0.002332226502008677,-0.0015053999143232579,0.0014552000209315944,-0.008641115508267643,0.028878322878807358,-0.080999146561152,0.043520519424378824,0.00611632866888681,0.001046483567280216,0.05523056839629458,0.001304118262048759,0.1103405222242323,0.06363432392366063,-0.004064784603270428,0.013339734448372281,-0.02108279997003754,0.03403711987152889,0.00013435517023335962
2024-03-03,0.00046678394734777625,-0.0015818117716304874,-0.029815037867597035,0.02159440972702946,0.08773821835816512,0.11602577157228403,0.0617612372537492,0.0024172859293941696,-0.0007585169057397924,-0.0037020563820525554,0.008114333164703157,-0.0015053999143232583,0.0014552000209315944,0.003081450027403399,0.014887934236207608,-0.0774270420209799,0.0016736251228507888,0.01956391190550845,0.004898457647219071,0.05523056839629458,-0.00028651349838400725,0.0985480223164916,0.020503498955646786,-0.005952792042487826,0.012911476060782362,-0.02135577487294507,0.02632245257216169,0.000338973821226752
2024-03-10,-0.0010412197330034554,0.001574811389388591,-0.029590787300567075,0.004036413247287018,-0.013360649877239584,0.09741514167946906,0.05983538751318933,0.0024172859293941696,0.006077262866078386,-0.003561754709577256,0.0008264654434789757,0.10851650522313169,0.0005359737225659909,0.0020861168156908476,0.015468791407755771,-0.08939266407543883,-0.0007643874694753225,0.021613769581423956,0.004307349292288013,0.05523056839629457,0.006323252861514226,0.11362409753112174,0.0657025099963371,0.0027711796848141836,0.013800725479665996,-0.021125642341220576,0.0349965708902647,0.0005138096810385568
2024-03-17,-0.0007239368982665142,0.0009495841998869822,-0.029510767701332954,0.0026669009755434596,-0.005686715827729663,0.11637692410326977,0.05603033955919568,0.004174283255780559,0.0010688991772723057,0.0004928810699450841,0.0031558383602957383,-0.018432147937186977,0.0014552000209315942,0.0005054661794369854,0.011539193702413984,-0.08631253708314446,0.0010383823777040072,0.03140379032129774,0.005133851678500511,0.05523056839629457,0.002861509666293541,0.10236534214824636,0.06363432392366063,-0.0033025048400417895,0.014985995985966847,-0.021125642341220573,0.03327577626754007,-0.02852261867529561
2024-03-24,-0.0008310049321181978,0.0014937950738773704,-0.029510767701332954,0.008152351547616607,0.0035870869915653604,0.12413406609274456,0.060268403954285094,0.0009063382621373212,0.011686164210280493,-0.04111677014106516,-0.007399558955629515,-0.03079834141853225,0.0012530147139457987,0.001824991299038725,0.01510306541362345,-0.07803782346535264,0.0006585209159144467,0.025418201964936948,0.0048988562947578735,0.05523056839629457,0.004525101745439904,0.10459900463300582,0.0670256025783137,-0.006174856378338971,0.016692158204086056,-0.021125642341220566,0.03365005140132715,0.00019094083542388815
2024-03-31,-0.0013379059567398361,0.0012633469601148772,-0.0005204855858901202,0.014342815934154589,-0.005025756515772587,0.005490988375575256,0.0007600880881807048,0.0013199927183872868,0.023021232192624846,0.034094141764954046,-0.003134361152495667,-0.0175551663260223,-0.0007428930041501605,-0.0015359157908101044,0.011310917149563894,-0.004591881686491038,-0.011163759261281103,0.009458222854812586,0.00555035436646332,0.0029202147074396997,0.013603939174041678,0.010376561743178076,0.004668406761640131,0.007844894520144184,0.005302598153846273,-0.0009508116326895321,0.0004367625325711205,0.006482029204014412
2024-04-07,-0.0013379059567398355,0.0009039330967678469,-0.0005204855858901209,-0.0094428768762547,-0.005541666459797352,-0.007201227525181208,3.3588967662442496e-05,0.0012218237774760138,0.0046130905267760215,0.02320851922695015,-0.0024880441667688557,0.0032723148703700296,-0.0009789997822056329,-0.002287297045599897,0.014789533516293292,-0.0009432604407514099,-0.010471399627972272,0.016286556154701225,0.004164494014448121,0.002920214707439699,0.013066445279481228,-0.004427547261498001,0.0028276126554088892,-0.006598843724636252,0.005302598153846273,-0.0009508116326895321,0.00043676253257112033,0.008463338894854925
2024-04-14,-0.0013379059567398353,0.0007978342887379758,-0.0014357417850469844,0.011610710495309859,-0.0049433754290397515,-0.004371286195718057,0.0007664042365926943,0.0010739638037988173,0.0046130905267760215,0.07690949755864632,-0.0017440003386661035,0.0009286526972545167,-5.775587232512342e-05,-0.0003811717846592813,0.011330928636108264,0.001428646155254217,-0.011202864322757113,0.01820595616119246,0.004164494014448121,0.0029202147074397005,0.012570018563497421,0.0037129820169953137,0.006322600705629792,0.002483704076933918,0.002945436501650104,-0.0018249844662994023,0.0025276410304268552,0.011801976674108873
2024-04-21,-0.0013379059567398355,0.004148367769207518,-0.0014357417850469848,0.010281219159221991,-0.004017233511349363,-0.011712291584242198,-0.00021929315910029887,0.003802939422867274,0.026691887780362338,0.007250127580802067,-0.0019294991126500977,0.0016197899313908817,-0.0015136542799176337,-0.0012735627711182899,0.013209657917913509,0.0014286461552542168,0.010116017735542831,0.017690236424578974,0.004829106037374794,0.002920214707439699,0.011814106413421937,-0.00467754564112669,0.0028276126554088905,-0.008994540482835904,0.0018311866826867358,-0.0016575261726415273,0.00568855802312697,0.016694858355222844
2024-04-28,0.008099260055390084,-0.000284177822781841,-0.0014357417850469833,-0.00623697859511616,-0.0020475653546202692,-0.010937896093371464,0.00022359114017637502,-0.00042051953532165815,-0.0007809038658360148,0.003611403864858874,-0.0019294991126500975,-0.0026662751922612916,-0.002590676783339808,-0.00188124039678168,0.013112719624775903,0.0003052876982738624,0.012688151590698273,0.021840151105470884,0.005017589578948964,0.002289254808602261,0.007180753758623905,-0.021520883407791902,0.002827612655408891,-0.007528900473654419,0.001947539175378708,0.00036880675182764436,-0.0021280592805665013,0.008050091513946504
2024-05-05,-0.0018294802296380296,-3.815043888959054e-05,-0.001435741785046984,-0.008263835421014944,-0.0020475653546202692,0.005576884827856227,0.0017030156545008864,0.00037267900643642686,-0.0005643007496466991,0.0057387361910896375,-0.0019294991126500977,-0.017844138988475595,-0.0024409919203214237,0.01614333157788894,0.01463618966960111,-0.003940585934735915,0.01505798743797098,0.020351839494828862,0.013304383668505657,0.015356373212997003,0.009213857813252947,0.020805366663057337,0.0028276126554088897,-0.018632117124209473,0.00453772485041436,-0.0006212442020845508,-0.0065423256626975035,0.009698166022801434
2024-05-12,-0.0018294802296380294,-0.005693973863188209,-0.0014357417850469844,-0.010573586169321126,-0.0031943527573367464,0.016771017789746868,-0.0007883724265702732,2.8481150936684267e-05,0.002484780995591911,0.012028473936781301,-0.0019132006868332896,-0.042303244855267576,-0.0035233473627572375,-0.0006633120629194506,0.016613140943382985,0.001170269474378443,0.008634892683794543,0.023083615026611593,0.004164494014448121,0.003526804673822317,0.013005909922443628,0.0020383586476554055,0.0028276126554088892,0.0037140260916711425,0.005562460027210937,-0.0002725159324753481,0.0021700965823705275,0.010354454491021924
2024-05-19,-0.0036120149727421123,0.0005468352089367044,-0.0014357417850469848,0.0036049531352019344,-0.00741971792888388,-0.01371663722407383,0.0004194988133951958,0.0001266500918479574,0.003502405954361818,0.008599523559134192,-0.001576885711798317,-0.04568531964526486,-0.003255092087316883,1.5321720160161907e-05,0.014517069279965536,-0.0005296417251672623,0.006752283870860187,0.02372663188574757,0.0035715487751877867,0.002387079211679321,0.013286845200819295,0.0022444104111546503,0.004668406761640131,-0.0159682424015256,0.022375295156290928,-0.000437481991417968,0.0014347408648900028,0.00918754813879216
2024-05-26,0.007604505402902111,0.0011770545332027368,-0.0014357417850469852,-0.0035616338325404,-0.004739194855258052,-0.01577374035386848,-0.05131254184663358,0.0005117138585240176,-0.006884543299719171,0.01169004865088934,-0.0009171543899564014,-0.045966640507561225,-0.003802296263756072,-0.0018812403967816802,0.016131937607022227,0.007060945863662824,0.006688753213435805,0.018682755602709607,0.002179917384426579,0.004236947244534809,0.01211430551524415,-0.001941561333001848,0.004668406761640131,-0.006598843724636254,0.001184851365706851,-0.0007774512029397061,0.001056947430049666,0.006339735650848932
2024-06-02,-0.0036104469782609603,0.04292839539728511,-0.0014357417850469842,-0.013047908324866228,-0.007610184772035344,0.006352164602589983,0.0014867304658193483,9.345854278466629e-05,-0.00813477573843879,0.011480071514279523,-0.0004755122988406766,-0.04717457385117573,-0.003973771102755894,-0.0019102275792333657,0.024213400022482987,-0.016336810659372106,-0.013141257742462054,0.024580616594887517,0.002179917384426579,0.006152702672533824,0.012619483029524014,0.005922738875932769,0.006322600705629792,-0.006598843724636254,0.003968483840058432,-0.0004374819914179679,0.0017361554538588974,0.00896834144492764
2024-06-09,-0.00361044697826096,0.0677573336844175,-0.0014357417850469842,-0.008437382875452646,-0.008439062007165701,0.001188894016082799,0.07867362527759528,-0.0022249238836828424,-0.006368596471501969,0.0037879876692965882,0.004807019485229365,-0.05426492200043137,-0.0035233473627572366,-0.001628623029382973,0.010315728649723667,0.0032606639908481787,-0.012780093657796546,0.02448301643368976,0.002179917384426579,0.014801049273192403,0.01211430551524415,-0.0040811225197531845,0.004668406761640131,-0.008373666580007143,0.0029544120278331186,-0.0004374819914179679,0.0012148128143305824,0.009316824193769419
2024-06-16,-0.004859041085288391,0.05889804212111994,-0.0014357417850469844,-0.009682938208018018,-0.01350463649120439,-0.0053110051694125315,0.0012094429462384706,-0.0015829416970617543,-0.0026444337022371524,0.004391645413284938,-0.016941247587873833,-0.05437720376877392,-0.001764084267153716,-0.0008753020335755711,0.012230610260442403,-0.0005504441513474042,-0.01728297929071485,0.018100597647309695,0.004006014586600382,0.00710296963246268,0.011438192545652813,-0.004680098608707208,0.00337977593969445,-0.010706436087035533,0.00010534319846298697,-0.0007780204663727422,0.0010569474300496666,0.007933887980380316
2024-06-23,-0.00361044697826096,0.05724214147031566,0.012615378895298027,-0.010897546139233029,-0.007860816764570892,0.0064596325821289725,0.0029771257137824257,-5.216615877979178e-05,-0.006871966701287344,0.0005947461876862596,-0.011726698568244289,-0.052623875309615695,-0.0036948222017570576,-0.0018175203406604968,0.012230610260442398,0.0023072184815000414,-0.016997759848006312,0.022686878214489094,0.008942007837361259,0.0050608492356525,0.011438192545652816,-0.0022773615772335052,0.004834918943239334,-0.005991611225176204,0.003125704679975033,-0.0009144421858479291,0.0017361554538588974,0.00931682419376942
2024-06-30,0.0445957358572984,0.005334336244371796,0.005104509451601637,0.026801195002126462,-0.0012543456588632726,3.6990348338889454e-05,0.03847457597765516,0.0005779627558449076,-0.0028504174178561313,0.004953503030707935,-0.0012194569596114587,-0.00828494957544002,-0.001429420270132856,-0.0012800786073878,0.009981549668648032,0.0028853879676915347,0.00023014172581418846,0.010053511145240234,0.003664932807953287,0.010074905836762795,0.008183717752848624,-0.015806757198845164,0.0012636814290475898,-0.005256718193083212,-0.011753739246416288,-0.00069093807769946,0.0005192282045892279,0.00027919149563190355
2024-07-07,0.03342178309576992,0.01365976242258355,0.014278213242965713,0.021846711725601934,-0.0008368580312884985,-0.00336124269570256,0.03714940240363906,-0.0020080079291517903,-0.0028504174178561313,0.005347662292318391,0.0016394572600678494,0.0001829627112318401,-0.0006109926747478194,-0.0010535462383037928,0.011258626908297667,0.0017420715073890364,-0.0001839696343558513,0.015431704922898757,0.002663506019972121,0.01400863965651921,-0.0005301628223606037,-0.010405055322045536,0.00038320740240229567,0.0022077416564538696,-0.0006069943094899812,-0.0012673360016271426,0.0005192282045892277,0.0005619617388885967
2024-07-14,0.03104140705483324,0.0078017108010773936,0.014278213242965713,0.02124181590147172,-0.0008368580312884989,-0.0035019507591916767,0.03847457597765517,-0.001840452662728101,-0.00256565382350692,0.0060547904132617,0.00661090870465529,-0.00026566498945676124,0.00028688495713131133,0.001179587921177136,0.010724884700710043,-0.01022320930385664,-3.087903377627236e-05,0.020590317838570172,0.002161707894808902,0.010394119104308161,-0.001016812477015597,-0.01726217916299404,0.000383207402402296,-0.006867745011110562,-0.011318020630747393,-0.0012673360016271426,0.0005192282045892277,-0.0009549121359229796
2024-07-21,0.0354478080546716,0.011672648833699253,0.010475755638482846,0.0243099764892437,-0.0015255873172700467,0.0010457928063400226,0.03740797996346264,-0.0018404526627281007,-0.002850417417856132,0.0061236902972422805,0.006007938211910821,-0.0025903755043742175,0.0025763805507499804,0.0056502713210013,0.013059484617092103,-0.0004920329229802594,-3.0879033776272374e-05,0.02132613316923723,0.0026227880720902956,0.008030598621983432,-0.0008384482937846951,-0.013097665856453198,0.000383207402402296,-0.005927097269947568,-0.0030628550727793153,-0.0006909380776994599,0.0005192282045892277,-0.00014666766944201325
2024-07-28,0.033790891479249505,-0.03290683916417069,0.007639093683928645,0.013879628455866704,-0.0008368580312884988,0.009306940681409508,0.03847457597765516,-0.0020080079291517903,-0.002850417417856132,0.003152734532632991,0.023655294103052307,0.002410760633680266,0.0027547934142675757,-0.0032502357538692892,0.016152153701607982,0.008608147259523804,0.0002544730147734851,0.016565460405200634,0.006495139377165956,0.019046226037721194,-0.0005301628223606036,-0.01658351524844456,0.00038320740240229594,-0.00753812408797492,-0.00047583217413913414,-0.0009373637538067261,0.0022274621014970308,-0.0005195998710662725
2024-08-04,0.031041261744089346,0.00613503203245708,0.00750914618438821,0.02830193474474064,-0.0008368580312884989,-0.004017199741785598,0.038235441309530355,0.0008702449626614369,-0.0026625172507636226,0.0031251948933237158,0.02258141659006008,-0.0038153830145126718,0.00387813637324196,0.004950406673150445,0.008173987188729163,0.0018685136831132038,-0.0011091833646296532,-0.005764721780712217,0.003118704280864154,0.010617198733495417,-0.0005301628223606037,-0.0018627851154248319,0.00038320740240229534,-0.004927339339315548,-0.015691713165992917,-0.0019459492782178483,0.0025497552739247057,-0.00014666766944201325
2024-08-11,0.03171413778441437,0.010019719153040372,0.006124198524892569,0.020151520575552345,-0.0015255873172700463,-0.004298447759194387,0.037784048936921194,-0.0020080079291517907,0.00020452823296774337,-0.0011016587753757637,0.019952893523555407,-0.018959427006548596,0.003878136373241959,-0.0015970784320940659,0.013399233356998412,-0.011950479351057294,-0.004019214999878143,0.013391108037108728,-0.0006355189052270005,-0.03848519684514764,0.002284041661968437,-0.014876743677756956,0.00038320740240229605,-0.005927097269947569,-0.0020456009057887446,-0.00039138938956017667,0.002549755273924707,0.0002923173219086108
2024-08-18,0.031675882966255335,0.0060648343235906975,0.01466383570806846,0.020904695944670877,-0.0008368580312884986,-0.00405541086918646,0.03647906811082115,-0.0024522871259571506,-0.002850417417856132,-0.002761150281345384,0.01907027577209203,0.0024181493085985244,0.0038781363732419594,-0.0019614574120435653,0.012593085912351299,-0.01057092151603503,-0.001584371949380082,0.006127638506865668,-0.00032672527689027784,-0.04470663736608298,0.0026987612754376094,-0.01658351524844456,0.0013199308888941447,-0.0052567181930832105,0.0016152345438488818,-0.00069093807769946,0.0015237818578756814,-0.0011761273452746308
2024-08-25,0.03237642233478153,0.00830099755726408,0.011305842841678584,0.023206351559875885,-0.0024429153798756205,0.002674507419314611,0.037784048936921194,0.0004988289003986966,-0.002152200989488335,-0.0037843733252086987,0.0192111331078444,-0.026610310984085794,0.00387813637324196,-0.000914060682240502,0.010653980416048876,0.004381548621529255,-0.001455305716254707,0.0069481109846551235,-0.06575541494853937,-0.042971953090122895,0.0044153155790914896,-0.01658351524844456,0.001925686482943902,-0.0061236003595738645,0.0008170382841739916,-0.001513761677734409,0.00222746210149703,0.0002791914956319036
2024-09-01,0.03995108438676107,0.009522367791254264,0.010782487853092939,0.023986297009450944,-0.0008368580312884986,0.0027134094887237303,0.03679131390498663,-0.0024522871259571506,-0.002340101156580845,-0.004183648264024732,0.02035592571339976,-0.0225555472384773,0.00387813637324196,-0.0017349250429595571,0.012046778601192173,0.0007092114782509219,-0.0011310438653088443,0.006751708240078972,-0.03351491431099664,-0.03721644042379093,0.005189523177867016,-0.016583515248444557,0.0003832074024022957,-0.005577281578710281,-0.009943638333087208,-0.001026643850408255,0.0019689969942578386,-0.0014403284493469761
2024-09-08,0.03574060813438696,-0.013801278009956825,0.013260490234778299,0.022240383444721304,-0.000941063698637078,0.0059093526168195465,0.038474575977655176,-0.0024522871259571506,0.0248102501588559,-0.0033534913617915764,0.020355925713399767,-0.031291543906834536,0.0038781363732419594,-0.0013456748289719315,0.010402663173619703,0.001971028469590987,-0.0015134160689341397,0.007790644936327897,-0.034335173754657465,-0.036946426269143615,2.7759724706025855e-05,-0.01658351524844456,0.0020928716297940026,-0.023240146724787258,-0.0095363277858758,-0.0006909380776994599,0.0022274621014970308,-0.001813260650971236
2024-09-15,0.03542752711459395,0.01422119236958314,0.007299677585073174,0.022240383444721304,-0.0006043963592403038,-4.282297772863981e-05,-0.038325009569981215,0.005084759216656014,-0.0017342691832304712,-0.003353491361791577,0.020355925713399767,-0.030344292498822218,0.0038781363732419594,-0.0013456748289719317,0.014643618388384776,0.002744055557554527,-0.0006997950858566568,0.013731879643694943,-0.0339760715382488,0.009043743298696557,0.00020612390793692755,-0.016583515248444564,0.002092871629794003,-0.010315985725198252,-0.0090226234293126,-0.00069093807769946,0.0015237818578756814,-0.0014403284493469766
2024-09-22,0.036761917804355136,0.013819275562137134,0.007299677585073178,0.02224038344472131,-0.000941063698637078,0.002674507419314611,0.05777240369876403,-0.0005143954838364054,-0.005554495121985039,-0.0033534913617915764,0.02035592571339976,-0.029715610390227073,0.0036422190615704414,-0.002189977889033484,0.010162268122696508,0.0014530885428224644,0.0004240712120394012,0.017293836002652094,0.0012844253221678834,0.009257615348136888,0.00325668382250424,-0.032375777772472275,0.00038320740240229594,-0.015884293762385343,-0.008587755121450684,-0.0006909380776994599,-0.003954268235607385,-0.0015920454416195843
2024-09-29,0.008206581832000757,0.004893587704029578,-0.00042722092061246226,-0.004359699785644135,-0.0005395131644332525,0.008595036311219746,0.02444706619186535,-0.0014689608278525795,0.005538036814810107,0.0009241094906285316,0.010240677586484559,-0.005155533560402829,0.0016515290507981464,-0.0019946577088687124,0.008535611538066092,0.0002282495430493197,-0.000938968167071727,0.007320949903220352,0.009944142231379825,0.011890236252243334,0.003800704268000582,0.02397998997081148,0.00042719884603618636,-0.003625575795447952,0.0019160071468580923,0.0002049298861735851,0.0028102956818968233,-0.0005667813181319689
2024-10-06,0.00299727359698045,0.007616017660437532,-0.003725677928319675,0.021828732191334202,-0.0008680304926935957,0.007102297883113628,0.02040567400988306,-6.242864894773076e-05,-0.0014796448687159002,0.0006233741228716598,0.00516841472735205,-0.004580804200747568,0.0016515290507981464,-0.0019946577088687132,0.0043416135213615896,0.0007962416170517382,-0.0012407965878348808,0.006890764085163539,0.00902927559363726,0.012600528575325176,0.00020998024761418672,0.004339951026627149,0.0004271988460361864,-0.003527733205223867,0.001133434478976243,0.0011809013154262865,0.0016676318598584517,-0.0005667813181319688
2024-10-13,0.011491418839377422,0.008474997764092907,-0.0031907174936676524,-0.008722638748382172,-0.000868030492693596,0.0027524726208944454,0.013868919336510901,8.690348535996862e-05,-0.005163575481482,0.0004306074660117865,0.004167342439198326,-0.009062549035849278,0.0016515290507981466,-0.000645222020798527,0.004341613521361589,0.0011257426967598257,-0.001385123255700906,0.003412058128029705,0.005859305571840612,0.012754706537971587,0.00020998024761418688,-0.0008577194006020582,0.00042719884603618626,-0.0030972564313664895,0.0009588583477908976,0.0010422863699979731,-0.04371295477979301,-0.00041958268558774776
2024-10-20,0.005068979616424461,0.006021430158505716,0.0048889310688473775,-0.012732725667366813,-0.0008680304926935961,0.0021896396119177827,0.013453341136400832,0.000673915448888767,-0.0017923561226382506,0.0008077445361815833,0.004167342439198326,-0.01206351354864363,0.0016515290507981455,-0.0019946577088687132,0.004341613521361589,-0.0027281232821910885,-0.0006854811648296049,0.003037323596360269,0.006677326385787153,0.01275470653797159,0.011530706906750081,0.002626835494659482,0.00042719884603618626,-0.0042877272383397185,0.011432303944561155,-0.0013407580823135555,0.000951347794930232,-0.0004195826855877478
2024-10-27,0.012129131348024274,0.0066896885511228375,0.006222932155529831,0.014080183394886849,-0.000868030492693596,0.0022174251386201816,0.0154595160049623,0.0028372057703003346,-0.0015269258263768972,0.0006596117427696134,0.0018704042730207863,-0.013860184376316158,0.0016515290507981466,-0.002267466513105095,0.004837749429848045,0.0018146041793219248,-0.0013543565658339432,0.004184542663388314,0.00977054057266017,0.01381825667269597,-0.0008884423000881709,0.0026268354946594823,0.0004271988460361864,-0.004716086892033407,-0.004973164112566767,0.0010770379225670938,0.0006596004504084231,0.0002474001199364749
2024-11-03,0.0044044392565251245,0.012108042528222403,0.004839438254313898,-0.0071172413715960905,-0.0008680304926935959,0.008718176541163126,0.011281617943729214,0.0024323873215126397,-0.0009909074488168661,0.0015670448332451522,0.010292173548990249,-0.0014086162442415362,0.004214608464285394,-0.0019946577088687124,0.00838456680291088,3.9035141186807235e-05,-0.0022180238499319676,0.0039892500660147975,0.015067737559762111,0.013818256672695968,0.00020998024761418674,0.001082818573170267,0.00042719884603618626,-0.0035751719444075164,-0.0021997557175093916,0.0013425560602906305,0.0009513477949302315,-0.0010694648862793713
2024-11-10,-0.012068884603986259,0.006841827419272242,-0.007105341640578693,-0.0070984086501091614,-0.00032486386695488293,0.0007438324976346401,0.012513790003296188,0.002432387321512639,-0.001668763018913628,0.0008672273113082615,0.013551360376506161,-0.0006659822001157284,0.0008639482576897611,-0.002521231311727845,0.007083610911752054,0.0012492149261237537,-0.001083294834937753,0.002083209898636258,0.006018235162612011,0.013818256672695968,0.00038369804199775567,0.003658804945499684,0.00042719884603618636,-0.003604917618105245,0.011729766695051514,0.00036658463103792914,-0.004389584346005921,-0.001699759667491669
2024-11-17,0.012642409744563985,-5.9810739741497744e-05,-0.009746092364305854,-0.00764025485938177,-0.000868030492693596,0.005773082915024445,0.015133969424909183,0.0003000222644707436,0.006295356537035255,0.0010320235770906235,0.013551360376506156,-0.007859579054487833,0.000815509934356759,-0.002827101647902011,0.0044098996324962916,-0.0008326340549487706,-0.0012792400562413003,0.0049812743420807335,0.015045809501085371,0.016935495075709024,0.0003910919102453971,0.0032711641948559938,0.0004271988460361864,-0.005053432266051173,-0.0043740385639846205,-0.010317048063588583,-0.005342546441154061,-0.0025975640711660554
2024-11-24,-0.020042508085549537,0.0072308763630330964,-0.00974609236430585,-0.006806806986833876,-0.0009731438591485115,-0.0009526802396042578,0.014469692188147053,0.0005361561091756497,-0.0006593091734215088,0.00042514094043099687,0.01312397411588907,-0.001181333947072297,0.0006580643181719148,-0.0015101053803797105,0.010454599550205375,0.0023926877488916628,-0.0013851232557009058,0.004065839329114723,0.014859768653054635,0.016218912575253205,0.0003910919102453971,0.0034993640435198098,0.0004271988460361864,-0.003762430162201345,-0.004548614695169964,-0.005687187730050654,-0.004062438914024543,-0.005007904001811302
2024-12-01,-0.0028057971270584684,0.007759182801587497,-0.009746092364305854,-0.004241109269236647,-0.000868030492693596,-0.0023583129786000924,0.010566934823455536,0.0010787338976764615,-0.006092112016285326,0.0006951561048705596,0.014989246186686612,0.007621980579742004,0.0024674256936698456,-0.002866974535852832,0.0049975529763020285,-0.006364400359897782,-0.0022662709954540125,0.005392080495562752,0.014859768653054637,0.018211387218629096,0.00039109191024539706,0.004023889165823211,0.00042719884603618626,-0.009034697785349894,-0.00046327128986726427,-0.007168477842987061,-0.003770691569502735,-0.005491553612750873
2024-12-08,0.0014894277063720767,-0.002038534664472398,-0.009746092364305849,-0.005181688540168652,-0.000868030492693596,-0.0025875540884179376,0.019260955541454225,0.0031360858716874733,-0.000659309173421509,0.0005977048599774646,0.016136844275915926,0.0031804919192407926,-0.05047465729394373,-0.002613209737230082,0.008444692652016823,0.0023735568943983303,-0.0012091244734685081,0.003931035096121791,0.017623706303900474,0.017633533652364627,0.005272419731173856,0.0019869880226479853,0.00042719884603618636,-0.004351056781454336,-0.004374038563984619,-0.0045572285336390374,-0.004374732416715669,-0.004456549013762966
2024-12-15,-0.012359741626104166,-0.01135038888043856,-0.009912538617832685,-0.004393410468021633,-0.0003248638669548828,0.0009882503194053758,0.015622902767140654,9.13960185303944e-05,-0.0008862088746059015,0.0007321594943135664,0.017802307329053264,0.0020222558317859597,-0.004061765579480254,-0.004935828551688613,-0.0011533507559766659,-0.002916998849067312,-0.00188215160438536,0.005552729272181208,0.012502916276008458,0.01858604671047117,0.004865647993482326,0.0038212524593750643,0.00042719884603618636,-0.0011116151914726763,-0.004548614695169966,-0.004342169459752659,-0.004666479761237477,-0.0045858822168189295
2024-12-22,-0.0060329763232618815,-0.013983766398216841,-0.018271341788110632,-0.0033121291817742897,-0.000868030492693596,0.0017519349563415016,0.020630260257329024,-0.00010479618431695068,-0.0006593091734215087,0.0029773269870360763,0.014552432664659876,0.004504288056176013,-0.04885846571441729,-0.003856991769899247,0.005821686833274939,-0.0008326340549487705,-0.002331583827931031,-0.017406383582448635,0.021044579129084764,0.017889901326758384,0.004966065956135628,0.0030458333824627693,0.0004271988460361864,-0.019423769768631097,3.65351144302958e-05,-0.003419602359521992,-0.005096135424064856,-0.003546175633499565
2024-12-29,0.028136343352368424,0.013576764639929543,,-0.004876453015673767,-0.0005272147891174494,0.003372225990571695,0.004267577671870802,0.0009697947893760309,-0.0007670159449584223,4.5569854830014544e-05,0.004926787072091367,0.010663691155567988,0.03836971735908563,0.001070223178385093,0.01375939543539459,0.000422779509001443,-0.006140485300133035,0.004663027107065339,0.023226652382503973,0.010874177689510196,0.00032241530884033525,0.0017737486114951446,0.0006411734175390017,-0.012448589118344353,0.002691807082891703,0.023093942593918188,0.022618076920486584,0.001013896113884758
2025-01-05,0.0359960123570665,0.010848892747954642,,-0.0032098550501320038,-0.0005272147891174491,0.002657939610363571,0.0037716663957649233,0.0012667635853905168,-0.059639790282573574,0.0024990988747215855,0.0007985300744763425,0.010663691155567992,0.03527908606699213,0.013709996547387734,0.029355371827501787,-0.013399785382204528,-0.006030475982704501,0.005369614815283381,0.016184902506548318,0.011165870345619465,0.004816595666015069,0.0017322816252007037,-0.029552655603789245,-0.023008173099574578,0.0026918070828917035,0.031244085933539098,0.00045041356256822707,0.001570764701000515
2025-01-12,0.0359960123570665,0.025603736451081174,-0.0014074095863071195,-0.0028844410737935925,-0.00022727101836119635,0.001836972911639976,0.005170990906063389,0.0019966017603800447,-0.05942703840328441,0.0012219985653567364,0.004698973032621039,0.010840763882760713,0.035279086066992135,0.0025145510624336315,0.013275688154454218,-0.017910137707331117,-0.006569185640412325,0.0028590313298763677,0.016369299453210553,0.011359647845877062,0.00031766306898610777,0.005144683806211933,0.002189373840873214,-0.010502705458905692,0.0026918070828917044,0.03427247676493312,-0.0043179461909302365,0.0008632366104585336
2025-01-19,0.03935481220039843,0.025462567828910657,0.02379363992413394,-0.00580048788398905,-0.0005272147891174491,0.00033505091306254315,0.006880544097307292,0.0028230297489227397,-0.05942703840328441,6.97316539110005e-05,0.004838606146846091,0.008420278068624403,0.012737475908829326,0.0025145510624336315,0.014049080975412258,-0.023319133655307186,-0.006569185640412327,0.0028590313298763686,0.015363359508993693,0.007973318343429984,0.00031766306898610777,0.004289203889875594,0.005799953909372784,-0.011471966439272311,0.00519237640059492,0.02934774581643829,-0.0034187268430119085,0.001570764701000515
2025-01-26,0.03983413785444363,0.025082535502731696,0.030842808723332057,0.011796944880858688,-0.0005272147891174494,-0.00017216880017958364,0.005092384305499386,0.0016769125320452995,-0.05880113027961432,0.0017797070543182417,0.004574053868324229,0.01060924010075537,0.035279086066992135,-0.00735163631130126,0.01678194403237341,-0.013175313303524111,-0.006854648272750726,-0.01172728495613101,0.021178254830540352,0.01254036324555042,-0.004570840753872547,0.001032515038429133,0.00682928843210251,-0.011215113494148032,0.006116162838463861,0.032397687035400656,-0.0045210683125927395,-0.0034882559051362433
2025-02-02,0.039834137854443626,0.023655172445508604,0.06524806188826396,-0.0048780010180745756,-0.0005272147891174491,0.0044764038613688,0.005052928337058069,-0.0020967683703763274,-0.060338559891632525,0.0003646208063799018,0.004338793005521261,0.006511195256584762,0.04397430707117422,-0.016193751144142635,0.016467031328014508,-0.023225153219158457,-0.0071396200606406255,0.0035378188437068404,0.0063803832276625285,0.019550568135542946,-0.0009177293206057147,-0.0014385634426366046,0.008438231843397594,-0.011278153995575847,0.009526813076080878,0.02078037301476565,-0.0043179461909302365,-0.005870663272610336
2025-02-09,0.04455445288999374,0.0170853207922922,0.057844619703083945,-0.003344861522185518,-0.000548167993852682,0.008041338675959199,7.065088984750994e-05,0.001964593882847629,-0.06907839124230751,0.000658095442862462,0.002872209670868524,0.006040562303497892,0.04811739282575182,-0.05355327638090638,0.018370955311598807,-0.019454210160451634,-0.006759365211095766,0.004746181836540511,0.002478706535382708,0.01851057384869396,0.005698079790043949,-0.0014385634426366041,-0.027560294223129063,-0.008685136390302184,0.003602017115454218,0.029317880423291004,-0.0028145945481771743,0.00022264626212786158
2025-02-16,0.07546172703311811,0.015109161942977843,-0.023427990629143868,-0.0019010133799636886,-0.00022727101836119633,-0.006545256294526696,-0.002211431374128718,0.004558781226046759,-0.0827851601387168,-0.0001058616957093482,0.0035821906624703475,0.006309989629729642,0.04811739282575182,-0.04993534112896736,0.014655855663014744,-0.010474944052309613,-0.006094195256852278,0.003898573479724197,0.0011720523485057785,0.007645257032373447,0.0009713011150391958,-0.0029010776387138853,0.00012854784810771596,-0.008936050742775637,0.0026918070828917035,0.018795992789771326,-0.0034187268430119085,0.00043175632597793024
2025-02-23,0.037963602458188,0.015188583117350656,0.00417099631008166,-0.0053258562656107004,0.011901079282611906,-0.013356132187397672,-0.002661545116114936,0.002450429020789392,-0.08640600822706078,0.0004579009192839029,0.004040539258598503,0.006390188664876348,0.014743379579363164,-0.05355327638090638,0.01702282867528849,-0.018341992895426908,-0.00635786688277365,0.004664341578897223,-0.00025004727755170193,0.0077916859961412776,0.0007936862262542907,-0.0014492379983041864,-0.003665487144114918,-0.006808681284806704,0.0036545986358406785,0.033370365000291585,-0.0028145945481771752,-4.5057088000121164e-06
2025-03-02,0.04425555684380334,0.014490474184101954,-0.003999687075746311,-0.002136506282337,-0.02603420154642762,-0.0016756132733502333,-0.0016201252593473431,0.0018892644362046417,-0.08640600822706078,-0.00010586169570934787,0.00589177507618176,0.006150840654225955,0.014457105796217753,-0.05355327638090639,0.04522355751290594,-0.015053659953038003,-0.0063578668827736495,0.003830288053303333,0.0003385823225242317,0.005187755940039207,0.0012769307992216796,-0.0014492379983041864,0.0013194854014047705,-0.0064522133497693455,0.0026156252381956224,0.03031626627853974,-0.0025152224209537555,0.0010221789203912735
2025-03-09,0.03736998059027952,0.013231915574559334,-0.004265283493522339,-0.0025870360185425312,-0.030035914128229063,-0.015407183685341653,0.007188103895674075,0.0037909302095999265,-0.09633745236299934,0.00018289952982364954,0.0039647205754216016,0.006150840654225957,0.036193603624698166,-0.05355327638090639,0.016458101843758195,-0.012540244922310794,-0.006357866882773647,0.0026746589111454385,0.00033858232252423223,0.0006878064272207673,0.000384628596412723,0.00042622772880500387,0.0013194854014047705,-0.006297947778325798,0.0036545986358406794,0.027747499190605464,-0.002515222420953756,0.000168239573040555
2025-03-16,0.04483924239133664,0.017790266929877997,-0.004265283493522339,-0.0019001025796170968,-0.029499445418941783,-0.0014388492500754051,0.005200194117507465,0.0016177543829003136,-0.10013554031424855,0.0013351664412693859,0.005731719887169147,0.006129646897409842,0.036193603624698166,-0.05355327638090638,0.027881521608039205,-0.01213725035172482,-0.00635786688277365,0.006891861194323286,0.0010712651917894967,-0.008588876042074329,0.005595028091801494,0.0026894503484773207,0.0018237899559482296,-0.006403501360889706,0.001455362581435005,0.029730271744569485,-0.0025152224209537555,0.0013851843457033828
2025-03-23,0.0359773644502884,0.01591048157978857,-0.004062805421039187,-0.002752832183063846,-0.028847253416655907,-0.006464025592910725,0.005592473437509427,0.0028230297489227397,-0.1015923298246636,0.0002790095107691968,0.005058716927093941,0.006317128014936768,0.036193603624698166,-0.04659075005924622,0.013579817985834375,-0.015417620827190774,-0.006317995924816545,0.008450902223487778,0.0027973576695464997,-0.008588876042074332,0.0034680503314202128,-0.0020922805242214503,0.0006411734175390014,-0.0016239394313719816,0.002313300359376486,0.029511870144694596,-0.002515222420953756,0.0005046837470457498
2025-03-30,0.0022572218398250674,0.0047240678270247605,-0.004062805421039189,0.014146537869175078,-0.0004767752597493665,-0.004944756874830705,0.007945356334073337,0.0019527032234103517,-0.015562869582445207,0.026671065539282238,0.00541048999157725,-0.00039462045109344443,0.0019453338825927442,-0.00038867054283884037,0.01319272218386394,1.0296723104813253e-05,0.0006198277022292097,0.004363547973937839,0.006010495194447152,0.0051225407000433446,0.0006730134292800084,-0.001801244446381554,0.0004445339379984676,0.08900896149124077,0.003483838271509417,0.004101694971393713,0.0006767723278306156,0.0015148498484546626
2025-04-06,0.002691416204696813,0.005272758487126304,-0.004062805421039187,-0.0030668593700904152,-0.0004767752597493665,-0.008089694544328317,0.009038395589046006,0.0038957496621212966,-0.011507796044968543,-0.005771330850778345,0.005410489991577248,-3.4501268344205886e-05,0.0037383508594322416,0.01128318932576844,0.015252758590139599,0.008777456139138173,0.0011204917665406107,0.003969701970737777,0.006260122085892919,0.004911825315347472,0.0010539078354889313,-0.00023718494414852324,0.0004445339379984676,0.00011048915464390318,0.0034838382715094178,-0.000463671322394368,0.0009065907259471657,0.001401636291132586
2025-04-13,0.0029827075476945163,0.0038107921881152074,0.003351259445744001,-0.005177808109776904,-0.00010018789105550745,-0.004733653303043714,0.007482457168969454,0.0034542134467309103,-0.009263558134166402,0.015503387382013028,0.00541048999157725,-3.4501268344205926e-05,0.003738350859432243,-0.00038867054283884026,0.012592278822146743,-0.0030380479603414573,0.0022430592821488563,-0.010044955514791539,0.006260122085892919,0.00491182531534747,0.0005185780796776915,-0.0004448959180686169,0.00044453393799846736,-0.0010813416776384185,0.0016147809013317585,0.002617258450511546,0.000955666111849968,0.0035656176860681755
2025-04-20,0.0029827075476945154,0.004618585323474783,-0.001682076918870156,-0.00401388793844141,-0.0021065940277038707,-0.001635684784309247,0.0056991699345154915,0.0014101744486505155,-0.005356424935368083,0.02527178134125426,0.00541048999157725,-3.4501268344205926e-05,0.004911324874052338,-0.0030800512048918443,0.022651508356182955,0.06832656526366676,-0.00040560432651769467,0.004280961230344491,0.0053038927312599096,0.0050635320746072,0.0008316075953657453,9.452921655320152e-05,0.0004445339379984677,-0.0031189821687251833,0.001769067476438399,0.004122349435771435,0.020072848751109942,0.004734650720457991
2025-04-27,0.0045094342865204225,0.007292397145204509,-0.0028219596208311063,-0.006310334157762645,0.13411859648937513,-0.005025250793014996,0.006961926985966228,0.012047999352006613,-0.002791059006787454,0.026551437685468113,0.00541048999157725,-3.4501268344205926e-05,0.001284672357778813,0.010546748309963225,0.00958270522437047,-0.02489600757168983,-0.0017258037458656229,-0.005149102655093902,0.007146262522670077,0.053151563472803434,0.004784976812321923,-0.0004448959180686169,0.0004445339379984676,-0.005745117334058159,-0.00125071916319616,0.0036046551760509356,0.005304119477108361,0.0019147929390413469
2025-05-04,0.002964376723027946,0.005341731140042282,-0.0013963921013028426,0.013258991823834491,-0.010662532618870872,0.0030800555255544792,0.004796934725460534,0.008583968499424147,-0.0027910590067874524,0.027345911261730808,0.005410489991577248,-3.4501268344205926e-05,0.0019453338825927437,-0.0003886705428388407,0.010742255802851389,0.00864008944127339,0.00013291391803439708,-0.006237608086495492,0.00982850267091579,0.03354929956850164,0.005033013318224808,-0.0009511527758327333,0.0009415035866762316,-0.003947029015133367,-9.175872291226983e-06,0.0030547132458032065,0.02283706920620235,0.00043327495695606277
2025-05-11,0.002964376723027946,0.007893820548619085,0.002061676427447475,-0.006683434294397598,-0.003906855096491361,0.006394256721678235,0.005636868327643192,0.009162837878423391,-0.002791059006787454,0.02392761248947732,0.056453205540234655,-3.45012683442059e-05,-0.002492369343596501,-0.0035409297476953266,0.019493496494420413,-0.0034532723637711615,0.0003913313169732879,-0.028246990397062112,0.009053641542124428,0.031145696810855942,0.0062714881792356215,-0.00035648346844312744,0.00044453393799846774,-0.004312683845938882,0.0034838382715094173,0.0030547132458032065,0.022068164036712513,0.0014016362911325863
2025-05-18,0.0029643767230279464,-0.018838682386777605,0.0037564974769681847,-0.0021874173631331833,0.003566688067811717,-0.0044679514131387875,0.007731381972964893,0.009190705597577826,-0.0027910590067874537,0.015344597591992533,0.008913519092463332,-3.450126834420597e-05,0.0019453338825927437,-0.0010876895357783342,0.031141298436633123,0.004025636290148355,-0.0011181506744946028,-0.008522586673234965,0.00971177883906122,0.04085649423273512,0.0018626694249618528,-0.0013423217388205883,0.0009415035866762317,-0.003947029015133366,0.0029432626675936643,0.002345641142256504,0.0008408818355064033,0.0009600650986036614
2025-05-25,0.0026386573122556423,0.04231914690206751,0.0074624984574031715,-0.003742886403584056,5.807658364925998e-06,0.003707096758479675,0.0029799483952885164,0.00936883893398447,-0.002791059006787453,0.023787053308935383,0.0075654958683834235,-3.450126834420586e-05,0.007680771869703129,-0.0027590860656338655,0.023152892808189492,0.004748727020373701,-0.003121291920684035,-0.009548346483869354,0.014522718741048131,0.004760797238399443,0.0021098906390003822,-0.0006761453681039745,0.0004445339379984676,-0.00439571317625638,0.0027780584836403456,0.004006767244945261,0.0008408818355064033,0.0008673471642385473
2025-06-01,0.002737193985818355,0.008484929341490768,0.013322137836106307,-0.002187417363133183,-0.00031560629336702307,0.006605360293465225,0.005205255370048155,-0.0016780474840303746,-0.00056304045398695,0.024569655233220924,0.020717363335343967,0.0015946022618352521,0.007680771869703129,-0.0009888690112300972,0.03409053612344503,-0.004936715749976473,0.0011326042187887536,-0.008522586673234965,0.007309559419857623,0.006679685544467737,0.007477713727521323,-0.001801244446381554,0.0004445339379984677,-0.004271968881886859,0.0033905230448327633,0.003442834702127822,0.0006110634373898533,0.001507569763697427
2025-06-08,0.008072360256040226,-0.006891611168791775,0.003503937532616372,-0.0016512910015136898,-0.00031560629336702307,0.006270254356325801,0.004129357978474721,-0.0008300665506505415,-0.0023059983333515287,0.02437614537067098,0.02818405966052759,-3.450126834420592e-05,0.007680771869703129,-0.0027590860656338655,0.011284127014906706,0.006617254366446133,-0.01617766052127301,-0.01052748928250978,0.0077816535178358735,0.009096562982559245,-0.02188485266727686,-0.0020089554203016474,0.00044453393799846774,-0.0024812027826141957,0.0033186340875561004,0.0028928927718800913,0.0005619880514870512,0.0011057768405140231
2025-06-15,0.009051517961904702,0.0034791156813552384,0.006569638226540576,-0.004447212321707272,5.807658364926009e-06,-0.0018018727802232423,0.004473849702363134,-0.002919955328517796,-0.0048825909403185765,0.02519839678156445,0.02077600376518699,0.00017175027964368427,0.004214653356541577,-0.0013126251912265886,0.00824656923828244,0.0037633422861086158,-0.01595096077225629,-0.009034231288739052,0.003272069722278384,0.046109883506157565,-0.023832618850358436,-0.001801244446381554,0.00044453393799846774,-0.002437728944145098,0.0025408020065556965,0.0028928927718800913,0.0008408818355064032,0.0009600650986036614
2025-06-22,0.009419687274269034,0.005478246958690322,0.0074624984574031715,-0.00027891734441557175,-0.001429278000337235,0.003203241511094298,0.0035375127929427397,-0.003415582100334612,-0.002527746818699979,0.021921440825931934,0.005982051175237518,0.00012985629567974975,0.0039914120012048745,-0.0008517466484231055,0.014387981950628523,0.004868193673758558,-0.01597201392484266,-0.014500583680344696,-0.00021738659975167757,0.027881018486456043,0.0038700290610650355,-0.0018012444463815535,-0.0145378648327583,-0.0025654573662194174,0.0033905230448327633,0.0034595156153216723,0.005560332450227256,0.0021362032456558266
2025-06-29,0.001072150557807148,0.006073998367795261,0.00703333322746595,-0.001957034646516925,0.00013559654444164528,-0.008757375981441617,0.005995528344389064,0.025872198838918156,-0.002286750834887501,-0.04589977087049772,0.003841544391620795,1.3001294424594398e-05,0.0035962627043857713,-0.0006578815172850183,0.02024725604716012,-0.0034001888125556514,-0.00010396956940524018,-0.00931205919841664,0.007176673707219214,0.007653596760677852,0.003927277958940669,-0.0005270137657015663,-0.051434198011863545,0.00211878878344714,0.0010060371606187637,0.007235449470464962,0.04532833882344309,-0.01123988220375404
2025-07-06,-0.0001649040038985578,0.008277304315867177,0.007323318455193704,0.006402943223955583,0.0008987878607363467,-0.00488248686233452,0.006047786361018699,0.04634468467164038,0.0009265824701769712,0.023901664866483464,0.010985890302019345,0.018052244480148444,0.02507406121399617,-0.02627928146642397,0.021374448881098847,0.013106506916223675,0.0014699011941053176,-0.025809337395393657,0.014144559257618148,-0.004913386320159792,0.00408796652362049,-0.0010579622715865226,-0.014000740584823302,0.00016020504895166308,0.010051614510688726,0.007790362193863995,0.0015429056637518226,-0.005610771816822085
2025-07-13,0.0039183249203931705,0.008755333268207995,0.04984301948675635,0.0105527107046832,-0.051162194040178736,0.003178148884758508,0.006335525843325996,0.02695875214826614,-0.0011283679658517132,0.01439710443560031,0.008161516457266082,0.02252982580984661,0.01793331928357634,0.004061230644042599,0.020506583300252505,0.015777317836025994,-0.0009369439578552242,-0.004264969006205894,0.001600846922565641,-0.005762204575065638,-0.022611406845545683,-0.0008798671331221952,-0.051434198011863524,0.0027563720779838308,-0.006752219140881985,0.007058761365236608,0.0019576841432255056,-0.06302088440136558
2025-07-20,0.0039183249203931705,-0.0015148799356234247,0.027427084203213808,0.005005501728262163,-0.051101642150499005,-0.0064028528131024765,0.004479826520968982,0.04264427667171382,0.000463759499643797,0.005098778757897577,0.037190680069389144,0.0008389444744969776,0.0182479660239246,-0.00040795550246766567,0.019257661449727344,-0.0021032462613410157,-0.0067468093650522865,-0.01123657947335843,0.014903830090723649,0.010417884375643123,0.0024100350896678092,0.0004366432238807931,-0.054450629514385805,-0.00015471632359814215,-0.00029951419906980206,0.006503848641837573,0.07663107035926606,-0.0068252168074845075
2025-07-27,0.003918324920393169,-0.02345474114863891,0.040407567450953856,-0.004050609343732332,-0.051525947184954825,0.0031084591998216168,0.006133774132852163,0.04917844388625975,0.0017530746000814527,0.02003193427436113,0.04203651405140134,-0.007300666206998813,-0.009797217694847817,0.008358596633382658,0.024583266677166645,0.04027817015762421,-0.0010910292940365313,-0.010849868407787424,0.009073934982548106,-0.00904321587585264,-0.010800023865322974,0.0009234181817509326,-0.045401335006819,0.0052359171095035,0.006754312266474354,0.006503848641837573,0.037549172742693704,-0.008327062539417228
2025-08-03,0.0039183249203931705,0.011357694274682764,0.051015400575470625,-0.0024629790214953907,-0.05390561241480898,0.006596239247627529,0.005096680733405678,0.043718459430318074,-0.004589772735892351,0.02051177751427117,0.024980527409742406,-0.00846695681529381,-0.04311427370662856,-0.026911073160469715,0.020646039027298477,-0.0090231260062259,-0.001660407183778135,-0.012313523656803651,-0.02000187349331943,-0.011599394005398072,-0.013625068429776992,-0.017915040132812317,-0.05445062951438581,-0.004434848486021321,-6.942688511548853e-05,0.005723656529966251,0.015203415403963081,-0.002859446998079904
2025-08-10,0.00391832492039317,0.020167343752900115,0.026949249520335398,0.01276871869963363,-0.05110164215049899,0.006446824366374769,0.005378873596362558,0.04672096482590264,-0.010330103385409819,0.014770379207722124,0.022229442440673503,-0.006628298978486439,-0.04719464955523736,-0.0012267381490881826,0.05550360509575036,0.0038657149584819823,-0.0028861162916266826,-0.009328949208701054,-0.014735151935591398,-0.02484209661539178,-0.02441352058673447,0.015798781549272615,-0.05445062951438582,0.005186481662084183,0.0009591788512283622,0.005727761465320912,-0.03291538853177348,-0.0018557645025818487
2025-08-17,0.011933298883971898,0.007709124412864969,0.02853764504257152,-0.0014309962554656707,-0.05040865807204124,-0.000992111630345385,0.005096680733405679,0.02440505156867371,-0.01785453757960467,0.019964375399646846,-0.015057586945345335,0.00703088593051792,-0.05746247954328304,0.0022177520079306938,0.01808977106779129,0.0010237593754288995,-0.0023581593064723105,-0.009328949208701054,-0.015432451630893686,-0.010477764715899762,-0.01038779855245426,0.0005254268672019449,-0.02334361325042338,0.00033518745031077654,0.0027620700365118094,0.0048544391118106245,-0.0357557895236235,-0.0018557645025818483
2025-08-24,0.011933298883971894,0.0076862144271332925,0.028605426780502718,-0.003857856386868627,-0.049550577494699787,0.0031880605585002707,0.004670720666850977,0.04359851806337241,-0.017542995737149535,0.02112514518711024,0.04457030033852428,-0.00704310983581102,-0.042293896366115684,0.007864610130828772,0.023683993411291408,-1.895698038008733e-05,-0.0029931158212887304,-0.008134962832642529,-0.01611382020976739,-0.010069956987195039,-0.011378342399414623,-2.520735308229096e-05,0.0009714451107011271,0.016065224953554204,0.0027623988323645194,0.005706899023767879,-0.010290817688404558,-0.004456610239307898
2025-08-31,0.0112861685931706,0.01390263079918846,0.027982819579138254,-0.0016933266586976106,-0.0507196826085846,-0.0025337167367116492,0.005851581269895285,0.047974404385827014,-0.01754299573714953,0.01934784504074705,-0.0034415521670754633,-0.007015748252446945,-0.04778151245487461,-0.0006578815172850186,0.02703846644168257,0.0029999853079647975,-0.0017634202461606879,-0.009328949208701054,-0.015986702774869636,0.0027574281882511934,-0.017088336958178577,-0.0034521602063904027,0.0009714451107011271,0.0008273431861987644,0.0027620700365118094,0.006077891681951613,-0.010958016360857335,-0.0057843582044231415
2025-09-07,0.013345549437409116,0.007167526264188833,0.024372567075400097,7.920283900667572e-05,-0.053463100983214856,-0.008449124104490429,0.004905786587523684,0.04466306945969206,-0.017167172323341123,0.017151401848878443,-0.0037027208559129465,-0.00754464192596043,-0.05093600059849217,-0.000547996457433009,0.02632171684192187,0.005350944709447861,0.0009361440843928281,-0.007637194194356667,-0.015986702774869636,0.003605543692577477,-0.016442831853804594,-0.003153307045904151,0.001459888000098239,0.0023972558184959247,0.002833620580048028,0.006184979329636562,0.002760117332961518,-0.004456610239307898
2025-09-14,0.011933298883971898,0.0031192969163941642,0.028418649464094347,-0.0034661832652221657,-0.04999063957072156,0.00301532763630155,0.005522820670856337,0.04601478915376312,-0.017167172323341126,0.017551217950312187,0.006568032518447137,-0.007399765133679289,-0.0881448394347986,4.036044202574948e-05,0.026680584990523268,-0.0033539162926986697,0.002566327801311017,-0.008566836772896477,-0.015986702774869632,0.013351925961542672,-0.010312374029251588,-0.0024884668475229042,0.0009714451107011272,-0.004672912218057457,0.0006276479589989065,0.0062257588352794225,0.002236564200515765,-0.003928206494507316
2025-09-21,0.0119332988839719,0.005741909985999946,0.028219851769688286,-0.002165830411115446,-0.04955057749469979,-0.000745364686739785,0.006221225016117407,0.04642013829609032,-0.017167172323341123,0.018849397806292707,-0.009902654410649104,-0.007399765133679292,-0.04651918402053467,4.036044202574942e-05,0.030563414364138498,0.004787935437894768,0.002711672589110087,-0.010910677744447648,-0.015921731024707005,0.018084830363785685,-0.022571725576211055,-0.003663207414980139,0.0009714451107011272,-0.004770921491269411,-0.00037073594675331,0.005796389802098052,0.006588381193656463,-0.007264002932399749
2025-09-28,0.00046552802507447406,0.01393519691296524,0.027919071776927807,-0.0005762225032510484,-0.0015549871580706537,0.002674463066005503,-0.004628329435888157,0.0062170845768056635,-0.002101133655184623,0.0040306909896945815,0.0042097549721437305,-0.0007905691132508286,-0.010792070707669785,0.013500738868724707,0.023696194023416387,0.012200282563838937,0.006470866275511799,-0.0016035295546912487,0.006780712029023245,0.009251812780015179,0.01003649616658251,0.0007648852537607316,0.0006211430068855019,0.0006564327194292809,0.006955732285525823,0.006636199320051318,0.0022092252749997044,0.005709920303137295
2025-10-05,0.00046552802507447406,0.016231866233337847,0.05203936118470074,-3.7055992859287065e-05,-0.0015549871580706539,-0.0013906148032317494,-0.0005633623833320771,0.006425290739889171,-0.0027858440524367667,0.0047388692098719615,0.03733106928437702,-0.0400576763013257,-0.008191948765163498,0.0005613944576785996,0.029787221108054752,0.01597169695316969,0.0064708662755118005,-0.0005749682542965352,0.006121868295868635,0.010235796934247553,0.008604259976524331,0.0010982810866215322,0.0006211430068855017,-0.0004345827513859812,0.00019199588073429212,0.0056753984833263485,-0.006123030014869266,0.0012402218638067513
2025-10-12,0.00046552802507447406,0.010456929792018899,0.004192228687884966,-0.001016911707851981,-0.003060637834184518,0.002475944995215671,0.0033380835858678997,0.01034773121491183,-0.002252707240115389,0.004485696170853448,0.021346191278039252,-0.04160232011423684,-0.009929624789672542,-0.000844696611677148,0.0010469811866299244,0.013346133593191782,0.00814445732368961,-0.0022599805845159924,0.006728566271000911,0.016718873107614343,0.00011170182357906629,-0.0002924583667400563,0.000621143006885502,0.010984239426966795,0.010999117035257036,0.006636199320051318,0.0015569680335759542,0.002058660918332216
2025-10-19,0.00046552802507447406,0.010788354983332613,0.014392655141326469,0.00025052166207312177,-0.0019664301452373854,-0.004750420655536572,0.0020274682649042298,0.007201748754940476,-0.0022527072401153894,0.006370359947309534,0.021346191278039255,-0.04008709366321812,-0.009929624789672546,0.012755628959994002,-0.0188479736842028,0.01890494774412023,0.0064708662755118005,-0.0022599805845159916,0.006728566271000911,0.009703468607229197,-0.0017711241333322645,0.0013121600437447278,0.0006211430068855019,-9.699172310054853e-05,0.004613001038798841,0.0067794891161995245,0.0022092252749997044,0.0031296191345790286
2025-10-26,0.00046552802507447406,0.016575403257461468,-0.0012830709970689357,-0.001041713969473214,-0.0033254768082965984,0.0024455898583379955,0.002609289056645219,0.010091433149038868,-0.002252707240115389,0.005457471282565514,0.024066816740214592,-0.03985627453014596,-0.010687593789529942,0.025387324238922995,0.02954971259094322,0.008543759124010123,0.006374679657048694,-0.00246306656919524,0.016165191469851875,0.010804797865352912,-0.007225115107392273,-0.029329539598601163,0.0006211430068855018,-2.2225787743567342e-05,0.0026101849239505504,0.006865104291849132,0.0018093137591763688,0.004070881789707732
2025-11-02,0.0007870556433728122,0.02233735260769012,-0.0003821584895339583,-0.001324660533580772,-0.0015549871580706537,0.0028395736433111606,0.0013666797211310026,0.007596685553343408,-0.0021011336551846225,0.012931429721892625,0.021061773040877023,-0.03690710502063809,-0.006953262108080115,0.0027241582783478504,0.010819071852118764,-0.0010600864869482497,0.010472682495226735,-0.0023120543810956308,0.012076304757098725,0.014183836409682462,0.006307741879423568,-0.039503559859960236,0.000621143006885502,0.01444379958555793,0.001763000740244853,0.006176753118362857,0.001925724797013182,0.0011612077958645906
2025-11-09,0.0007870556433728122,0.016298382016146182,0.0019268118974557393,0.009455552891744271,-0.000808669958467873,-0.005378310155375516,0.0013478513730427757,0.006691264331122714,-0.0022527072401153894,0.007309568959492101,0.02063423211755419,0.002027108621536733,-0.007462052911182083,0.004894207460686479,0.021213957118922534,-0.002022606152309195,0.01191450674338118,-0.0011189208181555037,0.0067200557236327604,0.007447443891647345,-0.005686034543401805,-0.03105535760992297,0.0006211430068855017,0.0013688444024014359,0.006862762650886343,0.007892257557783054,0.0022092252749997044,0.0020528429611472113
2025-11-16,0.00040357411859176376,0.0188009319854664,0.0015585937565656186,0.00034215424733533196,-0.005291802107891751,0.0019317222638318829,0.0019390569627977313,0.00689947049420622,-0.0022527072401153886,0.008455291634408217,0.03431440121170008,-0.04160232011423684,-0.011642644477317849,0.0008131043711675219,0.009499231571534844,0.006253931232801907,0.01025988513302512,-0.002904872358368223,0.006369071735799634,0.00942195503501683,0.0062887986102425466,-0.028149186035164232,0.0006211430068855017,0.0012036824515864728,0.0010867640012760672,0.007619807894544358,0.0022092252749997044,0.0069049786655593585
2025-11-23,0.00046552802507447406,0.025088728789870257,0.0011506448679720687,0.0015050963417125155,-0.002432774839557684,-0.0034297291695449656,0.001939056962797731,0.006691264331122714,-0.002252707240115389,0.0068469065951381755,0.04019341140453515,-0.04005767630132571,-0.010545733396075022,0.000658524253387345,0.012634101098749921,0.009208467863005814,0.011832618417287175,-0.0022599805845159916,0.006369071735799634,0.008555554906249064,0.005432506073612181,-0.04083970402094395,0.0006211430068855018,-0.00797185047536045,0.0003515445710729696,0.006987603813227184,0.001556968033575954,7.762049557363269e-05
2025-11-30,0.00046552802507447434,0.02530882291489405,0.00865391718458993,4.256229626248198e-05,-0.001966430145237385,0.002810847149305558,0.0021907517356603424,0.006691264331122714,-0.002252707240115389,0.006696407935738527,0.04614257337165642,-0.0400576763013257,-0.010331992574466065,0.0006585242533873451,0.024697157387364874,0.004037323455668706,0.011569983109069275,-0.017639194011864104,0.006769923075385368,0.008023226579230712,0.006058092703252063,-0.03315275023460147,-0.000410120659574918,0.007284428539533939,0.005279225016751274,0.006911998620242089,0.0022092252749997044,0.003401146908073678
2025-12-07,0.00046552802507447434,0.035415252495100163,-0.005224037669655571,-0.0017894213365992322,-0.0019664301452373854,0.002839573643311161,0.001939056962797731,0.006691264331122714,-0.0022527072401153894,0.007798555949576493,0.03838404396283651,0.0018126115996381484,-0.01046169452683394,0.00016889624568180192,0.014777335964970127,0.0013248239706662474,0.011603334038430677,-0.00012074575447284925,0.007653670509620074,0.008023226579230712,0.00557752503515438,-0.024402374667238425,-0.00041012065957491816,0.019611085196194106,-0.0018251476449314802,0.007600349793728363,0.0019257247970131822,0.0032976705402190075
2025-12-14,0.00046552802507447434,0.025450780690363047,0.0008155270247505923,-0.00048816812710943244,-0.0021357185118622414,-0.006140665846913925,0.0015804389245621512,0.006816049133293581,0.016601742902722993,0.008535105422137444,0.008257886203345327,0.002027108621536733,-0.009401084596578098,0.0006585242533873448,0.014390837557271434,0.003073504240958151,0.00717403635535967,-0.0006951121713138766,0.01791905581098703,0.009608522912731983,0.004497365889779826,-0.027339012236828372,-0.00041012065957491783,-0.0021347721692153536,0.0017031079118272944,0.007327900130489664,0.0019257247970131822,0.0030367390602907586
2025-12-21,0.0004655280250744745,0.030256185589632757,0.0018908743836701443,0.000618437313854627,-0.002135718511862242,0.002157935448927287,0.0019390569627977308,0.00725795807624643,-0.02543627984867257,0.008535105422137444,0.010260207273254813,-0.0039280215784798875,-0.008157666066106871,0.013528624395217332,0.0235058283382888,0.006998809827321654,0.0061625206744933625,-0.0020001073731972466,0.005813227737671392,0.013365825601246098,0.006846331576150565,-0.026001905404701982,-0.0004101206595749181,-0.004071407422584013,0.0029252667746339895,0.007600349793728364,0.0022092252749997044,0.002876548754483225
