,CONOIL,CUSTODIAN,DANGCEM,DANGSUGAR,ETI,FCMB,FIDELITYBK,FIDSON,FBNH,GTCO,GUINNESS,JBERGER,WAPCO,MANSARD,NAHCO,NASCON,NESTLE,NB,OKOMUOIL,PRESCO,STANBIC,STERLINGNG,TRANSCORP,UACN,UBA,UNILEVER,WEMABANK,ZENITHBANK
2021-01-03,-0.006140005774796009,0.0007519886712543666,-0.005753740668296814,-0.0010504093952476978,-0.003338685492053628,0.0012965081259608269,-0.006390874274075031,0.0005559371784329414,-0.0068306452594697475,-0.0002475082583259791,-0.0048834411427378654,-0.0011127846082672477,0.009558770805597305,0.004256919492036104,-0.0029873372986912727,0.00030982226599007845,0.0013184332055971026,-0.0005992510705254972,0.003990300465375185,-0.0010149599984288216,0.0002775584580376744,-0.0037526509258896112,3.8916172343306243e-05,-0.0032918972428888083,-0.0023067924194037914,-0.0014253316912800074,0.0019892880227416754,-0.005191228352487087
2021-01-10,0.00017761936760507524,0.0007519886712543666,0.0029820657800883055,-0.011049042455852032,0.00032720903982408345,-0.01472459640353918,-0.005423449445515871,0.0005559371784329414,-0.0068306452594697475,-0.0002475082583259791,-0.0048834411427378654,-0.0012431222712621093,0.009558770805597305,-0.0025670367758721113,-0.0029873372986912727,0.006121876649558544,0.002180699026212096,-0.0005992510705254972,0.003458080580458045,0.005397449247539043,0.0002775584580376744,-0.004487700294703245,0.00153118628077209,0.0034180982038378716,-0.0023067924194037914,-0.004731804132461548,0.0019892880227416754,-0.005191228352487087
2021-01-17,-0.006140005774796009,0.0005722998175770044,-0.006601205561310053,-0.011049042455852032,-0.003338685492053628,-0.000607137568295002,-0.007964917458593845,0.0005559371784329414,-0.006318582221865654,-0.0002475082583259791,-0.0020406299736350775,0.0050598494708538055,0.009558770805597305,0.013625205494463444,0.0005311454879119992,-0.00918992143124342,0.002180699026212096,-0.0005992510705254972,0.003458080580458045,0.0010842063929885626,0.0002775584580376744,-0.0041387565433979034,3.8916172343306243e-05,0.0033190834801644087,-0.0023067924194037914,-0.0014253316912800074,-0.001522171194665134,-0.005191228352487087
2021-01-24,-0.006140005774796009,0.0007519886712543666,-0.002875686390325427,-0.0010504093952476978,-0.003338685492053628,0.0012965081259608269,-0.006141452118754387,-0.004901638254523277,-0.0068306452594697475,-0.0002475082583259791,-0.0020406299736350775,0.0006933615077286959,-0.0008664399501867592,-0.004747016355395317,0.0005311454879119992,0.0029430161230266094,0.002180699026212096,-0.0005992510705254972,0.003458080580458045,-0.0010149599984288216,0.004441813565790653,-0.0038032925222069025,0.00153118628077209,0.0033190834801644087,-0.0023067924194037914,-0.004731804132461548,0.0019892880227416754,-0.005191228352487087
2021-01-31,-0.006140005774796009,0.0007519886712543666,-0.0052939774468541145,-0.001511956099420786,-0.003338685492053628,0.0012965081259608269,-0.004346554167568684,0.0019337078556418419,-0.0068306452594697475,-0.0002475082583259791,-0.0048834411427378654,0.00831554550677538,-0.0033731008879840374,0.011515019461512566,-0.0042538694106042385,0.0019812085665762424,0.002180699026212096,-0.0005992510705254972,0.003458080580458045,-0.0032562019769102335,0.0002775584580376744,-0.0038032925222069025,3.8916172343306243e-05,0.0033190834801644087,-0.002803053008392453,-0.00863129273056984,0.0019892880227416754,-0.005191228352487087
2021-02-07,-0.006140005774796009,0.0007519886712543666,9.778417006600648e-05,-0.001511956099420786,-0.003338685492053628,-0.008653133176267147,0.005489372182637453,0.0005559371784329414,-0.006318582221865654,0.00386497238650918,-0.0020406299736350775,0.0002695147122722119,-0.011362248100340366,0.07166533172130585,-0.00031756810494698584,0.00030982226599007845,0.002180699026212096,0.04747777432203293,0.003458080580458045,-0.006908125709742308,0.0002775584580376744,-0.0038032925222069025,3.8916172343306243e-05,0.0033190834801644087,-0.0023067924194037914,-0.00863129273056984,-0.001522171194665134,-0.005191228352487087
2021-02-14,-0.004880615044385195,0.0007519886712543666,0.0005666333599947393,-0.001511956099420786,-0.003338685492053628,-0.02086077257990837,-0.00879906490445137,0.0019337078556418419,-0.0068306452594697475,-0.00899381935596466,-0.002794468542560935,0.0016687207389622927,-0.021201563999056816,0.07056684792041779,0.0005311454879119992,0.00030982226599007845,0.002180699026212096,0.04747777432203293,0.003458080580458045,-0.006908125709742308,0.006996580865234137,-0.007158365566283464,3.8916172343306243e-05,0.0033190834801644087,-0.002803053008392453,-0.00863129273056984,0.0019892880227416754,-0.005191228352487087
2021-02-21,-0.004880615044385195,0.0005722998175770044,-0.006601205561310053,-0.0025899293832480907,0.00032720903982408345,-0.000607137568295002,-0.007964917458593845,-0.000876968028023839,-0.0068306452594697475,-0.0035487618297338486,-0.0018156141741201282,-0.0017439457587897778,0.0022745986934751272,0.07294432073831558,-0.0052650305442512035,0.0019812085665762424,0.002180699026212096,-0.0005992510705254972,0.003458080580458045,0.003156206803396344,0.004505075979977846,-0.0038032925222069025,3.8916172343306243e-05,0.0033190834801644087,-0.0023067924194037914,-0.005324821453541517,-0.001522171194665134,-0.005191228352487087
2021-02-28,-0.004880615044385195,0.0007519886712543666,-0.006601205561310053,-0.0025899293832480907,-0.003338685492053628,-0.008653133176267147,0.009143415838479996,0.0019337078556418419,-0.0068306452594697475,-0.0035487618297338486,-0.002794468542560935,-0.004124912898987532,0.0029827323742210865,0.053349412977695465,0.007248331792652607,0.024437516927719116,0.002180699026212096,-0.0005992510705254972,0.003458080580458045,-0.0010149599984288216,0.00034081999910995364,-0.0004907455877400935,3.8916172343306243e-05,-0.0032918972428888083,-0.0023067924194037914,-0.00863129273056984,0.006874080281704664,-0.005191228352487087
2021-03-07,-0.004880615044385195,0.0007519886712543666,0.0010649305768311024,-0.0025899293832480907,-0.003338685492053628,-0.014789306558668613,-0.006141452118754387,-0.0013699301052838564,-0.0068306452594697475,-0.0035487618297338486,-0.002794468542560935,0.001628446625545621,0.0022745986934751272,0.06826081871986389,-0.003227376379072666,0.002875029109418392,0.002180699026212096,-0.0005992510705254972,0.003458080580458045,-0.0010149599984288216,-0.019485944882035255,0.0027807229198515415,3.8916172343306243e-05,-0.0032918972428888083,-0.0023067924194037914,-0.005324821453541517,0.0019892880227416754,0.004115572199225426
2021-03-14,-0.004880615044385195,0.0007519886712543666,0.0010649305768311024,-0.024033626541495323,-0.003338685492053628,-0.000607137568295002,-0.007964917458593845,-0.0013699301052838564,-0.0068306452594697475,-0.0008096034289337695,-0.002794468542560935,0.001628446625545621,0.0020541928242892027,0.06826081871986389,0.010766811668872833,0.0004763500182889402,-0.001338012283667922,-0.0005992510705254972,0.005992380902171135,0.005397449247539043,0.00034081999910995364,-0.006946363020688295,3.8916172343306243e-05,-0.006807161960750818,-0.0023067924194037914,-0.005324821453541517,-0.013913571834564209,0.06977623701095581
2021-03-21,-0.004880615044385195,0.0007519886712543666,0.0029188506305217743,-8.284824434667826e-05,0.01695733703672886,-0.008653133176267147,-0.007964917458593845,0.004301144275814295,-0.002897849539294839,-0.0008096034289337695,-0.0018156141741201282,-0.003554266644641757,0.0020541928242892027,0.054349590092897415,-0.0036476824898272753,-0.0027798213995993137,0.0015959657030180097,0.034961435943841934,0.005992380902171135,-0.0010149599984288216,-0.014789378270506859,-0.01556718535721302,3.8916172343306243e-05,-0.0031928792595863342,-0.002803053008392453,-0.00863129273056984,-0.001522171194665134,-0.005191228352487087
2021-03-28,-0.004880615044385195,-0.03423465043306351,0.0010649305768311024,-8.284824434667826e-05,0.02096262015402317,0.0008723508217372,-0.012024510651826859,0.0005559371784329414,0.005166955292224884,-0.0003454543184489012,-0.02134193293750286,-0.0017439457587897778,0.0020541928242892027,0.05001366510987282,0.0020841017831116915,0.00030982226599007845,0.002180699026212096,0.034961435943841934,0.005992380902171135,-0.0010149599984288216,-0.0010718314442783594,0.0002919852267950773,3.8916172343306243e-05,0.0034180982038378716,-0.0023067924194037914,-0.00863129273056984,-0.007174146361649036,-0.005191228352487087
2021-04-04,-0.005613276734948158,-0.002149611245840788,0.006136397831141949,-0.0016983121167868376,0.002049945294857025,-0.009050211869180202,0.004909911192953587,0.0019847240764647722,0.0027766809798777103,-0.003662043483927846,-0.01312320027500391,-0.006456515286117792,-0.014664423651993275,0.004348454065620899,-0.008052914403378963,0.0010038227774202824,0.0013764796312898397,-0.0008744875667616725,0.004954410716891289,-0.0022810425143688917,-0.00041908808634616435,0.008826425299048424,-0.0004675904056057334,0.0002565090835560113,-0.0034012100659310818,-0.004607281181961298,-0.002219993621110916,-0.0063254814594984055
2021-04-11,-0.005613276734948158,0.019343741238117218,-0.000834696926176548,-0.0016983121167868376,0.002049945294857025,0.001324125682003796,0.004909911192953587,0.003036156063899398,0.057639915496110916,-0.0040816268883645535,-5.306285311235115e-05,-0.0030782034154981375,-0.014664423651993275,0.006466517690569162,-0.004875318147242069,0.0010038227774202824,0.0012166823726147413,-0.0008744875667616725,0.0036563132889568806,-0.004173185210675001,-0.00041908808634616435,-0.00016390597738791257,-0.0004675904056057334,0.0008175421971827745,-0.002920671831816435,0.00023090574541129172,0.0006811641505919397,-0.0063254814594984055
2021-04-18,0.033213675022125244,0.003885695245116949,-0.002563063520938158,-0.0016983121167868376,0.003340996103361249,-0.009050211869180202,-0.0016368888318538666,0.0011039066594094038,0.0011594558600336313,0.0002009519375860691,0.032864123582839966,-0.0030782034154981375,-0.014664423651993275,0.0038826451636850834,-0.01001819595694542,-1.3949347703601234e-06,0.0009095617569983006,0.0008631037781015038,0.0036563132889568806,-0.0019339855061843991,0.0033308735582977533,0.0003621798532549292,-0.0004675904056057334,0.004808037541806698,-0.002920671831816435,-0.003047248814254999,-0.002219993621110916,-0.0063254814594984055
2021-04-25,-0.005613276734948158,0.0012585330987349153,-0.002161483746021986,-0.013848395086824894,0.015197603963315487,-0.007767261005938053,-0.005682792514562607,0.0019847240764647722,0.00949549488723278,-0.0020029309671372175,-0.0011223211186006665,-0.005729408469051123,0.01259794645011425,-0.0002087349130306393,-0.0019073626026511192,0.001087910495698452,0.0018722638487815857,0.0012057757703587413,-0.022096574306488037,-0.0019339855061843991,-8.198968862416223e-05,0.0005908022285439074,-0.0004675904056057334,-0.002811149228364229,-0.002920671831816435,6.364556611515582e-06,0.0006811641505919397,-0.0063254814594984055
2021-05-02,0.04097090661525726,0.0014032720355316997,0.001855023787356913,-0.0016983121167868376,0.003340996103361249,-0.009050211869180202,-0.005249764770269394,-0.0013486320385709405,-0.006276780739426613,-0.003238450735807419,-0.0049655078910291195,-0.002605208195745945,0.01259794645011425,0.0014126766473054886,-0.00956158246845007,-1.3949347703601234e-06,0.0008099036058411002,0.0005781298968940973,0.004636482335627079,-0.0019339855061843991,0.0010836878791451454,-0.00015470957441721112,0.0015684347599744797,0.0018871278734877706,-0.002920671831816435,-0.00327178998850286,0.0006811641505919397,-0.0063254814594984055
2021-05-09,-0.016455721110105515,0.0012585330987349153,0.0035833907313644886,-0.0016983121167868376,0.011269467882812023,-0.00024366288562305272,-0.007682476658374071,0.0019847240764647722,-0.006146884057670832,0.004992609843611717,-0.0011223211186006665,-0.004478167276829481,0.01612650416791439,-0.0002087349130306393,-0.0019073626026511192,-0.0009098268928937614,0.0008099036058411002,0.0005781298968940973,0.003338384674862027,-0.0038596387021243572,0.0010836878791451454,-0.001244337996467948,-0.0004675904056057334,0.004247004631906748,-0.002920671831816435,-0.00327178998850286,0.0006811641505919397,-0.0063254814594984055
2021-05-16,-0.005613276734948158,0.0014032720355316997,-0.001201485050842166,-0.0016983121167868376,0.006767274811863899,0.0018121825996786356,0.004909911192953587,0.0019847240764647722,-0.00600129971280694,-0.006259521469473839,-0.0011223211186006665,-0.0030782034154981375,0.014270104467868805,-0.0002087349130306393,-0.01001819595694542,-0.0009098268928937614,0.0013764796312898397,0.0009208019473589957,0.003338384674862027,-0.001967495772987604,0.001420786022208631,-0.0017837319755926728,-0.0004675904056057334,0.004247004631906748,-0.002920671831816435,6.364556611515582e-06,0.0006811641505919397,-0.0063254814594984055
2021-05-23,-0.010451517067849636,0.0014032720355316997,0.004543389659374952,-0.0016983121167868376,0.006767274811863899,-0.010388215072453022,-0.005249764770269394,0.0019847240764647722,0.0003892210661433637,-0.005598214454948902,-0.0049655078910291195,-0.0030782034154981375,0.011574010364711285,-0.0002087349130306393,-0.002775887493044138,-1.3949347703601234e-06,0.0013764796312898397,0.00429923553019762,0.003338384674862027,-0.001793741132132709,0.0024476342368870974,-0.001244337996467948,-0.0004675904056057334,0.005009765736758709,-0.002920671831816435,-0.00327178998850286,-0.002219993621110916,-0.0063254814594984055
2021-05-30,-0.005613276734948158,0.0014032720355316997,0.00012530243839137256,-0.0016983121167868376,0.006767274811863899,0.0049346392042934895,-0.0020181594882160425,0.0019847240764647722,-0.0028207420837134123,-0.006259521469473839,-0.0011223211186006665,-0.0030782034154981375,0.011574010364711285,-0.0002087349130306393,-0.007688350975513458,-1.3949347703601234e-06,0.0013764796312898397,0.006386150605976582,0.0036563132889568806,-0.005453801713883877,0.00211053597740829,-0.00015470957441721112,-0.0004675904056057334,0.005009765736758709,-0.002920671831816435,6.364556611515582e-06,0.0006811641505919397,-0.0063254814594984055
2021-06-06,0.033213675022125244,0.0014032720355316997,0.00012530243839137256,-0.0016983121167868376,0.003340996103361249,0.0018121825996786356,-0.005249764770269394,0.0019847240764647722,0.0027766809798777103,-0.006259521469473839,-0.0011223211186006665,-0.0007787627400830388,0.011574010364711285,-0.0002087349130306393,-0.005386603996157646,0.0023414050228893757,0.0013764796312898397,0.0009208019473589957,-0.01380951702594757,-0.0006584458751603961,0.0033308735582977533,-0.001244337996467948,-0.0004675904056057334,-0.0019294485682621598,-0.002920671831816435,0.00023090574541129172,0.0006811641505919397,-0.0063254814594984055
2021-06-13,-0.005613276734948158,0.0014032720355316997,-0.0016030643600970507,-0.0016983121167868376,0.006767274811863899,-0.019595149904489517,-0.005682792514562607,0.0019847240764647722,0.0011594558600336313,-0.006259521469473839,-0.0011223211186006665,-0.0030782034154981375,0.011574010364711285,-0.0002087349130306393,-0.005386603996157646,-0.0011135035892948508,0.0013764796312898397,0.0012057757703587413,0.003338384674862027,-0.001793741132132709,0.00211053597740829,-0.001244337996467948,-0.0004675904056057334,-0.008067402988672256,-0.002920671831816435,-0.003047248814254999,-0.002219993621110916,-0.0063254814594984055
2021-06-20,0.0016468388494104147,0.0014032720355316997,-0.0016030643600970507,0.05355582758784294,0.006767274811863899,-6.255564221646637e-05,-0.005682792514562607,0.003036156063899398,0.0011594558600336313,-0.0022749723866581917,0.035866618156433105,-0.002383800456300378,0.011574010364711285,-0.0002087349130306393,0.0013074175221845508,-0.0009098268928937614,0.0013764796312898397,0.006994262337684631,0.003338384674862027,-0.001793741132132709,0.004710317123681307,-0.001244337996467948,-0.0004675904056057334,0.005009765736758709,-0.002920671831816435,-0.003047248814254999,0.0006811641505919397,-0.0063254814594984055
2021-06-27,-0.010451517067849636,0.0014032720355316997,0.004543389659374952,-0.0016983121167868376,0.006767274811863899,-0.019595149904489517,-0.005249764770269394,0.0019847240764647722,0.0011594558600336313,-0.005124941468238831,-0.0011223211186006665,-0.0003057673166040331,0.011574010364711285,-0.0002087349130306393,-0.006414356641471386,0.0014329736586660147,0.002940262435004115,0.007405417505651712,0.004636482335627079,-0.0001783450716175139,0.0036866269074380398,-0.001244337996467948,-0.0004675904056057334,0.004945923574268818,-0.002920671831816435,-0.003047248814254999,-0.002219993621110916,-0.0059435078874230385
2021-07-04,-0.0048187607899308205,5.229291855357587e-05,9.519651939626783e-05,-0.0008006477146409452,-0.0027463696897029877,0.0010283959563821554,-0.00499907648190856,0.0026147211901843548,0.03492623567581177,-0.0026468283031135798,-0.0020401072688400745,0.0026445358525961637,0.003410099074244499,-0.02895204722881317,-0.0033328342251479626,-0.009747199714183807,0.0011592035880312324,0.0019240155816078186,0.004467690363526344,-0.0001926370314322412,0.004593301098793745,-0.0004472635919228196,9.11931274458766e-05,0.004552601370960474,-0.0028521940112113953,-0.0028864783234894276,-0.0012064491165801883,-0.0004413913411553949
2021-07-11,-0.0048187607899308205,0.0011206658091396093,-0.0006325303693301976,-0.0008006477146409452,0.0032686288468539715,-0.01603640243411064,-0.00499907648190856,0.002412185538560152,0.00030079472344368696,0.004949519876390696,-0.0020401072688400745,0.0026445358525961637,0.003410099074244499,-0.02895204722881317,0.0018248013220727444,-0.0007017070311121643,0.0011633664835244417,0.0019240155816078186,0.004467690363526344,-0.004821806214749813,0.005237465724349022,-0.0004472635919228196,9.11931274458766e-05,0.0042608389630913734,-0.0028521940112113953,-0.00039997987914830446,0.001376038184389472,0.0001045331810018979
2021-07-18,-0.0048187607899308205,0.0011206658091396093,0.0011205051559954882,-0.0008006477146409452,7.757071580272168e-05,0.0010283959563821554,-0.002637246623635292,0.002412185538560152,0.018833110108971596,-0.003910195082426071,-0.0005778057384304702,0.0026445358525961637,0.003410099074244499,-0.02895204722881317,0.007865536957979202,-0.0012214969610795379,0.001804184983484447,0.0019240155816078186,0.004467690363526344,3.6255451050237752e-06,0.0023701174650341272,-0.0004472635919228196,9.11931274458766e-05,0.008608991280198097,-0.0025049978867173195,-0.0028864783234894276,-0.04249085485935211,-0.0004413913411553949
2021-07-25,-0.0048187607899308205,0.0011206658091396093,-0.0017624383326619864,-0.0026739484164863825,7.757071580272168e-05,0.0010283959563821554,-0.00293362676165998,0.002412185538560152,0.004208246245980263,-0.004686254542320967,0.04617369920015335,0.003329278901219368,0.003410099074244499,-0.02895204722881317,-0.002331540221348405,-0.0010449689580127597,0.001804184983484447,0.0019240155816078186,0.004467690363526344,-0.0006486412021331489,0.005237465724349022,-0.0004472635919228196,0.05529574304819107,0.0042608389630913734,-0.0025049978867173195,-0.0028864783234894276,0.001376038184389472,-0.0004413913411553949
2021-08-01,0.025006331503391266,0.0011206658091396093,-0.0006325303693301976,-0.0030816250946372747,7.757071580272168e-05,0.0010283959563821554,-0.00012479530414566398,0.002412185538560152,-0.001236909069120884,-0.005736267194151878,0.034006573259830475,0.006666488014161587,0.003410099074244499,-0.016839830204844475,-0.0012994417920708656,0.0017967252060770988,0.001804184983484447,0.0019240155816078186,0.004467690363526344,-0.0006486412021331489,-0.0007390999235212803,0.004200923256576061,0.0010646592127159238,0.0042608389630913734,-0.0020088402088731527,-0.0028864783234894276,0.000706036458723247,-0.0004413913411553949
2021-08-08,0.026200804859399796,0.0011206658091396093,-0.0006325303693301976,-0.0008006477146409452,7.757071580272168e-05,0.0010283959563821554,0.00057886732975021,-0.0036883139982819557,0.004208246245980263,-0.005620521493256092,0.04617369920015335,0.022511547431349754,0.003410099074244499,-0.01654852367937565,-0.005814597010612488,0.0014999279519543052,0.001804184983484447,0.0019240155816078186,0.004467690363526344,-0.005728550720959902,-0.0007390999235212803,0.004200923256576061,9.11931274458766e-05,0.0042608389630913734,-0.0020088402088731527,-0.00039997987914830446,0.0022151905577629805,-0.0004413913411553949
2021-08-15,-0.005771486088633537,0.0011206658091396093,0.005097894463688135,-0.0008006477146409452,0.0032686288468539715,-0.01603640243411064,-0.0025753499940037727,-0.0036883139982819557,0.00030079472344368696,-0.005736267194151878,0.04617369920015335,0.027452535927295685,0.003410099074244499,-0.014502713456749916,-0.0012783659622073174,0.0014999279519543052,0.001804184983484447,0.0019240155816078186,0.004467690363526344,-0.005728550720959902,-0.0007390999235212803,0.004200923256576061,9.11931274458766e-05,0.008608991280198097,0.015421873889863491,-0.0028864783234894276,-0.0018764507258310914,-0.0004413913411553949
2021-08-22,-0.010098150931298733,0.0011206658091396093,-0.0006325303693301976,-0.0008006477146409452,7.757071580272168e-05,0.0010283959563821554,-0.00499907648190856,-0.0036883139982819557,0.00030079472344368696,-0.005736267194151878,0.04617369920015335,0.023430583998560905,0.003410099074244499,-0.01654852367937565,0.0027918959967792034,-0.0010449689580127597,0.001804184983484447,0.0019240155816078186,0.004467690363526344,-0.0006486412021331489,-0.0007390999235212803,0.004200923256576061,9.11931274458766e-05,0.004927477333694696,0.015421873889863491,-0.0028864783234894276,0.000706036458723247,-0.0004413913411553949
2021-08-29,-0.010098150931298733,-0.01280986052006483,-0.0006325303693301976,-0.0008006477146409452,7.757071580272168e-05,-0.016066359356045723,-0.002190245548263192,-0.0036883139982819557,0.00030079472344368696,-0.005620521493256092,0.04617369920015335,0.04407036677002907,0.003410099074244499,-0.016839830204844475,-0.016161279752850533,0.0016201972030103207,-0.0005783411907032132,0.0019240155816078186,0.004467690363526344,-0.0008300014887936413,-0.0007390999235212803,0.005672667641192675,9.11931274458766e-05,0.004927477333694696,0.016092726960778236,-0.00039997987914830446,-0.0018764507258310914,-0.0004413913411553949
2021-09-05,-0.005771486088633537,-0.006554188206791878,0.003560930024832487,-0.0008006477146409452,7.757071580272168e-05,-0.01603640243411064,-0.00499907648190856,-0.0036883139982819557,0.004208246245980263,-0.004802000243216753,0.04617369920015335,0.048092320561409,0.003410099074244499,0.010681858286261559,-0.008373940363526344,-0.0010449689580127597,0.001804184983484447,0.0019240155816078186,0.004467690363526344,-0.00460114236921072,0.0023701174650341272,0.005672667641192675,9.11931274458766e-05,0.004927477333694696,0.015421873889863491,-0.00039997987914830446,0.0024300722870975733,-0.0004413913411553949
2021-09-12,-0.005771486088633537,-0.011831617914140224,-0.0006325303693301976,-0.0008006477146409452,7.757071580272168e-05,-0.024179941043257713,-0.005595438648015261,-0.0036883139982819557,0.004208246245980263,-0.005620521493256092,0.0447113998234272,0.048092320561409,0.003410099074244499,0.005492913071066141,-0.010592950507998466,-0.0010449689580127597,0.001804184983484447,0.0019240155816078186,0.004467690363526344,-0.005557870026677847,0.0037794066593050957,0.005672667641192675,9.11931274458766e-05,0.005219239741563797,-0.014181647449731827,-0.0028864783234894276,0.000706036458723247,-0.0004413913411553949
2021-09-19,0.008417541161179543,0.0011206658091396093,-0.0006325303693301976,-0.0008006477146409452,7.757071580272168e-05,-0.04055105522274971,-0.00499907648190856,-0.0036883139982819557,0.00030079472344368696,-0.005620521493256092,0.02349596470594406,0.04407036677002907,0.003410099074244499,0.005201606545597315,-0.017703624442219734,0.0018702007364481688,0.001804184983484447,0.0019240155816078186,0.004921901039779186,-0.0010993812466040254,0.0027574547566473484,0.005672667641192675,9.11931274458766e-05,0.004552601370960474,0.015421873889863491,-0.0028864783234894276,-0.0018764507258310914,-0.0004413913411553949
2021-09-26,-0.010412737727165222,0.0011206658091396093,0.0011205051559954882,0.0004026003589387983,0.0032686288468539715,0.0033529079519212246,-0.00499907648190856,-0.0036883139982819557,0.015433309599757195,-0.005620521493256092,0.02349596470594406,0.009485503658652306,0.003410099074244499,0.00181605014950037,-0.019363902509212494,-0.0006746959988959134,0.001804184983484447,0.0019240155816078186,0.004921901039779186,-0.00014022721734363586,0.0027574547566473484,0.005672667641192675,9.11931274458766e-05,0.0042608389630913734,0.015421873889863491,-0.0028864783234894276,-0.0018764507258310914,-0.0004413913411553949
2021-10-03,-0.0034281089901924133,0.001351525541394949,-0.006798767950385809,0.002125438768416643,-0.0006976653239689767,-0.004721672739833593,-0.00029357371386140585,-0.0031910170800983906,-0.019663620740175247,-0.002006156835705042,-0.001136771752499044,-0.004475890193134546,0.002071250695735216,-0.0031602811068296432,-0.005502598360180855,0.0018821629928424954,0.0009729302255436778,-0.0003993640129920095,0.004999562166631222,0.006602045148611069,0.0017718368908390403,0.0024280522484332323,0.0004706663021352142,-9.047421917784959e-05,-0.0008121340069919825,-0.0004865989612881094,-0.0016177583020180464,-0.0002133639936801046
2021-10-10,-0.008052543736994267,0.00041543098632246256,0.000959034776315093,0.005362534895539284,0.0177836325019598,0.0043337708339095116,-0.00099584658164531,-0.0031910170800983906,-0.004272924270480871,-0.002006156835705042,-0.001136771752499044,-0.0015872013755142689,0.002071250695735216,-0.024933286011219025,-0.003894429188221693,-0.0052540902979671955,0.0011146715842187405,-0.0003993640129920095,0.010569572448730469,0.0033881147392094135,0.0017718368908390403,0.0024280522484332323,0.0004706663021352142,-0.0008310743141919374,-0.0008121340069919825,-0.000995670910924673,1.8035003449767828e-05,-0.0002133639936801046
2021-10-17,-0.0034281089901924133,-0.025951115414500237,0.0015103074256330729,0.005362534895539284,0.0177836325019598,0.0043337708339095116,-0.002636484568938613,-0.0031910170800983906,-0.0037457989528775215,-0.0018432418582960963,-0.001136771752499044,-0.0024109063670039177,0.00244644726626575,-0.024933286011219025,0.0003879130817949772,-0.001165729365311563,0.0015409266343340278,-0.0003993640129920095,0.004394805058836937,0.0006004815804772079,0.003330390667542815,0.0024280522484332323,0.0004706663021352142,-0.0013627499574795365,0.023386729881167412,-0.000995670910924673,1.8035003449767828e-05,-0.002292415825650096
2021-10-24,-0.0034281089901924133,-0.011560569517314434,0.0007950300932861865,0.002125438768416643,0.01577349565923214,0.0043337708339095116,0.0013470645062625408,-0.0031910170800983906,0.012292368337512016,-0.002006156835705042,-0.0027015514206141233,-0.0024109063670039177,0.0031708518508821726,-0.024933286011219025,-0.007811857853084803,-0.0009522896725684404,0.0015409266343340278,-0.0003993640129920095,0.010569572448730469,-0.00025247360463254154,0.0014012211468070745,0.0024280522484332323,0.0004706663021352142,0.0005184773472137749,0.023386729881167412,-0.000995670910924673,-0.0016177583020180464,-0.0002133639936801046
2021-10-31,-0.0034281089901924133,-0.011245657689869404,0.0007950300932861865,0.002125438768416643,0.0177836325019598,0.0043337708339095116,0.000557728752028197,-0.0031910170800983906,-0.005595409777015448,-0.003179111983627081,-0.008518852293491364,0.0068376618437469006,0.0031708518508821726,-0.024933286011219025,-4.232617357047275e-05,-0.001165729365311563,0.0015409266343340278,-0.0003993640129920095,0.004999562166631222,-0.00025247360463254154,0.0017718368908390403,0.0024280522484332323,0.0004706663021352142,-9.047421917784959e-05,-0.001922445371747017,-0.000995670910924673,1.8035003449767828e-05,-0.0002133639936801046
2021-11-07,-0.0029945869464427233,-0.01259313803166151,0.0007950300932861865,-0.00013355912233237177,0.0013124699471518397,-0.004980537574738264,-0.006341478321701288,-0.0031910170800983906,0.008851155638694763,-0.0033769807778298855,-0.0036817484069615602,0.0068376618437469006,0.0027956548146903515,-0.024933286011219025,9.394418157171458e-06,-0.0004035250167362392,0.0015409266343340278,-0.0003993640129920095,0.004394805058836937,-0.00025247360463254154,0.0017718368908390403,0.0024280522484332323,0.0004706663021352142,0.0009983802447095513,-0.001922445371747017,-0.000995670910924673,-0.0016177583020180464,-0.0002133639936801046
2021-11-14,-0.0029945869464427233,0.001351525541394949,0.0007950300932861865,-0.0005060798721387982,0.0013124699471518397,0.0043337708339095116,-0.0035459327045828104,-0.0031910170800983906,-0.007661816664040089,-0.015747487545013428,0.002777328249067068,0.0068376618437469006,0.004303492605686188,-0.024933286011219025,-0.00617007864639163,-0.0009522896725684404,0.0015409266343340278,-0.0003993640129920095,0.004394805058836937,-0.00025247360463254154,0.0014028494479134679,0.0024280522484332323,0.0004706663021352142,-0.003669041208922863,-0.001922445371747017,0.011292046867311,1.8035003449767828e-05,-0.0002133639936801046
2021-11-21,0.0028246804140508175,0.001351525541394949,0.0007950300932861865,-0.0005060798721387982,0.0013124699471518397,-0.030631903558969498,-0.006341478321701288,-0.0031910170800983906,0.011922590434551239,0.0005656469729728997,-0.001901575131341815,0.0068376618437469006,0.0027956548146903515,-0.024933286011219025,-0.00617007864639163,-0.001165729365311563,0.0015409266343340278,-0.0003993640129920095,0.004394805058836937,0.0025351590011268854,0.0014012211468070745,0.0024280522484332323,0.0004706663021352142,-0.003669041208922863,-0.001922445371747017,-0.000995670910924673,1.8035003449767828e-05,-0.0002133639936801046
2021-11-28,-0.0029945869464427233,0.001351525541394949,0.00336555321700871,-0.001240835408680141,0.0013124699471518397,0.0015506393974646926,-0.006341478321701288,-0.0031910170800983906,-0.005595409777015448,-0.005763450637459755,-0.001901575131341815,0.0062260739505290985,0.0027956548146903515,-0.024933286011219025,-0.00617007864639163,-0.0004035250167362392,0.0011347855906933546,-0.0003993640129920095,0.004394805058836937,0.0025351590011268854,0.0014012211468070745,0.0024280522484332323,0.0004706663021352142,-0.003669041208922863,-0.0022194012999534607,-0.0004865989612881094,-0.0016177583020180464,-0.0002133639936801046
2021-12-05,-0.0029945869464427233,-0.01136541273444891,-0.014226872473955154,-0.001240835408680141,0.0013124699471518397,-0.008894714526832104,-0.006341478321701288,-0.0031910170800983906,-0.005460776388645172,-0.0024436027742922306,-0.0009345285361632705,-0.0030224930960685015,0.0027956548146903515,-0.024933286011219025,-0.0013778737047687173,-0.001165729365311563,0.0011146715842187405,-0.0003993640129920095,0.004394805058836937,0.0025351590011268854,0.0017718368908390403,0.0024280522484332323,0.0004706663021352142,0.0008995712269097567,-0.001922445371747017,-0.000995670910924673,-0.0016177583020180464,-0.0002133639936801046
2021-12-12,-0.002601595828309655,0.0009768432937562466,0.003496116027235985,-0.001240835408680141,0.0177836325019598,0.0015506393974646926,-0.006003475282341242,-0.0031910170800983906,0.0030819822568446398,-0.0009308047592639923,-0.0009345285361632705,-0.0030224930960685015,0.0027956548146903515,-0.024933286011219025,-0.006221798714250326,-0.0007580287638120353,0.0015409266343340278,-0.0003993640129920095,0.004394805058836937,-0.00025247360463254154,0.0017718368908390403,0.0024280522484332323,0.0004706663021352142,0.0008995712269097567,-0.001922445371747017,-0.000995670910924673,-0.0016177583020180464,-0.0002133639936801046
2021-12-19,-0.0029945869464427233,0.001351525541394949,0.001322870492003858,-0.008666803129017353,0.0013124699471518397,0.0015506393974646926,-0.006341478321701288,-0.0031910170800983906,-0.005460776388645172,-0.008727909065783024,-0.0009345285361632705,0.0024568287190049887,0.0027956548146903515,-0.027137089520692825,9.394418157171458e-06,-0.0005445891874842346,0.0015409266343340278,-0.0003993640129920095,0.004394805058836937,-0.00025247360463254154,0.0017718368908390403,0.0024280522484332323,0.0004706663021352142,0.0008995712269097567,-0.001922445371747017,-0.0004865989612881094,1.8035003449767828e-05,-0.0019458907190710306
2021-12-26,-0.0029945869464427233,0.001351525541394949,-0.0011952836066484451,-0.001240835408680141,0.0013124699471518397,0.0015506393974646926,-0.006003475282341242,-0.0031910170800983906,-0.005460776388645172,0.003102698130533099,-0.0011335224844515324,-0.0030224930960685015,0.0027956548146903515,-0.023780303075909615,0.009614858776330948,-0.001165729365311563,-0.0006686770939268172,-0.0003993640129920095,0.004394805058836937,-0.00025247360463254154,0.0017718368908390403,0.0024280522484332323,0.0004706663021352142,0.0008995712269097567,-0.001922445371747017,-0.000995670910924673,1.8035003449767828e-05,-0.0002133639936801046
2022-01-02,-0.004196810070425272,0.0010974608594551682,-0.0012768992455676198,-0.001298250281251967,0.0010588004952296615,0.002006449969485402,-0.0019336447585374117,-0.0017198269488289952,0.0035673375241458416,-0.002171573229134083,-0.003504628548398614,-0.0034989709965884686,0.0021861381828784943,-0.0014043692499399185,0.003395188832655549,-0.0013077615294605494,0.00020095435320399702,-0.0007400201284326613,0.004640485160052776,0.0016245367005467415,0.004461358301341534,0.001934371772222221,0.00038407128886319697,-0.0006341060507111251,0.012508496642112732,-0.00087314925622195,-0.00035445019602775574,-0.00013778523134533316
2022-01-09,-0.004196810070425272,0.021725619211792946,0.0043134489096701145,-0.001298250281251967,0.002227045828476548,0.002006449969485402,-0.006940210238099098,-0.018999412655830383,0.0035673375241458416,-0.002171573229134083,-0.003504628548398614,-0.005410912912338972,0.0021861381828784943,-0.003238108241930604,0.005537801422178745,-0.001771129434928298,0.0014244712656363845,-0.0007400201284326613,0.004640485160052776,0.0016245367005467415,0.0011723990319296718,0.008263055235147476,0.00038407128886319697,0.0060338787734508514,0.009433443658053875,-0.00087314925622195,0.011059233918786049,-0.00013778523134533316
2022-01-16,0.002177249174565077,0.0010974608594551682,-0.0009909606305882335,-0.001298250281251967,0.002227045828476548,0.002006449969485402,-0.005128219723701477,-0.0017198269488289952,0.0035673375241458416,-0.0014032714534550905,-0.003504628548398614,-0.00282646669074893,0.0021861381828784943,-0.003238108241930604,0.010748766362667084,-0.001771129434928298,0.002219310263171792,-0.0007400201284326613,0.004640485160052776,0.0016245367005467415,0.0009234334575012326,0.006812343839555979,0.0014118648832663894,0.0060338787734508514,0.012508496642112732,-0.00017072238551918417,-0.00035445019602775574,-0.00013778523134533316
2022-01-23,-0.004196810070425272,0.0010974608594551682,-0.0005951604689471424,-0.001298250281251967,-0.0003783827996812761,-0.009228133596479893,-0.005128219723701477,-0.0017198269488289952,0.0035673375241458416,-0.0014032714534550905,-0.008800697512924671,-0.005410912912338972,0.0021861381828784943,-0.003238108241930604,0.005744649562984705,-0.001771129434928298,0.0009451537043787539,-0.0014072875492274761,0.004640485160052776,0.0016245367005467415,0.0011723990319296718,0.017550578340888023,0.00038407128886319697,0.0060338787734508514,-0.0028646953869611025,-0.00017072238551918417,-0.04159807786345482,-0.00013778523134533316
2022-01-30,0.019119804725050926,0.0038782721385359764,0.004394594579935074,-0.001298250281251967,0.001660140580497682,-0.006853465922176838,-0.006940210238099098,-0.0017198269488289952,-0.002348799491301179,0.0007165283313952386,-0.01600894145667553,-0.00282646669074893,0.0021861381828784943,-0.003238108241930604,0.005282711703330278,-0.0016322172014042735,0.002219310263171792,-0.0014072875492274761,0.004640485160052776,0.0025192454922944307,0.0009234334575012326,0.00048366020200774074,0.00038407128886319697,0.0060338787734508514,0.012508496642112732,-0.00087314925622195,0.0007945041288621724,-0.00013778523134533316
2022-02-06,-0.0045122914016246796,-0.0019247430609539151,-0.001876259222626686,-0.001298250281251967,-0.004087531007826328,-0.01575247012078762,-0.0036741369403898716,-0.0017198269488289952,0.0035673375241458416,0.0017047969158738852,-0.0062072607688605785,-0.0073882597498595715,0.0021861381828784943,-0.003238108241930604,0.005744649562984705,0.0010343068279325962,0.002219310263171792,-0.0014072875492274761,0.004897107370197773,0.0020866456907242537,0.0012841804418712854,0.018336405977606773,0.00038407128886319697,0.0060338787734508514,-0.0028646953869611025,-0.00087314925622195,-0.00035445019602775574,-0.00013778523134533316
2022-02-13,-0.0045122914016246796,0.0010974608594551682,-0.005000142380595207,-0.0004600184038281441,-0.004087531007826328,-0.01575247012078762,-0.001192088588140905,-0.0017198269488289952,0.0035673375241458416,-0.0004592863842844963,-0.020211396738886833,0.007977539673447609,0.0021861381828784943,-0.001749236136674881,-0.003494851291179657,-0.0012136409059166908,0.002219310263171792,-0.0014072875492274761,0.004640485160052776,0.0030584840569645166,0.0009412214858457446,0.005401789676398039,0.00038407128886319697,0.002585754729807377,0.012508496642112732,-0.00017072238551918417,0.0007945041288621724,-0.00013778523134533316
2022-02-20,-0.009346882812678814,0.0010974608594551682,0.003935105632990599,-0.001298250281251967,-0.004087531007826328,-0.006853465922176838,-0.0024221809580922127,-0.0017198269488289952,0.004311697091907263,0.007651099935173988,-0.014071603305637836,0.0056784688495099545,0.0021861381828784943,-0.003238108241930604,0.005282711703330278,-0.007060202304273844,0.002219310263171792,-0.0014072875492274761,0.004640485160052776,-0.008772652596235275,0.0025253810454159975,0.001934371772222221,0.00038407128886319697,0.002630839589983225,-0.00216630264185369,-0.00017072238551918417,0.0007945041288621724,-0.00013778523134533316
2022-02-27,-0.0045122914016246796,0.0010974608594551682,-0.0013881557388231158,-0.001298250281251967,-0.004087531007826328,0.002006449969485402,-0.003540044417604804,-0.0017198269488289952,0.0035673375241458416,0.0006847009644843638,-0.009165110997855663,0.0056784688495099545,0.0021861381828784943,-0.003238108241930604,-0.002982743550091982,0.0015889843925833702,0.002219310263171792,-0.0014072875492274761,0.005618008319288492,-0.009744491428136826,0.0025253810454159975,0.001934371772222221,0.00038407128886319697,-0.00045528399641625583,-0.00216630264185369,-0.00087314925622195,0.0007945041288621724,-0.00013778523134533316
2022-03-06,-0.004196810070425272,0.0010974608594551682,-0.0013881557388231158,-0.001298250281251967,-0.004087531007826328,0.002006449969485402,-0.005606037098914385,0.0038416804745793343,0.0035673375241458416,0.0007165283313952386,-0.009686299599707127,0.0056784688495099545,0.0025626649148762226,-0.003238108241930604,-0.00655227480456233,0.0011971639469265938,0.002219310263171792,-0.0014072875492274761,0.005618008319288492,-0.009744491428136826,0.0006922560278326273,0.001934371772222221,0.00038407128886319697,0.00594518193975091,-0.00216630264185369,-0.00087314925622195,-0.00035445019602775574,-0.00013778523134533316
2022-03-13,-0.003614249639213085,0.0010974608594551682,-0.0013881557388231158,-0.001298250281251967,-0.004087531007826328,0.002006449969485402,-0.00465462077409029,0.0038416804745793343,0.0035673375241458416,0.0017047969158738852,-0.006202710792422295,0.0056784688495099545,0.0031476907897740602,-0.0014043692499399185,0.0004249963676556945,0.00012861835421063006,0.002219310263171792,-0.0014072875492274761,0.005618008319288492,0.005912960972636938,0.0038872226141393185,0.001934371772222221,0.00038407128886319697,-0.013190200552344322,-0.002807734301313758,-0.00087314925622195,0.0007945041288621724,-0.00013778523134533316
2022-03-20,0.002177249174565077,-0.00032093317713588476,-0.0013881557388231158,-0.001298250281251967,0.001660140580497682,-0.010368126444518566,0.000623658939730376,0.0038416804745793343,0.0035673375241458416,-0.0010461064521223307,-0.0062072607688605785,0.006073081865906715,0.002067118650302291,0.003544299164786935,-0.006345427595078945,0.0014976747334003448,0.002219310263171792,-0.0014072875492274761,0.004640485160052776,0.007949181832373142,0.0009412214858457446,0.001934371772222221,0.00038407128886319697,-0.004037146922200918,-0.00216630264185369,-0.00017072238551918417,-0.00035445019602775574,-0.00013778523134533316
2022-03-27,-0.004196810070425272,0.021725619211792946,-0.0013881557388231158,-0.001298250281251967,-0.004087531007826328,-0.01570797711610794,-0.0034492695704102516,0.0038416804745793343,-0.007640221621841192,-0.003329009283334017,-0.0062072607688605785,0.0056784688495099545,0.002067118650302291,-0.003238108241930604,-0.006177906412631273,0.0011971639469265938,0.002219310263171792,-0.0014072875492274761,0.004640485160052776,-0.003357835114002228,0.0010352149838581681,0.00048366020200774074,0.00038407128886319697,-0.004037146922200918,-0.00216630264185369,-0.00087314925622195,-0.00035445019602775574,0.013464923948049545
2022-04-03,0.029578203335404396,0.0015656077302992344,-4.662157880375162e-05,-0.0016703769797459245,7.84845178714022e-06,-0.008304825983941555,0.0006972213159315288,0.002818912034854293,-0.0031339155975729227,-0.003834743285551667,0.004652706906199455,0.004177168011665344,0.0013801673194393516,-0.003383669536560774,-0.0017222811002284288,0.0004712642985396087,0.0021016381215304136,0.0017729158280417323,0.004424551967531443,0.01679239049553871,0.0011442947434261441,0.001534098177216947,0.0005520930862985551,-0.0034384634345769882,-0.002878709463402629,-0.0004378204757813364,0.007603602483868599,0.01127899345010519
2022-04-10,-0.0019316808320581913,0.0015656077302992344,0.006314872298389673,-0.0016703769797459245,-0.003356626722961664,0.0018328484147787094,0.00035743575426749885,0.00048714561853557825,-0.0031339155975729227,0.00029446370899677277,0.0032602441497147083,0.004177168011665344,0.001820491161197424,-0.003383669536560774,-0.008065328933298588,0.0001561697863508016,0.0021016381215304136,-0.01574830897152424,0.0049670180305838585,0.01679239049553871,0.0011442947434261441,0.001534098177216947,0.0005520930862985551,-0.013414130546152592,-0.0024288445711135864,-0.0011073529021814466,0.0014083832502365112,-0.004027981776744127
2022-04-17,0.0010423868661746383,0.0015656077302992344,0.005061311647295952,-0.0016703769797459245,-0.003356626722961664,0.002595355734229088,0.002789442427456379,0.00048714561853557825,-0.0031339155975729227,0.00029446370899677277,0.013123268261551857,0.006238603498786688,0.003145685186609626,-0.003383669536560774,-0.010771785862743855,-0.0024566936772316694,0.0021016381215304136,0.008153632283210754,0.0049670180305838585,0.01679239049553871,0.0036992107052356005,0.001534098177216947,0.0005520930862985551,-0.004970300942659378,-0.0024288445711135864,-0.0011073529021814466,9.813849464990199e-05,-0.005038600414991379
2022-04-24,-0.006373537704348564,0.0022715344093739986,0.005061311647295952,-0.0016703769797459245,-0.003356626722961664,0.0018042329465970397,-0.0011971963103860617,0.00048714561853557825,-0.0031339155975729227,0.0061001465655863285,-0.01698850840330124,0.04931066930294037,0.0013801673194393516,-0.0014731017872691154,-0.0042457012459635735,0.0007143864640966058,0.0002510766498744488,-0.0342240184545517,0.004424551967531443,0.01679239049553871,0.0021473520901054144,0.001534098177216947,0.0005520930862985551,-0.004970300942659378,-0.0024288445711135864,-0.001374329556711018,-0.002790896687656641,-0.0064263613894581795
2022-05-01,0.01853453367948532,0.0015656077302992344,0.0017292842967435718,-0.0016703769797459245,-0.003356626722961664,0.0016929570119827986,-0.002114116447046399,-0.007284995634108782,-0.0031339155975729227,0.003894892754033208,0.01208247896283865,0.006980028469115496,0.0013801673194393516,0.005028441082686186,-0.0023818095214664936,-0.00825758371502161,-0.0009774895152077079,-0.02795472927391529,-0.020328456535935402,0.013708005659282207,0.0006936343852430582,0.001534098177216947,0.0005520930862985551,-0.004970300942659378,-0.0024288445711135864,-0.0004378204757813364,0.0014083832502365112,-0.004027981776744127
2022-05-08,0.01853453367948532,0.0013622308615595102,0.005061311647295952,-0.0016703769797459245,7.84845178714022e-06,-0.007882408797740936,-0.002114116447046399,0.000368267297744751,-0.0031339155975729227,0.00029446370899677277,-0.0002863340196199715,-0.0015823787543922663,0.0013801673194393516,0.0012356010265648365,-0.005979928188025951,-0.0010884098010137677,-0.0009101396426558495,-0.01769806258380413,-0.012923103757202625,0.009019197896122932,0.0011442947434261441,0.001534098177216947,0.0005520930862985551,-0.013414130546152592,-0.0024288445711135864,-0.0011073529021814466,0.0014083832502365112,-0.004027981776744127
2022-05-15,-0.003746657632291317,0.0015656077302992344,0.0017292842967435718,-0.008530710823833942,-0.003356626722961664,-0.011539586819708347,-0.001041563693434,0.0032691210508346558,-0.0031339155975729227,0.00029446370899677277,-0.006709221284836531,0.004177168011665344,0.0013801673194393516,-0.0016040054615586996,-0.0012425119057297707,-0.0015044646570459008,0.0002510766498744488,0.0017708883387967944,0.004424551967531443,0.006091482006013393,0.0021473520901054144,0.001534098177216947,0.0005520930862985551,-0.005743129178881645,0.011535823345184326,-0.0011073529021814466,-0.0002909732284024358,-0.005177374929189682
2022-05-22,-0.0069091604091227055,0.0015656077302992344,0.0017292842967435718,-0.0016703769797459245,-0.003356626722961664,0.004661099053919315,-0.0015071674715727568,0.0032691210508346558,-0.0031339155975729227,-0.0010411151451990008,-0.004494324792176485,0.006238603498786688,0.001820491161197424,0.011873840354382992,-0.009780892170965672,-0.0015044646570459008,0.0002510766498744488,-0.001031082938425243,0.004424551967531443,0.0012389116454869509,-0.0008582248701713979,0.001534098177216947,0.0005520930862985551,0.002400873927399516,0.007703553885221481,-0.0011073529021814466,0.0014083832502365112,-0.004027981776744127
2022-05-29,-0.006373537704348564,0.0015656077302992344,0.008755185641348362,-0.0016703769797459245,-0.003356626722961664,0.0018328484147787094,-0.0015071674715727568,0.0032691210508346558,-0.0031339155975729227,-0.002013511722907424,0.0013138509821146727,0.004177168011665344,-0.014375833794474602,0.004256660118699074,-0.0411674939095974,0.003187823574990034,0.0002510766498744488,-0.001031082938425243,0.004424551967531443,-0.00022907325183041394,0.0011442947434261441,0.001534098177216947,0.0005520930862985551,-0.01651648059487343,0.00893003586679697,-0.0011073529021814466,0.013449897058308125,-0.004027981776744127
2022-06-05,0.022145960479974747,0.0015656077302992344,0.005019586067646742,-0.0016703769797459245,-0.000548423093277961,-0.008644916117191315,-0.0013566777342930436,-0.000321670260746032,-0.0032943084370344877,-0.0019107894040644169,0.0013138509821146727,0.004177168011665344,0.0013801673194393516,-0.0016040054615586996,-0.0050140791572630405,-0.0006918799481354654,0.0002510766498744488,-0.001031082938425243,0.004424551967531443,0.007707880809903145,0.0011442947434261441,0.001534098177216947,0.0005520930862985551,-0.002936322009190917,0.00893003586679697,-0.0011073529021814466,9.813849464990199e-05,-0.0006342327105812728
2022-06-12,-0.01385490968823433,0.0015656077302992344,0.0013153626350685954,-0.0016703769797459245,-0.003356626722961664,0.0018328484147787094,-0.0035472046583890915,0.0032691210508346558,0.012255541980266571,0.004728289786726236,0.0013138509821146727,-0.0018235864117741585,0.0013801673194393516,0.003094130428507924,-0.005105539690703154,-0.0006918799481354654,0.0002510766498744488,-0.001031082938425243,0.004424551967531443,0.007707880809903145,0.0011442947434261441,0.0008508043829351664,0.0005520930862985551,-0.011380147188901901,0.012762309052050114,-0.0011073529021814466,-0.013048320077359676,-0.03076683171093464
2022-06-19,-0.0022756243124604225,0.0015656077302992344,-0.0014633212704211473,-0.0016703769797459245,-0.003356626722961664,0.004661099053919315,-0.0018222813960164785,0.0032691210508346558,-0.0032943084370344877,0.0005144838942214847,-0.006037557497620583,-0.003065542783588171,0.0013801673194393516,0.003094130428507924,0.002562164328992367,0.00017432791355531663,0.0002510766498744488,-0.001031082938425243,0.004424551967531443,0.008486560545861721,0.0011442947434261441,0.0008508043829351664,0.0005520930862985551,-0.0038191508501768112,0.00893003586679697,-0.0011073529021814466,9.813849464990199e-05,-0.0006342327105812728
2022-06-26,-0.01385490968823433,0.0013622308615595102,0.0033560593146830797,-0.0016703769797459245,-0.003356626722961664,-0.008644916117191315,-0.0015071674715727568,0.0032691210508346558,-0.00719605665653944,0.003684399649500847,0.0013138509821146727,-0.003065542783588171,0.0013801673194393516,0.003094130428507924,-0.009831994771957397,-0.00019881848129443824,0.0002510766498744488,-0.001031082938425243,-0.003188768867403269,0.009161550551652908,0.0036992107052356005,0.0008508043829351664,0.0005520930862985551,-0.0038191508501768112,0.012620069086551666,-0.0011073529021814466,0.0014083832502365112,-0.005177374929189682
2022-07-03,-0.0018974641570821404,-0.0010072182631120086,-0.0002877114457078278,-0.0012818931136280298,-0.001450208481401205,0.001512756454758346,-0.0029084354173392057,0.00394072150811553,-0.006899702828377485,-0.0017050114693120122,4.114320836379193e-05,0.003426698502153158,0.0007482538348995149,-0.0023961118422448635,0.03337331488728523,-0.000827050011139363,0.0016030853148549795,-0.0013879669131711125,0.004888136405497789,0.0076791332103312016,-0.00010681837738957256,0.001267499988898635,0.0012126591755077243,-0.00691233342513442,0.009158755652606487,0.0006323681445792317,0.0008468115120194852,-0.0005925379227846861
2022-07-10,-0.0018974641570821404,0.0004238430701661855,-0.0002877114457078278,-0.0012818931136280298,-0.0031117999460548162,-0.007953348569571972,-0.0032655170653015375,0.004122836049646139,-0.0054505737498402596,-0.0014529339969158173,0.0019504404626786709,0.004494513384997845,0.0007482538348995149,0.0021240487694740295,0.0247590783983469,-0.0013535887701436877,0.0016030853148549795,-0.0013879669131711125,0.005242893937975168,0.009369578212499619,0.002078291727229953,0.001267499988898635,0.0012126591755077243,-0.006736368872225285,0.009158755652606487,0.0004278490669094026,0.0008468115120194852,-0.0005925379227846861
2022-07-17,-0.0018974641570821404,0.0021775788627564907,0.0025833260733634233,-0.0012818931136280298,-0.0031117999460548162,-0.013182281516492367,-0.0027943961322307587,0.00394072150811553,-0.005581873469054699,-0.0011277670273557305,0.0019504404626786709,0.003426698502153158,0.0007482538348995149,0.00276458403095603,0.030011765658855438,-0.0013535887701436877,0.0016030853148549795,-0.0013879669131711125,0.005242893937975168,0.009369578212499619,0.0031540277414023876,0.001267499988898635,0.0012126591755077243,-0.00691233342513442,0.007603369653224945,0.0004278490669094026,0.007928255014121532,-0.008591040037572384
2022-07-24,-0.0018974641570821404,0.0021775788627564907,-0.0002877114457078278,-0.0012818931136280298,-0.0031117999460548162,0.004434831440448761,-0.0032655170653015375,0.00394072150811553,-0.0054505737498402596,0.0027248705737292767,0.0019504404626786709,0.003426698502153158,0.0014188849600031972,0.01298045925796032,0.026232007890939713,-0.0013535887701436877,0.0016030853148549795,-0.0013879669131711125,0.005242893937975168,0.009369578212499619,0.0067605446092784405,0.002271339762955904,0.0012126591755077243,-0.00691233342513442,0.009158755652606487,0.0004278490669094026,0.013205887749791145,-0.01603114791214466
2022-07-31,-0.0018974641570821404,0.0021775788627564907,-0.0002877114457078278,-0.0012818931136280298,-0.003365966258570552,0.0018283422105014324,-0.0022974242456257343,0.003499734913930297,-0.0054505737498402596,-0.0014529339969158173,0.0019504404626786709,0.003426698502153158,0.002603694098070264,-0.002491994295269251,0.027517195791006088,-0.0013535887701436877,0.0016030853148549795,-0.0013879669131711125,0.005242893937975168,0.01152544841170311,0.00154247903265059,0.002271339762955904,0.0012126591755077243,-0.00691233342513442,0.009158755652606487,0.0006323681445792317,0.0008468115120194852,-0.000705985352396965
2022-08-07,-0.0018974641570821404,0.0021775788627564907,-0.0002877114457078278,-0.0012818931136280298,-0.0031117999460548162,0.002709812019020319,-0.0032655170653015375,0.002386548323556781,-0.0054505737498402596,-0.0011277670273557305,0.0007420735200867057,0.003426698502153158,0.0007036699098534882,-0.002198840957134962,0.031634192913770676,-0.0013535887701436877,-0.0007725154282525182,-0.0013879669131711125,0.005242893937975168,0.01152544841170311,0.0016933256993070245,0.002271339762955904,0.0012126591755077243,-0.00691233342513442,0.009158755652606487,0.0006323681445792317,-0.013819847255945206,-0.000705985352396965
2022-08-14,-0.0018974641570821404,0.0021775788627564907,0.0025833260733634233,-0.0012818931136280298,-0.001450208481401205,0.002709812019020319,-0.003009059000760317,0.002386548323556781,-0.0054505737498402596,-0.0011277670273557305,0.0019504404626786709,0.003426698502153158,0.0007482538348995149,-0.0035317991860210896,0.033133164048194885,-0.0013535887701436877,0.0006033455138094723,-0.0013879669131711125,0.006153893657028675,0.006337060127407312,-0.013241613283753395,0.002271339762955904,0.0012126591755077243,-0.00691233342513442,0.009158755652606487,0.0006323681445792317,0.0008468115120194852,-0.004518164321780205
2022-08-21,-0.0018974641570821404,0.0021775788627564907,-0.0002877114457078278,-0.0012818931136280298,-0.0031117999460548162,-0.006234888918697834,-0.0026077923830598593,0.002386548323556781,-0.0054505737498402596,-0.0008073583012446761,0.0019504404626786709,0.003426698502153158,0.0007482538348995149,-0.003937498666346073,0.029302066192030907,-0.0013535887701436877,0.0016030853148549795,-0.0013879669131711125,0.006153893657028675,0.01152544841170311,0.006303955800831318,0.002271339762955904,0.0012126591755077243,-0.00691233342513442,0.009158755652606487,0.0004278490669094026,0.0008468115120194852,-0.0005925379227846861
2022-08-28,-0.00018748966977000237,0.0021775788627564907,0.0025833260733634233,-0.0012818931136280298,-0.0031117999460548162,0.0023786532692611217,-0.00567391375079751,0.002386548323556781,-0.0054505737498402596,-0.00011564703891053796,0.0007420735200867057,0.003426698502153158,0.0007482538348995149,-0.0035317991860210896,0.030290773138403893,-0.0013535887701436877,0.0004425225779414177,-0.0013879669131711125,0.006153893657028675,0.01152544841170311,0.00019393861293792725,0.002271339762955904,0.0012126591755077243,-0.006736368872225285,0.009158755652606487,0.0004278490669094026,0.0008468115120194852,-0.0005925379227846861
2022-09-04,-0.0018974641570821404,0.0021775788627564907,-0.0002877114457078278,-0.0012818931136280298,-0.0031117999460548162,0.0011815977049991488,-0.0019037887686863542,0.002386548323556781,-0.0054505737498402596,-0.00011564703891053796,0.0019504404626786709,-0.0026094152126461267,0.0009417047840543091,-0.0035317991860210896,0.031647030264139175,-0.0013535887701436877,0.0006033455138094723,-0.0013879669131711125,0.0037208960857242346,0.01152544841170311,-0.0004917843616567552,0.002271339762955904,0.0012126591755077243,-0.00691233342513442,0.009158755652606487,-0.0003035704721696675,0.0008468115120194852,-0.0005925379227846861
2022-09-11,-0.0018974641570821404,0.0041232239454984665,-0.0002877114457078278,-0.0012818931136280298,-0.0031117999460548162,0.004238756839185953,-0.0022974242456257343,-0.003195845754817128,-0.0054505737498402596,-0.00011564703891053796,0.0013190130703151226,-0.0026094152126461267,0.0007482538348995149,0.0014354473678395152,0.030977902933955193,-0.0013535887701436877,0.0016030853148549795,-0.0013879669131711125,0.006153893657028675,0.006553436163812876,0.0035878336057066917,4.3203606765018776e-05,0.0012126591755077243,0.0048616561107337475,0.009428820572793484,0.0006323681445792317,0.0008468115120194852,-0.00819508545100689
2022-09-18,-0.0018974641570821404,0.0041232239454984665,-0.0002877114457078278,-0.0012818931136280298,-0.0031117999460548162,-0.007431945763528347,-0.0014151345239952207,0.002386548323556781,-0.0054505737498402596,0.003262511920183897,-0.0030744040850549936,-0.0026094152126461267,0.0033667765092104673,0.0020759827457368374,0.030290773138403893,-0.0013535887701436877,0.0016030853148549795,-0.0013879669131711125,0.006153893657028675,0.006553436163812876,0.0035878336057066917,-0.0013072382425889373,0.0012126591755077243,-0.00691233342513442,-0.004467305727303028,0.0004278490669094026,0.0008468115120194852,-0.0005925379227846861
2022-09-25,-0.0018974641570821404,0.0041232239454984665,-0.0002877114457078278,-0.0012818931136280298,-0.0031117999460548162,-0.006737560499459505,-0.003808866487815976,0.002386548323556781,-0.0054505737498402596,0.00037556132883764803,0.0019504404626786709,-0.0028903877828270197,0.0007482538348995149,-0.0035317991860210896,0.029803689569234848,-0.0013535887701436877,0.007114786189049482,-0.0013879669131711125,0.006153893657028675,0.004397564101964235,0.003181781619787216,-0.0013072382425889373,0.0012126591755077243,-0.00691233342513442,0.009158755652606487,0.0004278490669094026,0.0008468115120194852,-0.0005925379227846861
2022-10-02,-0.0013743942836299539,0.0033967304043471813,-0.0018560370663180947,-0.0014350996352732182,-0.0025972635485231876,0.001523850834928453,-0.0028075207956135273,0.0024852976202964783,-0.004910721909254789,-0.011944655328989029,-0.00040475602145306766,-0.002941309241577983,0.0001503497624071315,0.007965517230331898,-0.01600952260196209,-0.000997732044197619,0.0008656287682242692,0.002819382818415761,0.002630974166095257,-0.0014890610473230481,0.0013777002459391952,0.0011182436719536781,0.0008789978455752134,-0.0025541838258504868,-0.003538736142218113,-0.0008797770133242011,0.0008722342900000513,-0.0036812331527471542
2022-10-09,-0.0013743942836299539,0.0033967304043471813,-0.0018560370663180947,-0.0014350996352732182,0.031676530838012695,-0.005951148457825184,-0.004095900803804398,0.0016814775299280882,-0.004910721909254789,0.0001649409969104454,-0.00040475602145306766,-0.002941309241577983,0.0001503497624071315,0.010264521464705467,-0.014321400783956051,-0.002276713727042079,0.00037133859586901963,0.002819382818415761,0.005026738625019789,0.003919620998203754,0.0013777002459391952,0.0011182436719536781,0.0008789978455752134,0.03226456791162491,0.0029021906666457653,-0.0008797770133242011,0.0008722342900000513,-0.0036812331527471542
2022-10-16,-0.0013743942836299539,0.0033967304043471813,-0.0018560370663180947,-0.0014350996352732182,0.08535709977149963,0.00034193761530332267,-0.0035238720010966063,-0.0012748835142701864,-0.004910721909254789,-0.0017066476866602898,-0.00040475602145306766,-0.002941309241577983,0.0001503497624071315,0.007965517230331898,0.00924762338399887,-0.00233429204672575,0.001105004921555519,-0.0015690620057284832,0.005026738625019789,0.003919620998203754,0.00339650665409863,-0.002349565736949444,0.0008789978455752134,-0.012267167679965496,0.0029021906666457653,-0.0012878699926659465,0.0008722342900000513,-0.0027741570957005024
2022-10-23,-0.0013743942836299539,0.0033967304043471813,-0.002857861341908574,-0.0014350996352732182,0.08535709977149963,0.00034193761530332267,-0.0035238720010966063,-0.0014351268764585257,-0.004910721909254789,-0.0015767464647069573,-0.00040475602145306766,-0.002941309241577983,0.0010546207195147872,-0.005224338732659817,0.0007010921253822744,-0.0012216604081913829,0.001105004921555519,-0.0015690620057284832,0.005026738625019789,0.003919620998203754,0.00031122099608182907,-0.002349565736949444,0.0008789978455752134,-0.006768528837710619,0.0029021906666457653,-0.0008797770133242011,0.0008722342900000513,-0.0010364818153902888
2022-10-30,-0.0013743942836299539,0.01929778791964054,0.0017611081711947918,-0.0014350996352732182,0.04732222855091095,0.00018052590894512832,-0.003053904976695776,-0.0006313070189207792,-0.004910721909254789,0.02951253391802311,-0.00040475602145306766,-0.002941309241577983,0.0020759247709065676,-0.005224338732659817,-0.01800713688135147,-0.00233429204672575,0.001105004921555519,-0.0015690620057284832,0.005026738625019789,0.003919620998203754,0.0012116137659177184,-0.002349565736949444,0.0008789978455752134,-0.006768528837710619,0.0029021906666457653,-0.0012878699926659465,0.0008722342900000513,-0.0010364818153902888
2022-11-06,-0.0013743942836299539,0.01929778791964054,-0.008623108267784119,-0.0014350996352732182,0.04732222855091095,-0.0010828007943928242,-0.0038984338752925396,-0.0014351268764585257,-0.004910721909254789,-0.0017066476866602898,0.0002055075456155464,-0.004828867502510548,0.0001503497624071315,0.037780195474624634,-0.01800713688135147,-0.00233429204672575,0.001105004921555519,-0.0015690620057284832,0.005026738625019789,0.006422524340450764,0.0012116137659177184,-0.003997865132987499,0.0008789978455752134,-0.006768528837710619,0.0029021906666457653,0.0004003868962172419,0.0008722342900000513,-0.0010364818153902888
2022-11-13,-0.0013743942836299539,0.009109756909310818,-0.004520820453763008,-0.0014350996352732182,0.04732222855091095,-0.0009213890298269689,-0.0038984338752925396,-0.0006313070189207792,-0.004061549436300993,-0.0017066476866602898,0.020911430940032005,-0.006049732677638531,0.0001503497624071315,-0.006043469998985529,-0.015324879437685013,-0.00233429204672575,0.001105004921555519,-0.012658951804041862,0.005026738625019789,0.0037585918325930834,0.05205383151769638,-0.003997865132987499,0.0008789978455752134,-0.0016789308283478022,0.0029021906666457653,-0.0001876598980743438,0.0008722342900000513,-0.0010364818153902888
2022-11-20,-0.0013743942836299539,0.009109756909310818,0.0023044703993946314,-0.0014350996352732182,0.033808398991823196,-0.006818878464400768,-0.003053904976695776,-0.004391488619148731,-0.004061549436300993,0.0029763292986899614,-0.00040475602145306766,-0.006049732677638531,0.0001503497624071315,-0.006043469998985529,-0.017058396711945534,-0.002660725498571992,0.007489448878914118,0.002431814791634679,0.005026738625019789,-0.003129040589556098,0.0020873742178082466,-0.002349565736949444,0.0008789978455752134,-0.012279171496629715,-0.003538736142218113,-0.0004184011777397245,0.0008722342900000513,-0.0010364818153902888
2022-11-27,-0.0013743942836299539,0.009109756909310818,-0.0030898062977939844,-0.0014350996352732182,0.033808398991823196,-0.0009213890298269689,-0.003053904976695776,-0.0014351268764585257,0.011307669803500175,-0.005849144421517849,-0.00040475602145306766,-0.006049732677638531,0.0020759247709065676,-0.005197168327867985,-0.018193066120147705,-0.006040698848664761,0.023287268355488777,0.002819382818415761,0.005026738625019789,0.006422524340450764,-0.00026928892475552857,-0.002349565736949444,0.0008789978455752134,-0.012279171496629715,0.0029021906666457653,-0.001465221750549972,0.0008722342900000513,-0.003858833573758602
2022-12-04,-0.0013743942836299539,0.009109756909310818,-0.0018560370663180947,-0.0014350996352732182,-0.0025972635485231876,-0.0010828007943928242,0.0031028117518872023,-0.004391488619148731,-0.004910721909254789,0.004518036264926195,-0.002130478387698531,-0.006049732677638531,0.0001503497624071315,-0.0038912566378712654,-0.015324879437685013,-0.003253272967413068,0.035305969417095184,0.018491994589567184,0.005026738625019789,0.0037585918325930834,-0.00043537546298466623,-0.002349565736949444,0.0008789978455752134,-0.0025541838258504868,0.0029021906666457653,-0.0012878699926659465,0.0008722342900000513,-0.0010364818153902888
2022-12-11,-0.0013743942836299539,0.009109756909310818,-0.0011691575637087226,-0.0014350996352732182,-0.0004653954820241779,-0.0010828007943928242,0.0031088492833077908,-0.0014351268764585257,-0.0030536979902535677,7.813277625245973e-05,-0.004782177973538637,-0.006049732677638531,0.0001503497624071315,0.0019840127788484097,-0.016004353761672974,-0.002660725498571992,0.02164161577820778,0.002819382818415761,0.005026738625019789,0.003319228533655405,0.001921287621371448,-0.003997865132987499,0.0008789978455752134,-0.0025541838258504868,0.0029021906666457653,-0.0012878699926659465,0.0008722342900000513,-0.0010364818153902888
2022-12-18,-0.0013743942836299539,0.004699747543781996,-0.0018560370663180947,-0.0014350996352732182,-0.0025972635485231876,-0.006760523654520512,0.006219722330570221,-0.0014351268764585257,-0.000877910468261689,0.006061886437237263,-0.002596311504021287,-0.004360460210591555,0.0001503497624071315,-0.0038912566378712654,-0.018193066120147705,-0.0016277031973004341,0.02166433446109295,0.002819382818415761,0.005026738625019789,0.002414017915725708,0.001921287621371448,-0.0035998609382659197,0.0008789978455752134,-0.0025541838258504868,0.0029021906666457653,-0.0012878699926659465,0.0008722342900000513,-0.0010364818153902888
2022-12-25,-0.0013743942836299539,0.008459342643618584,0.0008129009511321783,-0.0014350996352732182,-0.0025972635485231876,-0.0010828007943928242,0.008080143481492996,-0.0006313070189207792,-0.005174379795789719,0.0003485694760456681,-0.004782177973538637,-0.002770310500636697,0.0001503497624071315,-0.0038912566378712654,-0.010372760705649853,5.674029671354219e-05,0.01723119430243969,0.005893625319004059,0.005026738625019789,0.0037585918325930834,-0.00043537546298466623,-0.002349565736949444,0.0008789978455752134,-0.0025541838258504868,0.0029021906666457653,-0.0012878699926659465,0.0056306892074644566,-0.002831923309713602
2023-01-01,-0.001421020831912756,0.0028522300999611616,0.0017802517395466566,-0.0012412273790687323,-0.00227350858040154,0.00020876407506875694,0.008458118885755539,-0.0017621018923819065,-0.00512943509966135,-0.0017418445786461234,-0.0013875042786821723,-0.007836214266717434,-0.00038689858047291636,-0.00397538673132658,-0.001746084657497704,0.0004424076178111136,0.013234528712928295,0.009407084435224533,0.004701918922364712,0.006254613399505615,-0.0008016661158762872,-0.0028273058123886585,0.001162392320111394,-0.003525206819176674,0.0017141802236437798,-0.001350318780168891,0.005119818262755871,-0.0005690374528057873
2023-01-08,-0.0030649041291326284,0.004969484638422728,0.0018819128163158894,0.0005304191145114601,-0.0004538884968496859,-0.0013928679982200265,0.008568914607167244,0.0011201081797480583,-0.0070607829838991165,0.005299607291817665,-0.0013875042786821723,-0.0029829773120582104,-0.00038689858047291636,0.0054622371681034565,0.0058680628426373005,0.0007371712126769125,0.011993936263024807,0.008639711886644363,0.004701918922364712,0.0007026302628219128,-0.00019949287525378168,-0.01155344769358635,0.03800397738814354,-0.003525206819176674,0.0033964684698730707,-0.000504660012666136,0.0007496403413824737,-0.0005690374528057873
2023-01-15,-0.0030649041291326284,0.004969484638422728,-0.0003426562761887908,-0.007833646610379219,-0.0004538884968496859,-0.00029567163437604904,0.008283489383757114,-0.0015746656572446227,-0.004054677207022905,-0.0019397877622395754,-0.0013875042786821723,-0.0029829773120582104,-0.00038689858047291636,-0.00397538673132658,0.017287766560912132,0.0009077617432922125,0.011993936263024807,-0.0033574106637388468,0.004701918922364712,0.004501643590629101,-0.0008016661158762872,-0.010417052544653416,0.03800397738814354,-0.003525206819176674,-0.0017453349428251386,-0.001350318780168891,-0.034056391566991806,-0.0004308274365030229
2023-01-22,-0.001421020831912756,0.004969484638422728,0.0013100580545142293,-0.0012412273790687323,-0.00227350858040154,0.00020876407506875694,-0.02639264054596424,-0.0017621018923819065,-0.004054677207022905,0.001768271205946803,-0.0013875042786821723,-0.0025454098358750343,0.0036493316292762756,-0.00397538673132658,-0.0038483941461890936,0.0009077617432922125,-0.04716664180159569,-0.001783830695785582,0.008025768212974072,0.006254613399505615,0.003219791455194354,-0.01155344769358635,0.001162392320111394,0.004956351593136787,-0.006741325370967388,-0.000504660012666136,0.005119818262755871,-0.0017573602963238955
2023-01-29,-0.001421020831912756,0.004969484638422728,-0.0020943237468600273,-0.0012412273790687323,0.004184126853942871,-0.00047048399574123323,-0.03354622423648834,-0.0015746656572446227,0.004675023723393679,7.577473297715187e-07,-0.0013875042786821723,-0.0029829773120582104,0.0036493316292762756,-0.00397538673132658,0.017391061410307884,0.0009077617432922125,-0.04644940793514252,-0.001783830695785582,0.004701918922364712,0.003726313589140773,0.0038711882662028074,0.016638582572340965,0.0027151424437761307,0.004956351593136787,0.01574574038386345,-0.001350318780168891,0.0007496403413824737,-0.0005690374528057873
2023-02-05,0.001981089124456048,0.001023954595439136,-0.0002613233809825033,-0.0012412273790687323,0.004184126853942871,-0.00047048399574123323,0.01503782719373703,-0.0017621018923819065,-0.004054677207022905,0.00019870085816364735,-0.0013875042786821723,-0.0029829773120582104,0.0036493316292762756,-0.00397538673132658,-0.005064395256340504,-8.229041850427166e-05,-0.04644940793514252,-0.001783830695785582,0.004701918922364712,0.004501643590629101,-0.0008016661158762872,-0.003069076221436262,0.001162392320111394,0.0028987613040953875,0.0033964684698730707,-0.001350318780168891,0.005119818262755871,-0.0005690374528057873
2023-02-12,-0.014386952854692936,0.001023954595439136,-0.0033950330689549446,-0.0012412273790687323,-0.00227350858040154,-0.002072115894407034,0.013606333173811436,0.0011201081797480583,-0.004953692201524973,0.00019870085816364735,-0.0013875042786821723,-0.0029829773120582104,0.0036493316292762756,-0.00397538673132658,-0.003469904186204076,-0.003097232896834612,-0.05846172571182251,-0.001355696120299399,0.004701918922364712,0.004501643590629101,-0.00019949287525378168,-0.0011545465094968677,0.001162392320111394,0.0028987613040953875,-0.006741325370967388,-0.001350318780168891,0.0010766279883682728,-0.0003292550682090223
2023-02-19,-0.017610955983400345,0.001023954595439136,0.0035706120543181896,-0.0012412273790687323,-0.00227350858040154,-0.007730946410447359,-0.04414193332195282,0.10263567417860031,-0.00512943509966135,7.577473297715187e-07,-0.0013875042786821723,-0.0029829773120582104,0.0036493316292762756,-0.00397538673132658,-0.006262937560677528,-0.0018124169437214732,-0.059220314025878906,-0.001355696120299399,0.004701918922364712,0.004501643590629101,-0.0008016661158762872,-0.0016698428662493825,0.001162392320111394,0.0028987613040953875,0.014661600813269615,-0.000504660012666136,0.0010766279883682728,-0.0003292550682090223
2023-02-26,-0.04060429707169533,0.001023954595439136,0.0035706120543181896,0.0007378612644970417,-0.0004538884968496859,-0.006792520638555288,-0.044352591037750244,0.10117297619581223,-0.005375338718295097,0.00019870085816364735,-0.0013875042786821723,-0.0029829773120582104,0.0036493316292762756,-0.00397538673132658,-0.0047421869821846485,0.0013873146381229162,-0.059220314025878906,-0.001783830695785582,0.004701918922364712,0.004501643590629101,-0.018929356709122658,-0.0009127762168645859,0.001162392320111394,0.0028987613040953875,0.0033964684698730707,-0.001350318780168891,0.005119818262755871,-0.0005690374528057873
2023-03-05,-0.004081687889993191,0.001023954595439136,0.004029945004731417,-0.007246128283441067,-0.00227350858040154,-0.0035586135927587748,0.008030347526073456,0.10305005311965942,-0.00512943509966135,0.00019870085816364735,0.01207570731639862,-0.0038675551768392324,0.007859153673052788,-0.00397538673132658,-0.002304567489773035,-0.012803111225366592,-0.059220314025878906,-0.001783830695785582,0.004701918922364712,0.002460292773321271,-0.0019190349848940969,0.0004540705122053623,0.001162392320111394,0.0028987613040953875,0.0020016194321215153,-0.001350318780168891,0.0007496403413824737,-0.0003292550682090223
2023-03-12,-0.004081687889993191,0.001023954595439136,0.000896235229447484,0.0007378612644970417,-0.00227350858040154,-0.0009749197051860392,0.0062606181018054485,0.10286261886358261,-0.00512943509966135,0.0025377911515533924,0.016623564064502716,-0.0017681210301816463,0.0036493316292762756,-0.0028923703357577324,-0.00495730247348547,0.0029081664979457855,-0.059220314025878906,-0.001783830695785582,0.004701918922364712,0.002460292773321271,-0.0008016661158762872,0.00021230017591733485,0.001162392320111394,0.004956351593136787,0.0033964684698730707,-0.001350318780168891,0.0010766279883682728,-0.0005690374528057873
2023-03-19,-0.00833821576088667,-0.005571597255766392,0.000896235229447484,-0.0017380373319610953,-0.00227350858040154,-0.0035128772724419832,0.0062606181018054485,0.10286261886358261,-0.005375338718295097,0.009782028384506702,0.01207570731639862,-0.009051067754626274,0.0036493316292762756,-0.0026774518191814423,-0.004845480900257826,0.0013873146381229162,-0.056403037160634995,-0.001783830695785582,0.004701918922364712,0.002460292773321271,-0.00019949287525378168,0.0004540705122053623,0.001162392320111394,0.004248188342899084,0.0033964684698730707,-0.000504660012666136,0.0010766279883682728,-0.0005690374528057873
2023-03-26,-0.001421020831912756,-0.0016904316144064069,0.0011720755137503147,-0.0012412273790687323,-0.00227350858040154,-0.0050720409490168095,0.00455732736736536,0.10263567417860031,-0.005375338718295097,0.00019870085816364735,0.016623564064502716,-0.0029829773120582104,0.0036493316292762756,-0.0037604679819196463,-0.0030019565019756556,-0.000723291770555079,-0.056403037160634995,-0.001783830695785582,0.004701918922364712,0.002460292773321271,-0.00015026862092781812,7.253153307829052e-05,0.001162392320111394,0.010493568144738674,-0.0020199238788336515,-0.001350318780168891,0.0007496403413824737,-0.0005690374528057873
2023-04-02,-0.005410859826952219,0.011383585631847382,0.0038826591335237026,-0.0008836023625917733,-0.0009253959869965911,0.00046400268911384046,0.012247108854353428,0.0020119864493608475,0.0016411526594311,-0.0006272808532230556,-0.0008532870560884476,-0.0023803506046533585,0.003105518873780966,-0.003743543056771159,-0.04015490040183067,0.002292313612997532,0.0005072166095487773,-0.0019095133757218719,0.004783859010785818,0.0035093980841338634,-0.00030893782968632877,0.000851310498546809,0.001448309631086886,0.004598288796842098,-0.0032950248569250107,-0.0004113867471460253,0.0007437994936481118,2.0294512069085613e-05
2023-04-09,-0.0027711093425750732,0.0010013104183599353,0.0007808823138475418,-0.0008836023625917733,-0.0023594882804900408,-0.006873942445963621,0.012247108854353428,0.0016779261641204357,0.010365082882344723,-0.00019980469369329512,-0.0008532870560884476,-0.0023803506046533585,0.003105518873780966,-0.003743543056771159,0.010318784974515438,0.005508472677320242,0.0005072166095487773,-0.0019095133757218719,0.004783859010785818,0.0035093980841338634,-0.002463960787281394,0.0034666138235479593,0.11192894726991653,-0.0014139738632366061,-0.0023870801087468863,-0.0004113867471460253,0.0015527652576565742,2.0294512069085613e-05
2023-04-16,-0.02199161984026432,0.0010013104183599353,-0.002855621976777911,-0.0008836023625917733,-0.0023594882804900408,-0.012092731893062592,0.011028745211660862,0.00021360335813369602,-0.004287079442292452,0.0003353861393406987,-0.0019210904138162732,-0.0023803506046533585,0.004492604173719883,-0.003743543056771159,0.010318784974515438,0.002292313612997532,0.0004423961217980832,-0.0019095133757218719,0.004783859010785818,0.0035093980841338634,0.002732532797381282,0.0011631087400019169,0.10423707962036133,-0.003751956159248948,-0.0014247667277231812,-0.0004113867471460253,0.0015527652576565742,0.009184420108795166
2023-04-23,-0.02537163533270359,-0.0015810321783646941,0.0007808823138475418,-0.00010433884744998068,-0.0023594882804900408,-0.005425572860985994,0.012247108854353428,0.00021360335813369602,-0.004658155143260956,-0.00019980469369329512,-0.0019210904138162732,-0.0023803506046533585,0.0036199064925312996,-0.003743543056771159,-0.0003934602136723697,0.00554379029199481,0.0004423961217980832,-0.0019095133757218719,0.005588218104094267,0.0035093980841338634,-0.002022957196459174,0.000851310498546809,-0.020971909165382385,0.0009894086979329586,-0.0014247667277231812,-0.0004113867471460253,0.0015527652576565742,-0.0009333869093097746
2023-04-30,-0.004770616535097361,-0.002453619847074151,-0.0018062434392049909,-0.00868365727365017,-0.0023594882804900408,0.003179547842592001,0.013434263877570629,0.0016779261641204357,-0.004289289005100727,0.0003353861393406987,-0.0012810606276616454,-0.0023803506046533585,0.003105518873780966,-0.003743543056771159,0.010318784974515438,1.0535542969591916e-05,0.0004423961217980832,-0.001363571034744382,0.005588218104094267,0.0035093980841338634,0.0003083185583818704,0.0036453173961490393,0.01654864475131035,0.0009894086979329586,0.0026088960003107786,-0.0004113867471460253,0.0007437994936481118,-0.0009333869093097746
2023-05-07,-0.0020540764089673758,-0.001064441748894751,-0.0018062434392049909,-0.0006948277004994452,-0.0023594882804900408,-0.007129231467843056,0.010252118110656738,0.00021360335813369602,-0.0037583548109978437,0.0003353861393406987,-0.0012810606276616454,-0.004856151528656483,0.003105518873780966,-0.003743543056771159,-0.0030681954231113195,0.005530023016035557,0.0004423961217980832,-0.0019095133757218719,0.005588218104094267,0.0035093980841338634,0.002732532797381282,0.020074937492609024,-0.04214155301451683,0.0012548768427222967,-0.0014247667277231812,-0.0004113867471460253,0.0007437994936481118,-0.0009333869093097746
2023-05-14,-0.024211019277572632,0.0010013104183599353,-0.0018062434392049909,-0.0033063660375773907,-0.0009253959869965911,0.00046400268911384046,0.012247108854353428,0.00021360335813369602,-0.005448510870337486,0.0003353861393406987,-0.00021325722627807409,-0.003091375110670924,0.003105518873780966,-0.003743543056771159,0.009643059223890305,0.002292313612997532,0.0004423961217980832,-0.019811438396573067,0.005588218104094267,0.0035093980841338634,-0.00030893782968632877,0.0036453173961490393,-0.008569340221583843,0.0005983082810416818,-0.0014247667277231812,-0.0004113867471460253,0.0015527652576565742,-0.00178148178383708
2023-05-21,-0.02730790339410305,0.0010013104183599353,-0.0018062434392049909,-0.00010433884744998068,-0.0023594882804900408,0.0005538586410693824,0.011028745211660862,0.00021360335813369602,-0.0033872798085212708,0.00479903444647789,-0.00021325722627807409,-0.0006155759328976274,0.003105518873780966,-0.003743543056771159,-0.0030681954231113195,0.006646171677857637,0.0012551144463941455,0.006370891351252794,0.005588218104094267,0.0035093980841338634,0.002732532797381282,0.0011631087400019169,0.004884418100118637,0.0051528699696063995,0.016740981489419937,-0.0004113867471460253,0.0015527652576565742,-0.0009333869093097746
2023-05-28,-0.030709723010659218,-0.004005618393421173,0.003914353437721729,-0.008093168959021568,-0.0023594882804900408,-0.0014719024766236544,0.010252118110656738,0.00021360335813369602,-0.006348309572786093,-0.005875575356185436,-0.00021325722627807409,-0.0004875592712778598,0.003105518873780966,-0.016437578946352005,-0.00242328061722219,-0.009640241973102093,-0.007051119580864906,0.006370891351252794,0.007325529120862484,0.0035093980841338634,-0.017576931044459343,-0.0073155914433300495,0.0023773303255438805,-0.0019690552726387978,-0.0014247667277231812,-0.0004113867471460253,0.0007437994936481118,-0.00178148178383708
2023-06-04,-0.021945055574178696,0.0010013104183599353,-0.0026935231871902943,-0.00010433884744998068,-0.0009253959869965911,-5.812615199829452e-05,0.013152205385267735,0.0016779261641204357,-0.004287079442292452,0.003837200812995434,-0.0008532870560884476,-0.0023803506046533585,0.003105518873780966,-0.018874414265155792,-0.0030681954231113195,0.0057350872084498405,-0.0006906340131536126,0.005824949126690626,0.004783859010785818,0.011228841729462147,0.002732532797381282,-0.010475879535079002,0.001448309631086886,0.000843566725961864,-0.0014247667277231812,-0.0004113867471460253,0.0007437994936481118,-0.0009333869093097746
2023-06-11,0.01038797851651907,-0.0005152280791662633,0.004158585797995329,-0.00010433884744998068,-0.01013337355107069,-0.0014719024766236544,-0.006733134388923645,0.0027410564944148064,-0.004287079442292452,0.005806273780763149,-0.00021325722627807409,-0.0023803506046533585,0.00020099947869312018,-0.016437578946352005,-0.0030681954231113195,-0.009657165966928005,0.0003047148056793958,-0.001363571034744382,0.006098669953644276,0.011228841729462147,-0.012838904745876789,-0.020556537434458733,0.0023773303255438805,0.0051528699696063995,-0.0014247667277231812,-0.0004113867471460253,0.0015527652576565742,-0.00178148178383708
2023-06-18,-0.02952730469405651,0.0009014875395223498,0.004282946232706308,-0.008093168959021568,-0.0009253959869965911,-5.812615199829452e-05,-0.017054889351129532,0.0027410564944148064,-0.009853936731815338,0.004511809442192316,-0.00021325722627807409,-0.0023803506046533585,0.003105518873780966,-0.007795298937708139,0.009832036681473255,-0.01856456883251667,0.0003047148056793958,-0.0019095133757218719,0.004783859010785818,0.011228841729462147,-0.00030893782968632877,-0.0025656174402683973,0.0023773303255438805,0.0035941258538514376,-0.0014247667277231812,-0.0004113867471460253,0.0015527652576565742,-0.0009333869093097746
2023-06-25,-0.022812973707914352,-0.021060986444354057,0.0007808823138475418,-0.00010433884744998068,-0.0023594882804900408,-5.812615199829452e-05,-0.02988191321492195,0.009434309788048267,-0.007440117187798023,-0.00616280036047101,-0.0031029193196445704,-0.0023803506046533585,0.003105518873780966,-0.016437578946352005,-0.040461909025907516,-0.008019463159143925,0.0003047148056793958,-0.001363571034744382,0.006703521125018597,0.012943665497004986,0.002732532797381282,-0.00937668140977621,0.001448309631086886,0.000843566725961864,-0.0014247667277231812,-0.0004113867471460253,0.00025973247829824686,-0.00178148178383708
2023-07-02,0.049283359199762344,0.0030222132336348295,0.004105407744646072,-0.00832997914403677,0.005018145777285099,0.0021868012845516205,-0.0006254252512007952,0.0015987737569957972,0.014664792455732822,0.009100803174078465,-0.005668108817189932,-0.002044021850451827,0.0015116122085601091,-0.001055849133990705,0.023025013506412506,0.017894428223371506,0.0008301721536554396,-0.00277329352684319,0.005244132596999407,0.020956890657544136,-0.0044232201762497425,-0.04407801851630211,-0.021665556356310844,0.0026074806228280067,0.007100012619048357,0.00027538984431885183,0.0023374627344310284,-0.0010215903166681528
2023-07-09,-0.004697872791439295,0.001048112171702087,-0.0021212385036051273,-0.005002050194889307,0.007846108637750149,0.018324628472328186,0.0407802052795887,0.0015987737569957972,0.014420839957892895,-0.0018605015939101577,-0.005668108817189932,-0.002044021850451827,0.0015116122085601091,0.019899429753422737,0.01704041101038456,-0.013395477086305618,0.0008301721536554396,-0.00277329352684319,0.004988931119441986,0.02068992517888546,0.009153765626251698,-0.015813447535037994,0.0028367466293275356,0.004559407476335764,0.008175100199878216,0.0008009569719433784,0.014673272147774696,-0.0016884057549759746
2023-07-16,0.06124749407172203,-0.0009419972775503993,-0.0064292168244719505,-0.005002050194889307,-0.04429732635617256,-0.002575466176494956,-0.004308289848268032,0.0015987737569957972,0.0037920891772955656,0.012451927177608013,-0.0009398851543664932,-0.002044021850451827,0.005030220840126276,-0.0022906875237822533,0.014034262858331203,-0.002118545351549983,0.0008301721536554396,-0.026094600558280945,0.00410989485681057,0.01624004729092121,0.014224453829228878,-0.007488134782761335,-0.021665556356310844,-0.010874563828110695,0.007100012619048357,0.00027538984431885183,0.0023374627344310284,-0.0013023498468101025
2023-07-23,0.05293279513716698,-0.0012528221122920513,-0.004087941721081734,-0.0008862860267981887,-0.005810525733977556,-0.005709703080356121,-0.004421296063810587,0.00425371527671814,0.00854563619941473,0.004975511692464352,-0.0009398851543664932,-0.002044021850451827,0.0028683238197118044,0.007727798540145159,0.023519864305853844,0.01499217189848423,0.0008301721536554396,-0.00277329352684319,0.005244132596999407,0.019845621660351753,-0.0044232201762497425,-0.014574689790606499,0.0028367466293275356,-0.029144447296857834,0.009310408495366573,0.008486920967698097,-0.01334101241081953,-0.00010002226918004453
2023-07-30,0.027651207521557808,0.0002106816100422293,-0.004087941721081734,-0.00012374931247904897,-0.0020642343442887068,0.0006202077493071556,0.04230957478284836,0.00425371527671814,0.016001930460333824,-0.0036265042144805193,0.004130626562982798,-0.002044021850451827,0.0015116122085601091,-0.0022906875237822533,0.020144479349255562,-0.0009086423669941723,-0.00037442968459799886,-0.04848407953977585,0.00410989485681057,0.02035597525537014,0.009153765626251698,0.010418582707643509,0.0028367466293275356,-0.0019707747269421816,0.014572575688362122,0.00027538984431885183,0.045087311416864395,-0.0016884057549759746
2023-08-06,0.02238520048558712,-0.0012528221122920513,-0.004087941721081734,-0.006584587972611189,-0.0051599848084151745,-0.0033737560734152794,0.04207351431250572,0.0034712126944214106,0.01587069407105446,0.001970999874174595,-0.0009398851543664932,-0.0002631731622386724,0.0028683238197118044,-0.001055849133990705,0.012657065875828266,0.027203988283872604,-0.00037442968459799886,-0.00277329352684319,0.00410989485681057,0.02035597525537014,0.009153765626251698,-0.014574689790606499,0.0028367466293275356,-0.008817983791232109,0.019048044458031654,0.005607136990875006,-0.020622601732611656,-0.0013023498468101025
2023-08-13,0.02238520048558712,0.001048112171702087,0.0010076492326334119,0.0071343048475682735,-0.0031202647369354963,0.007624742574989796,0.04054414480924606,0.0034712126944214106,0.01587069407105446,-0.0012680591316893697,0.014980273321270943,0.0029439220670610666,0.0015116122085601091,-0.001055849133990705,0.0035541027318686247,0.041425447911024094,-0.00037442968459799886,-0.00277329352684319,0.006009947974234819,0.02035597525537014,0.009153765626251698,-0.014730109833180904,0.0028367466293275356,-0.0029446783009916544,0.014572575688362122,0.00027538984431885183,0.0011851382441818714,-0.0013023498468101025
2023-08-20,0.02238520048558712,0.001048112171702087,-0.004205905832350254,-0.008116290904581547,-0.0051599848084151745,0.002196613233536482,0.05397418141365051,0.00425371527671814,0.009170200675725937,-0.0019883112981915474,-0.0009398851543664932,0.0029439220670610666,0.0034610906150192022,-0.0022906875237822533,0.024308564141392708,0.005341323558241129,-0.0016935665626078844,-0.00277329352684319,0.004375466611236334,0.006195183843374252,0.011128392070531845,-0.014574689790606499,0.08314936608076096,-0.0029446783009916544,0.014572575688362122,0.00027538984431885183,0.0011851382441818714,-0.0013023498468101025
2023-08-27,0.02238520048558712,-0.0012528221122920513,-0.0028478160966187716,-0.007567442487925291,-0.0005561253638006747,0.007624742574989796,0.0077783106826245785,0.0034712126944214106,0.016001930460333824,0.001862920355051756,-0.005668108817189932,-0.002044021850451827,0.0015116122085601091,-0.001055849133990705,0.0120058823376894,-0.014930418692529202,-0.0016935665626078844,-0.00277329352684319,0.004375466611236334,0.006376951467245817,0.009153765626251698,-0.014574689790606499,-0.044906165450811386,-0.0029446783009916544,0.006009629927575588,0.00027538984431885183,0.0023374627344310284,-0.0013023498468101025
2023-09-03,0.02238520048558712,0.001048112171702087,-0.004087941721081734,-0.005002050194889307,-0.0005561253638006747,0.005652889143675566,0.007541020400822163,0.00425371527671814,0.015377366915345192,-0.0019883112981915474,-0.0009398851543664932,-0.002044021850451827,0.00037960815825499594,-0.001055849133990705,0.012126440182328224,-0.0009086423669941723,-0.0016935665626078844,-0.0032413960434496403,0.006009947974234819,0.006376951467245817,0.014224453829228878,-0.05918150767683983,-0.022389302030205727,-0.0029446783009916544,0.010085099376738071,0.00027538984431885183,0.0023374627344310284,-0.00010002226918004453
2023-09-10,0.036009907722473145,-0.0012528221122920513,-0.005448206327855587,-0.009912515990436077,0.0047372328117489815,0.010153217241168022,0.05397418141365051,0.0034712126944214106,0.016001930460333824,0.002224451396614313,-0.005668108817189932,-0.0002631731622386724,0.0012631812132894993,-0.001055849133990705,0.015245053917169571,0.038589462637901306,-0.0016935665626078844,-0.003863988211378455,0.0071441857144236565,0.006376951467245817,0.014224453829228878,-0.014574689790606499,0.0028367466293275356,-0.0029446783009916544,0.013091161847114563,0.00027538984431885183,0.0023374627344310284,0.015326195396482944
2023-09-17,0.036009907722473145,0.001048112171702087,0.0068174260668456554,0.01817920245230198,0.0012249215506017208,0.0029938719235360622,0.05550355091691017,0.0034712126944214106,0.016001930460333824,0.01500775758177042,-0.0009398851543664932,-0.0002631731622386724,0.0017363332444801927,-0.001055849133990705,0.01412934809923172,0.01661825366318226,-0.0016935665626078844,-0.0032413960434496403,0.006009947974234819,0.006376951467245817,-0.01735541969537735,-0.0166479405015707,0.0028367466293275356,-0.0029446783009916544,0.014572575688362122,0.00027538984431885183,0.0023374627344310284,0.00418896833434701
2023-09-24,0.036009907722473145,-0.0012528221122920513,-0.001871167914941907,0.0019909502007067204,0.0012249215506017208,-0.0033737560734152794,0.0077783106826245785,0.00425371527671814,0.01587069407105446,-0.001686050440184772,-0.005668108817189932,-0.002044021850451827,0.0017363332444801927,-0.001055849133990705,0.024308564141392708,0.026954203844070435,-0.0016935665626078844,-0.003863988211378455,0.004375466611236334,0.006376951467245817,-0.0016542996745556593,-0.013740196824073792,0.0028367466293275356,-0.0029446783009916544,0.014572575688362122,0.00027538984431885183,0.0011851382441818714,-0.0013023498468101025
2023-10-01,-0.0008447289583273232,0.0010171919129788876,0.0017697523580864072,0.008040967397391796,-0.0014471684116870165,-0.006195990368723869,0.006096760742366314,0.0030597830191254616,-0.0033647334203124046,-0.0026954994536936283,-0.002347891451790929,-0.0006258352659642696,0.0010567129356786609,-0.0027500127907842398,0.006037975661456585,0.012275011278688908,-0.0036039957776665688,-0.002337958198040724,0.001477089012041688,0.0029957315418869257,0.010248182341456413,-0.007496354635804892,0.0033444310538470745,-0.008890426717698574,0.0010130783775821328,-0.0003604033263400197,0.0009151455014944077,-8.906109724193811e-05
2023-10-08,-0.008704845793545246,0.0024803001433610916,-0.007461730856448412,0.0056296405382454395,-0.0014471684116870165,0.0024107873905450106,0.006096760742366314,0.0030597830191254616,-0.0033647334203124046,-0.0015190730337053537,-0.002347891451790929,0.0005035838694311678,0.005210567265748978,-0.0027500127907842398,0.03380174562335014,0.014628409408032894,-0.0036039957776665688,-0.002337958198040724,0.001477089012041688,-0.017704421654343605,-0.006931846961379051,-0.007496354635804892,0.0033444310538470745,-0.004014667123556137,-0.0009013306116685271,-0.0003604033263400197,0.0013713171938434243,-8.906109724193811e-05
2023-10-15,-0.008704845793545246,0.0024803001433610916,-0.005487571470439434,0.012207013554871082,-0.0014471684116870165,-0.008769054897129536,0.006096760742366314,0.004454764537513256,-0.0033647334203124046,-0.0026954994536936283,-0.002347891451790929,-0.002039337530732155,0.005210567265748978,-0.0027500127907842398,0.03457263484597206,-0.022575272247195244,0.000717821647413075,-0.0012651929864659905,0.0017572303768247366,0.0029957315418869257,-0.009157489985227585,-0.007986617274582386,0.0033444310538470745,-0.004014667123556137,0.0023258826695382595,-0.0003604033263400197,0.0013713171938434243,-8.906109724193811e-05
2023-10-22,-0.008704845793545246,0.0024803001433610916,-4.71402527182363e-05,0.012207013554871082,-0.0014471684116870165,0.0024107873905450106,0.006096760742366314,0.0030597830191254616,-0.0033647334203124046,0.0008112947107292712,-0.002347891451790929,-0.00014566992467734963,0.005210567265748978,-0.0027500127907842398,0.0289108008146286,0.015410325489938259,0.000717821647413075,-0.002337958198040724,0.0017572303768247366,0.0029957315418869257,-0.009157489985227585,-0.007986617274582386,0.0033444310538470745,-0.014274155721068382,0.0010130783775821328,-0.0003604033263400197,0.0013713171938434243,1.6002426491468213e-05
2023-10-29,-0.008704845793545246,0.0024803001433610916,0.0019474354339763522,0.012094005011022091,-0.0014471684116870165,-0.012032166123390198,0.006096760742366314,0.0030597830191254616,-0.0033647334203124046,-0.002092118375003338,-0.002347891451790929,-0.0014351375866681337,0.004403177183121443,-0.0027500127907842398,0.027051663026213646,0.014733673073351383,9.834264346864074e-05,-0.002337958198040724,0.0014225887134671211,0.0029957315418869257,-0.031076356768608093,-0.007986617274582386,0.0033444310538470745,-0.023283466696739197,0.0010130783775821328,-0.0003604033263400197,0.0013713171938434243,1.6002426491468213e-05
2023-11-05,0.002544926945120096,0.0024803001433610916,-0.0003290523018222302,0.009601874276995659,-0.0014471684116870165,-0.015571094118058681,0.006096760742366314,0.0030597830191254616,-0.0037883208133280277,-0.002092118375003338,-0.002347891451790929,-0.0010872945422306657,0.004403177183121443,-0.0027500127907842398,0.041097912937402725,0.014267249032855034,0.000717821647413075,-0.002337958198040724,0.001477089012041688,0.003980137873440981,-0.013170837424695492,-0.007986617274582386,0.0033444310538470745,-0.018407704308629036,0.0010130783775821328,-0.0003604033263400197,0.001844075508415699,1.6002426491468213e-05
2023-11-12,-0.008704845793545246,0.0024803001433610916,-0.0003290523018222302,0.009601874276995659,0.0011339193442836404,-0.007200875785201788,0.006096760742366314,0.0030597830191254616,-0.0037883208133280277,-0.0032685445621609688,0.0005347384139895439,-0.0014351375866681337,0.004403177183121443,-0.0027500127907842398,0.027094746008515358,0.014267249032855034,0.000717821647413075,-0.002337958198040724,0.001477089012041688,0.003775634802877903,-0.0020631684456020594,-0.007986617274582386,0.0033444310538470745,-0.008782374672591686,0.0010130783775821328,-0.0003604033263400197,0.001844075508415699,1.6002426491468213e-05
2023-11-19,-0.008704845793545246,0.0028031535912305117,0.00023559782130178064,0.009601874276995659,-0.0014471684116870165,8.202472236007452e-05,0.006096760742366314,0.0030597830191254616,0.003179590916261077,-0.0032685445621609688,0.0005347384139895439,-0.0014351375866681337,0.004403177183121443,-0.0027500127907842398,0.03292848914861679,-0.02327251248061657,0.000717821647413075,-0.002337958198040724,0.001477089012041688,0.003775634802877903,-0.004939303267747164,-0.007986617274582386,0.0033444310538470745,-0.010021231137216091,0.0010130783775821328,-0.0003604033263400197,0.001844075508415699,1.6002426491468213e-05
2023-11-26,-0.008882241323590279,-8.39397544041276e-05,0.00021246036340016872,0.017127150669693947,-0.0014471684116870165,-0.01317107304930687,0.006096760742366314,0.0030597830191254616,0.003179590916261077,-0.002092118375003338,0.0014649962540715933,-0.0014351375866681337,0.004403177183121443,-0.0027500127907842398,0.03397365286946297,0.017402559518814087,0.005155681632459164,-0.003965161275118589,0.001477089012041688,0.003775634802877903,-0.0075415950268507,-0.007986617274582386,0.0033444310538470745,-0.012064632959663868,0.0010130783775821328,-0.0003604033263400197,0.001844075508415699,0.0009636565227992833
2023-12-03,-0.013927079737186432,0.0010171919129788876,0.0025183793623000383,0.01556624285876751,-0.005772487726062536,-0.008769054897129536,0.006096760742366314,0.004454764537513256,-0.010766222141683102,0.00023824936943128705,0.0014649962540715933,-0.0014351375866681337,0.004403177183121443,-0.0027500127907842398,0.03215759992599487,0.016114866361021996,6.418244447559118e-05,-0.003965161275118589,0.004291719291359186,0.004215344786643982,-0.013207186944782734,-0.007986617274582386,0.0033444310538470745,-0.002490679267793894,0.0010130783775821328,-0.0003604033263400197,0.001844075508415699,1.6002426491468213e-05
2023-12-10,-0.013927079737186432,0.0010171919129788876,-0.0015782668488100171,0.017127150669693947,0.0011339193442836404,-0.008769054897129536,0.006096760742366314,0.0030597830191254616,-0.0033647334203124046,-0.0009381776326335967,0.0014649962540715933,-0.0021078656427562237,0.004403177183121443,-0.0027500127907842398,0.03292848914861679,0.014267249032855034,0.000717821647413075,-0.003965161275118589,0.006042650435119867,0.003775634802877903,-0.01283256709575653,-0.05311238765716553,0.0033444310538470745,-0.0012300030793994665,0.0010130783775821328,-0.0003604033263400197,0.001844075508415699,1.6002426491468213e-05
2023-12-17,-0.013927079737186432,-0.010207457467913628,-0.0009114194544963539,0.017127150669693947,0.0011339193442836404,-0.008769054897129536,0.006205347832292318,0.004454764537513256,-0.010766222141683102,-0.001405281713232398,-0.00551537424325943,-0.0033613191917538643,0.004403177183121443,-0.0027500127907842398,0.017388779670000076,0.01514382939785719,0.000717821647413075,-0.003965161275118589,0.006854828912764788,0.004215344786643982,-0.010230274870991707,0.00043967319652438164,-0.05805299058556557,-0.002490679267793894,0.0010130783775821328,-0.0003604033263400197,0.001844075508415699,0.0010687197791412473
2023-12-24,-0.013927079737186432,-0.013180666603147984,-0.0009114194544963539,0.00914941169321537,-0.0014471684116870165,-0.007200875785201788,0.006632552947849035,0.0030597830191254616,-0.010766222141683102,-0.001405281713232398,0.0005347384139895439,-0.0020718525629490614,0.004403177183121443,-0.0027500127907842398,0.03839287906885147,0.014267249032855034,0.000717821647413075,-0.003965161275118589,0.006042650435119867,0.004215344786643982,-0.017818523570895195,-0.007770597003400326,-0.03621901199221611,0.009442640468478203,0.0010130783775821328,-0.0003604033263400197,0.001844075508415699,-0.0016066964017227292
2023-12-31,-0.015592356212437153,-0.026201890781521797,0.0012993223499506712,0.005405038595199585,0.0038232067599892616,-0.008439309895038605,-0.03178201615810394,0.0038390832487493753,-0.0017284557688981295,-0.0012187393149361014,-0.002481968840584159,-0.001148470095358789,0.004248433746397495,-0.001920482493005693,0.009703589603304863,0.02250557206571102,0.00726050091907382,0.020742792636156082,0.003534747054800391,0.013352739624679089,-0.011880594305694103,0.07564803212881088,0.11936444044113159,-0.0047220452688634396,0.00044614402577281,-9.101672912947834e-05,0.006359606049954891,0.0009238204802386463
2024-01-07,0.008544298820197582,0.0008146485779434443,0.003172983881086111,0.003587813815101981,6.674425094388425e-06,0.032467618584632874,0.022453702986240387,0.005501100793480873,-0.0011657483410090208,-0.0018405772279947996,0.004174335859715939,-0.0056525180116295815,-0.0025183793623000383,-0.0019548102281987667,0.004452488850802183,0.018624136224389076,0.000675972260069102,0.020742792636156082,0.006699786987155676,0.013352739624679089,0.0015528036747127771,-0.0006808073376305401,-0.02129550091922283,-0.01119893230497837,0.017825573682785034,-9.101672912947834e-05,0.0010015526786446571,0.0004801742034032941
2024-01-14,-0.015592356212437153,0.0009746684809215367,-0.008547556586563587,0.002704884624108672,0.0038232067599892616,0.007893030531704426,0.01921944133937359,0.0038390832487493753,-0.0017284557688981295,0.004788889084011316,-0.0012620796915143728,-0.0011580921709537506,-0.0026854765601456165,-0.0019548102281987667,0.006419841665774584,0.030505022034049034,0.0013746703043580055,0.002761712297797203,0.006699786987155676,0.012726514600217342,-0.0010506693506613374,0.01915159448981285,-0.03937242925167084,-0.002493498148396611,0.017825573682785034,-9.101672912947834e-05,0.040268950164318085,0.0006025686743669212
2024-01-21,-0.002431222703307867,0.0009746684809215367,-0.007762921508401632,0.0012796351220458746,0.0038232067599892616,0.003497360274195671,0.020215380936861038,0.00531959580257535,-0.0017284557688981295,0.0011911180336028337,-0.004666736349463463,-0.008606510236859322,-0.0026854765601456165,-0.001920482493005693,0.006419841665774584,-0.006831123493611813,0.0014680956955999136,0.020742792636156082,0.006085983943194151,0.012726514600217342,-0.0024240706115961075,0.014538104645907879,0.011893217451870441,-0.030564725399017334,0.00044614402577281,-9.101672912947834e-05,-0.03787132352590561,0.0014361707726493478
2024-01-28,-0.002431222703307867,0.0008146485779434443,0.00071545789251104,0.002704884624108672,-0.027143258601427078,0.009487495757639408,0.020215380936861038,0.00531959580257535,-0.0017284557688981295,0.013207895681262016,-0.004243218339979649,-0.0017498856177553535,-0.0016007546801120043,-0.001920482493005693,0.015021121129393578,-0.0012571604456752539,0.0014680956955999136,0.021231116726994514,0.006085983943194151,0.013352739624679089,-0.0019682380370795727,0.006407583132386208,0.011893217451870441,-0.002493498148396611,0.00044614402577281,-9.101672912947834e-05,-0.04030364379286766,0.0016101751243695617
2024-02-04,-0.002431222703307867,0.01478459034115076,-0.0007348779472522438,0.0039052481297403574,0.0038232067599892616,0.012640264816582203,0.008386877365410328,0.00531959580257535,-0.0017284557688981295,-0.0011519817635416985,-0.0050210729241371155,-0.0017498856177553535,-0.0024278101045638323,-0.0019548102281987667,0.015021121129393578,0.013720805756747723,-0.0008101675193756819,0.020742792636156082,0.006085983943194151,0.0027266843244433403,0.00011558897676877677,0.04502899944782257,0.011893217451870441,-0.0003756626392714679,0.017825573682785034,-9.101672912947834e-05,-0.018091043457388878,0.001931426813825965
2024-02-11,-0.002606289694085717,0.0009746684809215367,-0.007596861571073532,0.01851019077003002,0.0038232067599892616,-0.0005486778682097793,0.008386877365410328,0.0038390832487493753,-0.0011657483410090208,-0.0011519817635416985,-0.002481968840584159,-0.0017498856177553535,0.0033686317037791014,-0.001920482493005693,0.009102603420615196,0.0273429024964571,-0.0035058902576565742,0.020742792636156082,0.006085983943194151,0.0027266843244433403,0.0014726037625223398,0.0011864274274557829,0.011893217451870441,-0.0047220452688634396,0.016698114573955536,-9.101672912947834e-05,0.0010015526786446571,0.00020413844322320074
2024-02-18,-0.002606289694085717,0.0008146485779434443,-0.004971145186573267,0.0030847485177218914,0.0038232067599892616,0.0017413614550605416,0.013573922216892242,0.0038390832487493753,-0.021410707384347916,-0.0011519817635416985,-0.002481968840584159,-0.0017498856177553535,0.001876438269391656,0.009338158182799816,0.009102603420615196,0.02377464808523655,-0.0035058902576565742,0.02092125080525875,0.006116823758929968,0.0027266843244433403,0.0014726037625223398,0.04766659438610077,0.011893217451870441,0.001385471667163074,0.016698114573955536,-9.101672912947834e-05,0.016799507662653923,0.00020413844322320074
2024-02-25,0.0010189269669353962,0.003307145554572344,-0.008639357052743435,0.0015849592164158821,0.0038232067599892616,0.0013379802694544196,0.013573922216892242,0.00531959580257535,-0.001162331085652113,-0.0018405772279947996,-0.002481968840584159,-0.0017498856177553535,-9.585126827005297e-05,0.009668582119047642,0.0094546964392066,-0.011487524025142193,0.01703677698969841,0.005940673407167196,0.0006166837993077934,0.0027266843244433403,-0.004813119303435087,-0.006698990240693092,0.011893217451870441,-0.002493498148396611,0.0169982872903347,-9.101672912947834e-05,0.0010015526786446571,0.00020413844322320074
2024-03-03,0.0012362221023067832,0.0006777823437005281,-0.001645302982069552,0.01851019077003002,0.08597203344106674,0.0018633928848430514,0.013573922216892242,0.0038390832487493753,-0.0011657483410090208,-0.000808040495030582,0.007203435525298119,-0.0017498856177553535,0.0013963424134999514,-0.0015900578582659364,0.008490788750350475,-0.011099114082753658,0.0014680956955999136,0.002299786312505603,0.006085983943194151,0.0027266843244433403,-4.5774508180329576e-05,-0.00029158234247006476,-0.025811001658439636,-0.002493498148396611,0.016698114573955536,-9.101672912947834e-05,-0.015424210578203201,0.00020413844322320074
2024-03-10,0.0012362221023067832,0.0008146485779434443,-0.00742334546521306,0.0030847485177218914,0.0038232067599892616,-0.0032081534154713154,0.013573922216892242,0.0038390832487493753,-0.02376548945903778,-0.0018405772279947996,-0.002481968840584159,0.0017959020333364606,0.0004431381821632385,-0.0015900578582659364,0.010427839122712612,-0.006384109612554312,-0.0008101675193756819,0.005940673407167196,0.006085983943194151,0.0027266843244433403,-0.002062783809378743,0.00854827743023634,0.011893217451870441,0.001385471667163074,0.016698114573955536,-9.101672912947834e-05,0.0010015526786446571,0.00020413844322320074
2024-03-17,0.0012362221023067832,0.0009746684809215367,-0.005776702892035246,-0.0010470624547451735,6.674425094388425e-06,0.009487495757639408,0.005282448139041662,0.002939712256193161,-0.0011657483410090208,0.0011911180336028337,0.022380316630005836,0.0031550803687423468,-9.585126827005297e-05,-0.00836424995213747,0.0094546964392066,-0.015045814216136932,0.0014680956955999136,0.020527677610516548,0.006085983943194151,0.0027266843244433403,0.008260272443294525,0.00018207654647994787,0.011893217451870441,-0.0047220452688634396,0.016698114573955536,-9.101672912947834e-05,0.0010015526786446571,-0.016881505027413368
2024-03-24,0.0012362221023067832,0.0009746684809215367,-0.005776702892035246,0.0037732922937721014,6.674425094388425e-06,0.014563835225999355,0.005282448139041662,0.0012776950607076287,-0.001162331085652113,-0.02481454610824585,-0.002481968840584159,-0.009181804955005646,-0.0007199525134637952,-0.0018020342104136944,0.010914157144725323,-0.009972784668207169,0.0014680956955999136,0.024562139064073563,0.006085983943194151,0.0027266843244433403,0.005909215193241835,-0.00044506139238364995,0.011893217451870441,-0.002493498148396611,0.017825573682785034,-9.101672912947834e-05,0.0010015526786446571,-0.00011711331899277866
2024-03-31,0.0016214997740462422,0.0016726974863559008,-0.004873348865658045,0.010837065055966377,-0.004829520359635353,0.0014091674238443375,0.000547005794942379,0.002224190393462777,0.03190791606903076,0.018058715388178825,0.0086356271058321,0.010839537717401981,0.00019962733495049179,-0.0013594874180853367,0.0103702861815691,-0.008882557973265648,0.00013929573469795287,0.008658086881041527,0.006685824133455753,0.002540143672376871,0.009669609367847443,0.008369452320039272,0.004424477927386761,0.002443355042487383,0.001350088743492961,-8.18798434920609e-05,0.002169355982914567,-0.0014555618399754167
2024-04-07,0.0016214997740462422,0.0016726974863559008,-0.004873348865658045,-0.008432038128376007,-0.0035781709011644125,-0.003647919511422515,0.000547005794942379,2.5911431293934584e-06,-0.005422464106231928,0.013416804373264313,0.009604654274880886,-0.0010250731138512492,8.985959721030667e-05,-0.0013594874180853367,0.014782479032874107,0.0010094690369442105,0.00013929573469795287,0.028519000858068466,0.005481861066073179,0.002540143672376871,0.009669609367847443,0.0005096046952530742,0.004424477927386761,-0.00487953657284379,0.001350088743492961,-8.18798434920609e-05,0.002169355982914567,0.0004509326536208391
2024-04-14,0.0016214997740462422,-0.00028091389685869217,-0.003824707120656967,0.010837065055966377,-0.004829520359635353,-0.0069274138659238815,0.000547005794942379,0.002224190393462777,0.008156964555382729,0.0026324475184082985,0.009604654274880886,0.0026224988978356123,4.791224637301639e-05,-0.0009723550756461918,0.0103702861815691,0.0010094690369442105,0.00013929573469795287,0.03007613681256771,0.005481861066073179,0.002540143672376871,0.009019865654408932,0.0005096046952530742,0.0054777381010353565,0.008530352264642715,0.004453645553439856,-8.18798434920609e-05,0.013311400078237057,0.007314351852983236
2024-04-21,0.0016214997740462422,0.011295146308839321,-0.004873348865658045,0.010837065055966377,-0.004829520359635353,-0.004345559980720282,0.000547005794942379,0.004237983841449022,0.023297183215618134,-0.007376447319984436,0.008120415732264519,0.0026224988978356123,0.0002776800829451531,-0.0013594874180853367,0.0103702861815691,0.0010094690369442105,0.017397059127688408,0.028519000858068466,0.006746015045791864,0.002540143672376871,0.009019865654408932,0.0005096046952530742,0.004424477927386761,-0.007688489276915789,0.004767389502376318,-8.18798434920609e-05,0.013311400078237057,0.0014969140756875277
2024-04-28,0.008166567422449589,0.0016726974863559008,-0.004873348865658045,-1.6203412087634206e-06,-0.004829520359635353,-0.012181730940937996,9.053382382262498e-05,0.002224190393462777,-0.015812531113624573,-0.004263871815055609,0.0086356271058321,-0.0073362477123737335,-0.0006750348256900907,-0.001714579644612968,0.014782479032874107,0.019283968955278397,0.017397059127688408,0.031220177188515663,0.006746015045791864,0.002540143672376871,0.00935291312634945,-0.02402448281645775,0.004424477927386761,-0.008298913948237896,0.004453645553439856,0.0025610364973545074,0.002169355982914567,-0.0004982866230420768
2024-05-05,0.0016214997740462422,-0.0005568937631323934,-0.0027966725174337626,-0.0002538328990340233,-0.004829520359635353,0.0014091674238443375,0.000547005794942379,0.002224190393462777,0.0019615660421550274,0.0022769735660403967,0.008120415732264519,-0.024840276688337326,-0.007467844057828188,0.008149691857397556,0.016310231760144234,-0.005777984391897917,0.01791759952902794,0.031091555953025818,0.00911291316151619,0.018205061554908752,-8.157347474480048e-05,0.013284748420119286,0.004424477927386761,-0.012645821087062359,0.004767389502376318,-8.18798434920609e-05,-0.00847154762595892,0.001027547987177968
2024-05-12,0.0016214997740462422,-0.013164742849767208,-0.004873348865658045,0.0003628180711530149,-0.005153290927410126,0.015762794762849808,0.000547005794942379,2.5911431293934584e-06,0.0074338121339678764,0.0037241061218082905,0.009604654274880886,-0.03532221168279648,-0.007388032041490078,-0.0001850434491643682,0.016310231760144234,-0.005777984391897917,0.017019277438521385,0.031091555953025818,0.005481861066073179,0.006884515751153231,0.007998625747859478,0.00139139243401587,0.004424477927386761,0.001955560874193907,0.004767389502376318,-8.18798434920609e-05,0.002169355982914567,6.460136501118541e-05
2024-05-19,0.0015683871461078525,-0.0005568937631323934,-0.004873348865658045,0.002014470985159278,-0.004829520359635353,-0.006892978213727474,0.0003290152526460588,0.002224190393462777,0.0081277871504426,7.031059067230672e-05,0.008120415732264519,-0.030810369178652763,-0.007459431421011686,0.01449364610016346,0.011758275330066681,0.002870099386200309,0.007134978659451008,0.031091555953025818,0.005078551359474659,0.002226396929472685,0.007998625747859478,0.0005096046952530742,0.004424477927386761,-0.014547153376042843,0.005271899979561567,-8.18798434920609e-05,0.002169355982914567,-0.007562362123280764
2024-05-26,0.008166567422449589,0.0016726974863559008,-0.004873348865658045,-0.0002538328990340233,-0.004829520359635353,-0.012181730940937996,-0.016208695247769356,-0.0005752272554673254,-0.015191080048680305,0.0011773396981880069,0.009604654274880886,-0.04238311946392059,-0.007689199410378933,-0.001714579644612968,0.014782479032874107,0.0015833611832931638,0.0014026620192453265,0.03026108630001545,-0.00020239486184436828,0.002540143672376871,0.007998625747859478,0.0005096046952530742,0.004424477927386761,-0.00487953657284379,0.007039571180939674,-8.18798434920609e-05,0.002169355982914567,-0.0004982866230420768
2024-06-02,-0.005330151878297329,0.009970386512577534,-0.004873348865658045,-0.004981132689863443,-0.005153290927410126,0.0014091674238443375,-0.0001274568639928475,-0.0005752272554673254,-0.0016403215704485774,0.0018976094434037805,0.009604654274880886,-0.04496866837143898,-0.007689199410378933,-0.001714579644612968,0.022955775260925293,-0.007976246997714043,-0.0010621151886880398,0.031091555953025818,-0.00020239486184436828,0.007279524579644203,0.007998625747859478,0.005338834598660469,0.0054777381010353565,-0.00487953657284379,0.004453645553439856,-8.18798434920609e-05,0.002169355982914567,0.001027547987177968
2024-06-09,-0.005330151878297329,0.023043852299451828,-0.004873348865658045,-0.000639593112282455,-0.0035781709011644125,-0.0005078841932117939,0.005485762841999531,-0.002589021809399128,-3.3691234420984983e-05,-0.0006491566891781986,0.009604654274880886,-0.04469151422381401,-0.007689199410378933,-0.001714579644612968,0.0103702861815691,0.004398150835186243,-0.0006889186333864927,0.018400011584162712,-0.00020239486184436828,0.018205061554908752,0.007319004274904728,-0.004478155635297298,0.004424477927386761,-0.007688489276915789,0.004767389502376318,-8.18798434920609e-05,0.002169355982914567,6.460136501118541e-05
2024-06-16,-0.005383263807743788,0.009268911555409431,-0.004873348865658045,-0.0019285848829895258,-0.004829520359635353,-0.0028539591003209352,9.053382382262498e-05,-0.002589021809399128,0.0081277871504426,0.0011773396981880069,0.006393191870301962,-0.04149425029754639,-0.0071283080615103245,-0.0009723550756461918,0.0103702861815691,0.0015833611832931638,-0.00045180896995589137,0.01923048123717308,0.0010015674633905292,0.013465680181980133,0.007998625747859478,-0.004478155635297298,0.004424477927386761,-0.010739773511886597,0.0010363446781411767,-8.18798434920609e-05,0.002169355982914567,-0.0014555618399754167
2024-06-23,-0.005330151878297329,0.007039320655167103,-0.004873348865658045,-0.0002538328990340233,-0.005153290927410126,0.0014091674238443375,0.002410436514765024,-0.0005752272554673254,0.0006628140108659863,-0.0006491566891781986,-0.006963047198951244,-0.04299483448266983,-0.007689199410378933,-0.0013594874180853367,0.0103702861815691,0.0011853607138618827,-7.402461051242426e-05,0.01923048123717308,0.002655522432178259,0.008082111366093159,0.008648370392620564,0.00139139243401587,0.0054777381010353565,-0.012938299216330051,0.004767389502376318,-8.18798434920609e-05,0.002169355982914567,0.00026953016640618443
2024-06-30,0.02785683609545231,0.008701209910213947,-0.0022777030244469643,0.008317282423377037,-0.0006230481085367501,-0.001106920768506825,0.00887272134423256,-0.0009240422514267266,-0.0018004635348916054,0.0029233680106699467,-0.001919784233905375,0.005945992190390825,-0.007237298879772425,-0.0011490863980725408,0.012485850602388382,0.004571942612528801,-0.0009042967576533556,0.011620679870247841,0.0021315363701432943,0.009078913368284702,0.005100619047880173,-0.006667745299637318,0.0034993800800293684,-0.003939223475754261,0.00040019332664087415,1.5114641428226605e-05,0.0019208971643820405,0.0005171630182303488
2024-07-07,0.021863723173737526,0.0026588435284793377,-0.0022777030244469643,-0.0006685415864922106,-0.0006230481085367501,-0.0012813446810469031,0.00887272134423256,-0.002647911896929145,-0.0018004635348916054,0.002987464191392064,0.0004210215120110661,0.005158282816410065,0.0006108880043029785,-0.0011490863980725408,0.011823517270386219,0.0033543831668794155,-0.0009042967576533556,0.011620679870247841,0.0021315363701432943,0.011278502643108368,-0.0003854775568470359,-0.006667745299637318,0.0034993800800293684,0.0010921726934611797,0.00040019332664087415,1.5114641428226605e-05,0.0019208971643820405,0.000876439327839762
2024-07-14,-0.005013457033783197,-0.0005237632431089878,-0.0022777030244469643,-0.0006685415864922106,-0.0006230481085367501,-0.0029632297810167074,0.00887272134423256,-0.002647911896929145,-0.0018004635348916054,0.0016692065401002765,0.009016245603561401,0.004273181315511465,1.0087199370900635e-05,-0.0007252099458128214,0.012485850602388382,-0.004980495199561119,-0.0009042967576533556,0.013126272708177567,0.0021315363701432943,0.011278502643108368,-0.0003854775568470359,-0.006667745299637318,0.0034993800800293684,-0.005225738976150751,0.00040019332664087415,1.5114641428226605e-05,0.0019208971643820405,-0.0002621436142362654
2024-07-21,-0.005013457033783197,-0.0005237632431089878,-0.0006832347135059536,-0.0006685415864922106,-0.0013504131929948926,0.0011706585064530373,0.00887272134423256,-0.002647911896929145,-0.0018004635348916054,0.007322155870497227,0.008385986089706421,0.005344998091459274,0.013068362139165401,0.009004161693155766,0.011823517270386219,0.0040235258638858795,-0.0009042967576533556,0.013126272708177567,0.0039718556217849255,0.009078913368284702,-0.0003854775568470359,-0.00526857003569603,0.0034993800800293684,-0.003939223475754261,0.00040019332664087415,1.5114641428226605e-05,0.0019208971643820405,0.0005171630182303488
2024-07-28,0.021863723173737526,-0.03659781441092491,-0.0010323766618967056,-0.0006685415864922106,-0.0006230481085367501,0.011864791624248028,0.009329095482826233,-0.002647911896929145,-0.0018004635348916054,0.005238609854131937,0.009016245603561401,0.006230099126696587,0.013068362139165401,-0.0017870230367407203,0.012395505793392658,0.005549912806600332,-0.0009042967576533556,0.01371985673904419,0.0025441276375204325,0.011675388552248478,-0.0003854775568470359,-0.007301947567611933,0.0034993800800293684,-0.005225738976150751,-0.0024926364421844482,1.5114641428226605e-05,0.0019208971643820405,0.00020597591355908662
2024-08-04,-0.005013457033783197,-0.0005237632431089878,-0.0010915445163846016,0.005593049805611372,-0.0006230481085367501,-0.0012813446810469031,0.00887272134423256,-0.0009240422514267266,-0.0018004635348916054,0.004592737648636103,0.015276601538062096,-0.00733993761241436,0.013068362139165401,0.007254586089402437,0.00830866489559412,0.004849337972700596,-0.0009042967576533556,0.005478724371641874,0.003286755410954356,0.002486183075234294,-0.0003854775568470359,-0.0007427936070598662,0.0034993800800293684,-0.003939223475754261,0.00040019332664087415,1.5114641428226605e-05,0.0019208971643820405,0.0005171630182303488
2024-08-11,-0.005013457033783197,0.0026588435284793377,0.011842031963169575,-0.003834801958873868,-0.0013504131929948926,-0.0012813446810469031,0.00876122247427702,-0.002647911896929145,-0.0018653256120160222,-0.015621616505086422,0.015276601538062096,-0.00818641483783722,0.013068362139165401,-0.0017870230367407203,0.012194857932627201,-0.00784770492464304,-0.0009042967576533556,0.01024278998374939,0.003480475628748536,-0.016425149515271187,0.005100619047880173,-0.006667745299637318,0.0034993800800293684,-0.003939223475754261,0.00040019332664087415,1.5114641428226605e-05,0.0019208971643820405,0.0005652522086165845
2024-08-18,-0.005013457033783197,-0.0012019748101010919,-0.00026270330999977887,-0.003834801958873868,-0.0006230481085367501,-0.0012813446810469031,0.009329095482826233,-0.002647911896929145,-0.0018004635348916054,-0.014792226254940033,0.015276601538062096,-0.012461190111935139,0.013068362139165401,-0.0017870230367407203,0.0075188749469816685,-0.003148206975311041,-0.0009042967576533556,0.00037843198515474796,0.004694074857980013,-0.019003411754965782,0.005100619047880173,-0.006667745299637318,0.0034993800800293684,-0.003939223475754261,0.00040019332664087415,1.5114641428226605e-05,0.0019208971643820405,-0.0002621436142362654
2024-08-25,-0.005013457033783197,0.0008329803240485489,-0.0006118452292867005,-0.0006685415864922106,-0.0013504131929948926,0.0013928533298894763,0.008345282636582851,-0.0007249329937621951,-0.0018004635348916054,-0.015176840126514435,0.015276601538062096,-0.03190767392516136,0.013068362139165401,-0.0017870230367407203,0.008594167418777943,0.009271442890167236,-0.0009042967576533556,0.01024278998374939,-0.019266562536358833,-0.02384829893708229,0.005100619047880173,-0.006667745299637318,0.004191178362816572,-0.005225738976150751,0.00040019332664087415,1.5114641428226605e-05,0.0019208971643820405,0.0005171630182303488
2024-09-01,0.021863723173737526,0.0008329803240485489,-0.0006710130837745965,-0.0006685415864922106,0.00029355165315791965,0.0013928533298894763,0.008345282636582851,-0.002647911896929145,-0.0018004635348916054,-0.016006233170628548,0.015276601538062096,0.008431759662926197,0.013068362139165401,-0.0017870230367407203,0.01043413020670414,0.004293928388506174,-0.0009042967576533556,0.01024278998374939,0.0016401566099375486,-0.02384829893708229,0.005100619047880173,-0.006667745299637318,0.0034993800800293684,-0.005225738976150751,0.00040019332664087415,1.5114641428226605e-05,0.0019208971643820405,0.00020597591355908662
2024-09-08,0.021863723173737526,-0.019763942807912827,0.012262563221156597,-0.0006685415864922106,-0.0006230481085367501,0.0015672767767682672,0.00887272134423256,-0.002647911896929145,0.007346120662987232,-0.016006233170628548,0.015276601538062096,-0.025462625548243523,0.013068362139165401,-0.0017870230367407203,0.009256500750780106,0.0033543831668794155,-0.003398837521672249,0.01024278998374939,0.003791569033637643,-0.021270036697387695,-0.0003854775568470359,-0.006667745299637318,0.0034993800800293684,-0.011183147318661213,0.00040019332664087415,1.5114641428226605e-05,0.0019208971643820405,0.0005171630182303488
2024-09-15,-0.005013457033783197,-0.0005237632431089878,-0.0006710130837745965,-0.0006685415864922106,0.00029355165315791965,-0.002068868838250637,-0.04320743680000305,-0.0020095843356102705,-0.0018004635348916054,-0.016006233170628548,0.017276223748922348,0.00046889265649951994,0.011816115118563175,-0.0017870230367407203,0.012194857932627201,0.004571942612528801,-0.0024782451801002026,0.011620679870247841,0.004694074857980013,0.00028659406234510243,-0.0003854775568470359,-0.006667745299637318,0.0034993800800293684,-0.003939223475754261,0.00040019332664087415,1.5114641428226605e-05,0.0019208971643820405,0.0005171630182303488
2024-09-22,-0.005013457033783197,0.0008329803240485489,-0.0006710130837745965,-0.0006685415864922106,-0.0004408993700053543,0.00038313420373015106,0.008936336264014244,-0.0009240422514267266,-0.0018004635348916054,-0.016006233170628548,0.017276223748922348,0.00046889265649951994,0.011816115118563175,-0.0017870230367407203,0.008594167418777943,0.0033543831668794155,-0.0016423068009316921,0.01371985673904419,0.0021315363701432943,0.00028659406234510243,0.005100619047880173,-0.008981605991721153,0.0034993800800293684,-0.02053571306169033,0.00040019332664087415,1.5114641428226605e-05,0.0019208971643820405,0.00020597591355908662
2024-09-29,-0.001110481913201511,0.0019621446263045073,0.020031984895467758,-0.004766590893268585,-0.00042123981984332204,0.009137233719229698,-0.015069027431309223,-0.0016035976586863399,-0.00043938992894254625,0.0008694814750924706,0.00876467116177082,0.011981137096881866,0.00042781446245498955,-0.0018386910669505596,0.010233718901872635,0.00121474196203053,-7.855914736865088e-05,0.005886751227080822,0.005312205757945776,0.005354544147849083,0.006162915378808975,0.004047487396746874,0.0033079071436077356,-0.0023499203380197287,0.0008352697477675974,0.00016255480295512825,0.0020982350688427687,0.0004455401503946632
2024-10-06,-0.0010076999897137284,0.0028912590350955725,0.017941594123840332,0.009288274683058262,-0.00042123981984332204,0.00889668706804514,-0.016627522185444832,-0.0006828804616816342,-0.0008885860443115234,0.002154798712581396,0.00876467116177082,0.002789097838103771,0.0001401464396622032,-0.0018386910669505596,0.006563001777976751,0.0028434647247195244,-7.855914736865088e-05,0.012158902361989021,0.005312205757945776,0.010083959437906742,-0.0016054745065048337,0.0029429697897285223,0.0033079071436077356,-0.0023357593454420567,0.0008352697477675974,0.00016255480295512825,0.0020982350688427687,0.0004455401503946632
2024-10-13,0.01931215636432171,0.012300385162234306,0.01762978546321392,-0.004766590893268585,-0.00042123981984332204,0.0006425722967833281,-0.015069027431309223,0.0012657750630751252,-0.0029207353945821524,0.0006690588197670877,0.00876467116177082,0.002789097838103771,0.00042781446245498955,-0.0007516088080592453,0.006563001777976751,0.0003841554862447083,-7.855914736865088e-05,0.0056466530077159405,0.0055844769813120365,0.010083959437906742,-0.0016054745065048337,-0.0003491579554975033,0.0033079071436077356,-0.0023357593454420567,0.0008352697477675974,0.00016255480295512825,-0.0322871059179306,0.0004455401503946632
2024-10-20,-0.0010076999897137284,0.0048569380305707455,0.029017606750130653,-0.007406308781355619,-0.00042123981984332204,-0.004906614311039448,-0.015745434910058975,0.0012657750630751252,-0.0008885860443115234,0.002154798712581396,0.00876467116177082,0.01095525175333023,0.00042781446245498955,-0.0018386910669505596,0.006563001777976751,-0.000864738947711885,-7.855914736865088e-05,0.0056466530077159405,0.0055844769813120365,0.010083959437906742,0.006162915378808975,-0.0003491579554975033,0.0033079071436077356,-0.0023357593454420567,0.01716400496661663,0.00016255480295512825,0.0020982350688427687,0.0004455401503946632
2024-10-27,0.02357264794409275,0.001690169214271009,0.022496415302157402,0.009288274683058262,-0.00042123981984332204,0.0004233589570503682,-0.015632392838597298,0.003321817610412836,-0.0008885860443115234,0.0006690588197670877,0.00876467116177082,0.01095525175333023,0.0001401464396622032,-0.0018386910669505596,0.00722593953832984,0.0030745177064090967,-0.0001906152901938185,0.0056466530077159405,0.006012176629155874,0.010083959437906742,-0.0016054745065048337,-0.0003491579554975033,-0.016338957473635674,-0.0023357593454420567,0.0010611091274768114,0.00016255480295512825,0.0020982350688427687,0.0008033727062866092
2024-11-03,-0.007170349359512329,0.0028912590350955725,0.022496415302157402,-0.004766590893268585,-0.00042123981984332204,0.009137233719229698,-0.015632392838597298,0.003321817610412836,-0.0008885860443115234,0.0010268690530210733,0.00876467116177082,0.005519257392734289,0.005210831295698881,-0.0018386910669505596,0.009424707852303982,0.00121474196203053,-0.0006241441005840898,0.0056466530077159405,0.006012176629155874,0.010813416913151741,-0.0016054745065048337,-0.0003491579554975033,0.0033079071436077356,-0.0023357593454420567,0.0008352697477675974,0.00016255480295512825,0.0020982350688427687,5.6677985412534326e-05
2024-11-10,-0.005295820068567991,0.0048569380305707455,0.022496415302157402,-0.004766590893268585,0.00035237689735367894,0.0004233589570503682,-0.015632392838597298,0.003608851693570614,-0.0008885860443115234,0.002154798712581396,0.00876467116177082,0.010739713907241821,0.00042781446245498955,-0.0018386910669505596,0.008043145760893822,0.0028434647247195244,-7.855914736865088e-05,0.0056466530077159405,0.006012176629155874,0.010813416913151741,-0.0016054745065048337,-0.0003491579554975033,-0.016338957473635674,-0.0023357593454420567,0.006096021272242069,0.00016255480295512825,0.0020982350688427687,0.0004455401503946632
2024-11-17,-0.002456194953992963,0.001361931674182415,0.022496415302157402,-0.004766590893268585,-0.00042123981984332204,0.009137233719229698,-0.01590387150645256,0.0012657750630751252,-0.00043938992894254625,0.0020043898839503527,0.00876467116177082,0.016175707802176476,-0.0023598019033670425,-0.0018386910669505596,0.006563001777976751,0.0003841554862447083,-7.855914736865088e-05,0.005886751227080822,0.006012176629155874,0.010713943280279636,0.002034839941188693,0.0029429697897285223,0.0033079071436077356,-0.0023357593454420567,0.0008352697477675974,-0.006675408687442541,0.0020982350688427687,0.0004455401503946632
2024-11-24,-0.004969462286680937,0.003655847627669573,0.022496415302157402,-0.007406308781355619,-0.0015025977045297623,0.0010361470049247146,-0.015069027431309223,0.0012657750630751252,-0.0008885860443115234,0.0006690588197670877,0.01328060682862997,0.011822350323200226,-0.0023598019033670425,-0.0018386910669505596,0.010233718901872635,0.0028434647247195244,-7.855914736865088e-05,0.0056466530077159405,0.006012176629155874,0.010713943280279636,0.002034839941188693,-0.0003491579554975033,0.0033079071436077356,-0.0023357593454420567,0.0008352697477675974,0.00016255480295512825,0.0020982350688427687,0.0004455401503946632
2024-12-01,0.016309574246406555,0.001690169214271009,0.022496415302157402,-0.0051511432975530624,-0.00042123981984332204,0.0010361470049247146,-0.016016913577914238,0.0012657750630751252,-0.009442973881959915,0.0020043898839503527,0.01328060682862997,0.015199883840978146,-0.0023598019033670425,-0.0018386910669505596,0.00722593953832984,-0.002951930044218898,-7.855914736865088e-05,0.012399001978337765,0.006012176629155874,0.010713943280279636,0.002034839941188693,-0.0003491579554975033,0.0033079071436077356,-0.0023357593454420567,0.0028559451457113028,0.00016255480295512825,0.0020982350688427687,0.0004455401503946632
2024-12-08,-0.005763875786215067,0.0028974285814911127,0.022496415302157402,-0.004766590893268585,-0.00042123981984332204,-0.0018184044165536761,-0.015069027431309223,0.003608851693570614,-0.0008885860443115234,0.0006690588197670877,0.00876467116177082,0.017740784212946892,-0.03568795695900917,-0.0018386910669505596,0.010233718901872635,0.0030745177064090967,-7.855914736865088e-05,0.0056466530077159405,0.009644154459238052,0.010713943280279636,0.005477061029523611,-0.0009858387056738138,0.0033079071436077356,-0.001864066463895142,0.0008352697477675974,0.00016255480295512825,0.0020982350688427687,0.0004455401503946632
2024-12-15,-0.005398602690547705,0.02926185168325901,0.022496415302157402,-0.004766590893268585,0.00035237689735367894,0.000340713799232617,-0.009594570845365524,0.0012657750630751252,-0.0008885860443115234,0.0006690588197670877,0.00876467116177082,0.01720159500837326,-0.0013930948916822672,-0.0018386910669505596,0.008820068091154099,-0.0012018645647913218,-0.0001906152901938185,0.005886751227080822,0.0055844769813120365,0.010891880840063095,0.0063203806057572365,-0.0003491579554975033,0.0033079071436077356,-0.0010042773792520165,0.0008352697477675974,0.00016255480295512825,0.0020982350688427687,0.0004455401503946632
2024-12-22,-0.005398602690547705,-0.01585608348250389,0.01762978546321392,-0.004766590893268585,0.0002188908401876688,-0.0016649317694827914,-0.007436443120241165,0.0012657750630751252,-0.0008885860443115234,0.0008264463976956904,0.00876467116177082,0.01720159500837326,-0.0347212553024292,-0.0018386910669505596,0.007744419854134321,0.0003841554862447083,-0.000736200250685215,-0.0057751634158194065,0.009644154459238052,0.010891880840063095,0.006162915378808975,-0.0003491579554975033,0.0033079071436077356,-0.01138401124626398,0.0008352697477675974,0.00016255480295512825,0.0020982350688427687,0.0008033727062866092
2024-12-29,0.017396610230207443,0.008363892324268818,,-0.00421149143949151,1.6593494365224615e-05,0.0014249871019273996,0.008345973677933216,0.0019007822265848517,-0.001084339339286089,-0.00024566438514739275,0.008492179214954376,0.006890231277793646,0.010442512109875679,-0.0022143484093248844,0.004241351969540119,0.0018122537294402719,-0.000735898211132735,0.010257047601044178,0.010910406708717346,0.009544705040752888,-0.0010771583765745163,0.008943879045546055,0.0031712313648313284,0.002288262825459242,0.0028265262953937054,0.001385103794746101,0.025792425498366356,0.0006852549850009382
2025-01-05,0.017396610230207443,0.004035746678709984,,-0.0029070028103888035,1.6593494365224615e-05,0.006089493166655302,0.009582738392055035,0.0019007822265848517,-0.001084339339286089,0.00132472172845155,0.007806198671460152,0.006890231277793646,0.017042040824890137,0.014932512305676937,-0.0026811028365045786,-0.016153231263160706,8.303126378450543e-05,0.007991629652678967,0.007998579181730747,0.009544705040752888,0.0055323634296655655,0.008402375504374504,-0.03751802816987038,-0.018313566222786903,0.0028265262953937054,0.001385103794746101,0.025328749790787697,0.001071212813258171
2025-01-12,0.017396610230207443,0.010642614215612411,0.001496547949500382,-0.0029070028103888035,0.0006892700912430882,0.010332345962524414,0.009582738392055035,0.0027578684967011213,-0.001684302929788828,0.0013959015486761928,0.006804201286286116,0.0027809813618659973,0.016630783677101135,0.004809491336345673,0.004241351969540119,0.009025359526276588,0.00017321047198493034,0.0063632335513830185,0.007998579181730747,0.009544705040752888,-0.0010771583765745163,0.006786081474274397,0.0031712313648313284,0.002288262825459242,0.0028265262953937054,0.001385103794746101,0.002338388003408909,0.0008001408423297107
2025-01-19,0.017396610230207443,0.011207491159439087,0.004638501908630133,-0.0064424388110637665,1.6593494365224615e-05,0.004561238456517458,0.003364051692187786,0.0044449493288993835,-0.001684302929788828,0.0013959015486761928,0.006804201286286116,0.0007094507454894483,0.017042040824890137,-0.0009196475730277598,0.005840628407895565,-0.013701658695936203,0.00017321047198493034,0.0063632335513830185,0.007998579181730747,0.007455363869667053,-0.0010771583765745163,0.0053586834110319614,0.006154154427349567,0.0004307274939492345,0.00659629562869668,0.001385103794746101,0.002338388003408909,-6.314893835224211e-05
2025-01-26,0.017396610230207443,0.010120091028511524,-0.0002264031209051609,0.010747319087386131,1.6593494365224615e-05,0.004413532558828592,0.00966161023825407,0.0027578684967011213,-0.001084339339286089,0.0031815010588616133,0.005474484991282225,0.0007094507454894483,0.017042040824890137,0.004809491336345673,0.006103902589529753,-0.012027481570839882,0.0003430522046983242,-0.016570061445236206,0.010910406708717346,0.009544705040752888,0.004835571628063917,0.0053586834110319614,0.006154154427349567,0.002288262825459242,0.007957983762025833,0.001385103794746101,0.002338388003408909,-6.314893835224211e-05
2025-02-02,0.017396610230207443,0.003010388230904937,0.008549418300390244,-0.00421149143949151,1.6593494365224615e-05,2.618836151668802e-05,0.002127288840711117,0.0035706576891243458,-0.001975329825654626,0.0011349113192409277,0.005474484991282225,0.0007094507454894483,0.010442512109875679,0.004809491336345673,0.009786010719835758,-0.01962469331920147,-0.0004444703517947346,0.0063632335513830185,0.010465733706951141,0.009821569547057152,-0.0010771583765745163,0.0053586834110319614,0.006154154427349567,0.002288262825459242,0.007957983762025833,0.001385103794746101,0.002338388003408909,-0.00044910667929798365
2025-02-09,0.017396610230207443,0.0016433668788522482,0.0024828671012073755,-0.0029070028103888035,1.6593494365224615e-05,0.011725850403308868,0.00802670605480671,0.0044449493288993835,-0.0025556827895343304,0.00132472172845155,0.006804201286286116,0.0007094507454894483,0.010442512109875679,-0.0009196475730277598,0.006103902589529753,-0.017538772895932198,-0.00047587716835550964,0.007991629652678967,0.009265720844268799,0.014672716148197651,0.007123591843992472,0.0053586834110319614,0.006154154427349567,0.002288262825459242,0.00659629562869668,0.001385103794746101,0.002338388003408909,-6.314893835224211e-05
2025-02-16,0.018782896921038628,0.009555214084684849,-0.006375793367624283,-9.557552402839065e-05,0.0006892700912430882,-0.005303588230162859,0.00802670605480671,0.0044449493288993835,-0.03607499971985817,0.0013959015486761928,0.006118221674114466,0.0007094507454894483,0.010031256824731827,0.004809491336345673,0.005840628407895565,-0.011105876415967941,0.0003430522046983242,0.006712488830089569,0.009265720844268799,0.006634114775806665,-0.0007839066092856228,0.0053586834110319614,0.006154154427349567,0.002288262825459242,0.0028265262953937054,0.001385103794746101,0.002338388003408909,-0.0003342209674883634
2025-02-23,0.013379687443375587,0.011207491159439087,-0.004836074076592922,-0.0036310129798948765,-0.009831738658249378,-0.010858774185180664,0.011074021458625793,0.0044449493288993835,-0.037868667393922806,0.00132472172845155,0.007806198671460152,0.0007094507454894483,0.016630783677101135,0.004809491336345673,0.0038262740708887577,-0.019791511818766594,0.0003430522046983242,0.006712488830089569,0.009775049984455109,0.005702681373804808,-0.0007839066092856228,0.0053586834110319614,0.0031712313648313284,0.002288262825459242,0.0028265262953937054,0.001385103794746101,0.002338388003408909,-0.0003342209674883634
2025-03-02,0.013379687443375587,0.0025336132384836674,-0.004836074076592922,-0.0008991096401587129,0.00027072534430772066,0.0043346756137907505,0.01373857632279396,0.0027578684967011213,-0.037868667393922806,0.0013959015486761928,0.006804201286286116,0.0007094507454894483,0.017042040824890137,-0.0009196475730277598,0.04184703901410103,-0.01079309731721878,0.0003430522046983242,0.0063632335513830185,0.007998579181730747,0.0065239304676651955,-0.0007839066092856228,0.0053586834110319614,0.0031712313648313284,0.002288262825459242,0.002060751197859645,0.001385103794746101,0.002338388003408909,-0.0003342209674883634
2025-03-09,0.014658866450190544,0.0024455117527395487,-0.004836074076592922,-0.0008991096401587129,-0.0013537108898162842,-0.005758169572800398,0.009579513221979141,0.0044449493288993835,-0.037868667393922806,0.0013959015486761928,0.006804201286286116,0.0007094507454894483,0.017042040824890137,-0.0009196475730277598,0.0038262740708887577,-0.013352316804230213,0.0003430522046983242,0.0063632335513830185,0.007998579181730747,0.0065239304676651955,0.0019197341753169894,0.0053586834110319614,0.0031712313648313284,0.002288262825459242,0.0028265262953937054,0.001385103794746101,0.002338388003408909,0.0008001408423297107
2025-03-16,0.014658866450190544,0.00947444885969162,-0.004836074076592922,-0.0022035976871848106,-0.0013537108898162842,-0.0031166865956038237,0.003781083971261978,0.0027578684967011213,-0.037868667393922806,-0.0006834527011960745,0.007162461988627911,0.0007094507454894483,0.017042040824890137,-0.0009196475730277598,0.010037222877144814,-0.012807647697627544,0.0003430522046983242,0.006712488830089569,0.007998579181730747,-0.004814752843230963,0.007064844947308302,0.006974979769438505,0.0031712313648313284,0.002288262825459242,0.0028265262953937054,0.001385103794746101,0.002338388003408909,0.001071212813258171
2025-03-23,0.014658866450190544,0.009555214084684849,-0.004836074076592922,-0.0008991096401587129,-0.0013537108898162842,-0.0037412589881569147,0.003781083971261978,0.0044449493288993835,-0.037868667393922806,0.0013959015486761928,0.008492179214954376,0.0007094507454894483,0.017042040824890137,-0.0008355273166671395,0.006103902589529753,-0.02012028731405735,0.0003430522046983242,0.006712488830089569,0.007998579181730747,-0.004814752843230963,0.005305918399244547,0.0053586834110319614,0.0031712313648313284,0.002288262825459242,0.002060751197859645,0.001385103794746101,0.002338388003408909,0.0006104809581302106
2025-03-30,0.004746564198285341,0.002880520187318325,-0.004836074076592922,0.007321189623326063,0.00046208954881876707,-0.005018309690058231,0.007868101820349693,0.0028839493170380592,-0.017803076654672623,0.0037676403298974037,0.007191730197519064,-0.0004598328669089824,0.003412357997149229,-0.0010882228380069137,0.005468057934194803,0.003027596976608038,0.0009161251946352422,0.009328915737569332,0.006032826844602823,-0.0024346872232854366,0.0027335176710039377,-0.0004560476227197796,0.0031534789595752954,0.042781762778759,0.0019498333567753434,0.0014640666777268052,0.0024650476407259703,0.0008058140520006418
2025-04-06,0.004746564198285341,-0.0002703073259908706,-0.004836074076592922,-0.0026024747639894485,0.00046208954881876707,-0.009133392944931984,0.009426148608326912,0.003967832308262587,-0.017516380175948143,-0.03449072316288948,0.007191730197519064,-0.0004598328669089824,0.003412357997149229,0.010964090004563332,0.009523254819214344,0.009630699642002583,0.00015086293569765985,0.004137373063713312,0.006032826844602823,-0.00028480583569034934,0.002837391337379813,-0.0004560476227197796,0.0031534789595752954,-0.0006468167412094772,0.0019498333567753434,0.0014640666777268052,0.0024650476407259703,0.0005059782997705042
2025-04-13,0.004746564198285341,-0.00044724380131810904,-0.00023703656916040927,-0.004529453348368406,0.00046208954881876707,-0.005018309690058231,0.008636214770376682,0.003967832308262587,-0.013273612596094608,-0.0014595466200262308,0.007191730197519064,-0.0004598328669089824,0.003412357997149229,-0.0010882228380069137,0.005267906002700329,0.0012694387696683407,0.0010610608151182532,-0.015199652872979641,0.009661700576543808,-0.00028480583569034934,0.0018744624685496092,-0.0004560476227197796,0.0031534789595752954,-0.0006468167412094772,0.0018402227433398366,0.0014640666777268052,0.0024650476407259703,0.008236408233642578
2025-04-20,0.004746564198285341,-0.0004421612829901278,-0.003569621592760086,-0.0012797558447346091,-0.0005419753724709153,-0.006622687913477421,0.0048058489337563515,0.0028839493170380592,-0.001305420184507966,-0.00617179274559021,0.007191730197519064,-0.0004598328669089824,0.003412357997149229,-0.0010882228380069137,0.014322937466204166,0.01441238634288311,0.0026189847849309444,0.004137373063713312,0.009661700576543808,-0.00028480583569034934,0.0018744624685496092,-0.0004560476227197796,0.0031534789595752954,-0.0004147002473473549,0.0007928910199552774,0.0014640666777268052,0.013754461891949177,-0.0009445613250136375
2025-04-27,0.004746564198285341,0.004710139706730843,-0.003569621592760086,-0.004529453348368406,0.06972693651914597,-0.005596709903329611,0.0056992038153111935,0.0028839493170380592,-0.001305420184507966,0.004396337084472179,0.007191730197519064,-0.0004598328669089824,0.003412357997149229,0.010964090004563332,0.00734497606754303,-0.012275418266654015,0.00048649386735633016,-0.018349425867199898,0.006032826844602823,0.017542069777846336,0.005048804916441441,-0.0004560476227197796,-0.03212125226855278,-0.0006468167412094772,0.0007928910199552774,0.0014640666777268052,0.0024650476407259703,0.0013131636660546064
2025-05-04,0.004746564198285341,0.003670914564281702,0.006764709949493408,0.003011957975104451,0.00046208954881876707,-0.0009071428794413805,0.0009365584701299667,-0.00140412338078022,-0.001305420184507966,0.0026211070362478495,0.007191730197519064,-0.0004598328669089824,0.0026715730782598257,-0.0010882228380069137,0.005267906002700329,0.010260057635605335,0.00208541308529675,-0.008216597139835358,0.007134854327887297,0.011596505530178547,0.005448673851788044,0.0006077895523048937,-0.03212125226855278,-0.0018620112678036094,0.0019498333567753434,0.0007802381878718734,0.03944507613778114,0.0005059782997705042
2025-05-11,0.004746564198285341,0.005613130982965231,0.0005918532842770219,-0.0058521730825304985,-0.0005419753724709153,0.008286619558930397,0.0048058489337563515,0.0028839493170380592,-0.001305420184507966,0.004183238837867975,0.007191730197519064,-0.0004598328669089824,0.003412357997149229,-0.0010882228380069137,0.009523254819214344,-0.004120808560401201,-0.002990811364725232,-0.00027000062982551754,0.010763723403215408,-0.00012885348405689,0.008751421235501766,0.0006077895523048937,-0.03212125226855278,-0.0018620112678036094,0.0019498333567753434,0.0007802381878718734,0.03944507613778114,0.0008058140520006418
2025-05-18,0.004746564198285341,-0.02483276277780533,0.0036083152517676353,-0.0012797558447346091,0.00046208954881876707,-0.0008872576290741563,0.0027164104394614697,0.0028839493170380592,-0.001305420184507966,2.392255555605516e-05,0.007191730197519064,-0.0004598328669089824,0.003412357997149229,-0.0010882228380069137,0.023213274776935577,0.0030822884291410446,-0.0039010089822113514,-0.0010074116289615631,0.010763723403215408,0.012905478477478027,0.002678041812032461,0.0006435156683437526,-0.03212125226855278,-0.0018620112678036094,0.0019498333567753434,0.0014640666777268052,0.0024650476407259703,0.0006285266135819256
2025-05-25,0.004746564198285341,0.026998918503522873,0.0036083152517676353,-0.0012797558447346091,0.00046208954881876707,0.003802309278398752,-0.001539390068501234,0.0028839493170380592,-0.001305420184507966,0.005678289104253054,0.007191730197519064,-0.0004598328669089824,0.003412357997149229,-0.0010882228380069137,0.014322937466204166,0.0008334066951647401,-4.7078261559363455e-05,-0.005668535362929106,0.011724774725735188,0.0005091953789815307,0.002678041812032461,-0.0004560476227197796,-0.03212125226855278,-0.0018620112678036094,0.0019498333567753434,0.0014640666777268052,0.0024650476407259703,0.0006285266135819256
2025-06-01,0.004746564198285341,0.0027730055153369904,0.014415132813155651,-0.0012797558447346091,0.0008425325504504144,0.008286619558930397,0.0008085908484645188,0.0028839493170380592,0.0005182125023566186,0.0016956077888607979,-0.015390275977551937,0.0016244910657405853,0.003412357997149229,-0.0010882228380069137,0.014322937466204166,-0.0027255183085799217,0.0005274887080304325,-0.0026831210125237703,0.009661700576543808,-0.00012885348405689,0.011099740862846375,-0.0004560476227197796,-0.03212125226855278,-0.0018620112678036094,0.0019498333567753434,0.0014640666777268052,0.0024650476407259703,0.0005059782997705042
2025-06-08,0.007575857453048229,-0.00021538356668315828,-0.00011757532774936408,-0.0012797558447346091,0.00046208954881876707,0.008286619558930397,0.0008085908484645188,0.0028839493170380592,-0.001305420184507966,0.0020225427579134703,-0.01424375083297491,-0.0004598328669089824,0.003412357997149229,-0.0010882228380069137,0.005267906002700329,0.0030822884291410446,-0.006382846739143133,-0.004118364304304123,0.009661700576543808,0.009182857349514961,-0.020769214257597923,-0.0004560476227197796,-0.03212125226855278,-0.0018620112678036094,0.0019498333567753434,0.0007802381878718734,0.0024650476407259703,0.0005059782997705042
2025-06-15,0.007575857453048229,0.00266501703299582,0.014534594491124153,-0.004529453348368406,0.00046208954881876707,-0.0008872576290741563,0.0008085908484645188,-0.00140412338078022,-0.004549919627606869,0.0007440460612997413,-0.014049574732780457,-0.0004598328669089824,0.003412357997149229,-0.0010882228380069137,0.00734497606754303,0.0008334066951647401,-0.007936406880617142,-0.0026831210125237703,0.00696518924087286,0.016396621242165565,-0.020769214257597923,-0.0004560476227197796,-0.03212125226855278,-0.0018620112678036094,0.0019498333567753434,0.0007802381878718734,0.0024650476407259703,0.0006285266135819256
2025-06-22,0.007575857453048229,0.0047152223996818066,0.0036083152517676353,-0.001081037800759077,-0.000922418141271919,0.003802309278398752,0.0009365584701299667,0.0028839493170380592,-0.001305420184507966,0.004183238837867975,0.00699755409732461,-0.00035133928759023547,0.003412357997149229,-0.0010882228380069137,0.005468057934194803,0.00167034100741148,-0.007936406880617142,-0.006626924034208059,0.006587807554751635,0.0028050513938069344,0.003272721078246832,-0.0004560476227197796,-0.03212125226855278,-0.001629894832149148,0.0019498333567753434,0.0014640666777268052,0.0024650476407259703,0.0035825963132083416
2025-06-29,0.004891995340585709,0.004004340618848801,0.004317744635045528,0.0012870223727077246,-0.0004904601955786347,-0.004124599974602461,0.0015571118565276265,0.01598527655005455,-0.001538699259981513,-0.04608960822224617,0.006901938933879137,0.0005954348016530275,0.004123384598642588,-0.0007735672406852245,0.008505218662321568,0.0032108062878251076,-0.0022196632344275713,-0.005462623201310635,0.007023705169558525,-0.005782785825431347,0.00344591261819005,-1.4594281310564838e-05,-0.01861427165567875,-0.000923129846341908,0.0007986317505128682,0.0030021872371435165,0.04384274408221245,0.001203162712045014
2025-07-06,0.005953541025519371,0.006482783704996109,0.0036083152517676353,0.03289242833852768,-0.0004904601955786347,-0.01021276693791151,0.0005555226234719157,0.03595242276787758,0.0004904907546006143,0.007920975796878338,0.006901938933879137,-0.001125984126701951,0.004123384598642588,-0.00042024996946565807,0.010011033155024052,0.0189175084233284,-0.0022196632344275713,-0.016840867698192596,0.01008808333426714,-0.006281676702201366,0.00344591261819005,-1.4594281310564838e-05,0.0032544725108891726,-0.000923129846341908,0.010724630206823349,0.0030021872371435165,0.002824837574735284,0.0012266564881429076
2025-07-13,0.006287570111453533,0.003012083936482668,0.004257032182067633,0.028232984244823456,-0.0004904601955786347,0.0018435991369187832,0.0017690464155748487,0.01598527655005455,0.0004904907546006143,0.00526359211653471,0.006901938933879137,-0.001125984126701951,0.004123384598642588,-0.0007735672406852245,0.008043285459280014,0.017011530697345734,-0.0022196632344275713,-0.003963193390518427,0.011618207208812237,0.0004582306428346783,-0.008054357022047043,0.0008728269021958113,-0.01861427165567875,-0.000923129846341908,0.0016830724198371172,0.0030021872371435165,0.002824837574735284,-0.02497568354010582
2025-07-20,0.006287570111453533,0.0037494562566280365,-0.007874074392020702,0.0006128898821771145,-0.0004904601955786347,-0.0018230834975838661,0.00031661780667491257,0.03595242276787758,0.0030221089255064726,0.0026953062042593956,-0.002641861792653799,-0.001125984126701951,0.004123384598642588,-0.0007735672406852245,0.01047296542674303,-0.0030307862907648087,-1.6589227016083896e-05,-0.006061804015189409,0.01008808333426714,0.017495984211564064,0.0014038821682333946,-1.4594281310564838e-05,-0.002646162174642086,-0.000923129846341908,0.0016830724198371172,0.0030021872371435165,0.04384274408221245,0.00026111493934877217
2025-07-27,0.006287570111453533,-0.02243783511221409,-0.0013476958265528083,-0.002617464866489172,-0.00023719696037005633,-0.006701906677335501,0.0017690464155748487,0.03595242276787758,-0.00653450470417738,0.006641702260822058,0.025777174159884453,-0.005016153212636709,0.001985568320378661,0.010671461932361126,0.008955358527600765,0.03751605004072189,-0.0022196632344275713,-0.005462623201310635,0.007921423763036728,-0.003273250535130501,0.006930533330887556,0.0008728269021958113,-0.002646162174642086,-0.00010205870057689026,0.005887339357286692,0.0030021872371435165,0.034004297107458115,-0.003695201128721237
2025-08-03,0.006287570111453533,0.01070934534072876,0.0008624974871054292,-0.0004620010731741786,-0.00284694810397923,0.006385544780641794,0.0015571118565276265,0.03595242276787758,-0.011837492696940899,0.008975313045084476,0.00775505043566227,-0.0042801289819180965,-0.015238605439662933,-0.0008273798739537597,0.008043285459280014,0.0007609332096762955,-1.6589227016083896e-05,-0.006274465937167406,-0.03529113158583641,-0.006281676702201366,0.0014038821682333946,-0.028646333143115044,-0.002646162174642086,-0.010361220687627792,0.004921466112136841,0.0030021872371435165,0.03214983642101288,0.0012266564881429076
2025-08-10,0.006287570111453533,0.011018475517630577,-0.007168692070990801,0.014063787646591663,-0.0004904601955786347,0.006385544780641794,0.0017690464155748487,0.03595242276787758,-0.01661672070622444,0.0074536423198878765,0.024473367258906364,-0.001125984126701951,-0.015238605439662933,-0.0013997063506394625,0.07331309467554092,0.007321851793676615,-1.6589227016083896e-05,-0.006274465937167406,-0.03529113158583641,-0.0069342609494924545,-0.008054357022047043,0.008200121112167835,-0.002646162174642086,0.0009241834632121027,0.0016830724198371172,0.003539914498105645,-0.028819004073739052,0.0012266564881429076
2025-08-17,0.006287570111453533,0.011214160360395908,-0.0025165576953440905,-0.0024271563161164522,-0.0004904601955786347,0.0009681348456069827,0.0015571118565276265,0.01598527655005455,-0.019480854272842407,0.008801891468465328,-0.014411648735404015,0.011318761855363846,-0.009053037501871586,3.3692344004521146e-05,0.008043285459280014,0.008993394672870636,-0.0022196632344275713,-0.006274465937167406,-0.03529113158583641,-0.006281676702201366,0.006472329143434763,-1.4594281310564838e-05,0.0032544725108891726,-0.0015739422524347901,0.0016830724198371172,0.003539914498105645,-0.03888121247291565,0.0012266564881429076
2025-08-24,0.006287570111453533,0.006791913881897926,-0.0023612771183252335,-0.004247442353516817,-0.0004904601955786347,0.001779525657184422,0.0008217967697419226,0.03595242276787758,-0.019480854272842407,0.0074536423198878765,0.007843729108572006,-0.001125984126701951,-0.015238605439662933,0.010671461932361126,0.010011033155024052,0.003057554829865694,-0.0022196632344275713,-0.006274465937167406,-0.035665348172187805,-0.003772140946239233,0.007846683263778687,0.000768177502322942,0.0032544725108891726,0.0070125628262758255,0.006580748129636049,0.003539914498105645,0.01741073466837406,0.00026111493934877217
2025-08-31,0.006287570111453533,0.014875562861561775,-0.002718996489420533,-0.004471615422517061,-0.0004904601955786347,-0.0013333820970728993,0.0015571118565276265,0.03595242276787758,-0.019480854272842407,0.0074536423198878765,-0.00217258557677269,-0.005016153212636709,-0.015238605439662933,-0.0007735672406852245,0.008043285459280014,0.008778152987360954,-0.0022196632344275713,-0.006274465937167406,-0.035665348172187805,-0.006281676702201366,0.00344591261819005,0.0008728269021958113,0.0032544725108891726,-0.000457474438007921,0.0016830724198371172,0.003539914498105645,0.0009703807882033288,0.00026111493934877217
2025-09-07,0.006287570111453533,0.011018475517630577,-0.001967992866411805,-0.002100166631862521,-0.00284694810397923,-0.004124599974602461,0.0015571118565276265,0.03595242276787758,-0.019480854272842407,0.0074536423198878765,-0.00217258557677269,-0.001125984126701951,-0.01997831091284752,-0.0007735672406852245,0.008043285459280014,0.013362966477870941,-9.336505172541365e-05,-0.0056752851232886314,-0.035665348172187805,-0.006281676702201366,-0.007401099894195795,-1.4594281310564838e-05,0.0032544725108891726,-0.000457474438007921,0.006580748129636049,0.003539914498105645,0.0009703807882033288,0.00026111493934877217
2025-09-14,0.006287570111453533,0.011214160360395908,-0.0002925358712673187,-0.0022822876926511526,-0.002378887962549925,0.001779525657184422,0.0016323956660926342,0.03595242276787758,-0.019480854272842407,0.0074536423198878765,-0.003985732328146696,-0.001125984126701951,-0.015238605439662933,-0.0007735672406852245,0.008043285459280014,0.005997850093990564,-9.336505172541365e-05,-0.0056752851232886314,-0.035665348172187805,-0.004065421409904957,0.00344591261819005,0.0008728269021958113,0.0032544725108891726,-0.000457474438007921,0.0007986317505128682,0.003539914498105645,0.002824837574735284,0.001768597518093884
2025-09-21,0.006287570111453533,0.011018475517630577,-0.0006502553005702794,-0.0004620010731741786,-0.0004904601955786347,0.0009681348456069827,0.002848647302016616,0.03595242276787758,-0.019480854272842407,0.0074536423198878765,-0.006323646754026413,-0.001125984126701951,-0.015238605439662933,-0.0007735672406852245,0.0085403798148036,0.014825964346528053,-9.336505172541365e-05,-0.006274465937167406,-0.035665348172187805,-0.0011022104881703854,0.001950858742929995,-1.4594281310564838e-05,0.0032544725108891726,-0.000457474438007921,0.0016830724198371172,0.003539914498105645,0.00916329212486744,0.00026111493934877217
2025-09-28,0.0024453066289424896,0.011003617197275162,-0.002718996489420533,0.0008471791516058147,0.0009895231341943145,0.002599274041131139,-0.002561283763498068,0.006053488235920668,-0.0029345708899199963,0.0016600214876234531,-0.009267316199839115,-0.00046497737639583647,-0.0020451329182833433,0.01384812593460083,0.006770719308406115,0.015161221846938133,0.005673318635672331,-0.0007570266607217491,0.004070802126079798,0.009988656267523766,0.011951643042266369,0.0006231771549209952,0.003164809662848711,-0.0006556194857694209,0.0012919099535793066,0.004362490493804216,0.0030041313730180264,0.0071843285113573074
2025-10-05,0.0024453066289424896,0.009433358907699585,0.005312192719429731,0.0008471791516058147,0.0009895231341943145,0.0009779395768418908,0.0014656843850389123,0.006053488235920668,-0.0029345708899199963,0.0011178675340488553,0.007218771148473024,-0.0009696462075226009,-0.0020451329182833433,-0.00012329393939580768,0.014404536224901676,0.015161221846938133,0.005673318635672331,0.00035050843143835664,0.00497140409424901,0.009988656267523766,0.008731448091566563,0.003012283705174923,0.003164809662848711,-0.0006556194857694209,0.0018611360574141145,0.004362490493804216,-0.011801817454397678,0.0007489909767173231
2025-10-12,0.0024453066289424896,0.009433358907699585,-0.0028117706533521414,-0.0019662645645439625,-0.0009770047618076205,0.002599274041131139,0.0014656843850389123,0.005285258870571852,-0.0029345708899199963,0.0011178675340488553,0.004875931888818741,-0.0009696462075226009,-0.005730588920414448,-0.00012329393939580768,-0.013894923031330109,0.01557040773332119,0.005673318635672331,-0.0007570266607217491,0.00508887367323041,0.02344566583633423,0.004033687524497509,0.0006231771549209952,0.003164809662848711,0.004992562346160412,0.0016315281391143799,0.004362490493804216,0.0030041313730180264,0.0007489909767173231
2025-10-19,0.0024453066289424896,0.011001634411513805,0.012144047766923904,0.0008471791516058147,0.0009895231341943145,-0.0007084676180966198,0.0014656843850389123,0.006053488235920668,-0.0029345708899199963,0.0029282975010573864,0.005150181241333485,-0.0009696462075226009,-0.01073693111538887,0.01384812593460083,-0.013894923031330109,0.019428614526987076,0.005673318635672331,-0.0007570266607217491,0.00508887367323041,0.009988656267523766,0.0018557225121185184,0.003012283705174923,0.003164809662848711,-0.0006556194857694209,0.0018611360574141145,0.004857175517827272,0.0030041313730180264,0.0007489909767173231
2025-10-26,0.0024453066289424896,0.014791155233979225,-0.006530227605253458,-0.0019662645645439625,0.0009895231341943145,0.0022543235681951046,0.0023183946032077074,0.005285258870571852,-0.0029345708899199963,0.0018926485208794475,0.004875931888818741,-0.0009696462075226009,-0.01073693111538887,0.02218318171799183,0.00945255346596241,0.0003095564024988562,0.007763945031911135,-0.0007570266607217491,0.010993964970111847,0.009988656267523766,-0.018379870802164078,-0.03565628454089165,0.003164809662848711,-0.0006556194857694209,0.001754197059199214,0.004857175517827272,0.0030041313730180264,0.0027529492508620024
2025-11-02,0.0024453066289424896,-0.005006611812859774,-0.002187749370932579,-0.0025032300036400557,0.0009895231341943145,0.002599274041131139,0.00038044259417802095,0.005285258870571852,-0.0029345708899199963,0.012919200584292412,0.004875931888818741,-0.0009696462075226009,-0.005192031152546406,-0.00012329393939580768,0.006770719308406115,-0.0011009698500856757,0.00998285599052906,-0.0007570266607217491,0.010993964970111847,0.011101515032351017,0.0079240333288908,-0.039625804871320724,0.003164809662848711,0.016738006845116615,0.001754197059199214,0.004857175517827272,0.0030041313730180264,0.0007489909767173231
2025-11-09,0.0024453066289424896,0.01295538805425167,-0.0015664998209103942,0.007017615716904402,0.0009895231341943145,-0.0008786997059360147,0.000986620201729238,0.006053488235920668,-0.0029345708899199963,0.0019576854538172483,0.004875931888818741,-0.0009696462075226009,-0.0073541211895644665,-0.00012329393939580768,0.014404536224901676,-0.006707056425511837,0.007784154731780291,-0.000534318620339036,0.00497140409424901,0.011012931354343891,-0.0018991545075550675,-0.03565628454089165,0.003164809662848711,-0.0006556194857694209,0.0015245885588228703,0.004857175517827272,0.0030041313730180264,0.0007489909767173231
2025-11-16,0.0024453066289424896,0.016291389241814613,-0.0017395280301570892,-0.0036638008896261454,-0.001042633899487555,0.0022543235681951046,0.0014656843850389123,0.006053488235920668,-0.0029345708899199963,-0.00031692523043602705,0.004875931888818741,-0.0009696462075226009,-0.008877486921846867,-0.00012329393939580768,0.00945255346596241,0.0014115426456555724,0.010655046440660954,-0.0007570266607217491,0.00508887367323041,0.011012931354343891,0.0079240333288908,-0.03565628454089165,0.003164809662848711,-0.0006556194857694209,0.001754197059199214,0.004857175517827272,0.0030041313730180264,0.00918828696012497
2025-11-23,0.0024453066289424896,0.016531838104128838,-0.0017395280301570892,-0.0013245826121419668,-0.0009770047618076205,-0.0007084676180966198,0.0014656843850389123,0.006053488235920668,-0.0029345708899199963,0.0020493916235864162,0.004875931888818741,-0.0009696462075226009,-0.008877486921846867,-0.00012329393939580768,0.008679226972162724,0.008164308033883572,0.006491458974778652,-0.0007570266607217491,0.00508887367323041,0.011012931354343891,0.009225687943398952,-0.039625804871320724,0.003164809662848711,-0.0006556194857694209,0.001754197059199214,0.004857175517827272,0.0030041313730180264,0.0007489909767173231
2025-11-30,0.0024453066289424896,0.01319583784788847,0.010183686390519142,-0.0016003840137273073,0.0009895231341943145,0.0022543235681951046,0.0014656843850389123,0.006053488235920668,-0.0029345708899199963,0.0025915454607456923,-0.0012502504978328943,-0.0009696462075226009,-0.013883829116821289,-0.00012329393939580768,0.015315989963710308,0.007738317828625441,0.006491458974778652,-0.011278798803687096,0.00508887367323041,0.011012931354343891,0.005436623003333807,-0.039625804871320724,0.003164809662848711,-0.0006556194857694209,0.001184970373287797,0.004857175517827272,0.0030041313730180264,0.0007489909767173231
2025-12-07,0.0024453066289424896,0.023544833064079285,-0.0055267843417823315,-0.0063646878115832806,0.0009895231341943145,0.002599274041131139,0.0014656843850389123,0.006053488235920668,-0.0029345708899199963,0.0020493916235864162,-0.004514504224061966,-0.0009696462075226009,-0.013883829116821289,-0.00012329393939580768,0.0098083121702075,-0.00012060182052664459,0.007681204937398434,-0.0008202033350244164,0.008216146379709244,0.011012931354343891,0.0055436366237699986,-0.03565628454089165,0.003164809662848711,0.0020269507076591253,0.001754197059199214,0.004857175517827272,0.0030041313730180264,0.0071843285113573074
2025-12-14,0.0024453066289424896,0.032945360988378525,-0.0015664998209103942,-0.0010634188074618578,0.0009895231341943145,-0.0020143603906035423,0.0014656843850389123,0.006053488235920668,0.002064148196950555,0.0032710148952901363,-0.01450090017169714,-0.0009696462075226009,-0.005192031152546406,-0.00012329393939580768,0.008679226972162724,0.0041251773945987225,0.006001976318657398,-0.0007570266607217491,0.01399001944810152,0.011012931354343891,0.0055436366237699986,-0.03565628454089165,0.003164809662848711,-0.0006556194857694209,0.0018611360574141145,0.004857175517827272,0.0030041313730180264,0.0007489909767173231
2025-12-21,0.0024453066289424896,0.032826997339725494,-0.0017395280301570892,-0.0010634188074618578,0.0009895231341943145,0.0022543235681951046,0.0014656843850389123,0.006053488235920668,-0.0033561463933438063,0.003859821008518338,0.003132294397801161,-0.0009696462075226009,-0.0070138778537511826,0.01384812593460083,0.015315989963710308,0.009665478952229023,0.0055655366741120815,-0.0007570266607217491,0.009568998590111732,0.01596948876976967,0.00746217742562294,-0.03565628454089165,0.003164809662848711,-0.00384972314350307,0.0018611360574141145,0.004857175517827272,0.0030041313730180264,0.0007489909767173231
